unOrig,unVia,unDest,orig,via,dest,dischargePort,scacCode,carrierName,contractNumber,rateType,amendmentNumber,effectiveDate,expirationDate,updateTime,40FT,40HC,DTHC40FT,DTHC40HC,ALLIN40FT,ALLIN40HC
USCHS,USCHS,AEJEA,"Charleston, SC, USCHS","Charleston, SC, USCHS","Jebel Ali, , AEJEA",CNSHA,YMJA,YML,51625,DRY,9,4/23/2026,5/15/2026,5/11/2026 4:10,2672,2672,235.27,235.27,2907.27,2907.27
USCHS,USCHS,AEJEA,"Charleston, SC, USCHS","Charleston, SC, USCHS","Jebel Ali, , AEJEA",CNNBG,YMJA,YML,51625,DRY,9,4/23/2026,5/15/2026,5/11/2026 4:10,2672,2672,235.27,235.27,2907.27,2907.27
USCHS,USCHS,AEJEA,"Charleston, SC, USCHS","Charleston, SC, USCHS","Jebel Ali, , AEJEA",CNNBG,YMJA,YML,51625,DRY,9,5/16/2026,6/30/2026,5/11/2026 4:10,2806,2806,235.27,235.27,3041.27,3041.27
USCHS,USCHS,AEJEA,"Charleston, SC, USCHS","Charleston, SC, USCHS","Jebel Ali, , AEJEA",CNSHA,YMJA,YML,51625,DRY,9,5/16/2026,6/30/2026,5/11/2026 4:10,2806,2806,235.27,235.27,3041.27,3041.27
USCHS,USCHS,BDCGP,"Charleston, SC, USCHS","Charleston, SC, USCHS","Chattogram/Chittagong, , BDCGP",BDCGP,YMJA,YML,51625,DRY,9,4/23/2026,5/15/2026,5/10/2026 3:45,1457,1457,0,0,1457,1457
USCHS,USCHS,BDCGP,"Charleston, SC, USCHS","Charleston, SC, USCHS","Chattogram/Chittagong, , BDCGP",BDCGP,YMJA,YML,51625,DRY,9,5/16/2026,6/30/2026,5/10/2026 3:45,1591,1591,0,0,1591,1591
USCHS,USCHS,BDCGP,"Charleston, SC, USCHS","Charleston, SC, USCHS","Chattogram/Chittagong, , BDCGP",BDCGP,ONEY,ONE,CHIM354B25,DRY,15,5/16/2026,6/30/2026,5/7/2026 4:10,1700,1700,150,150,1850,1850
USCHS,USCHS,BDCGP,"Charleston, SC, USCHS","Charleston, SC, USCHS","Chattogram/Chittagong, , BDCGP",BDCGP,ONEY,ONE,CHIM354B25,DRY,15,5/6/2026,5/15/2026,5/7/2026 4:10,1700,1700,150,150,1850,1850
USCHS,USCHS,BDCGP,"Charleston, SC, USCHS","Charleston, SC, USCHS","Chattogram/Chittagong, , BDCGP",BDCGP,OOLU,OOCL,MT256104,DRY,16,4/1/2026,6/30/2026,5/10/2026 4:10,1968,1968,65,65,2033,2033
USCHS,USCHS,BDCGP,"Charleston, SC, USCHS","Charleston, SC, USCHS","Chattogram/Chittagong, , BDCGP",BDCGP,MAEU,Maersk,300094432,DRY,0,4/1/2026,9/30/2026,3/25/2026 3:45,2474,2474,0,0,2474,2474
USCHS,USCHS,BDCGP,"Charleston, SC, USCHS","Charleston, SC, USCHS","Chattogram/Chittagong, , BDCGP",BDCGP,EGLV,EMC,SC103574,DRY,4,5/1/2026,6/30/2026,5/10/2026 3:45,2700,2700,0,0,2700,2700
USCHS,USCHS,CLARI,"Charleston, SC, USCHS","Charleston, SC, USCHS","Arica, TA, CLARI",CLARI,ONEY,ONE,CHIM354B25,DRY,15,5/16/2026,6/30/2026,5/7/2026 4:10,2260,2260,150,150,2410,2410
USCHS,USCHS,CLARI,"Charleston, SC, USCHS","Charleston, SC, USCHS","Arica, TA, CLARI",CLARI,ONEY,ONE,CHIM354B25,DRY,15,5/6/2026,5/15/2026,5/7/2026 4:10,2260,2260,150,150,2410,2410
USCHS,USCHS,CLSAI,"Charleston, SC, USCHS","Charleston, SC, USCHS","San Antonio, VS, CLSAI",CLSAI,ONEY,ONE,CHIM354B25,DRY,15,5/16/2026,6/30/2026,5/7/2026 4:10,1660,1660,150,150,1810,1810
USCHS,USCHS,CLSAI,"Charleston, SC, USCHS","Charleston, SC, USCHS","San Antonio, VS, CLSAI",CLSAI,ONEY,ONE,CHIM354B25,DRY,15,5/6/2026,5/15/2026,5/7/2026 4:10,1660,1660,150,150,1810,1810
USCHS,USCHS,CNAQG,"Charleston, SC, USCHS","Charleston, SC, USCHS","Anqing Pt, 34, CNAQG",CNSHA,YMJA,YML,51625,DRY,9,4/23/2026,5/15/2026,5/11/2026 4:10,772,772,235.27,235.27,1007.27,1007.27
USCHS,USCHS,CNAQG,"Charleston, SC, USCHS","Charleston, SC, USCHS","Anqing Pt, 34, CNAQG",CNAQG,MAEU,Maersk,300094432,DRY,0,4/1/2026,9/30/2026,5/11/2026 4:10,796,796,1.76,1.76,797.76,797.76
USCHS,USCHS,CNAQG,"Charleston, SC, USCHS","Charleston, SC, USCHS","Anqing Pt, 34, CNAQG",CNAQG,ONEY,ONE,CHIM354B25,DRY,15,5/16/2026,6/30/2026,5/11/2026 4:10,810,810,126.6,126.6,936.6,936.6
USCHS,USCHS,CNAQG,"Charleston, SC, USCHS","Charleston, SC, USCHS","Anqing Pt, 34, CNAQG",CNAQG,ONEY,ONE,CHIM354B25,DRY,15,5/6/2026,5/15/2026,5/11/2026 4:10,810,810,126.6,126.6,936.6,936.6
USCHS,USCHS,CNAQG,"Charleston, SC, USCHS","Charleston, SC, USCHS","Anqing Pt, 34, CNAQG",CNAQG,CMDU,CMA,25-0720,DRY,12,4/18/2026,6/30/2026,5/11/2026 4:10,810,810,169.83,169.83,979.83,979.83
USCHS,USCHS,CNAQG,"Charleston, SC, USCHS","Charleston, SC, USCHS","Anqing Pt, 34, CNAQG",CNSHA,YMJA,YML,51625,DRY,9,5/16/2026,6/30/2026,5/11/2026 4:10,906,906,235.27,235.27,1141.27,1141.27
USCHS,USCHS,CNCAN,"Charleston, SC, USCHS","Charleston, SC, USCHS","Guangzhou Baiyun, 44, CNCAN",CNCAN,ONEY,ONE,CHIM354B25,DRY,15,5/6/2026,5/15/2026,5/11/2026 4:10,850,850,178.8,178.8,1028.8,1028.8
USCHS,USCHS,CNCAN,"Charleston, SC, USCHS","Charleston, SC, USCHS","Guangzhou Baiyun, 44, CNCAN",CNCAN,ONEY,ONE,CHIM354B25,DRY,15,5/16/2026,6/30/2026,5/11/2026 4:10,850,850,178.8,178.8,1028.8,1028.8
USCHS,USCHS,CNCGS,"Charleston, SC, USCHS","Charleston, SC, USCHS","Changshu Pt, 37, CNCGS",CNSHA,YMJA,YML,51625,DRY,9,4/23/2026,5/15/2026,5/11/2026 4:10,762,762,235.27,235.27,997.27,997.27
USCHS,USCHS,CNCGS,"Charleston, SC, USCHS","Charleston, SC, USCHS","Changshu Pt, 37, CNCGS",CNSHA,YMJA,YML,51625,DRY,9,5/16/2026,6/30/2026,5/11/2026 4:10,896,896,235.27,235.27,1131.27,1131.27
USCHS,USCHS,CNCGU,"Charleston, SC, USCHS","Charleston, SC, USCHS","Changshu, 32, CNCGU",CNCGU,ONEY,ONE,CHIM354B25,DRY,15,5/16/2026,6/30/2026,5/11/2026 4:10,710,710,121.75,121.75,831.75,831.75
USCHS,USCHS,CNCGU,"Charleston, SC, USCHS","Charleston, SC, USCHS","Changshu, 32, CNCGU",CNCGU,ONEY,ONE,CHIM354B25,DRY,15,5/6/2026,5/15/2026,5/11/2026 4:10,710,710,121.75,121.75,831.75,831.75
USCHS,USCHS,CNCHI,"Charleston, SC, USCHS","Charleston, SC, USCHS","Chizhou Pt, 15, CNCHI",CNCHI,CMDU,CMA,25-0720,DRY,12,4/18/2026,6/30/2026,5/11/2026 4:10,1010,1010,169.83,169.83,1179.83,1179.83
USCHS,USCHS,CNCHQ,"Charleston, SC, USCHS","Charleston, SC, USCHS","Chongqing Pt, 50, CNCHQ",CNCHQ,MAEU,Maersk,300094432,DRY,0,4/1/2026,9/30/2026,5/11/2026 4:10,476,476,1.76,1.76,477.76,477.76
USCHS,USCHS,CNCHQ,"Charleston, SC, USCHS","Charleston, SC, USCHS","Chongqing Pt, 50, CNCHQ",CNSHA,YMJA,YML,51625,DRY,9,4/23/2026,5/15/2026,5/11/2026 4:10,1332,1332,235.27,235.27,1567.27,1567.27
USCHS,USCHS,CNCHQ,"Charleston, SC, USCHS","Charleston, SC, USCHS","Chongqing Pt, 50, CNCHQ",CNSHA,YMJA,YML,51625,DRY,9,5/16/2026,6/30/2026,5/11/2026 4:10,1466,1466,235.27,235.27,1701.27,1701.27
USCHS,USCHS,CNCKG,"Charleston, SC, USCHS","Charleston, SC, USCHS","Chongqing Jiangbei, 51, CNCKG",CNCKG,ONEY,ONE,CHIM354B25,DRY,15,5/6/2026,5/15/2026,5/11/2026 4:10,1025,1025,121.75,121.75,1146.75,1146.75
USCHS,USCHS,CNCKG,"Charleston, SC, USCHS","Charleston, SC, USCHS","Chongqing Jiangbei, 51, CNCKG",CNCKG,ONEY,ONE,CHIM354B25,DRY,15,5/16/2026,6/30/2026,5/11/2026 4:10,1025,1025,121.75,121.75,1146.75,1146.75
USCHS,USCHS,CNCNA,"Charleston, SC, USCHS","Charleston, SC, USCHS","Changsha, 44, CNCNA",CNSHA,YMJA,YML,51625,DRY,9,4/23/2026,5/15/2026,5/11/2026 4:10,1377,1377,235.27,235.27,1612.27,1612.27
USCHS,USCHS,CNCNA,"Charleston, SC, USCHS","Charleston, SC, USCHS","Changsha, 44, CNCNA",CNSHA,YMJA,YML,51625,DRY,9,5/16/2026,6/30/2026,5/11/2026 4:10,1511,1511,235.27,235.27,1746.27,1746.27
USCHS,USCHS,CNCQI,"Charleston, SC, USCHS","Charleston, SC, USCHS","Chongqing, 50, CNCQI",CNCQI,CMDU,CMA,25-0720,DRY,12,4/18/2026,6/30/2026,5/11/2026 4:10,1110,1110,169.83,169.83,1279.83,1279.83
USCHS,USCHS,CNCZX,"Charleston, SC, USCHS","Charleston, SC, USCHS","Changzhou Pt, 32, CNCZX",CNSHA,YMJA,YML,51625,DRY,9,4/23/2026,5/15/2026,5/11/2026 4:10,762,762,235.27,235.27,997.27,997.27
USCHS,USCHS,CNCZX,"Charleston, SC, USCHS","Charleston, SC, USCHS","Changzhou Pt, 32, CNCZX",CNCZX,MAEU,Maersk,300094432,DRY,0,4/1/2026,9/30/2026,5/11/2026 4:10,770,770,1.76,1.76,771.76,771.76
USCHS,USCHS,CNCZX,"Charleston, SC, USCHS","Charleston, SC, USCHS","Changzhou Pt, 32, CNCZX",CNCZX,CMDU,CMA,25-0720,DRY,12,4/18/2026,6/30/2026,5/11/2026 4:10,860,860,169.83,169.83,1029.83,1029.83
USCHS,USCHS,CNCZX,"Charleston, SC, USCHS","Charleston, SC, USCHS","Changzhou Pt, 32, CNCZX",CNSHA,YMJA,YML,51625,DRY,9,5/16/2026,6/30/2026,5/11/2026 4:10,896,896,235.27,235.27,1131.27,1131.27
USCHS,USCHS,CNDFG,"Charleston, SC, USCHS","Charleston, SC, USCHS","Dafeng Pt, 22, CNDFG",CNDFG,MAEU,Maersk,300094432,DRY,0,4/1/2026,9/30/2026,5/11/2026 4:10,414,414,1.76,1.76,415.76,415.76
USCHS,USCHS,CNDFG,"Charleston, SC, USCHS","Charleston, SC, USCHS","Dafeng Pt, 22, CNDFG",CNDFG,CMDU,CMA,25-0720,DRY,12,4/18/2026,6/30/2026,5/11/2026 4:10,760,760,169.83,169.83,929.83,929.83
USCHS,USCHS,CNDFG,"Charleston, SC, USCHS","Charleston, SC, USCHS","Dafeng Pt, 22, CNDFG",CNSHA,YMJA,YML,51625,DRY,9,4/23/2026,5/15/2026,5/11/2026 4:10,842,842,235.27,235.27,1077.27,1077.27
USCHS,USCHS,CNDFG,"Charleston, SC, USCHS","Charleston, SC, USCHS","Dafeng Pt, 22, CNDFG",CNSHA,YMJA,YML,51625,DRY,9,5/16/2026,6/30/2026,5/11/2026 4:10,976,976,235.27,235.27,1211.27,1211.27
USCHS,USCHS,CNDLC,"Charleston, SC, USCHS","Charleston, SC, USCHS","Dalian, 21, CNDLC",CNDLC,MAEU,Maersk,300094432,DRY,0,4/1/2026,9/30/2026,3/25/2026 3:45,323,323,0,0,323,323
USCHS,USCHS,CNDLC,"Charleston, SC, USCHS","Charleston, SC, USCHS","Dalian, 21, CNDLC",CNDLC,YMJA,YML,51625,DRY,9,4/23/2026,5/15/2026,5/11/2026 4:10,507,507,235.27,235.27,742.27,742.27
USCHS,USCHS,CNDLC,"Charleston, SC, USCHS","Charleston, SC, USCHS","Dalian, 21, CNDLC",CNDLC,OOLU,OOCL,MT256104,DRY,16,4/1/2026,6/30/2026,5/10/2026 3:45,593,593,0,0,593,593
USCHS,USCHS,CNDLC,"Charleston, SC, USCHS","Charleston, SC, USCHS","Dalian, 21, CNDLC",CNDLC,YMJA,YML,51625,DRY,9,5/16/2026,6/30/2026,5/11/2026 4:10,641,641,235.27,235.27,876.27,876.27
USCHS,USCHS,CNDLC,"Charleston, SC, USCHS","Charleston, SC, USCHS","Dalian, 21, CNDLC",KRPUS,YMJA,YML,51625,DRY,9,4/23/2026,5/15/2026,5/11/2026 4:10,952,952,123.14,123.14,1075.14,1075.14
USCHS,USCHS,CNDLC,"Charleston, SC, USCHS","Charleston, SC, USCHS","Dalian, 21, CNDLC",CNDLC,CMDU,CMA,25-0720,DRY,12,4/18/2026,6/30/2026,5/11/2026 4:10,960,960,166.16,166.16,1126.16,1126.16
USCHS,USCHS,CNDLC,"Charleston, SC, USCHS","Charleston, SC, USCHS","Dalian, 21, CNDLC",KRPUS,YMJA,YML,51625,DRY,9,5/16/2026,6/30/2026,5/11/2026 4:10,1086,1086,123.14,123.14,1209.14,1209.14
USCHS,USCHS,CNDOU,"Charleston, SC, USCHS","Charleston, SC, USCHS","Doumen Pt, 44, CNDOU",CNDOU,ONEY,ONE,CHIM354B25,DRY,15,5/16/2026,6/30/2026,5/11/2026 4:10,770,770,178.8,178.8,948.8,948.8
USCHS,USCHS,CNDOU,"Charleston, SC, USCHS","Charleston, SC, USCHS","Doumen Pt, 44, CNDOU",CNDOU,ONEY,ONE,CHIM354B25,DRY,15,5/6/2026,5/15/2026,5/11/2026 4:10,770,770,178.8,178.8,948.8,948.8
USCHS,USCHS,CNFOC,"Charleston, SC, USCHS","Charleston, SC, USCHS","Fuzhou Changle, 35, CNFOC",CNFOC,ONEY,ONE,CHIM354B25,DRY,15,5/16/2026,6/30/2026,5/11/2026 4:10,875,875,121.6,121.6,996.6,996.6
USCHS,USCHS,CNFOC,"Charleston, SC, USCHS","Charleston, SC, USCHS","Fuzhou Changle, 35, CNFOC",CNFOC,ONEY,ONE,CHIM354B25,DRY,15,5/6/2026,5/15/2026,5/11/2026 4:10,875,875,121.6,121.6,996.6,996.6
USCHS,USCHS,CNFZG,"Charleston, SC, USCHS","Charleston, SC, USCHS","Fuzhou Pt, 23, CNFZG",CNFZG,MAEU,Maersk,300094432,DRY,0,4/1/2026,9/30/2026,3/25/2026 3:45,523,523,0,0,523,523
USCHS,USCHS,CNFZG,"Charleston, SC, USCHS","Charleston, SC, USCHS","Fuzhou Pt, 23, CNFZG",CNNBG,YMJA,YML,51625,DRY,9,4/23/2026,5/15/2026,5/11/2026 4:10,932,932,235.27,235.27,1167.27,1167.27
USCHS,USCHS,CNFZG,"Charleston, SC, USCHS","Charleston, SC, USCHS","Fuzhou Pt, 23, CNFZG",CNNBG,YMJA,YML,51625,DRY,9,5/16/2026,6/30/2026,5/11/2026 4:10,1066,1066,235.27,235.27,1301.27,1301.27
USCHS,USCHS,CNGOM,"Charleston, SC, USCHS","Charleston, SC, USCHS","Gaoming Pt, 44, CNGOM",CNGOM,MAEU,Maersk,300094432,DRY,0,4/1/2026,9/30/2026,3/25/2026 3:45,784,784,0,0,784,784
USCHS,USCHS,CNGOM,"Charleston, SC, USCHS","Charleston, SC, USCHS","Gaoming Pt, 44, CNGOM",CNGOM,CMDU,CMA,25-0720,DRY,12,4/18/2026,6/30/2026,5/11/2026 4:10,810,810,166.16,166.16,976.16,976.16
USCHS,USCHS,CNGON,"Charleston, SC, USCHS","Charleston, SC, USCHS","Gaolan, 44, CNGON",CNGON,ONEY,ONE,CHIM354B25,DRY,15,5/16/2026,6/30/2026,5/11/2026 4:10,800,800,178.8,178.8,978.8,978.8
USCHS,USCHS,CNGON,"Charleston, SC, USCHS","Charleston, SC, USCHS","Gaolan, 44, CNGON",CNGON,ONEY,ONE,CHIM354B25,DRY,15,5/6/2026,5/15/2026,5/11/2026 4:10,800,800,178.8,178.8,978.8,978.8
USCHS,USCHS,CNGZG,"Charleston, SC, USCHS","Charleston, SC, USCHS","Guangzhou Pt, 22, CNGZG",CNYTN,YMJA,YML,51625,DRY,9,4/23/2026,5/15/2026,5/11/2026 4:10,867,867,235.27,235.27,1102.27,1102.27
USCHS,USCHS,CNGZG,"Charleston, SC, USCHS","Charleston, SC, USCHS","Guangzhou Pt, 22, CNGZG",CNYTN,YMJA,YML,51625,DRY,9,5/16/2026,6/30/2026,5/11/2026 4:10,1001,1001,235.27,235.27,1236.27,1236.27
USCHS,USCHS,CNHFI,"Charleston, SC, USCHS","Charleston, SC, USCHS","Hefei, 34, CNHFI",CNHFI,CMDU,CMA,25-0720,DRY,12,4/18/2026,6/30/2026,5/11/2026 4:10,810,810,166.16,166.16,976.16,976.16
USCHS,USCHS,CNHFI,"Charleston, SC, USCHS","Charleston, SC, USCHS","Hefei, 34, CNHFI",CNSHA,YMJA,YML,51625,DRY,9,4/23/2026,5/15/2026,5/11/2026 4:10,1822,1822,235.27,235.27,2057.27,2057.27
USCHS,USCHS,CNHFI,"Charleston, SC, USCHS","Charleston, SC, USCHS","Hefei, 34, CNHFI",CNSHA,YMJA,YML,51625,DRY,9,5/16/2026,6/30/2026,5/11/2026 4:10,1956,1956,235.27,235.27,2191.27,2191.27
USCHS,USCHS,CNHSI,"Charleston, SC, USCHS","Charleston, SC, USCHS","Huangshi Pt, 42, CNHSI",CNSHA,YMJA,YML,51625,DRY,9,4/23/2026,5/15/2026,5/11/2026 4:10,902,902,235.27,235.27,1137.27,1137.27
USCHS,USCHS,CNHSI,"Charleston, SC, USCHS","Charleston, SC, USCHS","Huangshi Pt, 42, CNHSI",CNSHA,YMJA,YML,51625,DRY,9,5/16/2026,6/30/2026,5/11/2026 4:10,1036,1036,235.27,235.27,1271.27,1271.27
USCHS,USCHS,CNHUA,"Charleston, SC, USCHS","Charleston, SC, USCHS","Huangpu Pt, 44, CNHUA",CNHUA,MAEU,Maersk,300094432,DRY,0,4/1/2026,9/30/2026,3/25/2026 3:45,486,486,0,0,486,486
USCHS,USCHS,CNHUA,"Charleston, SC, USCHS","Charleston, SC, USCHS","Huangpu Pt, 44, CNHUA",CNHUA,ONEY,ONE,CHIM354B25,DRY,15,5/6/2026,5/15/2026,5/11/2026 4:10,510,510,178.8,178.8,688.8,688.8
USCHS,USCHS,CNHUA,"Charleston, SC, USCHS","Charleston, SC, USCHS","Huangpu Pt, 44, CNHUA",CNHUA,ONEY,ONE,CHIM354B25,DRY,15,5/16/2026,6/30/2026,5/11/2026 4:10,510,510,178.8,178.8,688.8,688.8
USCHS,USCHS,CNHUA,"Charleston, SC, USCHS","Charleston, SC, USCHS","Huangpu Pt, 44, CNHUA",CNHUA,CMDU,CMA,25-0720,DRY,12,4/18/2026,6/30/2026,5/11/2026 4:10,570,570,166.16,166.16,736.16,736.16
USCHS,USCHS,CNHUA,"Charleston, SC, USCHS","Charleston, SC, USCHS","Huangpu Pt, 44, CNHUA",CNHUA,OOLU,OOCL,MT256104,DRY,16,4/1/2026,6/30/2026,5/11/2026 4:10,598,598,166.6,166.6,764.6,764.6
USCHS,USCHS,CNHUA,"Charleston, SC, USCHS","Charleston, SC, USCHS","Huangpu Pt, 44, CNHUA",CNYTN,YMJA,YML,51625,DRY,9,4/23/2026,5/15/2026,5/11/2026 4:10,867,867,235.27,235.27,1102.27,1102.27
USCHS,USCHS,CNHUA,"Charleston, SC, USCHS","Charleston, SC, USCHS","Huangpu Pt, 44, CNHUA",CNYTN,YMJA,YML,51625,DRY,9,5/16/2026,6/30/2026,5/11/2026 4:10,1001,1001,235.27,235.27,1236.27,1236.27
USCHS,USCHS,CNHZH,"Charleston, SC, USCHS","Charleston, SC, USCHS","Huzhou Pt, 33, CNHZH",CNSHA,YMJA,YML,51625,DRY,9,4/23/2026,5/15/2026,5/11/2026 4:10,697,697,235.27,235.27,932.27,932.27
USCHS,USCHS,CNHZH,"Charleston, SC, USCHS","Charleston, SC, USCHS","Huzhou Pt, 33, CNHZH",CNSHA,YMJA,YML,51625,DRY,9,5/16/2026,6/30/2026,5/11/2026 4:10,831,831,235.27,235.27,1066.27,1066.27
USCHS,USCHS,CNJGZ,"Charleston, SC, USCHS","Charleston, SC, USCHS","Jingzhou, 42, CNJGZ",CNJGZ,CMDU,CMA,25-0720,DRY,12,4/18/2026,6/30/2026,5/11/2026 4:10,660,660,169.83,169.83,829.83,829.83
USCHS,USCHS,CNJIA,"Charleston, SC, USCHS","Charleston, SC, USCHS","Jiangyin Pt, 32, CNJIA",CNJIA,MAEU,Maersk,300094432,DRY,0,4/1/2026,9/30/2026,5/11/2026 4:10,633,633,1.76,1.76,634.76,634.76
USCHS,USCHS,CNJIA,"Charleston, SC, USCHS","Charleston, SC, USCHS","Jiangyin Pt, 32, CNJIA",CNSHA,YMJA,YML,51625,DRY,9,4/23/2026,5/15/2026,5/11/2026 4:10,762,762,235.27,235.27,997.27,997.27
USCHS,USCHS,CNJIA,"Charleston, SC, USCHS","Charleston, SC, USCHS","Jiangyin Pt, 32, CNJIA",CNSHA,YMJA,YML,51625,DRY,9,5/16/2026,6/30/2026,5/11/2026 4:10,896,896,235.27,235.27,1131.27,1131.27
USCHS,USCHS,CNJIU,"Charleston, SC, USCHS","Charleston, SC, USCHS","Jiujiang Pt, 36, CNJIU",CNJIU,CMDU,CMA,25-0720,DRY,12,4/18/2026,6/30/2026,5/11/2026 4:10,720,720,169.83,169.83,889.83,889.83
USCHS,USCHS,CNJIU,"Charleston, SC, USCHS","Charleston, SC, USCHS","Jiujiang Pt, 36, CNJIU",CNSHA,YMJA,YML,51625,DRY,9,4/23/2026,5/15/2026,5/11/2026 4:10,892,892,235.27,235.27,1127.27,1127.27
USCHS,USCHS,CNJIU,"Charleston, SC, USCHS","Charleston, SC, USCHS","Jiujiang Pt, 36, CNJIU",CNSHA,YMJA,YML,51625,DRY,9,5/16/2026,6/30/2026,5/11/2026 4:10,1026,1026,235.27,235.27,1261.27,1261.27
USCHS,USCHS,CNJIU,"Charleston, SC, USCHS","Charleston, SC, USCHS","Jiujiang Pt, 36, CNJIU",CNJIU,MAEU,Maersk,300094432,DRY,0,4/1/2026,9/30/2026,5/11/2026 4:10,1520,1520,1.76,1.76,1521.76,1521.76
USCHS,USCHS,CNJMN,"Charleston, SC, USCHS","Charleston, SC, USCHS","Jiangmen Pt, 44, CNJMN",CNJMN,MAEU,Maersk,300094432,DRY,0,4/1/2026,9/30/2026,3/25/2026 3:45,754,754,0,0,754,754
USCHS,USCHS,CNJMN,"Charleston, SC, USCHS","Charleston, SC, USCHS","Jiangmen Pt, 44, CNJMN",CNJMN,CMDU,CMA,25-0720,DRY,12,4/18/2026,6/30/2026,5/11/2026 4:10,810,810,166.16,166.16,976.16,976.16
USCHS,USCHS,CNJNZ,"Charleston, SC, USCHS","Charleston, SC, USCHS","Jinzhou Pt, 21, CNJNZ",KRPUS,YMJA,YML,51625,DRY,9,4/23/2026,5/15/2026,5/11/2026 4:10,1452,1452,123.14,123.14,1575.14,1575.14
USCHS,USCHS,CNJNZ,"Charleston, SC, USCHS","Charleston, SC, USCHS","Jinzhou Pt, 21, CNJNZ",KRPUS,YMJA,YML,51625,DRY,9,5/16/2026,6/30/2026,5/11/2026 4:10,1586,1586,123.14,123.14,1709.14,1709.14
USCHS,USCHS,CNJZK,"Charleston, SC, USCHS","Charleston, SC, USCHS","Jingzhou Pt, 42, CNJZK",CNSHA,YMJA,YML,51625,DRY,9,4/23/2026,5/15/2026,5/11/2026 4:10,912,912,235.27,235.27,1147.27,1147.27
USCHS,USCHS,CNJZK,"Charleston, SC, USCHS","Charleston, SC, USCHS","Jingzhou Pt, 42, CNJZK",CNSHA,YMJA,YML,51625,DRY,9,5/16/2026,6/30/2026,5/11/2026 4:10,1046,1046,235.27,235.27,1281.27,1281.27
USCHS,USCHS,CNKHN,"Charleston, SC, USCHS","Charleston, SC, USCHS","Nanchang Changbei, 36, CNKHN",CNSHA,YMJA,YML,51625,DRY,9,4/23/2026,5/15/2026,5/11/2026 4:10,972,972,235.27,235.27,1207.27,1207.27
USCHS,USCHS,CNKHN,"Charleston, SC, USCHS","Charleston, SC, USCHS","Nanchang Changbei, 36, CNKHN",CNSHA,YMJA,YML,51625,DRY,9,5/16/2026,6/30/2026,5/11/2026 4:10,1106,1106,235.27,235.27,1341.27,1341.27
USCHS,USCHS,CNKUS,"Charleston, SC, USCHS","Charleston, SC, USCHS","Kunshan, 32, CNKUS",CNSHA,YMJA,YML,51625,DRY,9,4/23/2026,5/15/2026,5/11/2026 4:10,922,922,235.27,235.27,1157.27,1157.27
USCHS,USCHS,CNKUS,"Charleston, SC, USCHS","Charleston, SC, USCHS","Kunshan, 32, CNKUS",CNSHA,YMJA,YML,51625,DRY,9,5/16/2026,6/30/2026,5/11/2026 4:10,1056,1056,235.27,235.27,1291.27,1291.27
USCHS,USCHS,CNLIH,"Charleston, SC, USCHS","Charleston, SC, USCHS","Lianhuashan Pt, 44, CNLIH",CNYTN,YMJA,YML,51625,DRY,9,4/23/2026,5/15/2026,5/11/2026 4:10,882,882,235.27,235.27,1117.27,1117.27
USCHS,USCHS,CNLIH,"Charleston, SC, USCHS","Charleston, SC, USCHS","Lianhuashan Pt, 44, CNLIH",CNYTN,YMJA,YML,51625,DRY,9,5/16/2026,6/30/2026,5/11/2026 4:10,1016,1016,235.27,235.27,1251.27,1251.27
USCHS,USCHS,CNLYG,"Charleston, SC, USCHS","Charleston, SC, USCHS","Lianyungang, 32, CNLYG",CNLYG,MAEU,Maersk,300094432,DRY,0,4/1/2026,9/30/2026,3/25/2026 3:45,286,286,0,0,286,286
USCHS,USCHS,CNLYG,"Charleston, SC, USCHS","Charleston, SC, USCHS","Lianyungang, 32, CNLYG",CNLYG,ONEY,ONE,CHIM354B25,DRY,15,5/16/2026,6/30/2026,5/11/2026 4:10,755,755,122.49,122.49,877.49,877.49
USCHS,USCHS,CNLYG,"Charleston, SC, USCHS","Charleston, SC, USCHS","Lianyungang, 32, CNLYG",CNLYG,ONEY,ONE,CHIM354B25,DRY,15,5/6/2026,5/15/2026,5/11/2026 4:10,755,755,122.49,122.49,877.49,877.49
USCHS,USCHS,CNLYG,"Charleston, SC, USCHS","Charleston, SC, USCHS","Lianyungang, 32, CNLYG",CNLYG,CMDU,CMA,25-0720,DRY,12,4/18/2026,6/30/2026,5/11/2026 4:10,760,760,174.98,174.98,934.98,934.98
USCHS,USCHS,CNLZU,"Charleston, SC, USCHS","Charleston, SC, USCHS","Luzhou, 51, CNLZU",CNSHA,YMJA,YML,51625,DRY,9,4/23/2026,5/15/2026,5/11/2026 4:10,1372,1372,235.27,235.27,1607.27,1607.27
USCHS,USCHS,CNLZU,"Charleston, SC, USCHS","Charleston, SC, USCHS","Luzhou, 51, CNLZU",CNSHA,YMJA,YML,51625,DRY,9,5/16/2026,6/30/2026,5/11/2026 4:10,1506,1506,235.27,235.27,1741.27,1741.27
USCHS,USCHS,CNMAA,"Charleston, SC, USCHS","Charleston, SC, USCHS","Maanshan Pt, 34, CNMAA",CNSHA,YMJA,YML,51625,DRY,9,4/23/2026,5/15/2026,5/11/2026 4:10,772,772,235.27,235.27,1007.27,1007.27
USCHS,USCHS,CNMAA,"Charleston, SC, USCHS","Charleston, SC, USCHS","Maanshan Pt, 34, CNMAA",CNMAA,CMDU,CMA,25-0720,DRY,12,4/18/2026,6/30/2026,5/11/2026 4:10,810,810,169.83,169.83,979.83,979.83
USCHS,USCHS,CNMAA,"Charleston, SC, USCHS","Charleston, SC, USCHS","Maanshan Pt, 34, CNMAA",CNSHA,YMJA,YML,51625,DRY,9,5/16/2026,6/30/2026,5/11/2026 4:10,906,906,235.27,235.27,1141.27,1141.27
USCHS,USCHS,CNNBG,"Charleston, SC, USCHS","Charleston, SC, USCHS","Ningbo Pt, 33, CNNBG",CNNBG,MAEU,Maersk,300094432,DRY,0,4/1/2026,9/30/2026,3/25/2026 3:45,146,146,0,0,146,146
USCHS,USCHS,CNNBG,"Charleston, SC, USCHS","Charleston, SC, USCHS","Ningbo Pt, 33, CNNBG",CNNBG,YMJA,YML,51625,DRY,9,4/23/2026,5/15/2026,5/11/2026 4:10,157,157,235.27,235.27,392.27,392.27
USCHS,USCHS,CNNBG,"Charleston, SC, USCHS","Charleston, SC, USCHS","Ningbo Pt, 33, CNNBG",CNNBG,OOLU,OOCL,MT256104,DRY,16,4/1/2026,6/30/2026,5/11/2026 4:10,243,243,168.36,168.36,411.36,411.36
USCHS,USCHS,CNNBG,"Charleston, SC, USCHS","Charleston, SC, USCHS","Ningbo Pt, 33, CNNBG",CNNBG,YMJA,YML,51625,DRY,9,5/16/2026,6/30/2026,5/11/2026 4:10,291,291,235.27,235.27,526.27,526.27
USCHS,USCHS,CNNBG,"Charleston, SC, USCHS","Charleston, SC, USCHS","Ningbo Pt, 33, CNNBG",CNNBG,CMDU,CMA,25-0720,DRY,12,4/18/2026,6/30/2026,5/11/2026 4:10,410,410,169.83,169.83,579.83,579.83
USCHS,USCHS,CNNBG,"Charleston, SC, USCHS","Charleston, SC, USCHS","Ningbo Pt, 33, CNNBG",CNNBG,YMJA,YML,51625,DRY,9,4/23/2026,5/15/2026,5/11/2026 4:10,432,432,235.27,235.27,667.27,667.27
USCHS,USCHS,CNNBG,"Charleston, SC, USCHS","Charleston, SC, USCHS","Ningbo Pt, 33, CNNBG",CNNBG,ONEY,ONE,CHIM354B25,DRY,15,5/16/2026,6/30/2026,5/11/2026 4:10,475,475,126.31,126.31,601.31,601.31
USCHS,USCHS,CNNBG,"Charleston, SC, USCHS","Charleston, SC, USCHS","Ningbo Pt, 33, CNNBG",CNNBG,ONEY,ONE,CHIM354B25,DRY,15,5/6/2026,5/15/2026,5/11/2026 4:10,475,475,126.31,126.31,601.31,601.31
USCHS,USCHS,CNNBG,"Charleston, SC, USCHS","Charleston, SC, USCHS","Ningbo Pt, 33, CNNBG",CNNBG,YMJA,YML,51625,DRY,9,5/16/2026,6/30/2026,5/11/2026 4:10,566,566,235.27,235.27,801.27,801.27
USCHS,USCHS,CNNBG,"Charleston, SC, USCHS","Charleston, SC, USCHS","Ningbo Pt, 33, CNNBG",CNNBG,EGLV,EMC,SC103574,DRY,4,5/1/2026,6/30/2026,5/10/2026 3:45,650,650,0,0,650,650
USCHS,USCHS,CNNBG,"Charleston, SC, USCHS","Charleston, SC, USCHS","Ningbo Pt, 33, CNNBG",KRPUS,YMJA,YML,51625,DRY,9,4/23/2026,5/15/2026,5/11/2026 4:10,652,652,123.14,123.14,775.14,775.14
USCHS,USCHS,CNNBG,"Charleston, SC, USCHS","Charleston, SC, USCHS","Ningbo Pt, 33, CNNBG",SGSIN,YMJA,YML,51625,DRY,9,4/23/2026,5/15/2026,5/11/2026 4:10,692,692,274.53,274.53,966.53,966.53
USCHS,USCHS,CNNBG,"Charleston, SC, USCHS","Charleston, SC, USCHS","Ningbo Pt, 33, CNNBG",KRPUS,YMJA,YML,51625,DRY,9,5/16/2026,6/30/2026,5/11/2026 4:10,786,786,123.14,123.14,909.14,909.14
USCHS,USCHS,CNNBG,"Charleston, SC, USCHS","Charleston, SC, USCHS","Ningbo Pt, 33, CNNBG",SGSIN,YMJA,YML,51625,DRY,9,5/16/2026,6/30/2026,5/11/2026 4:10,826,826,274.53,274.53,1100.53,1100.53
USCHS,USCHS,CNNJG,"Charleston, SC, USCHS","Charleston, SC, USCHS","Nanjing Pt, 35, CNNJG",CNNJG,MAEU,Maersk,300094432,DRY,0,4/1/2026,9/30/2026,5/11/2026 4:10,637,637,1.76,1.76,638.76,638.76
USCHS,USCHS,CNNJG,"Charleston, SC, USCHS","Charleston, SC, USCHS","Nanjing Pt, 35, CNNJG",CNNJG,CMDU,CMA,25-0720,DRY,12,4/18/2026,6/30/2026,5/11/2026 4:10,760,760,169.83,169.83,929.83,929.83
USCHS,USCHS,CNNJG,"Charleston, SC, USCHS","Charleston, SC, USCHS","Nanjing Pt, 35, CNNJG",CNSHA,YMJA,YML,51625,DRY,9,4/23/2026,5/15/2026,5/11/2026 4:10,762,762,235.27,235.27,997.27,997.27
USCHS,USCHS,CNNJG,"Charleston, SC, USCHS","Charleston, SC, USCHS","Nanjing Pt, 35, CNNJG",CNSHA,YMJA,YML,51625,DRY,9,5/16/2026,6/30/2026,5/11/2026 4:10,896,896,235.27,235.27,1131.27,1131.27
USCHS,USCHS,CNNJP,"Charleston, SC, USCHS","Charleston, SC, USCHS","Nanjing Pt, 32, CNNJP",CNSHA,YMJA,YML,51625,DRY,9,4/23/2026,5/15/2026,5/11/2026 4:10,762,762,235.27,235.27,997.27,997.27
USCHS,USCHS,CNNJP,"Charleston, SC, USCHS","Charleston, SC, USCHS","Nanjing Pt, 32, CNNJP",CNSHA,YMJA,YML,51625,DRY,9,5/16/2026,6/30/2026,5/11/2026 4:10,896,896,235.27,235.27,1131.27,1131.27
USCHS,USCHS,CNNKG,"Charleston, SC, USCHS","Charleston, SC, USCHS","Nanjing Lukou, 32, CNNKG",CNNKG,ONEY,ONE,CHIM354B25,DRY,15,5/6/2026,5/15/2026,5/11/2026 4:10,595,595,121.75,121.75,716.75,716.75
USCHS,USCHS,CNNKG,"Charleston, SC, USCHS","Charleston, SC, USCHS","Nanjing Lukou, 32, CNNKG",CNNKG,ONEY,ONE,CHIM354B25,DRY,15,5/16/2026,6/30/2026,5/11/2026 4:10,595,595,121.75,121.75,716.75,716.75
USCHS,USCHS,CNNKG,"Charleston, SC, USCHS","Charleston, SC, USCHS","Nanjing Lukou, 32, CNNKG",CNSHA,YMJA,YML,51625,DRY,9,4/23/2026,5/15/2026,5/11/2026 4:10,762,762,235.27,235.27,997.27,997.27
USCHS,USCHS,CNNKG,"Charleston, SC, USCHS","Charleston, SC, USCHS","Nanjing Lukou, 32, CNNKG",CNSHA,YMJA,YML,51625,DRY,9,5/16/2026,6/30/2026,5/11/2026 4:10,896,896,235.27,235.27,1131.27,1131.27
USCHS,USCHS,CNNSA,"Charleston, SC, USCHS","Charleston, SC, USCHS","Nansha Pt, 44, CNNSA",CNNSA,ONEY,ONE,CHIM354B25,DRY,15,5/16/2026,6/30/2026,5/11/2026 4:10,725,725,178.8,178.8,903.8,903.8
USCHS,USCHS,CNNSA,"Charleston, SC, USCHS","Charleston, SC, USCHS","Nansha Pt, 44, CNNSA",CNNSA,ONEY,ONE,CHIM354B25,DRY,15,5/6/2026,5/15/2026,5/11/2026 4:10,725,725,178.8,178.8,903.8,903.8
USCHS,USCHS,CNNTG,"Charleston, SC, USCHS","Charleston, SC, USCHS","Nantong Pt, 32, CNNTG",CNNTG,MAEU,Maersk,300094432,DRY,0,4/1/2026,9/30/2026,5/11/2026 4:10,284,284,16.32,16.32,300.32,300.32
USCHS,USCHS,CNNTG,"Charleston, SC, USCHS","Charleston, SC, USCHS","Nantong Pt, 32, CNNTG",CNNTG,ONEY,ONE,CHIM354B25,DRY,15,5/16/2026,6/30/2026,5/11/2026 4:10,560,560,121.75,121.75,681.75,681.75
USCHS,USCHS,CNNTG,"Charleston, SC, USCHS","Charleston, SC, USCHS","Nantong Pt, 32, CNNTG",CNNTG,ONEY,ONE,CHIM354B25,DRY,15,5/6/2026,5/15/2026,5/11/2026 4:10,560,560,121.75,121.75,681.75,681.75
USCHS,USCHS,CNNTG,"Charleston, SC, USCHS","Charleston, SC, USCHS","Nantong Pt, 32, CNNTG",CNNTG,CMDU,CMA,25-0720,DRY,12,4/18/2026,6/30/2026,5/11/2026 4:10,670,670,169.83,169.83,839.83,839.83
USCHS,USCHS,CNNTG,"Charleston, SC, USCHS","Charleston, SC, USCHS","Nantong Pt, 32, CNNTG",CNSHA,YMJA,YML,51625,DRY,9,4/23/2026,5/15/2026,5/11/2026 4:10,762,762,235.27,235.27,997.27,997.27
USCHS,USCHS,CNNTG,"Charleston, SC, USCHS","Charleston, SC, USCHS","Nantong Pt, 32, CNNTG",CNSHA,YMJA,YML,51625,DRY,9,5/16/2026,6/30/2026,5/11/2026 4:10,896,896,235.27,235.27,1131.27,1131.27
USCHS,USCHS,CNQZH,"Charleston, SC, USCHS","Charleston, SC, USCHS","Qinzhou Pt, 45, CNQZH",CNQZH,MAEU,Maersk,300094432,DRY,0,4/1/2026,9/30/2026,3/25/2026 3:45,708,708,0,0,708,708
USCHS,USCHS,CNQZH,"Charleston, SC, USCHS","Charleston, SC, USCHS","Qinzhou Pt, 45, CNQZH",CNQZH,CMDU,CMA,25-0720,DRY,12,4/18/2026,6/30/2026,5/11/2026 4:10,1110,1110,166.16,166.16,1276.16,1276.16
USCHS,USCHS,CNRUG,"Charleston, SC, USCHS","Charleston, SC, USCHS","Rugao Pt, 32, CNRUG",CNRUG,MAEU,Maersk,300094432,DRY,0,4/1/2026,9/30/2026,5/11/2026 4:10,426,426,1.76,1.76,427.76,427.76
USCHS,USCHS,CNRUG,"Charleston, SC, USCHS","Charleston, SC, USCHS","Rugao Pt, 32, CNRUG",CNRUG,CMDU,CMA,25-0720,DRY,12,4/18/2026,6/30/2026,5/11/2026 4:10,770,770,166.16,166.16,936.16,936.16
USCHS,USCHS,CNSHA,"Charleston, SC, USCHS","Charleston, SC, USCHS","Shanghai, 31, CNSHA",CNSHA,YMJA,YML,51625,DRY,9,4/23/2026,5/15/2026,5/11/2026 4:10,157,157,235.27,235.27,392.27,392.27
USCHS,USCHS,CNSHA,"Charleston, SC, USCHS","Charleston, SC, USCHS","Shanghai, 31, CNSHA",CNSHA,MAEU,Maersk,300094432,DRY,0,4/1/2026,9/30/2026,3/25/2026 3:45,183,183,0,0,183,183
USCHS,USCHS,CNSHA,"Charleston, SC, USCHS","Charleston, SC, USCHS","Shanghai, 31, CNSHA",CNSHA,OOLU,OOCL,MT256104,DRY,16,4/1/2026,6/30/2026,5/11/2026 4:10,243,243,168.36,168.36,411.36,411.36
USCHS,USCHS,CNSHA,"Charleston, SC, USCHS","Charleston, SC, USCHS","Shanghai, 31, CNSHA",CNSHA,YMJA,YML,51625,DRY,9,5/16/2026,6/30/2026,5/11/2026 4:10,291,291,235.27,235.27,526.27,526.27
USCHS,USCHS,CNSHA,"Charleston, SC, USCHS","Charleston, SC, USCHS","Shanghai, 31, CNSHA",CNSHA,CMDU,CMA,25-0720,DRY,12,4/18/2026,6/30/2026,5/11/2026 4:10,355,355,169.83,169.83,524.83,524.83
USCHS,USCHS,CNSHA,"Charleston, SC, USCHS","Charleston, SC, USCHS","Shanghai, 31, CNSHA",CNSHA,YMJA,YML,51625,DRY,9,4/23/2026,5/15/2026,5/11/2026 4:10,432,432,235.27,235.27,667.27,667.27
USCHS,USCHS,CNSHA,"Charleston, SC, USCHS","Charleston, SC, USCHS","Shanghai, 31, CNSHA",CNSHA,ONEY,ONE,CHIM354B25,DRY,15,5/16/2026,6/30/2026,5/11/2026 4:10,460,460,121.75,121.75,581.75,581.75
USCHS,USCHS,CNSHA,"Charleston, SC, USCHS","Charleston, SC, USCHS","Shanghai, 31, CNSHA",CNSHA,ONEY,ONE,CHIM354B25,DRY,15,5/6/2026,5/15/2026,5/11/2026 4:10,460,460,121.75,121.75,581.75,581.75
USCHS,USCHS,CNSHA,"Charleston, SC, USCHS","Charleston, SC, USCHS","Shanghai, 31, CNSHA",CNSHA,YMJA,YML,51625,DRY,9,5/16/2026,6/30/2026,5/11/2026 4:10,566,566,235.27,235.27,801.27,801.27
USCHS,USCHS,CNSHA,"Charleston, SC, USCHS","Charleston, SC, USCHS","Shanghai, 31, CNSHA",CNSHG,EGLV,EMC,SC103574,DRY,4,5/1/2026,6/30/2026,5/10/2026 3:45,650,650,0,0,650,650
USCHS,USCHS,CNSHA,"Charleston, SC, USCHS","Charleston, SC, USCHS","Shanghai, 31, CNSHA",SGSIN,YMJA,YML,51625,DRY,9,4/23/2026,5/15/2026,5/11/2026 4:10,692,692,274.53,274.53,966.53,966.53
USCHS,USCHS,CNSHA,"Charleston, SC, USCHS","Charleston, SC, USCHS","Shanghai, 31, CNSHA",SGSIN,YMJA,YML,51625,DRY,9,5/16/2026,6/30/2026,5/11/2026 4:10,826,826,274.53,274.53,1100.53,1100.53
USCHS,USCHS,CNSHK,"Charleston, SC, USCHS","Charleston, SC, USCHS","Shekou Pt, 44, CNSHK",SGSIN,YMJA,YML,51625,DRY,9,4/23/2026,5/15/2026,5/11/2026 4:10,637,637,274.53,274.53,911.53,911.53
USCHS,USCHS,CNSHK,"Charleston, SC, USCHS","Charleston, SC, USCHS","Shekou Pt, 44, CNSHK",SGSIN,YMJA,YML,51625,DRY,9,5/16/2026,6/30/2026,5/11/2026 4:10,771,771,274.53,274.53,1045.53,1045.53
USCHS,USCHS,CNSHK,"Charleston, SC, USCHS","Charleston, SC, USCHS","Shekou Pt, 44, CNSHK",CNSHK,ONEY,ONE,CHIM354B25,DRY,15,5/16/2026,6/30/2026,5/11/2026 4:10,775,775,178.8,178.8,953.8,953.8
USCHS,USCHS,CNSHK,"Charleston, SC, USCHS","Charleston, SC, USCHS","Shekou Pt, 44, CNSHK",CNSHK,ONEY,ONE,CHIM354B25,DRY,15,5/6/2026,5/15/2026,5/11/2026 4:10,775,775,178.8,178.8,953.8,953.8
USCHS,USCHS,CNSHK,"Charleston, SC, USCHS","Charleston, SC, USCHS","Shekou Pt, 44, CNSHK",CNSHK,CMDU,CMA,25-0720,DRY,12,4/18/2026,6/30/2026,5/11/2026 4:10,810,810,166.16,166.16,976.16,976.16
USCHS,USCHS,CNSZG,"Charleston, SC, USCHS","Charleston, SC, USCHS","Suzhou Pt, 32, CNSZG",CNSHA,YMJA,YML,51625,DRY,9,4/23/2026,5/15/2026,5/11/2026 4:10,922,922,235.27,235.27,1157.27,1157.27
USCHS,USCHS,CNSZG,"Charleston, SC, USCHS","Charleston, SC, USCHS","Suzhou Pt, 32, CNSZG",CNSHA,YMJA,YML,51625,DRY,9,5/16/2026,6/30/2026,5/11/2026 4:10,1056,1056,235.27,235.27,1291.27,1291.27
USCHS,USCHS,CNTAC,"Charleston, SC, USCHS","Charleston, SC, USCHS","Taicang Pt, 32, CNTAC",CNSHA,YMJA,YML,51625,DRY,9,4/23/2026,5/15/2026,5/11/2026 4:10,532,532,235.27,235.27,767.27,767.27
USCHS,USCHS,CNTAC,"Charleston, SC, USCHS","Charleston, SC, USCHS","Taicang Pt, 32, CNTAC",CNSHA,YMJA,YML,51625,DRY,9,5/16/2026,6/30/2026,5/11/2026 4:10,666,666,235.27,235.27,901.27,901.27
USCHS,USCHS,CNTAG,"Charleston, SC, USCHS","Charleston, SC, USCHS","Taicang, 32, CNTAG",CNSHA,YMJA,YML,51625,DRY,9,4/23/2026,5/15/2026,5/11/2026 4:10,532,532,235.27,235.27,767.27,767.27
USCHS,USCHS,CNTAG,"Charleston, SC, USCHS","Charleston, SC, USCHS","Taicang, 32, CNTAG",CNSHA,YMJA,YML,51625,DRY,9,5/16/2026,6/30/2026,5/11/2026 4:10,666,666,235.27,235.27,901.27,901.27
USCHS,USCHS,CNTAO,"Charleston, SC, USCHS","Charleston, SC, USCHS","Qingdao, 37, CNTAO",CNTAO,MAEU,Maersk,300094432,DRY,0,4/1/2026,9/30/2026,3/25/2026 3:45,46,46,0,0,46,46
USCHS,USCHS,CNTAO,"Charleston, SC, USCHS","Charleston, SC, USCHS","Qingdao, 37, CNTAO",CNTAO,OOLU,OOCL,MT256104,DRY,16,4/1/2026,6/30/2026,5/11/2026 4:10,303,303,168.36,168.36,471.36,471.36
USCHS,USCHS,CNTAO,"Charleston, SC, USCHS","Charleston, SC, USCHS","Qingdao, 37, CNTAO",CNTAO,YMJA,YML,51625,DRY,9,4/23/2026,5/15/2026,5/11/2026 4:10,357,357,235.27,235.27,592.27,592.27
USCHS,USCHS,CNTAO,"Charleston, SC, USCHS","Charleston, SC, USCHS","Qingdao, 37, CNTAO",CNTAO,CMDU,CMA,25-0720,DRY,12,4/18/2026,6/30/2026,5/11/2026 4:10,410,410,174.98,174.98,584.98,584.98
USCHS,USCHS,CNTAO,"Charleston, SC, USCHS","Charleston, SC, USCHS","Qingdao, 37, CNTAO",CNTAO,YMJA,YML,51625,DRY,9,5/16/2026,6/30/2026,5/11/2026 4:10,491,491,235.27,235.27,726.27,726.27
USCHS,USCHS,CNTAO,"Charleston, SC, USCHS","Charleston, SC, USCHS","Qingdao, 37, CNTAO",CNQDG,EGLV,EMC,SC103574,DRY,4,5/1/2026,6/30/2026,5/10/2026 3:45,650,650,0,0,650,650
USCHS,USCHS,CNTAO,"Charleston, SC, USCHS","Charleston, SC, USCHS","Qingdao, 37, CNTAO",CNTAO,ONEY,ONE,CHIM354B25,DRY,15,5/16/2026,6/30/2026,5/11/2026 4:10,680,680,122.49,122.49,802.49,802.49
USCHS,USCHS,CNTAO,"Charleston, SC, USCHS","Charleston, SC, USCHS","Qingdao, 37, CNTAO",CNTAO,ONEY,ONE,CHIM354B25,DRY,15,5/6/2026,5/15/2026,5/11/2026 4:10,680,680,122.49,122.49,802.49,802.49
USCHS,USCHS,CNTAO,"Charleston, SC, USCHS","Charleston, SC, USCHS","Qingdao, 37, CNTAO",KRPUS,YMJA,YML,51625,DRY,9,4/23/2026,5/15/2026,5/11/2026 4:10,762,762,123.14,123.14,885.14,885.14
USCHS,USCHS,CNTAO,"Charleston, SC, USCHS","Charleston, SC, USCHS","Qingdao, 37, CNTAO",SGSIN,YMJA,YML,51625,DRY,9,4/23/2026,5/15/2026,5/11/2026 4:10,807,807,274.53,274.53,1081.53,1081.53
USCHS,USCHS,CNTAO,"Charleston, SC, USCHS","Charleston, SC, USCHS","Qingdao, 37, CNTAO",KRPUS,YMJA,YML,51625,DRY,9,5/16/2026,6/30/2026,5/11/2026 4:10,896,896,123.14,123.14,1019.14,1019.14
USCHS,USCHS,CNTAO,"Charleston, SC, USCHS","Charleston, SC, USCHS","Qingdao, 37, CNTAO",SGSIN,YMJA,YML,51625,DRY,9,5/16/2026,6/30/2026,5/11/2026 4:10,941,941,274.53,274.53,1215.53,1215.53
USCHS,USCHS,CNTAZ,"Charleston, SC, USCHS","Charleston, SC, USCHS","Taizhou Pt, 33, CNTAZ",CNSHA,YMJA,YML,51625,DRY,9,4/23/2026,5/15/2026,5/11/2026 4:10,762,762,235.27,235.27,997.27,997.27
USCHS,USCHS,CNTAZ,"Charleston, SC, USCHS","Charleston, SC, USCHS","Taizhou Pt, 33, CNTAZ",CNSHA,YMJA,YML,51625,DRY,9,5/16/2026,6/30/2026,5/11/2026 4:10,896,896,235.27,235.27,1131.27,1131.27
USCHS,USCHS,CNTOL,"Charleston, SC, USCHS","Charleston, SC, USCHS","Tongling Pt, 34, CNTOL",CNSHA,YMJA,YML,51625,DRY,9,4/23/2026,5/15/2026,5/11/2026 4:10,802,802,235.27,235.27,1037.27,1037.27
USCHS,USCHS,CNTOL,"Charleston, SC, USCHS","Charleston, SC, USCHS","Tongling Pt, 34, CNTOL",CNSHA,YMJA,YML,51625,DRY,9,5/16/2026,6/30/2026,5/11/2026 4:10,936,936,235.27,235.27,1171.27,1171.27
USCHS,USCHS,CNTXG,"Charleston, SC, USCHS","Charleston, SC, USCHS","Tianjin Xingang Pt, 12, CNTXG",CNTXG,MAEU,Maersk,300094432,DRY,0,4/1/2026,9/30/2026,3/25/2026 3:45,76,76,0,0,76,76
USCHS,USCHS,CNTXG,"Charleston, SC, USCHS","Charleston, SC, USCHS","Tianjin Xingang Pt, 12, CNTXG",CNTXG,ONEY,ONE,CHIM354B25,DRY,15,5/16/2026,6/30/2026,5/11/2026 4:10,450,450,119.69,119.69,569.69,569.69
USCHS,USCHS,CNTXG,"Charleston, SC, USCHS","Charleston, SC, USCHS","Tianjin Xingang Pt, 12, CNTXG",CNTXG,ONEY,ONE,CHIM354B25,DRY,15,5/6/2026,5/15/2026,5/11/2026 4:10,450,450,119.69,119.69,569.69,569.69
USCHS,USCHS,CNTXG,"Charleston, SC, USCHS","Charleston, SC, USCHS","Tianjin Xingang Pt, 12, CNTXG",CNTXG,YMJA,YML,51625,DRY,9,4/23/2026,5/15/2026,5/11/2026 4:10,607,607,235.27,235.27,842.27,842.27
USCHS,USCHS,CNTXG,"Charleston, SC, USCHS","Charleston, SC, USCHS","Tianjin Xingang Pt, 12, CNTXG",CNTXG,YMJA,YML,51625,DRY,9,5/16/2026,6/30/2026,5/11/2026 4:10,741,741,235.27,235.27,976.27,976.27
USCHS,USCHS,CNTXG,"Charleston, SC, USCHS","Charleston, SC, USCHS","Tianjin Xingang Pt, 12, CNTXG",CNTXG,CMDU,CMA,25-0720,DRY,12,4/18/2026,6/30/2026,5/11/2026 4:10,760,760,166.16,166.16,926.16,926.16
USCHS,USCHS,CNTXG,"Charleston, SC, USCHS","Charleston, SC, USCHS","Tianjin Xingang Pt, 12, CNTXG",KRPUS,YMJA,YML,51625,DRY,9,4/23/2026,5/15/2026,5/11/2026 4:10,782,782,123.14,123.14,905.14,905.14
USCHS,USCHS,CNTXG,"Charleston, SC, USCHS","Charleston, SC, USCHS","Tianjin Xingang Pt, 12, CNTXG",TWKHH,YMJA,YML,51625,DRY,9,5/16/2026,6/30/2026,5/11/2026 4:10,817,817,223.53,223.53,1040.53,1040.53
USCHS,USCHS,CNTXG,"Charleston, SC, USCHS","Charleston, SC, USCHS","Tianjin Xingang Pt, 12, CNTXG",TWKHH,YMJA,YML,51625,DRY,9,4/23/2026,5/15/2026,5/11/2026 4:10,817,817,223.53,223.53,1040.53,1040.53
USCHS,USCHS,CNTXG,"Charleston, SC, USCHS","Charleston, SC, USCHS","Tianjin Xingang Pt, 12, CNTXG",KRPUS,YMJA,YML,51625,DRY,9,5/16/2026,6/30/2026,5/11/2026 4:10,916,916,123.14,123.14,1039.14,1039.14
USCHS,USCHS,CNWHG,"Charleston, SC, USCHS","Charleston, SC, USCHS","Wuhan Pt, 42, CNWHG",CNWHG,MAEU,Maersk,300094432,DRY,0,4/1/2026,9/30/2026,5/11/2026 4:10,349,349,16.32,16.32,365.32,365.32
USCHS,USCHS,CNWHG,"Charleston, SC, USCHS","Charleston, SC, USCHS","Wuhan Pt, 42, CNWHG",CNWHG,CMDU,CMA,25-0720,DRY,12,4/18/2026,6/30/2026,5/11/2026 4:10,720,720,169.83,169.83,889.83,889.83
USCHS,USCHS,CNWHG,"Charleston, SC, USCHS","Charleston, SC, USCHS","Wuhan Pt, 42, CNWHG",CNSHA,YMJA,YML,51625,DRY,9,4/23/2026,5/15/2026,5/11/2026 4:10,902,902,235.27,235.27,1137.27,1137.27
USCHS,USCHS,CNWHG,"Charleston, SC, USCHS","Charleston, SC, USCHS","Wuhan Pt, 42, CNWHG",CNSHA,YMJA,YML,51625,DRY,9,5/16/2026,6/30/2026,5/11/2026 4:10,1036,1036,235.27,235.27,1271.27,1271.27
USCHS,USCHS,CNWHI,"Charleston, SC, USCHS","Charleston, SC, USCHS","Wuhu Pt, 34, CNWHI",CNSHA,YMJA,YML,51625,DRY,9,4/23/2026,5/15/2026,5/11/2026 4:10,762,762,235.27,235.27,997.27,997.27
USCHS,USCHS,CNWHI,"Charleston, SC, USCHS","Charleston, SC, USCHS","Wuhu Pt, 34, CNWHI",CNWHI,CMDU,CMA,25-0720,DRY,12,4/18/2026,6/30/2026,5/11/2026 4:10,810,810,169.83,169.83,979.83,979.83
USCHS,USCHS,CNWHI,"Charleston, SC, USCHS","Charleston, SC, USCHS","Wuhu Pt, 34, CNWHI",CNSHA,YMJA,YML,51625,DRY,9,5/16/2026,6/30/2026,5/11/2026 4:10,896,896,235.27,235.27,1131.27,1131.27
USCHS,USCHS,CNWJA,"Charleston, SC, USCHS","Charleston, SC, USCHS","Wujiang, 32, CNWJA",CNSHA,YMJA,YML,51625,DRY,9,4/23/2026,5/15/2026,5/11/2026 4:10,942,942,235.27,235.27,1177.27,1177.27
USCHS,USCHS,CNWJA,"Charleston, SC, USCHS","Charleston, SC, USCHS","Wujiang, 32, CNWJA",CNSHA,YMJA,YML,51625,DRY,9,5/16/2026,6/30/2026,5/11/2026 4:10,1076,1076,235.27,235.27,1311.27,1311.27
USCHS,USCHS,CNWNZ,"Charleston, SC, USCHS","Charleston, SC, USCHS","Wenzhou Longwan, 33, CNWNZ",CNNBG,YMJA,YML,51625,DRY,9,4/23/2026,5/15/2026,5/11/2026 4:10,802,802,235.27,235.27,1037.27,1037.27
USCHS,USCHS,CNWNZ,"Charleston, SC, USCHS","Charleston, SC, USCHS","Wenzhou Longwan, 33, CNWNZ",CNSHA,YMJA,YML,51625,DRY,9,4/23/2026,5/15/2026,5/11/2026 4:10,802,802,235.27,235.27,1037.27,1037.27
USCHS,USCHS,CNWNZ,"Charleston, SC, USCHS","Charleston, SC, USCHS","Wenzhou Longwan, 33, CNWNZ",CNNBG,YMJA,YML,51625,DRY,9,5/16/2026,6/30/2026,5/11/2026 4:10,936,936,235.27,235.27,1171.27,1171.27
USCHS,USCHS,CNWNZ,"Charleston, SC, USCHS","Charleston, SC, USCHS","Wenzhou Longwan, 33, CNWNZ",CNSHA,YMJA,YML,51625,DRY,9,5/16/2026,6/30/2026,5/11/2026 4:10,936,936,235.27,235.27,1171.27,1171.27
USCHS,USCHS,CNWUH,"Charleston, SC, USCHS","Charleston, SC, USCHS","Wuhan Tianhe, 42, CNWUH",CNWUH,CMDU,CMA,25-0720,DRY,12,4/18/2026,6/30/2026,5/11/2026 4:10,720,720,169.83,169.83,889.83,889.83
USCHS,USCHS,CNWUH,"Charleston, SC, USCHS","Charleston, SC, USCHS","Wuhan Tianhe, 42, CNWUH",CNWUH,ONEY,ONE,CHIM354B25,DRY,15,5/16/2026,6/30/2026,5/11/2026 4:10,760,760,121.75,121.75,881.75,881.75
USCHS,USCHS,CNWUH,"Charleston, SC, USCHS","Charleston, SC, USCHS","Wuhan Tianhe, 42, CNWUH",CNWUH,ONEY,ONE,CHIM354B25,DRY,15,5/6/2026,5/15/2026,5/11/2026 4:10,760,760,121.75,121.75,881.75,881.75
USCHS,USCHS,CNWUZ,"Charleston, SC, USCHS","Charleston, SC, USCHS","Wuzhou Pt, 45, CNWUZ",CNWUZ,ONEY,ONE,CHIM354B25,DRY,15,5/6/2026,5/15/2026,5/11/2026 4:10,730,730,178.8,178.8,908.8,908.8
USCHS,USCHS,CNWUZ,"Charleston, SC, USCHS","Charleston, SC, USCHS","Wuzhou Pt, 45, CNWUZ",CNWUZ,ONEY,ONE,CHIM354B25,DRY,15,5/16/2026,6/30/2026,5/11/2026 4:10,730,730,178.8,178.8,908.8,908.8
USCHS,USCHS,CNXIA,"Charleston, SC, USCHS","Charleston, SC, USCHS","Xian, 33, CNXIA",CNSHA,YMJA,YML,51625,DRY,9,4/23/2026,5/15/2026,5/11/2026 4:10,2707,2707,235.27,235.27,2942.27,2942.27
USCHS,USCHS,CNXIA,"Charleston, SC, USCHS","Charleston, SC, USCHS","Xian, 33, CNXIA",CNSHA,YMJA,YML,51625,DRY,9,5/16/2026,6/30/2026,5/11/2026 4:10,2841,2841,235.27,235.27,3076.27,3076.27
USCHS,USCHS,CNXMN,"Charleston, SC, USCHS","Charleston, SC, USCHS","Xiamen, 35, CNXMN",CNXMN,MAEU,Maersk,300094432,DRY,0,4/1/2026,9/30/2026,3/25/2026 3:45,226,226,0,0,226,226
USCHS,USCHS,CNXMN,"Charleston, SC, USCHS","Charleston, SC, USCHS","Xiamen, 35, CNXMN",CNXMN,OOLU,OOCL,MT256104,DRY,16,4/1/2026,6/30/2026,5/10/2026 3:45,243,243,0,0,243,243
USCHS,USCHS,CNXMN,"Charleston, SC, USCHS","Charleston, SC, USCHS","Xiamen, 35, CNXMN",CNXMN,CMDU,CMA,25-0720,DRY,12,4/18/2026,6/30/2026,5/11/2026 4:10,355,355,166.16,166.16,521.16,521.16
USCHS,USCHS,CNXMN,"Charleston, SC, USCHS","Charleston, SC, USCHS","Xiamen, 35, CNXMN",KRPUS,YMJA,YML,51625,DRY,9,4/23/2026,5/15/2026,5/11/2026 4:10,627,627,123.14,123.14,750.14,750.14
USCHS,USCHS,CNXMN,"Charleston, SC, USCHS","Charleston, SC, USCHS","Xiamen, 35, CNXMN",CNXMN,ONEY,ONE,CHIM354B25,DRY,15,5/6/2026,5/15/2026,5/11/2026 4:10,650,650,126.6,126.6,776.6,776.6
USCHS,USCHS,CNXMN,"Charleston, SC, USCHS","Charleston, SC, USCHS","Xiamen, 35, CNXMN",CNXMN,ONEY,ONE,CHIM354B25,DRY,15,5/16/2026,6/30/2026,5/11/2026 4:10,650,650,126.6,126.6,776.6,776.6
USCHS,USCHS,CNXMN,"Charleston, SC, USCHS","Charleston, SC, USCHS","Xiamen, 35, CNXMN",KRPUS,YMJA,YML,51625,DRY,9,5/16/2026,6/30/2026,5/11/2026 4:10,761,761,123.14,123.14,884.14,884.14
USCHS,USCHS,CNXMN,"Charleston, SC, USCHS","Charleston, SC, USCHS","Xiamen, 35, CNXMN",CNXMG,EGLV,EMC,SC103574,DRY,4,5/1/2026,6/30/2026,5/10/2026 3:45,850,850,0,0,850,850
USCHS,USCHS,CNXMN,"Charleston, SC, USCHS","Charleston, SC, USCHS","Xiamen, 35, CNXMN",TWKHH,YMJA,YML,51625,DRY,9,5/16/2026,6/30/2026,5/11/2026 4:10,867,867,223.53,223.53,1090.53,1090.53
USCHS,USCHS,CNXMN,"Charleston, SC, USCHS","Charleston, SC, USCHS","Xiamen, 35, CNXMN",TWKHH,YMJA,YML,51625,DRY,9,4/23/2026,5/15/2026,5/11/2026 4:10,867,867,223.53,223.53,1090.53,1090.53
USCHS,USCHS,CNYBN,"Charleston, SC, USCHS","Charleston, SC, USCHS","Yibin, 51, CNYBN",CNSHA,YMJA,YML,51625,DRY,9,4/23/2026,5/15/2026,5/11/2026 4:10,1432,1432,235.27,235.27,1667.27,1667.27
USCHS,USCHS,CNYBN,"Charleston, SC, USCHS","Charleston, SC, USCHS","Yibin, 51, CNYBN",CNSHA,YMJA,YML,51625,DRY,9,5/16/2026,6/30/2026,5/11/2026 4:10,1566,1566,235.27,235.27,1801.27,1801.27
USCHS,USCHS,CNYIC,"Charleston, SC, USCHS","Charleston, SC, USCHS","Yichang, 42, CNYIC",CNSHA,YMJA,YML,51625,DRY,9,4/23/2026,5/15/2026,5/11/2026 4:10,1012,1012,235.27,235.27,1247.27,1247.27
USCHS,USCHS,CNYIC,"Charleston, SC, USCHS","Charleston, SC, USCHS","Yichang, 42, CNYIC",CNSHA,YMJA,YML,51625,DRY,9,5/16/2026,6/30/2026,5/11/2026 4:10,1146,1146,235.27,235.27,1381.27,1381.27
USCHS,USCHS,CNYNT,"Charleston, SC, USCHS","Charleston, SC, USCHS","Yantai Laishan, 37, CNYNT",CNYNT,ONEY,ONE,CHIM354B25,DRY,15,5/16/2026,6/30/2026,5/11/2026 4:10,855,855,122.49,122.49,977.49,977.49
USCHS,USCHS,CNYNT,"Charleston, SC, USCHS","Charleston, SC, USCHS","Yantai Laishan, 37, CNYNT",CNYNT,ONEY,ONE,CHIM354B25,DRY,15,5/6/2026,5/15/2026,5/11/2026 4:10,855,855,122.49,122.49,977.49,977.49
USCHS,USCHS,CNYPG,"Charleston, SC, USCHS","Charleston, SC, USCHS","Yangpu Pt, 46, CNYPG",CNYPG,OOLU,OOCL,MT256104,DRY,16,4/1/2026,6/30/2026,5/10/2026 3:45,243,243,0,0,243,243
USCHS,USCHS,CNYTN,"Charleston, SC, USCHS","Charleston, SC, USCHS","Yantian Pt, 44, CNYTN",CNYTN,YMJA,YML,51625,DRY,9,4/23/2026,5/15/2026,5/11/2026 4:10,207,207,235.27,235.27,442.27,442.27
USCHS,USCHS,CNYTN,"Charleston, SC, USCHS","Charleston, SC, USCHS","Yantian Pt, 44, CNYTN",CNYTN,OOLU,OOCL,MT256104,DRY,16,4/1/2026,6/30/2026,5/11/2026 4:10,243,243,166.6,166.6,409.6,409.6
USCHS,USCHS,CNYTN,"Charleston, SC, USCHS","Charleston, SC, USCHS","Yantian Pt, 44, CNYTN",CNYTN,YMJA,YML,51625,DRY,9,5/16/2026,6/30/2026,5/11/2026 4:10,341,341,235.27,235.27,576.27,576.27
USCHS,USCHS,CNYTN,"Charleston, SC, USCHS","Charleston, SC, USCHS","Yantian Pt, 44, CNYTN",CNYTN,CMDU,CMA,25-0720,DRY,12,4/18/2026,6/30/2026,5/11/2026 4:10,355,355,166.16,166.16,521.16,521.16
USCHS,USCHS,CNYTN,"Charleston, SC, USCHS","Charleston, SC, USCHS","Yantian Pt, 44, CNYTN",CNYTN,MAEU,Maersk,300094432,DRY,0,4/1/2026,9/30/2026,3/25/2026 3:45,384,384,0,0,384,384
USCHS,USCHS,CNYTN,"Charleston, SC, USCHS","Charleston, SC, USCHS","Yantian Pt, 44, CNYTN",CNYTN,ONEY,ONE,CHIM354B25,DRY,15,5/16/2026,6/30/2026,5/11/2026 4:10,420,420,178.8,178.8,598.8,598.8
USCHS,USCHS,CNYTN,"Charleston, SC, USCHS","Charleston, SC, USCHS","Yantian Pt, 44, CNYTN",CNYTN,ONEY,ONE,CHIM354B25,DRY,15,5/6/2026,5/15/2026,5/11/2026 4:10,420,420,178.8,178.8,598.8,598.8
USCHS,USCHS,CNYTN,"Charleston, SC, USCHS","Charleston, SC, USCHS","Yantian Pt, 44, CNYTN",CNYTN,YMJA,YML,51625,DRY,9,4/23/2026,5/15/2026,5/11/2026 4:10,432,432,235.27,235.27,667.27,667.27
USCHS,USCHS,CNYTN,"Charleston, SC, USCHS","Charleston, SC, USCHS","Yantian Pt, 44, CNYTN",CNYTN,YMJA,YML,51625,DRY,9,5/16/2026,6/30/2026,5/11/2026 4:10,566,566,235.27,235.27,801.27,801.27
USCHS,USCHS,CNYTN,"Charleston, SC, USCHS","Charleston, SC, USCHS","Yantian Pt, 44, CNYTN",KRPUS,YMJA,YML,51625,DRY,9,4/23/2026,5/15/2026,5/11/2026 4:10,612,612,123.14,123.14,735.14,735.14
USCHS,USCHS,CNYTN,"Charleston, SC, USCHS","Charleston, SC, USCHS","Yantian Pt, 44, CNYTN",KRPUS,YMJA,YML,51625,DRY,9,5/16/2026,6/30/2026,5/11/2026 4:10,746,746,123.14,123.14,869.14,869.14
USCHS,USCHS,CNYTN,"Charleston, SC, USCHS","Charleston, SC, USCHS","Yantian Pt, 44, CNYTN",CNYTN,EGLV,EMC,SC103574,DRY,4,5/1/2026,6/30/2026,5/10/2026 3:45,900,900,0,0,900,900
USCHS,USCHS,CNYYA,"Charleston, SC, USCHS","Charleston, SC, USCHS","Yueyang, 50, CNYYA",CNYYA,MAEU,Maersk,300094432,DRY,0,4/1/2026,9/30/2026,5/11/2026 4:10,286,286,16.32,16.32,302.32,302.32
USCHS,USCHS,CNYYA,"Charleston, SC, USCHS","Charleston, SC, USCHS","Yueyang, 50, CNYYA",CNYYA,CMDU,CMA,25-0720,DRY,12,4/18/2026,6/30/2026,5/11/2026 4:10,760,760,169.83,169.83,929.83,929.83
USCHS,USCHS,CNYYA,"Charleston, SC, USCHS","Charleston, SC, USCHS","Yueyang, 50, CNYYA",CNSHA,YMJA,YML,51625,DRY,9,4/23/2026,5/15/2026,5/11/2026 4:10,1012,1012,235.27,235.27,1247.27,1247.27
USCHS,USCHS,CNYYA,"Charleston, SC, USCHS","Charleston, SC, USCHS","Yueyang, 50, CNYYA",CNYYA,ONEY,ONE,CHIM354B25,DRY,15,5/16/2026,6/30/2026,5/11/2026 4:10,1015,1015,126.6,126.6,1141.6,1141.6
USCHS,USCHS,CNYYA,"Charleston, SC, USCHS","Charleston, SC, USCHS","Yueyang, 50, CNYYA",CNYYA,ONEY,ONE,CHIM354B25,DRY,15,5/6/2026,5/15/2026,5/11/2026 4:10,1015,1015,126.6,126.6,1141.6,1141.6
USCHS,USCHS,CNYYA,"Charleston, SC, USCHS","Charleston, SC, USCHS","Yueyang, 50, CNYYA",CNSHA,YMJA,YML,51625,DRY,9,5/16/2026,6/30/2026,5/11/2026 4:10,1146,1146,235.27,235.27,1381.27,1381.27
USCHS,USCHS,CNYZH,"Charleston, SC, USCHS","Charleston, SC, USCHS","Yangzhou Pt, 32, CNYZH",CNSHA,YMJA,YML,51625,DRY,9,4/23/2026,5/15/2026,5/11/2026 4:10,762,762,235.27,235.27,997.27,997.27
USCHS,USCHS,CNYZH,"Charleston, SC, USCHS","Charleston, SC, USCHS","Yangzhou Pt, 32, CNYZH",CNSHA,YMJA,YML,51625,DRY,9,5/16/2026,6/30/2026,5/11/2026 4:10,896,896,235.27,235.27,1131.27,1131.27
USCHS,USCHS,CNZAP,"Charleston, SC, USCHS","Charleston, SC, USCHS","Zhapu, 33, CNZAP",CNNBG,YMJA,YML,51625,DRY,9,4/23/2026,5/15/2026,5/11/2026 4:10,712,712,235.27,235.27,947.27,947.27
USCHS,USCHS,CNZAP,"Charleston, SC, USCHS","Charleston, SC, USCHS","Zhapu, 33, CNZAP",CNNBG,YMJA,YML,51625,DRY,9,5/16/2026,6/30/2026,5/11/2026 4:10,846,846,235.27,235.27,1081.27,1081.27
USCHS,USCHS,CNZHA,"Charleston, SC, USCHS","Charleston, SC, USCHS","Zhanjiang Potou Apt, 44, CNZHA",CNZHA,CMDU,CMA,25-0720,DRY,12,4/18/2026,6/30/2026,5/11/2026 4:10,810,810,169.83,169.83,979.83,979.83
USCHS,USCHS,CNZHE,"Charleston, SC, USCHS","Charleston, SC, USCHS","Zhenjiang Pt, 32, CNZHE",CNSHA,YMJA,YML,51625,DRY,9,4/23/2026,5/15/2026,5/11/2026 4:10,732,732,235.27,235.27,967.27,967.27
USCHS,USCHS,CNZHE,"Charleston, SC, USCHS","Charleston, SC, USCHS","Zhenjiang Pt, 32, CNZHE",CNSHA,YMJA,YML,51625,DRY,9,5/16/2026,6/30/2026,5/11/2026 4:10,866,866,235.27,235.27,1101.27,1101.27
USCHS,USCHS,CNZHU,"Charleston, SC, USCHS","Charleston, SC, USCHS","Zhuao, 41, CNZHU",CNZHU,MAEU,Maersk,300094432,DRY,0,4/1/2026,9/30/2026,3/25/2026 3:45,744,744,0,0,744,744
USCHS,USCHS,CNZJG,"Charleston, SC, USCHS","Charleston, SC, USCHS","Zhangjiagang, 32, CNZJG",CNZJG,ONEY,ONE,CHIM354B25,DRY,15,5/16/2026,6/30/2026,5/11/2026 4:10,610,610,121.75,121.75,731.75,731.75
USCHS,USCHS,CNZJG,"Charleston, SC, USCHS","Charleston, SC, USCHS","Zhangjiagang, 32, CNZJG",CNZJG,ONEY,ONE,CHIM354B25,DRY,15,5/6/2026,5/15/2026,5/11/2026 4:10,610,610,121.75,121.75,731.75,731.75
USCHS,USCHS,CNZJG,"Charleston, SC, USCHS","Charleston, SC, USCHS","Zhangjiagang, 32, CNZJG",CNZJG,CMDU,CMA,25-0720,DRY,12,4/18/2026,6/30/2026,5/11/2026 4:10,620,620,169.83,169.83,789.83,789.83
USCHS,USCHS,CNZJG,"Charleston, SC, USCHS","Charleston, SC, USCHS","Zhangjiagang, 32, CNZJG",CNZJG,MAEU,Maersk,300094432,DRY,0,4/1/2026,9/30/2026,5/11/2026 4:10,674,674,16.32,16.32,690.32,690.32
USCHS,USCHS,CNZJG,"Charleston, SC, USCHS","Charleston, SC, USCHS","Zhangjiagang, 32, CNZJG",CNSHA,YMJA,YML,51625,DRY,9,4/23/2026,5/15/2026,5/11/2026 4:10,762,762,235.27,235.27,997.27,997.27
USCHS,USCHS,CNZJG,"Charleston, SC, USCHS","Charleston, SC, USCHS","Zhangjiagang, 32, CNZJG",CNSHA,YMJA,YML,51625,DRY,9,5/16/2026,6/30/2026,5/11/2026 4:10,896,896,235.27,235.27,1131.27,1131.27
USCHS,USCHS,CNZNG,"Charleston, SC, USCHS","Charleston, SC, USCHS","Zhanjiang Pt, 44, CNZNG",CNZNG,CMDU,CMA,25-0720,DRY,12,4/18/2026,6/30/2026,5/11/2026 4:10,810,810,169.83,169.83,979.83,979.83
USCHS,USCHS,CNZNG,"Charleston, SC, USCHS","Charleston, SC, USCHS","Zhanjiang Pt, 44, CNZNG",CNZNG,MAEU,Maersk,300094432,DRY,0,4/1/2026,9/30/2026,3/25/2026 3:45,884,884,0,0,884,884
USCHS,USCHS,CNZSN,"Charleston, SC, USCHS","Charleston, SC, USCHS","Zhongshan Pt, 44, CNZSN",CNZSN,ONEY,ONE,CHIM354B25,DRY,15,5/6/2026,5/15/2026,5/11/2026 4:10,625,625,178.8,178.8,803.8,803.8
USCHS,USCHS,CNZSN,"Charleston, SC, USCHS","Charleston, SC, USCHS","Zhongshan Pt, 44, CNZSN",CNZSN,ONEY,ONE,CHIM354B25,DRY,15,5/16/2026,6/30/2026,5/11/2026 4:10,625,625,178.8,178.8,803.8,803.8
USCHS,USCHS,CNZUH,"Charleston, SC, USCHS","Charleston, SC, USCHS","Zhuhai Pt, 44, CNZUH",CNZUH,ONEY,ONE,CHIM354B25,DRY,15,5/16/2026,6/30/2026,5/11/2026 4:10,710,710,178.8,178.8,888.8,888.8
USCHS,USCHS,CNZUH,"Charleston, SC, USCHS","Charleston, SC, USCHS","Zhuhai Pt, 44, CNZUH",CNZUH,ONEY,ONE,CHIM354B25,DRY,15,5/6/2026,5/15/2026,5/11/2026 4:10,710,710,178.8,178.8,888.8,888.8
USCHS,USCHS,COBUN,"Charleston, SC, USCHS","Charleston, SC, USCHS","Buenaventura, , COBUN",COBUN,ONEY,ONE,CHIM354B25,DRY,15,5/16/2026,6/30/2026,5/7/2026 4:10,1660,1660,141,141,1801,1801
USCHS,USCHS,COBUN,"Charleston, SC, USCHS","Charleston, SC, USCHS","Buenaventura, , COBUN",COBUN,ONEY,ONE,CHIM354B25,DRY,15,5/6/2026,5/15/2026,5/7/2026 4:10,1660,1660,141,141,1801,1801
USCHS,USCHS,COSPC,"Charleston, SC, USCHS","Charleston, SC, USCHS","Portuaria Regional Cartagena, BOL, COSPC",COSPC,ONEY,ONE,CHIM354B25,DRY,15,5/6/2026,5/15/2026,5/7/2026 4:10,1150,1150,125,125,1275,1275
USCHS,USCHS,COSPC,"Charleston, SC, USCHS","Charleston, SC, USCHS","Portuaria Regional Cartagena, BOL, COSPC",COSPC,ONEY,ONE,CHIM354B25,DRY,15,5/16/2026,6/30/2026,5/7/2026 4:10,1150,1150,125,125,1275,1275
USCHS,USCHS,DZALG,"Charleston, SC, USCHS","Charleston, SC, USCHS","Alger (Algiers), 16, DZALG",DZALG,MAEU,Maersk,300094432,DRY,0,4/1/2026,9/30/2026,5/11/2026 4:10,2416,2416,21.5,21.5,2437.5,2437.5
USCHS,USCHS,ECGYE,"Charleston, SC, USCHS","Charleston, SC, USCHS","Guayaquil, G, ECGYE",ECGYE,ONEY,ONE,CHIM354B25,DRY,15,5/6/2026,5/15/2026,5/7/2026 4:10,1450,1450,410,310,1860,1760
USCHS,USCHS,ECGYE,"Charleston, SC, USCHS","Charleston, SC, USCHS","Guayaquil, G, ECGYE",ECGYE,ONEY,ONE,CHIM354B25,DRY,15,5/16/2026,6/30/2026,5/7/2026 4:10,1450,1450,410,310,1860,1760
USCHS,USCHS,EGALY,"Charleston, SC, USCHS","Charleston, SC, USCHS","Alexandria, , EGALY",EGALY,MAEU,Maersk,300094432,DRY,0,4/1/2026,9/30/2026,3/25/2026 4:10,3104,3104,80,80,3184,3184
USCHS,USCHS,EGDAM,"Charleston, SC, USCHS","Charleston, SC, USCHS","Damietta, , EGDAM",EGDAM,MAEU,Maersk,300094432,DRY,0,4/1/2026,9/30/2026,3/25/2026 4:10,1552,1552,80,80,1632,1632
USCHS,USCHS,ESALG,"Charleston, SC, USCHS","Charleston, SC, USCHS","Algeciras, , ESALG",ESALG,ONEY,ONE,CHIM354B25,DRY,15,5/6/2026,5/15/2026,5/11/2026 4:10,1008,1008,392.84,392.84,1400.84,1400.84
USCHS,USCHS,ESALG,"Charleston, SC, USCHS","Charleston, SC, USCHS","Algeciras, , ESALG",ESALG,ONEY,ONE,CHIM354B25,DRY,15,5/16/2026,6/30/2026,5/11/2026 4:10,1008,1008,392.84,392.84,1400.84,1400.84
USCHS,USCHS,GTGUA,"Charleston, SC, USCHS","Charleston, SC, USCHS","Guatemala City, , GTGUA",GTSTC,EGLV,EMC,SC103574,DRY,2,4/20/2026,6/30/2026,5/10/2026 3:45,3000,3000,0,0,3000,3000
USCHS,USCHS,HNNAC,"Charleston, SC, USCHS","Charleston, SC, USCHS","Naco, SB, HNNAC","Puerto Cortes, HN",MAEU,Maersk,300094432,DRY,0,4/1/2026,9/30/2026,3/25/2026 4:10,2537,2487,285,285,2822,2772
USCHS,USCHS,HNPCR,"Charleston, SC, USCHS","Charleston, SC, USCHS","Puerto Cortes, , HNPCR",HNPCR,EGLV,EMC,SC103574,DRY,2,4/20/2026,6/30/2026,5/10/2026 4:10,2500,2500,190,190,2690,2690
USCHS,USCHS,HNSBA,"Charleston, SC, USCHS","Charleston, SC, USCHS","Santa Barbara, , HNSBA","Puerto Cortes, HN",MAEU,Maersk,300094432,DRY,0,4/1/2026,9/30/2026,3/25/2026 3:45,2897,2817,0,0,2897,2817
USCHS,USCHS,IDBLW,"Charleston, SC, USCHS","Charleston, SC, USCHS","Belawan, , IDBLW",IDBLW,OOLU,OOCL,MT256104,DRY,16,4/1/2026,6/30/2026,5/10/2026 4:10,643,643,145,145,788,788
USCHS,USCHS,IDBLW,"Charleston, SC, USCHS","Charleston, SC, USCHS","Belawan, , IDBLW",IDBLW,YMJA,YML,51625,DRY,9,4/23/2026,5/15/2026,5/10/2026 3:45,707,707,0,0,707,707
USCHS,USCHS,IDBLW,"Charleston, SC, USCHS","Charleston, SC, USCHS","Belawan, , IDBLW",IDBLW,YMJA,YML,51625,DRY,9,5/16/2026,6/30/2026,5/10/2026 3:45,841,841,0,0,841,841
USCHS,USCHS,IDBLW,"Charleston, SC, USCHS","Charleston, SC, USCHS","Belawan, , IDBLW",IDBLW,MAEU,Maersk,300094432,DRY,0,4/1/2026,9/30/2026,5/11/2026 4:10,971,971,12.95,12.95,983.95,983.95
USCHS,USCHS,IDBLW,"Charleston, SC, USCHS","Charleston, SC, USCHS","Belawan, , IDBLW",IDBLW,EGLV,EMC,SC103574,DRY,4,5/1/2026,6/30/2026,5/10/2026 4:10,1050,1050,145,145,1195,1195
USCHS,USCHS,IDBLW,"Charleston, SC, USCHS","Charleston, SC, USCHS","Belawan, , IDBLW",IDBLW,ONEY,ONE,CHIM354B25,DRY,15,5/6/2026,5/15/2026,5/11/2026 4:10,1150,1150,490.28,490.28,1640.28,1640.28
USCHS,USCHS,IDBLW,"Charleston, SC, USCHS","Charleston, SC, USCHS","Belawan, , IDBLW",IDBLW,ONEY,ONE,CHIM354B25,DRY,15,5/16/2026,6/30/2026,5/11/2026 4:10,1150,1150,490.28,490.28,1640.28,1640.28
USCHS,USCHS,IDBLW,"Charleston, SC, USCHS","Charleston, SC, USCHS","Belawan, , IDBLW",IDBLW,CMDU,CMA,25-0720,DRY,12,4/18/2026,6/30/2026,5/5/2026 4:10,1210,1210,145,145,1355,1355
USCHS,USCHS,IDBLW,"Charleston, SC, USCHS","Charleston, SC, USCHS","Belawan, , IDBLW",IDBLW,MSCU,MSC,25-348WCSA,DRY,7,5/1/2026,5/31/2026,5/10/2026 4:10,1253.39,1253.39,165,165,1418.39,1418.39
USCHS,USCHS,IDBLW,"Charleston, SC, USCHS","Charleston, SC, USCHS","Belawan, , IDBLW",IDBLW,MSCU,MSC,25-348WCSA,DRY,7,6/1/2026,6/30/2026,5/10/2026 4:10,1293.39,1293.39,165,165,1458.39,1458.39
USCHS,USCHS,IDBLW,"Charleston, SC, USCHS","Charleston, SC, USCHS","Belawan, , IDBLW",CNSHA,YMJA,YML,51625,DRY,9,4/23/2026,5/15/2026,5/11/2026 4:10,1337,1337,235.27,235.27,1572.27,1572.27
USCHS,USCHS,IDBLW,"Charleston, SC, USCHS","Charleston, SC, USCHS","Belawan, , IDBLW",SGSIN,YMJA,YML,51625,DRY,9,4/23/2026,5/15/2026,5/11/2026 4:10,1337,1337,274.53,274.53,1611.53,1611.53
USCHS,USCHS,IDBLW,"Charleston, SC, USCHS","Charleston, SC, USCHS","Belawan, , IDBLW",SGSIN,YMJA,YML,51625,DRY,9,5/16/2026,6/30/2026,5/11/2026 4:10,1471,1471,274.53,274.53,1745.53,1745.53
USCHS,USCHS,IDBLW,"Charleston, SC, USCHS","Charleston, SC, USCHS","Belawan, , IDBLW",CNSHA,YMJA,YML,51625,DRY,9,5/16/2026,6/30/2026,5/11/2026 4:10,1471,1471,235.27,235.27,1706.27,1706.27
USCHS,USCHS,IDCKR,"Charleston, SC, USCHS","Charleston, SC, USCHS","Cikarang, JB, IDCKR",IDCKR,ONEY,ONE,CHIM354B25,DRY,15,5/16/2026,6/30/2026,5/11/2026 4:10,1610,1610,490.28,490.28,2100.28,2100.28
USCHS,USCHS,IDCKR,"Charleston, SC, USCHS","Charleston, SC, USCHS","Cikarang, JB, IDCKR",IDCKR,ONEY,ONE,CHIM354B25,DRY,15,5/6/2026,5/15/2026,5/11/2026 4:10,1610,1610,490.28,490.28,2100.28,2100.28
USCHS,USCHS,IDJBK,"Charleston, SC, USCHS","Charleston, SC, USCHS","Jababeka, , IDJBK",IDJKT,CMDU,CMA,25-0720,DRY,12,4/18/2026,6/30/2026,5/5/2026 4:10,1020,1020,165,165,1185,1185
USCHS,USCHS,IDJKT,"Charleston, SC, USCHS","Charleston, SC, USCHS","Jakarta, JK, IDJKT",IDJKT,YMJA,YML,51625,DRY,9,4/23/2026,5/15/2026,5/10/2026 4:10,512,512,145,145,657,657
USCHS,USCHS,IDJKT,"Charleston, SC, USCHS","Charleston, SC, USCHS","Jakarta, JK, IDJKT",IDJKT,YMJA,YML,51625,DRY,9,4/23/2026,5/15/2026,5/10/2026 3:45,557,557,0,0,557,557
USCHS,USCHS,IDJKT,"Charleston, SC, USCHS","Charleston, SC, USCHS","Jakarta, JK, IDJKT",IDJKT,OOLU,OOCL,MT256104,DRY,16,4/1/2026,6/30/2026,5/10/2026 4:10,643,643,145,145,788,788
USCHS,USCHS,IDJKT,"Charleston, SC, USCHS","Charleston, SC, USCHS","Jakarta, JK, IDJKT",IDJKT,YMJA,YML,51625,DRY,9,5/16/2026,6/30/2026,5/10/2026 4:10,646,646,145,145,791,791
USCHS,USCHS,IDJKT,"Charleston, SC, USCHS","Charleston, SC, USCHS","Jakarta, JK, IDJKT",IDJKT,YMJA,YML,51625,DRY,9,5/16/2026,6/30/2026,5/10/2026 3:45,691,691,0,0,691,691
USCHS,USCHS,IDJKT,"Charleston, SC, USCHS","Charleston, SC, USCHS","Jakarta, JK, IDJKT",IDJKT,CMDU,CMA,25-0720,DRY,12,4/18/2026,6/30/2026,5/5/2026 4:10,720,720,165,165,885,885
USCHS,USCHS,IDJKT,"Charleston, SC, USCHS","Charleston, SC, USCHS","Jakarta, JK, IDJKT",IDJKT,MAEU,Maersk,300094432,DRY,0,4/1/2026,9/30/2026,5/11/2026 4:10,721,721,12.95,12.95,733.95,733.95
USCHS,USCHS,IDJKT,"Charleston, SC, USCHS","Charleston, SC, USCHS","Jakarta, JK, IDJKT",IDJKT,ONEY,ONE,CHIM354B25,DRY,15,5/6/2026,5/15/2026,5/11/2026 4:10,910,910,490.28,490.28,1400.28,1400.28
USCHS,USCHS,IDJKT,"Charleston, SC, USCHS","Charleston, SC, USCHS","Jakarta, JK, IDJKT",IDJKT,ONEY,ONE,CHIM354B25,DRY,15,5/16/2026,6/30/2026,5/11/2026 4:10,910,910,490.28,490.28,1400.28,1400.28
USCHS,USCHS,IDJKT,"Charleston, SC, USCHS","Charleston, SC, USCHS","Jakarta, JK, IDJKT",CNSHA,YMJA,YML,51625,DRY,9,4/23/2026,5/15/2026,5/11/2026 4:10,1032,1032,235.27,235.27,1267.27,1267.27
USCHS,USCHS,IDJKT,"Charleston, SC, USCHS","Charleston, SC, USCHS","Jakarta, JK, IDJKT",SGSIN,YMJA,YML,51625,DRY,9,4/23/2026,5/15/2026,5/11/2026 4:10,1032,1032,274.53,274.53,1306.53,1306.53
USCHS,USCHS,IDJKT,"Charleston, SC, USCHS","Charleston, SC, USCHS","Jakarta, JK, IDJKT",IDJKT,EGLV,EMC,SC103574,DRY,4,5/1/2026,6/30/2026,5/10/2026 4:10,1050,1050,145,145,1195,1195
USCHS,USCHS,IDJKT,"Charleston, SC, USCHS","Charleston, SC, USCHS","Jakarta, JK, IDJKT",CNSHA,YMJA,YML,51625,DRY,9,5/16/2026,6/30/2026,5/11/2026 4:10,1166,1166,235.27,235.27,1401.27,1401.27
USCHS,USCHS,IDJKT,"Charleston, SC, USCHS","Charleston, SC, USCHS","Jakarta, JK, IDJKT",SGSIN,YMJA,YML,51625,DRY,9,5/16/2026,6/30/2026,5/11/2026 4:10,1166,1166,274.53,274.53,1440.53,1440.53
USCHS,USCHS,IDJKT,"Charleston, SC, USCHS","Charleston, SC, USCHS","Jakarta, JK, IDJKT",IDJKT,MSCU,MSC,25-348WCSA,DRY,7,5/1/2026,5/31/2026,5/10/2026 4:10,1253.39,1253.39,165,165,1418.39,1418.39
USCHS,USCHS,IDJKT,"Charleston, SC, USCHS","Charleston, SC, USCHS","Jakarta, JK, IDJKT",IDJKT,MSCU,MSC,25-348WCSA,DRY,7,6/1/2026,6/30/2026,5/10/2026 4:10,1293.39,1293.39,165,165,1458.39,1458.39
USCHS,USCHS,IDPLM,"Charleston, SC, USCHS","Charleston, SC, USCHS","Palembang, Sumatra, , IDPLM",SGSIN,YMJA,YML,51625,DRY,9,4/23/2026,5/15/2026,5/11/2026 4:10,1482,1482,274.53,274.53,1756.53,1756.53
USCHS,USCHS,IDPLM,"Charleston, SC, USCHS","Charleston, SC, USCHS","Palembang, Sumatra, , IDPLM",SGSIN,YMJA,YML,51625,DRY,9,5/16/2026,6/30/2026,5/11/2026 4:10,1616,1616,274.53,274.53,1890.53,1890.53
USCHS,USCHS,IDSRG,"Charleston, SC, USCHS","Charleston, SC, USCHS","Semarang, JT, IDSRG",IDSRG,YMJA,YML,51625,DRY,9,4/23/2026,5/15/2026,5/10/2026 3:45,557,557,0,0,557,557
USCHS,USCHS,IDSRG,"Charleston, SC, USCHS","Charleston, SC, USCHS","Semarang, JT, IDSRG",IDSRG,OOLU,OOCL,MT256104,DRY,16,4/1/2026,6/30/2026,5/10/2026 4:10,643,643,145,145,788,788
USCHS,USCHS,IDSRG,"Charleston, SC, USCHS","Charleston, SC, USCHS","Semarang, JT, IDSRG",IDSRG,YMJA,YML,51625,DRY,9,5/16/2026,6/30/2026,5/10/2026 3:45,691,691,0,0,691,691
USCHS,USCHS,IDSRG,"Charleston, SC, USCHS","Charleston, SC, USCHS","Semarang, JT, IDSRG",IDSRG,MAEU,Maersk,300094432,DRY,0,4/1/2026,9/30/2026,5/11/2026 4:10,721,721,12.95,12.95,733.95,733.95
USCHS,USCHS,IDSRG,"Charleston, SC, USCHS","Charleston, SC, USCHS","Semarang, JT, IDSRG",IDSRG,CMDU,CMA,25-0720,DRY,12,4/18/2026,6/30/2026,5/5/2026 4:10,920,920,145,145,1065,1065
USCHS,USCHS,IDSRG,"Charleston, SC, USCHS","Charleston, SC, USCHS","Semarang, JT, IDSRG",IDSRG,ONEY,ONE,CHIM354B25,DRY,15,5/16/2026,6/30/2026,5/11/2026 4:10,1045,1045,490.28,490.28,1535.28,1535.28
USCHS,USCHS,IDSRG,"Charleston, SC, USCHS","Charleston, SC, USCHS","Semarang, JT, IDSRG",IDSRG,ONEY,ONE,CHIM354B25,DRY,15,5/6/2026,5/15/2026,5/11/2026 4:10,1045,1045,490.28,490.28,1535.28,1535.28
USCHS,USCHS,IDSRG,"Charleston, SC, USCHS","Charleston, SC, USCHS","Semarang, JT, IDSRG",IDSRG,EGLV,EMC,SC103574,DRY,4,5/1/2026,6/30/2026,5/10/2026 4:10,1050,1050,145,145,1195,1195
USCHS,USCHS,IDSRG,"Charleston, SC, USCHS","Charleston, SC, USCHS","Semarang, JT, IDSRG",SGSIN,YMJA,YML,51625,DRY,9,4/23/2026,5/15/2026,5/11/2026 4:10,1082,1082,274.53,274.53,1356.53,1356.53
USCHS,USCHS,IDSRG,"Charleston, SC, USCHS","Charleston, SC, USCHS","Semarang, JT, IDSRG",SGSIN,YMJA,YML,51625,DRY,9,5/16/2026,6/30/2026,5/11/2026 4:10,1216,1216,274.53,274.53,1490.53,1490.53
USCHS,USCHS,IDSRG,"Charleston, SC, USCHS","Charleston, SC, USCHS","Semarang, JT, IDSRG",IDSRG,MSCU,MSC,25-348WCSA,DRY,7,5/1/2026,5/31/2026,5/10/2026 4:10,1253.39,1253.39,165,165,1418.39,1418.39
USCHS,USCHS,IDSRG,"Charleston, SC, USCHS","Charleston, SC, USCHS","Semarang, JT, IDSRG",IDSRG,MSCU,MSC,25-348WCSA,DRY,7,6/1/2026,6/30/2026,5/10/2026 4:10,1293.39,1293.39,165,165,1458.39,1458.39
USCHS,USCHS,IDSUB,"Charleston, SC, USCHS","Charleston, SC, USCHS","Surabaya, JI, IDSUB",IDSUB,OOLU,OOCL,MT256104,DRY,16,4/1/2026,6/30/2026,5/10/2026 4:10,643,643,145,145,788,788
USCHS,USCHS,IDSUB,"Charleston, SC, USCHS","Charleston, SC, USCHS","Surabaya, JI, IDSUB",IDSUB,YMJA,YML,51625,DRY,9,4/23/2026,5/15/2026,5/10/2026 4:10,657,657,145,145,802,802
USCHS,USCHS,IDSUB,"Charleston, SC, USCHS","Charleston, SC, USCHS","Surabaya, JI, IDSUB",IDSUB,YMJA,YML,51625,DRY,9,4/23/2026,5/15/2026,5/10/2026 3:45,657,657,0,0,657,657
USCHS,USCHS,IDSUB,"Charleston, SC, USCHS","Charleston, SC, USCHS","Surabaya, JI, IDSUB",IDSUB,MAEU,Maersk,300094432,DRY,0,4/1/2026,9/30/2026,5/11/2026 4:10,721,721,12.95,12.95,733.95,733.95
USCHS,USCHS,IDSUB,"Charleston, SC, USCHS","Charleston, SC, USCHS","Surabaya, JI, IDSUB",IDSUB,YMJA,YML,51625,DRY,9,5/16/2026,6/30/2026,5/10/2026 4:10,791,791,145,145,936,936
USCHS,USCHS,IDSUB,"Charleston, SC, USCHS","Charleston, SC, USCHS","Surabaya, JI, IDSUB",IDSUB,YMJA,YML,51625,DRY,9,5/16/2026,6/30/2026,5/10/2026 3:45,791,791,0,0,791,791
USCHS,USCHS,IDSUB,"Charleston, SC, USCHS","Charleston, SC, USCHS","Surabaya, JI, IDSUB",IDSUB,ONEY,ONE,CHIM354B25,DRY,15,5/6/2026,5/15/2026,5/11/2026 4:10,910,910,490.28,490.28,1400.28,1400.28
USCHS,USCHS,IDSUB,"Charleston, SC, USCHS","Charleston, SC, USCHS","Surabaya, JI, IDSUB",IDSUB,ONEY,ONE,CHIM354B25,DRY,15,5/16/2026,6/30/2026,5/11/2026 4:10,910,910,490.28,490.28,1400.28,1400.28
USCHS,USCHS,IDSUB,"Charleston, SC, USCHS","Charleston, SC, USCHS","Surabaya, JI, IDSUB",IDSUB,CMDU,CMA,25-0720,DRY,12,4/18/2026,6/30/2026,5/5/2026 4:10,920,920,145,145,1065,1065
USCHS,USCHS,IDSUB,"Charleston, SC, USCHS","Charleston, SC, USCHS","Surabaya, JI, IDSUB",CNSHA,YMJA,YML,51625,DRY,9,4/23/2026,5/15/2026,5/11/2026 4:10,1032,1032,235.27,235.27,1267.27,1267.27
USCHS,USCHS,IDSUB,"Charleston, SC, USCHS","Charleston, SC, USCHS","Surabaya, JI, IDSUB",SGSIN,YMJA,YML,51625,DRY,9,4/23/2026,5/15/2026,5/11/2026 4:10,1032,1032,274.53,274.53,1306.53,1306.53
USCHS,USCHS,IDSUB,"Charleston, SC, USCHS","Charleston, SC, USCHS","Surabaya, JI, IDSUB",IDSUB,EGLV,EMC,SC103574,DRY,4,5/1/2026,6/30/2026,5/10/2026 4:10,1050,1050,145,145,1195,1195
USCHS,USCHS,IDSUB,"Charleston, SC, USCHS","Charleston, SC, USCHS","Surabaya, JI, IDSUB",CNSHA,YMJA,YML,51625,DRY,9,5/16/2026,6/30/2026,5/11/2026 4:10,1166,1166,235.27,235.27,1401.27,1401.27
USCHS,USCHS,IDSUB,"Charleston, SC, USCHS","Charleston, SC, USCHS","Surabaya, JI, IDSUB",SGSIN,YMJA,YML,51625,DRY,9,5/16/2026,6/30/2026,5/11/2026 4:10,1166,1166,274.53,274.53,1440.53,1440.53
USCHS,USCHS,IDSUB,"Charleston, SC, USCHS","Charleston, SC, USCHS","Surabaya, JI, IDSUB",IDSUB,MSCU,MSC,25-348WCSA,DRY,7,5/1/2026,5/31/2026,5/10/2026 4:10,1253.39,1253.39,165,165,1418.39,1418.39
USCHS,USCHS,IDSUB,"Charleston, SC, USCHS","Charleston, SC, USCHS","Surabaya, JI, IDSUB",IDSUB,MSCU,MSC,25-348WCSA,DRY,7,6/1/2026,6/30/2026,5/10/2026 4:10,1293.39,1293.39,165,165,1458.39,1458.39
USCHS,USCHS,INCCU,"Charleston, SC, USCHS","Charleston, SC, USCHS","Kolkata (ex Calcutta), WB, INCCU",INCCU,ONEY,ONE,CHIM354B25,DRY,15,5/6/2026,5/15/2026,5/11/2026 4:10,1850,1850,263.85,263.85,2113.85,2113.85
USCHS,USCHS,INCCU,"Charleston, SC, USCHS","Charleston, SC, USCHS","Kolkata (ex Calcutta), WB, INCCU",INCCU,ONEY,ONE,CHIM354B25,DRY,15,5/16/2026,6/30/2026,5/11/2026 4:10,1850,1850,263.85,263.85,2113.85,2113.85
USCHS,USCHS,INCCU,"Charleston, SC, USCHS","Charleston, SC, USCHS","Kolkata (ex Calcutta), WB, INCCU",CNNBG,YMJA,YML,51625,DRY,9,4/23/2026,5/15/2026,5/11/2026 4:10,2082,2082,235.27,235.27,2317.27,2317.27
USCHS,USCHS,INCCU,"Charleston, SC, USCHS","Charleston, SC, USCHS","Kolkata (ex Calcutta), WB, INCCU",SGSIN,YMJA,YML,51625,DRY,9,4/23/2026,5/15/2026,5/11/2026 4:10,2082,2082,274.53,274.53,2356.53,2356.53
USCHS,USCHS,INCCU,"Charleston, SC, USCHS","Charleston, SC, USCHS","Kolkata (ex Calcutta), WB, INCCU",CNSHA,YMJA,YML,51625,DRY,9,4/23/2026,5/15/2026,5/11/2026 4:10,2082,2082,235.27,235.27,2317.27,2317.27
USCHS,USCHS,INCCU,"Charleston, SC, USCHS","Charleston, SC, USCHS","Kolkata (ex Calcutta), WB, INCCU",CNNBG,YMJA,YML,51625,DRY,9,5/16/2026,6/30/2026,5/11/2026 4:10,2216,2216,235.27,235.27,2451.27,2451.27
USCHS,USCHS,INCCU,"Charleston, SC, USCHS","Charleston, SC, USCHS","Kolkata (ex Calcutta), WB, INCCU",SGSIN,YMJA,YML,51625,DRY,9,5/16/2026,6/30/2026,5/11/2026 4:10,2216,2216,274.53,274.53,2490.53,2490.53
USCHS,USCHS,INCCU,"Charleston, SC, USCHS","Charleston, SC, USCHS","Kolkata (ex Calcutta), WB, INCCU",CNSHA,YMJA,YML,51625,DRY,9,5/16/2026,6/30/2026,5/11/2026 4:10,2216,2216,235.27,235.27,2451.27,2451.27
USCHS,USCHS,INCOK,"Charleston, SC, USCHS","Charleston, SC, USCHS","Cochin, KL, INCOK",INCOK,MAEU,Maersk,300094432,DRY,0,4/1/2026,9/30/2026,5/11/2026 4:10,1701,1701,212.73,212.73,1913.73,1913.73
USCHS,USCHS,INCOK,"Charleston, SC, USCHS","Charleston, SC, USCHS","Cochin, KL, INCOK",INCOK,ONEY,ONE,CHIM354B25,DRY,15,5/16/2026,6/30/2026,5/11/2026 4:10,1850,1850,234.58,234.58,2084.58,2084.58
USCHS,USCHS,INCOK,"Charleston, SC, USCHS","Charleston, SC, USCHS","Cochin, KL, INCOK",INCOK,ONEY,ONE,CHIM354B25,DRY,15,5/6/2026,5/15/2026,5/11/2026 4:10,1850,1850,234.58,234.58,2084.58,2084.58
USCHS,USCHS,INHAL,"Charleston, SC, USCHS","Charleston, SC, USCHS","Haldia, WB, INHAL",INHAL,OOLU,OOCL,MT256104,DRY,16,4/1/2026,6/30/2026,5/10/2026 3:45,2933,2933,0,0,2933,2933
USCHS,USCHS,INHZA,"Charleston, SC, USCHS","Charleston, SC, USCHS","Hazira Port/Surat, GJ, INHZA",INHZA,ONEY,ONE,CHIM354B25,DRY,15,5/6/2026,5/15/2026,5/11/2026 4:10,1200,1200,246.91,246.91,1446.91,1446.91
USCHS,USCHS,INHZA,"Charleston, SC, USCHS","Charleston, SC, USCHS","Hazira Port/Surat, GJ, INHZA",INHZA,ONEY,ONE,CHIM354B25,DRY,15,5/16/2026,6/30/2026,5/11/2026 4:10,1200,1200,246.91,246.91,1446.91,1446.91
USCHS,USCHS,INKOC,"Charleston, SC, USCHS","Charleston, SC, USCHS","Kochi, , INKOC",KRPUS,YMJA,YML,51625,DRY,9,4/23/2026,5/15/2026,5/11/2026 4:10,2472,2472,123.14,123.14,2595.14,2595.14
USCHS,USCHS,INKOC,"Charleston, SC, USCHS","Charleston, SC, USCHS","Kochi, , INKOC",KRPUS,YMJA,YML,51625,DRY,9,5/16/2026,6/30/2026,5/11/2026 4:10,2606,2606,123.14,123.14,2729.14,2729.14
USCHS,USCHS,INKOC,"Charleston, SC, USCHS","Charleston, SC, USCHS","Kochi, , INKOC",INKOC,OOLU,OOCL,MT256104,DRY,16,4/1/2026,6/30/2026,5/11/2026 4:10,3163,3163,254.17,254.17,3417.17,3417.17
USCHS,USCHS,INKTP,"Charleston, SC, USCHS","Charleston, SC, USCHS","Kattupalli Port, TN, INKTP",INKTP,OOLU,OOCL,MT256104,DRY,16,4/1/2026,6/30/2026,5/10/2026 3:45,1313,1313,0,0,1313,1313
USCHS,USCHS,INMAA,"Charleston, SC, USCHS","Charleston, SC, USCHS","Chennai (ex Madras), TN, INMAA",INMAA,MAEU,Maersk,300094432,DRY,0,4/1/2026,9/30/2026,5/11/2026 4:10,1701,1701,151.44,151.44,1852.44,1852.44
USCHS,USCHS,INMAA,"Charleston, SC, USCHS","Charleston, SC, USCHS","Chennai (ex Madras), TN, INMAA",INMAA,ONEY,ONE,CHIM354B25,DRY,15,5/16/2026,6/30/2026,5/11/2026 4:10,1850,1850,213.93,213.93,2063.93,2063.93
USCHS,USCHS,INMAA,"Charleston, SC, USCHS","Charleston, SC, USCHS","Chennai (ex Madras), TN, INMAA",INMAA,ONEY,ONE,CHIM354B25,DRY,15,5/6/2026,5/15/2026,5/11/2026 4:10,1850,1850,213.93,213.93,2063.93,2063.93
USCHS,USCHS,INMAA,"Charleston, SC, USCHS","Charleston, SC, USCHS","Chennai (ex Madras), TN, INMAA",SGSIN,YMJA,YML,51625,DRY,9,4/23/2026,5/15/2026,5/11/2026 4:10,2252,2252,274.53,274.53,2526.53,2526.53
USCHS,USCHS,INMAA,"Charleston, SC, USCHS","Charleston, SC, USCHS","Chennai (ex Madras), TN, INMAA",CNSHA,YMJA,YML,51625,DRY,9,4/23/2026,5/15/2026,5/11/2026 4:10,2252,2252,235.27,235.27,2487.27,2487.27
USCHS,USCHS,INMAA,"Charleston, SC, USCHS","Charleston, SC, USCHS","Chennai (ex Madras), TN, INMAA",CNNBG,YMJA,YML,51625,DRY,9,4/23/2026,5/15/2026,5/11/2026 4:10,2252,2252,235.27,235.27,2487.27,2487.27
USCHS,USCHS,INMAA,"Charleston, SC, USCHS","Charleston, SC, USCHS","Chennai (ex Madras), TN, INMAA",CNSHA,YMJA,YML,51625,DRY,9,5/16/2026,6/30/2026,5/11/2026 4:10,2386,2386,235.27,235.27,2621.27,2621.27
USCHS,USCHS,INMAA,"Charleston, SC, USCHS","Charleston, SC, USCHS","Chennai (ex Madras), TN, INMAA",CNNBG,YMJA,YML,51625,DRY,9,5/16/2026,6/30/2026,5/11/2026 4:10,2386,2386,235.27,235.27,2621.27,2621.27
USCHS,USCHS,INMAA,"Charleston, SC, USCHS","Charleston, SC, USCHS","Chennai (ex Madras), TN, INMAA",SGSIN,YMJA,YML,51625,DRY,9,5/16/2026,6/30/2026,5/11/2026 4:10,2386,2386,274.53,274.53,2660.53,2660.53
USCHS,USCHS,INMUN,"Charleston, SC, USCHS","Charleston, SC, USCHS","Mundra, GJ, INMUN",INMUN,OOLU,OOCL,MT256104,DRY,16,4/1/2026,6/30/2026,5/11/2026 4:10,723,723,169.45,169.45,892.45,892.45
USCHS,USCHS,INMUN,"Charleston, SC, USCHS","Charleston, SC, USCHS","Mundra, GJ, INMUN",INMUN,ONEY,ONE,CHIM354B25,DRY,15,5/6/2026,5/15/2026,5/11/2026 4:10,1000,1000,305,305,1305,1305
USCHS,USCHS,INMUN,"Charleston, SC, USCHS","Charleston, SC, USCHS","Mundra, GJ, INMUN",INMUN,ONEY,ONE,CHIM354B25,DRY,15,5/16/2026,6/30/2026,5/11/2026 4:10,1000,1000,305,305,1305,1305
USCHS,USCHS,INMUN,"Charleston, SC, USCHS","Charleston, SC, USCHS","Mundra, GJ, INMUN",INMUN,CMDU,CMA,25-0720,DRY,12,4/18/2026,6/30/2026,5/11/2026 4:10,1010,1010,205.4,205.4,1215.4,1215.4
USCHS,USCHS,INMUN,"Charleston, SC, USCHS","Charleston, SC, USCHS","Mundra, GJ, INMUN",INMUN,MAEU,Maersk,300094432,DRY,0,4/1/2026,9/30/2026,5/11/2026 4:10,1357,1357,207.04,207.04,1564.04,1564.04
USCHS,USCHS,INNSA,"Charleston, SC, USCHS","Charleston, SC, USCHS","Nhava Sheva, MH, INNSA",INNSA,OOLU,OOCL,MT256104,DRY,16,4/1/2026,6/30/2026,5/11/2026 4:10,723,723,148.27,148.27,871.27,871.27
USCHS,USCHS,INNSA,"Charleston, SC, USCHS","Charleston, SC, USCHS","Nhava Sheva, MH, INNSA",INNSA,ONEY,ONE,CHIM354B25,DRY,15,5/16/2026,6/30/2026,5/11/2026 4:10,1000,1000,273.23,273.23,1273.23,1273.23
USCHS,USCHS,INNSA,"Charleston, SC, USCHS","Charleston, SC, USCHS","Nhava Sheva, MH, INNSA",INNSA,ONEY,ONE,CHIM354B25,DRY,15,5/6/2026,5/15/2026,5/11/2026 4:10,1000,1000,273.23,273.23,1273.23,1273.23
USCHS,USCHS,INNSA,"Charleston, SC, USCHS","Charleston, SC, USCHS","Nhava Sheva, MH, INNSA",INNSA,CMDU,CMA,25-0720,DRY,12,4/18/2026,6/30/2026,5/11/2026 4:10,1010,1010,555.09,555.09,1565.09,1565.09
USCHS,USCHS,INNSA,"Charleston, SC, USCHS","Charleston, SC, USCHS","Nhava Sheva, MH, INNSA",INNSA,MAEU,Maersk,300094432,DRY,0,4/1/2026,9/30/2026,5/11/2026 4:10,1357,1357,227.92,227.92,1584.92,1584.92
USCHS,USCHS,INNSA,"Charleston, SC, USCHS","Charleston, SC, USCHS","Nhava Sheva, MH, INNSA",INNSA,EGLV,EMC,SC103574,DRY,4,5/1/2026,6/30/2026,5/11/2026 4:10,1800,1800,187.7,187.7,1987.7,1987.7
USCHS,USCHS,INPAV,"Charleston, SC, USCHS","Charleston, SC, USCHS","Pipavav (Victor) Port, GJ, INPAV",INPAV,ONEY,ONE,CHIM354B25,DRY,15,5/16/2026,6/30/2026,5/11/2026 4:10,1850,1850,263.22,263.22,2113.22,2113.22
USCHS,USCHS,INPAV,"Charleston, SC, USCHS","Charleston, SC, USCHS","Pipavav (Victor) Port, GJ, INPAV",INPAV,ONEY,ONE,CHIM354B25,DRY,15,5/6/2026,5/15/2026,5/11/2026 4:10,1850,1850,263.22,263.22,2113.22,2113.22
USCHS,USCHS,INTUT,"Charleston, SC, USCHS","Charleston, SC, USCHS","Tuticorin, TN, INTUT",INTUT,MAEU,Maersk,300094432,DRY,0,4/1/2026,9/30/2026,5/11/2026 4:10,1357,1357,145.01,145.01,1502.01,1502.01
USCHS,USCHS,INTUT,"Charleston, SC, USCHS","Charleston, SC, USCHS","Tuticorin, TN, INTUT",INTUT,ONEY,ONE,CHIM354B25,DRY,15,5/6/2026,5/15/2026,5/11/2026 4:10,1850,1850,199.1,199.1,2049.1,2049.1
USCHS,USCHS,INTUT,"Charleston, SC, USCHS","Charleston, SC, USCHS","Tuticorin, TN, INTUT",INTUT,ONEY,ONE,CHIM354B25,DRY,15,5/16/2026,6/30/2026,5/11/2026 4:10,1850,1850,199.1,199.1,2049.1,2049.1
USCHS,USCHS,INTUT,"Charleston, SC, USCHS","Charleston, SC, USCHS","Tuticorin, TN, INTUT",INTUT,OOLU,OOCL,MT256104,DRY,16,4/1/2026,6/30/2026,5/11/2026 4:10,2093,2093,74.13,74.13,2167.13,2167.13
USCHS,USCHS,JPABU,"Charleston, SC, USCHS","Charleston, SC, USCHS","Aburatsu, 45, JPABU",KRPUS,YMJA,YML,51625,DRY,9,4/23/2026,5/15/2026,5/11/2026 4:10,1982,1982,123.14,123.14,2105.14,2105.14
USCHS,USCHS,JPABU,"Charleston, SC, USCHS","Charleston, SC, USCHS","Aburatsu, 45, JPABU",KRPUS,YMJA,YML,51625,DRY,9,5/16/2026,6/30/2026,5/11/2026 4:10,2116,2116,123.14,123.14,2239.14,2239.14
USCHS,USCHS,JPAXT,"Charleston, SC, USCHS","Charleston, SC, USCHS","Akita, 5, JPAXT",KRPUS,YMJA,YML,51625,DRY,9,4/23/2026,5/15/2026,5/11/2026 4:10,1982,1982,123.14,123.14,2105.14,2105.14
USCHS,USCHS,JPAXT,"Charleston, SC, USCHS","Charleston, SC, USCHS","Akita, 5, JPAXT",KRPUS,YMJA,YML,51625,DRY,9,5/16/2026,6/30/2026,5/11/2026 4:10,2116,2116,123.14,123.14,2239.14,2239.14
USCHS,USCHS,JPFKY,"Charleston, SC, USCHS","Charleston, SC, USCHS","Fukuyama, Hiroshima, 34, JPFKY",KRPUS,YMJA,YML,51625,DRY,9,4/23/2026,5/15/2026,5/11/2026 4:10,2302,2302,123.14,123.14,2425.14,2425.14
USCHS,USCHS,JPFKY,"Charleston, SC, USCHS","Charleston, SC, USCHS","Fukuyama, Hiroshima, 34, JPFKY",KRPUS,YMJA,YML,51625,DRY,9,5/16/2026,6/30/2026,5/11/2026 4:10,2436,2436,123.14,123.14,2559.14,2559.14
USCHS,USCHS,JPHHE,"Charleston, SC, USCHS","Charleston, SC, USCHS","Hachinohe, 2, JPHHE",KRPUS,YMJA,YML,51625,DRY,9,4/23/2026,5/15/2026,5/11/2026 4:10,2782,2782,123.14,123.14,2905.14,2905.14
USCHS,USCHS,JPHHE,"Charleston, SC, USCHS","Charleston, SC, USCHS","Hachinohe, 2, JPHHE",KRPUS,YMJA,YML,51625,DRY,9,5/16/2026,6/30/2026,5/11/2026 4:10,2916,2916,123.14,123.14,3039.14,3039.14
USCHS,USCHS,JPHIJ,"Charleston, SC, USCHS","Charleston, SC, USCHS","Hiroshima, 34, JPHIJ",JPHIJ,ONEY,ONE,CHIM354B25,DRY,15,5/6/2026,5/15/2026,5/11/2026 4:10,1290,1290,319.21,319.21,1609.21,1609.21
USCHS,USCHS,JPHIJ,"Charleston, SC, USCHS","Charleston, SC, USCHS","Hiroshima, 34, JPHIJ",JPHIJ,ONEY,ONE,CHIM354B25,DRY,15,5/16/2026,6/30/2026,5/11/2026 4:10,1290,1290,319.21,319.21,1609.21,1609.21
USCHS,USCHS,JPHIJ,"Charleston, SC, USCHS","Charleston, SC, USCHS","Hiroshima, 34, JPHIJ",KRPUS,YMJA,YML,51625,DRY,9,4/23/2026,5/15/2026,5/11/2026 4:10,1592,1592,123.14,123.14,1715.14,1715.14
USCHS,USCHS,JPHIJ,"Charleston, SC, USCHS","Charleston, SC, USCHS","Hiroshima, 34, JPHIJ",KRPUS,YMJA,YML,51625,DRY,9,5/16/2026,6/30/2026,5/11/2026 4:10,1726,1726,123.14,123.14,1849.14,1849.14
USCHS,USCHS,JPHKD,"Charleston, SC, USCHS","Charleston, SC, USCHS","Hakodate, 1, JPHKD",KRPUS,YMJA,YML,51625,DRY,9,4/23/2026,5/15/2026,5/11/2026 4:10,2232,2232,123.14,123.14,2355.14,2355.14
USCHS,USCHS,JPHKD,"Charleston, SC, USCHS","Charleston, SC, USCHS","Hakodate, 1, JPHKD",KRPUS,YMJA,YML,51625,DRY,9,5/16/2026,6/30/2026,5/11/2026 4:10,2366,2366,123.14,123.14,2489.14,2489.14
USCHS,USCHS,JPHMD,"Charleston, SC, USCHS","Charleston, SC, USCHS","Hamada, 32, JPHMD",KRPUS,YMJA,YML,51625,DRY,9,4/23/2026,5/15/2026,5/11/2026 4:10,2502,2502,123.14,123.14,2625.14,2625.14
USCHS,USCHS,JPHMD,"Charleston, SC, USCHS","Charleston, SC, USCHS","Hamada, 32, JPHMD",KRPUS,YMJA,YML,51625,DRY,9,5/16/2026,6/30/2026,5/11/2026 4:10,2636,2636,123.14,123.14,2759.14,2759.14
USCHS,USCHS,JPHTD,"Charleston, SC, USCHS","Charleston, SC, USCHS","Hakata, 38, JPHTD",JPHTD,EGLV,EMC,SC103574,DRY,4,5/1/2026,6/30/2026,5/11/2026 4:10,1150,1150,306.44,306.44,1456.44,1456.44
USCHS,USCHS,JPIMB,"Charleston, SC, USCHS","Charleston, SC, USCHS","Imabari, 38, JPIMB",KRPUS,YMJA,YML,51625,DRY,9,4/23/2026,5/15/2026,5/11/2026 4:10,2042,2042,123.14,123.14,2165.14,2165.14
USCHS,USCHS,JPIMB,"Charleston, SC, USCHS","Charleston, SC, USCHS","Imabari, 38, JPIMB",KRPUS,YMJA,YML,51625,DRY,9,5/16/2026,6/30/2026,5/11/2026 4:10,2176,2176,123.14,123.14,2299.14,2299.14
USCHS,USCHS,JPIMI,"Charleston, SC, USCHS","Charleston, SC, USCHS","Imari, 41, JPIMI",CNSHA,YMJA,YML,51625,DRY,9,4/23/2026,5/15/2026,5/11/2026 4:10,1402,1402,235.27,235.27,1637.27,1637.27
USCHS,USCHS,JPIMI,"Charleston, SC, USCHS","Charleston, SC, USCHS","Imari, 41, JPIMI",CNSHA,YMJA,YML,51625,DRY,9,5/16/2026,6/30/2026,5/11/2026 4:10,1536,1536,235.27,235.27,1771.27,1771.27
USCHS,USCHS,JPISI,"Charleston, SC, USCHS","Charleston, SC, USCHS","Ishikari, 1, JPISI",KRPUS,YMJA,YML,51625,DRY,9,4/23/2026,5/15/2026,5/11/2026 4:10,2362,2362,123.14,123.14,2485.14,2485.14
USCHS,USCHS,JPISI,"Charleston, SC, USCHS","Charleston, SC, USCHS","Ishikari, 1, JPISI",KRPUS,YMJA,YML,51625,DRY,9,5/16/2026,6/30/2026,5/11/2026 4:10,2496,2496,123.14,123.14,2619.14,2619.14
USCHS,USCHS,JPIWK,"Charleston, SC, USCHS","Charleston, SC, USCHS","Iwakuni, 35, JPIWK",KRPUS,YMJA,YML,51625,DRY,9,4/23/2026,5/15/2026,5/11/2026 4:10,2242,2242,123.14,123.14,2365.14,2365.14
USCHS,USCHS,JPIWK,"Charleston, SC, USCHS","Charleston, SC, USCHS","Iwakuni, 35, JPIWK",KRPUS,YMJA,YML,51625,DRY,9,5/16/2026,6/30/2026,5/11/2026 4:10,2376,2376,123.14,123.14,2499.14,2499.14
USCHS,USCHS,JPIYM,"Charleston, SC, USCHS","Charleston, SC, USCHS","Iyomishima, 38, JPIYM",JPIYM,ONEY,ONE,CHIM354B25,DRY,15,5/6/2026,5/15/2026,5/11/2026 4:10,1015,1015,336.45,336.45,1351.45,1351.45
USCHS,USCHS,JPIYM,"Charleston, SC, USCHS","Charleston, SC, USCHS","Iyomishima, 38, JPIYM",JPIYM,ONEY,ONE,CHIM354B25,DRY,15,5/16/2026,6/30/2026,5/11/2026 4:10,1015,1015,336.45,336.45,1351.45,1351.45
USCHS,USCHS,JPIYM,"Charleston, SC, USCHS","Charleston, SC, USCHS","Iyomishima, 38, JPIYM",CNSHA,YMJA,YML,51625,DRY,9,4/23/2026,5/15/2026,5/11/2026 4:10,1232,1232,235.27,235.27,1467.27,1467.27
USCHS,USCHS,JPIYM,"Charleston, SC, USCHS","Charleston, SC, USCHS","Iyomishima, 38, JPIYM",CNSHA,YMJA,YML,51625,DRY,9,5/16/2026,6/30/2026,5/11/2026 4:10,1366,1366,235.27,235.27,1601.27,1601.27
USCHS,USCHS,JPKCZ,"Charleston, SC, USCHS","Charleston, SC, USCHS","Kochi, 39, JPKCZ",JPKCZ,ONEY,ONE,CHIM354B25,DRY,15,5/6/2026,5/15/2026,5/11/2026 4:10,1590,1590,336.45,336.45,1926.45,1926.45
USCHS,USCHS,JPKCZ,"Charleston, SC, USCHS","Charleston, SC, USCHS","Kochi, 39, JPKCZ",JPKCZ,ONEY,ONE,CHIM354B25,DRY,15,5/16/2026,6/30/2026,5/11/2026 4:10,1590,1590,336.45,336.45,1926.45,1926.45
USCHS,USCHS,JPKIJ,"Charleston, SC, USCHS","Charleston, SC, USCHS","Niigata, 15, JPKIJ",JPKIJ,ONEY,ONE,CHIM354B25,DRY,15,5/6/2026,5/15/2026,5/11/2026 4:10,1350,1350,336.45,336.45,1686.45,1686.45
USCHS,USCHS,JPKIJ,"Charleston, SC, USCHS","Charleston, SC, USCHS","Niigata, 15, JPKIJ",JPKIJ,ONEY,ONE,CHIM354B25,DRY,15,5/16/2026,6/30/2026,5/11/2026 4:10,1350,1350,336.45,336.45,1686.45,1686.45
USCHS,USCHS,JPKIJ,"Charleston, SC, USCHS","Charleston, SC, USCHS","Niigata, 15, JPKIJ",KRPUS,YMJA,YML,51625,DRY,9,4/23/2026,5/15/2026,5/11/2026 4:10,2272,2272,123.14,123.14,2395.14,2395.14
USCHS,USCHS,JPKIJ,"Charleston, SC, USCHS","Charleston, SC, USCHS","Niigata, 15, JPKIJ",KRPUS,YMJA,YML,51625,DRY,9,5/16/2026,6/30/2026,5/11/2026 4:10,2406,2406,123.14,123.14,2529.14,2529.14
USCHS,USCHS,JPKMJ,"Charleston, SC, USCHS","Charleston, SC, USCHS","Kumamoto, 43, JPKMJ",KRPUS,YMJA,YML,51625,DRY,9,4/23/2026,5/15/2026,5/11/2026 4:10,1932,1932,123.14,123.14,2055.14,2055.14
USCHS,USCHS,JPKMJ,"Charleston, SC, USCHS","Charleston, SC, USCHS","Kumamoto, 43, JPKMJ",KRPUS,YMJA,YML,51625,DRY,9,5/16/2026,6/30/2026,5/11/2026 4:10,2066,2066,123.14,123.14,2189.14,2189.14
USCHS,USCHS,JPKNZ,"Charleston, SC, USCHS","Charleston, SC, USCHS","Kanazawa, 17, JPKNZ",KRPUS,YMJA,YML,51625,DRY,9,4/23/2026,5/15/2026,5/11/2026 4:10,2172,2172,123.14,123.14,2295.14,2295.14
USCHS,USCHS,JPKNZ,"Charleston, SC, USCHS","Charleston, SC, USCHS","Kanazawa, 17, JPKNZ",KRPUS,YMJA,YML,51625,DRY,9,5/16/2026,6/30/2026,5/11/2026 4:10,2306,2306,123.14,123.14,2429.14,2429.14
USCHS,USCHS,JPKST,"Charleston, SC, USCHS","Charleston, SC, USCHS","Kisakata, 5, JPKST",KRPUS,YMJA,YML,51625,DRY,9,4/23/2026,5/15/2026,5/11/2026 4:10,2362,2362,123.14,123.14,2485.14,2485.14
USCHS,USCHS,JPKST,"Charleston, SC, USCHS","Charleston, SC, USCHS","Kisakata, 5, JPKST",KRPUS,YMJA,YML,51625,DRY,9,5/16/2026,6/30/2026,5/11/2026 4:10,2496,2496,123.14,123.14,2619.14,2619.14
USCHS,USCHS,JPKUH,"Charleston, SC, USCHS","Charleston, SC, USCHS","Kushiro, 1, JPKUH",KRPUS,YMJA,YML,51625,DRY,9,4/23/2026,5/15/2026,5/11/2026 4:10,2587,2587,123.14,123.14,2710.14,2710.14
USCHS,USCHS,JPKUH,"Charleston, SC, USCHS","Charleston, SC, USCHS","Kushiro, 1, JPKUH",KRPUS,YMJA,YML,51625,DRY,9,5/16/2026,6/30/2026,5/11/2026 4:10,2721,2721,123.14,123.14,2844.14,2844.14
USCHS,USCHS,JPKWS,"Charleston, SC, USCHS","Charleston, SC, USCHS","Kawasaki, 14, JPKWS",JPKWS,ONEY,ONE,CHIM354B25,DRY,15,5/6/2026,5/15/2026,5/10/2026 4:10,660,660,17.24,17.24,677.24,677.24
USCHS,USCHS,JPKWS,"Charleston, SC, USCHS","Charleston, SC, USCHS","Kawasaki, 14, JPKWS",JPKWS,ONEY,ONE,CHIM354B25,DRY,15,5/16/2026,6/30/2026,5/10/2026 4:10,660,660,17.24,17.24,677.24,677.24
USCHS,USCHS,JPMII,"Charleston, SC, USCHS","Charleston, SC, USCHS","Miike, Fukuoka, 40, JPMII",KRPUS,YMJA,YML,51625,DRY,9,4/23/2026,5/15/2026,5/11/2026 4:10,2302,2302,123.14,123.14,2425.14,2425.14
USCHS,USCHS,JPMII,"Charleston, SC, USCHS","Charleston, SC, USCHS","Miike, Fukuoka, 40, JPMII",KRPUS,YMJA,YML,51625,DRY,9,5/16/2026,6/30/2026,5/11/2026 4:10,2436,2436,123.14,123.14,2559.14,2559.14
USCHS,USCHS,JPMIZ,"Charleston, SC, USCHS","Charleston, SC, USCHS","Mizushima, 33, JPMIZ",CNNBG,YMJA,YML,51625,DRY,9,4/23/2026,5/15/2026,5/11/2026 4:10,1102,1102,235.27,235.27,1337.27,1337.27
USCHS,USCHS,JPMIZ,"Charleston, SC, USCHS","Charleston, SC, USCHS","Mizushima, 33, JPMIZ",CNNBG,YMJA,YML,51625,DRY,9,5/16/2026,6/30/2026,5/11/2026 4:10,1236,1236,235.27,235.27,1471.27,1471.27
USCHS,USCHS,JPMOJ,"Charleston, SC, USCHS","Charleston, SC, USCHS","Moji/Kitakyushu, 40, JPMOJ",JPMOJ,ONEY,ONE,CHIM354B25,DRY,15,5/16/2026,6/30/2026,5/11/2026 4:10,1130,1130,336.45,336.45,1466.45,1466.45
USCHS,USCHS,JPMOJ,"Charleston, SC, USCHS","Charleston, SC, USCHS","Moji/Kitakyushu, 40, JPMOJ",JPMOJ,ONEY,ONE,CHIM354B25,DRY,15,5/6/2026,5/15/2026,5/11/2026 4:10,1130,1130,336.45,336.45,1466.45,1466.45
USCHS,USCHS,JPNAH,"Charleston, SC, USCHS","Charleston, SC, USCHS","Naha, Okinawa, 47, JPNAH",TWKHH,YMJA,YML,51625,DRY,9,5/16/2026,6/30/2026,5/11/2026 4:10,1212,1212,223.53,223.53,1435.53,1435.53
USCHS,USCHS,JPNAH,"Charleston, SC, USCHS","Charleston, SC, USCHS","Naha, Okinawa, 47, JPNAH",TWKHH,YMJA,YML,51625,DRY,9,4/23/2026,5/15/2026,5/11/2026 4:10,1212,1212,223.53,223.53,1435.53,1435.53
USCHS,USCHS,JPNAO,"Charleston, SC, USCHS","Charleston, SC, USCHS","Naoetsu, 15, JPNAO",JPNAO,ONEY,ONE,CHIM354B25,DRY,15,5/16/2026,6/30/2026,5/11/2026 4:10,1660,1660,336.45,336.45,1996.45,1996.45
USCHS,USCHS,JPNAO,"Charleston, SC, USCHS","Charleston, SC, USCHS","Naoetsu, 15, JPNAO",JPNAO,ONEY,ONE,CHIM354B25,DRY,15,5/6/2026,5/15/2026,5/11/2026 4:10,1660,1660,336.45,336.45,1996.45,1996.45
USCHS,USCHS,JPNAO,"Charleston, SC, USCHS","Charleston, SC, USCHS","Naoetsu, 15, JPNAO",KRPUS,YMJA,YML,51625,DRY,9,4/23/2026,5/15/2026,5/11/2026 4:10,2382,2382,123.14,123.14,2505.14,2505.14
USCHS,USCHS,JPNAO,"Charleston, SC, USCHS","Charleston, SC, USCHS","Naoetsu, 15, JPNAO",KRPUS,YMJA,YML,51625,DRY,9,5/16/2026,6/30/2026,5/11/2026 4:10,2516,2516,123.14,123.14,2639.14,2639.14
USCHS,USCHS,JPNGO,"Charleston, SC, USCHS","Charleston, SC, USCHS","Nagoya, Aichi, 23, JPNGO",SGSIN,YMJA,YML,51625,DRY,9,4/23/2026,5/15/2026,5/11/2026 4:10,307,307,316.02,316.02,623.02,623.02
USCHS,USCHS,JPNGO,"Charleston, SC, USCHS","Charleston, SC, USCHS","Nagoya, Aichi, 23, JPNGO",JPNGO,MAEU,Maersk,300094432,DRY,0,4/1/2026,9/30/2026,5/11/2026 4:10,326,326,341.56,341.56,667.56,667.56
USCHS,USCHS,JPNGO,"Charleston, SC, USCHS","Charleston, SC, USCHS","Nagoya, Aichi, 23, JPNGO",SGSIN,YMJA,YML,51625,DRY,9,5/16/2026,6/30/2026,5/11/2026 4:10,441,441,316.02,316.02,757.02,757.02
USCHS,USCHS,JPNGO,"Charleston, SC, USCHS","Charleston, SC, USCHS","Nagoya, Aichi, 23, JPNGO",JPNGO,ONEY,ONE,CHIM354B25,DRY,15,5/16/2026,6/30/2026,5/11/2026 4:10,560,560,336.45,336.45,896.45,896.45
USCHS,USCHS,JPNGO,"Charleston, SC, USCHS","Charleston, SC, USCHS","Nagoya, Aichi, 23, JPNGO",JPNGO,ONEY,ONE,CHIM354B25,DRY,15,5/6/2026,5/15/2026,5/11/2026 4:10,560,560,336.45,336.45,896.45,896.45
USCHS,USCHS,JPNGO,"Charleston, SC, USCHS","Charleston, SC, USCHS","Nagoya, Aichi, 23, JPNGO",SGSIN,YMJA,YML,51625,DRY,9,4/23/2026,5/15/2026,5/11/2026 4:10,607,607,274.53,274.53,881.53,881.53
USCHS,USCHS,JPNGO,"Charleston, SC, USCHS","Charleston, SC, USCHS","Nagoya, Aichi, 23, JPNGO",SGSIN,YMJA,YML,51625,DRY,9,5/16/2026,6/30/2026,5/11/2026 4:10,741,741,274.53,274.53,1015.53,1015.53
USCHS,USCHS,JPNGO,"Charleston, SC, USCHS","Charleston, SC, USCHS","Nagoya, Aichi, 23, JPNGO",JPNGO,CMDU,CMA,25-0720,DRY,12,4/18/2026,6/30/2026,5/11/2026 4:10,885,885,331.98,331.98,1216.98,1216.98
USCHS,USCHS,JPNGO,"Charleston, SC, USCHS","Charleston, SC, USCHS","Nagoya, Aichi, 23, JPNGO",JPNGO,EGLV,EMC,SC103574,DRY,4,5/1/2026,6/30/2026,5/11/2026 4:10,1150,1150,306.44,306.44,1456.44,1456.44
USCHS,USCHS,JPOIT,"Charleston, SC, USCHS","Charleston, SC, USCHS","Oita, 44, JPOIT",KRPUS,YMJA,YML,51625,DRY,9,4/23/2026,5/15/2026,5/11/2026 4:10,2002,2002,123.14,123.14,2125.14,2125.14
USCHS,USCHS,JPOIT,"Charleston, SC, USCHS","Charleston, SC, USCHS","Oita, 44, JPOIT",KRPUS,YMJA,YML,51625,DRY,9,5/16/2026,6/30/2026,5/11/2026 4:10,2136,2136,123.14,123.14,2259.14,2259.14
USCHS,USCHS,JPONA,"Charleston, SC, USCHS","Charleston, SC, USCHS","Onahama, 7, JPONA",KRPUS,YMJA,YML,51625,DRY,9,4/23/2026,5/15/2026,5/11/2026 4:10,2522,2522,123.14,123.14,2645.14,2645.14
USCHS,USCHS,JPONA,"Charleston, SC, USCHS","Charleston, SC, USCHS","Onahama, 7, JPONA",KRPUS,YMJA,YML,51625,DRY,9,5/16/2026,6/30/2026,5/11/2026 4:10,2656,2656,123.14,123.14,2779.14,2779.14
USCHS,USCHS,JPOSA,"Charleston, SC, USCHS","Charleston, SC, USCHS","Osaka, 27, JPOSA","Kobe, JP",MAEU,Maersk,300094432,DRY,0,4/1/2026,9/30/2026,5/11/2026 4:10,376,376,341.56,341.56,717.56,717.56
USCHS,USCHS,JPOSA,"Charleston, SC, USCHS","Charleston, SC, USCHS","Osaka, 27, JPOSA",JPOSA,YMJA,YML,51625,DRY,9,4/23/2026,5/15/2026,5/11/2026 4:10,557,557,316.02,316.02,873.02,873.02
USCHS,USCHS,JPOSA,"Charleston, SC, USCHS","Charleston, SC, USCHS","Osaka, 27, JPOSA",JPOSA,ONEY,ONE,CHIM354B25,DRY,15,5/16/2026,6/30/2026,5/11/2026 4:10,675,675,336.45,336.45,1011.45,1011.45
USCHS,USCHS,JPOSA,"Charleston, SC, USCHS","Charleston, SC, USCHS","Osaka, 27, JPOSA",JPOSA,ONEY,ONE,CHIM354B25,DRY,15,5/6/2026,5/15/2026,5/11/2026 4:10,675,675,336.45,336.45,1011.45,1011.45
USCHS,USCHS,JPOSA,"Charleston, SC, USCHS","Charleston, SC, USCHS","Osaka, 27, JPOSA",JPOSA,YMJA,YML,51625,DRY,9,5/16/2026,6/30/2026,5/11/2026 4:10,691,691,316.02,316.02,1007.02,1007.02
USCHS,USCHS,JPOSA,"Charleston, SC, USCHS","Charleston, SC, USCHS","Osaka, 27, JPOSA",JPOSA,CMDU,CMA,25-0720,DRY,12,4/18/2026,6/30/2026,5/11/2026 4:10,910,910,331.98,331.98,1241.98,1241.98
USCHS,USCHS,JPOSA,"Charleston, SC, USCHS","Charleston, SC, USCHS","Osaka, 27, JPOSA",CNNBG,YMJA,YML,51625,DRY,9,4/23/2026,5/15/2026,5/11/2026 4:10,952,952,235.27,235.27,1187.27,1187.27
USCHS,USCHS,JPOSA,"Charleston, SC, USCHS","Charleston, SC, USCHS","Osaka, 27, JPOSA",CNNBG,YMJA,YML,51625,DRY,9,5/16/2026,6/30/2026,5/11/2026 4:10,1086,1086,235.27,235.27,1321.27,1321.27
USCHS,USCHS,JPOSA,"Charleston, SC, USCHS","Charleston, SC, USCHS","Osaka, 27, JPOSA",JPOSA,EGLV,EMC,SC103574,DRY,4,5/1/2026,6/30/2026,5/11/2026 4:10,1150,1150,306.44,306.44,1456.44,1456.44
USCHS,USCHS,JPOTK,"Charleston, SC, USCHS","Charleston, SC, USCHS","Otake, 34, JPOTK",KRPUS,YMJA,YML,51625,DRY,9,4/23/2026,5/15/2026,5/11/2026 4:10,2382,2382,123.14,123.14,2505.14,2505.14
USCHS,USCHS,JPOTK,"Charleston, SC, USCHS","Charleston, SC, USCHS","Otake, 34, JPOTK",KRPUS,YMJA,YML,51625,DRY,9,5/16/2026,6/30/2026,5/11/2026 4:10,2516,2516,123.14,123.14,2639.14,2639.14
USCHS,USCHS,JPSBS,"Charleston, SC, USCHS","Charleston, SC, USCHS","Shibushi, 46, JPSBS",JPSBS,ONEY,ONE,CHIM354B25,DRY,15,5/16/2026,6/30/2026,5/11/2026 4:10,1450,1450,336.45,336.45,1786.45,1786.45
USCHS,USCHS,JPSBS,"Charleston, SC, USCHS","Charleston, SC, USCHS","Shibushi, 46, JPSBS",JPSBS,ONEY,ONE,CHIM354B25,DRY,15,5/6/2026,5/15/2026,5/11/2026 4:10,1450,1450,336.45,336.45,1786.45,1786.45
USCHS,USCHS,JPSDJ,"Charleston, SC, USCHS","Charleston, SC, USCHS","Sendai, Miyagi, 4, JPSDJ",JPSDJ,ONEY,ONE,CHIM354B25,DRY,15,5/16/2026,6/30/2026,5/11/2026 4:10,1290,1290,336.45,336.45,1626.45,1626.45
USCHS,USCHS,JPSDJ,"Charleston, SC, USCHS","Charleston, SC, USCHS","Sendai, Miyagi, 4, JPSDJ",JPSDJ,ONEY,ONE,CHIM354B25,DRY,15,5/6/2026,5/15/2026,5/11/2026 4:10,1290,1290,336.45,336.45,1626.45,1626.45
USCHS,USCHS,JPSDJ,"Charleston, SC, USCHS","Charleston, SC, USCHS","Sendai, Miyagi, 4, JPSDJ",KRPUS,YMJA,YML,51625,DRY,9,4/23/2026,5/15/2026,5/11/2026 4:10,2532,2532,123.14,123.14,2655.14,2655.14
USCHS,USCHS,JPSDJ,"Charleston, SC, USCHS","Charleston, SC, USCHS","Sendai, Miyagi, 4, JPSDJ",KRPUS,YMJA,YML,51625,DRY,9,5/16/2026,6/30/2026,5/11/2026 4:10,2666,2666,123.14,123.14,2789.14,2789.14
USCHS,USCHS,JPSEN,"Charleston, SC, USCHS","Charleston, SC, USCHS","Satsumasendai, 46, JPSEN",KRPUS,YMJA,YML,51625,DRY,9,4/23/2026,5/15/2026,5/11/2026 4:10,2412,2412,123.14,123.14,2535.14,2535.14
USCHS,USCHS,JPSEN,"Charleston, SC, USCHS","Charleston, SC, USCHS","Satsumasendai, 46, JPSEN",KRPUS,YMJA,YML,51625,DRY,9,5/16/2026,6/30/2026,5/11/2026 4:10,2546,2546,123.14,123.14,2669.14,2669.14
USCHS,USCHS,JPSHS,"Charleston, SC, USCHS","Charleston, SC, USCHS","Shimonoseki, 35, JPSHS",KRPUS,YMJA,YML,51625,DRY,9,4/23/2026,5/15/2026,5/11/2026 4:10,2252,2252,123.14,123.14,2375.14,2375.14
USCHS,USCHS,JPSHS,"Charleston, SC, USCHS","Charleston, SC, USCHS","Shimonoseki, 35, JPSHS",KRPUS,YMJA,YML,51625,DRY,9,5/16/2026,6/30/2026,5/11/2026 4:10,2386,2386,123.14,123.14,2509.14,2509.14
USCHS,USCHS,JPSMN,"Charleston, SC, USCHS","Charleston, SC, USCHS","Sakaiminato, 31, JPSMN",JPSMN,ONEY,ONE,CHIM354B25,DRY,15,5/6/2026,5/15/2026,5/7/2026 3:45,1690,1690,0,0,1690,1690
USCHS,USCHS,JPSMN,"Charleston, SC, USCHS","Charleston, SC, USCHS","Sakaiminato, 31, JPSMN",JPSMN,ONEY,ONE,CHIM354B25,DRY,15,5/16/2026,6/30/2026,5/7/2026 3:45,1690,1690,0,0,1690,1690
USCHS,USCHS,JPSMZ,"Charleston, SC, USCHS","Charleston, SC, USCHS","Shimizu, 22, JPSMZ",JPSMZ,ONEY,ONE,CHIM354B25,DRY,15,5/16/2026,6/30/2026,5/11/2026 4:10,750,750,336.45,336.45,1086.45,1086.45
USCHS,USCHS,JPSMZ,"Charleston, SC, USCHS","Charleston, SC, USCHS","Shimizu, 22, JPSMZ",JPSMZ,ONEY,ONE,CHIM354B25,DRY,15,5/6/2026,5/15/2026,5/11/2026 4:10,750,750,336.45,336.45,1086.45,1086.45
USCHS,USCHS,JPTAK,"Charleston, SC, USCHS","Charleston, SC, USCHS","Takamatsu, 37, JPTAK",KRPUS,YMJA,YML,51625,DRY,9,4/23/2026,5/15/2026,5/11/2026 4:10,2302,2302,123.14,123.14,2425.14,2425.14
USCHS,USCHS,JPTAK,"Charleston, SC, USCHS","Charleston, SC, USCHS","Takamatsu, 37, JPTAK",KRPUS,YMJA,YML,51625,DRY,9,5/16/2026,6/30/2026,5/11/2026 4:10,2436,2436,123.14,123.14,2559.14,2559.14
USCHS,USCHS,JPTHS,"Charleston, SC, USCHS","Charleston, SC, USCHS","Toyohashi, 23, JPTHS",KRPUS,YMJA,YML,51625,DRY,9,4/23/2026,5/15/2026,5/11/2026 4:10,1392,1392,123.14,123.14,1515.14,1515.14
USCHS,USCHS,JPTHS,"Charleston, SC, USCHS","Charleston, SC, USCHS","Toyohashi, 23, JPTHS",KRPUS,YMJA,YML,51625,DRY,9,5/16/2026,6/30/2026,5/11/2026 4:10,1526,1526,123.14,123.14,1649.14,1649.14
USCHS,USCHS,JPTKS,"Charleston, SC, USCHS","Charleston, SC, USCHS","Tokushima, 36, JPTKS",JPTKS,ONEY,ONE,CHIM354B25,DRY,15,5/6/2026,5/15/2026,5/11/2026 4:10,2050,2050,336.45,336.45,2386.45,2386.45
USCHS,USCHS,JPTKS,"Charleston, SC, USCHS","Charleston, SC, USCHS","Tokushima, 36, JPTKS",JPTKS,ONEY,ONE,CHIM354B25,DRY,15,5/16/2026,6/30/2026,5/11/2026 4:10,2050,2050,336.45,336.45,2386.45,2386.45
USCHS,USCHS,JPTKS,"Charleston, SC, USCHS","Charleston, SC, USCHS","Tokushima, 36, JPTKS",KRPUS,YMJA,YML,51625,DRY,9,4/23/2026,5/15/2026,5/11/2026 4:10,2282,2282,123.14,123.14,2405.14,2405.14
USCHS,USCHS,JPTKS,"Charleston, SC, USCHS","Charleston, SC, USCHS","Tokushima, 36, JPTKS",KRPUS,YMJA,YML,51625,DRY,9,5/16/2026,6/30/2026,5/11/2026 4:10,2416,2416,123.14,123.14,2539.14,2539.14
USCHS,USCHS,JPTKY,"Charleston, SC, USCHS","Charleston, SC, USCHS","Tokuyama, 35, JPTKY",KRPUS,YMJA,YML,51625,DRY,9,4/23/2026,5/15/2026,5/11/2026 4:10,2072,2072,123.14,123.14,2195.14,2195.14
USCHS,USCHS,JPTKY,"Charleston, SC, USCHS","Charleston, SC, USCHS","Tokuyama, 35, JPTKY",KRPUS,YMJA,YML,51625,DRY,9,5/16/2026,6/30/2026,5/11/2026 4:10,2206,2206,123.14,123.14,2329.14,2329.14
USCHS,USCHS,JPTMK,"Charleston, SC, USCHS","Charleston, SC, USCHS","Tomakomai, 1, JPTMK",JPTMK,ONEY,ONE,CHIM354B25,DRY,15,5/16/2026,6/30/2026,5/11/2026 4:10,1850,1850,336.45,336.45,2186.45,2186.45
USCHS,USCHS,JPTMK,"Charleston, SC, USCHS","Charleston, SC, USCHS","Tomakomai, 1, JPTMK",JPTMK,ONEY,ONE,CHIM354B25,DRY,15,5/6/2026,5/15/2026,5/11/2026 4:10,1850,1850,336.45,336.45,2186.45,2186.45
USCHS,USCHS,JPTMK,"Charleston, SC, USCHS","Charleston, SC, USCHS","Tomakomai, 1, JPTMK",KRPUS,YMJA,YML,51625,DRY,9,4/23/2026,5/15/2026,5/11/2026 4:10,2007,2007,123.14,123.14,2130.14,2130.14
USCHS,USCHS,JPTMK,"Charleston, SC, USCHS","Charleston, SC, USCHS","Tomakomai, 1, JPTMK",KRPUS,YMJA,YML,51625,DRY,9,5/16/2026,6/30/2026,5/11/2026 4:10,2141,2141,123.14,123.14,2264.14,2264.14
USCHS,USCHS,JPTOY,"Charleston, SC, USCHS","Charleston, SC, USCHS","Toyama, 16, JPTOY",KRPUS,YMJA,YML,51625,DRY,9,4/23/2026,5/15/2026,5/11/2026 4:10,2222,2222,123.14,123.14,2345.14,2345.14
USCHS,USCHS,JPTOY,"Charleston, SC, USCHS","Charleston, SC, USCHS","Toyama, 16, JPTOY",KRPUS,YMJA,YML,51625,DRY,9,5/16/2026,6/30/2026,5/11/2026 4:10,2356,2356,123.14,123.14,2479.14,2479.14
USCHS,USCHS,JPTRG,"Charleston, SC, USCHS","Charleston, SC, USCHS","Tsuruga, 18, JPTRG",KRPUS,YMJA,YML,51625,DRY,9,4/23/2026,5/15/2026,5/11/2026 4:10,2142,2142,123.14,123.14,2265.14,2265.14
USCHS,USCHS,JPTRG,"Charleston, SC, USCHS","Charleston, SC, USCHS","Tsuruga, 18, JPTRG",KRPUS,YMJA,YML,51625,DRY,9,5/16/2026,6/30/2026,5/11/2026 4:10,2276,2276,123.14,123.14,2399.14,2399.14
USCHS,USCHS,JPTYO,"Charleston, SC, USCHS","Charleston, SC, USCHS","Tokyo, 13, JPTYO",JPTYO,MAEU,Maersk,300094432,DRY,0,4/1/2026,9/30/2026,5/11/2026 4:10,326,326,341.56,341.56,667.56,667.56
USCHS,USCHS,JPTYO,"Charleston, SC, USCHS","Charleston, SC, USCHS","Tokyo, 13, JPTYO",SGSIN,YMJA,YML,51625,DRY,9,4/23/2026,5/15/2026,5/11/2026 4:10,557,557,316.02,316.02,873.02,873.02
USCHS,USCHS,JPTYO,"Charleston, SC, USCHS","Charleston, SC, USCHS","Tokyo, 13, JPTYO",JPTYO,ONEY,ONE,CHIM354B25,DRY,15,5/16/2026,6/30/2026,5/11/2026 4:10,560,560,336.45,336.45,896.45,896.45
USCHS,USCHS,JPTYO,"Charleston, SC, USCHS","Charleston, SC, USCHS","Tokyo, 13, JPTYO",JPTYO,ONEY,ONE,CHIM354B25,DRY,15,5/6/2026,5/15/2026,5/11/2026 4:10,560,560,336.45,336.45,896.45,896.45
USCHS,USCHS,JPTYO,"Charleston, SC, USCHS","Charleston, SC, USCHS","Tokyo, 13, JPTYO",SGSIN,YMJA,YML,51625,DRY,9,4/23/2026,5/15/2026,5/11/2026 4:10,607,607,274.53,274.53,881.53,881.53
USCHS,USCHS,JPTYO,"Charleston, SC, USCHS","Charleston, SC, USCHS","Tokyo, 13, JPTYO",SGSIN,YMJA,YML,51625,DRY,9,5/16/2026,6/30/2026,5/11/2026 4:10,691,691,316.02,316.02,1007.02,1007.02
USCHS,USCHS,JPTYO,"Charleston, SC, USCHS","Charleston, SC, USCHS","Tokyo, 13, JPTYO",SGSIN,YMJA,YML,51625,DRY,9,5/16/2026,6/30/2026,5/11/2026 4:10,741,741,274.53,274.53,1015.53,1015.53
USCHS,USCHS,JPUKB,"Charleston, SC, USCHS","Charleston, SC, USCHS","Kobe, 28, JPUKB",SGSIN,YMJA,YML,51625,DRY,9,4/23/2026,5/15/2026,5/11/2026 4:10,307,307,316.02,316.02,623.02,623.02
USCHS,USCHS,JPUKB,"Charleston, SC, USCHS","Charleston, SC, USCHS","Kobe, 28, JPUKB",SGSIN,YMJA,YML,51625,DRY,9,5/16/2026,6/30/2026,5/11/2026 4:10,441,441,316.02,316.02,757.02,757.02
USCHS,USCHS,JPUKB,"Charleston, SC, USCHS","Charleston, SC, USCHS","Kobe, 28, JPUKB",JPUKB,MAEU,Maersk,300094432,DRY,0,4/1/2026,9/30/2026,5/11/2026 4:10,463,463,341.56,341.56,804.56,804.56
USCHS,USCHS,JPUKB,"Charleston, SC, USCHS","Charleston, SC, USCHS","Kobe, 28, JPUKB",JPUKB,ONEY,ONE,CHIM354B25,DRY,15,5/16/2026,6/30/2026,5/11/2026 4:10,560,560,336.45,336.45,896.45,896.45
USCHS,USCHS,JPUKB,"Charleston, SC, USCHS","Charleston, SC, USCHS","Kobe, 28, JPUKB",JPUKB,ONEY,ONE,CHIM354B25,DRY,15,5/6/2026,5/15/2026,5/11/2026 4:10,560,560,336.45,336.45,896.45,896.45
USCHS,USCHS,JPUKB,"Charleston, SC, USCHS","Charleston, SC, USCHS","Kobe, 28, JPUKB",SGSIN,YMJA,YML,51625,DRY,9,4/23/2026,5/15/2026,5/11/2026 4:10,607,607,274.53,274.53,881.53,881.53
USCHS,USCHS,JPUKB,"Charleston, SC, USCHS","Charleston, SC, USCHS","Kobe, 28, JPUKB",SGSIN,YMJA,YML,51625,DRY,9,5/16/2026,6/30/2026,5/11/2026 4:10,741,741,274.53,274.53,1015.53,1015.53
USCHS,USCHS,JPUKB,"Charleston, SC, USCHS","Charleston, SC, USCHS","Kobe, 28, JPUKB",JPUKB,EGLV,EMC,SC103574,DRY,4,5/1/2026,6/30/2026,5/11/2026 4:10,1150,1150,306.44,306.44,1456.44,1456.44
USCHS,USCHS,JPYKK,"Charleston, SC, USCHS","Charleston, SC, USCHS","Yokkaichi, 24, JPYKK","Nagoya, JP",MAEU,Maersk,300094432,DRY,0,4/1/2026,9/30/2026,5/11/2026 4:10,613.18,613.18,341.56,341.56,954.74,954.74
USCHS,USCHS,JPYKK,"Charleston, SC, USCHS","Charleston, SC, USCHS","Yokkaichi, 24, JPYKK",KRPUS,YMJA,YML,51625,DRY,9,4/23/2026,5/15/2026,5/11/2026 4:10,2332,2332,123.14,123.14,2455.14,2455.14
USCHS,USCHS,JPYKK,"Charleston, SC, USCHS","Charleston, SC, USCHS","Yokkaichi, 24, JPYKK",KRPUS,YMJA,YML,51625,DRY,9,5/16/2026,6/30/2026,5/11/2026 4:10,2466,2466,123.14,123.14,2589.14,2589.14
USCHS,USCHS,JPYOK,"Charleston, SC, USCHS","Charleston, SC, USCHS","Yokohama, 14, JPYOK",JPYOK,ONEY,ONE,CHIM354B25,DRY,15,5/6/2026,5/15/2026,5/11/2026 4:10,550,550,336.45,336.45,886.45,886.45
USCHS,USCHS,JPYOK,"Charleston, SC, USCHS","Charleston, SC, USCHS","Yokohama, 14, JPYOK",JPYOK,ONEY,ONE,CHIM354B25,DRY,15,5/16/2026,6/30/2026,5/11/2026 4:10,550,550,336.45,336.45,886.45,886.45
USCHS,USCHS,JPYOK,"Charleston, SC, USCHS","Charleston, SC, USCHS","Yokohama, 14, JPYOK",JPYOK,CMDU,CMA,25-0720,DRY,12,4/18/2026,6/30/2026,5/11/2026 4:10,560,560,331.98,331.98,891.98,891.98
USCHS,USCHS,JPYOK,"Charleston, SC, USCHS","Charleston, SC, USCHS","Yokohama, 14, JPYOK",JPYOK,MAEU,Maersk,300094432,DRY,0,4/1/2026,9/30/2026,5/11/2026 4:10,880,880,341.56,341.56,1221.56,1221.56
USCHS,USCHS,KRDDC,"Charleston, SC, USCHS","Charleston, SC, USCHS","Dongducheon, 41, KRDDC",KRPUS,YMJA,YML,51625,DRY,9,4/23/2026,5/15/2026,5/11/2026 4:10,1257,1257,123.14,123.14,1380.14,1380.14
USCHS,USCHS,KRDDC,"Charleston, SC, USCHS","Charleston, SC, USCHS","Dongducheon, 41, KRDDC",KRPUS,YMJA,YML,51625,DRY,9,5/16/2026,6/30/2026,5/11/2026 4:10,1391,1391,123.14,123.14,1514.14,1514.14
USCHS,USCHS,KRKAN,"Charleston, SC, USCHS","Charleston, SC, USCHS","Gwangyang, 46, KRKAN",KRKAN,MAEU,Maersk,300094432,DRY,0,4/1/2026,9/30/2026,5/11/2026 4:10,353,353,177.86,177.86,530.86,530.86
USCHS,USCHS,KRKAN,"Charleston, SC, USCHS","Charleston, SC, USCHS","Gwangyang, 46, KRKAN",KRPUS,YMJA,YML,51625,DRY,9,4/23/2026,5/15/2026,5/10/2026 3:45,357,357,0,0,357,357
USCHS,USCHS,KRKAN,"Charleston, SC, USCHS","Charleston, SC, USCHS","Gwangyang, 46, KRKAN",KRPUS,YMJA,YML,51625,DRY,9,5/16/2026,6/30/2026,5/10/2026 3:45,491,491,0,0,491,491
USCHS,USCHS,KRKAN,"Charleston, SC, USCHS","Charleston, SC, USCHS","Gwangyang, 46, KRKAN",KRKAN,ONEY,ONE,CHIM354B25,DRY,15,5/6/2026,5/15/2026,5/11/2026 4:10,660,660,167.56,167.54,827.56,827.54
USCHS,USCHS,KRKAN,"Charleston, SC, USCHS","Charleston, SC, USCHS","Gwangyang, 46, KRKAN",KRKAN,ONEY,ONE,CHIM354B25,DRY,15,5/16/2026,6/30/2026,5/11/2026 4:10,660,660,167.56,167.54,827.56,827.54
USCHS,USCHS,KRKAN,"Charleston, SC, USCHS","Charleston, SC, USCHS","Gwangyang, 46, KRKAN",KRPUS,YMJA,YML,51625,DRY,9,4/23/2026,5/15/2026,5/11/2026 4:10,707,707,123.14,123.14,830.14,830.14
USCHS,USCHS,KRKAN,"Charleston, SC, USCHS","Charleston, SC, USCHS","Gwangyang, 46, KRKAN",KRKAN,CMDU,CMA,25-0720,DRY,12,4/18/2026,6/30/2026,5/11/2026 4:10,810,810,133.04,133.04,943.04,943.04
USCHS,USCHS,KRKAN,"Charleston, SC, USCHS","Charleston, SC, USCHS","Gwangyang, 46, KRKAN",KRPUS,YMJA,YML,51625,DRY,9,5/16/2026,6/30/2026,5/11/2026 4:10,841,841,123.14,123.14,964.14,964.14
USCHS,USCHS,KRPOC,"Charleston, SC, USCHS","Charleston, SC, USCHS","Pocheon, 41, KRPOC",KRPUS,YMJA,YML,51625,DRY,9,4/23/2026,5/15/2026,5/11/2026 4:10,1267,1267,123.14,123.14,1390.14,1390.14
USCHS,USCHS,KRPOC,"Charleston, SC, USCHS","Charleston, SC, USCHS","Pocheon, 41, KRPOC",KRPUS,YMJA,YML,51625,DRY,9,5/16/2026,6/30/2026,5/11/2026 4:10,1401,1401,123.14,123.14,1524.14,1524.14
USCHS,USCHS,KRPUS,"Charleston, SC, USCHS","Charleston, SC, USCHS","Busan, 26, KRPUS",KRPUS,YMJA,YML,51625,DRY,9,4/23/2026,5/15/2026,5/11/2026 4:10,132,132,123.14,123.14,255.14,255.14
USCHS,USCHS,KRPUS,"Charleston, SC, USCHS","Charleston, SC, USCHS","Busan, 26, KRPUS",KRPUS,MAEU,Maersk,300094432,DRY,0,4/1/2026,9/30/2026,5/11/2026 4:10,263,263,177.86,177.86,440.86,440.86
USCHS,USCHS,KRPUS,"Charleston, SC, USCHS","Charleston, SC, USCHS","Busan, 26, KRPUS",KRPUS,YMJA,YML,51625,DRY,9,5/16/2026,6/30/2026,5/11/2026 4:10,266,266,123.14,123.14,389.14,389.14
USCHS,USCHS,KRPUS,"Charleston, SC, USCHS","Charleston, SC, USCHS","Busan, 26, KRPUS",KRPUS,ONEY,ONE,CHIM354B25,DRY,15,5/6/2026,5/15/2026,5/11/2026 4:10,300,300,171.74,171.73,471.74,471.73
USCHS,USCHS,KRPUS,"Charleston, SC, USCHS","Charleston, SC, USCHS","Busan, 26, KRPUS",KRPUS,ONEY,ONE,CHIM354B25,DRY,15,5/16/2026,6/30/2026,5/11/2026 4:10,300,300,171.74,171.73,471.74,471.73
USCHS,USCHS,KRPUS,"Charleston, SC, USCHS","Charleston, SC, USCHS","Busan, 26, KRPUS",KRPUS,OOLU,OOCL,MT256104,DRY,16,4/1/2026,6/30/2026,5/11/2026 4:10,323,323,129.98,129.98,452.98,452.98
USCHS,USCHS,KRPUS,"Charleston, SC, USCHS","Charleston, SC, USCHS","Busan, 26, KRPUS",KRPUS,CMDU,CMA,25-0720,DRY,12,4/18/2026,6/30/2026,5/11/2026 4:10,410,410,143.99,143.99,553.99,553.99
USCHS,USCHS,KRPUS,"Charleston, SC, USCHS","Charleston, SC, USCHS","Busan, 26, KRPUS",KRPUS,YMJA,YML,51625,DRY,9,4/23/2026,5/15/2026,5/11/2026 4:10,432,432,123.14,123.14,555.14,555.14
USCHS,USCHS,KRPUS,"Charleston, SC, USCHS","Charleston, SC, USCHS","Busan, 26, KRPUS",KRPUS,YMJA,YML,51625,DRY,9,5/16/2026,6/30/2026,5/11/2026 4:10,566,566,123.14,123.14,689.14,689.14
USCHS,USCHS,KRPUS,"Charleston, SC, USCHS","Charleston, SC, USCHS","Busan, 26, KRPUS",SGSIN,YMJA,YML,51625,DRY,9,4/23/2026,5/15/2026,5/11/2026 4:10,752,752,274.53,274.53,1026.53,1026.53
USCHS,USCHS,KRPUS,"Charleston, SC, USCHS","Charleston, SC, USCHS","Busan, 26, KRPUS",SGSIN,YMJA,YML,51625,DRY,9,5/16/2026,6/30/2026,5/11/2026 4:10,886,886,274.53,274.53,1160.53,1160.53
USCHS,USCHS,KRSEJ,"Charleston, SC, USCHS","Charleston, SC, USCHS","Seongju-gun, 47, KRSEJ",KRPUS,YMJA,YML,51625,DRY,9,4/23/2026,5/15/2026,5/11/2026 4:10,932,932,123.14,123.14,1055.14,1055.14
USCHS,USCHS,KRSEJ,"Charleston, SC, USCHS","Charleston, SC, USCHS","Seongju-gun, 47, KRSEJ",KRPUS,YMJA,YML,51625,DRY,9,5/16/2026,6/30/2026,5/11/2026 4:10,1066,1066,123.14,123.14,1189.14,1189.14
USCHS,USCHS,KRYSN,"Charleston, SC, USCHS","Charleston, SC, USCHS","Yangsan, 48, KRYSN",KRPUS,YMJA,YML,51625,DRY,9,4/23/2026,5/15/2026,5/11/2026 4:10,757,757,123.14,123.14,880.14,880.14
USCHS,USCHS,KRYSN,"Charleston, SC, USCHS","Charleston, SC, USCHS","Yangsan, 48, KRYSN",KRPUS,YMJA,YML,51625,DRY,9,5/16/2026,6/30/2026,5/11/2026 4:10,891,891,123.14,123.14,1014.14,1014.14
USCHS,USCHS,KRYYU,"Charleston, SC, USCHS","Charleston, SC, USCHS","Yangju, 41, KRYYU",KRPUS,YMJA,YML,51625,DRY,9,4/23/2026,5/15/2026,5/11/2026 4:10,1337,1337,123.14,123.14,1460.14,1460.14
USCHS,USCHS,KRYYU,"Charleston, SC, USCHS","Charleston, SC, USCHS","Yangju, 41, KRYYU",KRPUS,YMJA,YML,51625,DRY,9,5/16/2026,6/30/2026,5/11/2026 4:10,1471,1471,123.14,123.14,1594.14,1594.14
USCHS,USCHS,LKCMB,"Charleston, SC, USCHS","Charleston, SC, USCHS","Colombo, , LKCMB",LKCMB,ONEY,ONE,CHIM354B25,DRY,15,5/16/2026,6/30/2026,5/7/2026 3:45,1250,1250,0,0,1250,1250
USCHS,USCHS,LKCMB,"Charleston, SC, USCHS","Charleston, SC, USCHS","Colombo, , LKCMB",LKCMB,ONEY,ONE,CHIM354B25,DRY,15,5/6/2026,5/15/2026,5/7/2026 3:45,1250,1250,0,0,1250,1250
USCHS,USCHS,MYKCH,"Charleston, SC, USCHS","Charleston, SC, USCHS","Kuching, Sarawak, , MYKCH",SGSIN,YMJA,YML,51625,DRY,9,4/23/2026,5/15/2026,5/11/2026 4:10,1397,1397,274.53,274.53,1671.53,1671.53
USCHS,USCHS,MYKCH,"Charleston, SC, USCHS","Charleston, SC, USCHS","Kuching, Sarawak, , MYKCH",SGSIN,YMJA,YML,51625,DRY,9,5/16/2026,6/30/2026,5/11/2026 4:10,1531,1531,274.53,274.53,1805.53,1805.53
USCHS,USCHS,MYPEN,"Charleston, SC, USCHS","Charleston, SC, USCHS","Penang, , MYPEN",MYPEN,ONEY,ONE,CHIM354B25,DRY,15,5/6/2026,5/15/2026,5/11/2026 4:10,475,475,217.29,217.29,692.29,692.29
USCHS,USCHS,MYPEN,"Charleston, SC, USCHS","Charleston, SC, USCHS","Penang, , MYPEN",MYPEN,ONEY,ONE,CHIM354B25,DRY,15,5/16/2026,6/30/2026,5/11/2026 4:10,475,475,217.29,217.29,692.29,692.29
USCHS,USCHS,MYPEN,"Charleston, SC, USCHS","Charleston, SC, USCHS","Penang, , MYPEN",MYPEN,YMJA,YML,51625,DRY,9,4/23/2026,5/15/2026,5/11/2026 4:10,607,607,205.81,205.81,812.81,812.81
USCHS,USCHS,MYPEN,"Charleston, SC, USCHS","Charleston, SC, USCHS","Penang, , MYPEN",MYPEN,CMDU,CMA,25-0720,DRY,12,4/18/2026,6/30/2026,5/11/2026 4:10,660,660,184.9,184.9,844.9,844.9
USCHS,USCHS,MYPEN,"Charleston, SC, USCHS","Charleston, SC, USCHS","Penang, , MYPEN",MYPEN,YMJA,YML,51625,DRY,9,5/16/2026,6/30/2026,5/11/2026 4:10,741,741,205.81,205.81,946.81,946.81
USCHS,USCHS,MYPEN,"Charleston, SC, USCHS","Charleston, SC, USCHS","Penang, , MYPEN",MYPEN,MAEU,Maersk,300094432,DRY,0,4/1/2026,9/30/2026,5/11/2026 4:10,843,843,252.48,252.48,1095.48,1095.48
USCHS,USCHS,MYPEN,"Charleston, SC, USCHS","Charleston, SC, USCHS","Penang, , MYPEN",MYPEN,OOLU,OOCL,MT256104,DRY,16,4/1/2026,6/30/2026,5/11/2026 4:10,938,938,204.03,216.78,1142.03,1154.78
USCHS,USCHS,MYPEN,"Charleston, SC, USCHS","Charleston, SC, USCHS","Penang, , MYPEN",SGSIN,YMJA,YML,51625,DRY,9,4/23/2026,5/15/2026,5/11/2026 4:10,1177,1177,274.53,274.53,1451.53,1451.53
USCHS,USCHS,MYPEN,"Charleston, SC, USCHS","Charleston, SC, USCHS","Penang, , MYPEN",CNSHA,YMJA,YML,51625,DRY,9,4/23/2026,5/15/2026,5/11/2026 4:10,1177,1177,235.27,235.27,1412.27,1412.27
USCHS,USCHS,MYPEN,"Charleston, SC, USCHS","Charleston, SC, USCHS","Penang, , MYPEN",MYPEN,MSCU,MSC,25-348WCSA,DRY,7,5/1/2026,5/31/2026,5/11/2026 4:10,1253.39,1253.39,195.1,195.1,1448.49,1448.49
USCHS,USCHS,MYPEN,"Charleston, SC, USCHS","Charleston, SC, USCHS","Penang, , MYPEN",MYPEN,MSCU,MSC,25-348WCSA,DRY,7,6/1/2026,6/30/2026,5/11/2026 4:10,1293.39,1293.39,195.1,195.1,1488.49,1488.49
USCHS,USCHS,MYPEN,"Charleston, SC, USCHS","Charleston, SC, USCHS","Penang, , MYPEN",CNSHA,YMJA,YML,51625,DRY,9,5/16/2026,6/30/2026,5/11/2026 4:10,1311,1311,235.27,235.27,1546.27,1546.27
USCHS,USCHS,MYPEN,"Charleston, SC, USCHS","Charleston, SC, USCHS","Penang, , MYPEN",SGSIN,YMJA,YML,51625,DRY,9,5/16/2026,6/30/2026,5/11/2026 4:10,1311,1311,274.53,274.53,1585.53,1585.53
USCHS,USCHS,MYPGU,"Charleston, SC, USCHS","Charleston, SC, USCHS","Pasir Gudang, Johor, , MYPGU",MYPGU,ONEY,ONE,CHIM354B25,DRY,15,5/6/2026,5/15/2026,5/11/2026 4:10,610,610,193.06,193.06,803.06,803.06
USCHS,USCHS,MYPGU,"Charleston, SC, USCHS","Charleston, SC, USCHS","Pasir Gudang, Johor, , MYPGU",MYPGU,ONEY,ONE,CHIM354B25,DRY,15,5/16/2026,6/30/2026,5/11/2026 4:10,610,610,193.06,193.06,803.06,803.06
USCHS,USCHS,MYPGU,"Charleston, SC, USCHS","Charleston, SC, USCHS","Pasir Gudang, Johor, , MYPGU",MYPGU,CMDU,CMA,25-0720,DRY,12,4/18/2026,6/30/2026,5/11/2026 4:10,660,660,182.86,182.86,842.86,842.86
USCHS,USCHS,MYPGU,"Charleston, SC, USCHS","Charleston, SC, USCHS","Pasir Gudang, Johor, , MYPGU",MYPGU,YMJA,YML,51625,DRY,9,4/23/2026,5/15/2026,5/11/2026 4:10,707,707,179.04,179.04,886.04,886.04
USCHS,USCHS,MYPGU,"Charleston, SC, USCHS","Charleston, SC, USCHS","Pasir Gudang, Johor, , MYPGU",MYPGU,YMJA,YML,51625,DRY,9,5/16/2026,6/30/2026,5/11/2026 4:10,841,841,179.04,179.04,1020.04,1020.04
USCHS,USCHS,MYPGU,"Charleston, SC, USCHS","Charleston, SC, USCHS","Pasir Gudang, Johor, , MYPGU","Tanjung Pelepas, MY",MAEU,Maersk,300094432,DRY,0,4/1/2026,9/30/2026,5/11/2026 4:10,843,843,248.66,248.66,1091.66,1091.66
USCHS,USCHS,MYPGU,"Charleston, SC, USCHS","Charleston, SC, USCHS","Pasir Gudang, Johor, , MYPGU",MYPGU,OOLU,OOCL,MT256104,DRY,16,4/1/2026,6/30/2026,5/11/2026 4:10,938,938,173.42,173.42,1111.42,1111.42
USCHS,USCHS,MYPGU,"Charleston, SC, USCHS","Charleston, SC, USCHS","Pasir Gudang, Johor, , MYPGU",CNSHA,YMJA,YML,51625,DRY,9,4/23/2026,5/15/2026,5/11/2026 4:10,1032,1032,235.27,235.27,1267.27,1267.27
USCHS,USCHS,MYPGU,"Charleston, SC, USCHS","Charleston, SC, USCHS","Pasir Gudang, Johor, , MYPGU",SGSIN,YMJA,YML,51625,DRY,9,4/23/2026,5/15/2026,5/11/2026 4:10,1032,1032,274.53,274.53,1306.53,1306.53
USCHS,USCHS,MYPGU,"Charleston, SC, USCHS","Charleston, SC, USCHS","Pasir Gudang, Johor, , MYPGU",SGSIN,YMJA,YML,51625,DRY,9,5/16/2026,6/30/2026,5/11/2026 4:10,1166,1166,274.53,274.53,1440.53,1440.53
USCHS,USCHS,MYPGU,"Charleston, SC, USCHS","Charleston, SC, USCHS","Pasir Gudang, Johor, , MYPGU",CNSHA,YMJA,YML,51625,DRY,9,5/16/2026,6/30/2026,5/11/2026 4:10,1166,1166,235.27,235.27,1401.27,1401.27
USCHS,USCHS,MYPGU,"Charleston, SC, USCHS","Charleston, SC, USCHS","Pasir Gudang, Johor, , MYPGU",MYPGU,MSCU,MSC,25-348WCSA,DRY,7,5/1/2026,5/31/2026,5/11/2026 4:10,1253.39,1253.39,180.06,180.06,1433.45,1433.45
USCHS,USCHS,MYPGU,"Charleston, SC, USCHS","Charleston, SC, USCHS","Pasir Gudang, Johor, , MYPGU",MYPGU,MSCU,MSC,25-348WCSA,DRY,7,6/1/2026,6/30/2026,5/11/2026 4:10,1293.39,1293.39,180.06,180.06,1473.45,1473.45
USCHS,USCHS,MYPKG,"Charleston, SC, USCHS","Charleston, SC, USCHS","Port Klang, 10, MYPKG",MYPKG,OOLU,OOCL,MT256104,DRY,16,4/1/2026,6/30/2026,5/11/2026 4:10,343,343,299.16,299.16,642.16,642.16
USCHS,USCHS,MYPKG,"Charleston, SC, USCHS","Charleston, SC, USCHS","Port Klang, 10, MYPKG",MYPKG,CMDU,CMA,25-0720,DRY,12,4/18/2026,6/30/2026,5/11/2026 4:10,460,460,182.35,182.35,642.35,642.35
USCHS,USCHS,MYPKG,"Charleston, SC, USCHS","Charleston, SC, USCHS","Port Klang, 10, MYPKG",MYPKG,YMJA,YML,51625,DRY,9,4/23/2026,5/15/2026,5/11/2026 4:10,607,607,182.35,182.35,789.35,789.35
USCHS,USCHS,MYPKG,"Charleston, SC, USCHS","Charleston, SC, USCHS","Port Klang, 10, MYPKG",MYPKG,ONEY,ONE,CHIM354B25,DRY,15,5/6/2026,5/15/2026,5/11/2026 4:10,650,650,191.79,191.79,841.79,841.79
USCHS,USCHS,MYPKG,"Charleston, SC, USCHS","Charleston, SC, USCHS","Port Klang, 10, MYPKG",MYPKG,ONEY,ONE,CHIM354B25,DRY,15,5/16/2026,6/30/2026,5/11/2026 4:10,650,650,191.79,191.79,841.79,841.79
USCHS,USCHS,MYPKG,"Charleston, SC, USCHS","Charleston, SC, USCHS","Port Klang, 10, MYPKG",MYPKG,YMJA,YML,51625,DRY,9,5/16/2026,6/30/2026,5/11/2026 4:10,741,741,182.35,182.35,923.35,923.35
USCHS,USCHS,MYPKG,"Charleston, SC, USCHS","Charleston, SC, USCHS","Port Klang, 10, MYPKG",CNSHA,YMJA,YML,51625,DRY,9,4/23/2026,5/15/2026,5/11/2026 4:10,842,842,235.27,235.27,1077.27,1077.27
USCHS,USCHS,MYPKG,"Charleston, SC, USCHS","Charleston, SC, USCHS","Port Klang, 10, MYPKG",CNNBG,YMJA,YML,51625,DRY,9,4/23/2026,5/15/2026,5/11/2026 4:10,842,842,235.27,235.27,1077.27,1077.27
USCHS,USCHS,MYPKG,"Charleston, SC, USCHS","Charleston, SC, USCHS","Port Klang, 10, MYPKG",SGSIN,YMJA,YML,51625,DRY,9,4/23/2026,5/15/2026,5/11/2026 4:10,842,842,274.53,274.53,1116.53,1116.53
USCHS,USCHS,MYPKG,"Charleston, SC, USCHS","Charleston, SC, USCHS","Port Klang, 10, MYPKG",MYPKG,MAEU,Maersk,300094432,DRY,0,4/1/2026,9/30/2026,5/11/2026 4:10,843,843,226.98,226.98,1069.98,1069.98
USCHS,USCHS,MYPKG,"Charleston, SC, USCHS","Charleston, SC, USCHS","Port Klang, 10, MYPKG",CNSHA,YMJA,YML,51625,DRY,9,5/16/2026,6/30/2026,5/11/2026 4:10,976,976,235.27,235.27,1211.27,1211.27
USCHS,USCHS,MYPKG,"Charleston, SC, USCHS","Charleston, SC, USCHS","Port Klang, 10, MYPKG",CNNBG,YMJA,YML,51625,DRY,9,5/16/2026,6/30/2026,5/11/2026 4:10,976,976,235.27,235.27,1211.27,1211.27
USCHS,USCHS,MYPKG,"Charleston, SC, USCHS","Charleston, SC, USCHS","Port Klang, 10, MYPKG",SGSIN,YMJA,YML,51625,DRY,9,5/16/2026,6/30/2026,5/11/2026 4:10,976,976,274.53,274.53,1250.53,1250.53
USCHS,USCHS,MYPKG,"Charleston, SC, USCHS","Charleston, SC, USCHS","Port Klang, 10, MYPKG",CNSHA,YMJA,YML,51625,DRY,9,4/23/2026,5/15/2026,5/11/2026 4:10,1032,1032,235.27,235.27,1267.27,1267.27
USCHS,USCHS,MYPKG,"Charleston, SC, USCHS","Charleston, SC, USCHS","Port Klang, 10, MYPKG",SGSIN,YMJA,YML,51625,DRY,9,4/23/2026,5/15/2026,5/11/2026 4:10,1032,1032,274.53,274.53,1306.53,1306.53
USCHS,USCHS,MYPKG,"Charleston, SC, USCHS","Charleston, SC, USCHS","Port Klang, 10, MYPKG",SGSIN,YMJA,YML,51625,DRY,9,5/16/2026,6/30/2026,5/11/2026 4:10,1166,1166,274.53,274.53,1440.53,1440.53
USCHS,USCHS,MYPKG,"Charleston, SC, USCHS","Charleston, SC, USCHS","Port Klang, 10, MYPKG",CNSHA,YMJA,YML,51625,DRY,9,5/16/2026,6/30/2026,5/11/2026 4:10,1166,1166,235.27,235.27,1401.27,1401.27
USCHS,USCHS,MYPKG,"Charleston, SC, USCHS","Charleston, SC, USCHS","Port Klang, 10, MYPKG",MYPKG,MSCU,MSC,25-348WCSA,DRY,7,5/1/2026,5/31/2026,5/11/2026 4:10,1253.39,1253.39,184.9,184.9,1438.29,1438.29
USCHS,USCHS,MYPKG,"Charleston, SC, USCHS","Charleston, SC, USCHS","Port Klang, 10, MYPKG",MYPKG,MSCU,MSC,25-348WCSA,DRY,7,6/1/2026,6/30/2026,5/11/2026 4:10,1293.39,1293.39,184.9,184.9,1478.29,1478.29
USCHS,USCHS,MYTPP,"Charleston, SC, USCHS","Charleston, SC, USCHS","Tanjung Pelepas, 1, MYTPP",MYTPP,MAEU,Maersk,300094432,DRY,0,4/1/2026,9/30/2026,5/11/2026 4:10,643,643,248.66,248.66,891.66,891.66
USCHS,USCHS,MYTPP,"Charleston, SC, USCHS","Charleston, SC, USCHS","Tanjung Pelepas, 1, MYTPP",MYTPP,CMDU,CMA,25-0720,DRY,12,4/18/2026,6/30/2026,5/11/2026 4:10,960,960,194.59,194.59,1154.59,1154.59
USCHS,USCHS,MYTPP,"Charleston, SC, USCHS","Charleston, SC, USCHS","Tanjung Pelepas, 1, MYTPP",MYTPP,MSCU,MSC,25-348WCSA,DRY,7,5/1/2026,5/31/2026,5/11/2026 4:10,1253.39,1253.39,188.73,188.73,1442.12,1442.12
USCHS,USCHS,MYTPP,"Charleston, SC, USCHS","Charleston, SC, USCHS","Tanjung Pelepas, 1, MYTPP",MYTPP,MSCU,MSC,25-348WCSA,DRY,7,6/1/2026,6/30/2026,5/11/2026 4:10,1293.39,1293.39,188.73,188.73,1482.12,1482.12
USCHS,USCHS,NIMGA,"Charleston, SC, USCHS","Charleston, SC, USCHS","Managua, , NIMGA",NIMGA,ONEY,ONE,CHIM354B25,DRY,15,5/16/2026,6/30/2026,5/10/2026 4:10,3550,3550,405,405,3955,3955
USCHS,USCHS,NIMGA,"Charleston, SC, USCHS","Charleston, SC, USCHS","Managua, , NIMGA",NIMGA,ONEY,ONE,CHIM354B25,DRY,15,5/6/2026,5/15/2026,5/10/2026 4:10,3550,3550,405,405,3955,3955
USCHS,USCHS,PAROD,"Charleston, SC, USCHS","Charleston, SC, USCHS","Rodman, 8, PAROD",PAROD,ONEY,ONE,CHIM354B25,DRY,15,5/6/2026,5/15/2026,5/10/2026 4:10,1260,1260,322,322,1582,1582
USCHS,USCHS,PAROD,"Charleston, SC, USCHS","Charleston, SC, USCHS","Rodman, 8, PAROD",PAROD,ONEY,ONE,CHIM354B25,DRY,15,5/16/2026,6/30/2026,5/10/2026 4:10,1260,1260,322,322,1582,1582
USCHS,USCHS,PECLL,"Charleston, SC, USCHS","Charleston, SC, USCHS","Callao, , PECLL",PECLL,ONEY,ONE,CHIM354B25,DRY,15,5/6/2026,5/15/2026,5/10/2026 4:10,875,875,105,105,980,980
USCHS,USCHS,PECLL,"Charleston, SC, USCHS","Charleston, SC, USCHS","Callao, , PECLL",PECLL,ONEY,ONE,CHIM354B25,DRY,15,5/16/2026,6/30/2026,5/10/2026 4:10,875,875,105,105,980,980
USCHS,USCHS,PECLL,"Charleston, SC, USCHS","Charleston, SC, USCHS","Callao, , PECLL",PECLL,EGLV,EMC,SC103574,DRY,2,10/1/2025,9/30/2026,5/10/2026 4:10,1200,1200,80,80,1280,1280
USCHS,USCHS,PHCEB,"Charleston, SC, USCHS","Charleston, SC, USCHS","Cebu, , PHCEB",PHCEB,MAEU,Maersk,300094432,DRY,0,4/1/2026,9/30/2026,5/11/2026 4:10,1152,1152,325.09,325.09,1477.09,1477.09
USCHS,USCHS,PHCEB,"Charleston, SC, USCHS","Charleston, SC, USCHS","Cebu, , PHCEB",TWKHH,YMJA,YML,51625,DRY,9,5/16/2026,6/30/2026,5/11/2026 4:10,1762,1762,223.53,223.53,1985.53,1985.53
USCHS,USCHS,PHCEB,"Charleston, SC, USCHS","Charleston, SC, USCHS","Cebu, , PHCEB",TWKHH,YMJA,YML,51625,DRY,9,4/23/2026,5/15/2026,5/11/2026 4:10,1762,1762,223.53,223.53,1985.53,1985.53
USCHS,USCHS,PHDVO,"Charleston, SC, USCHS","Charleston, SC, USCHS","Davao, Mindanao, , PHDVO",PHDVO,EGLV,EMC,SC103574,DRY,4,5/1/2026,6/30/2026,5/10/2026 4:10,1250,1250,253,286,1503,1536
USCHS,USCHS,PHDVO,"Charleston, SC, USCHS","Charleston, SC, USCHS","Davao, Mindanao, , PHDVO",SGSIN,YMJA,YML,51625,DRY,9,4/23/2026,5/15/2026,5/11/2026 4:10,1567,1567,274.53,274.53,1841.53,1841.53
USCHS,USCHS,PHDVO,"Charleston, SC, USCHS","Charleston, SC, USCHS","Davao, Mindanao, , PHDVO",CNSHA,YMJA,YML,51625,DRY,9,4/23/2026,5/15/2026,5/11/2026 4:10,1567,1567,235.27,235.27,1802.27,1802.27
USCHS,USCHS,PHDVO,"Charleston, SC, USCHS","Charleston, SC, USCHS","Davao, Mindanao, , PHDVO",SGSIN,YMJA,YML,51625,DRY,9,5/16/2026,6/30/2026,5/11/2026 4:10,1701,1701,274.53,274.53,1975.53,1975.53
USCHS,USCHS,PHDVO,"Charleston, SC, USCHS","Charleston, SC, USCHS","Davao, Mindanao, , PHDVO",CNSHA,YMJA,YML,51625,DRY,9,5/16/2026,6/30/2026,5/11/2026 4:10,1701,1701,235.27,235.27,1936.27,1936.27
USCHS,USCHS,PHMNL,"Charleston, SC, USCHS","Charleston, SC, USCHS","Manila, , PHMNL",PHMNL,MAEU,Maersk,300094432,DRY,0,4/1/2026,9/30/2026,5/11/2026 4:10,814,814,330.09,330.09,1144.09,1144.09
USCHS,USCHS,PHMNL,"Charleston, SC, USCHS","Charleston, SC, USCHS","Manila, , PHMNL",PHMNL,ONEY,ONE,CHIM354B25,DRY,15,5/16/2026,6/30/2026,5/10/2026 4:10,820,820,265,265,1085,1085
USCHS,USCHS,PHMNL,"Charleston, SC, USCHS","Charleston, SC, USCHS","Manila, , PHMNL",PHMNL,ONEY,ONE,CHIM354B25,DRY,15,5/6/2026,5/15/2026,5/10/2026 4:10,820,820,265,265,1085,1085
USCHS,USCHS,PHMNL,"Charleston, SC, USCHS","Charleston, SC, USCHS","Manila, , PHMNL",TWKHH,YMJA,YML,51625,DRY,9,5/16/2026,6/30/2026,5/11/2026 4:10,882,882,223.53,223.53,1105.53,1105.53
USCHS,USCHS,PHMNL,"Charleston, SC, USCHS","Charleston, SC, USCHS","Manila, , PHMNL",TWKHH,YMJA,YML,51625,DRY,9,4/23/2026,5/15/2026,5/11/2026 4:10,882,882,223.53,223.53,1105.53,1105.53
USCHS,USCHS,PHMNL,"Charleston, SC, USCHS","Charleston, SC, USCHS","Manila, , PHMNL",PHMNL,OOLU,OOCL,MT256104,DRY,16,4/1/2026,6/30/2026,5/10/2026 4:10,928,928,236,236,1164,1164
USCHS,USCHS,PHMNL,"Charleston, SC, USCHS","Charleston, SC, USCHS","Manila, , PHMNL",PHMNL,EGLV,EMC,SC103574,DRY,4,5/1/2026,6/30/2026,5/10/2026 4:10,1150,1150,230,260,1380,1410
USCHS,USCHS,PHMNL,"Charleston, SC, USCHS","Charleston, SC, USCHS","Manila, , PHMNL",PHMNL,CMDU,CMA,25-0720,DRY,12,4/18/2026,6/30/2026,5/5/2026 4:10,2235,2235,267,267,2502,2502
USCHS,USCHS,PHMNN,"Charleston, SC, USCHS","Charleston, SC, USCHS","Manila North Harbour, , PHMNN",PHMNN,MSCU,MSC,25-348WCSA,DRY,7,5/1/2026,5/31/2026,5/10/2026 4:10,1253.39,1253.39,265,265,1518.39,1518.39
USCHS,USCHS,PHMNN,"Charleston, SC, USCHS","Charleston, SC, USCHS","Manila North Harbour, , PHMNN",PHMNN,MSCU,MSC,25-348WCSA,DRY,7,6/1/2026,6/30/2026,5/10/2026 4:10,1293.39,1293.39,265,265,1558.39,1558.39
USCHS,USCHS,PHMNS,"Charleston, SC, USCHS","Charleston, SC, USCHS","Manila South Harbour, , PHMNS",PHMNS,EGLV,EMC,SC103574,DRY,4,5/1/2026,6/30/2026,5/10/2026 4:10,1150,1150,306,336,1456,1486
USCHS,USCHS,PKBQM,"Charleston, SC, USCHS","Charleston, SC, USCHS","Port Qasim/Karachi, SD, PKBQM",PKBQM,OOLU,OOCL,MT256104,DRY,16,4/1/2026,6/30/2026,5/10/2026 3:45,923,923,0,0,923,923
USCHS,USCHS,PKBQM,"Charleston, SC, USCHS","Charleston, SC, USCHS","Port Qasim/Karachi, SD, PKBQM",PKBQM,MAEU,Maersk,300094432,DRY,0,4/1/2026,9/30/2026,3/25/2026 3:45,1361,1361,0,0,1361,1361
USCHS,USCHS,PKBQM,"Charleston, SC, USCHS","Charleston, SC, USCHS","Port Qasim/Karachi, SD, PKBQM","Keamari Karachi, PK",MAEU,Maersk,300094432,DRY,0,4/1/2026,9/30/2026,3/25/2026 3:45,1361,1361,0,0,1361,1361
USCHS,USCHS,PKBQM,"Charleston, SC, USCHS","Charleston, SC, USCHS","Port Qasim/Karachi, SD, PKBQM",PKBQM,CMDU,CMA,25-0720,DRY,12,4/18/2026,6/30/2026,5/5/2026 3:45,1410,1410,0,0,1410,1410
USCHS,USCHS,PKKHI,"Charleston, SC, USCHS","Charleston, SC, USCHS","Karachi, SD, PKKHI",PKKHI,EGLV,EMC,SC103574,DRY,4,5/1/2026,6/30/2026,5/10/2026 4:10,1700,1700,170,170,1870,1870
USCHS,USCHS,PKKHI,"Charleston, SC, USCHS","Charleston, SC, USCHS","Karachi, SD, PKKHI",PKKHI,ONEY,ONE,CHIM354B25,DRY,15,5/16/2026,6/30/2026,5/10/2026 4:10,1860,1860,428,428,2288,2288
USCHS,USCHS,PKKHI,"Charleston, SC, USCHS","Charleston, SC, USCHS","Karachi, SD, PKKHI",PKKHI,ONEY,ONE,CHIM354B25,DRY,15,5/6/2026,5/15/2026,5/10/2026 4:10,1860,1860,428,428,2288,2288
USCHS,USCHS,PTLEI,"Charleston, SC, USCHS","Charleston, SC, USCHS","Leixoes, 13, PTLEI",PTLEI,MAEU,Maersk,300094432,DRY,0,4/1/2026,9/30/2026,5/11/2026 4:10,1670,1670,306.61,306.61,1976.61,1976.61
USCHS,USCHS,PTLEI,"Charleston, SC, USCHS","Charleston, SC, USCHS","Leixoes, 13, PTLEI",PTLEI,ONEY,ONE,CHIM354B25,DRY,15,5/6/2026,5/15/2026,5/11/2026 4:10,2228,2228,351.42,351.42,2579.42,2579.42
USCHS,USCHS,PTLEI,"Charleston, SC, USCHS","Charleston, SC, USCHS","Leixoes, 13, PTLEI",PTLEI,ONEY,ONE,CHIM354B25,DRY,15,5/16/2026,6/30/2026,5/11/2026 4:10,2228,2228,351.42,351.42,2579.42,2579.42
USCHS,USCHS,SGSIN,"Charleston, SC, USCHS","Charleston, SC, USCHS","Singapore, , SGSIN",SGSIN,OOLU,OOCL,MT256104,DRY,16,4/1/2026,6/30/2026,5/11/2026 4:10,343,343,305.91,305.91,648.91,648.91
USCHS,USCHS,SGSIN,"Charleston, SC, USCHS","Charleston, SC, USCHS","Singapore, , SGSIN",SGSIN,YMJA,YML,51625,DRY,9,4/23/2026,5/15/2026,5/11/2026 4:10,382,382,274.53,274.53,656.53,656.53
USCHS,USCHS,SGSIN,"Charleston, SC, USCHS","Charleston, SC, USCHS","Singapore, , SGSIN",SGSIN,ONEY,ONE,CHIM354B25,DRY,15,5/16/2026,6/30/2026,5/11/2026 4:10,400,400,346.69,346.69,746.69,746.69
USCHS,USCHS,SGSIN,"Charleston, SC, USCHS","Charleston, SC, USCHS","Singapore, , SGSIN",SGSIN,ONEY,ONE,CHIM354B25,DRY,15,5/6/2026,5/15/2026,5/11/2026 4:10,400,400,346.69,346.69,746.69,746.69
USCHS,USCHS,SGSIN,"Charleston, SC, USCHS","Charleston, SC, USCHS","Singapore, , SGSIN",SGSIN,YMJA,YML,51625,DRY,9,4/23/2026,5/15/2026,5/11/2026 4:10,432,432,274.53,274.53,706.53,706.53
USCHS,USCHS,SGSIN,"Charleston, SC, USCHS","Charleston, SC, USCHS","Singapore, , SGSIN",SGSIN,CMDU,CMA,25-0720,DRY,12,4/18/2026,6/30/2026,5/11/2026 4:10,510,510,290.22,290.22,800.22,800.22
USCHS,USCHS,SGSIN,"Charleston, SC, USCHS","Charleston, SC, USCHS","Singapore, , SGSIN",SGSIN,YMJA,YML,51625,DRY,9,5/16/2026,6/30/2026,5/11/2026 4:10,516,516,274.53,274.53,790.53,790.53
USCHS,USCHS,SGSIN,"Charleston, SC, USCHS","Charleston, SC, USCHS","Singapore, , SGSIN",SGSIN,MAEU,Maersk,300094432,DRY,0,4/1/2026,9/30/2026,5/11/2026 4:10,557,557,290.22,290.22,847.22,847.22
USCHS,USCHS,SGSIN,"Charleston, SC, USCHS","Charleston, SC, USCHS","Singapore, , SGSIN",CNNBG,YMJA,YML,51625,DRY,9,4/23/2026,5/15/2026,5/11/2026 4:10,562,562,235.27,235.27,797.27,797.27
USCHS,USCHS,SGSIN,"Charleston, SC, USCHS","Charleston, SC, USCHS","Singapore, , SGSIN",CNSHA,YMJA,YML,51625,DRY,9,4/23/2026,5/15/2026,5/11/2026 4:10,562,562,235.27,235.27,797.27,797.27
USCHS,USCHS,SGSIN,"Charleston, SC, USCHS","Charleston, SC, USCHS","Singapore, , SGSIN",SGSIN,YMJA,YML,51625,DRY,9,5/16/2026,6/30/2026,5/11/2026 4:10,566,566,274.53,274.53,840.53,840.53
USCHS,USCHS,SGSIN,"Charleston, SC, USCHS","Charleston, SC, USCHS","Singapore, , SGSIN",CNSHA,YMJA,YML,51625,DRY,9,5/16/2026,6/30/2026,5/11/2026 4:10,696,696,235.27,235.27,931.27,931.27
USCHS,USCHS,SGSIN,"Charleston, SC, USCHS","Charleston, SC, USCHS","Singapore, , SGSIN",CNNBG,YMJA,YML,51625,DRY,9,5/16/2026,6/30/2026,5/11/2026 4:10,696,696,235.27,235.27,931.27,931.27
USCHS,USCHS,SGSIN,"Charleston, SC, USCHS","Charleston, SC, USCHS","Singapore, , SGSIN",SGSIN,MSCU,MSC,25-348WCSA,DRY,7,5/1/2026,5/31/2026,5/11/2026 4:10,1253.39,1253.39,290.22,290.22,1543.61,1543.61
USCHS,USCHS,SGSIN,"Charleston, SC, USCHS","Charleston, SC, USCHS","Singapore, , SGSIN",SGSIN,MSCU,MSC,25-348WCSA,DRY,7,6/1/2026,6/30/2026,5/11/2026 4:10,1293.39,1293.39,290.22,290.22,1583.61,1583.61
USCHS,USCHS,SVSOY,"Charleston, SC, USCHS","Charleston, SC, USCHS","Soyapango, , SVSOY","Santo Tomas de Castilla, GT",MAEU,Maersk,300094432,DRY,0,4/1/2026,9/30/2026,5/5/2026 4:10,2416,2416,0,0,2416,2416
USCHS,USCHS,THBKK,"Charleston, SC, USCHS","Charleston, SC, USCHS","Bangkok, , THBKK",THBKK,OOLU,OOCL,MT256104,DRY,16,4/1/2026,6/30/2026,5/11/2026 4:10,448,448,135.08,135.08,583.08,583.08
USCHS,USCHS,THBKK,"Charleston, SC, USCHS","Charleston, SC, USCHS","Bangkok, , THBKK",THBKK,ONEY,ONE,CHIM354B25,DRY,15,5/6/2026,5/15/2026,5/11/2026 4:10,510,510,192.53,192.53,702.53,702.53
USCHS,USCHS,THBKK,"Charleston, SC, USCHS","Charleston, SC, USCHS","Bangkok, , THBKK",THBKK,ONEY,ONE,CHIM354B25,DRY,15,5/16/2026,6/30/2026,5/11/2026 4:10,510,510,192.53,192.53,702.53,702.53
USCHS,USCHS,THBKK,"Charleston, SC, USCHS","Charleston, SC, USCHS","Bangkok, , THBKK","Laem Chabang, TH",MAEU,Maersk,300094432,DRY,0,4/1/2026,9/30/2026,5/11/2026 4:10,586,586,159.93,159.93,745.93,745.93
USCHS,USCHS,THBKK,"Charleston, SC, USCHS","Charleston, SC, USCHS","Bangkok, , THBKK",THLCH,YMJA,YML,51625,DRY,9,4/23/2026,5/15/2026,5/11/2026 4:10,607,607,136.63,136.63,743.63,743.63
USCHS,USCHS,THBKK,"Charleston, SC, USCHS","Charleston, SC, USCHS","Bangkok, , THBKK",THLCH,YMJA,YML,51625,DRY,9,4/23/2026,5/15/2026,5/11/2026 4:10,612,612,136.63,136.63,748.63,748.63
USCHS,USCHS,THBKK,"Charleston, SC, USCHS","Charleston, SC, USCHS","Bangkok, , THBKK",THLCH,CMDU,CMA,25-0720,DRY,12,4/18/2026,6/30/2026,5/11/2026 4:10,660,660,133.53,136.32,793.53,796.32
USCHS,USCHS,THBKK,"Charleston, SC, USCHS","Charleston, SC, USCHS","Bangkok, , THBKK",CNSHA,YMJA,YML,51625,DRY,9,4/23/2026,5/15/2026,5/11/2026 4:10,682,682,235.27,235.27,917.27,917.27
USCHS,USCHS,THBKK,"Charleston, SC, USCHS","Charleston, SC, USCHS","Bangkok, , THBKK",SGSIN,YMJA,YML,51625,DRY,9,4/23/2026,5/15/2026,5/11/2026 4:10,682,682,274.53,274.53,956.53,956.53
USCHS,USCHS,THBKK,"Charleston, SC, USCHS","Charleston, SC, USCHS","Bangkok, , THBKK",CNNBG,YMJA,YML,51625,DRY,9,4/23/2026,5/15/2026,5/11/2026 4:10,682,682,235.27,235.27,917.27,917.27
USCHS,USCHS,THBKK,"Charleston, SC, USCHS","Charleston, SC, USCHS","Bangkok, , THBKK",THLCH,YMJA,YML,51625,DRY,9,5/16/2026,6/30/2026,5/11/2026 4:10,741,741,136.63,136.63,877.63,877.63
USCHS,USCHS,THBKK,"Charleston, SC, USCHS","Charleston, SC, USCHS","Bangkok, , THBKK",THLCH,YMJA,YML,51625,DRY,9,5/16/2026,6/30/2026,5/11/2026 4:10,746,746,136.63,136.63,882.63,882.63
USCHS,USCHS,THBKK,"Charleston, SC, USCHS","Charleston, SC, USCHS","Bangkok, , THBKK",CNNBG,YMJA,YML,51625,DRY,9,5/16/2026,6/30/2026,5/11/2026 4:10,816,816,235.27,235.27,1051.27,1051.27
USCHS,USCHS,THBKK,"Charleston, SC, USCHS","Charleston, SC, USCHS","Bangkok, , THBKK",CNSHA,YMJA,YML,51625,DRY,9,5/16/2026,6/30/2026,5/11/2026 4:10,816,816,235.27,235.27,1051.27,1051.27
USCHS,USCHS,THBKK,"Charleston, SC, USCHS","Charleston, SC, USCHS","Bangkok, , THBKK",SGSIN,YMJA,YML,51625,DRY,9,5/16/2026,6/30/2026,5/11/2026 4:10,816,816,274.53,274.53,1090.53,1090.53
USCHS,USCHS,THBKK,"Charleston, SC, USCHS","Charleston, SC, USCHS","Bangkok, , THBKK",THBKK,EGLV,EMC,SC103574,DRY,4,5/1/2026,6/30/2026,5/11/2026 4:10,1200,1200,133.53,133.53,1333.53,1333.53
USCHS,USCHS,THBKK,"Charleston, SC, USCHS","Charleston, SC, USCHS","Bangkok, , THBKK",LAEM CHABANG,MSCU,MSC,25-348WCSA,DRY,7,5/1/2026,5/31/2026,5/11/2026 4:10,1438.39,1438.39,133.53,133.53,1571.92,1571.92
USCHS,USCHS,THBKK,"Charleston, SC, USCHS","Charleston, SC, USCHS","Bangkok, , THBKK",LAEM CHABANG,MSCU,MSC,25-348WCSA,DRY,7,6/1/2026,6/30/2026,5/11/2026 4:10,1478.39,1478.39,133.53,133.53,1611.92,1611.92
USCHS,USCHS,THBMT,"Charleston, SC, USCHS","Charleston, SC, USCHS","Bangkok Modern Terminals, , THBMT",THBMT,YMJA,YML,51625,DRY,9,4/23/2026,5/15/2026,5/11/2026 4:10,407,407,136.63,136.63,543.63,543.63
USCHS,USCHS,THBMT,"Charleston, SC, USCHS","Charleston, SC, USCHS","Bangkok Modern Terminals, , THBMT",THBMT,YMJA,YML,51625,DRY,9,5/16/2026,6/30/2026,5/11/2026 4:10,541,541,136.63,136.63,677.63,677.63
USCHS,USCHS,THBMT,"Charleston, SC, USCHS","Charleston, SC, USCHS","Bangkok Modern Terminals, , THBMT",THLCH,YMJA,YML,51625,DRY,9,4/23/2026,5/15/2026,5/11/2026 4:10,607,607,136.63,136.63,743.63,743.63
USCHS,USCHS,THBMT,"Charleston, SC, USCHS","Charleston, SC, USCHS","Bangkok Modern Terminals, , THBMT",THLCH,YMJA,YML,51625,DRY,9,5/16/2026,6/30/2026,5/11/2026 4:10,741,741,136.63,136.63,877.63,877.63
USCHS,USCHS,THBMT,"Charleston, SC, USCHS","Charleston, SC, USCHS","Bangkok Modern Terminals, , THBMT",LAEM CHABANG,MSCU,MSC,25-348WCSA,DRY,7,5/1/2026,5/31/2026,5/11/2026 4:10,1438.39,1438.39,133.53,133.53,1571.92,1571.92
USCHS,USCHS,THBMT,"Charleston, SC, USCHS","Charleston, SC, USCHS","Bangkok Modern Terminals, , THBMT",LAEM CHABANG,MSCU,MSC,25-348WCSA,DRY,7,6/1/2026,6/30/2026,5/11/2026 4:10,1478.39,1478.39,133.53,133.53,1611.92,1611.92
USCHS,USCHS,THLCH,"Charleston, SC, USCHS","Charleston, SC, USCHS","Laem Chabang, 20, THLCH",THLCH,YMJA,YML,51625,DRY,9,4/23/2026,5/15/2026,5/11/2026 4:10,137,137,136.63,136.63,273.63,273.63
USCHS,USCHS,THLCH,"Charleston, SC, USCHS","Charleston, SC, USCHS","Laem Chabang, 20, THLCH",THLCH,OOLU,OOCL,MT256104,DRY,16,4/1/2026,6/30/2026,5/11/2026 4:10,193,193,135.08,135.08,328.08,328.08
USCHS,USCHS,THLCH,"Charleston, SC, USCHS","Charleston, SC, USCHS","Laem Chabang, 20, THLCH",THLCH,YMJA,YML,51625,DRY,9,5/16/2026,6/30/2026,5/11/2026 4:10,271,271,136.63,136.63,407.63,407.63
USCHS,USCHS,THLCH,"Charleston, SC, USCHS","Charleston, SC, USCHS","Laem Chabang, 20, THLCH",THLCH,ONEY,ONE,CHIM354B25,DRY,15,5/6/2026,5/15/2026,5/11/2026 4:10,300,300,253.39,253.39,553.39,553.39
USCHS,USCHS,THLCH,"Charleston, SC, USCHS","Charleston, SC, USCHS","Laem Chabang, 20, THLCH",THLCH,ONEY,ONE,CHIM354B25,DRY,15,5/16/2026,6/30/2026,5/11/2026 4:10,300,300,253.39,253.39,553.39,553.39
USCHS,USCHS,THLCH,"Charleston, SC, USCHS","Charleston, SC, USCHS","Laem Chabang, 20, THLCH",THLCH,YMJA,YML,51625,DRY,9,4/23/2026,5/15/2026,5/11/2026 4:10,357,357,136.63,136.63,493.63,493.63
USCHS,USCHS,THLCH,"Charleston, SC, USCHS","Charleston, SC, USCHS","Laem Chabang, 20, THLCH",THLCH,YMJA,YML,51625,DRY,9,5/16/2026,6/30/2026,5/11/2026 4:10,491,491,136.63,136.63,627.63,627.63
USCHS,USCHS,THLCH,"Charleston, SC, USCHS","Charleston, SC, USCHS","Laem Chabang, 20, THLCH",THLCH,MAEU,Maersk,300094432,DRY,0,4/1/2026,9/30/2026,5/11/2026 4:10,562,562,159.93,159.93,721.93,721.93
USCHS,USCHS,THLCH,"Charleston, SC, USCHS","Charleston, SC, USCHS","Laem Chabang, 20, THLCH",SGSIN,YMJA,YML,51625,DRY,9,4/23/2026,5/15/2026,5/11/2026 4:10,602,602,274.53,274.53,876.53,876.53
USCHS,USCHS,THLCH,"Charleston, SC, USCHS","Charleston, SC, USCHS","Laem Chabang, 20, THLCH",THLCH,CMDU,CMA,25-0720,DRY,12,4/18/2026,6/30/2026,5/11/2026 4:10,610,610,133.53,136.32,743.53,746.32
USCHS,USCHS,THLCH,"Charleston, SC, USCHS","Charleston, SC, USCHS","Laem Chabang, 20, THLCH",SGSIN,YMJA,YML,51625,DRY,9,5/16/2026,6/30/2026,5/11/2026 4:10,736,736,274.53,274.53,1010.53,1010.53
USCHS,USCHS,THLCH,"Charleston, SC, USCHS","Charleston, SC, USCHS","Laem Chabang, 20, THLCH",CNSHA,YMJA,YML,51625,DRY,9,4/23/2026,5/15/2026,5/11/2026 4:10,752,752,235.27,235.27,987.27,987.27
USCHS,USCHS,THLCH,"Charleston, SC, USCHS","Charleston, SC, USCHS","Laem Chabang, 20, THLCH",CNNBG,YMJA,YML,51625,DRY,9,4/23/2026,5/15/2026,5/11/2026 4:10,752,752,235.27,235.27,987.27,987.27
USCHS,USCHS,THLCH,"Charleston, SC, USCHS","Charleston, SC, USCHS","Laem Chabang, 20, THLCH",CNSHA,YMJA,YML,51625,DRY,9,5/16/2026,6/30/2026,5/11/2026 4:10,886,886,235.27,235.27,1121.27,1121.27
USCHS,USCHS,THLCH,"Charleston, SC, USCHS","Charleston, SC, USCHS","Laem Chabang, 20, THLCH",CNNBG,YMJA,YML,51625,DRY,9,5/16/2026,6/30/2026,5/11/2026 4:10,886,886,235.27,235.27,1121.27,1121.27
USCHS,USCHS,THLCH,"Charleston, SC, USCHS","Charleston, SC, USCHS","Laem Chabang, 20, THLCH",THLCH,EGLV,EMC,SC103574,DRY,4,5/1/2026,6/30/2026,5/11/2026 4:10,1000,1000,133.53,133.53,1133.53,1133.53
USCHS,USCHS,THLCH,"Charleston, SC, USCHS","Charleston, SC, USCHS","Laem Chabang, 20, THLCH",THLCH,MSCU,MSC,25-348WCSA,DRY,7,5/1/2026,5/31/2026,5/11/2026 4:10,1253.39,1253.39,133.53,133.53,1386.92,1386.92
USCHS,USCHS,THLCH,"Charleston, SC, USCHS","Charleston, SC, USCHS","Laem Chabang, 20, THLCH",THLCH,MSCU,MSC,25-348WCSA,DRY,7,6/1/2026,6/30/2026,5/11/2026 4:10,1293.39,1293.39,133.53,133.53,1426.92,1426.92
USCHS,USCHS,THLKR,"Charleston, SC, USCHS","Charleston, SC, USCHS","Lat Krabang, 10, THLKR",THLKR,OOLU,OOCL,MT256104,DRY,16,4/1/2026,6/30/2026,5/11/2026 4:10,333,333,135.08,135.08,468.08,468.08
USCHS,USCHS,THLKR,"Charleston, SC, USCHS","Charleston, SC, USCHS","Lat Krabang, 10, THLKR",THLCH,YMJA,YML,51625,DRY,9,4/23/2026,5/15/2026,5/11/2026 4:10,432,432,136.63,136.63,568.63,568.63
USCHS,USCHS,THLKR,"Charleston, SC, USCHS","Charleston, SC, USCHS","Lat Krabang, 10, THLKR",THLKR,ONEY,ONE,CHIM354B25,DRY,15,5/16/2026,6/30/2026,5/11/2026 4:10,450,450,253.39,253.39,703.39,703.39
USCHS,USCHS,THLKR,"Charleston, SC, USCHS","Charleston, SC, USCHS","Lat Krabang, 10, THLKR",THLKR,ONEY,ONE,CHIM354B25,DRY,15,5/6/2026,5/15/2026,5/11/2026 4:10,450,450,253.39,253.39,703.39,703.39
USCHS,USCHS,THLKR,"Charleston, SC, USCHS","Charleston, SC, USCHS","Lat Krabang, 10, THLKR",THLCH,YMJA,YML,51625,DRY,9,4/23/2026,5/15/2026,5/11/2026 4:10,507,507,136.63,136.63,643.63,643.63
USCHS,USCHS,THLKR,"Charleston, SC, USCHS","Charleston, SC, USCHS","Lat Krabang, 10, THLKR",THLCH,YMJA,YML,51625,DRY,9,5/16/2026,6/30/2026,5/11/2026 4:10,566,566,136.63,136.63,702.63,702.63
USCHS,USCHS,THLKR,"Charleston, SC, USCHS","Charleston, SC, USCHS","Lat Krabang, 10, THLKR",THLCH,YMJA,YML,51625,DRY,9,5/16/2026,6/30/2026,5/11/2026 4:10,641,641,136.63,136.63,777.63,777.63
USCHS,USCHS,THLKR,"Charleston, SC, USCHS","Charleston, SC, USCHS","Lat Krabang, 10, THLKR",THLCH,CMDU,CMA,25-0720,DRY,12,4/18/2026,6/30/2026,5/11/2026 4:10,660,660,133.53,136.32,793.53,796.32
USCHS,USCHS,THLKR,"Charleston, SC, USCHS","Charleston, SC, USCHS","Lat Krabang, 10, THLKR",LAEM CHABANG,MSCU,MSC,25-348WCSA,DRY,7,5/1/2026,5/31/2026,5/11/2026 4:10,1388.39,1388.39,133.53,133.53,1521.92,1521.92
USCHS,USCHS,THLKR,"Charleston, SC, USCHS","Charleston, SC, USCHS","Lat Krabang, 10, THLKR",LAEM CHABANG,MSCU,MSC,25-348WCSA,DRY,7,6/1/2026,6/30/2026,5/11/2026 4:10,1428.39,1428.39,133.53,133.53,1561.92,1561.92
USCHS,USCHS,THSBP,"Charleston, SC, USCHS","Charleston, SC, USCHS","Siam Bangkok Port, , THSBP",VNCMT,YMJA,YML,51625,DRY,9,4/23/2026,5/15/2026,5/11/2026 4:10,367,367,136.63,136.63,503.63,503.63
USCHS,USCHS,THSBP,"Charleston, SC, USCHS","Charleston, SC, USCHS","Siam Bangkok Port, , THSBP",VNCMT,YMJA,YML,51625,DRY,9,5/16/2026,6/30/2026,5/11/2026 4:10,501,501,136.63,136.63,637.63,637.63
USCHS,USCHS,THSBP,"Charleston, SC, USCHS","Charleston, SC, USCHS","Siam Bangkok Port, , THSBP",LAEM CHABANG,MSCU,MSC,25-348WCSA,DRY,7,5/1/2026,5/31/2026,5/11/2026 4:10,1388.39,1388.39,133.53,133.53,1521.92,1521.92
USCHS,USCHS,THSBP,"Charleston, SC, USCHS","Charleston, SC, USCHS","Siam Bangkok Port, , THSBP",LAEM CHABANG,MSCU,MSC,25-348WCSA,DRY,7,6/1/2026,6/30/2026,5/11/2026 4:10,1428.39,1428.39,133.53,133.53,1561.92,1561.92
USCHS,USCHS,THSCT,"Charleston, SC, USCHS","Charleston, SC, USCHS","Siam Container Terminal, 11, THSCT",THLCH,YMJA,YML,51625,DRY,9,4/23/2026,5/15/2026,5/11/2026 4:10,647,647,136.63,136.63,783.63,783.63
USCHS,USCHS,THSCT,"Charleston, SC, USCHS","Charleston, SC, USCHS","Siam Container Terminal, 11, THSCT",THLCH,YMJA,YML,51625,DRY,9,5/16/2026,6/30/2026,5/11/2026 4:10,781,781,136.63,136.63,917.63,917.63
USCHS,USCHS,THSGZ,"Charleston, SC, USCHS","Charleston, SC, USCHS","Songkhla, 90, THSGZ",SGSIN,YMJA,YML,51625,DRY,9,4/23/2026,5/15/2026,5/11/2026 4:10,1552,1552,274.53,274.53,1826.53,1826.53
USCHS,USCHS,THSGZ,"Charleston, SC, USCHS","Charleston, SC, USCHS","Songkhla, 90, THSGZ",SGSIN,YMJA,YML,51625,DRY,9,5/16/2026,6/30/2026,5/11/2026 4:10,1686,1686,274.53,274.53,1960.53,1960.53
USCHS,USCHS,THSPS,"Charleston, SC, USCHS","Charleston, SC, USCHS","Samut Prakan Sahathai Terminal, 11, THSPS",THLCH,YMJA,YML,51625,DRY,9,4/23/2026,5/15/2026,5/11/2026 4:10,612,612,136.63,136.63,748.63,748.63
USCHS,USCHS,THSPS,"Charleston, SC, USCHS","Charleston, SC, USCHS","Samut Prakan Sahathai Terminal, 11, THSPS",THLCH,YMJA,YML,51625,DRY,9,5/16/2026,6/30/2026,5/11/2026 4:10,746,746,136.63,136.63,882.63,882.63
USCHS,USCHS,TRALI,"Charleston, SC, USCHS","Charleston, SC, USCHS","Aliaga, 35, TRALI",TRALI,MSCU,MSC,25-348WCSA,DRY,7,5/1/2026,5/31/2026,5/10/2026 3:45,1449.39,1449.39,0,0,1449.39,1449.39
USCHS,USCHS,TRALI,"Charleston, SC, USCHS","Charleston, SC, USCHS","Aliaga, 35, TRALI",TRALI,MSCU,MSC,25-348WCSA,DRY,7,6/1/2026,6/30/2026,5/10/2026 3:45,1749.39,1749.39,0,0,1749.39,1749.39
USCHS,USCHS,TREYP,"Charleston, SC, USCHS","Charleston, SC, USCHS","Evyap Port /Kocaeli, 41, TREYP",TREYP,MSCU,MSC,25-348WCSA,DRY,7,5/1/2026,5/31/2026,5/10/2026 3:45,1449.39,1449.39,0,0,1449.39,1449.39
USCHS,USCHS,TREYP,"Charleston, SC, USCHS","Charleston, SC, USCHS","Evyap Port /Kocaeli, 41, TREYP",TREYP,MSCU,MSC,25-348WCSA,DRY,7,6/1/2026,6/30/2026,5/10/2026 3:45,1749.39,1749.39,0,0,1749.39,1749.39
USCHS,USCHS,TRGEM,"Charleston, SC, USCHS","Charleston, SC, USCHS","Gemlik, 16, TRGEM",TRGEM,MAEU,Maersk,300094432,DRY,0,4/1/2026,9/30/2026,3/25/2026 4:10,1423,1423,35,35,1458,1458
USCHS,USCHS,TRGEM,"Charleston, SC, USCHS","Charleston, SC, USCHS","Gemlik, 16, TRGEM",TRGEM,MSCU,MSC,25-348WCSA,DRY,7,5/1/2026,5/31/2026,5/10/2026 3:45,1449.39,1449.39,0,0,1449.39,1449.39
USCHS,USCHS,TRGEM,"Charleston, SC, USCHS","Charleston, SC, USCHS","Gemlik, 16, TRGEM",TRGEM,MSCU,MSC,25-348WCSA,DRY,7,6/1/2026,6/30/2026,5/10/2026 3:45,1749.39,1749.39,0,0,1749.39,1749.39
USCHS,USCHS,TRISK,"Charleston, SC, USCHS","Charleston, SC, USCHS","Iskenderun, 31, TRISK",TRISK,MAEU,Maersk,300094432,DRY,0,4/1/2026,9/30/2026,3/25/2026 4:10,1070,1070,35,35,1105,1105
USCHS,USCHS,TRISK,"Charleston, SC, USCHS","Charleston, SC, USCHS","Iskenderun, 31, TRISK",TRISK,MSCU,MSC,25-348WCSA,DRY,7,5/1/2026,5/31/2026,5/10/2026 3:45,1449.39,1449.39,0,0,1449.39,1449.39
USCHS,USCHS,TRISK,"Charleston, SC, USCHS","Charleston, SC, USCHS","Iskenderun, 31, TRISK",TRISK,MSCU,MSC,25-348WCSA,DRY,7,6/1/2026,6/30/2026,5/10/2026 3:45,1749.39,1749.39,0,0,1749.39,1749.39
USCHS,USCHS,TRIST,"Charleston, SC, USCHS","Charleston, SC, USCHS","Istanbul, 34, TRIST",TRIST,MAEU,Maersk,300094432,DRY,0,4/1/2026,9/30/2026,3/25/2026 4:10,658,658,35,35,693,693
USCHS,USCHS,TRIST,"Charleston, SC, USCHS","Charleston, SC, USCHS","Istanbul, 34, TRIST",TRIST,MSCU,MSC,25-348WCSA,DRY,7,5/1/2026,5/31/2026,5/10/2026 3:45,1449.39,1449.39,0,0,1449.39,1449.39
USCHS,USCHS,TRIST,"Charleston, SC, USCHS","Charleston, SC, USCHS","Istanbul, 34, TRIST",TRIST,MSCU,MSC,25-348WCSA,DRY,7,6/1/2026,6/30/2026,5/10/2026 3:45,1749.39,1749.39,0,0,1749.39,1749.39
USCHS,USCHS,TRIZM,"Charleston, SC, USCHS","Charleston, SC, USCHS","Izmir, 35, TRIZM",TRIZM,MAEU,Maersk,300094432,DRY,0,4/1/2026,9/30/2026,4/30/2026 4:10,1323,1323,35,35,1358,1358
USCHS,USCHS,TRIZM,"Charleston, SC, USCHS","Charleston, SC, USCHS","Izmir, 35, TRIZM",TRIZM,MSCU,MSC,25-348WCSA,DRY,7,5/1/2026,5/31/2026,5/10/2026 3:45,1449.39,1449.39,0,0,1449.39,1449.39
USCHS,USCHS,TRIZM,"Charleston, SC, USCHS","Charleston, SC, USCHS","Izmir, 35, TRIZM",TRIZM,MSCU,MSC,25-348WCSA,DRY,7,6/1/2026,6/30/2026,5/10/2026 3:45,1749.39,1749.39,0,0,1749.39,1749.39
USCHS,USCHS,TRIZT,"Charleston, SC, USCHS","Charleston, SC, USCHS","Izmit, 41, TRIZT",TRIZT,MAEU,Maersk,300094432,DRY,0,4/1/2026,9/30/2026,4/30/2026 4:10,1233,1233,35,35,1268,1268
USCHS,USCHS,TRMER,"Charleston, SC, USCHS","Charleston, SC, USCHS","Mersin, 33, TRMER",TRMER,MAEU,Maersk,300094432,DRY,0,4/1/2026,9/30/2026,3/25/2026 4:10,1194,1194,35,35,1229,1229
USCHS,USCHS,TRMER,"Charleston, SC, USCHS","Charleston, SC, USCHS","Mersin, 33, TRMER",TRMER,MSCU,MSC,25-348WCSA,DRY,7,5/1/2026,5/31/2026,5/10/2026 3:45,1449.39,1449.39,0,0,1449.39,1449.39
USCHS,USCHS,TRMER,"Charleston, SC, USCHS","Charleston, SC, USCHS","Mersin, 33, TRMER",TRMER,MSCU,MSC,25-348WCSA,DRY,7,6/1/2026,6/30/2026,5/10/2026 3:45,1749.39,1749.39,0,0,1749.39,1749.39
USCHS,USCHS,TRMER,"Charleston, SC, USCHS","Charleston, SC, USCHS","Mersin, 33, TRMER",TRMER,CMDU,CMA,25-0720,DRY,12,4/18/2026,6/30/2026,5/5/2026 3:45,2095,2095,0,0,2095,2095
USCHS,USCHS,TRTEK,"Charleston, SC, USCHS","Charleston, SC, USCHS","Tekirdag, 59, TRTEK",TRTEK,MSCU,MSC,25-348WCSA,DRY,7,5/1/2026,5/31/2026,5/10/2026 3:45,1449.39,1449.39,0,0,1449.39,1449.39
USCHS,USCHS,TRTEK,"Charleston, SC, USCHS","Charleston, SC, USCHS","Tekirdag, 59, TRTEK",TRTEK,MSCU,MSC,25-348WCSA,DRY,7,6/1/2026,6/30/2026,5/10/2026 3:45,1749.39,1749.39,0,0,1749.39,1749.39
USCHS,USCHS,TWKEL,"Charleston, SC, USCHS","Charleston, SC, USCHS","Keelung, , TWKEL",TWKEL,ONEY,ONE,CHIM354B25,DRY,15,5/6/2026,5/15/2026,5/11/2026 4:10,665,665,223.53,251.47,888.53,916.47
USCHS,USCHS,TWKEL,"Charleston, SC, USCHS","Charleston, SC, USCHS","Keelung, , TWKEL",TWKEL,ONEY,ONE,CHIM354B25,DRY,15,5/16/2026,6/30/2026,5/11/2026 4:10,665,665,223.53,251.47,888.53,916.47
USCHS,USCHS,TWKEL,"Charleston, SC, USCHS","Charleston, SC, USCHS","Keelung, , TWKEL",TWKHH,YMJA,YML,51625,DRY,9,5/16/2026,6/30/2026,5/11/2026 4:10,707,707,223.53,223.53,930.53,930.53
USCHS,USCHS,TWKEL,"Charleston, SC, USCHS","Charleston, SC, USCHS","Keelung, , TWKEL",TWKHH,YMJA,YML,51625,DRY,9,4/25/2026,5/15/2026,5/11/2026 4:10,707,707,223.53,223.53,930.53,930.53
USCHS,USCHS,TWKEL,"Charleston, SC, USCHS","Charleston, SC, USCHS","Keelung, , TWKEL",TWKHH,YMJA,YML,51625,DRY,9,5/16/2026,6/30/2026,5/11/2026 4:10,732,732,223.53,223.53,955.53,955.53
USCHS,USCHS,TWKEL,"Charleston, SC, USCHS","Charleston, SC, USCHS","Keelung, , TWKEL",TWKHH,YMJA,YML,51625,DRY,9,4/23/2026,5/15/2026,5/11/2026 4:10,732,732,223.53,223.53,955.53,955.53
USCHS,USCHS,TWKEL,"Charleston, SC, USCHS","Charleston, SC, USCHS","Keelung, , TWKEL",TWKEL,MAEU,Maersk,300094432,DRY,0,4/1/2026,9/30/2026,5/11/2026 4:10,813,813,223.53,251.47,1036.53,1064.47
USCHS,USCHS,TWKEL,"Charleston, SC, USCHS","Charleston, SC, USCHS","Keelung, , TWKEL",TWKEL,MSCU,MSC,25-348WCSA,DRY,7,5/1/2026,5/31/2026,5/11/2026 4:10,813.39,813.39,223.53,223.53,1036.92,1036.92
USCHS,USCHS,TWKEL,"Charleston, SC, USCHS","Charleston, SC, USCHS","Keelung, , TWKEL",TWKEL,MSCU,MSC,25-348WCSA,DRY,7,6/1/2026,6/30/2026,5/11/2026 4:10,853.39,853.39,223.53,223.53,1076.92,1076.92
USCHS,USCHS,TWKEL,"Charleston, SC, USCHS","Charleston, SC, USCHS","Keelung, , TWKEL",TWKHH,CMDU,CMA,25-0720,DRY,12,4/18/2026,6/30/2026,5/11/2026 4:10,960,960,246.2,276.86,1206.2,1236.86
USCHS,USCHS,TWKHH,"Charleston, SC, USCHS","Charleston, SC, USCHS","Kaohsiung, , TWKHH",TWKHH,YMJA,YML,51625,DRY,9,5/16/2026,6/30/2026,5/11/2026 4:10,357,357,223.53,223.53,580.53,580.53
USCHS,USCHS,TWKHH,"Charleston, SC, USCHS","Charleston, SC, USCHS","Kaohsiung, , TWKHH",TWKHH,YMJA,YML,51625,DRY,9,4/25/2026,5/15/2026,5/11/2026 4:10,357,357,223.53,223.53,580.53,580.53
USCHS,USCHS,TWKHH,"Charleston, SC, USCHS","Charleston, SC, USCHS","Kaohsiung, , TWKHH",TWKHH,YMJA,YML,51625,DRY,9,5/16/2026,6/30/2026,5/11/2026 4:10,382,382,223.53,223.53,605.53,605.53
USCHS,USCHS,TWKHH,"Charleston, SC, USCHS","Charleston, SC, USCHS","Kaohsiung, , TWKHH",TWKHH,YMJA,YML,51625,DRY,9,4/23/2026,5/15/2026,5/11/2026 4:10,382,382,223.53,223.53,605.53,605.53
USCHS,USCHS,TWKHH,"Charleston, SC, USCHS","Charleston, SC, USCHS","Kaohsiung, , TWKHH",TWKHH,ONEY,ONE,CHIM354B25,DRY,15,5/16/2026,6/30/2026,5/11/2026 4:10,395,395,223.53,251.47,618.53,646.47
USCHS,USCHS,TWKHH,"Charleston, SC, USCHS","Charleston, SC, USCHS","Kaohsiung, , TWKHH",TWKHH,ONEY,ONE,CHIM354B25,DRY,15,5/6/2026,5/15/2026,5/11/2026 4:10,395,395,223.53,251.47,618.53,646.47
USCHS,USCHS,TWKHH,"Charleston, SC, USCHS","Charleston, SC, USCHS","Kaohsiung, , TWKHH",TWKHH,CMDU,CMA,25-0720,DRY,12,4/18/2026,6/30/2026,5/11/2026 4:10,460,460,246.2,276.86,706.2,736.86
USCHS,USCHS,TWKHH,"Charleston, SC, USCHS","Charleston, SC, USCHS","Kaohsiung, , TWKHH",TWKHH,MAEU,Maersk,300094432,DRY,0,4/1/2026,9/30/2026,5/11/2026 4:10,663,663,223.53,251.47,886.53,914.47
USCHS,USCHS,TWKHH,"Charleston, SC, USCHS","Charleston, SC, USCHS","Kaohsiung, , TWKHH",TWKHH,MSCU,MSC,25-348WCSA,DRY,7,5/1/2026,5/31/2026,5/11/2026 4:10,813.39,813.39,223.53,223.53,1036.92,1036.92
USCHS,USCHS,TWKHH,"Charleston, SC, USCHS","Charleston, SC, USCHS","Kaohsiung, , TWKHH",TWKHH,EGLV,EMC,SC103574,DRY,4,5/1/2026,6/30/2026,5/11/2026 4:10,850,850,223.53,223.53,1073.53,1073.53
USCHS,USCHS,TWKHH,"Charleston, SC, USCHS","Charleston, SC, USCHS","Kaohsiung, , TWKHH",TWKHH,MSCU,MSC,25-348WCSA,DRY,7,6/1/2026,6/30/2026,5/11/2026 4:10,853.39,853.39,223.53,223.53,1076.92,1076.92
USCHS,USCHS,TWTPE,"Charleston, SC, USCHS","Charleston, SC, USCHS","Taipei, TPE, TWTPE",TWTPE,ONEY,ONE,CHIM354B25,DRY,15,5/6/2026,5/15/2026,5/11/2026 4:10,700,700,223.53,251.47,923.53,951.47
USCHS,USCHS,TWTPE,"Charleston, SC, USCHS","Charleston, SC, USCHS","Taipei, TPE, TWTPE",TWTPE,ONEY,ONE,CHIM354B25,DRY,15,5/16/2026,6/30/2026,5/11/2026 4:10,700,700,223.53,251.47,923.53,951.47
USCHS,USCHS,TWTPE,"Charleston, SC, USCHS","Charleston, SC, USCHS","Taipei, TPE, TWTPE",TWTPE,EGLV,EMC,SC103574,DRY,4,5/1/2026,6/30/2026,5/11/2026 4:10,1000,1000,223.53,223.53,1223.53,1223.53
USCHS,USCHS,TWTXG,"Charleston, SC, USCHS","Charleston, SC, USCHS","Taichung, , TWTXG",TWTXG,YMJA,YML,51625,DRY,9,4/25/2026,5/15/2026,5/11/2026 4:10,350,350,223.53,223.53,573.53,573.53
USCHS,USCHS,TWTXG,"Charleston, SC, USCHS","Charleston, SC, USCHS","Taichung, , TWTXG",TWTXG,YMJA,YML,51625,DRY,9,5/16/2026,6/30/2026,5/11/2026 4:10,350,350,223.53,223.53,573.53,573.53
USCHS,USCHS,TWTXG,"Charleston, SC, USCHS","Charleston, SC, USCHS","Taichung, , TWTXG",TWKHH,CMDU,CMA,25-0720,DRY,12,4/18/2026,6/30/2026,5/11/2026 4:10,470,470,246.2,276.86,716.2,746.86
USCHS,USCHS,TWTXG,"Charleston, SC, USCHS","Charleston, SC, USCHS","Taichung, , TWTXG",TWKHH,YMJA,YML,51625,DRY,9,5/16/2026,6/30/2026,5/11/2026 4:10,482,482,223.53,223.53,705.53,705.53
USCHS,USCHS,TWTXG,"Charleston, SC, USCHS","Charleston, SC, USCHS","Taichung, , TWTXG",TWKHH,YMJA,YML,51625,DRY,9,4/23/2026,5/15/2026,5/11/2026 4:10,482,482,223.53,223.53,705.53,705.53
USCHS,USCHS,TWTXG,"Charleston, SC, USCHS","Charleston, SC, USCHS","Taichung, , TWTXG",TWTXG,ONEY,ONE,CHIM354B25,DRY,15,5/16/2026,6/30/2026,5/11/2026 4:10,505,505,223.53,251.47,728.53,756.47
USCHS,USCHS,TWTXG,"Charleston, SC, USCHS","Charleston, SC, USCHS","Taichung, , TWTXG",TWTXG,ONEY,ONE,CHIM354B25,DRY,15,5/6/2026,5/15/2026,5/11/2026 4:10,505,505,223.53,251.47,728.53,756.47
USCHS,USCHS,TWTXG,"Charleston, SC, USCHS","Charleston, SC, USCHS","Taichung, , TWTXG",TWTXG,MSCU,MSC,25-348WCSA,DRY,7,5/1/2026,5/31/2026,5/11/2026 4:10,813.39,813.39,223.53,223.53,1036.92,1036.92
USCHS,USCHS,TWTXG,"Charleston, SC, USCHS","Charleston, SC, USCHS","Taichung, , TWTXG",TWTXG,MSCU,MSC,25-348WCSA,DRY,7,6/1/2026,6/30/2026,5/11/2026 4:10,853.39,853.39,223.53,223.53,1076.92,1076.92
USCHS,USCHS,TWTXG,"Charleston, SC, USCHS","Charleston, SC, USCHS","Taichung, , TWTXG",TWTXG,MAEU,Maersk,300094432,DRY,0,4/1/2026,9/30/2026,5/11/2026 4:10,899,899,223.53,251.47,1122.53,1150.47
USCHS,USCHS,TWTYN,"Charleston, SC, USCHS","Charleston, SC, USCHS","Taoyuan, , TWTYN",TWKHH,CMDU,CMA,25-0720,DRY,12,4/18/2026,6/30/2026,5/11/2026 4:10,470,470,246.2,276.86,716.2,746.86
USCHS,USCHS,TWTYN,"Charleston, SC, USCHS","Charleston, SC, USCHS","Taoyuan, , TWTYN",TWKHH,YMJA,YML,51625,DRY,9,5/16/2026,6/30/2026,5/11/2026 4:10,532,532,223.53,223.53,755.53,755.53
USCHS,USCHS,TWTYN,"Charleston, SC, USCHS","Charleston, SC, USCHS","Taoyuan, , TWTYN",TWKHH,YMJA,YML,51625,DRY,9,4/23/2026,5/15/2026,5/11/2026 4:10,532,532,223.53,223.53,755.53,755.53
USCHS,USCHS,TWTYN,"Charleston, SC, USCHS","Charleston, SC, USCHS","Taoyuan, , TWTYN",TWTYN,YMJA,YML,51625,DRY,9,4/25/2026,5/15/2026,5/11/2026 4:10,582,582,223.53,223.53,805.53,805.53
USCHS,USCHS,TWTYN,"Charleston, SC, USCHS","Charleston, SC, USCHS","Taoyuan, , TWTYN",TWTYN,YMJA,YML,51625,DRY,9,5/16/2026,6/30/2026,5/11/2026 4:10,582,582,223.53,223.53,805.53,805.53
USCHS,USCHS,TWTYN,"Charleston, SC, USCHS","Charleston, SC, USCHS","Taoyuan, , TWTYN",TWTYN,ONEY,ONE,CHIM354B25,DRY,15,5/6/2026,5/15/2026,5/11/2026 4:10,610,610,223.53,251.47,833.53,861.47
USCHS,USCHS,TWTYN,"Charleston, SC, USCHS","Charleston, SC, USCHS","Taoyuan, , TWTYN",TWTYN,ONEY,ONE,CHIM354B25,DRY,15,5/16/2026,6/30/2026,5/11/2026 4:10,610,610,223.53,251.47,833.53,861.47
USCHS,USCHS,TWTYN,"Charleston, SC, USCHS","Charleston, SC, USCHS","Taoyuan, , TWTYN","Keelung, TW",MAEU,Maersk,300094432,DRY,0,4/1/2026,9/30/2026,5/11/2026 4:10,1115,1115,223.53,251.47,1338.53,1366.47
USCHS,USCHS,TWTYN,"Charleston, SC, USCHS","Charleston, SC, USCHS","Taoyuan, , TWTYN",KAOHSIUNG,MSCU,MSC,25-348WCSA,DRY,7,5/1/2026,5/31/2026,5/11/2026 4:10,1153.39,1153.39,223.53,223.53,1376.92,1376.92
USCHS,USCHS,TWTYN,"Charleston, SC, USCHS","Charleston, SC, USCHS","Taoyuan, , TWTYN",KAOHSIUNG,MSCU,MSC,25-348WCSA,DRY,7,6/1/2026,6/30/2026,5/11/2026 4:10,1193.39,1193.39,223.53,223.53,1416.92,1416.92
USCHS,USCHS,VNBDG,"Charleston, SC, USCHS","Charleston, SC, USCHS","Binh Duong Terminal, 39, VNBDG",VNCMT,YMJA,YML,51625,DRY,9,4/23/2026,5/15/2026,5/11/2026 4:10,612,612,177.43,177.43,789.43,789.43
USCHS,USCHS,VNBDG,"Charleston, SC, USCHS","Charleston, SC, USCHS","Binh Duong Terminal, 39, VNBDG",VNCMT,YMJA,YML,51625,DRY,9,5/16/2026,6/30/2026,5/11/2026 4:10,746,746,177.43,177.43,923.43,923.43
USCHS,USCHS,VNCLI,"Charleston, SC, USCHS","Charleston, SC, USCHS","Cat Lai, 65, VNCLI",VNCMT,YMJA,YML,51625,DRY,9,4/23/2026,5/15/2026,5/11/2026 4:10,82,82,177.43,177.43,259.43,259.43
USCHS,USCHS,VNCLI,"Charleston, SC, USCHS","Charleston, SC, USCHS","Cat Lai, 65, VNCLI",VNCMT,YMJA,YML,51625,DRY,9,5/16/2026,6/30/2026,5/11/2026 4:10,216,216,177.43,177.43,393.43,393.43
USCHS,USCHS,VNCLI,"Charleston, SC, USCHS","Charleston, SC, USCHS","Cat Lai, 65, VNCLI",TWKHH,YMJA,YML,51625,DRY,9,5/16/2026,6/30/2026,5/11/2026 4:10,532,532,223.53,223.53,755.53,755.53
USCHS,USCHS,VNCLI,"Charleston, SC, USCHS","Charleston, SC, USCHS","Cat Lai, 65, VNCLI",TWKHH,YMJA,YML,51625,DRY,9,4/23/2026,5/15/2026,5/11/2026 4:10,532,532,223.53,223.53,755.53,755.53
USCHS,USCHS,VNCLI,"Charleston, SC, USCHS","Charleston, SC, USCHS","Cat Lai, 65, VNCLI",VNCMT,YMJA,YML,51625,DRY,9,4/23/2026,5/15/2026,5/11/2026 4:10,582,582,177.43,177.43,759.43,759.43
USCHS,USCHS,VNCLI,"Charleston, SC, USCHS","Charleston, SC, USCHS","Cat Lai, 65, VNCLI",VNCMT,YMJA,YML,51625,DRY,9,5/16/2026,6/30/2026,5/11/2026 4:10,716,716,177.43,177.43,893.43,893.43
USCHS,USCHS,VNCMT,"Charleston, SC, USCHS","Charleston, SC, USCHS","Cai Mep Terminal, 43, VNCMT",VNCMT,YMJA,YML,51625,DRY,9,4/23/2026,5/15/2026,5/11/2026 4:10,82,82,177.43,177.43,259.43,259.43
USCHS,USCHS,VNCMT,"Charleston, SC, USCHS","Charleston, SC, USCHS","Cai Mep Terminal, 43, VNCMT",VNCMT,YMJA,YML,51625,DRY,9,5/16/2026,6/30/2026,5/11/2026 4:10,216,216,177.43,177.43,393.43,393.43
USCHS,USCHS,VNCMT,"Charleston, SC, USCHS","Charleston, SC, USCHS","Cai Mep Terminal, 43, VNCMT",VNCMT,ONEY,ONE,CHIM354B25,DRY,15,5/6/2026,5/15/2026,5/11/2026 4:10,410,410,182.45,182.45,592.45,592.45
USCHS,USCHS,VNCMT,"Charleston, SC, USCHS","Charleston, SC, USCHS","Cai Mep Terminal, 43, VNCMT",VNCMT,ONEY,ONE,CHIM354B25,DRY,15,5/16/2026,6/30/2026,5/11/2026 4:10,410,410,182.45,182.45,592.45,592.45
USCHS,USCHS,VNCMT,"Charleston, SC, USCHS","Charleston, SC, USCHS","Cai Mep Terminal, 43, VNCMT",VNCMT,YMJA,YML,51625,DRY,9,4/23/2026,5/15/2026,5/11/2026 4:10,432,432,177.43,177.43,609.43,609.43
USCHS,USCHS,VNCMT,"Charleston, SC, USCHS","Charleston, SC, USCHS","Cai Mep Terminal, 43, VNCMT",VNCMT,YMJA,YML,51625,DRY,9,5/16/2026,6/30/2026,5/11/2026 4:10,566,566,177.43,177.43,743.43,743.43
USCHS,USCHS,VNCMT,"Charleston, SC, USCHS","Charleston, SC, USCHS","Cai Mep Terminal, 43, VNCMT",SGSIN,YMJA,YML,51625,DRY,9,4/23/2026,5/15/2026,5/11/2026 4:10,652,652,274.53,274.53,926.53,926.53
USCHS,USCHS,VNCMT,"Charleston, SC, USCHS","Charleston, SC, USCHS","Cai Mep Terminal, 43, VNCMT",SGSIN,YMJA,YML,51625,DRY,9,5/16/2026,6/30/2026,5/11/2026 4:10,786,786,274.53,274.53,1060.53,1060.53
USCHS,USCHS,VNDAD,"Charleston, SC, USCHS","Charleston, SC, USCHS","Da Nang, , VNDAD",VNDAD,MAEU,Maersk,300094432,DRY,0,4/1/2026,9/30/2026,5/11/2026 4:10,598,598,210.97,210.97,808.97,808.97
USCHS,USCHS,VNDAD,"Charleston, SC, USCHS","Charleston, SC, USCHS","Da Nang, , VNDAD",VNDAD,ONEY,ONE,CHIM354B25,DRY,15,5/16/2026,6/30/2026,5/11/2026 4:10,800,800,182.45,182.45,982.45,982.45
USCHS,USCHS,VNDAD,"Charleston, SC, USCHS","Charleston, SC, USCHS","Da Nang, , VNDAD",VNDAD,ONEY,ONE,CHIM354B25,DRY,15,5/6/2026,5/15/2026,5/11/2026 4:10,800,800,182.45,182.45,982.45,982.45
USCHS,USCHS,VNDAD,"Charleston, SC, USCHS","Charleston, SC, USCHS","Da Nang, , VNDAD",VNDAD,EGLV,EMC,SC103574,DRY,4,5/1/2026,6/30/2026,5/11/2026 4:10,800,800,167.63,167.63,967.63,967.63
USCHS,USCHS,VNDAD,"Charleston, SC, USCHS","Charleston, SC, USCHS","Da Nang, , VNDAD",VNDAD,CMDU,CMA,25-0720,DRY,12,4/18/2026,6/30/2026,5/11/2026 4:10,810,810,209.44,209.44,1019.44,1019.44
USCHS,USCHS,VNDAD,"Charleston, SC, USCHS","Charleston, SC, USCHS","Da Nang, , VNDAD",TWKHH,YMJA,YML,51625,DRY,9,5/16/2026,6/30/2026,5/11/2026 4:10,912,912,223.53,223.53,1135.53,1135.53
USCHS,USCHS,VNDAD,"Charleston, SC, USCHS","Charleston, SC, USCHS","Da Nang, , VNDAD",TWKHH,YMJA,YML,51625,DRY,9,4/23/2026,5/15/2026,5/11/2026 4:10,912,912,223.53,223.53,1135.53,1135.53
USCHS,USCHS,VNDAD,"Charleston, SC, USCHS","Charleston, SC, USCHS","Da Nang, , VNDAD",VNCMT,YMJA,YML,51625,DRY,9,4/23/2026,5/15/2026,5/11/2026 4:10,962,962,177.43,177.43,1139.43,1139.43
USCHS,USCHS,VNDAD,"Charleston, SC, USCHS","Charleston, SC, USCHS","Da Nang, , VNDAD",VNDAD,YMJA,YML,51625,DRY,9,4/23/2026,5/15/2026,5/11/2026 4:10,962,962,177.43,177.43,1139.43,1139.43
USCHS,USCHS,VNDAD,"Charleston, SC, USCHS","Charleston, SC, USCHS","Da Nang, , VNDAD",VNCMT,YMJA,YML,51625,DRY,9,5/16/2026,6/30/2026,5/11/2026 4:10,1096,1096,177.43,177.43,1273.43,1273.43
USCHS,USCHS,VNDAD,"Charleston, SC, USCHS","Charleston, SC, USCHS","Da Nang, , VNDAD",VNDAD,YMJA,YML,51625,DRY,9,5/16/2026,6/30/2026,5/11/2026 4:10,1096,1096,177.43,177.43,1273.43,1273.43
USCHS,USCHS,VNDAD,"Charleston, SC, USCHS","Charleston, SC, USCHS","Da Nang, , VNDAD",VNDAD,MSCU,MSC,25-348WCSA,DRY,7,5/1/2026,5/31/2026,5/11/2026 4:10,1178.39,1178.39,184.35,184.35,1362.74,1362.74
USCHS,USCHS,VNDAD,"Charleston, SC, USCHS","Charleston, SC, USCHS","Da Nang, , VNDAD",VNDAD,MSCU,MSC,25-348WCSA,DRY,7,6/1/2026,6/30/2026,5/11/2026 4:10,1218.39,1218.39,184.35,184.35,1402.74,1402.74
USCHS,USCHS,VNDNA,"Charleston, SC, USCHS","Charleston, SC, USCHS","Dong Nai, , VNDNA",VNCMT,YMJA,YML,51625,DRY,9,4/23/2026,5/15/2026,5/11/2026 4:10,612,612,177.43,177.43,789.43,789.43
USCHS,USCHS,VNDNA,"Charleston, SC, USCHS","Charleston, SC, USCHS","Dong Nai, , VNDNA",VNCMT,YMJA,YML,51625,DRY,9,5/16/2026,6/30/2026,5/11/2026 4:10,746,746,177.43,177.43,923.43,923.43
USCHS,USCHS,VNHPH,"Charleston, SC, USCHS","Charleston, SC, USCHS","Haiphong, , VNHPH",VNHPH,YMJA,YML,51625,DRY,9,4/23/2026,5/15/2026,5/11/2026 4:10,157,157,177.43,177.43,334.43,334.43
USCHS,USCHS,VNHPH,"Charleston, SC, USCHS","Charleston, SC, USCHS","Haiphong, , VNHPH",VNHPH,YMJA,YML,51625,DRY,9,5/16/2026,6/30/2026,5/11/2026 4:10,291,291,177.43,177.43,468.43,468.43
USCHS,USCHS,VNHPH,"Charleston, SC, USCHS","Charleston, SC, USCHS","Haiphong, , VNHPH",VNHPH,CMDU,CMA,25-0720,DRY,12,4/18/2026,6/30/2026,5/11/2026 4:10,310,310,167.25,167.25,477.25,477.25
USCHS,USCHS,VNHPH,"Charleston, SC, USCHS","Charleston, SC, USCHS","Haiphong, , VNHPH",VNHPH,OOLU,OOCL,MT256104,DRY,16,4/1/2026,6/30/2026,5/11/2026 4:10,343,343,192.72,192.72,535.72,535.72
USCHS,USCHS,VNHPH,"Charleston, SC, USCHS","Charleston, SC, USCHS","Haiphong, , VNHPH",VNHPH,ONEY,ONE,CHIM354B25,DRY,15,5/6/2026,5/15/2026,5/11/2026 4:10,550,550,182.45,182.45,732.45,732.45
USCHS,USCHS,VNHPH,"Charleston, SC, USCHS","Charleston, SC, USCHS","Haiphong, , VNHPH",VNHPH,ONEY,ONE,CHIM354B25,DRY,15,5/16/2026,6/30/2026,5/11/2026 4:10,550,550,182.45,182.45,732.45,732.45
USCHS,USCHS,VNHPH,"Charleston, SC, USCHS","Charleston, SC, USCHS","Haiphong, , VNHPH",VNHPH,MAEU,Maersk,300094432,DRY,0,4/1/2026,9/30/2026,5/11/2026 4:10,563,563,210.97,210.97,773.97,773.97
USCHS,USCHS,VNHPH,"Charleston, SC, USCHS","Charleston, SC, USCHS","Haiphong, , VNHPH",VNHPH,MSCU,MSC,25-348WCSA,DRY,7,3/16/2026,6/30/2026,5/11/2026 4:10,626.78,626.78,184.35,184.35,811.13,811.13
USCHS,USCHS,VNHPH,"Charleston, SC, USCHS","Charleston, SC, USCHS","Haiphong, , VNHPH",VNHPH,EGLV,EMC,SC103574,DRY,4,5/1/2026,6/30/2026,5/11/2026 4:10,800,800,167.63,167.63,967.63,967.63
USCHS,USCHS,VNHPH,"Charleston, SC, USCHS","Charleston, SC, USCHS","Haiphong, , VNHPH",CNSHA,YMJA,YML,51625,DRY,9,4/23/2026,5/15/2026,5/11/2026 4:10,1132,1132,235.27,235.27,1367.27,1367.27
USCHS,USCHS,VNHPH,"Charleston, SC, USCHS","Charleston, SC, USCHS","Haiphong, , VNHPH",VNCMT,YMJA,YML,51625,DRY,9,4/23/2026,5/15/2026,5/11/2026 4:10,1132,1132,177.43,177.43,1309.43,1309.43
USCHS,USCHS,VNHPH,"Charleston, SC, USCHS","Charleston, SC, USCHS","Haiphong, , VNHPH",CNNBG,YMJA,YML,51625,DRY,9,4/23/2026,5/15/2026,5/11/2026 4:10,1132,1132,235.27,235.27,1367.27,1367.27
USCHS,USCHS,VNHPH,"Charleston, SC, USCHS","Charleston, SC, USCHS","Haiphong, , VNHPH",SGSIN,YMJA,YML,51625,DRY,9,4/23/2026,5/15/2026,5/11/2026 4:10,1132,1132,274.53,274.53,1406.53,1406.53
USCHS,USCHS,VNHPH,"Charleston, SC, USCHS","Charleston, SC, USCHS","Haiphong, , VNHPH",CNSHA,YMJA,YML,51625,DRY,9,5/16/2026,6/30/2026,5/11/2026 4:10,1266,1266,235.27,235.27,1501.27,1501.27
USCHS,USCHS,VNHPH,"Charleston, SC, USCHS","Charleston, SC, USCHS","Haiphong, , VNHPH",VNCMT,YMJA,YML,51625,DRY,9,5/16/2026,6/30/2026,5/11/2026 4:10,1266,1266,177.43,177.43,1443.43,1443.43
USCHS,USCHS,VNHPH,"Charleston, SC, USCHS","Charleston, SC, USCHS","Haiphong, , VNHPH",SGSIN,YMJA,YML,51625,DRY,9,5/16/2026,6/30/2026,5/11/2026 4:10,1266,1266,274.53,274.53,1540.53,1540.53
USCHS,USCHS,VNHPH,"Charleston, SC, USCHS","Charleston, SC, USCHS","Haiphong, , VNHPH",CNNBG,YMJA,YML,51625,DRY,9,5/16/2026,6/30/2026,5/11/2026 4:10,1266,1266,235.27,235.27,1501.27,1501.27
USCHS,USCHS,VNIPH,"Charleston, SC, USCHS","Charleston, SC, USCHS","Phuoc Long ICD, , VNIPH",VNCMT,YMJA,YML,51625,DRY,9,4/23/2026,5/15/2026,5/11/2026 4:10,577,577,177.43,177.43,754.43,754.43
USCHS,USCHS,VNIPH,"Charleston, SC, USCHS","Charleston, SC, USCHS","Phuoc Long ICD, , VNIPH",VNCMT,YMJA,YML,51625,DRY,9,5/16/2026,6/30/2026,5/11/2026 4:10,711,711,177.43,177.43,888.43,888.43
USCHS,USCHS,VNSGN,"Charleston, SC, USCHS","Charleston, SC, USCHS","Ho Chi Minh City, , VNSGN",VNCMT,YMJA,YML,51625,DRY,9,4/23/2026,5/15/2026,5/11/2026 4:10,107,107,177.43,177.43,284.43,284.43
USCHS,USCHS,VNSGN,"Charleston, SC, USCHS","Charleston, SC, USCHS","Ho Chi Minh City, , VNSGN",VNCMT,YMJA,YML,51625,DRY,9,5/16/2026,6/30/2026,5/11/2026 4:10,241,241,177.43,177.43,418.43,418.43
USCHS,USCHS,VNSGN,"Charleston, SC, USCHS","Charleston, SC, USCHS","Ho Chi Minh City, , VNSGN",VNSGN,OOLU,OOCL,MT256104,DRY,16,4/1/2026,6/30/2026,5/11/2026 4:10,243,243,192.72,192.72,435.72,435.72
USCHS,USCHS,VNSGN,"Charleston, SC, USCHS","Charleston, SC, USCHS","Ho Chi Minh City, , VNSGN",VNVUT,CMDU,CMA,25-0720,DRY,12,4/18/2026,6/30/2026,5/11/2026 4:10,310,310,167.25,167.25,477.25,477.25
USCHS,USCHS,VNSGN,"Charleston, SC, USCHS","Charleston, SC, USCHS","Ho Chi Minh City, , VNSGN",VNSGN,ONEY,ONE,CHIM354B25,DRY,15,5/16/2026,6/30/2026,5/11/2026 4:10,410,410,182.45,182.45,592.45,592.45
USCHS,USCHS,VNSGN,"Charleston, SC, USCHS","Charleston, SC, USCHS","Ho Chi Minh City, , VNSGN",VNSGN,ONEY,ONE,CHIM354B25,DRY,15,5/6/2026,5/15/2026,5/11/2026 4:10,410,410,182.45,182.45,592.45,592.45
USCHS,USCHS,VNSGN,"Charleston, SC, USCHS","Charleston, SC, USCHS","Ho Chi Minh City, , VNSGN",VNCMT,YMJA,YML,51625,DRY,9,4/23/2026,5/15/2026,5/11/2026 4:10,512,512,177.43,177.43,689.43,689.43
USCHS,USCHS,VNSGN,"Charleston, SC, USCHS","Charleston, SC, USCHS","Ho Chi Minh City, , VNSGN",VNSGN,MAEU,Maersk,300094432,DRY,0,4/1/2026,9/30/2026,5/11/2026 4:10,543,543,210.97,210.97,753.97,753.97
USCHS,USCHS,VNSGN,"Charleston, SC, USCHS","Charleston, SC, USCHS","Ho Chi Minh City, , VNSGN",VUNG TAU,MSCU,MSC,25-348WCSA,DRY,7,3/16/2026,6/30/2026,5/11/2026 4:10,626.78,626.78,184.35,184.35,811.13,811.13
USCHS,USCHS,VNSGN,"Charleston, SC, USCHS","Charleston, SC, USCHS","Ho Chi Minh City, , VNSGN",VNCMT,YMJA,YML,51625,DRY,9,5/16/2026,6/30/2026,5/11/2026 4:10,646,646,177.43,177.43,823.43,823.43
USCHS,USCHS,VNSGN,"Charleston, SC, USCHS","Charleston, SC, USCHS","Ho Chi Minh City, , VNSGN",VNSGN,EGLV,EMC,SC103574,DRY,4,5/1/2026,6/30/2026,5/11/2026 4:10,800,800,167.63,167.63,967.63,967.63
USCHS,USCHS,VNTOT,"Charleston, SC, USCHS","Charleston, SC, USCHS","Cai Mep, 43, VNTOT",VNTOT,EGLV,EMC,SC103574,DRY,4,5/1/2026,6/30/2026,5/11/2026 4:10,800,800,167.63,167.63,967.63,967.63
USCHS,USCHS,VNTTH,"Charleston, SC, USCHS","Charleston, SC, USCHS","Tan Thanh, 43, VNTTH",VNTTH,OOLU,OOCL,MT256104,DRY,16,4/1/2026,6/30/2026,5/11/2026 4:10,193,193,192.72,192.72,385.72,385.72
USCHS,USCHS,VNVUT,"Charleston, SC, USCHS","Charleston, SC, USCHS","Vung Tau, 43, VNVUT",VNVUT,CMDU,CMA,25-0720,DRY,12,4/18/2026,6/30/2026,5/11/2026 4:10,310,310,167.25,167.25,477.25,477.25
USCHS,USCHS,VNVUT,"Charleston, SC, USCHS","Charleston, SC, USCHS","Vung Tau, 43, VNVUT",VNVUT,MAEU,Maersk,300094432,DRY,0,4/1/2026,9/30/2026,5/11/2026 4:10,613,613,210.97,210.97,823.97,823.97
USCHS,USCHS,VNVUT,"Charleston, SC, USCHS","Charleston, SC, USCHS","Vung Tau, 43, VNVUT",VNVUT,MSCU,MSC,25-348WCSA,DRY,7,3/16/2026,6/30/2026,5/11/2026 4:10,626.78,626.78,184.35,184.35,811.13,811.13
USCHS,USCHS,ZACPT,"Charleston, SC, USCHS","Charleston, SC, USCHS","Cape Town, , ZACPT",ZACPT,ONEY,ONE,CHIM354B25,DRY,15,5/16/2026,6/30/2026,5/11/2026 4:10,2550,2550,413.23,413.23,2963.23,2963.23
USCHS,USCHS,ZACPT,"Charleston, SC, USCHS","Charleston, SC, USCHS","Cape Town, , ZACPT",ZACPT,ONEY,ONE,CHIM354B25,DRY,15,5/6/2026,5/15/2026,5/11/2026 4:10,2550,2550,413.23,413.23,2963.23,2963.23
USCHS,USCHS,ZADUR,"Charleston, SC, USCHS","Charleston, SC, USCHS","Durban, , ZADUR",ZADUR,ONEY,ONE,CHIM354B25,DRY,15,5/16/2026,6/30/2026,5/11/2026 4:10,2550,2550,413.23,413.23,2963.23,2963.23
USCHS,USCHS,ZADUR,"Charleston, SC, USCHS","Charleston, SC, USCHS","Durban, , ZADUR",ZADUR,ONEY,ONE,CHIM354B25,DRY,15,5/6/2026,5/15/2026,5/11/2026 4:10,2550,2550,413.23,413.23,2963.23,2963.23
USDAL,USLAX,AEJEA,"Dallas, TX, USDAL",LALB,"Jebel Ali, , AEJEA",CNSHA,YMJA,YML,51625,DRY,9,4/23/2026,5/15/2026,5/11/2026 4:10,3390,3390,235.27,235.27,3625.27,3625.27
USDAL,USLAX,AEJEA,"Dallas, TX, USDAL",LALB,"Jebel Ali, , AEJEA",CNNBG,YMJA,YML,51625,DRY,9,4/23/2026,5/15/2026,5/11/2026 4:10,3390,3390,235.27,235.27,3625.27,3625.27
USDAL,USLAX,AEJEA,"Dallas, TX, USDAL",LALB,"Jebel Ali, , AEJEA",AEJEA,YMJA,YML,51625,DRY,9,4/23/2026,5/15/2026,5/10/2026 4:10,3394,3394,326.75,326.75,3720.75,3720.75
USDAL,USLAX,AEJEA,"Dallas, TX, USDAL",LALB,"Jebel Ali, , AEJEA",CNSHA,YMJA,YML,51625,DRY,9,5/16/2026,6/30/2026,5/11/2026 4:10,3524,3524,235.27,235.27,3759.27,3759.27
USDAL,USLAX,AEJEA,"Dallas, TX, USDAL",LALB,"Jebel Ali, , AEJEA",CNNBG,YMJA,YML,51625,DRY,9,5/16/2026,6/30/2026,5/11/2026 4:10,3524,3524,235.27,235.27,3759.27,3759.27
USDAL,USLAX,AEJEA,"Dallas, TX, USDAL",LALB,"Jebel Ali, , AEJEA",AEJEA,YMJA,YML,51625,DRY,9,5/16/2026,6/30/2026,5/10/2026 4:10,3528,3528,326.75,326.75,3854.75,3854.75
USDAL,USLGB,BDCGP,"Dallas, TX, USDAL",LALB,"Chattogram/Chittagong, , BDCGP",BDCGP,OOLU,OOCL,MT256104,DRY,16,4/1/2026,6/30/2026,5/10/2026 4:10,2660,2660,65,65,2725,2725
USDAL,USLAX,BDCGP,"Dallas, TX, USDAL",LALB,"Chattogram/Chittagong, , BDCGP",BDCGP,OOLU,OOCL,MT256104,DRY,16,4/1/2026,6/30/2026,5/10/2026 4:10,2660,2660,65,65,2725,2725
USDAL,USLAX,BDCGP,"Dallas, TX, USDAL",LALB,"Chattogram/Chittagong, , BDCGP",BDCGP,EGLV,EMC,SC103574,DRY,4,5/1/2026,6/30/2026,5/10/2026 3:45,3300,3300,0,0,3300,3300
USDAL,USLAX,BDCGP,"Dallas, TX, USDAL",LALB,"Chattogram/Chittagong, , BDCGP",BDCGP,ONEY,ONE,CHIM354B25,DRY,15,5/6/2026,5/15/2026,5/7/2026 4:10,3510,3510,150,150,3660,3660
USDAL,USLAX,BDCGP,"Dallas, TX, USDAL",LALB,"Chattogram/Chittagong, , BDCGP",BDCGP,ONEY,ONE,CHIM354B25,DRY,15,5/16/2026,6/30/2026,5/7/2026 4:10,3510,3510,150,150,3660,3660
USDAL,USSAV,BDCGP,"Dallas, TX, USDAL","Savannah, GA, USSAV","Chattogram/Chittagong, , BDCGP",BDCGP,OOLU,OOCL,MT256104,DRY,16,4/1/2026,6/30/2026,5/10/2026 4:10,3868,3868,65,65,3933,3933
USDAL,USLAX,CLARI,"Dallas, TX, USDAL",LALB,"Arica, TA, CLARI",CLARI,ONEY,ONE,CHIM354B25,DRY,15,5/6/2026,5/15/2026,5/7/2026 4:10,2925,2925,150,150,3075,3075
USDAL,USLAX,CLARI,"Dallas, TX, USDAL",LALB,"Arica, TA, CLARI",CLARI,ONEY,ONE,CHIM354B25,DRY,15,5/16/2026,6/30/2026,5/7/2026 4:10,2925,2925,150,150,3075,3075
USDAL,USLAX,CLSAI,"Dallas, TX, USDAL",LALB,"San Antonio, VS, CLSAI",CLSAI,ONEY,ONE,CHIM354B25,DRY,15,5/6/2026,5/15/2026,5/7/2026 4:10,2425,2425,150,150,2575,2575
USDAL,USLAX,CLSAI,"Dallas, TX, USDAL",LALB,"San Antonio, VS, CLSAI",CLSAI,ONEY,ONE,CHIM354B25,DRY,15,5/16/2026,6/30/2026,5/7/2026 4:10,2425,2425,150,150,2575,2575
USDAL,USLAX,CLVAP,"Dallas, TX, USDAL",LALB,"Valparaiso, VS, CLVAP",CLVAP,ONEY,ONE,CHIM354B25,DRY,15,5/6/2026,5/15/2026,5/7/2026 4:10,2425,2425,150,150,2575,2575
USDAL,USLAX,CLVAP,"Dallas, TX, USDAL",LALB,"Valparaiso, VS, CLVAP",CLVAP,ONEY,ONE,CHIM354B25,DRY,15,5/16/2026,6/30/2026,5/7/2026 4:10,2425,2425,150,150,2575,2575
USDAL,USLAX,CNAQG,"Dallas, TX, USDAL",LALB,"Anqing Pt, 34, CNAQG",CNAQG,ONEY,ONE,CHIM354B25,DRY,15,5/16/2026,6/30/2026,5/11/2026 4:10,1190,1190,126.6,126.6,1316.6,1316.6
USDAL,USLAX,CNAQG,"Dallas, TX, USDAL",LALB,"Anqing Pt, 34, CNAQG",CNAQG,ONEY,ONE,CHIM354B25,DRY,15,5/6/2026,5/15/2026,5/11/2026 4:10,1190,1190,126.6,126.6,1316.6,1316.6
USDAL,USLAX,CNAQG,"Dallas, TX, USDAL",LALB,"Anqing Pt, 34, CNAQG",CNSHA,YMJA,YML,51625,DRY,9,4/23/2026,5/15/2026,5/11/2026 4:10,1490,1490,235.27,235.27,1725.27,1725.27
USDAL,USLAX,CNAQG,"Dallas, TX, USDAL",LALB,"Anqing Pt, 34, CNAQG",CNSHA,YMJA,YML,51625,DRY,9,5/16/2026,6/30/2026,5/11/2026 4:10,1624,1624,235.27,235.27,1859.27,1859.27
USDAL,USLAX,CNAQG,"Dallas, TX, USDAL",LALB,"Anqing Pt, 34, CNAQG",CNAQG,CMDU,CMA,25-0720,DRY,12,4/18/2026,6/30/2026,5/11/2026 4:10,2830,2830,169.83,169.83,2999.83,2999.83
USDAL,USLAX,CNBIH,"Dallas, TX, USDAL",LALB,"Beihai Pt, 32, CNBIH",CNBIH,YMJA,YML,51625,DRY,9,4/23/2026,5/15/2026,5/10/2026 3:45,1650,1650,0,0,1650,1650
USDAL,USLAX,CNBIH,"Dallas, TX, USDAL",LALB,"Beihai Pt, 32, CNBIH",CNBIH,YMJA,YML,51625,DRY,9,5/16/2026,6/30/2026,5/10/2026 3:45,1784,1784,0,0,1784,1784
USDAL,USLAX,CNBIH,"Dallas, TX, USDAL",LALB,"Beihai Pt, 32, CNBIH",CNBIH,CMDU,CMA,25-0720,DRY,12,4/18/2026,6/30/2026,5/11/2026 4:10,2930,2930,166.16,166.16,3096.16,3096.16
USDAL,USLAX,CNCAN,"Dallas, TX, USDAL",LALB,"Guangzhou Baiyun, 44, CNCAN",CNCAN,ONEY,ONE,CHIM354B25,DRY,15,5/16/2026,6/30/2026,5/11/2026 4:10,1550,1550,178.8,178.8,1728.8,1728.8
USDAL,USLAX,CNCAN,"Dallas, TX, USDAL",LALB,"Guangzhou Baiyun, 44, CNCAN",CNCAN,ONEY,ONE,CHIM354B25,DRY,15,5/6/2026,5/15/2026,5/11/2026 4:10,1550,1550,178.8,178.8,1728.8,1728.8
USDAL,USLAX,CNCGS,"Dallas, TX, USDAL",LALB,"Changshu Pt, 37, CNCGS",CNSHA,YMJA,YML,51625,DRY,9,4/23/2026,5/15/2026,5/11/2026 4:10,1480,1480,235.27,235.27,1715.27,1715.27
USDAL,USLAX,CNCGS,"Dallas, TX, USDAL",LALB,"Changshu Pt, 37, CNCGS",CNSHA,YMJA,YML,51625,DRY,9,5/16/2026,6/30/2026,5/11/2026 4:10,1614,1614,235.27,235.27,1849.27,1849.27
USDAL,USLAX,CNCGU,"Dallas, TX, USDAL",LALB,"Changshu, 32, CNCGU",CNCGU,ONEY,ONE,CHIM354B25,DRY,15,5/6/2026,5/15/2026,5/11/2026 4:10,1450,1450,121.75,121.75,1571.75,1571.75
USDAL,USLAX,CNCGU,"Dallas, TX, USDAL",LALB,"Changshu, 32, CNCGU",CNCGU,ONEY,ONE,CHIM354B25,DRY,15,5/16/2026,6/30/2026,5/11/2026 4:10,1450,1450,121.75,121.75,1571.75,1571.75
USDAL,USLAX,CNCHI,"Dallas, TX, USDAL",LALB,"Chizhou Pt, 15, CNCHI",CNCHI,CMDU,CMA,25-0720,DRY,12,4/18/2026,6/30/2026,5/11/2026 4:10,2080,2080,169.83,169.83,2249.83,2249.83
USDAL,USLAX,CNCHQ,"Dallas, TX, USDAL",LALB,"Chongqing Pt, 50, CNCHQ",CNSHA,YMJA,YML,51625,DRY,9,4/23/2026,5/15/2026,5/11/2026 4:10,2050,2050,235.27,235.27,2285.27,2285.27
USDAL,USLAX,CNCHQ,"Dallas, TX, USDAL",LALB,"Chongqing Pt, 50, CNCHQ",CNSHA,YMJA,YML,51625,DRY,9,5/16/2026,6/30/2026,5/11/2026 4:10,2184,2184,235.27,235.27,2419.27,2419.27
USDAL,USLAX,CNCKG,"Dallas, TX, USDAL",LALB,"Chongqing Jiangbei, 51, CNCKG",CNCKG,ONEY,ONE,CHIM354B25,DRY,15,5/6/2026,5/15/2026,5/11/2026 4:10,1760,1760,121.75,121.75,1881.75,1881.75
USDAL,USLAX,CNCKG,"Dallas, TX, USDAL",LALB,"Chongqing Jiangbei, 51, CNCKG",CNCKG,ONEY,ONE,CHIM354B25,DRY,15,5/16/2026,6/30/2026,5/11/2026 4:10,1760,1760,121.75,121.75,1881.75,1881.75
USDAL,USLAX,CNCNA,"Dallas, TX, USDAL",LALB,"Changsha, 44, CNCNA",CNCNA,YMJA,YML,51625,DRY,9,4/23/2026,5/15/2026,5/10/2026 3:45,1200,1200,0,0,1200,1200
USDAL,USLAX,CNCNA,"Dallas, TX, USDAL",LALB,"Changsha, 44, CNCNA",CNCNA,YMJA,YML,51625,DRY,9,5/16/2026,6/30/2026,5/10/2026 3:45,1334,1334,0,0,1334,1334
USDAL,USLAX,CNCNA,"Dallas, TX, USDAL",LALB,"Changsha, 44, CNCNA",CNSHA,YMJA,YML,51625,DRY,9,4/23/2026,5/15/2026,5/11/2026 4:10,2095,2095,235.27,235.27,2330.27,2330.27
USDAL,USLAX,CNCNA,"Dallas, TX, USDAL",LALB,"Changsha, 44, CNCNA",CNSHA,YMJA,YML,51625,DRY,9,5/16/2026,6/30/2026,5/11/2026 4:10,2229,2229,235.27,235.27,2464.27,2464.27
USDAL,USLAX,CNCQI,"Dallas, TX, USDAL",LALB,"Chongqing, 50, CNCQI",CNCQI,CMDU,CMA,25-0720,DRY,12,4/18/2026,6/30/2026,5/11/2026 4:10,1880,1880,169.83,169.83,2049.83,2049.83
USDAL,USLAX,CNCZX,"Dallas, TX, USDAL",LALB,"Changzhou Pt, 32, CNCZX",CNSHA,YMJA,YML,51625,DRY,9,4/23/2026,5/15/2026,5/11/2026 4:10,1480,1480,235.27,235.27,1715.27,1715.27
USDAL,USLAX,CNCZX,"Dallas, TX, USDAL",LALB,"Changzhou Pt, 32, CNCZX",CNSHA,YMJA,YML,51625,DRY,9,5/16/2026,6/30/2026,5/11/2026 4:10,1614,1614,235.27,235.27,1849.27,1849.27
USDAL,USLAX,CNDFG,"Dallas, TX, USDAL",LALB,"Dafeng Pt, 22, CNDFG",CNSHA,YMJA,YML,51625,DRY,9,4/23/2026,5/15/2026,5/11/2026 4:10,1560,1560,235.27,235.27,1795.27,1795.27
USDAL,USLAX,CNDFG,"Dallas, TX, USDAL",LALB,"Dafeng Pt, 22, CNDFG",CNSHA,YMJA,YML,51625,DRY,9,5/16/2026,6/30/2026,5/11/2026 4:10,1694,1694,235.27,235.27,1929.27,1929.27
USDAL,USLAX,CNDFG,"Dallas, TX, USDAL",LALB,"Dafeng Pt, 22, CNDFG",CNDFG,CMDU,CMA,25-0720,DRY,12,4/18/2026,6/30/2026,5/11/2026 4:10,2930,2930,169.83,169.83,3099.83,3099.83
USDAL,USLAX,CNDLC,"Dallas, TX, USDAL",LALB,"Dalian, 21, CNDLC",CNDLC,OOLU,OOCL,MT256104,DRY,16,4/1/2026,6/30/2026,5/10/2026 3:45,935,935,0,0,935,935
USDAL,USLGB,CNDLC,"Dallas, TX, USDAL",LALB,"Dalian, 21, CNDLC",CNDLC,OOLU,OOCL,MT256104,DRY,16,4/1/2026,6/30/2026,5/10/2026 3:45,935,935,0,0,935,935
USDAL,USLAX,CNDLC,"Dallas, TX, USDAL",LALB,"Dalian, 21, CNDLC",CNDLC,YMJA,YML,51625,DRY,9,4/23/2026,5/15/2026,5/11/2026 4:10,950,950,235.27,235.27,1185.27,1185.27
USDAL,USLAX,CNDLC,"Dallas, TX, USDAL",LALB,"Dalian, 21, CNDLC",CNDLC,YMJA,YML,51625,DRY,9,4/23/2026,5/15/2026,5/11/2026 4:10,1050,1050,235.27,235.27,1285.27,1285.27
USDAL,USLAX,CNDLC,"Dallas, TX, USDAL",LALB,"Dalian, 21, CNDLC",CNDLC,YMJA,YML,51625,DRY,9,5/16/2026,5/31/2026,5/11/2026 4:10,1084,1084,235.27,235.27,1319.27,1319.27
USDAL,USLAX,CNDLC,"Dallas, TX, USDAL",LALB,"Dalian, 21, CNDLC",CNDLC,YMJA,YML,51625,DRY,9,5/16/2026,6/30/2026,5/11/2026 4:10,1184,1184,235.27,235.27,1419.27,1419.27
USDAL,USLAX,CNDLC,"Dallas, TX, USDAL",LALB,"Dalian, 21, CNDLC",KRPUS,YMJA,YML,51625,DRY,9,4/23/2026,5/15/2026,5/11/2026 4:10,1670,1670,123.14,123.14,1793.14,1793.14
USDAL,USLAX,CNDLC,"Dallas, TX, USDAL",LALB,"Dalian, 21, CNDLC",CNTAO,YMJA,YML,51625,DRY,9,4/23/2026,5/15/2026,5/11/2026 4:10,1670,1670,235.27,235.27,1905.27,1905.27
USDAL,USLAX,CNDLC,"Dallas, TX, USDAL",LALB,"Dalian, 21, CNDLC",CNTAO,YMJA,YML,51625,DRY,9,5/16/2026,6/30/2026,5/11/2026 4:10,1804,1804,235.27,235.27,2039.27,2039.27
USDAL,USLAX,CNDLC,"Dallas, TX, USDAL",LALB,"Dalian, 21, CNDLC",KRPUS,YMJA,YML,51625,DRY,9,5/16/2026,6/30/2026,5/11/2026 4:10,1804,1804,123.14,123.14,1927.14,1927.14
USDAL,USLAX,CNDLC,"Dallas, TX, USDAL",LALB,"Dalian, 21, CNDLC",CNDLC,CMDU,CMA,25-0720,DRY,12,4/18/2026,6/30/2026,5/11/2026 4:10,1980,1980,166.16,166.16,2146.16,2146.16
USDAL,USLAX,CNDOU,"Dallas, TX, USDAL",LALB,"Doumen Pt, 44, CNDOU",CNDOU,ONEY,ONE,CHIM354B25,DRY,15,5/16/2026,6/30/2026,5/11/2026 4:10,1475,1475,178.8,178.8,1653.8,1653.8
USDAL,USLAX,CNDOU,"Dallas, TX, USDAL",LALB,"Doumen Pt, 44, CNDOU",CNDOU,ONEY,ONE,CHIM354B25,DRY,15,5/6/2026,5/15/2026,5/11/2026 4:10,1475,1475,178.8,178.8,1653.8,1653.8
USDAL,USLAX,CNFAN,"Dallas, TX, USDAL",LALB,"Fangcheng Pt, 45, CNFAN",CNFAN,CMDU,CMA,25-0720,DRY,12,4/18/2026,6/30/2026,5/11/2026 4:10,2930,2930,166.16,166.16,3096.16,3096.16
USDAL,USLAX,CNFOC,"Dallas, TX, USDAL",LALB,"Fuzhou Changle, 35, CNFOC",CNFOC,ONEY,ONE,CHIM354B25,DRY,15,5/6/2026,5/15/2026,5/11/2026 4:10,1370,1370,121.6,121.6,1491.6,1491.6
USDAL,USLAX,CNFOC,"Dallas, TX, USDAL",LALB,"Fuzhou Changle, 35, CNFOC",CNFOC,ONEY,ONE,CHIM354B25,DRY,15,5/16/2026,6/30/2026,5/11/2026 4:10,1370,1370,121.6,121.6,1491.6,1491.6
USDAL,USLGB,CNFQG,"Dallas, TX, USDAL",LALB,"Fuqing, 35, CNFQG",CNFQG,OOLU,OOCL,MT256104,DRY,16,4/1/2026,6/30/2026,5/10/2026 3:45,785,785,0,0,785,785
USDAL,USLAX,CNFQG,"Dallas, TX, USDAL",LALB,"Fuqing, 35, CNFQG",CNFQG,OOLU,OOCL,MT256104,DRY,16,4/1/2026,6/30/2026,5/10/2026 3:45,785,785,0,0,785,785
USDAL,USLAX,CNFZG,"Dallas, TX, USDAL",LALB,"Fuzhou Pt, 23, CNFZG",CNNBG,YMJA,YML,51625,DRY,9,4/23/2026,5/15/2026,5/11/2026 4:10,1650,1650,235.27,235.27,1885.27,1885.27
USDAL,USLAX,CNFZG,"Dallas, TX, USDAL",LALB,"Fuzhou Pt, 23, CNFZG",CNNBG,YMJA,YML,51625,DRY,9,5/16/2026,6/30/2026,5/11/2026 4:10,1784,1784,235.27,235.27,2019.27,2019.27
USDAL,USLAX,CNGOM,"Dallas, TX, USDAL",LALB,"Gaoming Pt, 44, CNGOM",CNGOM,CMDU,CMA,25-0720,DRY,12,4/18/2026,6/30/2026,5/11/2026 4:10,1880,1880,166.16,166.16,2046.16,2046.16
USDAL,USLAX,CNGON,"Dallas, TX, USDAL",LALB,"Gaolan, 44, CNGON",CNGON,ONEY,ONE,CHIM354B25,DRY,15,5/16/2026,6/30/2026,5/11/2026 4:10,1500,1500,178.8,178.8,1678.8,1678.8
USDAL,USLAX,CNGON,"Dallas, TX, USDAL",LALB,"Gaolan, 44, CNGON",CNGON,ONEY,ONE,CHIM354B25,DRY,15,5/6/2026,5/15/2026,5/11/2026 4:10,1500,1500,178.8,178.8,1678.8,1678.8
USDAL,USLAX,CNGZG,"Dallas, TX, USDAL",LALB,"Guangzhou Pt, 22, CNGZG",CNGZG,YMJA,YML,51625,DRY,9,4/23/2026,5/15/2026,5/11/2026 4:10,1200,1200,235.27,235.27,1435.27,1435.27
USDAL,USLAX,CNGZG,"Dallas, TX, USDAL",LALB,"Guangzhou Pt, 22, CNGZG",CNGZG,YMJA,YML,51625,DRY,9,5/16/2026,6/30/2026,5/11/2026 4:10,1334,1334,235.27,235.27,1569.27,1569.27
USDAL,USLAX,CNHFI,"Dallas, TX, USDAL",LALB,"Hefei, 34, CNHFI",CNHFI,CMDU,CMA,25-0720,DRY,12,4/18/2026,6/30/2026,5/11/2026 4:10,2080,2080,166.16,166.16,2246.16,2246.16
USDAL,USLAX,CNHFI,"Dallas, TX, USDAL",LALB,"Hefei, 34, CNHFI",CNSHA,YMJA,YML,51625,DRY,9,4/23/2026,5/15/2026,5/11/2026 4:10,2540,2540,235.27,235.27,2775.27,2775.27
USDAL,USLAX,CNHFI,"Dallas, TX, USDAL",LALB,"Hefei, 34, CNHFI",CNSHA,YMJA,YML,51625,DRY,9,5/16/2026,6/30/2026,5/11/2026 4:10,2674,2674,235.27,235.27,2909.27,2909.27
USDAL,USLAX,CNHSI,"Dallas, TX, USDAL",LALB,"Huangshi Pt, 42, CNHSI",CNSHA,YMJA,YML,51625,DRY,9,4/23/2026,5/15/2026,5/11/2026 4:10,1620,1620,235.27,235.27,1855.27,1855.27
USDAL,USLAX,CNHSI,"Dallas, TX, USDAL",LALB,"Huangshi Pt, 42, CNHSI",CNSHA,YMJA,YML,51625,DRY,9,5/16/2026,6/30/2026,5/11/2026 4:10,1754,1754,235.27,235.27,1989.27,1989.27
USDAL,USLGB,CNHUA,"Dallas, TX, USDAL",LALB,"Huangpu Pt, 44, CNHUA",CNHUA,OOLU,OOCL,MT256104,DRY,16,4/1/2026,6/30/2026,5/11/2026 4:10,950,950,166.6,166.6,1116.6,1116.6
USDAL,USLAX,CNHUA,"Dallas, TX, USDAL",LALB,"Huangpu Pt, 44, CNHUA",CNHUA,OOLU,OOCL,MT256104,DRY,16,4/1/2026,6/30/2026,5/11/2026 4:10,950,950,166.6,166.6,1116.6,1116.6
USDAL,USLAX,CNHUA,"Dallas, TX, USDAL",LALB,"Huangpu Pt, 44, CNHUA",CNHUA,YMJA,YML,51625,DRY,9,4/23/2026,5/15/2026,5/11/2026 4:10,1200,1200,235.27,235.27,1435.27,1435.27
USDAL,USLAX,CNHUA,"Dallas, TX, USDAL",LALB,"Huangpu Pt, 44, CNHUA",CNHUA,ONEY,ONE,CHIM354B25,DRY,15,5/6/2026,5/15/2026,5/11/2026 4:10,1235,1235,178.8,178.8,1413.8,1413.8
USDAL,USLAX,CNHUA,"Dallas, TX, USDAL",LALB,"Huangpu Pt, 44, CNHUA",CNHUA,ONEY,ONE,CHIM354B25,DRY,15,5/16/2026,6/30/2026,5/11/2026 4:10,1235,1235,178.8,178.8,1413.8,1413.8
USDAL,USLAX,CNHUA,"Dallas, TX, USDAL",LALB,"Huangpu Pt, 44, CNHUA",CNHUA,YMJA,YML,51625,DRY,9,5/16/2026,6/30/2026,5/11/2026 4:10,1334,1334,235.27,235.27,1569.27,1569.27
USDAL,USLAX,CNHUA,"Dallas, TX, USDAL",LALB,"Huangpu Pt, 44, CNHUA",CNHUA,CMDU,CMA,25-0720,DRY,12,4/18/2026,6/30/2026,5/11/2026 4:10,1680,1680,166.16,166.16,1846.16,1846.16
USDAL,USLAX,CNHZH,"Dallas, TX, USDAL",LALB,"Huzhou Pt, 33, CNHZH",CNSHA,YMJA,YML,51625,DRY,9,4/23/2026,5/15/2026,5/11/2026 4:10,1415,1415,235.27,235.27,1650.27,1650.27
USDAL,USLAX,CNHZH,"Dallas, TX, USDAL",LALB,"Huzhou Pt, 33, CNHZH",CNSHA,YMJA,YML,51625,DRY,9,5/16/2026,6/30/2026,5/11/2026 4:10,1549,1549,235.27,235.27,1784.27,1784.27
USDAL,USLAX,CNJIA,"Dallas, TX, USDAL",LALB,"Jiangyin Pt, 32, CNJIA",CNSHA,YMJA,YML,51625,DRY,9,4/23/2026,5/15/2026,5/11/2026 4:10,1480,1480,235.27,235.27,1715.27,1715.27
USDAL,USLAX,CNJIA,"Dallas, TX, USDAL",LALB,"Jiangyin Pt, 32, CNJIA",CNSHA,YMJA,YML,51625,DRY,9,5/16/2026,6/30/2026,5/11/2026 4:10,1614,1614,235.27,235.27,1849.27,1849.27
USDAL,USLAX,CNJIA,"Dallas, TX, USDAL",LALB,"Jiangyin Pt, 32, CNJIA",CNJIA,CMDU,CMA,25-0720,DRY,12,4/18/2026,6/30/2026,5/11/2026 4:10,1780,1780,169.83,169.83,1949.83,1949.83
USDAL,USLAX,CNJIU,"Dallas, TX, USDAL",LALB,"Jiujiang Pt, 36, CNJIU",CNSHA,YMJA,YML,51625,DRY,9,4/23/2026,5/15/2026,5/11/2026 4:10,1610,1610,235.27,235.27,1845.27,1845.27
USDAL,USLAX,CNJIU,"Dallas, TX, USDAL",LALB,"Jiujiang Pt, 36, CNJIU",CNJIU,CMDU,CMA,25-0720,DRY,12,4/18/2026,6/30/2026,5/11/2026 4:10,1680,1680,169.83,169.83,1849.83,1849.83
USDAL,USLAX,CNJIU,"Dallas, TX, USDAL",LALB,"Jiujiang Pt, 36, CNJIU",CNSHA,YMJA,YML,51625,DRY,9,5/16/2026,6/30/2026,5/11/2026 4:10,1744,1744,235.27,235.27,1979.27,1979.27
USDAL,USLAX,CNJMN,"Dallas, TX, USDAL",LALB,"Jiangmen Pt, 44, CNJMN",CNJMN,CMDU,CMA,25-0720,DRY,12,4/18/2026,6/30/2026,5/11/2026 4:10,2080,2080,166.16,166.16,2246.16,2246.16
USDAL,USLAX,CNJNZ,"Dallas, TX, USDAL",LALB,"Jinzhou Pt, 21, CNJNZ",KRPUS,YMJA,YML,51625,DRY,9,4/23/2026,5/15/2026,5/11/2026 4:10,2170,2170,123.14,123.14,2293.14,2293.14
USDAL,USLAX,CNJNZ,"Dallas, TX, USDAL",LALB,"Jinzhou Pt, 21, CNJNZ",KRPUS,YMJA,YML,51625,DRY,9,5/16/2026,6/30/2026,5/11/2026 4:10,2304,2304,123.14,123.14,2427.14,2427.14
USDAL,USLAX,CNJZK,"Dallas, TX, USDAL",LALB,"Jingzhou Pt, 42, CNJZK",CNSHA,YMJA,YML,51625,DRY,9,4/23/2026,5/15/2026,5/11/2026 4:10,1630,1630,235.27,235.27,1865.27,1865.27
USDAL,USLAX,CNJZK,"Dallas, TX, USDAL",LALB,"Jingzhou Pt, 42, CNJZK",CNSHA,YMJA,YML,51625,DRY,9,5/16/2026,6/30/2026,5/11/2026 4:10,1764,1764,235.27,235.27,1999.27,1999.27
USDAL,USLAX,CNKHN,"Dallas, TX, USDAL",LALB,"Nanchang Changbei, 36, CNKHN",CNSHA,YMJA,YML,51625,DRY,9,4/23/2026,5/15/2026,5/11/2026 4:10,1690,1690,235.27,235.27,1925.27,1925.27
USDAL,USLAX,CNKHN,"Dallas, TX, USDAL",LALB,"Nanchang Changbei, 36, CNKHN",CNSHA,YMJA,YML,51625,DRY,9,5/16/2026,6/30/2026,5/11/2026 4:10,1824,1824,235.27,235.27,2059.27,2059.27
USDAL,USLAX,CNKPN,"Dallas, TX, USDAL",LALB,"Kaiping, 13, CNKPN",CNKPN,OOLU,OOCL,MT256104,DRY,16,4/1/2026,6/30/2026,5/10/2026 3:45,980,980,0,0,980,980
USDAL,USLGB,CNKPN,"Dallas, TX, USDAL",LALB,"Kaiping, 13, CNKPN",CNKPN,OOLU,OOCL,MT256104,DRY,16,4/1/2026,6/30/2026,5/10/2026 3:45,980,980,0,0,980,980
USDAL,USLAX,CNKUS,"Dallas, TX, USDAL",LALB,"Kunshan, 32, CNKUS",CNSHA,YMJA,YML,51625,DRY,9,4/23/2026,5/15/2026,5/11/2026 4:10,1640,1640,235.27,235.27,1875.27,1875.27
USDAL,USLAX,CNKUS,"Dallas, TX, USDAL",LALB,"Kunshan, 32, CNKUS",CNSHA,YMJA,YML,51625,DRY,9,5/16/2026,6/30/2026,5/11/2026 4:10,1774,1774,235.27,235.27,2009.27,2009.27
USDAL,USLAX,CNLIH,"Dallas, TX, USDAL",LALB,"Lianhuashan Pt, 44, CNLIH",CNSHK,YMJA,YML,51625,DRY,9,4/23/2026,5/15/2026,5/11/2026 4:10,1470,1470,235.27,235.27,1705.27,1705.27
USDAL,USLAX,CNLIH,"Dallas, TX, USDAL",LALB,"Lianhuashan Pt, 44, CNLIH",CNYTN,YMJA,YML,51625,DRY,9,4/23/2026,5/15/2026,5/11/2026 4:10,1600,1600,235.27,235.27,1835.27,1835.27
USDAL,USLAX,CNLIH,"Dallas, TX, USDAL",LALB,"Lianhuashan Pt, 44, CNLIH",CNSHK,YMJA,YML,51625,DRY,9,5/16/2026,6/30/2026,5/11/2026 4:10,1604,1604,235.27,235.27,1839.27,1839.27
USDAL,USLAX,CNLIH,"Dallas, TX, USDAL",LALB,"Lianhuashan Pt, 44, CNLIH",CNYTN,YMJA,YML,51625,DRY,9,5/16/2026,6/30/2026,5/11/2026 4:10,1734,1734,235.27,235.27,1969.27,1969.27
USDAL,USLAX,CNLYG,"Dallas, TX, USDAL",LALB,"Lianyungang, 32, CNLYG",CNLYG,ONEY,ONE,CHIM354B25,DRY,15,5/6/2026,5/15/2026,5/11/2026 4:10,1465,1465,122.49,122.49,1587.49,1587.49
USDAL,USLAX,CNLYG,"Dallas, TX, USDAL",LALB,"Lianyungang, 32, CNLYG",CNLYG,ONEY,ONE,CHIM354B25,DRY,15,5/16/2026,6/30/2026,5/11/2026 4:10,1465,1465,122.49,122.49,1587.49,1587.49
USDAL,USLAX,CNLYG,"Dallas, TX, USDAL",LALB,"Lianyungang, 32, CNLYG",CNLYG,OOLU,OOCL,MT256104,DRY,16,4/1/2026,6/30/2026,5/11/2026 4:10,1550,1550,166.6,166.6,1716.6,1716.6
USDAL,USLGB,CNLYG,"Dallas, TX, USDAL",LALB,"Lianyungang, 32, CNLYG",CNLYG,OOLU,OOCL,MT256104,DRY,16,4/1/2026,6/30/2026,5/11/2026 4:10,1550,1550,166.6,166.6,1716.6,1716.6
USDAL,USLAX,CNLYG,"Dallas, TX, USDAL",LALB,"Lianyungang, 32, CNLYG",CNLYG,CMDU,CMA,25-0720,DRY,12,4/18/2026,6/30/2026,5/11/2026 4:10,1580,1580,174.98,174.98,1754.98,1754.98
USDAL,USLAX,CNLZU,"Dallas, TX, USDAL",LALB,"Luzhou, 51, CNLZU",CNSHA,YMJA,YML,51625,DRY,9,4/23/2026,5/15/2026,5/11/2026 4:10,2090,2090,235.27,235.27,2325.27,2325.27
USDAL,USLAX,CNLZU,"Dallas, TX, USDAL",LALB,"Luzhou, 51, CNLZU",CNSHA,YMJA,YML,51625,DRY,9,5/16/2026,6/30/2026,5/11/2026 4:10,2224,2224,235.27,235.27,2459.27,2459.27
USDAL,USLAX,CNMAA,"Dallas, TX, USDAL",LALB,"Maanshan Pt, 34, CNMAA",CNSHA,YMJA,YML,51625,DRY,9,4/23/2026,5/15/2026,5/11/2026 4:10,1490,1490,235.27,235.27,1725.27,1725.27
USDAL,USLAX,CNMAA,"Dallas, TX, USDAL",LALB,"Maanshan Pt, 34, CNMAA",CNSHA,YMJA,YML,51625,DRY,9,5/16/2026,6/30/2026,5/11/2026 4:10,1624,1624,235.27,235.27,1859.27,1859.27
USDAL,USLAX,CNMAA,"Dallas, TX, USDAL",LALB,"Maanshan Pt, 34, CNMAA",CNMAA,CMDU,CMA,25-0720,DRY,12,4/18/2026,6/30/2026,5/11/2026 4:10,2280,2280,169.83,169.83,2449.83,2449.83
USDAL,USLAX,CNMAW,"Dallas, TX, USDAL",LALB,"Mawei Pt, 35, CNMAW",CNMAW,CMDU,CMA,25-0720,DRY,12,4/18/2026,6/30/2026,5/11/2026 4:10,2180,2180,166.16,166.16,2346.16,2346.16
USDAL,USLAX,CNNBG,"Dallas, TX, USDAL",LALB,"Ningbo Pt, 33, CNNBG",CNNBG,OOLU,OOCL,MT256104,DRY,16,4/1/2026,6/30/2026,5/11/2026 4:10,660,660,168.36,168.36,828.36,828.36
USDAL,USLGB,CNNBG,"Dallas, TX, USDAL",LALB,"Ningbo Pt, 33, CNNBG",CNNBG,OOLU,OOCL,MT256104,DRY,16,4/1/2026,6/30/2026,5/11/2026 4:10,660,660,168.36,168.36,828.36,828.36
USDAL,USLAX,CNNBG,"Dallas, TX, USDAL",LALB,"Ningbo Pt, 33, CNNBG",CNNBG,YMJA,YML,51625,DRY,9,4/23/2026,5/15/2026,5/11/2026 4:10,750,750,235.27,235.27,985.27,985.27
USDAL,USLAX,CNNBG,"Dallas, TX, USDAL",LALB,"Ningbo Pt, 33, CNNBG",CNNBG,YMJA,YML,51625,DRY,9,5/16/2026,6/30/2026,5/11/2026 4:10,884,884,235.27,235.27,1119.27,1119.27
USDAL,USLAX,CNNBG,"Dallas, TX, USDAL",LALB,"Ningbo Pt, 33, CNNBG",CNNBG,ONEY,ONE,CHIM354B25,DRY,15,5/6/2026,5/15/2026,5/11/2026 4:10,1080,1080,126.31,126.31,1206.31,1206.31
USDAL,USLAX,CNNBG,"Dallas, TX, USDAL",LALB,"Ningbo Pt, 33, CNNBG",CNNBG,ONEY,ONE,CHIM354B25,DRY,15,5/16/2026,6/30/2026,5/11/2026 4:10,1080,1080,126.31,126.31,1206.31,1206.31
USDAL,USLAX,CNNBG,"Dallas, TX, USDAL",LALB,"Ningbo Pt, 33, CNNBG",CNNBG,YMJA,YML,51625,DRY,9,4/23/2026,5/15/2026,5/11/2026 4:10,1150,1150,235.27,235.27,1385.27,1385.27
USDAL,USLAX,CNNBG,"Dallas, TX, USDAL",LALB,"Ningbo Pt, 33, CNNBG",CNNBG,CMDU,CMA,25-0720,DRY,12,4/18/2026,6/30/2026,5/11/2026 4:10,1230,1230,169.83,169.83,1399.83,1399.83
USDAL,USLAX,CNNBG,"Dallas, TX, USDAL",LALB,"Ningbo Pt, 33, CNNBG",CNNBG,YMJA,YML,51625,DRY,9,5/16/2026,6/30/2026,5/11/2026 4:10,1284,1284,235.27,235.27,1519.27,1519.27
USDAL,USLAX,CNNBG,"Dallas, TX, USDAL",LALB,"Ningbo Pt, 33, CNNBG",CNNBG,EGLV,EMC,SC103574,DRY,4,5/1/2026,6/30/2026,5/10/2026 3:45,1350,1350,0,0,1350,1350
USDAL,USLAX,CNNBG,"Dallas, TX, USDAL",LALB,"Ningbo Pt, 33, CNNBG",KRPUS,YMJA,YML,51625,DRY,9,4/23/2026,5/15/2026,5/11/2026 4:10,1370,1370,123.14,123.14,1493.14,1493.14
USDAL,USLAX,CNNBG,"Dallas, TX, USDAL",LALB,"Ningbo Pt, 33, CNNBG",SGSIN,YMJA,YML,51625,DRY,9,4/23/2026,5/15/2026,5/11/2026 4:10,1410,1410,274.53,274.53,1684.53,1684.53
USDAL,USLAX,CNNBG,"Dallas, TX, USDAL",LALB,"Ningbo Pt, 33, CNNBG",KRPUS,YMJA,YML,51625,DRY,9,5/16/2026,6/30/2026,5/11/2026 4:10,1504,1504,123.14,123.14,1627.14,1627.14
USDAL,USLAX,CNNBG,"Dallas, TX, USDAL",LALB,"Ningbo Pt, 33, CNNBG",SGSIN,YMJA,YML,51625,DRY,9,5/16/2026,6/30/2026,5/11/2026 4:10,1544,1544,274.53,274.53,1818.53,1818.53
USDAL,USLAX,CNNJG,"Dallas, TX, USDAL",LALB,"Nanjing Pt, 35, CNNJG",CNSHA,YMJA,YML,51625,DRY,9,4/23/2026,5/15/2026,5/11/2026 4:10,1480,1480,235.27,235.27,1715.27,1715.27
USDAL,USLAX,CNNJG,"Dallas, TX, USDAL",LALB,"Nanjing Pt, 35, CNNJG",CNSHA,YMJA,YML,51625,DRY,9,5/16/2026,6/30/2026,5/11/2026 4:10,1614,1614,235.27,235.27,1849.27,1849.27
USDAL,USLAX,CNNJG,"Dallas, TX, USDAL",LALB,"Nanjing Pt, 35, CNNJG",CNNJG,CMDU,CMA,25-0720,DRY,12,4/18/2026,6/30/2026,5/11/2026 4:10,1880,1880,169.83,169.83,2049.83,2049.83
USDAL,USLAX,CNNJP,"Dallas, TX, USDAL",LALB,"Nanjing Pt, 32, CNNJP",CNSHA,YMJA,YML,51625,DRY,9,4/23/2026,5/15/2026,5/11/2026 4:10,1480,1480,235.27,235.27,1715.27,1715.27
USDAL,USLAX,CNNJP,"Dallas, TX, USDAL",LALB,"Nanjing Pt, 32, CNNJP",CNSHA,YMJA,YML,51625,DRY,9,5/16/2026,6/30/2026,5/11/2026 4:10,1614,1614,235.27,235.27,1849.27,1849.27
USDAL,USLAX,CNNKG,"Dallas, TX, USDAL",LALB,"Nanjing Lukou, 32, CNNKG",CNNKG,ONEY,ONE,CHIM354B25,DRY,15,5/16/2026,6/30/2026,5/11/2026 4:10,1335,1335,121.75,121.75,1456.75,1456.75
USDAL,USLAX,CNNKG,"Dallas, TX, USDAL",LALB,"Nanjing Lukou, 32, CNNKG",CNNKG,ONEY,ONE,CHIM354B25,DRY,15,5/6/2026,5/15/2026,5/11/2026 4:10,1335,1335,121.75,121.75,1456.75,1456.75
USDAL,USLAX,CNNKG,"Dallas, TX, USDAL",LALB,"Nanjing Lukou, 32, CNNKG",CNSHA,YMJA,YML,51625,DRY,9,4/23/2026,5/15/2026,5/11/2026 4:10,1480,1480,235.27,235.27,1715.27,1715.27
USDAL,USLAX,CNNKG,"Dallas, TX, USDAL",LALB,"Nanjing Lukou, 32, CNNKG",CNSHA,YMJA,YML,51625,DRY,9,5/16/2026,6/30/2026,5/11/2026 4:10,1614,1614,235.27,235.27,1849.27,1849.27
USDAL,USLAX,CNNSA,"Dallas, TX, USDAL",LALB,"Nansha Pt, 44, CNNSA",CNNSA,OOLU,OOCL,MT256104,DRY,16,4/1/2026,6/30/2026,5/11/2026 4:10,910,910,166.6,166.6,1076.6,1076.6
USDAL,USLGB,CNNSA,"Dallas, TX, USDAL",LALB,"Nansha Pt, 44, CNNSA",CNNSA,OOLU,OOCL,MT256104,DRY,16,4/1/2026,6/30/2026,5/11/2026 4:10,910,910,166.6,166.6,1076.6,1076.6
USDAL,USLAX,CNNSA,"Dallas, TX, USDAL",LALB,"Nansha Pt, 44, CNNSA",CNNSA,ONEY,ONE,CHIM354B25,DRY,15,5/16/2026,6/30/2026,5/11/2026 4:10,1425,1425,178.8,178.8,1603.8,1603.8
USDAL,USLAX,CNNSA,"Dallas, TX, USDAL",LALB,"Nansha Pt, 44, CNNSA",CNNSA,ONEY,ONE,CHIM354B25,DRY,15,5/6/2026,5/15/2026,5/11/2026 4:10,1425,1425,178.8,178.8,1603.8,1603.8
USDAL,USLAX,CNNTG,"Dallas, TX, USDAL",LALB,"Nantong Pt, 32, CNNTG",CNNTG,ONEY,ONE,CHIM354B25,DRY,15,5/16/2026,6/30/2026,5/11/2026 4:10,1255,1255,121.75,121.75,1376.75,1376.75
USDAL,USLAX,CNNTG,"Dallas, TX, USDAL",LALB,"Nantong Pt, 32, CNNTG",CNNTG,ONEY,ONE,CHIM354B25,DRY,15,5/6/2026,5/15/2026,5/11/2026 4:10,1255,1255,121.75,121.75,1376.75,1376.75
USDAL,USLAX,CNNTG,"Dallas, TX, USDAL",LALB,"Nantong Pt, 32, CNNTG",CNSHA,YMJA,YML,51625,DRY,9,4/23/2026,5/15/2026,5/11/2026 4:10,1480,1480,235.27,235.27,1715.27,1715.27
USDAL,USLAX,CNNTG,"Dallas, TX, USDAL",LALB,"Nantong Pt, 32, CNNTG",CNSHA,YMJA,YML,51625,DRY,9,5/16/2026,6/30/2026,5/11/2026 4:10,1614,1614,235.27,235.27,1849.27,1849.27
USDAL,USLAX,CNNTG,"Dallas, TX, USDAL",LALB,"Nantong Pt, 32, CNNTG",CNNTG,CMDU,CMA,25-0720,DRY,12,4/18/2026,6/30/2026,5/11/2026 4:10,1780,1780,169.83,169.83,1949.83,1949.83
USDAL,USLAX,CNPUT,"Dallas, TX, USDAL",LALB,"Putian, 35, CNPUT",CNXMN,YMJA,YML,51625,DRY,9,4/23/2026,5/15/2026,5/11/2026 4:10,1460,1460,235.27,235.27,1695.27,1695.27
USDAL,USLAX,CNPUT,"Dallas, TX, USDAL",LALB,"Putian, 35, CNPUT",CNXMN,YMJA,YML,51625,DRY,9,5/16/2026,6/30/2026,5/11/2026 4:10,1594,1594,235.27,235.27,1829.27,1829.27
USDAL,USLAX,CNQZH,"Dallas, TX, USDAL",LALB,"Qinzhou Pt, 45, CNQZH",CNQZH,CMDU,CMA,25-0720,DRY,12,4/18/2026,6/30/2026,5/11/2026 4:10,2030,2030,166.16,166.16,2196.16,2196.16
USDAL,USLAX,CNRUG,"Dallas, TX, USDAL",LALB,"Rugao Pt, 32, CNRUG",CNRUG,CMDU,CMA,25-0720,DRY,12,4/18/2026,6/30/2026,5/11/2026 4:10,1380,1380,166.16,166.16,1546.16,1546.16
USDAL,USLAX,CNRZH,"Dallas, TX, USDAL",LALB,"Rizhao Pt, 37, CNRZH",CNTAO,YMJA,YML,51625,DRY,9,4/23/2026,5/15/2026,5/11/2026 4:10,1430,1430,235.27,235.27,1665.27,1665.27
USDAL,USLAX,CNRZH,"Dallas, TX, USDAL",LALB,"Rizhao Pt, 37, CNRZH",CNTAO,YMJA,YML,51625,DRY,9,5/16/2026,6/30/2026,5/11/2026 4:10,1564,1564,235.27,235.27,1799.27,1799.27
USDAL,USLAX,CNSBU,"Dallas, TX, USDAL",LALB,"Sanbu Pt, 44, CNSBU",CNSBU,OOLU,OOCL,MT256104,DRY,16,4/1/2026,6/30/2026,5/10/2026 3:45,980,980,0,0,980,980
USDAL,USLGB,CNSBU,"Dallas, TX, USDAL",LALB,"Sanbu Pt, 44, CNSBU",CNSBU,OOLU,OOCL,MT256104,DRY,16,4/1/2026,6/30/2026,5/10/2026 3:45,980,980,0,0,980,980
USDAL,USLAX,CNSBU,"Dallas, TX, USDAL",LALB,"Sanbu Pt, 44, CNSBU",CNSBU,ONEY,ONE,CHIM354B25,DRY,15,5/16/2026,6/30/2026,5/11/2026 4:10,1960,1960,178.8,178.8,2138.8,2138.8
USDAL,USLAX,CNSBU,"Dallas, TX, USDAL",LALB,"Sanbu Pt, 44, CNSBU",CNSBU,ONEY,ONE,CHIM354B25,DRY,15,5/6/2026,5/15/2026,5/11/2026 4:10,1960,1960,178.8,178.8,2138.8,2138.8
USDAL,USLGB,CNSHA,"Dallas, TX, USDAL",LALB,"Shanghai, 31, CNSHA",CNSHA,OOLU,OOCL,MT256104,DRY,16,4/1/2026,6/30/2026,5/11/2026 4:10,660,660,168.36,168.36,828.36,828.36
USDAL,USLAX,CNSHA,"Dallas, TX, USDAL",LALB,"Shanghai, 31, CNSHA",CNSHA,OOLU,OOCL,MT256104,DRY,16,4/1/2026,6/30/2026,5/11/2026 4:10,660,660,168.36,168.36,828.36,828.36
USDAL,USLAX,CNSHA,"Dallas, TX, USDAL",LALB,"Shanghai, 31, CNSHA",CNSHA,YMJA,YML,51625,DRY,9,4/23/2026,5/15/2026,5/11/2026 4:10,750,750,235.27,235.27,985.27,985.27
USDAL,USLAX,CNSHA,"Dallas, TX, USDAL",LALB,"Shanghai, 31, CNSHA",CNSHA,YMJA,YML,51625,DRY,9,5/16/2026,6/30/2026,5/11/2026 4:10,884,884,235.27,235.27,1119.27,1119.27
USDAL,USLAX,CNSHA,"Dallas, TX, USDAL",LALB,"Shanghai, 31, CNSHA",CNSHA,ONEY,ONE,CHIM354B25,DRY,15,5/16/2026,6/30/2026,5/11/2026 4:10,1080,1080,121.75,121.75,1201.75,1201.75
USDAL,USLAX,CNSHA,"Dallas, TX, USDAL",LALB,"Shanghai, 31, CNSHA",CNSHA,ONEY,ONE,CHIM354B25,DRY,15,5/6/2026,5/15/2026,5/11/2026 4:10,1080,1080,121.75,121.75,1201.75,1201.75
USDAL,USLAX,CNSHA,"Dallas, TX, USDAL",LALB,"Shanghai, 31, CNSHA",CNSHA,YMJA,YML,51625,DRY,9,4/23/2026,5/15/2026,5/11/2026 4:10,1150,1150,235.27,235.27,1385.27,1385.27
USDAL,USLAX,CNSHA,"Dallas, TX, USDAL",LALB,"Shanghai, 31, CNSHA",CNSHA,CMDU,CMA,25-0720,DRY,12,4/18/2026,6/30/2026,5/11/2026 4:10,1230,1230,169.83,169.83,1399.83,1399.83
USDAL,USLAX,CNSHA,"Dallas, TX, USDAL",LALB,"Shanghai, 31, CNSHA",CNSHA,YMJA,YML,51625,DRY,9,5/16/2026,6/30/2026,5/11/2026 4:10,1284,1284,235.27,235.27,1519.27,1519.27
USDAL,USLAX,CNSHA,"Dallas, TX, USDAL",LALB,"Shanghai, 31, CNSHA",CNSHG,EGLV,EMC,SC103574,DRY,4,5/1/2026,6/30/2026,5/10/2026 3:45,1350,1350,0,0,1350,1350
USDAL,USLAX,CNSHA,"Dallas, TX, USDAL",LALB,"Shanghai, 31, CNSHA",SGSIN,YMJA,YML,51625,DRY,9,4/23/2026,5/15/2026,5/11/2026 4:10,1410,1410,274.53,274.53,1684.53,1684.53
USDAL,USLAX,CNSHA,"Dallas, TX, USDAL",LALB,"Shanghai, 31, CNSHA",SGSIN,YMJA,YML,51625,DRY,9,5/16/2026,6/30/2026,5/11/2026 4:10,1544,1544,274.53,274.53,1818.53,1818.53
USDAL,USLAX,CNSHK,"Dallas, TX, USDAL",LALB,"Shekou Pt, 44, CNSHK",CNSHK,YMJA,YML,51625,DRY,9,4/23/2026,5/15/2026,5/11/2026 4:10,1150,1150,235.27,235.27,1385.27,1385.27
USDAL,USLAX,CNSHK,"Dallas, TX, USDAL",LALB,"Shekou Pt, 44, CNSHK",CNSHK,ONEY,ONE,CHIM354B25,DRY,15,5/6/2026,5/15/2026,5/11/2026 4:10,1165,1165,178.8,178.8,1343.8,1343.8
USDAL,USLAX,CNSHK,"Dallas, TX, USDAL",LALB,"Shekou Pt, 44, CNSHK",CNSHK,ONEY,ONE,CHIM354B25,DRY,15,5/16/2026,6/30/2026,5/11/2026 4:10,1165,1165,178.8,178.8,1343.8,1343.8
USDAL,USLAX,CNSHK,"Dallas, TX, USDAL",LALB,"Shekou Pt, 44, CNSHK",CNSHK,YMJA,YML,51625,DRY,9,5/16/2026,6/30/2026,5/11/2026 4:10,1284,1284,235.27,235.27,1519.27,1519.27
USDAL,USLAX,CNSHK,"Dallas, TX, USDAL",LALB,"Shekou Pt, 44, CNSHK",SGSIN,YMJA,YML,51625,DRY,9,4/23/2026,5/15/2026,5/11/2026 4:10,1355,1355,274.53,274.53,1629.53,1629.53
USDAL,USLGB,CNSHK,"Dallas, TX, USDAL",LALB,"Shekou Pt, 44, CNSHK",CNSHK,OOLU,OOCL,MT256104,DRY,16,4/1/2026,6/30/2026,5/10/2026 3:45,1380,1380,0,0,1380,1380
USDAL,USLAX,CNSHK,"Dallas, TX, USDAL",LALB,"Shekou Pt, 44, CNSHK",CNSHK,OOLU,OOCL,MT256104,DRY,16,4/1/2026,6/30/2026,5/10/2026 3:45,1380,1380,0,0,1380,1380
USDAL,USLAX,CNSHK,"Dallas, TX, USDAL",LALB,"Shekou Pt, 44, CNSHK",SGSIN,YMJA,YML,51625,DRY,9,5/16/2026,6/30/2026,5/11/2026 4:10,1489,1489,274.53,274.53,1763.53,1763.53
USDAL,USLAX,CNSZG,"Dallas, TX, USDAL",LALB,"Suzhou Pt, 32, CNSZG",CNSHA,YMJA,YML,51625,DRY,9,4/23/2026,5/15/2026,5/11/2026 4:10,1640,1640,235.27,235.27,1875.27,1875.27
USDAL,USLAX,CNSZG,"Dallas, TX, USDAL",LALB,"Suzhou Pt, 32, CNSZG",CNSHA,YMJA,YML,51625,DRY,9,5/16/2026,6/30/2026,5/11/2026 4:10,1774,1774,235.27,235.27,2009.27,2009.27
USDAL,USLAX,CNTAC,"Dallas, TX, USDAL",LALB,"Taicang Pt, 32, CNTAC",CNSHA,YMJA,YML,51625,DRY,9,4/23/2026,5/15/2026,5/11/2026 4:10,1250,1250,235.27,235.27,1485.27,1485.27
USDAL,USLAX,CNTAC,"Dallas, TX, USDAL",LALB,"Taicang Pt, 32, CNTAC",CNSHA,YMJA,YML,51625,DRY,9,5/16/2026,6/30/2026,5/11/2026 4:10,1384,1384,235.27,235.27,1619.27,1619.27
USDAL,USLAX,CNTAG,"Dallas, TX, USDAL",LALB,"Taicang, 32, CNTAG",CNSHA,YMJA,YML,51625,DRY,9,4/23/2026,5/15/2026,5/11/2026 4:10,1250,1250,235.27,235.27,1485.27,1485.27
USDAL,USLAX,CNTAG,"Dallas, TX, USDAL",LALB,"Taicang, 32, CNTAG",CNSHA,YMJA,YML,51625,DRY,9,5/16/2026,6/30/2026,5/11/2026 4:10,1384,1384,235.27,235.27,1619.27,1619.27
USDAL,USLAX,CNTAO,"Dallas, TX, USDAL",LALB,"Qingdao, 37, CNTAO",CNTAO,OOLU,OOCL,MT256104,DRY,16,4/1/2026,6/30/2026,5/11/2026 4:10,660,660,168.36,168.36,828.36,828.36
USDAL,USLGB,CNTAO,"Dallas, TX, USDAL",LALB,"Qingdao, 37, CNTAO",CNTAO,OOLU,OOCL,MT256104,DRY,16,4/1/2026,6/30/2026,5/11/2026 4:10,660,660,168.36,168.36,828.36,828.36
USDAL,USLAX,CNTAO,"Dallas, TX, USDAL",LALB,"Qingdao, 37, CNTAO",CNTAO,YMJA,YML,51625,DRY,9,4/23/2026,5/15/2026,5/11/2026 4:10,750,750,235.27,235.27,985.27,985.27
USDAL,USLAX,CNTAO,"Dallas, TX, USDAL",LALB,"Qingdao, 37, CNTAO",CNTAO,YMJA,YML,51625,DRY,9,5/16/2026,6/30/2026,5/11/2026 4:10,884,884,235.27,235.27,1119.27,1119.27
USDAL,USLAX,CNTAO,"Dallas, TX, USDAL",LALB,"Qingdao, 37, CNTAO",CNTAO,YMJA,YML,51625,DRY,9,4/23/2026,5/15/2026,5/11/2026 4:10,1150,1150,235.27,235.27,1385.27,1385.27
USDAL,USLAX,CNTAO,"Dallas, TX, USDAL",LALB,"Qingdao, 37, CNTAO",CNTAO,ONEY,ONE,CHIM354B25,DRY,15,5/16/2026,6/30/2026,5/11/2026 4:10,1160,1160,122.49,122.49,1282.49,1282.49
USDAL,USLAX,CNTAO,"Dallas, TX, USDAL",LALB,"Qingdao, 37, CNTAO",CNTAO,ONEY,ONE,CHIM354B25,DRY,15,5/6/2026,5/15/2026,5/11/2026 4:10,1160,1160,122.49,122.49,1282.49,1282.49
USDAL,USLAX,CNTAO,"Dallas, TX, USDAL",LALB,"Qingdao, 37, CNTAO",CNTAO,CMDU,CMA,25-0720,DRY,12,4/18/2026,6/30/2026,5/11/2026 4:10,1230,1230,174.98,174.98,1404.98,1404.98
USDAL,USLAX,CNTAO,"Dallas, TX, USDAL",LALB,"Qingdao, 37, CNTAO",CNTAO,YMJA,YML,51625,DRY,9,5/16/2026,6/30/2026,5/11/2026 4:10,1284,1284,235.27,235.27,1519.27,1519.27
USDAL,USLAX,CNTAO,"Dallas, TX, USDAL",LALB,"Qingdao, 37, CNTAO",CNQDG,EGLV,EMC,SC103574,DRY,4,5/1/2026,6/30/2026,5/10/2026 3:45,1350,1350,0,0,1350,1350
USDAL,USLAX,CNTAO,"Dallas, TX, USDAL",LALB,"Qingdao, 37, CNTAO",KRPUS,YMJA,YML,51625,DRY,9,4/23/2026,5/15/2026,5/11/2026 4:10,1480,1480,123.14,123.14,1603.14,1603.14
USDAL,USLAX,CNTAO,"Dallas, TX, USDAL",LALB,"Qingdao, 37, CNTAO",SGSIN,YMJA,YML,51625,DRY,9,4/23/2026,5/15/2026,5/11/2026 4:10,1525,1525,274.53,274.53,1799.53,1799.53
USDAL,USLAX,CNTAO,"Dallas, TX, USDAL",LALB,"Qingdao, 37, CNTAO",KRPUS,YMJA,YML,51625,DRY,9,5/16/2026,6/30/2026,5/11/2026 4:10,1614,1614,123.14,123.14,1737.14,1737.14
USDAL,USLAX,CNTAO,"Dallas, TX, USDAL",LALB,"Qingdao, 37, CNTAO",SGSIN,YMJA,YML,51625,DRY,9,5/16/2026,6/30/2026,5/11/2026 4:10,1659,1659,274.53,274.53,1933.53,1933.53
USDAL,USLAX,CNTAZ,"Dallas, TX, USDAL",LALB,"Taizhou Pt, 33, CNTAZ",CNSHA,YMJA,YML,51625,DRY,9,4/23/2026,5/15/2026,5/11/2026 4:10,1480,1480,235.27,235.27,1715.27,1715.27
USDAL,USLAX,CNTAZ,"Dallas, TX, USDAL",LALB,"Taizhou Pt, 33, CNTAZ",CNSHA,YMJA,YML,51625,DRY,9,5/16/2026,6/30/2026,5/11/2026 4:10,1614,1614,235.27,235.27,1849.27,1849.27
USDAL,USLAX,CNTOL,"Dallas, TX, USDAL",LALB,"Tongling Pt, 34, CNTOL",CNSHA,YMJA,YML,51625,DRY,9,4/23/2026,5/15/2026,5/11/2026 4:10,1520,1520,235.27,235.27,1755.27,1755.27
USDAL,USLAX,CNTOL,"Dallas, TX, USDAL",LALB,"Tongling Pt, 34, CNTOL",CNSHA,YMJA,YML,51625,DRY,9,5/16/2026,6/30/2026,5/11/2026 4:10,1654,1654,235.27,235.27,1889.27,1889.27
USDAL,USLAX,CNTOL,"Dallas, TX, USDAL",LALB,"Tongling Pt, 34, CNTOL",CNTOL,CMDU,CMA,25-0720,DRY,12,4/18/2026,6/30/2026,5/11/2026 4:10,3280,3280,166.16,166.16,3446.16,3446.16
USDAL,USLGB,CNTXG,"Dallas, TX, USDAL",LALB,"Tianjin Xingang Pt, 12, CNTXG",CNTXG,OOLU,OOCL,MT256104,DRY,16,4/1/2026,6/30/2026,5/11/2026 4:10,885,885,166.6,166.6,1051.6,1051.6
USDAL,USLAX,CNTXG,"Dallas, TX, USDAL",LALB,"Tianjin Xingang Pt, 12, CNTXG",CNTXG,OOLU,OOCL,MT256104,DRY,16,4/1/2026,6/30/2026,5/11/2026 4:10,885,885,166.6,166.6,1051.6,1051.6
USDAL,USLAX,CNTXG,"Dallas, TX, USDAL",LALB,"Tianjin Xingang Pt, 12, CNTXG",CNTXG,YMJA,YML,51625,DRY,9,4/23/2026,5/15/2026,5/11/2026 4:10,950,950,235.27,235.27,1185.27,1185.27
USDAL,USLAX,CNTXG,"Dallas, TX, USDAL",LALB,"Tianjin Xingang Pt, 12, CNTXG",CNTXG,YMJA,YML,51625,DRY,9,5/16/2026,5/31/2026,5/11/2026 4:10,1084,1084,235.27,235.27,1319.27,1319.27
USDAL,USLAX,CNTXG,"Dallas, TX, USDAL",LALB,"Tianjin Xingang Pt, 12, CNTXG",CNTXG,YMJA,YML,51625,DRY,9,6/1/2026,6/30/2026,5/11/2026 4:10,1134,1134,235.27,235.27,1369.27,1369.27
USDAL,USLAX,CNTXG,"Dallas, TX, USDAL",LALB,"Tianjin Xingang Pt, 12, CNTXG",CNTXG,ONEY,ONE,CHIM354B25,DRY,15,5/6/2026,5/15/2026,5/11/2026 4:10,1140,1140,119.69,119.69,1259.69,1259.69
USDAL,USLAX,CNTXG,"Dallas, TX, USDAL",LALB,"Tianjin Xingang Pt, 12, CNTXG",CNTXG,ONEY,ONE,CHIM354B25,DRY,15,5/16/2026,6/30/2026,5/11/2026 4:10,1140,1140,119.69,119.69,1259.69,1259.69
USDAL,USLAX,CNTXG,"Dallas, TX, USDAL",LALB,"Tianjin Xingang Pt, 12, CNTXG",CNTXG,CMDU,CMA,25-0720,DRY,12,4/18/2026,6/30/2026,5/11/2026 4:10,1430,1430,166.16,166.16,1596.16,1596.16
USDAL,USLAX,CNTXG,"Dallas, TX, USDAL",LALB,"Tianjin Xingang Pt, 12, CNTXG",TWKHH,YMJA,YML,51625,DRY,9,5/16/2026,6/30/2026,5/11/2026 4:10,1435,1435,223.53,223.53,1658.53,1658.53
USDAL,USLAX,CNTXG,"Dallas, TX, USDAL",LALB,"Tianjin Xingang Pt, 12, CNTXG",TWKHH,YMJA,YML,51625,DRY,9,4/23/2026,5/15/2026,5/11/2026 4:10,1435,1435,223.53,223.53,1658.53,1658.53
USDAL,USLAX,CNTXG,"Dallas, TX, USDAL",LALB,"Tianjin Xingang Pt, 12, CNTXG",KRPUS,YMJA,YML,51625,DRY,9,4/23/2026,5/15/2026,5/11/2026 4:10,1500,1500,123.14,123.14,1623.14,1623.14
USDAL,USLAX,CNTXG,"Dallas, TX, USDAL",LALB,"Tianjin Xingang Pt, 12, CNTXG",KRPUS,YMJA,YML,51625,DRY,9,5/16/2026,6/30/2026,5/11/2026 4:10,1634,1634,123.14,123.14,1757.14,1757.14
USDAL,USLAX,CNWEI,"Dallas, TX, USDAL",LALB,"Weihai, 37, CNWEI",CNTAO,YMJA,YML,51625,DRY,9,4/23/2026,5/15/2026,5/11/2026 4:10,1560,1560,235.27,235.27,1795.27,1795.27
USDAL,USLAX,CNWEI,"Dallas, TX, USDAL",LALB,"Weihai, 37, CNWEI",CNTAO,YMJA,YML,51625,DRY,9,5/16/2026,6/30/2026,5/11/2026 4:10,1694,1694,235.27,235.27,1929.27,1929.27
USDAL,USLAX,CNWHG,"Dallas, TX, USDAL",LALB,"Wuhan Pt, 42, CNWHG",CNSHA,YMJA,YML,51625,DRY,9,4/23/2026,5/15/2026,5/11/2026 4:10,1620,1620,235.27,235.27,1855.27,1855.27
USDAL,USLAX,CNWHG,"Dallas, TX, USDAL",LALB,"Wuhan Pt, 42, CNWHG",CNWHG,CMDU,CMA,25-0720,DRY,12,4/18/2026,6/30/2026,5/11/2026 4:10,1680,1680,169.83,169.83,1849.83,1849.83
USDAL,USLAX,CNWHG,"Dallas, TX, USDAL",LALB,"Wuhan Pt, 42, CNWHG",CNSHA,YMJA,YML,51625,DRY,9,5/16/2026,6/30/2026,5/11/2026 4:10,1754,1754,235.27,235.27,1989.27,1989.27
USDAL,USLAX,CNWHI,"Dallas, TX, USDAL",LALB,"Wuhu Pt, 34, CNWHI",CNSHA,YMJA,YML,51625,DRY,9,4/23/2026,5/15/2026,5/11/2026 4:10,1480,1480,235.27,235.27,1715.27,1715.27
USDAL,USLAX,CNWHI,"Dallas, TX, USDAL",LALB,"Wuhu Pt, 34, CNWHI",CNSHA,YMJA,YML,51625,DRY,9,5/16/2026,6/30/2026,5/11/2026 4:10,1614,1614,235.27,235.27,1849.27,1849.27
USDAL,USLAX,CNWHI,"Dallas, TX, USDAL",LALB,"Wuhu Pt, 34, CNWHI",CNWHI,CMDU,CMA,25-0720,DRY,12,4/18/2026,6/30/2026,5/11/2026 4:10,2080,2080,169.83,169.83,2249.83,2249.83
USDAL,USLAX,CNWJA,"Dallas, TX, USDAL",LALB,"Wujiang, 32, CNWJA",CNSHA,YMJA,YML,51625,DRY,9,4/23/2026,5/15/2026,5/11/2026 4:10,1660,1660,235.27,235.27,1895.27,1895.27
USDAL,USLAX,CNWJA,"Dallas, TX, USDAL",LALB,"Wujiang, 32, CNWJA",CNSHA,YMJA,YML,51625,DRY,9,5/16/2026,6/30/2026,5/11/2026 4:10,1794,1794,235.27,235.27,2029.27,2029.27
USDAL,USLAX,CNWNZ,"Dallas, TX, USDAL",LALB,"Wenzhou Longwan, 33, CNWNZ",CNNBG,YMJA,YML,51625,DRY,9,4/23/2026,5/15/2026,5/11/2026 4:10,1520,1520,235.27,235.27,1755.27,1755.27
USDAL,USLAX,CNWNZ,"Dallas, TX, USDAL",LALB,"Wenzhou Longwan, 33, CNWNZ",CNSHA,YMJA,YML,51625,DRY,9,4/23/2026,5/15/2026,5/11/2026 4:10,1520,1520,235.27,235.27,1755.27,1755.27
USDAL,USLAX,CNWNZ,"Dallas, TX, USDAL",LALB,"Wenzhou Longwan, 33, CNWNZ",CNSHA,YMJA,YML,51625,DRY,9,5/16/2026,6/30/2026,5/11/2026 4:10,1654,1654,235.27,235.27,1889.27,1889.27
USDAL,USLAX,CNWNZ,"Dallas, TX, USDAL",LALB,"Wenzhou Longwan, 33, CNWNZ",CNNBG,YMJA,YML,51625,DRY,9,5/16/2026,6/30/2026,5/11/2026 4:10,1654,1654,235.27,235.27,1889.27,1889.27
USDAL,USLAX,CNWUH,"Dallas, TX, USDAL",LALB,"Wuhan Tianhe, 42, CNWUH",CNWUH,ONEY,ONE,CHIM354B25,DRY,15,5/16/2026,6/30/2026,5/11/2026 4:10,1450,1450,121.75,121.75,1571.75,1571.75
USDAL,USLAX,CNWUH,"Dallas, TX, USDAL",LALB,"Wuhan Tianhe, 42, CNWUH",CNWUH,ONEY,ONE,CHIM354B25,DRY,15,5/6/2026,5/15/2026,5/11/2026 4:10,1450,1450,121.75,121.75,1571.75,1571.75
USDAL,USLAX,CNWUH,"Dallas, TX, USDAL",LALB,"Wuhan Tianhe, 42, CNWUH",CNWUH,CMDU,CMA,25-0720,DRY,12,4/18/2026,6/30/2026,5/11/2026 4:10,1680,1680,169.83,169.83,1849.83,1849.83
USDAL,USLAX,CNWUZ,"Dallas, TX, USDAL",LALB,"Wuzhou Pt, 45, CNWUZ",CNWUZ,ONEY,ONE,CHIM354B25,DRY,15,5/6/2026,5/15/2026,5/11/2026 4:10,1740,1740,178.8,178.8,1918.8,1918.8
USDAL,USLAX,CNWUZ,"Dallas, TX, USDAL",LALB,"Wuzhou Pt, 45, CNWUZ",CNWUZ,ONEY,ONE,CHIM354B25,DRY,15,5/16/2026,6/30/2026,5/11/2026 4:10,1740,1740,178.8,178.8,1918.8,1918.8
USDAL,USLAX,CNXIA,"Dallas, TX, USDAL",LALB,"Xian, 33, CNXIA",CNSHA,YMJA,YML,51625,DRY,9,4/23/2026,5/15/2026,5/11/2026 4:10,3425,3425,235.27,235.27,3660.27,3660.27
USDAL,USLAX,CNXIA,"Dallas, TX, USDAL",LALB,"Xian, 33, CNXIA",CNSHA,YMJA,YML,51625,DRY,9,5/16/2026,6/30/2026,5/11/2026 4:10,3559,3559,235.27,235.27,3794.27,3794.27
USDAL,USLAX,CNXIN,"Dallas, TX, USDAL",LALB,"Xinhui Pt, 44, CNXIN",CNXIN,CMDU,CMA,25-0720,DRY,12,4/18/2026,6/30/2026,5/11/2026 4:10,2280,2280,166.16,166.16,2446.16,2446.16
USDAL,USLAX,CNXMN,"Dallas, TX, USDAL",LALB,"Xiamen, 35, CNXMN",CNXMN,OOLU,OOCL,MT256104,DRY,16,4/1/2026,6/30/2026,5/10/2026 3:45,660,660,0,0,660,660
USDAL,USLGB,CNXMN,"Dallas, TX, USDAL",LALB,"Xiamen, 35, CNXMN",CNXMN,OOLU,OOCL,MT256104,DRY,16,4/1/2026,6/30/2026,5/10/2026 3:45,660,660,0,0,660,660
USDAL,USLAX,CNXMN,"Dallas, TX, USDAL",LALB,"Xiamen, 35, CNXMN",CNXMN,YMJA,YML,51625,DRY,9,4/23/2026,5/15/2026,5/11/2026 4:10,850,850,235.27,235.27,1085.27,1085.27
USDAL,USLAX,CNXMN,"Dallas, TX, USDAL",LALB,"Xiamen, 35, CNXMN",CNXMN,YMJA,YML,51625,DRY,9,5/16/2026,6/30/2026,5/11/2026 4:10,984,984,235.27,235.27,1219.27,1219.27
USDAL,USLAX,CNXMN,"Dallas, TX, USDAL",LALB,"Xiamen, 35, CNXMN",CNXMN,YMJA,YML,51625,DRY,9,4/23/2026,5/15/2026,5/11/2026 4:10,1150,1150,235.27,235.27,1385.27,1385.27
USDAL,USLAX,CNXMN,"Dallas, TX, USDAL",LALB,"Xiamen, 35, CNXMN",CNXMN,CMDU,CMA,25-0720,DRY,12,4/18/2026,6/30/2026,5/11/2026 4:10,1230,1230,166.16,166.16,1396.16,1396.16
USDAL,USLAX,CNXMN,"Dallas, TX, USDAL",LALB,"Xiamen, 35, CNXMN",CNXMN,YMJA,YML,51625,DRY,9,5/16/2026,6/30/2026,5/11/2026 4:10,1284,1284,235.27,235.27,1519.27,1519.27
USDAL,USLAX,CNXMN,"Dallas, TX, USDAL",LALB,"Xiamen, 35, CNXMN",KRPUS,YMJA,YML,51625,DRY,9,4/23/2026,5/15/2026,5/11/2026 4:10,1345,1345,123.14,123.14,1468.14,1468.14
USDAL,USLAX,CNXMN,"Dallas, TX, USDAL",LALB,"Xiamen, 35, CNXMN",CNXMN,ONEY,ONE,CHIM354B25,DRY,15,5/6/2026,5/15/2026,5/11/2026 4:10,1410,1410,126.6,126.6,1536.6,1536.6
USDAL,USLAX,CNXMN,"Dallas, TX, USDAL",LALB,"Xiamen, 35, CNXMN",CNXMN,ONEY,ONE,CHIM354B25,DRY,15,5/16/2026,6/30/2026,5/11/2026 4:10,1410,1410,126.6,126.6,1536.6,1536.6
USDAL,USLAX,CNXMN,"Dallas, TX, USDAL",LALB,"Xiamen, 35, CNXMN",KRPUS,YMJA,YML,51625,DRY,9,5/16/2026,6/30/2026,5/11/2026 4:10,1479,1479,123.14,123.14,1602.14,1602.14
USDAL,USLAX,CNXMN,"Dallas, TX, USDAL",LALB,"Xiamen, 35, CNXMN",TWKHH,YMJA,YML,51625,DRY,9,5/16/2026,6/30/2026,5/11/2026 4:10,1485,1485,223.53,223.53,1708.53,1708.53
USDAL,USLAX,CNXMN,"Dallas, TX, USDAL",LALB,"Xiamen, 35, CNXMN",TWKHH,YMJA,YML,51625,DRY,9,4/23/2026,5/15/2026,5/11/2026 4:10,1485,1485,223.53,223.53,1708.53,1708.53
USDAL,USLAX,CNXMN,"Dallas, TX, USDAL",LALB,"Xiamen, 35, CNXMN",CNXMG,EGLV,EMC,SC103574,DRY,4,5/1/2026,6/30/2026,5/10/2026 3:45,1500,1500,0,0,1500,1500
USDAL,USLAX,CNYBN,"Dallas, TX, USDAL",LALB,"Yibin, 51, CNYBN",CNSHA,YMJA,YML,51625,DRY,9,4/23/2026,5/15/2026,5/11/2026 4:10,2150,2150,235.27,235.27,2385.27,2385.27
USDAL,USLAX,CNYBN,"Dallas, TX, USDAL",LALB,"Yibin, 51, CNYBN",CNSHA,YMJA,YML,51625,DRY,9,5/16/2026,6/30/2026,5/11/2026 4:10,2284,2284,235.27,235.27,2519.27,2519.27
USDAL,USLAX,CNYIC,"Dallas, TX, USDAL",LALB,"Yichang, 42, CNYIC",CNSHA,YMJA,YML,51625,DRY,9,4/23/2026,5/15/2026,5/11/2026 4:10,1730,1730,235.27,235.27,1965.27,1965.27
USDAL,USLAX,CNYIC,"Dallas, TX, USDAL",LALB,"Yichang, 42, CNYIC",CNSHA,YMJA,YML,51625,DRY,9,5/16/2026,6/30/2026,5/11/2026 4:10,1864,1864,235.27,235.27,2099.27,2099.27
USDAL,USLAX,CNYNT,"Dallas, TX, USDAL",LALB,"Yantai Laishan, 37, CNYNT",CNYNT,ONEY,ONE,CHIM354B25,DRY,15,5/6/2026,5/15/2026,5/11/2026 4:10,1410,1410,122.49,122.49,1532.49,1532.49
USDAL,USLAX,CNYNT,"Dallas, TX, USDAL",LALB,"Yantai Laishan, 37, CNYNT",CNYNT,ONEY,ONE,CHIM354B25,DRY,15,5/16/2026,6/30/2026,5/11/2026 4:10,1410,1410,122.49,122.49,1532.49,1532.49
USDAL,USLAX,CNYNT,"Dallas, TX, USDAL",LALB,"Yantai Laishan, 37, CNYNT",CNTAO,YMJA,YML,51625,DRY,9,4/23/2026,5/15/2026,5/11/2026 4:10,1480,1480,235.27,235.27,1715.27,1715.27
USDAL,USLAX,CNYNT,"Dallas, TX, USDAL",LALB,"Yantai Laishan, 37, CNYNT",CNTAO,YMJA,YML,51625,DRY,9,5/16/2026,6/30/2026,5/11/2026 4:10,1614,1614,235.27,235.27,1849.27,1849.27
USDAL,USLAX,CNYPG,"Dallas, TX, USDAL",LALB,"Yangpu Pt, 46, CNYPG",CNYPG,OOLU,OOCL,MT256104,DRY,16,4/1/2026,6/30/2026,5/10/2026 3:45,660,660,0,0,660,660
USDAL,USLGB,CNYPG,"Dallas, TX, USDAL",LALB,"Yangpu Pt, 46, CNYPG",CNYPG,OOLU,OOCL,MT256104,DRY,16,4/1/2026,6/30/2026,5/10/2026 3:45,660,660,0,0,660,660
USDAL,USLAX,CNYTN,"Dallas, TX, USDAL",LALB,"Yantian Pt, 44, CNYTN",CNYTN,OOLU,OOCL,MT256104,DRY,16,4/1/2026,6/30/2026,5/11/2026 4:10,660,660,166.6,166.6,826.6,826.6
USDAL,USLGB,CNYTN,"Dallas, TX, USDAL",LALB,"Yantian Pt, 44, CNYTN",CNYTN,OOLU,OOCL,MT256104,DRY,16,4/1/2026,6/30/2026,5/11/2026 4:10,660,660,166.6,166.6,826.6,826.6
USDAL,USLAX,CNYTN,"Dallas, TX, USDAL",LALB,"Yantian Pt, 44, CNYTN",CNYTN,YMJA,YML,51625,DRY,9,4/23/2026,5/15/2026,5/11/2026 4:10,850,850,235.27,235.27,1085.27,1085.27
USDAL,USLAX,CNYTN,"Dallas, TX, USDAL",LALB,"Yantian Pt, 44, CNYTN",CNYTN,YMJA,YML,51625,DRY,9,5/16/2026,6/30/2026,5/11/2026 4:10,984,984,235.27,235.27,1219.27,1219.27
USDAL,USLAX,CNYTN,"Dallas, TX, USDAL",LALB,"Yantian Pt, 44, CNYTN",CNYTN,YMJA,YML,51625,DRY,9,4/23/2026,5/15/2026,5/11/2026 4:10,1150,1150,235.27,235.27,1385.27,1385.27
USDAL,USLAX,CNYTN,"Dallas, TX, USDAL",LALB,"Yantian Pt, 44, CNYTN",CNYTN,ONEY,ONE,CHIM354B25,DRY,15,5/16/2026,6/30/2026,5/11/2026 4:10,1150,1150,178.8,178.8,1328.8,1328.8
USDAL,USLAX,CNYTN,"Dallas, TX, USDAL",LALB,"Yantian Pt, 44, CNYTN",CNYTN,ONEY,ONE,CHIM354B25,DRY,15,5/6/2026,5/15/2026,5/11/2026 4:10,1150,1150,178.8,178.8,1328.8,1328.8
USDAL,USLAX,CNYTN,"Dallas, TX, USDAL",LALB,"Yantian Pt, 44, CNYTN",CNYTN,CMDU,CMA,25-0720,DRY,12,4/18/2026,6/30/2026,5/11/2026 4:10,1230,1230,166.16,166.16,1396.16,1396.16
USDAL,USLAX,CNYTN,"Dallas, TX, USDAL",LALB,"Yantian Pt, 44, CNYTN",CNYTN,YMJA,YML,51625,DRY,9,5/16/2026,6/30/2026,5/11/2026 4:10,1284,1284,235.27,235.27,1519.27,1519.27
USDAL,USLAX,CNYTN,"Dallas, TX, USDAL",LALB,"Yantian Pt, 44, CNYTN",KRPUS,YMJA,YML,51625,DRY,9,4/23/2026,5/15/2026,5/11/2026 4:10,1330,1330,123.14,123.14,1453.14,1453.14
USDAL,USLAX,CNYTN,"Dallas, TX, USDAL",LALB,"Yantian Pt, 44, CNYTN",KRPUS,YMJA,YML,51625,DRY,9,5/16/2026,6/30/2026,5/11/2026 4:10,1464,1464,123.14,123.14,1587.14,1587.14
USDAL,USLAX,CNYTN,"Dallas, TX, USDAL",LALB,"Yantian Pt, 44, CNYTN",CNYTN,EGLV,EMC,SC103574,DRY,4,5/1/2026,6/30/2026,5/10/2026 3:45,1500,1500,0,0,1500,1500
USDAL,USLAX,CNYYA,"Dallas, TX, USDAL",LALB,"Yueyang, 50, CNYYA",CNYYA,CMDU,CMA,25-0720,DRY,12,4/18/2026,6/30/2026,5/11/2026 4:10,1580,1580,169.83,169.83,1749.83,1749.83
USDAL,USLAX,CNYYA,"Dallas, TX, USDAL",LALB,"Yueyang, 50, CNYYA",CNYYA,ONEY,ONE,CHIM354B25,DRY,15,5/16/2026,6/30/2026,5/11/2026 4:10,1725,1725,126.6,126.6,1851.6,1851.6
USDAL,USLAX,CNYYA,"Dallas, TX, USDAL",LALB,"Yueyang, 50, CNYYA",CNYYA,ONEY,ONE,CHIM354B25,DRY,15,5/6/2026,5/15/2026,5/11/2026 4:10,1725,1725,126.6,126.6,1851.6,1851.6
USDAL,USLAX,CNYYA,"Dallas, TX, USDAL",LALB,"Yueyang, 50, CNYYA",CNSHA,YMJA,YML,51625,DRY,9,4/23/2026,5/15/2026,5/11/2026 4:10,1730,1730,235.27,235.27,1965.27,1965.27
USDAL,USLAX,CNYYA,"Dallas, TX, USDAL",LALB,"Yueyang, 50, CNYYA",CNSHA,YMJA,YML,51625,DRY,9,5/16/2026,6/30/2026,5/11/2026 4:10,1864,1864,235.27,235.27,2099.27,2099.27
USDAL,USLAX,CNYZH,"Dallas, TX, USDAL",LALB,"Yangzhou Pt, 32, CNYZH",CNSHA,YMJA,YML,51625,DRY,9,4/23/2026,5/15/2026,5/11/2026 4:10,1480,1480,235.27,235.27,1715.27,1715.27
USDAL,USLAX,CNYZH,"Dallas, TX, USDAL",LALB,"Yangzhou Pt, 32, CNYZH",CNSHA,YMJA,YML,51625,DRY,9,5/16/2026,6/30/2026,5/11/2026 4:10,1614,1614,235.27,235.27,1849.27,1849.27
USDAL,USLAX,CNZAP,"Dallas, TX, USDAL",LALB,"Zhapu, 33, CNZAP",CNNBG,YMJA,YML,51625,DRY,9,4/23/2026,5/15/2026,5/11/2026 4:10,1430,1430,235.27,235.27,1665.27,1665.27
USDAL,USLAX,CNZAP,"Dallas, TX, USDAL",LALB,"Zhapu, 33, CNZAP",CNNBG,YMJA,YML,51625,DRY,9,5/16/2026,6/30/2026,5/11/2026 4:10,1564,1564,235.27,235.27,1799.27,1799.27
USDAL,USLAX,CNZHA,"Dallas, TX, USDAL",LALB,"Zhanjiang Potou Apt, 44, CNZHA",CNZHA,CMDU,CMA,25-0720,DRY,12,4/18/2026,6/30/2026,5/11/2026 4:10,1930,1930,169.83,169.83,2099.83,2099.83
USDAL,USLAX,CNZHE,"Dallas, TX, USDAL",LALB,"Zhenjiang Pt, 32, CNZHE",CNSHA,YMJA,YML,51625,DRY,9,4/23/2026,5/15/2026,5/11/2026 4:10,1450,1450,235.27,235.27,1685.27,1685.27
USDAL,USLAX,CNZHE,"Dallas, TX, USDAL",LALB,"Zhenjiang Pt, 32, CNZHE",CNSHA,YMJA,YML,51625,DRY,9,5/16/2026,6/30/2026,5/11/2026 4:10,1584,1584,235.27,235.27,1819.27,1819.27
USDAL,USLAX,CNZJG,"Dallas, TX, USDAL",LALB,"Zhangjiagang, 32, CNZJG",CNZJG,ONEY,ONE,CHIM354B25,DRY,15,5/6/2026,5/15/2026,5/11/2026 4:10,1220,1220,121.75,121.75,1341.75,1341.75
USDAL,USLAX,CNZJG,"Dallas, TX, USDAL",LALB,"Zhangjiagang, 32, CNZJG",CNZJG,ONEY,ONE,CHIM354B25,DRY,15,5/16/2026,6/30/2026,5/11/2026 4:10,1220,1220,121.75,121.75,1341.75,1341.75
USDAL,USLAX,CNZJG,"Dallas, TX, USDAL",LALB,"Zhangjiagang, 32, CNZJG",CNSHA,YMJA,YML,51625,DRY,9,4/23/2026,5/15/2026,5/11/2026 4:10,1480,1480,235.27,235.27,1715.27,1715.27
USDAL,USLAX,CNZJG,"Dallas, TX, USDAL",LALB,"Zhangjiagang, 32, CNZJG",CNSHA,YMJA,YML,51625,DRY,9,5/16/2026,6/30/2026,5/11/2026 4:10,1614,1614,235.27,235.27,1849.27,1849.27
USDAL,USLAX,CNZJG,"Dallas, TX, USDAL",LALB,"Zhangjiagang, 32, CNZJG",CNZJG,CMDU,CMA,25-0720,DRY,12,4/18/2026,6/30/2026,5/11/2026 4:10,1930,1930,169.83,169.83,2099.83,2099.83
USDAL,USLAX,CNZNG,"Dallas, TX, USDAL",LALB,"Zhanjiang Pt, 44, CNZNG",CNZNG,CMDU,CMA,25-0720,DRY,12,4/18/2026,6/30/2026,5/11/2026 4:10,1930,1930,169.83,169.83,2099.83,2099.83
USDAL,USLAX,CNZSN,"Dallas, TX, USDAL",LALB,"Zhongshan Pt, 44, CNZSN",CNZSN,ONEY,ONE,CHIM354B25,DRY,15,5/16/2026,6/30/2026,5/11/2026 4:10,1325,1325,178.8,178.8,1503.8,1503.8
USDAL,USLAX,CNZSN,"Dallas, TX, USDAL",LALB,"Zhongshan Pt, 44, CNZSN",CNZSN,ONEY,ONE,CHIM354B25,DRY,15,5/6/2026,5/15/2026,5/11/2026 4:10,1325,1325,178.8,178.8,1503.8,1503.8
USDAL,USLAX,CNZSN,"Dallas, TX, USDAL",LALB,"Zhongshan Pt, 44, CNZSN",CNZSN,CMDU,CMA,25-0720,DRY,12,4/18/2026,6/30/2026,5/11/2026 4:10,2080,2080,166.16,166.16,2246.16,2246.16
USDAL,USLAX,CNZUH,"Dallas, TX, USDAL",LALB,"Zhuhai Pt, 44, CNZUH",CNZUH,ONEY,ONE,CHIM354B25,DRY,15,5/6/2026,5/15/2026,5/11/2026 4:10,1790,1790,178.8,178.8,1968.8,1968.8
USDAL,USLAX,CNZUH,"Dallas, TX, USDAL",LALB,"Zhuhai Pt, 44, CNZUH",CNZUH,ONEY,ONE,CHIM354B25,DRY,15,5/16/2026,6/30/2026,5/11/2026 4:10,1790,1790,178.8,178.8,1968.8,1968.8
USDAL,USLAX,CNZUH,"Dallas, TX, USDAL",LALB,"Zhuhai Pt, 44, CNZUH",CNZUH,CMDU,CMA,25-0720,DRY,12,4/18/2026,6/30/2026,5/11/2026 4:10,1930,1930,166.16,166.16,2096.16,2096.16
USDAL,USLAX,COBUN,"Dallas, TX, USDAL",LALB,"Buenaventura, , COBUN",COBUN,ONEY,ONE,CHIM354B25,DRY,15,5/16/2026,6/30/2026,5/7/2026 4:10,2425,2425,141,141,2566,2566
USDAL,USLAX,COBUN,"Dallas, TX, USDAL",LALB,"Buenaventura, , COBUN",COBUN,ONEY,ONE,CHIM354B25,DRY,15,5/6/2026,5/15/2026,5/7/2026 4:10,2425,2425,141,141,2566,2566
USDAL,USLAX,CRCAL,"Dallas, TX, USDAL",LALB,"Caldera, P, CRCAL",CRCAL,ONEY,ONE,CHIM354B25,DRY,15,5/16/2026,6/30/2026,5/7/2026 4:10,2425,2425,245,245,2670,2670
USDAL,USLAX,CRCAL,"Dallas, TX, USDAL",LALB,"Caldera, P, CRCAL",CRCAL,ONEY,ONE,CHIM354B25,DRY,15,5/6/2026,5/15/2026,5/7/2026 4:10,2425,2425,245,245,2670,2670
USDAL,USHOU,DJJIB,"Dallas, TX, USDAL","Houston, TX, USHOU","Djibouti, , DJJIB",DJJIB,CMDU,CMA,25-0720,DRY,12,4/18/2026,6/30/2026,5/5/2026 4:10,5782,5782,166,166,5948,5948
USDAL,USHOU,DZALG,"Dallas, TX, USDAL","Houston, TX, USHOU","Alger (Algiers), 16, DZALG",DZALG,MAEU,Maersk,300094432,DRY,0,4/1/2026,9/30/2026,5/11/2026 4:10,3216,3216,21.5,21.5,3237.5,3237.5
USDAL,USLAX,ECGYE,"Dallas, TX, USDAL",LALB,"Guayaquil, G, ECGYE",ECGYE,ONEY,ONE,CHIM354B25,DRY,15,5/6/2026,5/15/2026,5/7/2026 4:10,1410,1410,410,310,1820,1720
USDAL,USLAX,ECGYE,"Dallas, TX, USDAL",LALB,"Guayaquil, G, ECGYE",ECGYE,ONEY,ONE,CHIM354B25,DRY,15,5/16/2026,6/30/2026,5/7/2026 4:10,1410,1410,410,310,1820,1720
USDAL,USHOU,ECGYE,"Dallas, TX, USDAL","Houston, TX, USHOU","Guayaquil, G, ECGYE",ECGYE,MSCU,MSC,25-348WCSA,DRY,7,5/1/2026,5/31/2026,5/10/2026 4:10,2753,2753,200,200,2953,2953
USDAL,USHOU,ECGYE,"Dallas, TX, USDAL","Houston, TX, USHOU","Guayaquil, G, ECGYE",ECGYE,MSCU,MSC,25-348WCSA,DRY,7,6/1/2026,6/30/2026,5/10/2026 4:10,3327,3327,200,200,3527,3527
USDAL,USHOU,ECPSJ,"Dallas, TX, USDAL","Houston, TX, USHOU","Posorja, G, ECPSJ",ECPSJ,MAEU,Maersk,300094432,DRY,0,4/1/2026,9/30/2026,3/25/2026 4:10,2080,2080,285,285,2365,2365
USDAL,USSAV,EGALY,"Dallas, TX, USDAL","Savannah, GA, USSAV","Alexandria, , EGALY",EGALY,ONEY,ONE,CHIM354B25,DRY,15,5/16/2026,6/30/2026,5/7/2026 3:45,3750,3750,0,0,3750,3750
USDAL,USSAV,EGALY,"Dallas, TX, USDAL","Savannah, GA, USSAV","Alexandria, , EGALY",EGALY,ONEY,ONE,CHIM354B25,DRY,15,5/6/2026,5/15/2026,5/7/2026 3:45,3750,3750,0,0,3750,3750
USDAL,USSAV,EGDAM,"Dallas, TX, USDAL","Savannah, GA, USSAV","Damietta, , EGDAM",EGDAM,ONEY,ONE,CHIM354B25,DRY,15,5/6/2026,5/15/2026,5/7/2026 3:45,3750,3750,0,0,3750,3750
USDAL,USSAV,EGDAM,"Dallas, TX, USDAL","Savannah, GA, USSAV","Damietta, , EGDAM",EGDAM,ONEY,ONE,CHIM354B25,DRY,15,5/16/2026,6/30/2026,5/7/2026 3:45,3750,3750,0,0,3750,3750
USDAL,USSAV,EGEDK,"Dallas, TX, USDAL","Savannah, GA, USSAV","El Dekheila, , EGEDK",EGEDK,OOLU,OOCL,MT256104,DRY,16,4/1/2026,6/30/2026,5/10/2026 3:45,2685,2685,0,0,2685,2685
USDAL,USSAV,ESALG,"Dallas, TX, USDAL","Savannah, GA, USSAV","Algeciras, , ESALG",ESALG,ONEY,ONE,CHIM354B25,DRY,15,5/6/2026,5/15/2026,5/11/2026 4:10,2768,2768,392.84,392.84,3160.84,3160.84
USDAL,USSAV,ESALG,"Dallas, TX, USDAL","Savannah, GA, USSAV","Algeciras, , ESALG",ESALG,ONEY,ONE,CHIM354B25,DRY,15,5/16/2026,6/30/2026,5/11/2026 4:10,2768,2768,392.84,392.84,3160.84,3160.84
USDAL,USSAV,ESBCN,"Dallas, TX, USDAL","Savannah, GA, USSAV","Barcelona, , ESBCN",ESBCN,ONEY,ONE,CHIM354B25,DRY,15,5/16/2026,6/30/2026,5/11/2026 4:10,3118,3118,423.06,423.06,3541.06,3541.06
USDAL,USSAV,ESBCN,"Dallas, TX, USDAL","Savannah, GA, USSAV","Barcelona, , ESBCN",ESBCN,ONEY,ONE,CHIM354B25,DRY,15,5/6/2026,5/15/2026,5/11/2026 4:10,3118,3118,423.06,423.06,3541.06,3541.06
USDAL,USSAV,ESVLC,"Dallas, TX, USDAL","Savannah, GA, USSAV","Valencia, , ESVLC",ESVLC,ONEY,ONE,CHIM354B25,DRY,15,5/16/2026,6/30/2026,5/11/2026 4:10,3243,3243,427.75,427.75,3670.75,3670.75
USDAL,USSAV,ESVLC,"Dallas, TX, USDAL","Savannah, GA, USSAV","Valencia, , ESVLC",ESVLC,ONEY,ONE,CHIM354B25,DRY,15,5/6/2026,5/15/2026,5/11/2026 4:10,3243,3243,427.75,427.75,3670.75,3670.75
USDAL,USLAX,GTPRQ,"Dallas, TX, USDAL",LALB,"Puerto Quetzal, , GTPRQ",GTPRQ,ONEY,ONE,CHIM354B25,DRY,15,5/6/2026,5/15/2026,5/7/2026 4:10,1600,1600,683,683,2283,2283
USDAL,USLAX,GTPRQ,"Dallas, TX, USDAL",LALB,"Puerto Quetzal, , GTPRQ",GTPRQ,ONEY,ONE,CHIM354B25,DRY,15,5/16/2026,6/30/2026,5/7/2026 4:10,1600,1600,683,683,2283,2283
USDAL,USLAX,IDBLW,"Dallas, TX, USDAL",LALB,"Belawan, , IDBLW",IDBLW,OOLU,OOCL,MT256104,DRY,16,4/1/2026,6/30/2026,5/10/2026 4:10,1135,1135,145,145,1280,1280
USDAL,USLGB,IDBLW,"Dallas, TX, USDAL",LALB,"Belawan, , IDBLW",IDBLW,OOLU,OOCL,MT256104,DRY,16,4/1/2026,6/30/2026,5/10/2026 4:10,1135,1135,145,145,1280,1280
USDAL,USLAX,IDBLW,"Dallas, TX, USDAL",LALB,"Belawan, , IDBLW",IDBLW,EGLV,EMC,SC103574,DRY,4,5/1/2026,6/30/2026,5/10/2026 4:10,1700,1700,145,145,1845,1845
USDAL,USLAX,IDBLW,"Dallas, TX, USDAL",LALB,"Belawan, , IDBLW",IDBLW,ONEY,ONE,CHIM354B25,DRY,15,5/16/2026,6/30/2026,5/11/2026 4:10,1735,1735,490.28,490.28,2225.28,2225.28
USDAL,USLAX,IDBLW,"Dallas, TX, USDAL",LALB,"Belawan, , IDBLW",IDBLW,ONEY,ONE,CHIM354B25,DRY,15,5/6/2026,5/15/2026,5/11/2026 4:10,1735,1735,490.28,490.28,2225.28,2225.28
USDAL,USLAX,IDBLW,"Dallas, TX, USDAL",LALB,"Belawan, , IDBLW",SGSIN,YMJA,YML,51625,DRY,9,4/23/2026,5/15/2026,5/11/2026 4:10,2055,2055,274.53,274.53,2329.53,2329.53
USDAL,USLAX,IDBLW,"Dallas, TX, USDAL",LALB,"Belawan, , IDBLW",CNSHA,YMJA,YML,51625,DRY,9,4/23/2026,5/15/2026,5/11/2026 4:10,2055,2055,235.27,235.27,2290.27,2290.27
USDAL,USLAX,IDBLW,"Dallas, TX, USDAL",LALB,"Belawan, , IDBLW",CNSHA,YMJA,YML,51625,DRY,9,5/16/2026,6/30/2026,5/11/2026 4:10,2189,2189,235.27,235.27,2424.27,2424.27
USDAL,USLAX,IDBLW,"Dallas, TX, USDAL",LALB,"Belawan, , IDBLW",SGSIN,YMJA,YML,51625,DRY,9,5/16/2026,6/30/2026,5/11/2026 4:10,2189,2189,274.53,274.53,2463.53,2463.53
USDAL,USHOU,IDBLW,"Dallas, TX, USDAL","Houston, TX, USHOU","Belawan, , IDBLW",IDBLW,MSCU,MSC,25-348WCSA,DRY,7,5/1/2026,5/31/2026,5/10/2026 4:10,2932,2932,165,165,3097,3097
USDAL,USHOU,IDBLW,"Dallas, TX, USDAL","Houston, TX, USHOU","Belawan, , IDBLW",IDBLW,MSCU,MSC,25-348WCSA,DRY,7,6/1/2026,6/30/2026,5/10/2026 4:10,2972,2972,165,165,3137,3137
USDAL,USLAX,IDBLW,"Dallas, TX, USDAL",LALB,"Belawan, , IDBLW",IDBLW,CMDU,CMA,25-0720,DRY,12,4/18/2026,6/30/2026,5/5/2026 4:10,3480,3480,145,145,3625,3625
USDAL,USLGB,IDCKR,"Dallas, TX, USDAL",LALB,"Cikarang, JB, IDCKR",IDCKR,OOLU,OOCL,MT256104,DRY,16,4/1/2026,6/30/2026,5/10/2026 4:10,1335,1335,145,145,1480,1480
USDAL,USLAX,IDCKR,"Dallas, TX, USDAL",LALB,"Cikarang, JB, IDCKR",IDCKR,OOLU,OOCL,MT256104,DRY,16,4/1/2026,6/30/2026,5/10/2026 4:10,1335,1335,145,145,1480,1480
USDAL,USLAX,IDCKR,"Dallas, TX, USDAL",LALB,"Cikarang, JB, IDCKR",IDCKR,ONEY,ONE,CHIM354B25,DRY,15,5/6/2026,5/15/2026,5/11/2026 4:10,2010,2010,490.28,490.28,2500.28,2500.28
USDAL,USLAX,IDCKR,"Dallas, TX, USDAL",LALB,"Cikarang, JB, IDCKR",IDCKR,ONEY,ONE,CHIM354B25,DRY,15,5/16/2026,6/30/2026,5/11/2026 4:10,2010,2010,490.28,490.28,2500.28,2500.28
USDAL,USLAX,IDJBK,"Dallas, TX, USDAL",LALB,"Jababeka, , IDJBK",IDJKT,CMDU,CMA,25-0720,DRY,12,4/18/2026,6/30/2026,5/5/2026 4:10,2280,2280,165,165,2445,2445
USDAL,USLAX,IDJKT,"Dallas, TX, USDAL",LALB,"Jakarta, JK, IDJKT",IDJKT,OOLU,OOCL,MT256104,DRY,16,4/1/2026,6/30/2026,5/10/2026 4:10,1135,1135,145,145,1280,1280
USDAL,USLGB,IDJKT,"Dallas, TX, USDAL",LALB,"Jakarta, JK, IDJKT",IDJKT,OOLU,OOCL,MT256104,DRY,16,4/1/2026,6/30/2026,5/10/2026 4:10,1135,1135,145,145,1280,1280
USDAL,USLAX,IDJKT,"Dallas, TX, USDAL",LALB,"Jakarta, JK, IDJKT",IDJKT,YMJA,YML,51625,DRY,9,4/23/2026,5/15/2026,5/10/2026 3:45,1150,1150,0,0,1150,1150
USDAL,USLAX,IDJKT,"Dallas, TX, USDAL",LALB,"Jakarta, JK, IDJKT",IDJKT,YMJA,YML,51625,DRY,9,4/23/2026,5/15/2026,5/10/2026 4:10,1150,1150,145,145,1295,1295
USDAL,USLAX,IDJKT,"Dallas, TX, USDAL",LALB,"Jakarta, JK, IDJKT",IDJKT,YMJA,YML,51625,DRY,9,5/16/2026,6/30/2026,5/10/2026 4:10,1284,1284,145,145,1429,1429
USDAL,USLAX,IDJKT,"Dallas, TX, USDAL",LALB,"Jakarta, JK, IDJKT",IDJKT,YMJA,YML,51625,DRY,9,5/16/2026,6/30/2026,5/10/2026 3:45,1284,1284,0,0,1284,1284
USDAL,USLAX,IDJKT,"Dallas, TX, USDAL",LALB,"Jakarta, JK, IDJKT",IDJKT,ONEY,ONE,CHIM354B25,DRY,15,5/16/2026,6/30/2026,5/11/2026 4:10,1510,1510,490.28,490.28,2000.28,2000.28
USDAL,USLAX,IDJKT,"Dallas, TX, USDAL",LALB,"Jakarta, JK, IDJKT",IDJKT,ONEY,ONE,CHIM354B25,DRY,15,5/6/2026,5/15/2026,5/11/2026 4:10,1510,1510,490.28,490.28,2000.28,2000.28
USDAL,USLAX,IDJKT,"Dallas, TX, USDAL",LALB,"Jakarta, JK, IDJKT",IDJKT,EGLV,EMC,SC103574,DRY,4,5/1/2026,6/30/2026,5/10/2026 4:10,1700,1700,145,145,1845,1845
USDAL,USLAX,IDJKT,"Dallas, TX, USDAL",LALB,"Jakarta, JK, IDJKT",SGSIN,YMJA,YML,51625,DRY,9,4/23/2026,5/15/2026,5/11/2026 4:10,1750,1750,274.53,274.53,2024.53,2024.53
USDAL,USLAX,IDJKT,"Dallas, TX, USDAL",LALB,"Jakarta, JK, IDJKT",CNSHA,YMJA,YML,51625,DRY,9,4/23/2026,5/15/2026,5/11/2026 4:10,1750,1750,235.27,235.27,1985.27,1985.27
USDAL,USLAX,IDJKT,"Dallas, TX, USDAL",LALB,"Jakarta, JK, IDJKT",SGSIN,YMJA,YML,51625,DRY,9,5/16/2026,6/30/2026,5/11/2026 4:10,1884,1884,274.53,274.53,2158.53,2158.53
USDAL,USLAX,IDJKT,"Dallas, TX, USDAL",LALB,"Jakarta, JK, IDJKT",CNSHA,YMJA,YML,51625,DRY,9,5/16/2026,6/30/2026,5/11/2026 4:10,1884,1884,235.27,235.27,2119.27,2119.27
USDAL,USLAX,IDJKT,"Dallas, TX, USDAL",LALB,"Jakarta, JK, IDJKT",IDJKT,CMDU,CMA,25-0720,DRY,12,4/18/2026,6/30/2026,5/5/2026 4:10,1980,1980,165,165,2145,2145
USDAL,USSAV,IDJKT,"Dallas, TX, USDAL","Savannah, GA, USSAV","Jakarta, JK, IDJKT",IDJKT,ONEY,ONE,CHIM354B25,DRY,15,5/6/2026,5/15/2026,5/11/2026 4:10,2760,2760,490.28,490.28,3250.28,3250.28
USDAL,USSAV,IDJKT,"Dallas, TX, USDAL","Savannah, GA, USSAV","Jakarta, JK, IDJKT",IDJKT,ONEY,ONE,CHIM354B25,DRY,15,5/16/2026,6/30/2026,5/11/2026 4:10,2760,2760,490.28,490.28,3250.28,3250.28
USDAL,USHOU,IDJKT,"Dallas, TX, USDAL","Houston, TX, USHOU","Jakarta, JK, IDJKT",IDJKT,MSCU,MSC,25-348WCSA,DRY,7,5/1/2026,5/31/2026,5/10/2026 4:10,2932,2932,165,165,3097,3097
USDAL,USHOU,IDJKT,"Dallas, TX, USDAL","Houston, TX, USHOU","Jakarta, JK, IDJKT",IDJKT,MSCU,MSC,25-348WCSA,DRY,7,6/1/2026,6/30/2026,5/10/2026 4:10,2972,2972,165,165,3137,3137
USDAL,USLAX,IDPLM,"Dallas, TX, USDAL",LALB,"Palembang, Sumatra, , IDPLM",SGSIN,YMJA,YML,51625,DRY,9,4/23/2026,5/15/2026,5/11/2026 4:10,2200,2200,274.53,274.53,2474.53,2474.53
USDAL,USLAX,IDPLM,"Dallas, TX, USDAL",LALB,"Palembang, Sumatra, , IDPLM",SGSIN,YMJA,YML,51625,DRY,9,5/16/2026,6/30/2026,5/11/2026 4:10,2334,2334,274.53,274.53,2608.53,2608.53
USDAL,USLAX,IDSRG,"Dallas, TX, USDAL",LALB,"Semarang, JT, IDSRG",IDSRG,OOLU,OOCL,MT256104,DRY,16,4/1/2026,6/30/2026,5/10/2026 4:10,1135,1135,145,145,1280,1280
USDAL,USLGB,IDSRG,"Dallas, TX, USDAL",LALB,"Semarang, JT, IDSRG",IDSRG,OOLU,OOCL,MT256104,DRY,16,4/1/2026,6/30/2026,5/10/2026 4:10,1135,1135,145,145,1280,1280
USDAL,USLAX,IDSRG,"Dallas, TX, USDAL",LALB,"Semarang, JT, IDSRG",IDSRG,YMJA,YML,51625,DRY,9,4/23/2026,5/15/2026,5/10/2026 3:45,1450,1450,0,0,1450,1450
USDAL,USLAX,IDSRG,"Dallas, TX, USDAL",LALB,"Semarang, JT, IDSRG",IDSRG,ONEY,ONE,CHIM354B25,DRY,15,5/16/2026,6/30/2026,5/11/2026 4:10,1510,1510,490.28,490.28,2000.28,2000.28
USDAL,USLAX,IDSRG,"Dallas, TX, USDAL",LALB,"Semarang, JT, IDSRG",IDSRG,ONEY,ONE,CHIM354B25,DRY,15,5/6/2026,5/15/2026,5/11/2026 4:10,1510,1510,490.28,490.28,2000.28,2000.28
USDAL,USLAX,IDSRG,"Dallas, TX, USDAL",LALB,"Semarang, JT, IDSRG",IDSRG,YMJA,YML,51625,DRY,9,5/16/2026,6/30/2026,5/10/2026 3:45,1584,1584,0,0,1584,1584
USDAL,USLAX,IDSRG,"Dallas, TX, USDAL",LALB,"Semarang, JT, IDSRG",IDSRG,EGLV,EMC,SC103574,DRY,4,5/1/2026,6/30/2026,5/10/2026 4:10,1700,1700,145,145,1845,1845
USDAL,USLAX,IDSRG,"Dallas, TX, USDAL",LALB,"Semarang, JT, IDSRG",SGSIN,YMJA,YML,51625,DRY,9,4/23/2026,5/15/2026,5/11/2026 4:10,1800,1800,274.53,274.53,2074.53,2074.53
USDAL,USLAX,IDSRG,"Dallas, TX, USDAL",LALB,"Semarang, JT, IDSRG",SGSIN,YMJA,YML,51625,DRY,9,5/16/2026,6/30/2026,5/11/2026 4:10,1934,1934,274.53,274.53,2208.53,2208.53
USDAL,USLAX,IDSRG,"Dallas, TX, USDAL",LALB,"Semarang, JT, IDSRG",IDSRG,CMDU,CMA,25-0720,DRY,12,4/18/2026,6/30/2026,5/5/2026 4:10,1980,1980,145,145,2125,2125
USDAL,USSAV,IDSRG,"Dallas, TX, USDAL","Savannah, GA, USSAV","Semarang, JT, IDSRG",IDSRG,ONEY,ONE,CHIM354B25,DRY,15,5/6/2026,5/15/2026,5/11/2026 4:10,2760,2760,490.28,490.28,3250.28,3250.28
USDAL,USSAV,IDSRG,"Dallas, TX, USDAL","Savannah, GA, USSAV","Semarang, JT, IDSRG",IDSRG,ONEY,ONE,CHIM354B25,DRY,15,5/16/2026,6/30/2026,5/11/2026 4:10,2760,2760,490.28,490.28,3250.28,3250.28
USDAL,USHOU,IDSRG,"Dallas, TX, USDAL","Houston, TX, USHOU","Semarang, JT, IDSRG",IDSRG,MSCU,MSC,25-348WCSA,DRY,7,5/1/2026,5/31/2026,5/10/2026 4:10,2932,2932,165,165,3097,3097
USDAL,USHOU,IDSRG,"Dallas, TX, USDAL","Houston, TX, USHOU","Semarang, JT, IDSRG",IDSRG,MSCU,MSC,25-348WCSA,DRY,7,6/1/2026,6/30/2026,5/10/2026 4:10,2972,2972,165,165,3137,3137
USDAL,USLGB,IDSUB,"Dallas, TX, USDAL",LALB,"Surabaya, JI, IDSUB",IDSUB,OOLU,OOCL,MT256104,DRY,16,4/1/2026,6/30/2026,5/10/2026 4:10,1135,1135,145,145,1280,1280
USDAL,USLAX,IDSUB,"Dallas, TX, USDAL",LALB,"Surabaya, JI, IDSUB",IDSUB,OOLU,OOCL,MT256104,DRY,16,4/1/2026,6/30/2026,5/10/2026 4:10,1135,1135,145,145,1280,1280
USDAL,USLAX,IDSUB,"Dallas, TX, USDAL",LALB,"Surabaya, JI, IDSUB",IDSUB,YMJA,YML,51625,DRY,9,4/23/2026,5/15/2026,5/10/2026 3:45,1450,1450,0,0,1450,1450
USDAL,USLAX,IDSUB,"Dallas, TX, USDAL",LALB,"Surabaya, JI, IDSUB",IDSUB,ONEY,ONE,CHIM354B25,DRY,15,5/6/2026,5/15/2026,5/11/2026 4:10,1510,1510,490.28,490.28,2000.28,2000.28
USDAL,USLAX,IDSUB,"Dallas, TX, USDAL",LALB,"Surabaya, JI, IDSUB",IDSUB,ONEY,ONE,CHIM354B25,DRY,15,5/16/2026,6/30/2026,5/11/2026 4:10,1510,1510,490.28,490.28,2000.28,2000.28
USDAL,USLAX,IDSUB,"Dallas, TX, USDAL",LALB,"Surabaya, JI, IDSUB",IDSUB,YMJA,YML,51625,DRY,9,5/16/2026,6/30/2026,5/10/2026 3:45,1584,1584,0,0,1584,1584
USDAL,USLAX,IDSUB,"Dallas, TX, USDAL",LALB,"Surabaya, JI, IDSUB",IDSUB,EGLV,EMC,SC103574,DRY,4,5/1/2026,6/30/2026,5/10/2026 4:10,1700,1700,145,145,1845,1845
USDAL,USLAX,IDSUB,"Dallas, TX, USDAL",LALB,"Surabaya, JI, IDSUB",SGSIN,YMJA,YML,51625,DRY,9,4/23/2026,5/15/2026,5/11/2026 4:10,1750,1750,274.53,274.53,2024.53,2024.53
USDAL,USLAX,IDSUB,"Dallas, TX, USDAL",LALB,"Surabaya, JI, IDSUB",CNSHA,YMJA,YML,51625,DRY,9,4/23/2026,5/15/2026,5/11/2026 4:10,1750,1750,235.27,235.27,1985.27,1985.27
USDAL,USLAX,IDSUB,"Dallas, TX, USDAL",LALB,"Surabaya, JI, IDSUB",CNSHA,YMJA,YML,51625,DRY,9,5/16/2026,6/30/2026,5/11/2026 4:10,1884,1884,235.27,235.27,2119.27,2119.27
USDAL,USLAX,IDSUB,"Dallas, TX, USDAL",LALB,"Surabaya, JI, IDSUB",SGSIN,YMJA,YML,51625,DRY,9,5/16/2026,6/30/2026,5/11/2026 4:10,1884,1884,274.53,274.53,2158.53,2158.53
USDAL,USLAX,IDSUB,"Dallas, TX, USDAL",LALB,"Surabaya, JI, IDSUB",IDSUB,CMDU,CMA,25-0720,DRY,12,4/18/2026,6/30/2026,5/5/2026 4:10,1980,1980,145,145,2125,2125
USDAL,USSAV,IDSUB,"Dallas, TX, USDAL","Savannah, GA, USSAV","Surabaya, JI, IDSUB",IDSUB,ONEY,ONE,CHIM354B25,DRY,15,5/16/2026,6/30/2026,5/11/2026 4:10,2760,2760,490.28,490.28,3250.28,3250.28
USDAL,USSAV,IDSUB,"Dallas, TX, USDAL","Savannah, GA, USSAV","Surabaya, JI, IDSUB",IDSUB,ONEY,ONE,CHIM354B25,DRY,15,5/6/2026,5/15/2026,5/11/2026 4:10,2760,2760,490.28,490.28,3250.28,3250.28
USDAL,USHOU,IDSUB,"Dallas, TX, USDAL","Houston, TX, USHOU","Surabaya, JI, IDSUB",IDSUB,MSCU,MSC,25-348WCSA,DRY,7,5/1/2026,5/31/2026,5/10/2026 4:10,2932,2932,165,165,3097,3097
USDAL,USHOU,IDSUB,"Dallas, TX, USDAL","Houston, TX, USHOU","Surabaya, JI, IDSUB",IDSUB,MSCU,MSC,25-348WCSA,DRY,7,6/1/2026,6/30/2026,5/10/2026 4:10,2972,2972,165,165,3137,3137
USDAL,USLAX,INCCU,"Dallas, TX, USDAL",LALB,"Kolkata (ex Calcutta), WB, INCCU",INCCU,ONEY,ONE,CHIM354B25,DRY,15,5/6/2026,5/15/2026,5/11/2026 4:10,2635,2635,263.85,263.85,2898.85,2898.85
USDAL,USLAX,INCCU,"Dallas, TX, USDAL",LALB,"Kolkata (ex Calcutta), WB, INCCU",INCCU,ONEY,ONE,CHIM354B25,DRY,15,5/16/2026,6/30/2026,5/11/2026 4:10,2635,2635,263.85,263.85,2898.85,2898.85
USDAL,USLAX,INCCU,"Dallas, TX, USDAL",LALB,"Kolkata (ex Calcutta), WB, INCCU",CNNBG,YMJA,YML,51625,DRY,9,4/23/2026,5/15/2026,5/11/2026 4:10,2800,2800,235.27,235.27,3035.27,3035.27
USDAL,USLAX,INCCU,"Dallas, TX, USDAL",LALB,"Kolkata (ex Calcutta), WB, INCCU",SGSIN,YMJA,YML,51625,DRY,9,4/23/2026,5/15/2026,5/11/2026 4:10,2800,2800,274.53,274.53,3074.53,3074.53
USDAL,USLAX,INCCU,"Dallas, TX, USDAL",LALB,"Kolkata (ex Calcutta), WB, INCCU",CNSHA,YMJA,YML,51625,DRY,9,4/23/2026,5/15/2026,5/11/2026 4:10,2800,2800,235.27,235.27,3035.27,3035.27
USDAL,USLAX,INCCU,"Dallas, TX, USDAL",LALB,"Kolkata (ex Calcutta), WB, INCCU",CNSHA,YMJA,YML,51625,DRY,9,5/16/2026,6/30/2026,5/11/2026 4:10,2934,2934,235.27,235.27,3169.27,3169.27
USDAL,USLAX,INCCU,"Dallas, TX, USDAL",LALB,"Kolkata (ex Calcutta), WB, INCCU",SGSIN,YMJA,YML,51625,DRY,9,5/16/2026,6/30/2026,5/11/2026 4:10,2934,2934,274.53,274.53,3208.53,3208.53
USDAL,USLAX,INCCU,"Dallas, TX, USDAL",LALB,"Kolkata (ex Calcutta), WB, INCCU",CNNBG,YMJA,YML,51625,DRY,9,5/16/2026,6/30/2026,5/11/2026 4:10,2934,2934,235.27,235.27,3169.27,3169.27
USDAL,USLAX,INCOK,"Dallas, TX, USDAL",LALB,"Cochin, KL, INCOK",INCOK,ONEY,ONE,CHIM354B25,DRY,15,5/16/2026,6/30/2026,5/11/2026 4:10,2635,2635,234.58,234.58,2869.58,2869.58
USDAL,USLAX,INCOK,"Dallas, TX, USDAL",LALB,"Cochin, KL, INCOK",INCOK,ONEY,ONE,CHIM354B25,DRY,15,5/6/2026,5/15/2026,5/11/2026 4:10,2635,2635,234.58,234.58,2869.58,2869.58
USDAL,USSAV,INCOK,"Dallas, TX, USDAL","Savannah, GA, USSAV","Cochin, KL, INCOK",INCOK,ONEY,ONE,CHIM354B25,DRY,15,5/6/2026,5/15/2026,5/11/2026 4:10,3510,3510,234.58,234.58,3744.58,3744.58
USDAL,USSAV,INCOK,"Dallas, TX, USDAL","Savannah, GA, USSAV","Cochin, KL, INCOK",INCOK,ONEY,ONE,CHIM354B25,DRY,15,5/16/2026,6/30/2026,5/11/2026 4:10,3510,3510,234.58,234.58,3744.58,3744.58
USDAL,USLGB,INHAL,"Dallas, TX, USDAL",LALB,"Haldia, WB, INHAL",INHAL,OOLU,OOCL,MT256104,DRY,16,4/1/2026,6/30/2026,5/10/2026 3:45,2810,2810,0,0,2810,2810
USDAL,USLAX,INHAL,"Dallas, TX, USDAL",LALB,"Haldia, WB, INHAL",INHAL,OOLU,OOCL,MT256104,DRY,16,4/1/2026,6/30/2026,5/10/2026 3:45,2810,2810,0,0,2810,2810
USDAL,USCHS,INHZA,"Dallas, TX, USDAL","Charleston, SC, USCHS","Hazira Port/Surat, GJ, INHZA",INHZA,ONEY,ONE,CHIM354B25,DRY,15,5/16/2026,6/30/2026,5/11/2026 4:10,3275,3275,246.91,246.91,3521.91,3521.91
USDAL,USCHS,INHZA,"Dallas, TX, USDAL","Charleston, SC, USCHS","Hazira Port/Surat, GJ, INHZA",INHZA,ONEY,ONE,CHIM354B25,DRY,15,5/6/2026,5/15/2026,5/11/2026 4:10,3275,3275,246.91,246.91,3521.91,3521.91
USDAL,USLAX,INKOC,"Dallas, TX, USDAL",LALB,"Kochi, , INKOC",INKOC,OOLU,OOCL,MT256104,DRY,16,4/1/2026,6/30/2026,5/11/2026 4:10,2365,2365,254.17,254.17,2619.17,2619.17
USDAL,USLGB,INKOC,"Dallas, TX, USDAL",LALB,"Kochi, , INKOC",INKOC,OOLU,OOCL,MT256104,DRY,16,4/1/2026,6/30/2026,5/11/2026 4:10,2365,2365,254.17,254.17,2619.17,2619.17
USDAL,USLAX,INKOC,"Dallas, TX, USDAL",LALB,"Kochi, , INKOC",KRPUS,YMJA,YML,51625,DRY,9,4/23/2026,5/15/2026,5/11/2026 4:10,3190,3190,123.14,123.14,3313.14,3313.14
USDAL,USLAX,INKOC,"Dallas, TX, USDAL",LALB,"Kochi, , INKOC",KRPUS,YMJA,YML,51625,DRY,9,5/16/2026,6/30/2026,5/11/2026 4:10,3324,3324,123.14,123.14,3447.14,3447.14
USDAL,USLAX,INKTP,"Dallas, TX, USDAL",LALB,"Kattupalli Port, TN, INKTP",INKTP,OOLU,OOCL,MT256104,DRY,16,4/1/2026,6/30/2026,5/10/2026 3:45,1635,1635,0,0,1635,1635
USDAL,USLGB,INKTP,"Dallas, TX, USDAL",LALB,"Kattupalli Port, TN, INKTP",INKTP,OOLU,OOCL,MT256104,DRY,16,4/1/2026,6/30/2026,5/10/2026 3:45,1635,1635,0,0,1635,1635
USDAL,USLAX,INMAA,"Dallas, TX, USDAL",LALB,"Chennai (ex Madras), TN, INMAA",INMAA,ONEY,ONE,CHIM354B25,DRY,15,5/16/2026,6/30/2026,5/11/2026 4:10,2360,2360,213.93,213.93,2573.93,2573.93
USDAL,USLAX,INMAA,"Dallas, TX, USDAL",LALB,"Chennai (ex Madras), TN, INMAA",INMAA,ONEY,ONE,CHIM354B25,DRY,15,5/6/2026,5/15/2026,5/11/2026 4:10,2360,2360,213.93,213.93,2573.93,2573.93
USDAL,USLAX,INMAA,"Dallas, TX, USDAL",LALB,"Chennai (ex Madras), TN, INMAA",CNNBG,YMJA,YML,51625,DRY,9,4/23/2026,5/15/2026,5/11/2026 4:10,2970,2970,235.27,235.27,3205.27,3205.27
USDAL,USLAX,INMAA,"Dallas, TX, USDAL",LALB,"Chennai (ex Madras), TN, INMAA",CNSHA,YMJA,YML,51625,DRY,9,4/23/2026,5/15/2026,5/11/2026 4:10,2970,2970,235.27,235.27,3205.27,3205.27
USDAL,USLAX,INMAA,"Dallas, TX, USDAL",LALB,"Chennai (ex Madras), TN, INMAA",SGSIN,YMJA,YML,51625,DRY,9,4/23/2026,5/15/2026,5/11/2026 4:10,2970,2970,274.53,274.53,3244.53,3244.53
USDAL,USLAX,INMAA,"Dallas, TX, USDAL",LALB,"Chennai (ex Madras), TN, INMAA",CNSHA,YMJA,YML,51625,DRY,9,5/16/2026,6/30/2026,5/11/2026 4:10,3104,3104,235.27,235.27,3339.27,3339.27
USDAL,USLAX,INMAA,"Dallas, TX, USDAL",LALB,"Chennai (ex Madras), TN, INMAA",SGSIN,YMJA,YML,51625,DRY,9,5/16/2026,6/30/2026,5/11/2026 4:10,3104,3104,274.53,274.53,3378.53,3378.53
USDAL,USLAX,INMAA,"Dallas, TX, USDAL",LALB,"Chennai (ex Madras), TN, INMAA",CNNBG,YMJA,YML,51625,DRY,9,5/16/2026,6/30/2026,5/11/2026 4:10,3104,3104,235.27,235.27,3339.27,3339.27
USDAL,USSAV,INMAA,"Dallas, TX, USDAL","Savannah, GA, USSAV","Chennai (ex Madras), TN, INMAA",INMAA,ONEY,ONE,CHIM354B25,DRY,15,5/16/2026,6/30/2026,5/11/2026 4:10,3800,3800,213.93,213.93,4013.93,4013.93
USDAL,USSAV,INMAA,"Dallas, TX, USDAL","Savannah, GA, USSAV","Chennai (ex Madras), TN, INMAA",INMAA,ONEY,ONE,CHIM354B25,DRY,15,5/6/2026,5/15/2026,5/11/2026 4:10,3800,3800,213.93,213.93,4013.93,4013.93
USDAL,USSAV,INMUN,"Dallas, TX, USDAL","Savannah, GA, USSAV","Mundra, GJ, INMUN",INMUN,ONEY,ONE,CHIM354B25,DRY,15,5/6/2026,5/15/2026,5/11/2026 4:10,2360,2360,305,305,2665,2665
USDAL,USSAV,INMUN,"Dallas, TX, USDAL","Savannah, GA, USSAV","Mundra, GJ, INMUN",INMUN,ONEY,ONE,CHIM354B25,DRY,15,5/16/2026,6/30/2026,5/11/2026 4:10,2360,2360,305,305,2665,2665
USDAL,USLAX,INMUN,"Dallas, TX, USDAL",LALB,"Mundra, GJ, INMUN",INMUN,ONEY,ONE,CHIM354B25,DRY,15,5/16/2026,6/30/2026,5/11/2026 4:10,2550,2550,305,305,2855,2855
USDAL,USLAX,INMUN,"Dallas, TX, USDAL",LALB,"Mundra, GJ, INMUN",INMUN,ONEY,ONE,CHIM354B25,DRY,15,5/6/2026,5/15/2026,5/11/2026 4:10,2550,2550,305,305,2855,2855
USDAL,USCHS,INMUN,"Dallas, TX, USDAL","Charleston, SC, USCHS","Mundra, GJ, INMUN",INMUN,ONEY,ONE,CHIM354B25,DRY,15,5/16/2026,6/30/2026,5/11/2026 4:10,3075,3075,305,305,3380,3380
USDAL,USCHS,INMUN,"Dallas, TX, USDAL","Charleston, SC, USCHS","Mundra, GJ, INMUN",INMUN,ONEY,ONE,CHIM354B25,DRY,15,5/6/2026,5/15/2026,5/11/2026 4:10,3075,3075,305,305,3380,3380
USDAL,USSAV,INMUN,"Dallas, TX, USDAL","Savannah, GA, USSAV","Mundra, GJ, INMUN",INMUN,CMDU,CMA,25-0720,DRY,12,4/18/2026,6/30/2026,5/11/2026 4:10,3110,3110,205.4,205.4,3315.4,3315.4
USDAL,USLAX,INMUN,"Dallas, TX, USDAL",LALB,"Mundra, GJ, INMUN",INMUN,CMDU,CMA,25-0720,DRY,12,4/18/2026,6/30/2026,5/11/2026 4:10,3845,3845,205.4,205.4,4050.4,4050.4
USDAL,USLAX,INNSA,"Dallas, TX, USDAL",LALB,"Nhava Sheva, MH, INNSA",INNSA,ONEY,ONE,CHIM354B25,DRY,15,5/6/2026,5/15/2026,5/11/2026 4:10,2100,2100,273.23,273.23,2373.23,2373.23
USDAL,USLAX,INNSA,"Dallas, TX, USDAL",LALB,"Nhava Sheva, MH, INNSA",INNSA,ONEY,ONE,CHIM354B25,DRY,15,5/16/2026,6/30/2026,5/11/2026 4:10,2100,2100,273.23,273.23,2373.23,2373.23
USDAL,USSAV,INNSA,"Dallas, TX, USDAL","Savannah, GA, USSAV","Nhava Sheva, MH, INNSA",INNSA,ONEY,ONE,CHIM354B25,DRY,15,5/6/2026,5/15/2026,5/11/2026 4:10,2360,2360,273.23,273.23,2633.23,2633.23
USDAL,USSAV,INNSA,"Dallas, TX, USDAL","Savannah, GA, USSAV","Nhava Sheva, MH, INNSA",INNSA,ONEY,ONE,CHIM354B25,DRY,15,5/16/2026,6/30/2026,5/11/2026 4:10,2360,2360,273.23,273.23,2633.23,2633.23
USDAL,USLAX,INNSA,"Dallas, TX, USDAL",LALB,"Nhava Sheva, MH, INNSA",INNSA,YMJA,YML,51625,DRY,9,4/23/2026,5/15/2026,5/11/2026 4:10,2375,2375,148.27,148.27,2523.27,2523.27
USDAL,USLAX,INNSA,"Dallas, TX, USDAL",LALB,"Nhava Sheva, MH, INNSA",INNSA,YMJA,YML,51625,DRY,9,5/16/2026,6/30/2026,5/11/2026 4:10,2509,2509,148.27,148.27,2657.27,2657.27
USDAL,USLAX,INNSA,"Dallas, TX, USDAL",LALB,"Nhava Sheva, MH, INNSA",INNSA,EGLV,EMC,SC103574,DRY,4,5/1/2026,6/30/2026,5/11/2026 4:10,2550,2550,187.7,187.7,2737.7,2737.7
USDAL,USCHS,INNSA,"Dallas, TX, USDAL","Charleston, SC, USCHS","Nhava Sheva, MH, INNSA",INNSA,ONEY,ONE,CHIM354B25,DRY,15,5/16/2026,6/30/2026,5/11/2026 4:10,3075,3075,273.23,273.23,3348.23,3348.23
USDAL,USCHS,INNSA,"Dallas, TX, USDAL","Charleston, SC, USCHS","Nhava Sheva, MH, INNSA",INNSA,ONEY,ONE,CHIM354B25,DRY,15,5/6/2026,5/15/2026,5/11/2026 4:10,3075,3075,273.23,273.23,3348.23,3348.23
USDAL,USSAV,INNSA,"Dallas, TX, USDAL","Savannah, GA, USSAV","Nhava Sheva, MH, INNSA",INNSA,CMDU,CMA,25-0720,DRY,12,4/18/2026,6/30/2026,5/11/2026 4:10,3110,3110,555.09,555.09,3665.09,3665.09
USDAL,USLAX,INNSA,"Dallas, TX, USDAL",LALB,"Nhava Sheva, MH, INNSA",INNSA,CMDU,CMA,25-0720,DRY,12,4/18/2026,6/30/2026,5/11/2026 4:10,3845,3845,555.09,555.09,4400.09,4400.09
USDAL,USLAX,INPAV,"Dallas, TX, USDAL",LALB,"Pipavav (Victor) Port, GJ, INPAV",INPAV,ONEY,ONE,CHIM354B25,DRY,15,5/6/2026,5/15/2026,5/11/2026 4:10,1400,1400,263.22,263.22,1663.22,1663.22
USDAL,USLAX,INPAV,"Dallas, TX, USDAL",LALB,"Pipavav (Victor) Port, GJ, INPAV",INPAV,ONEY,ONE,CHIM354B25,DRY,15,5/16/2026,6/30/2026,5/11/2026 4:10,1400,1400,263.22,263.22,1663.22,1663.22
USDAL,USLAX,INPAV,"Dallas, TX, USDAL",LALB,"Pipavav (Victor) Port, GJ, INPAV",INPAV,YMJA,YML,51625,DRY,9,4/23/2026,5/15/2026,5/11/2026 4:10,2375,2375,142.97,142.97,2517.97,2517.97
USDAL,USLAX,INPAV,"Dallas, TX, USDAL",LALB,"Pipavav (Victor) Port, GJ, INPAV",INPAV,YMJA,YML,51625,DRY,9,5/16/2026,6/30/2026,5/11/2026 4:10,2509,2509,142.97,142.97,2651.97,2651.97
USDAL,USLAX,INRJU,"Dallas, TX, USDAL",LALB,"Rajula, GJ, INRJU",INRJU,OOLU,OOCL,MT256104,DRY,16,4/1/2026,6/30/2026,5/10/2026 3:45,1635,1635,0,0,1635,1635
USDAL,USLGB,INRJU,"Dallas, TX, USDAL",LALB,"Rajula, GJ, INRJU",INRJU,OOLU,OOCL,MT256104,DRY,16,4/1/2026,6/30/2026,5/10/2026 3:45,1635,1635,0,0,1635,1635
USDAL,USLAX,INTUT,"Dallas, TX, USDAL",LALB,"Tuticorin, TN, INTUT",INTUT,OOLU,OOCL,MT256104,DRY,16,4/1/2026,6/30/2026,5/11/2026 4:10,1335,1335,74.13,74.13,1409.13,1409.13
USDAL,USLGB,INTUT,"Dallas, TX, USDAL",LALB,"Tuticorin, TN, INTUT",INTUT,OOLU,OOCL,MT256104,DRY,16,4/1/2026,6/30/2026,5/11/2026 4:10,1335,1335,74.13,74.13,1409.13,1409.13
USDAL,USLAX,INTUT,"Dallas, TX, USDAL",LALB,"Tuticorin, TN, INTUT",INTUT,ONEY,ONE,CHIM354B25,DRY,15,5/6/2026,5/15/2026,5/11/2026 4:10,2635,2635,199.1,199.1,2834.1,2834.1
USDAL,USLAX,INTUT,"Dallas, TX, USDAL",LALB,"Tuticorin, TN, INTUT",INTUT,ONEY,ONE,CHIM354B25,DRY,15,5/16/2026,6/30/2026,5/11/2026 4:10,2635,2635,199.1,199.1,2834.1,2834.1
USDAL,USLAX,INTUT,"Dallas, TX, USDAL",LALB,"Tuticorin, TN, INTUT",INTUT,CMDU,CMA,25-0720,DRY,12,4/18/2026,6/30/2026,5/11/2026 4:10,2795,2795,100.5,100.5,2895.5,2895.5
USDAL,USSAV,INTUT,"Dallas, TX, USDAL","Savannah, GA, USSAV","Tuticorin, TN, INTUT",INTUT,ONEY,ONE,CHIM354B25,DRY,15,5/16/2026,6/30/2026,5/11/2026 4:10,3810,3810,199.1,199.1,4009.1,4009.1
USDAL,USSAV,INTUT,"Dallas, TX, USDAL","Savannah, GA, USSAV","Tuticorin, TN, INTUT",INTUT,ONEY,ONE,CHIM354B25,DRY,15,5/6/2026,5/15/2026,5/11/2026 4:10,3810,3810,199.1,199.1,4009.1,4009.1
USDAL,USCHS,INTUT,"Dallas, TX, USDAL","Charleston, SC, USCHS","Tuticorin, TN, INTUT",INTUT,ONEY,ONE,CHIM354B25,DRY,15,5/6/2026,5/15/2026,5/11/2026 4:10,4175,4175,199.1,199.1,4374.1,4374.1
USDAL,USCHS,INTUT,"Dallas, TX, USDAL","Charleston, SC, USCHS","Tuticorin, TN, INTUT",INTUT,ONEY,ONE,CHIM354B25,DRY,15,5/16/2026,6/30/2026,5/11/2026 4:10,4175,4175,199.1,199.1,4374.1,4374.1
USDAL,USSAV,ITSPE,"Dallas, TX, USDAL","Savannah, GA, USSAV","La Spezia, , ITSPE",ITSPE,ONEY,ONE,CHIM354B25,DRY,15,5/6/2026,5/15/2026,5/11/2026 4:10,3028,3028,386.8,386.8,3414.8,3414.8
USDAL,USSAV,ITSPE,"Dallas, TX, USDAL","Savannah, GA, USSAV","La Spezia, , ITSPE",ITSPE,ONEY,ONE,CHIM354B25,DRY,15,5/16/2026,6/30/2026,5/11/2026 4:10,3028,3028,386.8,386.8,3414.8,3414.8
USDAL,USLAX,JPABU,"Dallas, TX, USDAL",LALB,"Aburatsu, 45, JPABU",KRPUS,YMJA,YML,51625,DRY,9,4/23/2026,5/15/2026,5/11/2026 4:10,2700,2700,123.14,123.14,2823.14,2823.14
USDAL,USLAX,JPABU,"Dallas, TX, USDAL",LALB,"Aburatsu, 45, JPABU",KRPUS,YMJA,YML,51625,DRY,9,5/16/2026,6/30/2026,5/11/2026 4:10,2834,2834,123.14,123.14,2957.14,2957.14
USDAL,USLAX,JPAXT,"Dallas, TX, USDAL",LALB,"Akita, 5, JPAXT",KRPUS,YMJA,YML,51625,DRY,9,4/23/2026,5/15/2026,5/11/2026 4:10,2700,2700,123.14,123.14,2823.14,2823.14
USDAL,USLAX,JPAXT,"Dallas, TX, USDAL",LALB,"Akita, 5, JPAXT",KRPUS,YMJA,YML,51625,DRY,9,5/16/2026,6/30/2026,5/11/2026 4:10,2834,2834,123.14,123.14,2957.14,2957.14
USDAL,USLAX,JPFKY,"Dallas, TX, USDAL",LALB,"Fukuyama, Hiroshima, 34, JPFKY",KRPUS,YMJA,YML,51625,DRY,9,4/23/2026,5/15/2026,5/11/2026 4:10,3020,3020,123.14,123.14,3143.14,3143.14
USDAL,USLAX,JPFKY,"Dallas, TX, USDAL",LALB,"Fukuyama, Hiroshima, 34, JPFKY",KRPUS,YMJA,YML,51625,DRY,9,5/16/2026,6/30/2026,5/11/2026 4:10,3154,3154,123.14,123.14,3277.14,3277.14
USDAL,USLAX,JPHHE,"Dallas, TX, USDAL",LALB,"Hachinohe, 2, JPHHE",KRPUS,YMJA,YML,51625,DRY,9,4/23/2026,5/15/2026,5/11/2026 4:10,3500,3500,123.14,123.14,3623.14,3623.14
USDAL,USLAX,JPHHE,"Dallas, TX, USDAL",LALB,"Hachinohe, 2, JPHHE",KRPUS,YMJA,YML,51625,DRY,9,5/16/2026,6/30/2026,5/11/2026 4:10,3634,3634,123.14,123.14,3757.14,3757.14
USDAL,USLAX,JPHIJ,"Dallas, TX, USDAL",LALB,"Hiroshima, 34, JPHIJ",JPHIJ,ONEY,ONE,CHIM354B25,DRY,15,5/16/2026,6/30/2026,5/11/2026 4:10,1710,1710,319.21,319.21,2029.21,2029.21
USDAL,USLAX,JPHIJ,"Dallas, TX, USDAL",LALB,"Hiroshima, 34, JPHIJ",JPHIJ,ONEY,ONE,CHIM354B25,DRY,15,5/6/2026,5/15/2026,5/11/2026 4:10,1710,1710,319.21,319.21,2029.21,2029.21
USDAL,USLAX,JPHIJ,"Dallas, TX, USDAL",LALB,"Hiroshima, 34, JPHIJ",KRPUS,YMJA,YML,51625,DRY,9,4/23/2026,5/15/2026,5/11/2026 4:10,2310,2310,123.14,123.14,2433.14,2433.14
USDAL,USLAX,JPHIJ,"Dallas, TX, USDAL",LALB,"Hiroshima, 34, JPHIJ",KRPUS,YMJA,YML,51625,DRY,9,5/16/2026,6/30/2026,5/11/2026 4:10,2444,2444,123.14,123.14,2567.14,2567.14
USDAL,USLAX,JPHKD,"Dallas, TX, USDAL",LALB,"Hakodate, 1, JPHKD",KRPUS,YMJA,YML,51625,DRY,9,4/23/2026,5/15/2026,5/11/2026 4:10,2950,2950,123.14,123.14,3073.14,3073.14
USDAL,USLAX,JPHKD,"Dallas, TX, USDAL",LALB,"Hakodate, 1, JPHKD",KRPUS,YMJA,YML,51625,DRY,9,5/16/2026,6/30/2026,5/11/2026 4:10,3084,3084,123.14,123.14,3207.14,3207.14
USDAL,USLAX,JPHMD,"Dallas, TX, USDAL",LALB,"Hamada, 32, JPHMD",KRPUS,YMJA,YML,51625,DRY,9,4/23/2026,5/15/2026,5/11/2026 4:10,3220,3220,123.14,123.14,3343.14,3343.14
USDAL,USLAX,JPHMD,"Dallas, TX, USDAL",LALB,"Hamada, 32, JPHMD",KRPUS,YMJA,YML,51625,DRY,9,5/16/2026,6/30/2026,5/11/2026 4:10,3354,3354,123.14,123.14,3477.14,3477.14
USDAL,USLAX,JPHTD,"Dallas, TX, USDAL",LALB,"Hakata, 38, JPHTD",JPHTD,EGLV,EMC,SC103574,DRY,4,5/1/2026,6/30/2026,5/11/2026 4:10,1800,1800,306.44,306.44,2106.44,2106.44
USDAL,USLAX,JPHTD,"Dallas, TX, USDAL",LALB,"Hakata, 38, JPHTD",JPHTD,CMDU,CMA,25-0720,DRY,12,4/18/2026,6/30/2026,5/11/2026 4:10,2830,2830,331.98,331.98,3161.98,3161.98
USDAL,USLAX,JPIMB,"Dallas, TX, USDAL",LALB,"Imabari, 38, JPIMB",KRPUS,YMJA,YML,51625,DRY,9,4/23/2026,5/15/2026,5/11/2026 4:10,2760,2760,123.14,123.14,2883.14,2883.14
USDAL,USLAX,JPIMB,"Dallas, TX, USDAL",LALB,"Imabari, 38, JPIMB",KRPUS,YMJA,YML,51625,DRY,9,5/16/2026,6/30/2026,5/11/2026 4:10,2894,2894,123.14,123.14,3017.14,3017.14
USDAL,USLAX,JPIMI,"Dallas, TX, USDAL",LALB,"Imari, 41, JPIMI",CNSHA,YMJA,YML,51625,DRY,9,4/23/2026,5/15/2026,5/11/2026 4:10,2120,2120,235.27,235.27,2355.27,2355.27
USDAL,USLAX,JPIMI,"Dallas, TX, USDAL",LALB,"Imari, 41, JPIMI",CNSHA,YMJA,YML,51625,DRY,9,5/16/2026,6/30/2026,5/11/2026 4:10,2254,2254,235.27,235.27,2489.27,2489.27
USDAL,USLAX,JPISI,"Dallas, TX, USDAL",LALB,"Ishikari, 1, JPISI",KRPUS,YMJA,YML,51625,DRY,9,4/23/2026,5/15/2026,5/11/2026 4:10,3080,3080,123.14,123.14,3203.14,3203.14
USDAL,USLAX,JPISI,"Dallas, TX, USDAL",LALB,"Ishikari, 1, JPISI",KRPUS,YMJA,YML,51625,DRY,9,5/16/2026,6/30/2026,5/11/2026 4:10,3214,3214,123.14,123.14,3337.14,3337.14
USDAL,USLAX,JPIWK,"Dallas, TX, USDAL",LALB,"Iwakuni, 35, JPIWK",KRPUS,YMJA,YML,51625,DRY,9,4/23/2026,5/15/2026,5/11/2026 4:10,2960,2960,123.14,123.14,3083.14,3083.14
USDAL,USLAX,JPIWK,"Dallas, TX, USDAL",LALB,"Iwakuni, 35, JPIWK",KRPUS,YMJA,YML,51625,DRY,9,5/16/2026,6/30/2026,5/11/2026 4:10,3094,3094,123.14,123.14,3217.14,3217.14
USDAL,USLAX,JPIYM,"Dallas, TX, USDAL",LALB,"Iyomishima, 38, JPIYM",CNSHA,YMJA,YML,51625,DRY,9,4/23/2026,5/15/2026,5/11/2026 4:10,1950,1950,235.27,235.27,2185.27,2185.27
USDAL,USLAX,JPIYM,"Dallas, TX, USDAL",LALB,"Iyomishima, 38, JPIYM",JPIYM,ONEY,ONE,CHIM354B25,DRY,15,5/6/2026,5/15/2026,5/11/2026 4:10,1985,1985,336.45,336.45,2321.45,2321.45
USDAL,USLAX,JPIYM,"Dallas, TX, USDAL",LALB,"Iyomishima, 38, JPIYM",JPIYM,ONEY,ONE,CHIM354B25,DRY,15,5/16/2026,6/30/2026,5/11/2026 4:10,1985,1985,336.45,336.45,2321.45,2321.45
USDAL,USLAX,JPIYM,"Dallas, TX, USDAL",LALB,"Iyomishima, 38, JPIYM",CNSHA,YMJA,YML,51625,DRY,9,5/16/2026,6/30/2026,5/11/2026 4:10,2084,2084,235.27,235.27,2319.27,2319.27
USDAL,USLAX,JPKCZ,"Dallas, TX, USDAL",LALB,"Kochi, 39, JPKCZ",JPKCZ,ONEY,ONE,CHIM354B25,DRY,15,5/16/2026,6/30/2026,5/11/2026 4:10,2125,2125,336.45,336.45,2461.45,2461.45
USDAL,USLAX,JPKCZ,"Dallas, TX, USDAL",LALB,"Kochi, 39, JPKCZ",JPKCZ,ONEY,ONE,CHIM354B25,DRY,15,5/6/2026,5/15/2026,5/11/2026 4:10,2125,2125,336.45,336.45,2461.45,2461.45
USDAL,USLAX,JPKIJ,"Dallas, TX, USDAL",LALB,"Niigata, 15, JPKIJ",JPKIJ,ONEY,ONE,CHIM354B25,DRY,15,5/6/2026,5/15/2026,5/11/2026 4:10,1885,1885,336.45,336.45,2221.45,2221.45
USDAL,USLAX,JPKIJ,"Dallas, TX, USDAL",LALB,"Niigata, 15, JPKIJ",JPKIJ,ONEY,ONE,CHIM354B25,DRY,15,5/16/2026,6/30/2026,5/11/2026 4:10,1885,1885,336.45,336.45,2221.45,2221.45
USDAL,USLAX,JPKIJ,"Dallas, TX, USDAL",LALB,"Niigata, 15, JPKIJ",KRPUS,YMJA,YML,51625,DRY,9,4/23/2026,5/15/2026,5/11/2026 4:10,2990,2990,123.14,123.14,3113.14,3113.14
USDAL,USLAX,JPKIJ,"Dallas, TX, USDAL",LALB,"Niigata, 15, JPKIJ",KRPUS,YMJA,YML,51625,DRY,9,5/16/2026,6/30/2026,5/11/2026 4:10,3124,3124,123.14,123.14,3247.14,3247.14
USDAL,USLAX,JPKMJ,"Dallas, TX, USDAL",LALB,"Kumamoto, 43, JPKMJ",KRPUS,YMJA,YML,51625,DRY,9,4/23/2026,5/15/2026,5/11/2026 4:10,2650,2650,123.14,123.14,2773.14,2773.14
USDAL,USLAX,JPKMJ,"Dallas, TX, USDAL",LALB,"Kumamoto, 43, JPKMJ",KRPUS,YMJA,YML,51625,DRY,9,5/16/2026,6/30/2026,5/11/2026 4:10,2784,2784,123.14,123.14,2907.14,2907.14
USDAL,USLAX,JPKNZ,"Dallas, TX, USDAL",LALB,"Kanazawa, 17, JPKNZ",KRPUS,YMJA,YML,51625,DRY,9,4/23/2026,5/15/2026,5/11/2026 4:10,2890,2890,123.14,123.14,3013.14,3013.14
USDAL,USLAX,JPKNZ,"Dallas, TX, USDAL",LALB,"Kanazawa, 17, JPKNZ",KRPUS,YMJA,YML,51625,DRY,9,5/16/2026,6/30/2026,5/11/2026 4:10,3024,3024,123.14,123.14,3147.14,3147.14
USDAL,USLAX,JPKST,"Dallas, TX, USDAL",LALB,"Kisakata, 5, JPKST",KRPUS,YMJA,YML,51625,DRY,9,4/23/2026,5/15/2026,5/11/2026 4:10,3080,3080,123.14,123.14,3203.14,3203.14
USDAL,USLAX,JPKST,"Dallas, TX, USDAL",LALB,"Kisakata, 5, JPKST",KRPUS,YMJA,YML,51625,DRY,9,5/16/2026,6/30/2026,5/11/2026 4:10,3214,3214,123.14,123.14,3337.14,3337.14
USDAL,USLAX,JPKUH,"Dallas, TX, USDAL",LALB,"Kushiro, 1, JPKUH",KRPUS,YMJA,YML,51625,DRY,9,4/23/2026,5/15/2026,5/11/2026 4:10,3305,3305,123.14,123.14,3428.14,3428.14
USDAL,USLAX,JPKUH,"Dallas, TX, USDAL",LALB,"Kushiro, 1, JPKUH",KRPUS,YMJA,YML,51625,DRY,9,5/16/2026,6/30/2026,5/11/2026 4:10,3439,3439,123.14,123.14,3562.14,3562.14
USDAL,USLAX,JPMII,"Dallas, TX, USDAL",LALB,"Miike, Fukuoka, 40, JPMII",KRPUS,YMJA,YML,51625,DRY,9,4/23/2026,5/15/2026,5/11/2026 4:10,3020,3020,123.14,123.14,3143.14,3143.14
USDAL,USLAX,JPMII,"Dallas, TX, USDAL",LALB,"Miike, Fukuoka, 40, JPMII",KRPUS,YMJA,YML,51625,DRY,9,5/16/2026,6/30/2026,5/11/2026 4:10,3154,3154,123.14,123.14,3277.14,3277.14
USDAL,USLAX,JPMIZ,"Dallas, TX, USDAL",LALB,"Mizushima, 33, JPMIZ",CNNBG,YMJA,YML,51625,DRY,9,4/23/2026,5/15/2026,5/11/2026 4:10,1820,1820,235.27,235.27,2055.27,2055.27
USDAL,USLAX,JPMIZ,"Dallas, TX, USDAL",LALB,"Mizushima, 33, JPMIZ",CNNBG,YMJA,YML,51625,DRY,9,5/16/2026,6/30/2026,5/11/2026 4:10,1954,1954,235.27,235.27,2189.27,2189.27
USDAL,USLAX,JPMOJ,"Dallas, TX, USDAL",LALB,"Moji/Kitakyushu, 40, JPMOJ",JPMOJ,ONEY,ONE,CHIM354B25,DRY,15,5/6/2026,5/15/2026,5/11/2026 4:10,1585,1585,336.45,336.45,1921.45,1921.45
USDAL,USLAX,JPMOJ,"Dallas, TX, USDAL",LALB,"Moji/Kitakyushu, 40, JPMOJ",JPMOJ,ONEY,ONE,CHIM354B25,DRY,15,5/16/2026,6/30/2026,5/11/2026 4:10,1585,1585,336.45,336.45,1921.45,1921.45
USDAL,USLAX,JPMYJ,"Dallas, TX, USDAL",LALB,"Matsuyama, 38, JPMYJ",JPMYJ,ONEY,ONE,CHIM354B25,DRY,15,5/16/2026,6/30/2026,5/11/2026 4:10,1855,1855,336.45,336.45,2191.45,2191.45
USDAL,USLAX,JPMYJ,"Dallas, TX, USDAL",LALB,"Matsuyama, 38, JPMYJ",JPMYJ,ONEY,ONE,CHIM354B25,DRY,15,5/6/2026,5/15/2026,5/11/2026 4:10,1855,1855,336.45,336.45,2191.45,2191.45
USDAL,USLAX,JPNAH,"Dallas, TX, USDAL",LALB,"Naha, Okinawa, 47, JPNAH",TWKHH,YMJA,YML,51625,DRY,9,5/16/2026,6/30/2026,5/11/2026 4:10,1830,1830,223.53,223.53,2053.53,2053.53
USDAL,USLAX,JPNAH,"Dallas, TX, USDAL",LALB,"Naha, Okinawa, 47, JPNAH",TWKHH,YMJA,YML,51625,DRY,9,4/23/2026,5/15/2026,5/11/2026 4:10,1830,1830,223.53,223.53,2053.53,2053.53
USDAL,USLAX,JPNAO,"Dallas, TX, USDAL",LALB,"Naoetsu, 15, JPNAO",JPNAO,ONEY,ONE,CHIM354B25,DRY,15,5/6/2026,5/15/2026,5/11/2026 4:10,2195,2195,336.45,336.45,2531.45,2531.45
USDAL,USLAX,JPNAO,"Dallas, TX, USDAL",LALB,"Naoetsu, 15, JPNAO",JPNAO,ONEY,ONE,CHIM354B25,DRY,15,5/16/2026,6/30/2026,5/11/2026 4:10,2195,2195,336.45,336.45,2531.45,2531.45
USDAL,USLAX,JPNAO,"Dallas, TX, USDAL",LALB,"Naoetsu, 15, JPNAO",KRPUS,YMJA,YML,51625,DRY,9,4/23/2026,5/15/2026,5/11/2026 4:10,3100,3100,123.14,123.14,3223.14,3223.14
USDAL,USLAX,JPNAO,"Dallas, TX, USDAL",LALB,"Naoetsu, 15, JPNAO",KRPUS,YMJA,YML,51625,DRY,9,5/16/2026,6/30/2026,5/11/2026 4:10,3234,3234,123.14,123.14,3357.14,3357.14
USDAL,USLAX,JPNGO,"Dallas, TX, USDAL",LALB,"Nagoya, Aichi, 23, JPNGO",JPNGO,YMJA,YML,51625,DRY,9,4/23/2026,5/15/2026,5/11/2026 4:10,950,950,316.02,316.02,1266.02,1266.02
USDAL,USLAX,JPNGO,"Dallas, TX, USDAL",LALB,"Nagoya, Aichi, 23, JPNGO",JPNGO,YMJA,YML,51625,DRY,9,5/16/2026,6/30/2026,5/11/2026 4:10,1084,1084,316.02,316.02,1400.02,1400.02
USDAL,USLAX,JPNGO,"Dallas, TX, USDAL",LALB,"Nagoya, Aichi, 23, JPNGO",JPNGO,ONEY,ONE,CHIM354B25,DRY,15,5/6/2026,5/15/2026,5/11/2026 4:10,1085,1085,336.45,336.45,1421.45,1421.45
USDAL,USLAX,JPNGO,"Dallas, TX, USDAL",LALB,"Nagoya, Aichi, 23, JPNGO",JPNGO,ONEY,ONE,CHIM354B25,DRY,15,5/16/2026,6/30/2026,5/11/2026 4:10,1085,1085,336.45,336.45,1421.45,1421.45
USDAL,USLAX,JPNGO,"Dallas, TX, USDAL",LALB,"Nagoya, Aichi, 23, JPNGO",JPNGO,YMJA,YML,51625,DRY,9,4/23/2026,5/15/2026,5/11/2026 4:10,1150,1150,316.02,316.02,1466.02,1466.02
USDAL,USLAX,JPNGO,"Dallas, TX, USDAL",LALB,"Nagoya, Aichi, 23, JPNGO",JPNGO,YMJA,YML,51625,DRY,9,5/16/2026,6/30/2026,5/11/2026 4:10,1284,1284,316.02,316.02,1600.02,1600.02
USDAL,USLAX,JPNGO,"Dallas, TX, USDAL",LALB,"Nagoya, Aichi, 23, JPNGO",SGSIN,YMJA,YML,51625,DRY,9,4/23/2026,5/15/2026,5/11/2026 4:10,1325,1325,274.53,274.53,1599.53,1599.53
USDAL,USLAX,JPNGO,"Dallas, TX, USDAL",LALB,"Nagoya, Aichi, 23, JPNGO",SGSIN,YMJA,YML,51625,DRY,9,5/16/2026,6/30/2026,5/11/2026 4:10,1459,1459,274.53,274.53,1733.53,1733.53
USDAL,USLAX,JPNGO,"Dallas, TX, USDAL",LALB,"Nagoya, Aichi, 23, JPNGO",JPNGO,CMDU,CMA,25-0720,DRY,12,4/18/2026,6/30/2026,5/11/2026 4:10,1480,1480,331.98,331.98,1811.98,1811.98
USDAL,USLAX,JPNGO,"Dallas, TX, USDAL",LALB,"Nagoya, Aichi, 23, JPNGO",JPNGO,EGLV,EMC,SC103574,DRY,4,5/1/2026,6/30/2026,5/11/2026 4:10,1800,1800,306.44,306.44,2106.44,2106.44
USDAL,USLAX,JPNKO,"Dallas, TX, USDAL",LALB,"Nanko, 27, JPNKO",JPUKB,YMJA,YML,51625,DRY,9,4/23/2026,5/15/2026,5/11/2026 4:10,1670,1670,316.02,316.02,1986.02,1986.02
USDAL,USLAX,JPNKO,"Dallas, TX, USDAL",LALB,"Nanko, 27, JPNKO",JPUKB,YMJA,YML,51625,DRY,9,5/16/2026,6/30/2026,5/11/2026 4:10,1804,1804,316.02,316.02,2120.02,2120.02
USDAL,USLAX,JPOIT,"Dallas, TX, USDAL",LALB,"Oita, 44, JPOIT",KRPUS,YMJA,YML,51625,DRY,9,4/23/2026,5/15/2026,5/11/2026 4:10,2720,2720,123.14,123.14,2843.14,2843.14
USDAL,USLAX,JPOIT,"Dallas, TX, USDAL",LALB,"Oita, 44, JPOIT",KRPUS,YMJA,YML,51625,DRY,9,5/16/2026,6/30/2026,5/11/2026 4:10,2854,2854,123.14,123.14,2977.14,2977.14
USDAL,USLAX,JPONA,"Dallas, TX, USDAL",LALB,"Onahama, 7, JPONA",KRPUS,YMJA,YML,51625,DRY,9,4/23/2026,5/15/2026,5/11/2026 4:10,3240,3240,123.14,123.14,3363.14,3363.14
USDAL,USLAX,JPONA,"Dallas, TX, USDAL",LALB,"Onahama, 7, JPONA",KRPUS,YMJA,YML,51625,DRY,9,5/16/2026,6/30/2026,5/11/2026 4:10,3374,3374,123.14,123.14,3497.14,3497.14
USDAL,USLAX,JPOSA,"Dallas, TX, USDAL",LALB,"Osaka, 27, JPOSA",JPUKB,YMJA,YML,51625,DRY,9,4/23/2026,5/15/2026,5/11/2026 4:10,1150,1150,316.02,316.02,1466.02,1466.02
USDAL,USLAX,JPOSA,"Dallas, TX, USDAL",LALB,"Osaka, 27, JPOSA",JPOSA,ONEY,ONE,CHIM354B25,DRY,15,5/16/2026,6/30/2026,5/11/2026 4:10,1280,1280,336.45,336.45,1616.45,1616.45
USDAL,USLAX,JPOSA,"Dallas, TX, USDAL",LALB,"Osaka, 27, JPOSA",JPOSA,ONEY,ONE,CHIM354B25,DRY,15,5/6/2026,5/15/2026,5/11/2026 4:10,1280,1280,336.45,336.45,1616.45,1616.45
USDAL,USLAX,JPOSA,"Dallas, TX, USDAL",LALB,"Osaka, 27, JPOSA",JPUKB,YMJA,YML,51625,DRY,9,5/16/2026,6/30/2026,5/11/2026 4:10,1284,1284,316.02,316.02,1600.02,1600.02
USDAL,USLAX,JPOSA,"Dallas, TX, USDAL",LALB,"Osaka, 27, JPOSA",JPUKB,YMJA,YML,51625,DRY,9,4/23/2026,5/15/2026,5/11/2026 4:10,1430,1430,316.02,316.02,1746.02,1746.02
USDAL,USLAX,JPOSA,"Dallas, TX, USDAL",LALB,"Osaka, 27, JPOSA",JPUKB,YMJA,YML,51625,DRY,9,5/16/2026,6/30/2026,5/11/2026 4:10,1564,1564,316.02,316.02,1880.02,1880.02
USDAL,USLAX,JPOSA,"Dallas, TX, USDAL",LALB,"Osaka, 27, JPOSA",CNNBG,YMJA,YML,51625,DRY,9,4/23/2026,5/15/2026,5/11/2026 4:10,1670,1670,235.27,235.27,1905.27,1905.27
USDAL,USLAX,JPOSA,"Dallas, TX, USDAL",LALB,"Osaka, 27, JPOSA",JPOSA,EGLV,EMC,SC103574,DRY,4,5/1/2026,6/30/2026,5/11/2026 4:10,1800,1800,306.44,306.44,2106.44,2106.44
USDAL,USLAX,JPOSA,"Dallas, TX, USDAL",LALB,"Osaka, 27, JPOSA",CNNBG,YMJA,YML,51625,DRY,9,5/16/2026,6/30/2026,5/11/2026 4:10,1804,1804,235.27,235.27,2039.27,2039.27
USDAL,USLAX,JPOTK,"Dallas, TX, USDAL",LALB,"Otake, 34, JPOTK",KRPUS,YMJA,YML,51625,DRY,9,4/23/2026,5/15/2026,5/11/2026 4:10,3100,3100,123.14,123.14,3223.14,3223.14
USDAL,USLAX,JPOTK,"Dallas, TX, USDAL",LALB,"Otake, 34, JPOTK",KRPUS,YMJA,YML,51625,DRY,9,5/16/2026,6/30/2026,5/11/2026 4:10,3234,3234,123.14,123.14,3357.14,3357.14
USDAL,USLAX,JPSBS,"Dallas, TX, USDAL",LALB,"Shibushi, 46, JPSBS",JPSBS,ONEY,ONE,CHIM354B25,DRY,15,5/16/2026,6/30/2026,5/11/2026 4:10,1985,1985,336.45,336.45,2321.45,2321.45
USDAL,USLAX,JPSBS,"Dallas, TX, USDAL",LALB,"Shibushi, 46, JPSBS",JPSBS,ONEY,ONE,CHIM354B25,DRY,15,5/6/2026,5/15/2026,5/11/2026 4:10,1985,1985,336.45,336.45,2321.45,2321.45
USDAL,USLAX,JPSDJ,"Dallas, TX, USDAL",LALB,"Sendai, Miyagi, 4, JPSDJ",JPSDJ,ONEY,ONE,CHIM354B25,DRY,15,5/6/2026,5/15/2026,5/11/2026 4:10,1915,1915,336.45,336.45,2251.45,2251.45
USDAL,USLAX,JPSDJ,"Dallas, TX, USDAL",LALB,"Sendai, Miyagi, 4, JPSDJ",JPSDJ,ONEY,ONE,CHIM354B25,DRY,15,5/16/2026,6/30/2026,5/11/2026 4:10,1915,1915,336.45,336.45,2251.45,2251.45
USDAL,USLAX,JPSDJ,"Dallas, TX, USDAL",LALB,"Sendai, Miyagi, 4, JPSDJ",KRPUS,YMJA,YML,51625,DRY,9,4/23/2026,5/15/2026,5/11/2026 4:10,3250,3250,123.14,123.14,3373.14,3373.14
USDAL,USLAX,JPSDJ,"Dallas, TX, USDAL",LALB,"Sendai, Miyagi, 4, JPSDJ",KRPUS,YMJA,YML,51625,DRY,9,5/16/2026,6/30/2026,5/11/2026 4:10,3384,3384,123.14,123.14,3507.14,3507.14
USDAL,USLAX,JPSEB,"Dallas, TX, USDAL",LALB,"Seibu, 13, JPSEB",JPNGO,YMJA,YML,51625,DRY,9,4/23/2026,5/15/2026,5/11/2026 4:10,1470,1470,316.02,316.02,1786.02,1786.02
USDAL,USLAX,JPSEB,"Dallas, TX, USDAL",LALB,"Seibu, 13, JPSEB",JPNGO,YMJA,YML,51625,DRY,9,5/16/2026,6/30/2026,5/11/2026 4:10,1604,1604,316.02,316.02,1920.02,1920.02
USDAL,USLAX,JPSEN,"Dallas, TX, USDAL",LALB,"Satsumasendai, 46, JPSEN",KRPUS,YMJA,YML,51625,DRY,9,4/23/2026,5/15/2026,5/11/2026 4:10,3130,3130,123.14,123.14,3253.14,3253.14
USDAL,USLAX,JPSEN,"Dallas, TX, USDAL",LALB,"Satsumasendai, 46, JPSEN",KRPUS,YMJA,YML,51625,DRY,9,5/16/2026,6/30/2026,5/11/2026 4:10,3264,3264,123.14,123.14,3387.14,3387.14
USDAL,USLAX,JPSHS,"Dallas, TX, USDAL",LALB,"Shimonoseki, 35, JPSHS",KRPUS,YMJA,YML,51625,DRY,9,4/23/2026,5/15/2026,5/11/2026 4:10,2970,2970,123.14,123.14,3093.14,3093.14
USDAL,USLAX,JPSHS,"Dallas, TX, USDAL",LALB,"Shimonoseki, 35, JPSHS",KRPUS,YMJA,YML,51625,DRY,9,5/16/2026,6/30/2026,5/11/2026 4:10,3104,3104,123.14,123.14,3227.14,3227.14
USDAL,USLAX,JPSMN,"Dallas, TX, USDAL",LALB,"Sakaiminato, 31, JPSMN",JPSMN,ONEY,ONE,CHIM354B25,DRY,15,5/16/2026,6/30/2026,5/7/2026 3:45,2225,2225,0,0,2225,2225
USDAL,USLAX,JPSMN,"Dallas, TX, USDAL",LALB,"Sakaiminato, 31, JPSMN",JPSMN,ONEY,ONE,CHIM354B25,DRY,15,5/6/2026,5/15/2026,5/7/2026 3:45,2225,2225,0,0,2225,2225
USDAL,USLAX,JPSMZ,"Dallas, TX, USDAL",LALB,"Shimizu, 22, JPSMZ",JPSMZ,YMJA,YML,51625,DRY,9,4/23/2026,5/15/2026,5/11/2026 4:10,950,950,316.02,316.02,1266.02,1266.02
USDAL,USLAX,JPSMZ,"Dallas, TX, USDAL",LALB,"Shimizu, 22, JPSMZ",JPSMZ,YMJA,YML,51625,DRY,9,5/16/2026,6/30/2026,5/11/2026 4:10,1084,1084,316.02,316.02,1400.02,1400.02
USDAL,USLAX,JPSMZ,"Dallas, TX, USDAL",LALB,"Shimizu, 22, JPSMZ",JPSMZ,ONEY,ONE,CHIM354B25,DRY,15,5/16/2026,6/30/2026,5/11/2026 4:10,1085,1085,336.45,336.45,1421.45,1421.45
USDAL,USLAX,JPSMZ,"Dallas, TX, USDAL",LALB,"Shimizu, 22, JPSMZ",JPSMZ,ONEY,ONE,CHIM354B25,DRY,15,5/6/2026,5/15/2026,5/11/2026 4:10,1085,1085,336.45,336.45,1421.45,1421.45
USDAL,USLAX,JPSMZ,"Dallas, TX, USDAL",LALB,"Shimizu, 22, JPSMZ",JPSMZ,YMJA,YML,51625,DRY,9,4/23/2026,5/15/2026,5/11/2026 4:10,1150,1150,316.02,316.02,1466.02,1466.02
USDAL,USLAX,JPSMZ,"Dallas, TX, USDAL",LALB,"Shimizu, 22, JPSMZ",JPSMZ,YMJA,YML,51625,DRY,9,5/16/2026,6/30/2026,5/11/2026 4:10,1284,1284,316.02,316.02,1600.02,1600.02
USDAL,USLAX,JPTAK,"Dallas, TX, USDAL",LALB,"Takamatsu, 37, JPTAK",KRPUS,YMJA,YML,51625,DRY,9,4/23/2026,5/15/2026,5/11/2026 4:10,3020,3020,123.14,123.14,3143.14,3143.14
USDAL,USLAX,JPTAK,"Dallas, TX, USDAL",LALB,"Takamatsu, 37, JPTAK",KRPUS,YMJA,YML,51625,DRY,9,5/16/2026,6/30/2026,5/11/2026 4:10,3154,3154,123.14,123.14,3277.14,3277.14
USDAL,USLAX,JPTHS,"Dallas, TX, USDAL",LALB,"Toyohashi, 23, JPTHS",KRPUS,YMJA,YML,51625,DRY,9,4/23/2026,5/15/2026,5/11/2026 4:10,2110,2110,123.14,123.14,2233.14,2233.14
USDAL,USLAX,JPTHS,"Dallas, TX, USDAL",LALB,"Toyohashi, 23, JPTHS",KRPUS,YMJA,YML,51625,DRY,9,5/16/2026,6/30/2026,5/11/2026 4:10,2244,2244,123.14,123.14,2367.14,2367.14
USDAL,USLAX,JPTKS,"Dallas, TX, USDAL",LALB,"Tokushima, 36, JPTKS",JPTKS,ONEY,ONE,CHIM354B25,DRY,15,5/16/2026,6/30/2026,5/11/2026 4:10,2585,2585,336.45,336.45,2921.45,2921.45
USDAL,USLAX,JPTKS,"Dallas, TX, USDAL",LALB,"Tokushima, 36, JPTKS",JPTKS,ONEY,ONE,CHIM354B25,DRY,15,5/6/2026,5/15/2026,5/11/2026 4:10,2585,2585,336.45,336.45,2921.45,2921.45
USDAL,USLAX,JPTKS,"Dallas, TX, USDAL",LALB,"Tokushima, 36, JPTKS",KRPUS,YMJA,YML,51625,DRY,9,4/23/2026,5/15/2026,5/11/2026 4:10,3000,3000,123.14,123.14,3123.14,3123.14
USDAL,USLAX,JPTKS,"Dallas, TX, USDAL",LALB,"Tokushima, 36, JPTKS",KRPUS,YMJA,YML,51625,DRY,9,5/16/2026,6/30/2026,5/11/2026 4:10,3134,3134,123.14,123.14,3257.14,3257.14
USDAL,USLAX,JPTKY,"Dallas, TX, USDAL",LALB,"Tokuyama, 35, JPTKY",KRPUS,YMJA,YML,51625,DRY,9,4/23/2026,5/15/2026,5/11/2026 4:10,2790,2790,123.14,123.14,2913.14,2913.14
USDAL,USLAX,JPTKY,"Dallas, TX, USDAL",LALB,"Tokuyama, 35, JPTKY",KRPUS,YMJA,YML,51625,DRY,9,5/16/2026,6/30/2026,5/11/2026 4:10,2924,2924,123.14,123.14,3047.14,3047.14
USDAL,USLAX,JPTMK,"Dallas, TX, USDAL",LALB,"Tomakomai, 1, JPTMK",JPTMK,ONEY,ONE,CHIM354B25,DRY,15,5/16/2026,6/30/2026,5/11/2026 4:10,2385,2385,336.45,336.45,2721.45,2721.45
USDAL,USLAX,JPTMK,"Dallas, TX, USDAL",LALB,"Tomakomai, 1, JPTMK",JPTMK,ONEY,ONE,CHIM354B25,DRY,15,5/6/2026,5/15/2026,5/11/2026 4:10,2385,2385,336.45,336.45,2721.45,2721.45
USDAL,USLAX,JPTMK,"Dallas, TX, USDAL",LALB,"Tomakomai, 1, JPTMK",KRPUS,YMJA,YML,51625,DRY,9,4/23/2026,5/15/2026,5/11/2026 4:10,2725,2725,123.14,123.14,2848.14,2848.14
USDAL,USLAX,JPTMK,"Dallas, TX, USDAL",LALB,"Tomakomai, 1, JPTMK",KRPUS,YMJA,YML,51625,DRY,9,5/16/2026,6/30/2026,5/11/2026 4:10,2859,2859,123.14,123.14,2982.14,2982.14
USDAL,USLAX,JPTOY,"Dallas, TX, USDAL",LALB,"Toyama, 16, JPTOY",KRPUS,YMJA,YML,51625,DRY,9,4/23/2026,5/15/2026,5/11/2026 4:10,2940,2940,123.14,123.14,3063.14,3063.14
USDAL,USLAX,JPTOY,"Dallas, TX, USDAL",LALB,"Toyama, 16, JPTOY",KRPUS,YMJA,YML,51625,DRY,9,5/16/2026,6/30/2026,5/11/2026 4:10,3074,3074,123.14,123.14,3197.14,3197.14
USDAL,USLAX,JPTRG,"Dallas, TX, USDAL",LALB,"Tsuruga, 18, JPTRG",KRPUS,YMJA,YML,51625,DRY,9,4/23/2026,5/15/2026,5/11/2026 4:10,2860,2860,123.14,123.14,2983.14,2983.14
USDAL,USLAX,JPTRG,"Dallas, TX, USDAL",LALB,"Tsuruga, 18, JPTRG",KRPUS,YMJA,YML,51625,DRY,9,5/16/2026,6/30/2026,5/11/2026 4:10,2994,2994,123.14,123.14,3117.14,3117.14
USDAL,USLAX,JPTYO,"Dallas, TX, USDAL",LALB,"Tokyo, 13, JPTYO",JPTYO,YMJA,YML,51625,DRY,9,4/23/2026,5/15/2026,5/11/2026 4:10,950,950,316.02,316.02,1266.02,1266.02
USDAL,USLAX,JPTYO,"Dallas, TX, USDAL",LALB,"Tokyo, 13, JPTYO",JPTYO,YMJA,YML,51625,DRY,9,5/16/2026,6/30/2026,5/11/2026 4:10,1084,1084,316.02,316.02,1400.02,1400.02
USDAL,USLAX,JPTYO,"Dallas, TX, USDAL",LALB,"Tokyo, 13, JPTYO",JPTYO,ONEY,ONE,CHIM354B25,DRY,15,5/16/2026,6/30/2026,5/11/2026 4:10,1115,1115,336.45,336.45,1451.45,1451.45
USDAL,USLAX,JPTYO,"Dallas, TX, USDAL",LALB,"Tokyo, 13, JPTYO",JPTYO,ONEY,ONE,CHIM354B25,DRY,15,5/6/2026,5/15/2026,5/11/2026 4:10,1115,1115,336.45,336.45,1451.45,1451.45
USDAL,USLAX,JPTYO,"Dallas, TX, USDAL",LALB,"Tokyo, 13, JPTYO",JPTYO,YMJA,YML,51625,DRY,9,4/23/2026,5/15/2026,5/11/2026 4:10,1150,1150,316.02,316.02,1466.02,1466.02
USDAL,USLAX,JPTYO,"Dallas, TX, USDAL",LALB,"Tokyo, 13, JPTYO",JPTYO,YMJA,YML,51625,DRY,9,5/16/2026,6/30/2026,5/11/2026 4:10,1284,1284,316.02,316.02,1600.02,1600.02
USDAL,USLAX,JPTYO,"Dallas, TX, USDAL",LALB,"Tokyo, 13, JPTYO",SGSIN,YMJA,YML,51625,DRY,9,4/23/2026,5/15/2026,5/11/2026 4:10,1325,1325,274.53,274.53,1599.53,1599.53
USDAL,USLAX,JPTYO,"Dallas, TX, USDAL",LALB,"Tokyo, 13, JPTYO",SGSIN,YMJA,YML,51625,DRY,9,5/16/2026,6/30/2026,5/11/2026 4:10,1459,1459,274.53,274.53,1733.53,1733.53
USDAL,USLAX,JPTYO,"Dallas, TX, USDAL",LALB,"Tokyo, 13, JPTYO",JPTYO,CMDU,CMA,25-0720,DRY,12,4/18/2026,6/30/2026,5/11/2026 4:10,1480,1480,331.98,331.98,1811.98,1811.98
USDAL,USLAX,JPUKB,"Dallas, TX, USDAL",LALB,"Kobe, 28, JPUKB",JPUKB,YMJA,YML,51625,DRY,9,4/23/2026,5/15/2026,5/11/2026 4:10,950,950,316.02,316.02,1266.02,1266.02
USDAL,USLAX,JPUKB,"Dallas, TX, USDAL",LALB,"Kobe, 28, JPUKB",JPUKB,YMJA,YML,51625,DRY,9,5/16/2026,6/30/2026,5/11/2026 4:10,1084,1084,316.02,316.02,1400.02,1400.02
USDAL,USLAX,JPUKB,"Dallas, TX, USDAL",LALB,"Kobe, 28, JPUKB",JPUKB,ONEY,ONE,CHIM354B25,DRY,15,5/16/2026,6/30/2026,5/11/2026 4:10,1085,1085,336.45,336.45,1421.45,1421.45
USDAL,USLAX,JPUKB,"Dallas, TX, USDAL",LALB,"Kobe, 28, JPUKB",JPUKB,ONEY,ONE,CHIM354B25,DRY,15,5/6/2026,5/15/2026,5/11/2026 4:10,1085,1085,336.45,336.45,1421.45,1421.45
USDAL,USLAX,JPUKB,"Dallas, TX, USDAL",LALB,"Kobe, 28, JPUKB",JPUKB,YMJA,YML,51625,DRY,9,4/23/2026,5/15/2026,5/11/2026 4:10,1150,1150,316.02,316.02,1466.02,1466.02
USDAL,USLAX,JPUKB,"Dallas, TX, USDAL",LALB,"Kobe, 28, JPUKB",JPUKB,YMJA,YML,51625,DRY,9,5/16/2026,6/30/2026,5/11/2026 4:10,1284,1284,316.02,316.02,1600.02,1600.02
USDAL,USLAX,JPUKB,"Dallas, TX, USDAL",LALB,"Kobe, 28, JPUKB",SGSIN,YMJA,YML,51625,DRY,9,4/23/2026,5/15/2026,5/11/2026 4:10,1325,1325,274.53,274.53,1599.53,1599.53
USDAL,USLAX,JPUKB,"Dallas, TX, USDAL",LALB,"Kobe, 28, JPUKB",SGSIN,YMJA,YML,51625,DRY,9,5/16/2026,6/30/2026,5/11/2026 4:10,1459,1459,274.53,274.53,1733.53,1733.53
USDAL,USLAX,JPUKB,"Dallas, TX, USDAL",LALB,"Kobe, 28, JPUKB",JPUKB,EGLV,EMC,SC103574,DRY,4,5/1/2026,6/30/2026,5/11/2026 4:10,1800,1800,306.44,306.44,2106.44,2106.44
USDAL,USLAX,JPYKK,"Dallas, TX, USDAL",LALB,"Yokkaichi, 24, JPYKK",KRPUS,YMJA,YML,51625,DRY,9,4/23/2026,5/15/2026,5/11/2026 4:10,3050,3050,123.14,123.14,3173.14,3173.14
USDAL,USLAX,JPYKK,"Dallas, TX, USDAL",LALB,"Yokkaichi, 24, JPYKK",KRPUS,YMJA,YML,51625,DRY,9,5/16/2026,6/30/2026,5/11/2026 4:10,3184,3184,123.14,123.14,3307.14,3307.14
USDAL,USLAX,JPYOK,"Dallas, TX, USDAL",LALB,"Yokohama, 14, JPYOK",JPYOK,YMJA,YML,51625,DRY,9,4/23/2026,5/15/2026,5/11/2026 4:10,1218,1218,316.02,316.02,1534.02,1534.02
USDAL,USLAX,JPYOK,"Dallas, TX, USDAL",LALB,"Yokohama, 14, JPYOK",JPYOK,YMJA,YML,51625,DRY,9,5/16/2026,6/30/2026,5/11/2026 4:10,1352,1352,316.02,316.02,1668.02,1668.02
USDAL,USLAX,JPYOK,"Dallas, TX, USDAL",LALB,"Yokohama, 14, JPYOK",JPYOK,ONEY,ONE,CHIM354B25,DRY,15,5/6/2026,5/15/2026,5/11/2026 4:10,1385,1385,336.45,336.45,1721.45,1721.45
USDAL,USLAX,JPYOK,"Dallas, TX, USDAL",LALB,"Yokohama, 14, JPYOK",JPYOK,ONEY,ONE,CHIM354B25,DRY,15,5/16/2026,6/30/2026,5/11/2026 4:10,1385,1385,336.45,336.45,1721.45,1721.45
USDAL,USLAX,KRDDC,"Dallas, TX, USDAL",LALB,"Dongducheon, 41, KRDDC",KRPUS,YMJA,YML,51625,DRY,9,4/23/2026,5/15/2026,5/11/2026 4:10,1975,1975,123.14,123.14,2098.14,2098.14
USDAL,USLAX,KRDDC,"Dallas, TX, USDAL",LALB,"Dongducheon, 41, KRDDC",KRPUS,YMJA,YML,51625,DRY,9,5/16/2026,6/30/2026,5/11/2026 4:10,2109,2109,123.14,123.14,2232.14,2232.14
USDAL,USLAX,KRINC,"Dallas, TX, USDAL",LALB,"Incheon, 28, KRINC",KRINC,YMJA,YML,51625,DRY,9,4/23/2026,5/15/2026,5/11/2026 4:10,950,950,123.14,123.14,1073.14,1073.14
USDAL,USLAX,KRINC,"Dallas, TX, USDAL",LALB,"Incheon, 28, KRINC",KRINC,YMJA,YML,51625,DRY,9,5/16/2026,6/30/2026,5/11/2026 4:10,1084,1084,123.14,123.14,1207.14,1207.14
USDAL,USLAX,KRINC,"Dallas, TX, USDAL",LALB,"Incheon, 28, KRINC",KRINC,ONEY,ONE,CHIM354B25,DRY,15,5/16/2026,6/30/2026,5/11/2026 4:10,1085,1085,171.43,171.41,1256.43,1256.41
USDAL,USLAX,KRINC,"Dallas, TX, USDAL",LALB,"Incheon, 28, KRINC",KRINC,ONEY,ONE,CHIM354B25,DRY,15,5/6/2026,5/15/2026,5/11/2026 4:10,1085,1085,171.43,171.41,1256.43,1256.41
USDAL,USLAX,KRINC,"Dallas, TX, USDAL",LALB,"Incheon, 28, KRINC",KRINC,YMJA,YML,51625,DRY,9,4/23/2026,5/15/2026,5/11/2026 4:10,1275,1275,123.14,123.14,1398.14,1398.14
USDAL,USLAX,KRINC,"Dallas, TX, USDAL",LALB,"Incheon, 28, KRINC",KRINC,YMJA,YML,51625,DRY,9,5/16/2026,6/30/2026,5/11/2026 4:10,1409,1409,123.14,123.14,1532.14,1532.14
USDAL,USLAX,KRINC,"Dallas, TX, USDAL",LALB,"Incheon, 28, KRINC",KRKAN,YMJA,YML,51625,DRY,9,4/23/2026,5/15/2026,5/10/2026 3:45,1560,1560,0,0,1560,1560
USDAL,USLAX,KRINC,"Dallas, TX, USDAL",LALB,"Incheon, 28, KRINC",KRKAN,YMJA,YML,51625,DRY,9,5/16/2026,6/30/2026,5/10/2026 3:45,1694,1694,0,0,1694,1694
USDAL,USLAX,KRINC,"Dallas, TX, USDAL",LALB,"Incheon, 28, KRINC",KRPUS,YMJA,YML,51625,DRY,9,4/23/2026,5/15/2026,5/11/2026 4:10,2080,2080,123.14,123.14,2203.14,2203.14
USDAL,USLAX,KRINC,"Dallas, TX, USDAL",LALB,"Incheon, 28, KRINC",KRKAN,YMJA,YML,51625,DRY,9,4/23/2026,5/15/2026,5/11/2026 4:10,2080,2080,123.14,123.14,2203.14,2203.14
USDAL,USLAX,KRINC,"Dallas, TX, USDAL",LALB,"Incheon, 28, KRINC",KRPUS,YMJA,YML,51625,DRY,9,5/16/2026,6/30/2026,5/11/2026 4:10,2214,2214,123.14,123.14,2337.14,2337.14
USDAL,USLAX,KRINC,"Dallas, TX, USDAL",LALB,"Incheon, 28, KRINC",KRKAN,YMJA,YML,51625,DRY,9,5/16/2026,6/30/2026,5/11/2026 4:10,2214,2214,123.14,123.14,2337.14,2337.14
USDAL,USLGB,KRKAN,"Dallas, TX, USDAL",LALB,"Gwangyang, 46, KRKAN",KRKAN,OOLU,OOCL,MT256104,DRY,16,4/1/2026,6/30/2026,5/10/2026 3:45,735,735,0,0,735,735
USDAL,USLAX,KRKAN,"Dallas, TX, USDAL",LALB,"Gwangyang, 46, KRKAN",KRKAN,OOLU,OOCL,MT256104,DRY,16,4/1/2026,6/30/2026,5/10/2026 3:45,735,735,0,0,735,735
USDAL,USLAX,KRKAN,"Dallas, TX, USDAL",LALB,"Gwangyang, 46, KRKAN",KRKAN,YMJA,YML,51625,DRY,9,4/23/2026,5/15/2026,5/10/2026 3:45,950,950,0,0,950,950
USDAL,USLAX,KRKAN,"Dallas, TX, USDAL",LALB,"Gwangyang, 46, KRKAN",KRKAN,YMJA,YML,51625,DRY,9,5/16/2026,6/30/2026,5/10/2026 3:45,1084,1084,0,0,1084,1084
USDAL,USLAX,KRKAN,"Dallas, TX, USDAL",LALB,"Gwangyang, 46, KRKAN",KRKAN,YMJA,YML,51625,DRY,9,4/23/2026,5/15/2026,5/10/2026 3:45,1275,1275,0,0,1275,1275
USDAL,USLAX,KRKAN,"Dallas, TX, USDAL",LALB,"Gwangyang, 46, KRKAN",KRKAN,ONEY,ONE,CHIM354B25,DRY,15,5/16/2026,6/30/2026,5/11/2026 4:10,1310,1310,167.56,167.54,1477.56,1477.54
USDAL,USLAX,KRKAN,"Dallas, TX, USDAL",LALB,"Gwangyang, 46, KRKAN",KRKAN,ONEY,ONE,CHIM354B25,DRY,15,5/6/2026,5/15/2026,5/11/2026 4:10,1310,1310,167.56,167.54,1477.56,1477.54
USDAL,USLAX,KRKAN,"Dallas, TX, USDAL",LALB,"Gwangyang, 46, KRKAN",KRKAN,YMJA,YML,51625,DRY,9,5/16/2026,6/30/2026,5/10/2026 3:45,1409,1409,0,0,1409,1409
USDAL,USLAX,KRKAN,"Dallas, TX, USDAL",LALB,"Gwangyang, 46, KRKAN",KRPUS,YMJA,YML,51625,DRY,9,4/23/2026,5/15/2026,5/11/2026 4:10,1425,1425,123.14,123.14,1548.14,1548.14
USDAL,USLAX,KRKAN,"Dallas, TX, USDAL",LALB,"Gwangyang, 46, KRKAN",KRPUS,YMJA,YML,51625,DRY,9,5/16/2026,6/30/2026,5/11/2026 4:10,1559,1559,123.14,123.14,1682.14,1682.14
USDAL,USLAX,KRKAN,"Dallas, TX, USDAL",LALB,"Gwangyang, 46, KRKAN",KRKAN,CMDU,CMA,25-0720,DRY,12,4/18/2026,6/30/2026,5/11/2026 4:10,1930,1930,133.04,133.04,2063.04,2063.04
USDAL,USLAX,KRPOC,"Dallas, TX, USDAL",LALB,"Pocheon, 41, KRPOC",KRPUS,YMJA,YML,51625,DRY,9,4/23/2026,5/15/2026,5/11/2026 4:10,1985,1985,123.14,123.14,2108.14,2108.14
USDAL,USLAX,KRPOC,"Dallas, TX, USDAL",LALB,"Pocheon, 41, KRPOC",KRPUS,YMJA,YML,51625,DRY,9,5/16/2026,6/30/2026,5/11/2026 4:10,2119,2119,123.14,123.14,2242.14,2242.14
USDAL,USLGB,KRPUS,"Dallas, TX, USDAL",LALB,"Busan, 26, KRPUS",KRPUS,OOLU,OOCL,MT256104,DRY,16,4/1/2026,6/30/2026,5/11/2026 4:10,660,660,129.98,129.98,789.98,789.98
USDAL,USLAX,KRPUS,"Dallas, TX, USDAL",LALB,"Busan, 26, KRPUS",KRPUS,OOLU,OOCL,MT256104,DRY,16,4/1/2026,6/30/2026,5/11/2026 4:10,660,660,129.98,129.98,789.98,789.98
USDAL,USLAX,KRPUS,"Dallas, TX, USDAL",LALB,"Busan, 26, KRPUS",KRPUS,ONEY,ONE,CHIM354B25,DRY,15,5/16/2026,6/30/2026,5/11/2026 4:10,950,950,171.74,171.73,1121.74,1121.73
USDAL,USLAX,KRPUS,"Dallas, TX, USDAL",LALB,"Busan, 26, KRPUS",KRPUS,ONEY,ONE,CHIM354B25,DRY,15,5/6/2026,5/15/2026,5/11/2026 4:10,950,950,171.74,171.73,1121.74,1121.73
USDAL,USLAX,KRPUS,"Dallas, TX, USDAL",LALB,"Busan, 26, KRPUS",KRPUS,YMJA,YML,51625,DRY,9,4/23/2026,5/15/2026,5/11/2026 4:10,950,950,123.14,123.14,1073.14,1073.14
USDAL,USLAX,KRPUS,"Dallas, TX, USDAL",LALB,"Busan, 26, KRPUS",KRPUS,YMJA,YML,51625,DRY,9,5/16/2026,6/30/2026,5/11/2026 4:10,1084,1084,123.14,123.14,1207.14,1207.14
USDAL,USLAX,KRPUS,"Dallas, TX, USDAL",LALB,"Busan, 26, KRPUS",KRPUS,YMJA,YML,51625,DRY,9,4/23/2026,5/15/2026,5/11/2026 4:10,1150,1150,123.14,123.14,1273.14,1273.14
USDAL,USLAX,KRPUS,"Dallas, TX, USDAL",LALB,"Busan, 26, KRPUS",KRPUS,YMJA,YML,51625,DRY,9,5/16/2026,6/30/2026,5/11/2026 4:10,1284,1284,123.14,123.14,1407.14,1407.14
USDAL,USLAX,KRPUS,"Dallas, TX, USDAL",LALB,"Busan, 26, KRPUS",SGSIN,YMJA,YML,51625,DRY,9,4/23/2026,5/15/2026,5/11/2026 4:10,1470,1470,274.53,274.53,1744.53,1744.53
USDAL,USLAX,KRPUS,"Dallas, TX, USDAL",LALB,"Busan, 26, KRPUS",KRPUS,CMDU,CMA,25-0720,DRY,12,4/18/2026,6/30/2026,5/11/2026 4:10,1580,1580,143.99,143.99,1723.99,1723.99
USDAL,USLAX,KRPUS,"Dallas, TX, USDAL",LALB,"Busan, 26, KRPUS",SGSIN,YMJA,YML,51625,DRY,9,5/16/2026,6/30/2026,5/11/2026 4:10,1604,1604,274.53,274.53,1878.53,1878.53
USDAL,USLAX,KRSEJ,"Dallas, TX, USDAL",LALB,"Seongju-gun, 47, KRSEJ",KRPUS,YMJA,YML,51625,DRY,9,4/23/2026,5/15/2026,5/11/2026 4:10,1650,1650,123.14,123.14,1773.14,1773.14
USDAL,USLAX,KRSEJ,"Dallas, TX, USDAL",LALB,"Seongju-gun, 47, KRSEJ",KRPUS,YMJA,YML,51625,DRY,9,5/16/2026,6/30/2026,5/11/2026 4:10,1784,1784,123.14,123.14,1907.14,1907.14
USDAL,USLAX,KRYSN,"Dallas, TX, USDAL",LALB,"Yangsan, 48, KRYSN",KRPUS,YMJA,YML,51625,DRY,9,4/23/2026,5/15/2026,5/11/2026 4:10,1475,1475,123.14,123.14,1598.14,1598.14
USDAL,USLAX,KRYSN,"Dallas, TX, USDAL",LALB,"Yangsan, 48, KRYSN",KRPUS,YMJA,YML,51625,DRY,9,5/16/2026,6/30/2026,5/11/2026 4:10,1609,1609,123.14,123.14,1732.14,1732.14
USDAL,USLAX,KRYYU,"Dallas, TX, USDAL",LALB,"Yangju, 41, KRYYU",KRPUS,YMJA,YML,51625,DRY,9,4/23/2026,5/15/2026,5/11/2026 4:10,2055,2055,123.14,123.14,2178.14,2178.14
USDAL,USLAX,KRYYU,"Dallas, TX, USDAL",LALB,"Yangju, 41, KRYYU",KRPUS,YMJA,YML,51625,DRY,9,5/16/2026,6/30/2026,5/11/2026 4:10,2189,2189,123.14,123.14,2312.14,2312.14
USDAL,USLAX,LKCMB,"Dallas, TX, USDAL",LALB,"Colombo, , LKCMB",LKCMB,ONEY,ONE,CHIM354B25,DRY,15,5/6/2026,5/15/2026,5/7/2026 3:45,2635,2635,0,0,2635,2635
USDAL,USLAX,LKCMB,"Dallas, TX, USDAL",LALB,"Colombo, , LKCMB",LKCMB,ONEY,ONE,CHIM354B25,DRY,15,5/16/2026,6/30/2026,5/7/2026 3:45,2635,2635,0,0,2635,2635
USDAL,USSAV,LKCMB,"Dallas, TX, USDAL","Savannah, GA, USSAV","Colombo, , LKCMB",LKCMB,ONEY,ONE,CHIM354B25,DRY,15,5/16/2026,6/30/2026,5/7/2026 3:45,2835,2835,0,0,2835,2835
USDAL,USSAV,LKCMB,"Dallas, TX, USDAL","Savannah, GA, USSAV","Colombo, , LKCMB",LKCMB,ONEY,ONE,CHIM354B25,DRY,15,5/6/2026,5/15/2026,5/7/2026 3:45,2835,2835,0,0,2835,2835
USDAL,USLAX,MXLZC,"Dallas, TX, USDAL",LALB,"Lazaro Cardenas, MIC, MXLZC",MXLZC,ONEY,ONE,CHIM354B25,DRY,15,5/6/2026,5/15/2026,5/10/2026 4:10,2125,2125,250,250,2375,2375
USDAL,USLAX,MXLZC,"Dallas, TX, USDAL",LALB,"Lazaro Cardenas, MIC, MXLZC",MXLZC,ONEY,ONE,CHIM354B25,DRY,15,5/16/2026,6/30/2026,5/10/2026 4:10,2125,2125,250,250,2375,2375
USDAL,USLAX,MXZLO,"Dallas, TX, USDAL",LALB,"Manzanillo, COL, MXZLO",MXZLO,ONEY,ONE,CHIM354B25,DRY,15,5/16/2026,6/30/2026,5/10/2026 4:10,2125,2125,250,250,2375,2375
USDAL,USLAX,MXZLO,"Dallas, TX, USDAL",LALB,"Manzanillo, COL, MXZLO",MXZLO,ONEY,ONE,CHIM354B25,DRY,15,5/6/2026,5/15/2026,5/10/2026 4:10,2125,2125,250,250,2375,2375
USDAL,USLAX,MYKCH,"Dallas, TX, USDAL",LALB,"Kuching, Sarawak, , MYKCH",SGSIN,YMJA,YML,51625,DRY,9,4/23/2026,5/15/2026,5/11/2026 4:10,2115,2115,274.53,274.53,2389.53,2389.53
USDAL,USLAX,MYKCH,"Dallas, TX, USDAL",LALB,"Kuching, Sarawak, , MYKCH",SGSIN,YMJA,YML,51625,DRY,9,5/16/2026,6/30/2026,5/11/2026 4:10,2249,2249,274.53,274.53,2523.53,2523.53
USDAL,USLGB,MYPEN,"Dallas, TX, USDAL",LALB,"Penang, , MYPEN",MYPEN,OOLU,OOCL,MT256104,DRY,16,4/1/2026,6/30/2026,5/11/2026 4:10,835,835,204.03,216.78,1039.03,1051.78
USDAL,USLAX,MYPEN,"Dallas, TX, USDAL",LALB,"Penang, , MYPEN",MYPEN,OOLU,OOCL,MT256104,DRY,16,4/1/2026,6/30/2026,5/11/2026 4:10,835,835,204.03,216.78,1039.03,1051.78
USDAL,USLAX,MYPEN,"Dallas, TX, USDAL",LALB,"Penang, , MYPEN",MYPEN,YMJA,YML,51625,DRY,9,4/23/2026,5/15/2026,5/11/2026 4:10,1075,1075,205.81,205.81,1280.81,1280.81
USDAL,USLAX,MYPEN,"Dallas, TX, USDAL",LALB,"Penang, , MYPEN",MYPEN,YMJA,YML,51625,DRY,9,5/16/2026,6/30/2026,5/11/2026 4:10,1209,1209,205.81,205.81,1414.81,1414.81
USDAL,USLAX,MYPEN,"Dallas, TX, USDAL",LALB,"Penang, , MYPEN",MYPEN,ONEY,ONE,CHIM354B25,DRY,15,5/6/2026,5/15/2026,5/11/2026 4:10,1435,1435,217.29,217.29,1652.29,1652.29
USDAL,USLAX,MYPEN,"Dallas, TX, USDAL",LALB,"Penang, , MYPEN",MYPEN,ONEY,ONE,CHIM354B25,DRY,15,5/16/2026,6/30/2026,5/11/2026 4:10,1435,1435,217.29,217.29,1652.29,1652.29
USDAL,USLAX,MYPEN,"Dallas, TX, USDAL",LALB,"Penang, , MYPEN",SGSIN,YMJA,YML,51625,DRY,9,4/23/2026,5/15/2026,5/11/2026 4:10,1895,1895,274.53,274.53,2169.53,2169.53
USDAL,USLAX,MYPEN,"Dallas, TX, USDAL",LALB,"Penang, , MYPEN",CNSHA,YMJA,YML,51625,DRY,9,4/23/2026,5/15/2026,5/11/2026 4:10,1895,1895,235.27,235.27,2130.27,2130.27
USDAL,USSAV,MYPEN,"Dallas, TX, USDAL","Savannah, GA, USSAV","Penang, , MYPEN",MYPEN,ONEY,ONE,CHIM354B25,DRY,15,5/6/2026,5/15/2026,5/11/2026 4:10,2000,2000,217.29,217.29,2217.29,2217.29
USDAL,USSAV,MYPEN,"Dallas, TX, USDAL","Savannah, GA, USSAV","Penang, , MYPEN",MYPEN,ONEY,ONE,CHIM354B25,DRY,15,5/16/2026,6/30/2026,5/11/2026 4:10,2000,2000,217.29,217.29,2217.29,2217.29
USDAL,USLAX,MYPEN,"Dallas, TX, USDAL",LALB,"Penang, , MYPEN",CNSHA,YMJA,YML,51625,DRY,9,5/16/2026,6/30/2026,5/11/2026 4:10,2029,2029,235.27,235.27,2264.27,2264.27
USDAL,USLAX,MYPEN,"Dallas, TX, USDAL",LALB,"Penang, , MYPEN",SGSIN,YMJA,YML,51625,DRY,9,5/16/2026,6/30/2026,5/11/2026 4:10,2029,2029,274.53,274.53,2303.53,2303.53
USDAL,USLAX,MYPEN,"Dallas, TX, USDAL",LALB,"Penang, , MYPEN",MYPEN,CMDU,CMA,25-0720,DRY,12,4/18/2026,6/30/2026,5/11/2026 4:10,2180,2180,184.9,184.9,2364.9,2364.9
USDAL,USHOU,MYPEN,"Dallas, TX, USDAL","Houston, TX, USHOU","Penang, , MYPEN",MYPEN,MSCU,MSC,25-348WCSA,DRY,7,5/1/2026,5/31/2026,5/11/2026 4:10,2932,2932,195.1,195.1,3127.1,3127.1
USDAL,USHOU,MYPEN,"Dallas, TX, USDAL","Houston, TX, USHOU","Penang, , MYPEN",MYPEN,MSCU,MSC,25-348WCSA,DRY,7,6/1/2026,6/30/2026,5/11/2026 4:10,2972,2972,195.1,195.1,3167.1,3167.1
USDAL,USLGB,MYPGU,"Dallas, TX, USDAL",LALB,"Pasir Gudang, Johor, , MYPGU",MYPGU,OOLU,OOCL,MT256104,DRY,16,4/1/2026,6/30/2026,5/11/2026 4:10,1279,1279,173.42,173.42,1452.42,1452.42
USDAL,USLAX,MYPGU,"Dallas, TX, USDAL",LALB,"Pasir Gudang, Johor, , MYPGU",MYPGU,OOLU,OOCL,MT256104,DRY,16,4/1/2026,6/30/2026,5/11/2026 4:10,1279,1279,173.42,173.42,1452.42,1452.42
USDAL,USLAX,MYPGU,"Dallas, TX, USDAL",LALB,"Pasir Gudang, Johor, , MYPGU",MYPGU,ONEY,ONE,CHIM354B25,DRY,15,5/16/2026,6/30/2026,5/11/2026 4:10,1435,1435,193.06,193.06,1628.06,1628.06
USDAL,USLAX,MYPGU,"Dallas, TX, USDAL",LALB,"Pasir Gudang, Johor, , MYPGU",MYPGU,ONEY,ONE,CHIM354B25,DRY,15,5/6/2026,5/15/2026,5/11/2026 4:10,1435,1435,193.06,193.06,1628.06,1628.06
USDAL,USLAX,MYPGU,"Dallas, TX, USDAL",LALB,"Pasir Gudang, Johor, , MYPGU",SGSIN,YMJA,YML,51625,DRY,9,4/23/2026,5/15/2026,5/11/2026 4:10,1750,1750,274.53,274.53,2024.53,2024.53
USDAL,USLAX,MYPGU,"Dallas, TX, USDAL",LALB,"Pasir Gudang, Johor, , MYPGU",CNSHA,YMJA,YML,51625,DRY,9,4/23/2026,5/15/2026,5/11/2026 4:10,1750,1750,235.27,235.27,1985.27,1985.27
USDAL,USLAX,MYPGU,"Dallas, TX, USDAL",LALB,"Pasir Gudang, Johor, , MYPGU",SGSIN,YMJA,YML,51625,DRY,9,5/16/2026,6/30/2026,5/11/2026 4:10,1884,1884,274.53,274.53,2158.53,2158.53
USDAL,USLAX,MYPGU,"Dallas, TX, USDAL",LALB,"Pasir Gudang, Johor, , MYPGU",CNSHA,YMJA,YML,51625,DRY,9,5/16/2026,6/30/2026,5/11/2026 4:10,1884,1884,235.27,235.27,2119.27,2119.27
USDAL,USSAV,MYPGU,"Dallas, TX, USDAL","Savannah, GA, USSAV","Pasir Gudang, Johor, , MYPGU",MYPGU,ONEY,ONE,CHIM354B25,DRY,15,5/6/2026,5/15/2026,5/11/2026 4:10,2000,2000,193.06,193.06,2193.06,2193.06
USDAL,USSAV,MYPGU,"Dallas, TX, USDAL","Savannah, GA, USSAV","Pasir Gudang, Johor, , MYPGU",MYPGU,ONEY,ONE,CHIM354B25,DRY,15,5/16/2026,6/30/2026,5/11/2026 4:10,2000,2000,193.06,193.06,2193.06,2193.06
USDAL,USLAX,MYPGU,"Dallas, TX, USDAL",LALB,"Pasir Gudang, Johor, , MYPGU",MYPGU,CMDU,CMA,25-0720,DRY,12,4/18/2026,6/30/2026,5/11/2026 4:10,2180,2180,182.86,182.86,2362.86,2362.86
USDAL,USHOU,MYPGU,"Dallas, TX, USDAL","Houston, TX, USHOU","Pasir Gudang, Johor, , MYPGU",MYPGU,MSCU,MSC,25-348WCSA,DRY,7,5/1/2026,5/31/2026,5/11/2026 4:10,2932,2932,180.06,180.06,3112.06,3112.06
USDAL,USHOU,MYPGU,"Dallas, TX, USDAL","Houston, TX, USHOU","Pasir Gudang, Johor, , MYPGU",MYPGU,MSCU,MSC,25-348WCSA,DRY,7,6/1/2026,6/30/2026,5/11/2026 4:10,2972,2972,180.06,180.06,3152.06,3152.06
USDAL,USLGB,MYPKG,"Dallas, TX, USDAL",LALB,"Port Klang, 10, MYPKG",MYPKG,OOLU,OOCL,MT256104,DRY,16,4/1/2026,6/30/2026,5/11/2026 4:10,775,775,299.16,299.16,1074.16,1074.16
USDAL,USLAX,MYPKG,"Dallas, TX, USDAL",LALB,"Port Klang, 10, MYPKG",MYPKG,OOLU,OOCL,MT256104,DRY,16,4/1/2026,6/30/2026,5/11/2026 4:10,775,775,299.16,299.16,1074.16,1074.16
USDAL,USLAX,MYPKG,"Dallas, TX, USDAL",LALB,"Port Klang, 10, MYPKG",MYPKG,YMJA,YML,51625,DRY,9,4/23/2026,5/15/2026,5/11/2026 4:10,1075,1075,182.35,182.35,1257.35,1257.35
USDAL,USLAX,MYPKG,"Dallas, TX, USDAL",LALB,"Port Klang, 10, MYPKG",MYPKG,YMJA,YML,51625,DRY,9,5/16/2026,6/30/2026,5/11/2026 4:10,1209,1209,182.35,182.35,1391.35,1391.35
USDAL,USSAV,MYPKG,"Dallas, TX, USDAL","Savannah, GA, USSAV","Port Klang, 10, MYPKG",MYPKG,ONEY,ONE,CHIM354B25,DRY,15,5/16/2026,6/30/2026,5/11/2026 4:10,1400,1400,191.79,191.79,1591.79,1591.79
USDAL,USSAV,MYPKG,"Dallas, TX, USDAL","Savannah, GA, USSAV","Port Klang, 10, MYPKG",MYPKG,ONEY,ONE,CHIM354B25,DRY,15,5/6/2026,5/15/2026,5/11/2026 4:10,1400,1400,191.79,191.79,1591.79,1591.79
USDAL,USLAX,MYPKG,"Dallas, TX, USDAL",LALB,"Port Klang, 10, MYPKG",SGSIN,YMJA,YML,51625,DRY,9,4/23/2026,5/15/2026,5/11/2026 4:10,1560,1560,274.53,274.53,1834.53,1834.53
USDAL,USLAX,MYPKG,"Dallas, TX, USDAL",LALB,"Port Klang, 10, MYPKG",CNSHA,YMJA,YML,51625,DRY,9,4/23/2026,5/15/2026,5/11/2026 4:10,1560,1560,235.27,235.27,1795.27,1795.27
USDAL,USLAX,MYPKG,"Dallas, TX, USDAL",LALB,"Port Klang, 10, MYPKG",CNNBG,YMJA,YML,51625,DRY,9,4/23/2026,5/15/2026,5/11/2026 4:10,1560,1560,235.27,235.27,1795.27,1795.27
USDAL,USLAX,MYPKG,"Dallas, TX, USDAL",LALB,"Port Klang, 10, MYPKG",MYPKG,ONEY,ONE,CHIM354B25,DRY,15,5/6/2026,5/15/2026,5/11/2026 4:10,1575,1575,191.79,191.79,1766.79,1766.79
USDAL,USLAX,MYPKG,"Dallas, TX, USDAL",LALB,"Port Klang, 10, MYPKG",MYPKG,ONEY,ONE,CHIM354B25,DRY,15,5/16/2026,6/30/2026,5/11/2026 4:10,1575,1575,191.79,191.79,1766.79,1766.79
USDAL,USLAX,MYPKG,"Dallas, TX, USDAL",LALB,"Port Klang, 10, MYPKG",CNSHA,YMJA,YML,51625,DRY,9,5/16/2026,6/30/2026,5/11/2026 4:10,1694,1694,235.27,235.27,1929.27,1929.27
USDAL,USLAX,MYPKG,"Dallas, TX, USDAL",LALB,"Port Klang, 10, MYPKG",SGSIN,YMJA,YML,51625,DRY,9,5/16/2026,6/30/2026,5/11/2026 4:10,1694,1694,274.53,274.53,1968.53,1968.53
USDAL,USLAX,MYPKG,"Dallas, TX, USDAL",LALB,"Port Klang, 10, MYPKG",CNNBG,YMJA,YML,51625,DRY,9,5/16/2026,6/30/2026,5/11/2026 4:10,1694,1694,235.27,235.27,1929.27,1929.27
USDAL,USLAX,MYPKG,"Dallas, TX, USDAL",LALB,"Port Klang, 10, MYPKG",SGSIN,YMJA,YML,51625,DRY,9,4/23/2026,5/15/2026,5/11/2026 4:10,1750,1750,274.53,274.53,2024.53,2024.53
USDAL,USLAX,MYPKG,"Dallas, TX, USDAL",LALB,"Port Klang, 10, MYPKG",CNSHA,YMJA,YML,51625,DRY,9,4/23/2026,5/15/2026,5/11/2026 4:10,1750,1750,235.27,235.27,1985.27,1985.27
USDAL,USLAX,MYPKG,"Dallas, TX, USDAL",LALB,"Port Klang, 10, MYPKG",CNSHA,YMJA,YML,51625,DRY,9,5/16/2026,6/30/2026,5/11/2026 4:10,1884,1884,235.27,235.27,2119.27,2119.27
USDAL,USLAX,MYPKG,"Dallas, TX, USDAL",LALB,"Port Klang, 10, MYPKG",SGSIN,YMJA,YML,51625,DRY,9,5/16/2026,6/30/2026,5/11/2026 4:10,1884,1884,274.53,274.53,2158.53,2158.53
USDAL,USLAX,MYPKG,"Dallas, TX, USDAL",LALB,"Port Klang, 10, MYPKG",MYPKG,CMDU,CMA,25-0720,DRY,12,4/18/2026,6/30/2026,5/11/2026 4:10,2080,2080,182.35,182.35,2262.35,2262.35
USDAL,USHOU,MYPKG,"Dallas, TX, USDAL","Houston, TX, USHOU","Port Klang, 10, MYPKG",MYPKG,MSCU,MSC,25-348WCSA,DRY,7,5/1/2026,5/31/2026,5/11/2026 4:10,2932,2932,184.9,184.9,3116.9,3116.9
USDAL,USHOU,MYPKG,"Dallas, TX, USDAL","Houston, TX, USHOU","Port Klang, 10, MYPKG",MYPKG,MSCU,MSC,25-348WCSA,DRY,7,6/1/2026,6/30/2026,5/11/2026 4:10,2972,2972,184.9,184.9,3156.9,3156.9
USDAL,USLAX,MYTPP,"Dallas, TX, USDAL",LALB,"Tanjung Pelepas, 1, MYTPP",MYTPP,CMDU,CMA,25-0720,DRY,12,4/18/2026,6/30/2026,5/11/2026 4:10,2080,2080,194.59,194.59,2274.59,2274.59
USDAL,USHOU,MYTPP,"Dallas, TX, USDAL","Houston, TX, USHOU","Tanjung Pelepas, 1, MYTPP",MYTPP,MSCU,MSC,25-348WCSA,DRY,7,5/1/2026,5/31/2026,5/11/2026 4:10,2932,2932,188.73,188.73,3120.73,3120.73
USDAL,USHOU,MYTPP,"Dallas, TX, USDAL","Houston, TX, USHOU","Tanjung Pelepas, 1, MYTPP",MYTPP,MSCU,MSC,25-348WCSA,DRY,7,6/1/2026,6/30/2026,5/11/2026 4:10,2972,2972,188.73,188.73,3160.73,3160.73
USDAL,USLAX,PAMIT,"Dallas, TX, USDAL",LALB,"Manzanillo, , PAMIT",PAMIT,ONEY,ONE,CHIM354B25,DRY,15,5/16/2026,6/30/2026,5/10/2026 4:10,2125,2125,317,317,2442,2442
USDAL,USLAX,PAMIT,"Dallas, TX, USDAL",LALB,"Manzanillo, , PAMIT",PAMIT,ONEY,ONE,CHIM354B25,DRY,15,5/6/2026,5/15/2026,5/10/2026 4:10,2125,2125,317,317,2442,2442
USDAL,USLAX,PAROD,"Dallas, TX, USDAL",LALB,"Rodman, 8, PAROD",PAROD,ONEY,ONE,CHIM354B25,DRY,15,5/6/2026,5/15/2026,5/10/2026 4:10,2325,2325,322,322,2647,2647
USDAL,USLAX,PAROD,"Dallas, TX, USDAL",LALB,"Rodman, 8, PAROD",PAROD,ONEY,ONE,CHIM354B25,DRY,15,5/16/2026,6/30/2026,5/10/2026 4:10,2325,2325,322,322,2647,2647
USDAL,USLAX,PECLL,"Dallas, TX, USDAL",LALB,"Callao, , PECLL",PECLL,ONEY,ONE,CHIM354B25,DRY,15,5/6/2026,5/15/2026,5/10/2026 4:10,1660,1660,105,105,1765,1765
USDAL,USLAX,PECLL,"Dallas, TX, USDAL",LALB,"Callao, , PECLL",PECLL,ONEY,ONE,CHIM354B25,DRY,15,5/16/2026,6/30/2026,5/10/2026 4:10,1660,1660,105,105,1765,1765
USDAL,USHOU,PECLL,"Dallas, TX, USDAL","Houston, TX, USHOU","Callao, , PECLL",PECLL,MAEU,Maersk,300094432,DRY,0,4/1/2026,9/30/2026,3/25/2026 4:10,2295,2295,110,110,2405,2405
USDAL,USHOU,PECLL,"Dallas, TX, USDAL","Houston, TX, USHOU","Callao, , PECLL",PECLL,MSCU,MSC,25-348WCSA,DRY,7,5/1/2026,5/31/2026,5/10/2026 4:10,2753,2753,65,65,2818,2818
USDAL,USHOU,PECLL,"Dallas, TX, USDAL","Houston, TX, USHOU","Callao, , PECLL",PECLL,MSCU,MSC,25-348WCSA,DRY,7,6/1/2026,6/30/2026,5/10/2026 4:10,3327,3327,65,65,3392,3392
USDAL,USLAX,PEPAI,"Dallas, TX, USDAL",LALB,"Paita, , PEPAI",PEPAI,ONEY,ONE,CHIM354B25,DRY,15,5/16/2026,6/30/2026,5/10/2026 4:10,2710,2710,105,105,2815,2815
USDAL,USLAX,PEPAI,"Dallas, TX, USDAL",LALB,"Paita, , PEPAI",PEPAI,ONEY,ONE,CHIM354B25,DRY,15,5/6/2026,5/15/2026,5/10/2026 4:10,2710,2710,105,105,2815,2815
USDAL,USLAX,PHCEB,"Dallas, TX, USDAL",LALB,"Cebu, , PHCEB",PHCEB,OOLU,OOCL,MT256104,DRY,16,4/1/2026,6/30/2026,5/10/2026 4:10,1320,1320,236,236,1556,1556
USDAL,USLGB,PHCEB,"Dallas, TX, USDAL",LALB,"Cebu, , PHCEB",PHCEB,OOLU,OOCL,MT256104,DRY,16,4/1/2026,6/30/2026,5/10/2026 4:10,1320,1320,236,236,1556,1556
USDAL,USLAX,PHCEB,"Dallas, TX, USDAL",LALB,"Cebu, , PHCEB",TWKHH,YMJA,YML,51625,DRY,9,5/16/2026,6/30/2026,5/11/2026 4:10,2380,2380,223.53,223.53,2603.53,2603.53
USDAL,USLAX,PHCEB,"Dallas, TX, USDAL",LALB,"Cebu, , PHCEB",TWKHH,YMJA,YML,51625,DRY,9,4/23/2026,5/15/2026,5/11/2026 4:10,2380,2380,223.53,223.53,2603.53,2603.53
USDAL,USLAX,PHDVO,"Dallas, TX, USDAL",LALB,"Davao, Mindanao, , PHDVO",PHDVO,EGLV,EMC,SC103574,DRY,4,5/1/2026,6/30/2026,5/10/2026 4:10,1550,1550,253,286,1803,1836
USDAL,USLAX,PHDVO,"Dallas, TX, USDAL",LALB,"Davao, Mindanao, , PHDVO",CNSHA,YMJA,YML,51625,DRY,9,4/23/2026,5/15/2026,5/11/2026 4:10,2285,2285,235.27,235.27,2520.27,2520.27
USDAL,USLAX,PHDVO,"Dallas, TX, USDAL",LALB,"Davao, Mindanao, , PHDVO",SGSIN,YMJA,YML,51625,DRY,9,4/23/2026,5/15/2026,5/11/2026 4:10,2285,2285,274.53,274.53,2559.53,2559.53
USDAL,USLAX,PHDVO,"Dallas, TX, USDAL",LALB,"Davao, Mindanao, , PHDVO",CNSHA,YMJA,YML,51625,DRY,9,5/16/2026,6/30/2026,5/11/2026 4:10,2419,2419,235.27,235.27,2654.27,2654.27
USDAL,USLAX,PHDVO,"Dallas, TX, USDAL",LALB,"Davao, Mindanao, , PHDVO",SGSIN,YMJA,YML,51625,DRY,9,5/16/2026,6/30/2026,5/11/2026 4:10,2419,2419,274.53,274.53,2693.53,2693.53
USDAL,USLAX,PHMNL,"Dallas, TX, USDAL",LALB,"Manila, , PHMNL",PHMNL,OOLU,OOCL,MT256104,DRY,16,4/1/2026,6/30/2026,5/10/2026 4:10,1320,1320,236,236,1556,1556
USDAL,USLGB,PHMNL,"Dallas, TX, USDAL",LALB,"Manila, , PHMNL",PHMNL,OOLU,OOCL,MT256104,DRY,16,4/1/2026,6/30/2026,5/10/2026 4:10,1320,1320,236,236,1556,1556
USDAL,USLAX,PHMNL,"Dallas, TX, USDAL",LALB,"Manila, , PHMNL",PHMNL,ONEY,ONE,CHIM354B25,DRY,15,5/16/2026,6/30/2026,5/10/2026 4:10,1450,1450,265,265,1715,1715
USDAL,USLAX,PHMNL,"Dallas, TX, USDAL",LALB,"Manila, , PHMNL",PHMNL,ONEY,ONE,CHIM354B25,DRY,15,5/6/2026,5/15/2026,5/10/2026 4:10,1450,1450,265,265,1715,1715
USDAL,USLAX,PHMNL,"Dallas, TX, USDAL",LALB,"Manila, , PHMNL",TWKHH,YMJA,YML,51625,DRY,9,5/16/2026,6/30/2026,5/11/2026 4:10,1500,1500,223.53,223.53,1723.53,1723.53
USDAL,USLAX,PHMNL,"Dallas, TX, USDAL",LALB,"Manila, , PHMNL",TWKHH,YMJA,YML,51625,DRY,9,4/23/2026,5/15/2026,5/11/2026 4:10,1500,1500,223.53,223.53,1723.53,1723.53
USDAL,USLAX,PHMNL,"Dallas, TX, USDAL",LALB,"Manila, , PHMNL",PHMNL,EGLV,EMC,SC103574,DRY,4,5/1/2026,6/30/2026,5/10/2026 4:10,1750,1750,230,260,1980,2010
USDAL,USLAX,PHMNL,"Dallas, TX, USDAL",LALB,"Manila, , PHMNL",PHMNL,CMDU,CMA,25-0720,DRY,12,4/18/2026,6/30/2026,5/5/2026 4:10,4680,4680,267,267,4947,4947
USDAL,USHOU,PHMNN,"Dallas, TX, USDAL","Houston, TX, USHOU","Manila North Harbour, , PHMNN",PHMNN,MSCU,MSC,25-348WCSA,DRY,7,5/1/2026,5/31/2026,5/10/2026 4:10,2932,2932,265,265,3197,3197
USDAL,USHOU,PHMNN,"Dallas, TX, USDAL","Houston, TX, USHOU","Manila North Harbour, , PHMNN",PHMNN,MSCU,MSC,25-348WCSA,DRY,7,6/1/2026,6/30/2026,5/10/2026 4:10,2972,2972,265,265,3237,3237
USDAL,USLAX,PHMNS,"Dallas, TX, USDAL",LALB,"Manila South Harbour, , PHMNS",PHMNS,EGLV,EMC,SC103574,DRY,4,5/1/2026,6/30/2026,5/10/2026 4:10,1750,1750,306,336,2056,2086
USDAL,USSAV,PKBQM,"Dallas, TX, USDAL","Savannah, GA, USSAV","Port Qasim/Karachi, SD, PKBQM",PKBQM,OOLU,OOCL,MT256104,DRY,16,4/1/2026,6/30/2026,5/10/2026 3:45,2823,2823,0,0,2823,2823
USDAL,USSAV,PKBQM,"Dallas, TX, USDAL","Savannah, GA, USSAV","Port Qasim/Karachi, SD, PKBQM",PKBQM,CMDU,CMA,25-0720,DRY,12,4/18/2026,6/30/2026,5/5/2026 3:45,3210,3210,0,0,3210,3210
USDAL,USLAX,PKBQM,"Dallas, TX, USDAL",LALB,"Port Qasim/Karachi, SD, PKBQM",PKBQM,CMDU,CMA,25-0720,DRY,12,4/18/2026,6/30/2026,5/5/2026 3:45,3545,3545,0,0,3545,3545
USDAL,USLAX,PKKHI,"Dallas, TX, USDAL",LALB,"Karachi, SD, PKKHI",PKKHI,ONEY,ONE,CHIM354B25,DRY,15,5/6/2026,5/15/2026,5/10/2026 4:10,2060,2060,428,428,2488,2488
USDAL,USLAX,PKKHI,"Dallas, TX, USDAL",LALB,"Karachi, SD, PKKHI",PKKHI,ONEY,ONE,CHIM354B25,DRY,15,5/16/2026,6/30/2026,5/10/2026 4:10,2060,2060,428,428,2488,2488
USDAL,USLAX,PKKHI,"Dallas, TX, USDAL",LALB,"Karachi, SD, PKKHI",PKKHI,EGLV,EMC,SC103574,DRY,4,5/1/2026,6/30/2026,5/10/2026 4:10,2700,2700,170,170,2870,2870
USDAL,USSAV,PKKHI,"Dallas, TX, USDAL","Savannah, GA, USSAV","Karachi, SD, PKKHI",PKKHI,ONEY,ONE,CHIM354B25,DRY,15,5/16/2026,6/30/2026,5/10/2026 4:10,3670,3670,428,428,4098,4098
USDAL,USSAV,PKKHI,"Dallas, TX, USDAL","Savannah, GA, USSAV","Karachi, SD, PKKHI",PKKHI,ONEY,ONE,CHIM354B25,DRY,15,5/6/2026,5/15/2026,5/10/2026 4:10,3670,3670,428,428,4098,4098
USDAL,USLAX,PKKHI,"Dallas, TX, USDAL",LALB,"Karachi, SD, PKKHI",PKKHI,CMDU,CMA,25-0720,DRY,12,4/18/2026,6/30/2026,5/5/2026 3:45,4545,4545,0,0,4545,4545
USDAL,USHOU,PTLEI,"Dallas, TX, USDAL","Houston, TX, USHOU","Leixoes, 13, PTLEI",PTLEI,OOLU,OOCL,MT256104,DRY,16,4/1/2026,6/30/2026,5/10/2026 3:45,2703,2703,0,0,2703,2703
USDAL,USLAX,PTLEI,"Dallas, TX, USDAL",LALB,"Leixoes, 13, PTLEI",PTLEI,ONEY,ONE,CHIM354B25,DRY,15,5/6/2026,9/30/2026,5/11/2026 4:10,3435,3435,351.42,351.42,3786.42,3786.42
USDAL,USCHS,PTLEI,"Dallas, TX, USDAL","Charleston, SC, USCHS","Leixoes, 13, PTLEI",PTLEI,ONEY,ONE,CHIM354B25,DRY,15,5/16/2026,6/30/2026,5/11/2026 4:10,3668,3668,351.42,351.42,4019.42,4019.42
USDAL,USCHS,PTLEI,"Dallas, TX, USDAL","Charleston, SC, USCHS","Leixoes, 13, PTLEI",PTLEI,ONEY,ONE,CHIM354B25,DRY,15,5/6/2026,5/15/2026,5/11/2026 4:10,3668,3668,351.42,351.42,4019.42,4019.42
USDAL,USSAV,PTLEI,"Dallas, TX, USDAL","Savannah, GA, USSAV","Leixoes, 13, PTLEI",PTLEI,ONEY,ONE,CHIM354B25,DRY,15,5/6/2026,5/15/2026,5/11/2026 4:10,3693,3693,351.42,351.42,4044.42,4044.42
USDAL,USSAV,PTLEI,"Dallas, TX, USDAL","Savannah, GA, USSAV","Leixoes, 13, PTLEI",PTLEI,ONEY,ONE,CHIM354B25,DRY,15,5/16/2026,6/30/2026,5/11/2026 4:10,3693,3693,351.42,351.42,4044.42,4044.42
USDAL,USLAX,PTLIS,"Dallas, TX, USDAL",LALB,"Lisboa, 11, PTLIS",PTLIS,ONEY,ONE,CHIM354B25,DRY,15,5/6/2026,9/30/2026,5/11/2026 4:10,3785,3785,351.42,351.42,4136.42,4136.42
USDAL,USSAV,PTLIS,"Dallas, TX, USDAL","Savannah, GA, USSAV","Lisboa, 11, PTLIS",PTLIS,ONEY,ONE,CHIM354B25,DRY,15,5/6/2026,5/15/2026,5/11/2026 4:10,4043,4043,351.42,351.42,4394.42,4394.42
USDAL,USSAV,PTLIS,"Dallas, TX, USDAL","Savannah, GA, USSAV","Lisboa, 11, PTLIS",PTLIS,ONEY,ONE,CHIM354B25,DRY,15,5/16/2026,6/30/2026,5/11/2026 4:10,4043,4043,351.42,351.42,4394.42,4394.42
USDAL,USLAX,SGSIN,"Dallas, TX, USDAL",LALB,"Singapore, , SGSIN",SGSIN,OOLU,OOCL,MT256104,DRY,16,4/1/2026,6/30/2026,5/11/2026 4:10,835,835,305.91,305.91,1140.91,1140.91
USDAL,USLGB,SGSIN,"Dallas, TX, USDAL",LALB,"Singapore, , SGSIN",SGSIN,OOLU,OOCL,MT256104,DRY,16,4/1/2026,6/30/2026,5/11/2026 4:10,835,835,305.91,305.91,1140.91,1140.91
USDAL,USLAX,SGSIN,"Dallas, TX, USDAL",LALB,"Singapore, , SGSIN",SGSIN,YMJA,YML,51625,DRY,9,4/23/2026,5/15/2026,5/11/2026 4:10,950,950,274.53,274.53,1224.53,1224.53
USDAL,USLAX,SGSIN,"Dallas, TX, USDAL",LALB,"Singapore, , SGSIN",SGSIN,YMJA,YML,51625,DRY,9,5/16/2026,6/30/2026,5/11/2026 4:10,1084,1084,274.53,274.53,1358.53,1358.53
USDAL,USLAX,SGSIN,"Dallas, TX, USDAL",LALB,"Singapore, , SGSIN",SGSIN,YMJA,YML,51625,DRY,9,4/23/2026,5/15/2026,5/11/2026 4:10,1150,1150,274.53,274.53,1424.53,1424.53
USDAL,USLAX,SGSIN,"Dallas, TX, USDAL",LALB,"Singapore, , SGSIN",SGSIN,ONEY,ONE,CHIM354B25,DRY,15,5/16/2026,6/30/2026,5/11/2026 4:10,1250,1250,346.69,346.69,1596.69,1596.69
USDAL,USLAX,SGSIN,"Dallas, TX, USDAL",LALB,"Singapore, , SGSIN",SGSIN,ONEY,ONE,CHIM354B25,DRY,15,5/6/2026,5/15/2026,5/11/2026 4:10,1250,1250,346.69,346.69,1596.69,1596.69
USDAL,USLAX,SGSIN,"Dallas, TX, USDAL",LALB,"Singapore, , SGSIN",CNSHA,YMJA,YML,51625,DRY,9,4/23/2026,5/15/2026,5/11/2026 4:10,1280,1280,235.27,235.27,1515.27,1515.27
USDAL,USLAX,SGSIN,"Dallas, TX, USDAL",LALB,"Singapore, , SGSIN",CNNBG,YMJA,YML,51625,DRY,9,4/23/2026,5/15/2026,5/11/2026 4:10,1280,1280,235.27,235.27,1515.27,1515.27
USDAL,USLAX,SGSIN,"Dallas, TX, USDAL",LALB,"Singapore, , SGSIN",SGSIN,YMJA,YML,51625,DRY,9,5/16/2026,6/30/2026,5/11/2026 4:10,1284,1284,274.53,274.53,1558.53,1558.53
USDAL,USLAX,SGSIN,"Dallas, TX, USDAL",LALB,"Singapore, , SGSIN",CNSHA,YMJA,YML,51625,DRY,9,5/16/2026,6/30/2026,5/11/2026 4:10,1414,1414,235.27,235.27,1649.27,1649.27
USDAL,USLAX,SGSIN,"Dallas, TX, USDAL",LALB,"Singapore, , SGSIN",CNNBG,YMJA,YML,51625,DRY,9,5/16/2026,6/30/2026,5/11/2026 4:10,1414,1414,235.27,235.27,1649.27,1649.27
USDAL,USLAX,SGSIN,"Dallas, TX, USDAL",LALB,"Singapore, , SGSIN",SGSIN,CMDU,CMA,25-0720,DRY,12,4/18/2026,6/30/2026,5/11/2026 4:10,1980,1980,290.22,290.22,2270.22,2270.22
USDAL,USHOU,SGSIN,"Dallas, TX, USDAL","Houston, TX, USHOU","Singapore, , SGSIN",SGSIN,MSCU,MSC,25-348WCSA,DRY,7,5/1/2026,5/31/2026,5/11/2026 4:10,2932,2932,290.22,290.22,3222.22,3222.22
USDAL,USHOU,SGSIN,"Dallas, TX, USDAL","Houston, TX, USHOU","Singapore, , SGSIN",SGSIN,MSCU,MSC,25-348WCSA,DRY,7,6/1/2026,6/30/2026,5/11/2026 4:10,2972,2972,290.22,290.22,3262.22,3262.22
USDAL,USLAX,THBKK,"Dallas, TX, USDAL",LALB,"Bangkok, , THBKK",THBKK,OOLU,OOCL,MT256104,DRY,16,4/1/2026,6/30/2026,5/11/2026 4:10,1085,1085,135.08,135.08,1220.08,1220.08
USDAL,USLGB,THBKK,"Dallas, TX, USDAL",LALB,"Bangkok, , THBKK",THBKK,OOLU,OOCL,MT256104,DRY,16,4/1/2026,6/30/2026,5/11/2026 4:10,1085,1085,135.08,135.08,1220.08,1220.08
USDAL,USLAX,THBKK,"Dallas, TX, USDAL",LALB,"Bangkok, , THBKK",THBKK,YMJA,YML,51625,DRY,9,4/23/2026,5/15/2026,5/11/2026 4:10,1100,1100,136.63,136.63,1236.63,1236.63
USDAL,USLAX,THBKK,"Dallas, TX, USDAL",LALB,"Bangkok, , THBKK",THBKK,YMJA,YML,51625,DRY,9,5/16/2026,6/30/2026,5/11/2026 4:10,1234,1234,136.63,136.63,1370.63,1370.63
USDAL,USLAX,THBKK,"Dallas, TX, USDAL",LALB,"Bangkok, , THBKK",CNNBG,YMJA,YML,51625,DRY,9,4/23/2026,5/15/2026,5/11/2026 4:10,1400,1400,235.27,235.27,1635.27,1635.27
USDAL,USLAX,THBKK,"Dallas, TX, USDAL",LALB,"Bangkok, , THBKK",CNSHA,YMJA,YML,51625,DRY,9,4/23/2026,5/15/2026,5/11/2026 4:10,1400,1400,235.27,235.27,1635.27,1635.27
USDAL,USLAX,THBKK,"Dallas, TX, USDAL",LALB,"Bangkok, , THBKK",SGSIN,YMJA,YML,51625,DRY,9,4/23/2026,5/15/2026,5/11/2026 4:10,1400,1400,274.53,274.53,1674.53,1674.53
USDAL,USLAX,THBKK,"Dallas, TX, USDAL",LALB,"Bangkok, , THBKK",SGSIN,YMJA,YML,51625,DRY,9,5/16/2026,6/30/2026,5/11/2026 4:10,1534,1534,274.53,274.53,1808.53,1808.53
USDAL,USLAX,THBKK,"Dallas, TX, USDAL",LALB,"Bangkok, , THBKK",CNNBG,YMJA,YML,51625,DRY,9,5/16/2026,6/30/2026,5/11/2026 4:10,1534,1534,235.27,235.27,1769.27,1769.27
USDAL,USLAX,THBKK,"Dallas, TX, USDAL",LALB,"Bangkok, , THBKK",CNSHA,YMJA,YML,51625,DRY,9,5/16/2026,6/30/2026,5/11/2026 4:10,1534,1534,235.27,235.27,1769.27,1769.27
USDAL,USLAX,THBKK,"Dallas, TX, USDAL",LALB,"Bangkok, , THBKK",THBKK,EGLV,EMC,SC103574,DRY,4,5/1/2026,6/30/2026,5/11/2026 4:10,1950,1950,133.53,133.53,2083.53,2083.53
USDAL,USLAX,THBKK,"Dallas, TX, USDAL",LALB,"Bangkok, , THBKK",THBKK,ONEY,ONE,CHIM354B25,DRY,15,5/6/2026,5/15/2026,5/11/2026 4:10,2015,2015,192.53,192.53,2207.53,2207.53
USDAL,USLAX,THBKK,"Dallas, TX, USDAL",LALB,"Bangkok, , THBKK",THBKK,ONEY,ONE,CHIM354B25,DRY,15,5/16/2026,6/30/2026,5/11/2026 4:10,2015,2015,192.53,192.53,2207.53,2207.53
USDAL,USLAX,THBKK,"Dallas, TX, USDAL",LALB,"Bangkok, , THBKK",THLCH,CMDU,CMA,25-0720,DRY,12,4/18/2026,6/30/2026,5/11/2026 4:10,2280,2280,133.53,136.32,2413.53,2416.32
USDAL,USHOU,THBKK,"Dallas, TX, USDAL","Houston, TX, USHOU","Bangkok, , THBKK",LAEM CHABANG,MSCU,MSC,25-348WCSA,DRY,7,5/1/2026,5/31/2026,5/11/2026 4:10,2962,2962,133.53,133.53,3095.53,3095.53
USDAL,USHOU,THBKK,"Dallas, TX, USDAL","Houston, TX, USHOU","Bangkok, , THBKK",LAEM CHABANG,MSCU,MSC,25-348WCSA,DRY,7,6/1/2026,6/30/2026,5/11/2026 4:10,3002,3002,133.53,133.53,3135.53,3135.53
USDAL,USHOU,THBMT,"Dallas, TX, USDAL","Houston, TX, USHOU","Bangkok Modern Terminals, , THBMT",LAEM CHABANG,MSCU,MSC,25-348WCSA,DRY,7,5/1/2026,5/31/2026,5/11/2026 4:10,2962,2962,133.53,133.53,3095.53,3095.53
USDAL,USHOU,THBMT,"Dallas, TX, USDAL","Houston, TX, USHOU","Bangkok Modern Terminals, , THBMT",LAEM CHABANG,MSCU,MSC,25-348WCSA,DRY,7,6/1/2026,6/30/2026,5/11/2026 4:10,3002,3002,133.53,133.53,3135.53,3135.53
USDAL,USLGB,THLCH,"Dallas, TX, USDAL",LALB,"Laem Chabang, 20, THLCH",THLCH,OOLU,OOCL,MT256104,DRY,16,4/1/2026,6/30/2026,5/11/2026 4:10,735,735,135.08,135.08,870.08,870.08
USDAL,USLAX,THLCH,"Dallas, TX, USDAL",LALB,"Laem Chabang, 20, THLCH",THLCH,OOLU,OOCL,MT256104,DRY,16,4/1/2026,6/30/2026,5/11/2026 4:10,735,735,135.08,135.08,870.08,870.08
USDAL,USLAX,THLCH,"Dallas, TX, USDAL",LALB,"Laem Chabang, 20, THLCH",THLCH,YMJA,YML,51625,DRY,9,4/23/2026,5/15/2026,5/11/2026 4:10,1150,1150,136.63,136.63,1286.63,1286.63
USDAL,USLAX,THLCH,"Dallas, TX, USDAL",LALB,"Laem Chabang, 20, THLCH",THLCH,YMJA,YML,51625,DRY,9,5/16/2026,6/30/2026,5/11/2026 4:10,1284,1284,136.63,136.63,1420.63,1420.63
USDAL,USLAX,THLCH,"Dallas, TX, USDAL",LALB,"Laem Chabang, 20, THLCH",SGSIN,YMJA,YML,51625,DRY,9,4/23/2026,5/15/2026,5/11/2026 4:10,1320,1320,274.53,274.53,1594.53,1594.53
USDAL,USLAX,THLCH,"Dallas, TX, USDAL",LALB,"Laem Chabang, 20, THLCH",SGSIN,YMJA,YML,51625,DRY,9,5/16/2026,6/30/2026,5/11/2026 4:10,1454,1454,274.53,274.53,1728.53,1728.53
USDAL,USLAX,THLCH,"Dallas, TX, USDAL",LALB,"Laem Chabang, 20, THLCH",CNSHA,YMJA,YML,51625,DRY,9,4/23/2026,5/15/2026,5/11/2026 4:10,1470,1470,235.27,235.27,1705.27,1705.27
USDAL,USLAX,THLCH,"Dallas, TX, USDAL",LALB,"Laem Chabang, 20, THLCH",CNNBG,YMJA,YML,51625,DRY,9,4/23/2026,5/15/2026,5/11/2026 4:10,1470,1470,235.27,235.27,1705.27,1705.27
USDAL,USLAX,THLCH,"Dallas, TX, USDAL",LALB,"Laem Chabang, 20, THLCH",CNSHA,YMJA,YML,51625,DRY,9,5/16/2026,6/30/2026,5/11/2026 4:10,1604,1604,235.27,235.27,1839.27,1839.27
USDAL,USLAX,THLCH,"Dallas, TX, USDAL",LALB,"Laem Chabang, 20, THLCH",CNNBG,YMJA,YML,51625,DRY,9,5/16/2026,6/30/2026,5/11/2026 4:10,1604,1604,235.27,235.27,1839.27,1839.27
USDAL,USLAX,THLCH,"Dallas, TX, USDAL",LALB,"Laem Chabang, 20, THLCH",THLCH,ONEY,ONE,CHIM354B25,DRY,15,5/6/2026,5/15/2026,5/11/2026 4:10,1675,1675,253.39,253.39,1928.39,1928.39
USDAL,USLAX,THLCH,"Dallas, TX, USDAL",LALB,"Laem Chabang, 20, THLCH",THLCH,ONEY,ONE,CHIM354B25,DRY,15,5/16/2026,6/30/2026,5/11/2026 4:10,1675,1675,253.39,253.39,1928.39,1928.39
USDAL,USLAX,THLCH,"Dallas, TX, USDAL",LALB,"Laem Chabang, 20, THLCH",THLCH,EGLV,EMC,SC103574,DRY,4,5/1/2026,6/30/2026,5/11/2026 4:10,1950,1950,133.53,133.53,2083.53,2083.53
USDAL,USLAX,THLCH,"Dallas, TX, USDAL",LALB,"Laem Chabang, 20, THLCH",THLCH,CMDU,CMA,25-0720,DRY,12,4/18/2026,6/30/2026,5/11/2026 4:10,2180,2180,133.53,136.32,2313.53,2316.32
USDAL,USHOU,THLCH,"Dallas, TX, USDAL","Houston, TX, USHOU","Laem Chabang, 20, THLCH",THLCH,MSCU,MSC,25-348WCSA,DRY,7,5/1/2026,5/31/2026,5/11/2026 4:10,2787,2787,133.53,133.53,2920.53,2920.53
USDAL,USHOU,THLCH,"Dallas, TX, USDAL","Houston, TX, USHOU","Laem Chabang, 20, THLCH",THLCH,MSCU,MSC,25-348WCSA,DRY,7,6/1/2026,6/30/2026,5/11/2026 4:10,2827,2827,133.53,133.53,2960.53,2960.53
USDAL,USLAX,THLKR,"Dallas, TX, USDAL",LALB,"Lat Krabang, 10, THLKR",THLKR,OOLU,OOCL,MT256104,DRY,16,4/1/2026,6/30/2026,5/11/2026 4:10,1085,1085,135.08,135.08,1220.08,1220.08
USDAL,USLGB,THLKR,"Dallas, TX, USDAL",LALB,"Lat Krabang, 10, THLKR",THLKR,OOLU,OOCL,MT256104,DRY,16,4/1/2026,6/30/2026,5/11/2026 4:10,1085,1085,135.08,135.08,1220.08,1220.08
USDAL,USLAX,THLKR,"Dallas, TX, USDAL",LALB,"Lat Krabang, 10, THLKR",THLKR,YMJA,YML,51625,DRY,9,4/23/2026,5/15/2026,5/11/2026 4:10,1100,1100,136.63,136.63,1236.63,1236.63
USDAL,USLAX,THLKR,"Dallas, TX, USDAL",LALB,"Lat Krabang, 10, THLKR",THLKR,YMJA,YML,51625,DRY,9,5/16/2026,6/30/2026,5/11/2026 4:10,1234,1234,136.63,136.63,1370.63,1370.63
USDAL,USLAX,THLKR,"Dallas, TX, USDAL",LALB,"Lat Krabang, 10, THLKR",THLKR,ONEY,ONE,CHIM354B25,DRY,15,5/6/2026,5/15/2026,5/11/2026 4:10,1630,1630,253.39,253.39,1883.39,1883.39
USDAL,USLAX,THLKR,"Dallas, TX, USDAL",LALB,"Lat Krabang, 10, THLKR",THLKR,ONEY,ONE,CHIM354B25,DRY,15,5/16/2026,6/30/2026,5/11/2026 4:10,1630,1630,253.39,253.39,1883.39,1883.39
USDAL,USLAX,THLKR,"Dallas, TX, USDAL",LALB,"Lat Krabang, 10, THLKR",THLCH,CMDU,CMA,25-0720,DRY,12,4/18/2026,6/30/2026,5/11/2026 4:10,2280,2280,133.53,136.32,2413.53,2416.32
USDAL,USHOU,THLKR,"Dallas, TX, USDAL","Houston, TX, USHOU","Lat Krabang, 10, THLKR",LAEM CHABANG,MSCU,MSC,25-348WCSA,DRY,7,5/1/2026,5/31/2026,5/11/2026 4:10,2912,2912,133.53,133.53,3045.53,3045.53
USDAL,USHOU,THLKR,"Dallas, TX, USDAL","Houston, TX, USHOU","Lat Krabang, 10, THLKR",LAEM CHABANG,MSCU,MSC,25-348WCSA,DRY,7,6/1/2026,6/30/2026,5/11/2026 4:10,2952,2952,133.53,133.53,3085.53,3085.53
USDAL,USLAX,THSBP,"Dallas, TX, USDAL",LALB,"Siam Bangkok Port, , THSBP",THSBP,YMJA,YML,51625,DRY,9,4/23/2026,5/15/2026,5/11/2026 4:10,1150,1150,136.63,136.63,1286.63,1286.63
USDAL,USLAX,THSBP,"Dallas, TX, USDAL",LALB,"Siam Bangkok Port, , THSBP",THSBP,YMJA,YML,51625,DRY,9,5/16/2026,6/30/2026,5/11/2026 4:10,1284,1284,136.63,136.63,1420.63,1420.63
USDAL,USLAX,THSGZ,"Dallas, TX, USDAL",LALB,"Songkhla, 90, THSGZ",SGSIN,YMJA,YML,51625,DRY,9,4/23/2026,5/15/2026,5/11/2026 4:10,2270,2270,274.53,274.53,2544.53,2544.53
USDAL,USLAX,THSGZ,"Dallas, TX, USDAL",LALB,"Songkhla, 90, THSGZ",SGSIN,YMJA,YML,51625,DRY,9,5/16/2026,6/30/2026,5/11/2026 4:10,2404,2404,274.53,274.53,2678.53,2678.53
USDAL,USSAV,TRALI,"Dallas, TX, USDAL","Savannah, GA, USSAV","Aliaga, 35, TRALI",TRALI,ONEY,ONE,CHIM354B25,DRY,15,5/16/2026,6/30/2026,5/10/2026 4:10,2300,2300,400,400,2700,2700
USDAL,USSAV,TRALI,"Dallas, TX, USDAL","Savannah, GA, USSAV","Aliaga, 35, TRALI",TRALI,ONEY,ONE,CHIM354B25,DRY,15,5/6/2026,5/15/2026,5/10/2026 4:10,2300,2300,400,400,2700,2700
USDAL,USSAV,TRALI,"Dallas, TX, USDAL","Savannah, GA, USSAV","Aliaga, 35, TRALI",TRALI,OOLU,OOCL,MT256104,DRY,16,4/1/2026,6/30/2026,5/10/2026 4:10,2660,2660,377,377,3037,3037
USDAL,USHOU,TRALI,"Dallas, TX, USDAL","Houston, TX, USHOU","Aliaga, 35, TRALI",TRALI,MSCU,MSC,25-348WCSA,DRY,7,5/1/2026,5/31/2026,5/10/2026 3:45,2978,2978,0,0,2978,2978
USDAL,USHOU,TRALI,"Dallas, TX, USDAL","Houston, TX, USHOU","Aliaga, 35, TRALI",TRALI,MSCU,MSC,25-348WCSA,DRY,7,6/1/2026,6/30/2026,5/10/2026 3:45,3278,3278,0,0,3278,3278
USDAL,USHOU,TREYP,"Dallas, TX, USDAL","Houston, TX, USHOU","Evyap Port /Kocaeli, 41, TREYP",TREYP,MSCU,MSC,25-348WCSA,DRY,7,5/1/2026,5/31/2026,5/10/2026 3:45,2978,2978,0,0,2978,2978
USDAL,USHOU,TREYP,"Dallas, TX, USDAL","Houston, TX, USHOU","Evyap Port /Kocaeli, 41, TREYP",TREYP,MSCU,MSC,25-348WCSA,DRY,7,6/1/2026,6/30/2026,5/10/2026 3:45,3278,3278,0,0,3278,3278
USDAL,USSAV,TRGEB,"Dallas, TX, USDAL","Savannah, GA, USSAV","Gebze, 41, TRGEB",TRGEB,OOLU,OOCL,MT256104,DRY,16,4/1/2026,6/30/2026,5/10/2026 3:45,3635,3635,0,0,3635,3635
USDAL,USHOU,TRGEM,"Dallas, TX, USDAL","Houston, TX, USHOU","Gemlik, 16, TRGEM",TRGEM,MSCU,MSC,25-348WCSA,DRY,7,5/1/2026,5/31/2026,5/10/2026 3:45,2978,2978,0,0,2978,2978
USDAL,USHOU,TRGEM,"Dallas, TX, USDAL","Houston, TX, USHOU","Gemlik, 16, TRGEM",TRGEM,MSCU,MSC,25-348WCSA,DRY,7,6/1/2026,6/30/2026,5/10/2026 3:45,3278,3278,0,0,3278,3278
USDAL,USSAV,TRGEM,"Dallas, TX, USDAL","Savannah, GA, USSAV","Gemlik, 16, TRGEM",TRGEM,OOLU,OOCL,MT256104,DRY,16,4/1/2026,6/30/2026,5/10/2026 3:45,3635,3635,0,0,3635,3635
USDAL,USSAV,TRISK,"Dallas, TX, USDAL","Savannah, GA, USSAV","Iskenderun, 31, TRISK",TRISK,ONEY,ONE,CHIM354B25,DRY,15,5/16/2026,6/30/2026,5/10/2026 4:10,2300,2300,350,350,2650,2650
USDAL,USSAV,TRISK,"Dallas, TX, USDAL","Savannah, GA, USSAV","Iskenderun, 31, TRISK",TRISK,ONEY,ONE,CHIM354B25,DRY,15,5/6/2026,5/15/2026,5/10/2026 4:10,2300,2300,350,350,2650,2650
USDAL,USSAV,TRISK,"Dallas, TX, USDAL","Savannah, GA, USSAV","Iskenderun, 31, TRISK",TRISK,OOLU,OOCL,MT256104,DRY,16,4/1/2026,6/30/2026,5/10/2026 4:10,2583,2583,275,275,2858,2858
USDAL,USHOU,TRISK,"Dallas, TX, USDAL","Houston, TX, USHOU","Iskenderun, 31, TRISK",TRISK,MSCU,MSC,25-348WCSA,DRY,7,5/1/2026,5/31/2026,5/10/2026 3:45,2978,2978,0,0,2978,2978
USDAL,USHOU,TRISK,"Dallas, TX, USDAL","Houston, TX, USHOU","Iskenderun, 31, TRISK",TRISK,MSCU,MSC,25-348WCSA,DRY,7,6/1/2026,6/30/2026,5/10/2026 3:45,3278,3278,0,0,3278,3278
USDAL,USSAV,TRIST,"Dallas, TX, USDAL","Savannah, GA, USSAV","Istanbul, 34, TRIST",TRIST,ONEY,ONE,CHIM354B25,DRY,15,5/6/2026,5/15/2026,5/10/2026 4:10,2300,2300,400,400,2700,2700
USDAL,USSAV,TRIST,"Dallas, TX, USDAL","Savannah, GA, USSAV","Istanbul, 34, TRIST",TRIST,ONEY,ONE,CHIM354B25,DRY,15,5/16/2026,6/30/2026,5/10/2026 4:10,2300,2300,400,400,2700,2700
USDAL,USHOU,TRIST,"Dallas, TX, USDAL","Houston, TX, USHOU","Istanbul, 34, TRIST",TRIST,MSCU,MSC,25-348WCSA,DRY,7,5/1/2026,5/31/2026,5/10/2026 3:45,2978,2978,0,0,2978,2978
USDAL,USHOU,TRIST,"Dallas, TX, USDAL","Houston, TX, USHOU","Istanbul, 34, TRIST",TRIST,MSCU,MSC,25-348WCSA,DRY,7,6/1/2026,6/30/2026,5/10/2026 3:45,3278,3278,0,0,3278,3278
USDAL,USHOU,TRIZM,"Dallas, TX, USDAL","Houston, TX, USHOU","Izmir, 35, TRIZM",TRIZM,MSCU,MSC,25-348WCSA,DRY,7,5/1/2026,5/31/2026,5/10/2026 3:45,2978,2978,0,0,2978,2978
USDAL,USSAV,TRIZM,"Dallas, TX, USDAL","Savannah, GA, USSAV","Izmir, 35, TRIZM",TRIZM,OOLU,OOCL,MT256104,DRY,16,4/1/2026,6/30/2026,5/10/2026 4:10,3060,3060,275,275,3335,3335
USDAL,USHOU,TRIZM,"Dallas, TX, USDAL","Houston, TX, USHOU","Izmir, 35, TRIZM",TRIZM,MSCU,MSC,25-348WCSA,DRY,7,6/1/2026,6/30/2026,5/10/2026 3:45,3278,3278,0,0,3278,3278
USDAL,USHOU,TRMER,"Dallas, TX, USDAL","Houston, TX, USHOU","Mersin, 33, TRMER",TRMER,MSCU,MSC,25-348WCSA,DRY,7,5/1/2026,5/31/2026,5/10/2026 3:45,2978,2978,0,0,2978,2978
USDAL,USSAV,TRMER,"Dallas, TX, USDAL","Savannah, GA, USSAV","Mersin, 33, TRMER",TRMER,OOLU,OOCL,MT256104,DRY,16,4/1/2026,6/30/2026,5/10/2026 4:10,3102,3102,272,272,3374,3374
USDAL,USHOU,TRMER,"Dallas, TX, USDAL","Houston, TX, USHOU","Mersin, 33, TRMER",TRMER,MSCU,MSC,25-348WCSA,DRY,7,6/1/2026,6/30/2026,5/10/2026 3:45,3278,3278,0,0,3278,3278
USDAL,USHOU,TRTEK,"Dallas, TX, USDAL","Houston, TX, USHOU","Tekirdag, 59, TRTEK",TRTEK,MSCU,MSC,25-348WCSA,DRY,7,5/1/2026,5/31/2026,5/10/2026 3:45,2978,2978,0,0,2978,2978
USDAL,USHOU,TRTEK,"Dallas, TX, USDAL","Houston, TX, USHOU","Tekirdag, 59, TRTEK",TRTEK,MSCU,MSC,25-348WCSA,DRY,7,6/1/2026,6/30/2026,5/10/2026 3:45,3278,3278,0,0,3278,3278
USDAL,USLGB,TWKEL,"Dallas, TX, USDAL",LALB,"Keelung, , TWKEL",TWKEL,OOLU,OOCL,MT256104,DRY,16,4/1/2026,6/30/2026,5/11/2026 4:10,840,840,223.53,251.47,1063.53,1091.47
USDAL,USLAX,TWKEL,"Dallas, TX, USDAL",LALB,"Keelung, , TWKEL",TWKEL,OOLU,OOCL,MT256104,DRY,16,4/1/2026,6/30/2026,5/11/2026 4:10,840,840,223.53,251.47,1063.53,1091.47
USDAL,USLAX,TWKEL,"Dallas, TX, USDAL",LALB,"Keelung, , TWKEL",TWKEL,YMJA,YML,51625,DRY,9,4/25/2026,5/15/2026,5/11/2026 4:10,900,900,223.53,223.53,1123.53,1123.53
USDAL,USLAX,TWKEL,"Dallas, TX, USDAL",LALB,"Keelung, , TWKEL",TWKEL,YMJA,YML,51625,DRY,9,5/16/2026,6/30/2026,5/11/2026 4:10,900,900,223.53,223.53,1123.53,1123.53
USDAL,USLAX,TWKEL,"Dallas, TX, USDAL",LALB,"Keelung, , TWKEL",TWKEL,YMJA,YML,51625,DRY,9,5/16/2026,6/30/2026,5/11/2026 4:10,1000,1000,223.53,223.53,1223.53,1223.53
USDAL,USLAX,TWKEL,"Dallas, TX, USDAL",LALB,"Keelung, , TWKEL",TWKEL,YMJA,YML,51625,DRY,9,4/23/2026,5/15/2026,5/11/2026 4:10,1000,1000,223.53,223.53,1223.53,1223.53
USDAL,USLAX,TWKEL,"Dallas, TX, USDAL",LALB,"Keelung, , TWKEL",TWKEL,ONEY,ONE,CHIM354B25,DRY,15,5/6/2026,5/15/2026,5/11/2026 4:10,1050,1050,223.53,251.47,1273.53,1301.47
USDAL,USLAX,TWKEL,"Dallas, TX, USDAL",LALB,"Keelung, , TWKEL",TWKEL,ONEY,ONE,CHIM354B25,DRY,15,5/16/2026,6/30/2026,5/11/2026 4:10,1050,1050,223.53,251.47,1273.53,1301.47
USDAL,USLAX,TWKEL,"Dallas, TX, USDAL",LALB,"Keelung, , TWKEL",TWKHH,YMJA,YML,51625,DRY,9,5/16/2026,6/30/2026,5/11/2026 4:10,1350,1350,223.53,223.53,1573.53,1573.53
USDAL,USLAX,TWKEL,"Dallas, TX, USDAL",LALB,"Keelung, , TWKEL",TWKHH,YMJA,YML,51625,DRY,9,4/23/2026,5/15/2026,5/11/2026 4:10,1350,1350,223.53,223.53,1573.53,1573.53
USDAL,USHOU,TWKEL,"Dallas, TX, USDAL","Houston, TX, USHOU","Keelung, , TWKEL",TWKEL,MSCU,MSC,25-348WCSA,DRY,7,5/1/2026,5/31/2026,5/11/2026 4:10,2337,2337,223.53,223.53,2560.53,2560.53
USDAL,USHOU,TWKEL,"Dallas, TX, USDAL","Houston, TX, USHOU","Keelung, , TWKEL",TWKEL,MSCU,MSC,25-348WCSA,DRY,7,6/1/2026,6/30/2026,5/11/2026 4:10,2377,2377,223.53,223.53,2600.53,2600.53
USDAL,USLGB,TWKHH,"Dallas, TX, USDAL",LALB,"Kaohsiung, , TWKHH",TWKHH,OOLU,OOCL,MT256104,DRY,16,4/1/2026,6/30/2026,5/11/2026 4:10,660,660,223.53,251.47,883.53,911.47
USDAL,USLAX,TWKHH,"Dallas, TX, USDAL",LALB,"Kaohsiung, , TWKHH",TWKHH,OOLU,OOCL,MT256104,DRY,16,4/1/2026,6/30/2026,5/11/2026 4:10,660,660,223.53,251.47,883.53,911.47
USDAL,USLAX,TWKHH,"Dallas, TX, USDAL",LALB,"Kaohsiung, , TWKHH",TWKHH,YMJA,YML,51625,DRY,9,5/16/2026,6/30/2026,5/11/2026 4:10,900,900,223.53,223.53,1123.53,1123.53
USDAL,USLAX,TWKHH,"Dallas, TX, USDAL",LALB,"Kaohsiung, , TWKHH",TWKHH,YMJA,YML,51625,DRY,9,4/25/2026,5/15/2026,5/11/2026 4:10,900,900,223.53,223.53,1123.53,1123.53
USDAL,USLAX,TWKHH,"Dallas, TX, USDAL",LALB,"Kaohsiung, , TWKHH",TWKHH,YMJA,YML,51625,DRY,9,5/16/2026,6/30/2026,5/11/2026 4:10,1000,1000,223.53,223.53,1223.53,1223.53
USDAL,USLAX,TWKHH,"Dallas, TX, USDAL",LALB,"Kaohsiung, , TWKHH",TWKHH,YMJA,YML,51625,DRY,9,4/23/2026,5/15/2026,5/11/2026 4:10,1000,1000,223.53,223.53,1223.53,1223.53
USDAL,USLAX,TWKHH,"Dallas, TX, USDAL",LALB,"Kaohsiung, , TWKHH",TWKHH,ONEY,ONE,CHIM354B25,DRY,15,5/16/2026,6/30/2026,5/11/2026 4:10,1050,1050,223.53,251.47,1273.53,1301.47
USDAL,USLAX,TWKHH,"Dallas, TX, USDAL",LALB,"Kaohsiung, , TWKHH",TWKHH,ONEY,ONE,CHIM354B25,DRY,15,5/6/2026,5/15/2026,5/11/2026 4:10,1050,1050,223.53,251.47,1273.53,1301.47
USDAL,USLAX,TWKHH,"Dallas, TX, USDAL",LALB,"Kaohsiung, , TWKHH",TWKHH,EGLV,EMC,SC103574,DRY,4,5/1/2026,6/30/2026,5/11/2026 4:10,1500,1500,223.53,223.53,1723.53,1723.53
USDAL,USHOU,TWKHH,"Dallas, TX, USDAL","Houston, TX, USHOU","Kaohsiung, , TWKHH",TWKHH,MSCU,MSC,25-348WCSA,DRY,7,5/1/2026,5/31/2026,5/11/2026 4:10,2337,2337,223.53,223.53,2560.53,2560.53
USDAL,USHOU,TWKHH,"Dallas, TX, USDAL","Houston, TX, USHOU","Kaohsiung, , TWKHH",TWKHH,MSCU,MSC,25-348WCSA,DRY,7,6/1/2026,6/30/2026,5/11/2026 4:10,2377,2377,223.53,223.53,2600.53,2600.53
USDAL,USLAX,TWKHH,"Dallas, TX, USDAL",LALB,"Kaohsiung, , TWKHH",TWKHH,CMDU,CMA,25-0720,DRY,12,4/18/2026,6/30/2026,5/11/2026 4:10,2480,2480,246.2,276.86,2726.2,2756.86
USDAL,USLGB,TWTPE,"Dallas, TX, USDAL",LALB,"Taipei, TPE, TWTPE",TWTPE,OOLU,OOCL,MT256104,DRY,16,4/1/2026,6/30/2026,5/10/2026 3:45,760,760,0,0,760,760
USDAL,USLAX,TWTPE,"Dallas, TX, USDAL",LALB,"Taipei, TPE, TWTPE",TWTPE,OOLU,OOCL,MT256104,DRY,16,4/1/2026,6/30/2026,5/10/2026 3:45,760,760,0,0,760,760
USDAL,USLAX,TWTPE,"Dallas, TX, USDAL",LALB,"Taipei, TPE, TWTPE",TWTPE,ONEY,ONE,CHIM354B25,DRY,15,5/16/2026,6/30/2026,5/11/2026 4:10,1255,1255,223.53,251.47,1478.53,1506.47
USDAL,USLAX,TWTPE,"Dallas, TX, USDAL",LALB,"Taipei, TPE, TWTPE",TWTPE,ONEY,ONE,CHIM354B25,DRY,15,5/6/2026,5/15/2026,5/11/2026 4:10,1255,1255,223.53,251.47,1478.53,1506.47
USDAL,USLAX,TWTPE,"Dallas, TX, USDAL",LALB,"Taipei, TPE, TWTPE",TWTPE,EGLV,EMC,SC103574,DRY,4,5/1/2026,6/30/2026,5/11/2026 4:10,1700,1700,223.53,223.53,1923.53,1923.53
USDAL,USLGB,TWTXG,"Dallas, TX, USDAL",LALB,"Taichung, , TWTXG",TWTXG,OOLU,OOCL,MT256104,DRY,16,4/1/2026,6/30/2026,5/11/2026 4:10,840,840,223.53,251.47,1063.53,1091.47
USDAL,USLAX,TWTXG,"Dallas, TX, USDAL",LALB,"Taichung, , TWTXG",TWTXG,OOLU,OOCL,MT256104,DRY,16,4/1/2026,6/30/2026,5/11/2026 4:10,840,840,223.53,251.47,1063.53,1091.47
USDAL,USLAX,TWTXG,"Dallas, TX, USDAL",LALB,"Taichung, , TWTXG",TWTXG,YMJA,YML,51625,DRY,9,4/25/2026,5/15/2026,5/11/2026 4:10,1000,1000,223.53,223.53,1223.53,1223.53
USDAL,USLAX,TWTXG,"Dallas, TX, USDAL",LALB,"Taichung, , TWTXG",TWTXG,YMJA,YML,51625,DRY,9,5/16/2026,6/30/2026,5/11/2026 4:10,1000,1000,223.53,223.53,1223.53,1223.53
USDAL,USLAX,TWTXG,"Dallas, TX, USDAL",LALB,"Taichung, , TWTXG",TWKHH,YMJA,YML,51625,DRY,9,5/16/2026,6/30/2026,5/11/2026 4:10,1100,1100,223.53,223.53,1323.53,1323.53
USDAL,USLAX,TWTXG,"Dallas, TX, USDAL",LALB,"Taichung, , TWTXG",TWKHH,YMJA,YML,51625,DRY,9,4/23/2026,5/15/2026,5/11/2026 4:10,1100,1100,223.53,223.53,1323.53,1323.53
USDAL,USLAX,TWTXG,"Dallas, TX, USDAL",LALB,"Taichung, , TWTXG",TWTXG,ONEY,ONE,CHIM354B25,DRY,15,5/16/2026,6/30/2026,5/11/2026 4:10,1140,1140,223.53,251.47,1363.53,1391.47
USDAL,USLAX,TWTXG,"Dallas, TX, USDAL",LALB,"Taichung, , TWTXG",TWTXG,ONEY,ONE,CHIM354B25,DRY,15,5/6/2026,5/15/2026,5/11/2026 4:10,1140,1140,223.53,251.47,1363.53,1391.47
USDAL,USHOU,TWTXG,"Dallas, TX, USDAL","Houston, TX, USHOU","Taichung, , TWTXG",TWTXG,MSCU,MSC,25-348WCSA,DRY,7,5/1/2026,5/31/2026,5/11/2026 4:10,2537,2537,223.53,223.53,2760.53,2760.53
USDAL,USHOU,TWTXG,"Dallas, TX, USDAL","Houston, TX, USHOU","Taichung, , TWTXG",TWTXG,MSCU,MSC,25-348WCSA,DRY,7,6/1/2026,6/30/2026,5/11/2026 4:10,2577,2577,223.53,223.53,2800.53,2800.53
USDAL,USLAX,TWTXG,"Dallas, TX, USDAL",LALB,"Taichung, , TWTXG",TWKHH,CMDU,CMA,25-0720,DRY,12,4/18/2026,6/30/2026,5/11/2026 4:10,2630,2630,246.2,276.86,2876.2,2906.86
USDAL,USLAX,TWTYN,"Dallas, TX, USDAL",LALB,"Taoyuan, , TWTYN",TWTYN,YMJA,YML,51625,DRY,9,4/25/2026,5/15/2026,5/11/2026 4:10,1000,1000,223.53,223.53,1223.53,1223.53
USDAL,USLAX,TWTYN,"Dallas, TX, USDAL",LALB,"Taoyuan, , TWTYN",TWTYN,YMJA,YML,51625,DRY,9,5/16/2026,6/30/2026,5/11/2026 4:10,1000,1000,223.53,223.53,1223.53,1223.53
USDAL,USLAX,TWTYN,"Dallas, TX, USDAL",LALB,"Taoyuan, , TWTYN",TWKEL,YMJA,YML,51625,DRY,9,4/23/2026,5/15/2026,5/11/2026 4:10,1100,1100,223.53,223.53,1323.53,1323.53
USDAL,USLAX,TWTYN,"Dallas, TX, USDAL",LALB,"Taoyuan, , TWTYN",TWKEL,YMJA,YML,51625,DRY,9,5/16/2026,6/30/2026,5/11/2026 4:10,1100,1100,223.53,223.53,1323.53,1323.53
USDAL,USLAX,TWTYN,"Dallas, TX, USDAL",LALB,"Taoyuan, , TWTYN",TWKHH,YMJA,YML,51625,DRY,9,5/16/2026,6/30/2026,5/11/2026 4:10,1150,1150,223.53,223.53,1373.53,1373.53
USDAL,USLAX,TWTYN,"Dallas, TX, USDAL",LALB,"Taoyuan, , TWTYN",TWKHH,YMJA,YML,51625,DRY,9,4/23/2026,5/15/2026,5/11/2026 4:10,1150,1150,223.53,223.53,1373.53,1373.53
USDAL,USLAX,TWTYN,"Dallas, TX, USDAL",LALB,"Taoyuan, , TWTYN",TWKEL,ONEY,ONE,CHIM354B25,DRY,15,5/6/2026,5/15/2026,5/11/2026 4:10,1360,1360,223.53,251.47,1583.53,1611.47
USDAL,USLAX,TWTYN,"Dallas, TX, USDAL",LALB,"Taoyuan, , TWTYN",TWKEL,ONEY,ONE,CHIM354B25,DRY,15,5/16/2026,6/30/2026,5/11/2026 4:10,1360,1360,223.53,251.47,1583.53,1611.47
USDAL,USHOU,TWTYN,"Dallas, TX, USDAL","Houston, TX, USHOU","Taoyuan, , TWTYN",KAOHSIUNG,MSCU,MSC,25-348WCSA,DRY,7,5/1/2026,5/31/2026,5/11/2026 4:10,2677,2677,223.53,223.53,2900.53,2900.53
USDAL,USHOU,TWTYN,"Dallas, TX, USDAL","Houston, TX, USHOU","Taoyuan, , TWTYN",KAOHSIUNG,MSCU,MSC,25-348WCSA,DRY,7,6/1/2026,6/30/2026,5/11/2026 4:10,2717,2717,223.53,223.53,2940.53,2940.53
USDAL,USLAX,VNBDG,"Dallas, TX, USDAL",LALB,"Binh Duong Terminal, 39, VNBDG",VNCMT,YMJA,YML,51625,DRY,9,4/23/2026,5/15/2026,5/11/2026 4:10,1330,1330,177.43,177.43,1507.43,1507.43
USDAL,USLAX,VNBDG,"Dallas, TX, USDAL",LALB,"Binh Duong Terminal, 39, VNBDG",VNCMT,YMJA,YML,51625,DRY,9,5/16/2026,6/30/2026,5/11/2026 4:10,1464,1464,177.43,177.43,1641.43,1641.43
USDAL,USLAX,VNCLI,"Dallas, TX, USDAL",LALB,"Cat Lai, 65, VNCLI",VNCLI,YMJA,YML,51625,DRY,9,4/23/2026,5/15/2026,5/11/2026 4:10,975,975,177.43,177.43,1152.43,1152.43
USDAL,USLAX,VNCLI,"Dallas, TX, USDAL",LALB,"Cat Lai, 65, VNCLI",VNCLI,YMJA,YML,51625,DRY,9,5/16/2026,6/30/2026,5/11/2026 4:10,1109,1109,177.43,177.43,1286.43,1286.43
USDAL,USLAX,VNCLI,"Dallas, TX, USDAL",LALB,"Cat Lai, 65, VNCLI",TWKHH,YMJA,YML,51625,DRY,9,5/16/2026,6/30/2026,5/11/2026 4:10,1150,1150,223.53,223.53,1373.53,1373.53
USDAL,USLAX,VNCLI,"Dallas, TX, USDAL",LALB,"Cat Lai, 65, VNCLI",TWKHH,YMJA,YML,51625,DRY,9,4/23/2026,5/15/2026,5/11/2026 4:10,1150,1150,223.53,223.53,1373.53,1373.53
USDAL,USLAX,VNCLI,"Dallas, TX, USDAL",LALB,"Cat Lai, 65, VNCLI",VNCMT,YMJA,YML,51625,DRY,9,4/23/2026,5/15/2026,5/11/2026 4:10,1300,1300,177.43,177.43,1477.43,1477.43
USDAL,USLAX,VNCLI,"Dallas, TX, USDAL",LALB,"Cat Lai, 65, VNCLI",VNCMT,YMJA,YML,51625,DRY,9,5/16/2026,6/30/2026,5/11/2026 4:10,1434,1434,177.43,177.43,1611.43,1611.43
USDAL,USLAX,VNCMT,"Dallas, TX, USDAL",LALB,"Cai Mep Terminal, 43, VNCMT",VNCMT,YMJA,YML,51625,DRY,9,4/23/2026,5/15/2026,5/11/2026 4:10,950,950,177.43,177.43,1127.43,1127.43
USDAL,USLAX,VNCMT,"Dallas, TX, USDAL",LALB,"Cai Mep Terminal, 43, VNCMT",VNCMT,YMJA,YML,51625,DRY,9,5/16/2026,6/30/2026,5/11/2026 4:10,1084,1084,177.43,177.43,1261.43,1261.43
USDAL,USLAX,VNCMT,"Dallas, TX, USDAL",LALB,"Cai Mep Terminal, 43, VNCMT",VNCMT,ONEY,ONE,CHIM354B25,DRY,15,5/16/2026,6/30/2026,5/11/2026 4:10,1100,1100,182.45,182.45,1282.45,1282.45
USDAL,USLAX,VNCMT,"Dallas, TX, USDAL",LALB,"Cai Mep Terminal, 43, VNCMT",VNCMT,ONEY,ONE,CHIM354B25,DRY,15,5/6/2026,5/15/2026,5/11/2026 4:10,1100,1100,182.45,182.45,1282.45,1282.45
USDAL,USLAX,VNCMT,"Dallas, TX, USDAL",LALB,"Cai Mep Terminal, 43, VNCMT",VNCMT,YMJA,YML,51625,DRY,9,4/23/2026,5/15/2026,5/11/2026 4:10,1150,1150,177.43,177.43,1327.43,1327.43
USDAL,USLAX,VNCMT,"Dallas, TX, USDAL",LALB,"Cai Mep Terminal, 43, VNCMT",VNCMT,YMJA,YML,51625,DRY,9,5/16/2026,6/30/2026,5/11/2026 4:10,1284,1284,177.43,177.43,1461.43,1461.43
USDAL,USLAX,VNCMT,"Dallas, TX, USDAL",LALB,"Cai Mep Terminal, 43, VNCMT",SGSIN,YMJA,YML,51625,DRY,9,4/23/2026,5/15/2026,5/11/2026 4:10,1370,1370,274.53,274.53,1644.53,1644.53
USDAL,USLAX,VNCMT,"Dallas, TX, USDAL",LALB,"Cai Mep Terminal, 43, VNCMT",SGSIN,YMJA,YML,51625,DRY,9,5/16/2026,6/30/2026,5/11/2026 4:10,1504,1504,274.53,274.53,1778.53,1778.53
USDAL,USLAX,VNDAD,"Dallas, TX, USDAL",LALB,"Da Nang, , VNDAD",VNDAD,YMJA,YML,51625,DRY,9,4/23/2026,5/15/2026,5/11/2026 4:10,1380,1380,177.43,177.43,1557.43,1557.43
USDAL,USLAX,VNDAD,"Dallas, TX, USDAL",LALB,"Da Nang, , VNDAD",VNDAD,ONEY,ONE,CHIM354B25,DRY,15,5/16/2026,6/30/2026,5/11/2026 4:10,1400,1400,182.45,182.45,1582.45,1582.45
USDAL,USLAX,VNDAD,"Dallas, TX, USDAL",LALB,"Da Nang, , VNDAD",VNDAD,ONEY,ONE,CHIM354B25,DRY,15,5/6/2026,5/15/2026,5/11/2026 4:10,1400,1400,182.45,182.45,1582.45,1582.45
USDAL,USLAX,VNDAD,"Dallas, TX, USDAL",LALB,"Da Nang, , VNDAD",VNDAD,YMJA,YML,51625,DRY,9,5/16/2026,6/30/2026,5/11/2026 4:10,1514,1514,177.43,177.43,1691.43,1691.43
USDAL,USLAX,VNDAD,"Dallas, TX, USDAL",LALB,"Da Nang, , VNDAD",TWKHH,YMJA,YML,51625,DRY,9,5/16/2026,6/30/2026,5/11/2026 4:10,1530,1530,223.53,223.53,1753.53,1753.53
USDAL,USLAX,VNDAD,"Dallas, TX, USDAL",LALB,"Da Nang, , VNDAD",TWKHH,YMJA,YML,51625,DRY,9,4/23/2026,5/15/2026,5/11/2026 4:10,1530,1530,223.53,223.53,1753.53,1753.53
USDAL,USLAX,VNDAD,"Dallas, TX, USDAL",LALB,"Da Nang, , VNDAD",VNCMT,YMJA,YML,51625,DRY,9,4/23/2026,5/15/2026,5/11/2026 4:10,1680,1680,177.43,177.43,1857.43,1857.43
USDAL,USLAX,VNDAD,"Dallas, TX, USDAL",LALB,"Da Nang, , VNDAD",VNDAD,EGLV,EMC,SC103574,DRY,4,5/1/2026,6/30/2026,5/11/2026 4:10,1700,1700,167.63,167.63,1867.63,1867.63
USDAL,USLAX,VNDAD,"Dallas, TX, USDAL",LALB,"Da Nang, , VNDAD",VNCMT,YMJA,YML,51625,DRY,9,5/16/2026,6/30/2026,5/11/2026 4:10,1814,1814,177.43,177.43,1991.43,1991.43
USDAL,USLAX,VNDAD,"Dallas, TX, USDAL",LALB,"Da Nang, , VNDAD",VNDAD,CMDU,CMA,25-0720,DRY,12,4/18/2026,6/30/2026,5/11/2026 4:10,2380,2380,209.44,209.44,2589.44,2589.44
USDAL,USSAV,VNDAD,"Dallas, TX, USDAL","Savannah, GA, USSAV","Da Nang, , VNDAD",VNDAD,ONEY,ONE,CHIM354B25,DRY,15,5/16/2026,6/30/2026,5/11/2026 4:10,2600,2600,182.45,182.45,2782.45,2782.45
USDAL,USSAV,VNDAD,"Dallas, TX, USDAL","Savannah, GA, USSAV","Da Nang, , VNDAD",VNDAD,ONEY,ONE,CHIM354B25,DRY,15,5/6/2026,5/15/2026,5/11/2026 4:10,2600,2600,182.45,182.45,2782.45,2782.45
USDAL,USHOU,VNDAD,"Dallas, TX, USDAL","Houston, TX, USHOU","Da Nang, , VNDAD",VNDAD,MSCU,MSC,25-348WCSA,DRY,7,5/1/2026,5/31/2026,5/11/2026 4:10,2987,2987,184.35,184.35,3171.35,3171.35
USDAL,USHOU,VNDAD,"Dallas, TX, USDAL","Houston, TX, USHOU","Da Nang, , VNDAD",VNDAD,MSCU,MSC,25-348WCSA,DRY,7,6/1/2026,6/30/2026,5/11/2026 4:10,3027,3027,184.35,184.35,3211.35,3211.35
USDAL,USLAX,VNDNA,"Dallas, TX, USDAL",LALB,"Dong Nai, , VNDNA",VNCMT,YMJA,YML,51625,DRY,9,4/23/2026,5/15/2026,5/11/2026 4:10,1330,1330,177.43,177.43,1507.43,1507.43
USDAL,USLAX,VNDNA,"Dallas, TX, USDAL",LALB,"Dong Nai, , VNDNA",VNCMT,YMJA,YML,51625,DRY,9,5/16/2026,6/30/2026,5/11/2026 4:10,1464,1464,177.43,177.43,1641.43,1641.43
USDAL,USLGB,VNHPH,"Dallas, TX, USDAL",LALB,"Haiphong, , VNHPH",VNHPH,OOLU,OOCL,MT256104,DRY,16,4/1/2026,6/30/2026,5/11/2026 4:10,660,660,192.72,192.72,852.72,852.72
USDAL,USLAX,VNHPH,"Dallas, TX, USDAL",LALB,"Haiphong, , VNHPH",VNHPH,OOLU,OOCL,MT256104,DRY,16,4/1/2026,6/30/2026,5/11/2026 4:10,660,660,192.72,192.72,852.72,852.72
USDAL,USLAX,VNHPH,"Dallas, TX, USDAL",LALB,"Haiphong, , VNHPH",VNHPH,ONEY,ONE,CHIM354B25,DRY,15,5/6/2026,5/15/2026,5/11/2026 4:10,1000,1000,182.45,182.45,1182.45,1182.45
USDAL,USLAX,VNHPH,"Dallas, TX, USDAL",LALB,"Haiphong, , VNHPH",VNHPH,ONEY,ONE,CHIM354B25,DRY,15,5/16/2026,6/30/2026,5/11/2026 4:10,1000,1000,182.45,182.45,1182.45,1182.45
USDAL,USLAX,VNHPH,"Dallas, TX, USDAL",LALB,"Haiphong, , VNHPH",VNHPH,YMJA,YML,51625,DRY,9,4/23/2026,5/15/2026,5/11/2026 4:10,1050,1050,177.43,177.43,1227.43,1227.43
USDAL,USLAX,VNHPH,"Dallas, TX, USDAL",LALB,"Haiphong, , VNHPH",VNHPH,YMJA,YML,51625,DRY,9,5/16/2026,6/30/2026,5/11/2026 4:10,1184,1184,177.43,177.43,1361.43,1361.43
USDAL,USLAX,VNHPH,"Dallas, TX, USDAL",LALB,"Haiphong, , VNHPH",VNHPH,CMDU,CMA,25-0720,DRY,12,4/18/2026,6/30/2026,5/11/2026 4:10,1334,1334,167.25,167.25,1501.25,1501.25
USDAL,USLAX,VNHPH,"Dallas, TX, USDAL",LALB,"Haiphong, , VNHPH",VNHPH,EGLV,EMC,SC103574,DRY,4,5/1/2026,6/30/2026,5/11/2026 4:10,1700,1700,167.63,167.63,1867.63,1867.63
USDAL,USLAX,VNHPH,"Dallas, TX, USDAL",LALB,"Haiphong, , VNHPH",VNCMT,YMJA,YML,51625,DRY,9,4/23/2026,5/15/2026,5/11/2026 4:10,1850,1850,177.43,177.43,2027.43,2027.43
USDAL,USLAX,VNHPH,"Dallas, TX, USDAL",LALB,"Haiphong, , VNHPH",SGSIN,YMJA,YML,51625,DRY,9,4/23/2026,5/15/2026,5/11/2026 4:10,1850,1850,274.53,274.53,2124.53,2124.53
USDAL,USLAX,VNHPH,"Dallas, TX, USDAL",LALB,"Haiphong, , VNHPH",CNSHA,YMJA,YML,51625,DRY,9,4/23/2026,5/15/2026,5/11/2026 4:10,1850,1850,235.27,235.27,2085.27,2085.27
USDAL,USLAX,VNHPH,"Dallas, TX, USDAL",LALB,"Haiphong, , VNHPH",CNNBG,YMJA,YML,51625,DRY,9,4/23/2026,5/15/2026,5/11/2026 4:10,1850,1850,235.27,235.27,2085.27,2085.27
USDAL,USLAX,VNHPH,"Dallas, TX, USDAL",LALB,"Haiphong, , VNHPH",CNSHA,YMJA,YML,51625,DRY,9,5/16/2026,6/30/2026,5/11/2026 4:10,1984,1984,235.27,235.27,2219.27,2219.27
USDAL,USLAX,VNHPH,"Dallas, TX, USDAL",LALB,"Haiphong, , VNHPH",CNNBG,YMJA,YML,51625,DRY,9,5/16/2026,6/30/2026,5/11/2026 4:10,1984,1984,235.27,235.27,2219.27,2219.27
USDAL,USLAX,VNHPH,"Dallas, TX, USDAL",LALB,"Haiphong, , VNHPH",VNCMT,YMJA,YML,51625,DRY,9,5/16/2026,6/30/2026,5/11/2026 4:10,1984,1984,177.43,177.43,2161.43,2161.43
USDAL,USLAX,VNHPH,"Dallas, TX, USDAL",LALB,"Haiphong, , VNHPH",SGSIN,YMJA,YML,51625,DRY,9,5/16/2026,6/30/2026,5/11/2026 4:10,1984,1984,274.53,274.53,2258.53,2258.53
USDAL,USHOU,VNHPH,"Dallas, TX, USDAL","Houston, TX, USHOU","Haiphong, , VNHPH",VNHPH,MSCU,MSC,25-348WCSA,DRY,7,5/1/2026,5/31/2026,5/11/2026 4:10,2787,2787,184.35,184.35,2971.35,2971.35
USDAL,USHOU,VNHPH,"Dallas, TX, USDAL","Houston, TX, USHOU","Haiphong, , VNHPH",VNHPH,MSCU,MSC,25-348WCSA,DRY,7,6/1/2026,6/30/2026,5/11/2026 4:10,2827,2827,184.35,184.35,3011.35,3011.35
USDAL,USLAX,VNIPH,"Dallas, TX, USDAL",LALB,"Phuoc Long ICD, , VNIPH",VNCMT,YMJA,YML,51625,DRY,9,4/23/2026,5/15/2026,5/11/2026 4:10,1295,1295,177.43,177.43,1472.43,1472.43
USDAL,USLAX,VNIPH,"Dallas, TX, USDAL",LALB,"Phuoc Long ICD, , VNIPH",VNCMT,YMJA,YML,51625,DRY,9,5/16/2026,6/30/2026,5/11/2026 4:10,1429,1429,177.43,177.43,1606.43,1606.43
USDAL,USLAX,VNNHD,"Dallas, TX, USDAL",LALB,"Nam Hai Dinh Vu Port, HP, VNNHD",VNNHD,YMJA,YML,51625,DRY,9,4/23/2026,5/15/2026,5/10/2026 3:45,950,950,0,0,950,950
USDAL,USLAX,VNNHD,"Dallas, TX, USDAL",LALB,"Nam Hai Dinh Vu Port, HP, VNNHD",VNNHD,YMJA,YML,51625,DRY,9,5/16/2026,6/30/2026,5/10/2026 3:45,1084,1084,0,0,1084,1084
USDAL,USLGB,VNSGN,"Dallas, TX, USDAL",LALB,"Ho Chi Minh City, , VNSGN",VNSGN,OOLU,OOCL,MT256104,DRY,16,4/1/2026,6/30/2026,5/11/2026 4:10,710,710,192.72,192.72,902.72,902.72
USDAL,USLAX,VNSGN,"Dallas, TX, USDAL",LALB,"Ho Chi Minh City, , VNSGN",VNSGN,OOLU,OOCL,MT256104,DRY,16,4/1/2026,6/30/2026,5/11/2026 4:10,710,710,192.72,192.72,902.72,902.72
USDAL,USLAX,VNSGN,"Dallas, TX, USDAL",LALB,"Ho Chi Minh City, , VNSGN",VNSGN,YMJA,YML,51625,DRY,9,4/23/2026,5/15/2026,5/11/2026 4:10,975,975,177.43,177.43,1152.43,1152.43
USDAL,USLAX,VNSGN,"Dallas, TX, USDAL",LALB,"Ho Chi Minh City, , VNSGN",VNSGN,ONEY,ONE,CHIM354B25,DRY,15,5/6/2026,5/15/2026,5/11/2026 4:10,1000,1000,182.45,182.45,1182.45,1182.45
USDAL,USLAX,VNSGN,"Dallas, TX, USDAL",LALB,"Ho Chi Minh City, , VNSGN",VNSGN,ONEY,ONE,CHIM354B25,DRY,15,5/16/2026,6/30/2026,5/11/2026 4:10,1000,1000,182.45,182.45,1182.45,1182.45
USDAL,USLAX,VNSGN,"Dallas, TX, USDAL",LALB,"Ho Chi Minh City, , VNSGN",VNSGN,YMJA,YML,51625,DRY,9,5/16/2026,6/30/2026,5/11/2026 4:10,1109,1109,177.43,177.43,1286.43,1286.43
USDAL,USLAX,VNSGN,"Dallas, TX, USDAL",LALB,"Ho Chi Minh City, , VNSGN",VNCMT,YMJA,YML,51625,DRY,9,4/23/2026,5/15/2026,5/11/2026 4:10,1230,1230,177.43,177.43,1407.43,1407.43
USDAL,USLAX,VNSGN,"Dallas, TX, USDAL",LALB,"Ho Chi Minh City, , VNSGN",VNVUT,CMDU,CMA,25-0720,DRY,12,4/18/2026,6/30/2026,5/11/2026 4:10,1280,1280,167.25,167.25,1447.25,1447.25
USDAL,USLAX,VNSGN,"Dallas, TX, USDAL",LALB,"Ho Chi Minh City, , VNSGN",VNCMT,YMJA,YML,51625,DRY,9,5/16/2026,6/30/2026,5/11/2026 4:10,1364,1364,177.43,177.43,1541.43,1541.43
USDAL,USLAX,VNSGN,"Dallas, TX, USDAL",LALB,"Ho Chi Minh City, , VNSGN",VNSGN,EGLV,EMC,SC103574,DRY,4,5/1/2026,6/30/2026,5/11/2026 4:10,1700,1700,167.63,167.63,1867.63,1867.63
USDAL,USHOU,VNSGN,"Dallas, TX, USDAL","Houston, TX, USHOU","Ho Chi Minh City, , VNSGN",VUNG TAU,MSCU,MSC,25-348WCSA,DRY,7,5/1/2026,5/31/2026,5/11/2026 4:10,2887,2887,184.35,184.35,3071.35,3071.35
USDAL,USHOU,VNSGN,"Dallas, TX, USDAL","Houston, TX, USHOU","Ho Chi Minh City, , VNSGN",VUNG TAU,MSCU,MSC,25-348WCSA,DRY,7,6/1/2026,6/30/2026,5/11/2026 4:10,2927,2927,184.35,184.35,3111.35,3111.35
USDAL,USLAX,VNTOT,"Dallas, TX, USDAL",LALB,"Cai Mep, 43, VNTOT",VNTOT,EGLV,EMC,SC103574,DRY,4,5/1/2026,6/30/2026,5/11/2026 4:10,1700,1700,167.63,167.63,1867.63,1867.63
USDAL,USLGB,VNTTH,"Dallas, TX, USDAL",LALB,"Tan Thanh, 43, VNTTH",VNTTH,OOLU,OOCL,MT256104,DRY,16,4/1/2026,6/30/2026,5/11/2026 4:10,660,660,192.72,192.72,852.72,852.72
USDAL,USLAX,VNTTH,"Dallas, TX, USDAL",LALB,"Tan Thanh, 43, VNTTH",VNTTH,OOLU,OOCL,MT256104,DRY,16,4/1/2026,6/30/2026,5/11/2026 4:10,660,660,192.72,192.72,852.72,852.72
USDAL,USLAX,VNUIH,"Dallas, TX, USDAL",LALB,"Qui Nhon, , VNUIH",VNUIH,CMDU,CMA,25-0720,DRY,12,4/18/2026,6/30/2026,5/11/2026 4:10,2480,2480,167.25,167.25,2647.25,2647.25
USDAL,USLAX,VNVUT,"Dallas, TX, USDAL",LALB,"Vung Tau, 43, VNVUT",VNVUT,CMDU,CMA,25-0720,DRY,12,4/18/2026,6/30/2026,5/11/2026 4:10,1280,1280,167.25,167.25,1447.25,1447.25
USDAL,USHOU,VNVUT,"Dallas, TX, USDAL","Houston, TX, USHOU","Vung Tau, 43, VNVUT",VNVUT,MSCU,MSC,25-348WCSA,DRY,7,5/1/2026,5/31/2026,5/11/2026 4:10,2787,2787,184.35,184.35,2971.35,2971.35
USDAL,USHOU,VNVUT,"Dallas, TX, USDAL","Houston, TX, USHOU","Vung Tau, 43, VNVUT",VNVUT,MSCU,MSC,25-348WCSA,DRY,7,6/1/2026,6/30/2026,5/11/2026 4:10,2827,2827,184.35,184.35,3011.35,3011.35
USDAL,USSAV,ZACPT,"Dallas, TX, USDAL","Savannah, GA, USSAV","Cape Town, , ZACPT",ZACPT,ONEY,ONE,CHIM354B25,DRY,15,5/6/2026,5/15/2026,5/11/2026 4:10,4900,4900,413.23,413.23,5313.23,5313.23
USDAL,USSAV,ZACPT,"Dallas, TX, USDAL","Savannah, GA, USSAV","Cape Town, , ZACPT",ZACPT,ONEY,ONE,CHIM354B25,DRY,15,5/16/2026,6/30/2026,5/11/2026 4:10,4900,4900,413.23,413.23,5313.23,5313.23
USDAL,USLAX,ZACPT,"Dallas, TX, USDAL",LALB,"Cape Town, , ZACPT",ZACPT,ONEY,ONE,CHIM354B25,DRY,15,5/6/2026,9/30/2026,5/11/2026 4:10,5610,5610,413.23,413.23,6023.23,6023.23
USDAL,USSAV,ZADUR,"Dallas, TX, USDAL","Savannah, GA, USSAV","Durban, , ZADUR",ZADUR,ONEY,ONE,CHIM354B25,DRY,15,5/16/2026,6/30/2026,5/11/2026 4:10,4900,4900,413.23,413.23,5313.23,5313.23
USDAL,USSAV,ZADUR,"Dallas, TX, USDAL","Savannah, GA, USSAV","Durban, , ZADUR",ZADUR,ONEY,ONE,CHIM354B25,DRY,15,5/6/2026,5/15/2026,5/11/2026 4:10,4900,4900,413.23,413.23,5313.23,5313.23
USDAL,USLAX,ZADUR,"Dallas, TX, USDAL",LALB,"Durban, , ZADUR",ZADUR,ONEY,ONE,CHIM354B25,DRY,15,5/6/2026,9/30/2026,5/11/2026 4:10,5610,5610,413.23,413.23,6023.23,6023.23
USHOU,USHOU,AEJEA,"Houston, TX, USHOU","Houston, TX, USHOU","Jebel Ali, , AEJEA",CNSHA,YMJA,YML,51625,DRY,9,4/23/2026,5/15/2026,5/11/2026 4:10,2740,2740,235.27,235.27,2975.27,2975.27
USHOU,USHOU,AEJEA,"Houston, TX, USHOU","Houston, TX, USHOU","Jebel Ali, , AEJEA",CNNBG,YMJA,YML,51625,DRY,9,4/23/2026,5/15/2026,5/11/2026 4:10,2740,2740,235.27,235.27,2975.27,2975.27
USHOU,USHOU,AEJEA,"Houston, TX, USHOU","Houston, TX, USHOU","Jebel Ali, , AEJEA",CNSHA,YMJA,YML,51625,DRY,9,5/16/2026,6/30/2026,5/11/2026 4:10,2874,2874,235.27,235.27,3109.27,3109.27
USHOU,USHOU,AEJEA,"Houston, TX, USHOU","Houston, TX, USHOU","Jebel Ali, , AEJEA",CNNBG,YMJA,YML,51625,DRY,9,5/16/2026,6/30/2026,5/11/2026 4:10,2874,2874,235.27,235.27,3109.27,3109.27
USHOU,USHOU,BDCGP,"Houston, TX, USHOU","Houston, TX, USHOU","Chattogram/Chittagong, , BDCGP",BDCGP,CMDU,CMA,25-0720,DRY,12,4/18/2026,6/30/2026,5/5/2026 3:45,2050,2050,0,0,2050,2050
USHOU,USHOU,BDCGP,"Houston, TX, USHOU","Houston, TX, USHOU","Chattogram/Chittagong, , BDCGP",BDCGP,EGLV,EMC,SC103574,DRY,4,5/1/2026,6/30/2026,5/10/2026 3:45,2750,2750,0,0,2750,2750
USHOU,USHOU,BDCGP,"Houston, TX, USHOU","Houston, TX, USHOU","Chattogram/Chittagong, , BDCGP",BDCGP,MAEU,Maersk,300094432,DRY,0,4/1/2026,9/30/2026,3/25/2026 3:45,2884,2884,0,0,2884,2884
USHOU,USLAX,BDCGP,"Houston, TX, USHOU",LALB,"Chattogram/Chittagong, , BDCGP",BDCGP,ONEY,ONE,CHIM354B25,DRY,15,5/6/2026,5/15/2026,5/7/2026 4:10,3585,3585,150,150,3735,3735
USHOU,USLAX,BDCGP,"Houston, TX, USHOU",LALB,"Chattogram/Chittagong, , BDCGP",BDCGP,ONEY,ONE,CHIM354B25,DRY,15,5/16/2026,6/30/2026,5/7/2026 4:10,3585,3585,150,150,3735,3735
USHOU,USHOU,CLARI,"Houston, TX, USHOU","Houston, TX, USHOU","Arica, TA, CLARI",CLARI,ONEY,ONE,CHIM354B25,DRY,15,5/6/2026,6/30/2026,5/7/2026 4:10,2210,2210,150,150,2360,2360
USHOU,USHOU,CLSAI,"Houston, TX, USHOU","Houston, TX, USHOU","San Antonio, VS, CLSAI",CLSAI,ONEY,ONE,CHIM354B25,DRY,15,5/6/2026,6/30/2026,5/7/2026 4:10,1400,1400,150,150,1550,1550
USHOU,USLAX,CLSAI,"Houston, TX, USHOU",LALB,"San Antonio, VS, CLSAI",CLSAI,ONEY,ONE,CHIM354B25,DRY,15,5/16/2026,6/30/2026,5/7/2026 4:10,3110,3110,150,150,3260,3260
USHOU,USLAX,CLSAI,"Houston, TX, USHOU",LALB,"San Antonio, VS, CLSAI",CLSAI,ONEY,ONE,CHIM354B25,DRY,15,5/6/2026,5/15/2026,5/7/2026 4:10,3110,3110,150,150,3260,3260
USHOU,USHOU,CNAQG,"Houston, TX, USHOU","Houston, TX, USHOU","Anqing Pt, 34, CNAQG",CNAQG,ONEY,ONE,CHIM354B25,DRY,15,5/6/2026,6/30/2026,5/11/2026 4:10,500,500,126.6,126.6,626.6,626.6
USHOU,USHOU,CNAQG,"Houston, TX, USHOU","Houston, TX, USHOU","Anqing Pt, 34, CNAQG",CNSHA,YMJA,YML,51625,DRY,9,4/23/2026,5/15/2026,5/11/2026 4:10,840,840,235.27,235.27,1075.27,1075.27
USHOU,USHOU,CNAQG,"Houston, TX, USHOU","Houston, TX, USHOU","Anqing Pt, 34, CNAQG",CNSHA,YMJA,YML,51625,DRY,9,5/16/2026,6/30/2026,5/11/2026 4:10,974,974,235.27,235.27,1209.27,1209.27
USHOU,USHOU,CNAQG,"Houston, TX, USHOU","Houston, TX, USHOU","Anqing Pt, 34, CNAQG",CNAQG,MAEU,Maersk,300094432,DRY,0,4/1/2026,9/30/2026,5/11/2026 4:10,1070,1070,1.76,1.76,1071.76,1071.76
USHOU,USHOU,CNBHY,"Houston, TX, USHOU","Houston, TX, USHOU","Beihai Fucheng Apt, 45, CNBHY",CNBHY,MAEU,Maersk,300094432,DRY,0,4/1/2026,9/30/2026,3/25/2026 3:45,1679,1679,0,0,1679,1679
USHOU,USHOU,CNCAN,"Houston, TX, USHOU","Houston, TX, USHOU","Guangzhou Baiyun, 44, CNCAN",CNCAN,ONEY,ONE,CHIM354B25,DRY,15,5/6/2026,6/30/2026,5/11/2026 4:10,900,900,178.8,178.8,1078.8,1078.8
USHOU,USHOU,CNCGS,"Houston, TX, USHOU","Houston, TX, USHOU","Changshu Pt, 37, CNCGS",CNSHA,YMJA,YML,51625,DRY,9,4/23/2026,5/15/2026,5/11/2026 4:10,830,830,235.27,235.27,1065.27,1065.27
USHOU,USHOU,CNCGS,"Houston, TX, USHOU","Houston, TX, USHOU","Changshu Pt, 37, CNCGS",CNSHA,YMJA,YML,51625,DRY,9,5/16/2026,6/30/2026,5/11/2026 4:10,964,964,235.27,235.27,1199.27,1199.27
USHOU,USHOU,CNCGU,"Houston, TX, USHOU","Houston, TX, USHOU","Changshu, 32, CNCGU",CNCGU,ONEY,ONE,CHIM354B25,DRY,15,5/6/2026,6/30/2026,5/11/2026 4:10,850,850,121.75,121.75,971.75,971.75
USHOU,USHOU,CNCHQ,"Houston, TX, USHOU","Houston, TX, USHOU","Chongqing Pt, 50, CNCHQ",CNCHQ,MAEU,Maersk,300094432,DRY,0,4/1/2026,9/30/2026,5/11/2026 4:10,774,774,1.76,1.76,775.76,775.76
USHOU,USHOU,CNCHQ,"Houston, TX, USHOU","Houston, TX, USHOU","Chongqing Pt, 50, CNCHQ",CNSHA,YMJA,YML,51625,DRY,9,4/23/2026,5/15/2026,5/11/2026 4:10,1400,1400,235.27,235.27,1635.27,1635.27
USHOU,USHOU,CNCHQ,"Houston, TX, USHOU","Houston, TX, USHOU","Chongqing Pt, 50, CNCHQ",CNSHA,YMJA,YML,51625,DRY,9,5/16/2026,6/30/2026,5/11/2026 4:10,1534,1534,235.27,235.27,1769.27,1769.27
USHOU,USHOU,CNCKG,"Houston, TX, USHOU","Houston, TX, USHOU","Chongqing Jiangbei, 51, CNCKG",CNCKG,ONEY,ONE,CHIM354B25,DRY,15,5/6/2026,6/30/2026,5/11/2026 4:10,1075,1075,121.75,121.75,1196.75,1196.75
USHOU,USLAX,CNCKG,"Houston, TX, USHOU",LALB,"Chongqing Jiangbei, 51, CNCKG",CNCKG,ONEY,ONE,CHIM354B25,DRY,15,5/16/2026,6/30/2026,5/11/2026 4:10,2510,2510,121.75,121.75,2631.75,2631.75
USHOU,USLAX,CNCKG,"Houston, TX, USHOU",LALB,"Chongqing Jiangbei, 51, CNCKG",CNCKG,ONEY,ONE,CHIM354B25,DRY,15,5/6/2026,5/15/2026,5/11/2026 4:10,2510,2510,121.75,121.75,2631.75,2631.75
USHOU,USHOU,CNCNA,"Houston, TX, USHOU","Houston, TX, USHOU","Changsha, 44, CNCNA",CNSHA,YMJA,YML,51625,DRY,9,4/23/2026,5/15/2026,5/11/2026 4:10,1445,1445,235.27,235.27,1680.27,1680.27
USHOU,USHOU,CNCNA,"Houston, TX, USHOU","Houston, TX, USHOU","Changsha, 44, CNCNA",CNSHA,YMJA,YML,51625,DRY,9,5/16/2026,6/30/2026,5/11/2026 4:10,1579,1579,235.27,235.27,1814.27,1814.27
USHOU,USHOU,CNCZX,"Houston, TX, USHOU","Houston, TX, USHOU","Changzhou Pt, 32, CNCZX",CNSHA,YMJA,YML,51625,DRY,9,4/23/2026,5/15/2026,5/11/2026 4:10,830,830,235.27,235.27,1065.27,1065.27
USHOU,USHOU,CNCZX,"Houston, TX, USHOU","Houston, TX, USHOU","Changzhou Pt, 32, CNCZX",CNSHA,YMJA,YML,51625,DRY,9,5/16/2026,6/30/2026,5/11/2026 4:10,964,964,235.27,235.27,1199.27,1199.27
USHOU,USHOU,CNDFG,"Houston, TX, USHOU","Houston, TX, USHOU","Dafeng Pt, 22, CNDFG",CNDFG,MAEU,Maersk,300094432,DRY,0,4/1/2026,9/30/2026,5/11/2026 4:10,719,719,1.76,1.76,720.76,720.76
USHOU,USHOU,CNDFG,"Houston, TX, USHOU","Houston, TX, USHOU","Dafeng Pt, 22, CNDFG",CNSHA,YMJA,YML,51625,DRY,9,4/23/2026,5/15/2026,5/11/2026 4:10,910,910,235.27,235.27,1145.27,1145.27
USHOU,USHOU,CNDFG,"Houston, TX, USHOU","Houston, TX, USHOU","Dafeng Pt, 22, CNDFG",CNSHA,YMJA,YML,51625,DRY,9,5/16/2026,6/30/2026,5/11/2026 4:10,1044,1044,235.27,235.27,1279.27,1279.27
USHOU,USHOU,CNDLC,"Houston, TX, USHOU","Houston, TX, USHOU","Dalian, 21, CNDLC",CNDLC,MAEU,Maersk,300094432,DRY,0,4/1/2026,9/30/2026,3/25/2026 3:45,713,713,0,0,713,713
USHOU,USLAX,CNDLC,"Houston, TX, USHOU",LALB,"Dalian, 21, CNDLC",CNDLC,OOLU,OOCL,MT256104,DRY,16,4/1/2026,6/30/2026,5/10/2026 3:45,1335,1335,0,0,1335,1335
USHOU,USLGB,CNDLC,"Houston, TX, USHOU",LALB,"Dalian, 21, CNDLC",CNDLC,OOLU,OOCL,MT256104,DRY,16,4/1/2026,6/30/2026,5/10/2026 3:45,1335,1335,0,0,1335,1335
USHOU,USLAX,CNDLC,"Houston, TX, USHOU",LALB,"Dalian, 21, CNDLC",KRPUS,YMJA,YML,51625,DRY,9,4/23/2026,5/15/2026,5/11/2026 4:10,1770,1770,123.14,123.14,1893.14,1893.14
USHOU,USLAX,CNDLC,"Houston, TX, USHOU",LALB,"Dalian, 21, CNDLC",CNTAO,YMJA,YML,51625,DRY,9,4/23/2026,5/15/2026,5/11/2026 4:10,1770,1770,235.27,235.27,2005.27,2005.27
USHOU,USLAX,CNDLC,"Houston, TX, USHOU",LALB,"Dalian, 21, CNDLC",CNTAO,YMJA,YML,51625,DRY,9,5/16/2026,6/30/2026,5/11/2026 4:10,1904,1904,235.27,235.27,2139.27,2139.27
USHOU,USLAX,CNDLC,"Houston, TX, USHOU",LALB,"Dalian, 21, CNDLC",KRPUS,YMJA,YML,51625,DRY,9,5/16/2026,6/30/2026,5/11/2026 4:10,1904,1904,123.14,123.14,2027.14,2027.14
USHOU,USHOU,CNDOU,"Houston, TX, USHOU","Houston, TX, USHOU","Doumen Pt, 44, CNDOU",CNDOU,ONEY,ONE,CHIM354B25,DRY,15,5/6/2026,6/30/2026,5/11/2026 4:10,800,800,178.8,178.8,978.8,978.8
USHOU,USHOU,CNFOC,"Houston, TX, USHOU","Houston, TX, USHOU","Fuzhou Changle, 35, CNFOC",CNFOC,ONEY,ONE,CHIM354B25,DRY,15,5/6/2026,6/30/2026,5/11/2026 4:10,925,925,121.6,121.6,1046.6,1046.6
USHOU,USHOU,CNFZG,"Houston, TX, USHOU","Houston, TX, USHOU","Fuzhou Pt, 23, CNFZG",CNFZG,MAEU,Maersk,300094432,DRY,0,4/1/2026,9/30/2026,3/25/2026 3:45,713,713,0,0,713,713
USHOU,USHOU,CNFZG,"Houston, TX, USHOU","Houston, TX, USHOU","Fuzhou Pt, 23, CNFZG",CNNBG,YMJA,YML,51625,DRY,9,4/23/2026,5/15/2026,5/11/2026 4:10,1000,1000,235.27,235.27,1235.27,1235.27
USHOU,USHOU,CNFZG,"Houston, TX, USHOU","Houston, TX, USHOU","Fuzhou Pt, 23, CNFZG",CNNBG,YMJA,YML,51625,DRY,9,5/16/2026,6/30/2026,5/11/2026 4:10,1134,1134,235.27,235.27,1369.27,1369.27
USHOU,USHOU,CNGOM,"Houston, TX, USHOU","Houston, TX, USHOU","Gaoming Pt, 44, CNGOM",CNGOM,MAEU,Maersk,300094432,DRY,0,4/1/2026,9/30/2026,3/25/2026 3:45,849,849,0,0,849,849
USHOU,USHOU,CNGON,"Houston, TX, USHOU","Houston, TX, USHOU","Gaolan, 44, CNGON",CNGON,ONEY,ONE,CHIM354B25,DRY,15,5/6/2026,6/30/2026,5/11/2026 4:10,850,850,178.8,178.8,1028.8,1028.8
USHOU,USHOU,CNGZG,"Houston, TX, USHOU","Houston, TX, USHOU","Guangzhou Pt, 22, CNGZG",CNGZG,YMJA,YML,51625,DRY,9,4/23/2026,5/15/2026,5/11/2026 4:10,550,550,235.27,235.27,785.27,785.27
USHOU,USHOU,CNGZG,"Houston, TX, USHOU","Houston, TX, USHOU","Guangzhou Pt, 22, CNGZG",CNGZG,YMJA,YML,51625,DRY,9,5/16/2026,6/30/2026,5/11/2026 4:10,684,684,235.27,235.27,919.27,919.27
USHOU,USHOU,CNHFI,"Houston, TX, USHOU","Houston, TX, USHOU","Hefei, 34, CNHFI",CNSHA,YMJA,YML,51625,DRY,9,4/23/2026,5/15/2026,5/11/2026 4:10,1890,1890,235.27,235.27,2125.27,2125.27
USHOU,USHOU,CNHFI,"Houston, TX, USHOU","Houston, TX, USHOU","Hefei, 34, CNHFI",CNSHA,YMJA,YML,51625,DRY,9,5/16/2026,6/30/2026,5/11/2026 4:10,2024,2024,235.27,235.27,2259.27,2259.27
USHOU,USHOU,CNHSI,"Houston, TX, USHOU","Houston, TX, USHOU","Huangshi Pt, 42, CNHSI",CNSHA,YMJA,YML,51625,DRY,9,4/23/2026,5/15/2026,5/11/2026 4:10,970,970,235.27,235.27,1205.27,1205.27
USHOU,USHOU,CNHSI,"Houston, TX, USHOU","Houston, TX, USHOU","Huangshi Pt, 42, CNHSI",CNSHA,YMJA,YML,51625,DRY,9,5/16/2026,6/30/2026,5/11/2026 4:10,1104,1104,235.27,235.27,1339.27,1339.27
USHOU,USHOU,CNHUA,"Houston, TX, USHOU","Houston, TX, USHOU","Huangpu Pt, 44, CNHUA",CNHUA,MAEU,Maersk,300094432,DRY,0,4/1/2026,9/30/2026,3/25/2026 3:45,526,526,0,0,526,526
USHOU,USHOU,CNHUA,"Houston, TX, USHOU","Houston, TX, USHOU","Huangpu Pt, 44, CNHUA",CNHUA,YMJA,YML,51625,DRY,9,4/23/2026,5/15/2026,5/11/2026 4:10,550,550,235.27,235.27,785.27,785.27
USHOU,USHOU,CNHUA,"Houston, TX, USHOU","Houston, TX, USHOU","Huangpu Pt, 44, CNHUA",CNHUA,OOLU,OOCL,MT256104,DRY,16,4/1/2026,6/30/2026,5/11/2026 4:10,600,600,166.6,166.6,766.6,766.6
USHOU,USHOU,CNHUA,"Houston, TX, USHOU","Houston, TX, USHOU","Huangpu Pt, 44, CNHUA",CNHUA,YMJA,YML,51625,DRY,9,5/16/2026,6/30/2026,5/11/2026 4:10,684,684,235.27,235.27,919.27,919.27
USHOU,USHOU,CNHUA,"Houston, TX, USHOU","Houston, TX, USHOU","Huangpu Pt, 44, CNHUA",CNHUA,ONEY,ONE,CHIM354B25,DRY,15,5/6/2026,6/30/2026,5/11/2026 4:10,700,700,178.8,178.8,878.8,878.8
USHOU,USLGB,CNHUA,"Houston, TX, USHOU",LALB,"Huangpu Pt, 44, CNHUA",CNHUA,OOLU,OOCL,MT256104,DRY,16,4/1/2026,6/30/2026,5/11/2026 4:10,1275,1275,166.6,166.6,1441.6,1441.6
USHOU,USLAX,CNHUA,"Houston, TX, USHOU",LALB,"Huangpu Pt, 44, CNHUA",CNHUA,OOLU,OOCL,MT256104,DRY,16,4/1/2026,6/30/2026,5/11/2026 4:10,1275,1275,166.6,166.6,1441.6,1441.6
USHOU,USLAX,CNHUA,"Houston, TX, USHOU",LALB,"Huangpu Pt, 44, CNHUA",CNHUA,ONEY,ONE,CHIM354B25,DRY,15,5/16/2026,6/30/2026,5/11/2026 4:10,2210,2210,178.8,178.8,2388.8,2388.8
USHOU,USLAX,CNHUA,"Houston, TX, USHOU",LALB,"Huangpu Pt, 44, CNHUA",CNHUA,ONEY,ONE,CHIM354B25,DRY,15,5/6/2026,5/15/2026,5/11/2026 4:10,2210,2210,178.8,178.8,2388.8,2388.8
USHOU,USHOU,CNHZH,"Houston, TX, USHOU","Houston, TX, USHOU","Huzhou Pt, 33, CNHZH",CNSHA,YMJA,YML,51625,DRY,9,4/23/2026,5/15/2026,5/11/2026 4:10,765,765,235.27,235.27,1000.27,1000.27
USHOU,USHOU,CNHZH,"Houston, TX, USHOU","Houston, TX, USHOU","Huzhou Pt, 33, CNHZH",CNSHA,YMJA,YML,51625,DRY,9,5/16/2026,6/30/2026,5/11/2026 4:10,899,899,235.27,235.27,1134.27,1134.27
USHOU,USHOU,CNJIA,"Houston, TX, USHOU","Houston, TX, USHOU","Jiangyin Pt, 32, CNJIA",CNSHA,YMJA,YML,51625,DRY,9,4/23/2026,5/15/2026,5/11/2026 4:10,830,830,235.27,235.27,1065.27,1065.27
USHOU,USHOU,CNJIA,"Houston, TX, USHOU","Houston, TX, USHOU","Jiangyin Pt, 32, CNJIA",CNJIA,MAEU,Maersk,300094432,DRY,0,4/1/2026,9/30/2026,5/11/2026 4:10,950,950,1.76,1.76,951.76,951.76
USHOU,USHOU,CNJIA,"Houston, TX, USHOU","Houston, TX, USHOU","Jiangyin Pt, 32, CNJIA",CNSHA,YMJA,YML,51625,DRY,9,5/16/2026,6/30/2026,5/11/2026 4:10,964,964,235.27,235.27,1199.27,1199.27
USHOU,USHOU,CNJIU,"Houston, TX, USHOU","Houston, TX, USHOU","Jiujiang Pt, 36, CNJIU",CNSHA,YMJA,YML,51625,DRY,9,4/23/2026,5/15/2026,5/11/2026 4:10,960,960,235.27,235.27,1195.27,1195.27
USHOU,USHOU,CNJIU,"Houston, TX, USHOU","Houston, TX, USHOU","Jiujiang Pt, 36, CNJIU",CNSHA,YMJA,YML,51625,DRY,9,5/16/2026,6/30/2026,5/11/2026 4:10,1094,1094,235.27,235.27,1329.27,1329.27
USHOU,USHOU,CNJIU,"Houston, TX, USHOU","Houston, TX, USHOU","Jiujiang Pt, 36, CNJIU",CNJIU,MAEU,Maersk,300094432,DRY,0,4/1/2026,9/30/2026,5/11/2026 4:10,1683,1683,1.76,1.76,1684.76,1684.76
USHOU,USHOU,CNJMN,"Houston, TX, USHOU","Houston, TX, USHOU","Jiangmen Pt, 44, CNJMN",CNJMN,MAEU,Maersk,300094432,DRY,0,4/1/2026,9/30/2026,3/25/2026 3:45,819,819,0,0,819,819
USHOU,USLAX,CNJNZ,"Houston, TX, USHOU",LALB,"Jinzhou Pt, 21, CNJNZ",KRPUS,YMJA,YML,51625,DRY,9,4/23/2026,5/15/2026,5/11/2026 4:10,2270,2270,123.14,123.14,2393.14,2393.14
USHOU,USLAX,CNJNZ,"Houston, TX, USHOU",LALB,"Jinzhou Pt, 21, CNJNZ",KRPUS,YMJA,YML,51625,DRY,9,5/16/2026,6/30/2026,5/11/2026 4:10,2404,2404,123.14,123.14,2527.14,2527.14
USHOU,USHOU,CNJZK,"Houston, TX, USHOU","Houston, TX, USHOU","Jingzhou Pt, 42, CNJZK",CNSHA,YMJA,YML,51625,DRY,9,4/23/2026,5/15/2026,5/11/2026 4:10,980,980,235.27,235.27,1215.27,1215.27
USHOU,USHOU,CNJZK,"Houston, TX, USHOU","Houston, TX, USHOU","Jingzhou Pt, 42, CNJZK",CNSHA,YMJA,YML,51625,DRY,9,5/16/2026,6/30/2026,5/11/2026 4:10,1114,1114,235.27,235.27,1349.27,1349.27
USHOU,USHOU,CNKHN,"Houston, TX, USHOU","Houston, TX, USHOU","Nanchang Changbei, 36, CNKHN",CNSHA,YMJA,YML,51625,DRY,9,4/23/2026,5/15/2026,5/11/2026 4:10,1040,1040,235.27,235.27,1275.27,1275.27
USHOU,USHOU,CNKHN,"Houston, TX, USHOU","Houston, TX, USHOU","Nanchang Changbei, 36, CNKHN",CNSHA,YMJA,YML,51625,DRY,9,5/16/2026,6/30/2026,5/11/2026 4:10,1174,1174,235.27,235.27,1409.27,1409.27
USHOU,USHOU,CNKPN,"Houston, TX, USHOU","Houston, TX, USHOU","Kaiping, 13, CNKPN",CNKPN,OOLU,OOCL,MT256104,DRY,16,4/1/2026,6/30/2026,5/10/2026 3:45,693,693,0,0,693,693
USHOU,USLAX,CNKPN,"Houston, TX, USHOU",LALB,"Kaiping, 13, CNKPN",CNKPN,OOLU,OOCL,MT256104,DRY,16,4/1/2026,6/30/2026,5/10/2026 3:45,1305,1305,0,0,1305,1305
USHOU,USLGB,CNKPN,"Houston, TX, USHOU",LALB,"Kaiping, 13, CNKPN",CNKPN,OOLU,OOCL,MT256104,DRY,16,4/1/2026,6/30/2026,5/10/2026 3:45,1305,1305,0,0,1305,1305
USHOU,USHOU,CNKUS,"Houston, TX, USHOU","Houston, TX, USHOU","Kunshan, 32, CNKUS",CNSHA,YMJA,YML,51625,DRY,9,4/23/2026,5/15/2026,5/11/2026 4:10,990,990,235.27,235.27,1225.27,1225.27
USHOU,USHOU,CNKUS,"Houston, TX, USHOU","Houston, TX, USHOU","Kunshan, 32, CNKUS",CNSHA,YMJA,YML,51625,DRY,9,5/16/2026,6/30/2026,5/11/2026 4:10,1124,1124,235.27,235.27,1359.27,1359.27
USHOU,USHOU,CNLIH,"Houston, TX, USHOU","Houston, TX, USHOU","Lianhuashan Pt, 44, CNLIH",CNYTN,YMJA,YML,51625,DRY,9,4/23/2026,5/15/2026,5/11/2026 4:10,900,900,235.27,235.27,1135.27,1135.27
USHOU,USHOU,CNLIH,"Houston, TX, USHOU","Houston, TX, USHOU","Lianhuashan Pt, 44, CNLIH",CNYTN,YMJA,YML,51625,DRY,9,5/16/2026,6/30/2026,5/11/2026 4:10,1034,1034,235.27,235.27,1269.27,1269.27
USHOU,USLAX,CNLIH,"Houston, TX, USHOU",LALB,"Lianhuashan Pt, 44, CNLIH",CNSHK,YMJA,YML,51625,DRY,9,4/23/2026,5/15/2026,5/11/2026 4:10,1570,1570,235.27,235.27,1805.27,1805.27
USHOU,USLAX,CNLIH,"Houston, TX, USHOU",LALB,"Lianhuashan Pt, 44, CNLIH",CNSHK,YMJA,YML,51625,DRY,9,5/16/2026,6/30/2026,5/11/2026 4:10,1704,1704,235.27,235.27,1939.27,1939.27
USHOU,USHOU,CNLYG,"Houston, TX, USHOU","Houston, TX, USHOU","Lianyungang, 32, CNLYG",CNLYG,MAEU,Maersk,300094432,DRY,0,4/1/2026,9/30/2026,3/25/2026 3:45,476,476,0,0,476,476
USHOU,USHOU,CNLYG,"Houston, TX, USHOU","Houston, TX, USHOU","Lianyungang, 32, CNLYG",CNLYG,ONEY,ONE,CHIM354B25,DRY,15,5/6/2026,6/30/2026,5/11/2026 4:10,700,700,122.49,122.49,822.49,822.49
USHOU,USLAX,CNLYG,"Houston, TX, USHOU",LALB,"Lianyungang, 32, CNLYG",CNLYG,OOLU,OOCL,MT256104,DRY,16,4/1/2026,6/30/2026,5/11/2026 4:10,1965,1965,166.6,166.6,2131.6,2131.6
USHOU,USLGB,CNLYG,"Houston, TX, USHOU",LALB,"Lianyungang, 32, CNLYG",CNLYG,OOLU,OOCL,MT256104,DRY,16,4/1/2026,6/30/2026,5/11/2026 4:10,1965,1965,166.6,166.6,2131.6,2131.6
USHOU,USLAX,CNLYG,"Houston, TX, USHOU",LALB,"Lianyungang, 32, CNLYG",CNLYG,ONEY,ONE,CHIM354B25,DRY,15,5/16/2026,6/30/2026,5/11/2026 4:10,2085,2085,122.49,122.49,2207.49,2207.49
USHOU,USLAX,CNLYG,"Houston, TX, USHOU",LALB,"Lianyungang, 32, CNLYG",CNLYG,ONEY,ONE,CHIM354B25,DRY,15,5/6/2026,5/15/2026,5/11/2026 4:10,2085,2085,122.49,122.49,2207.49,2207.49
USHOU,USHOU,CNLZU,"Houston, TX, USHOU","Houston, TX, USHOU","Luzhou, 51, CNLZU",CNSHA,YMJA,YML,51625,DRY,9,4/23/2026,5/15/2026,5/11/2026 4:10,1440,1440,235.27,235.27,1675.27,1675.27
USHOU,USHOU,CNLZU,"Houston, TX, USHOU","Houston, TX, USHOU","Luzhou, 51, CNLZU",CNSHA,YMJA,YML,51625,DRY,9,5/16/2026,6/30/2026,5/11/2026 4:10,1574,1574,235.27,235.27,1809.27,1809.27
USHOU,USHOU,CNMAA,"Houston, TX, USHOU","Houston, TX, USHOU","Maanshan Pt, 34, CNMAA",CNSHA,YMJA,YML,51625,DRY,9,4/23/2026,5/15/2026,5/11/2026 4:10,840,840,235.27,235.27,1075.27,1075.27
USHOU,USHOU,CNMAA,"Houston, TX, USHOU","Houston, TX, USHOU","Maanshan Pt, 34, CNMAA",CNMAA,MAEU,Maersk,300094432,DRY,0,4/1/2026,9/30/2026,5/11/2026 4:10,960,960,1.76,1.76,961.76,961.76
USHOU,USHOU,CNMAA,"Houston, TX, USHOU","Houston, TX, USHOU","Maanshan Pt, 34, CNMAA",CNSHA,YMJA,YML,51625,DRY,9,5/16/2026,6/30/2026,5/11/2026 4:10,974,974,235.27,235.27,1209.27,1209.27
USHOU,USHOU,CNNBG,"Houston, TX, USHOU","Houston, TX, USHOU","Ningbo Pt, 33, CNNBG",CNNBG,YMJA,YML,51625,DRY,9,4/23/2026,5/15/2026,5/11/2026 4:10,350,350,235.27,235.27,585.27,585.27
USHOU,USHOU,CNNBG,"Houston, TX, USHOU","Houston, TX, USHOU","Ningbo Pt, 33, CNNBG",CNNBG,OOLU,OOCL,MT256104,DRY,16,4/1/2026,6/30/2026,5/11/2026 4:10,373,373,168.36,168.36,541.36,541.36
USHOU,USHOU,CNNBG,"Houston, TX, USHOU","Houston, TX, USHOU","Ningbo Pt, 33, CNNBG",CNNBG,MAEU,Maersk,300094432,DRY,0,4/1/2026,9/30/2026,3/25/2026 3:45,426,426,0,0,426,426
USHOU,USHOU,CNNBG,"Houston, TX, USHOU","Houston, TX, USHOU","Ningbo Pt, 33, CNNBG",CNNBG,ONEY,ONE,CHIM354B25,DRY,15,5/6/2026,6/30/2026,5/11/2026 4:10,450,450,126.31,126.31,576.31,576.31
USHOU,USHOU,CNNBG,"Houston, TX, USHOU","Houston, TX, USHOU","Ningbo Pt, 33, CNNBG",CNNBG,YMJA,YML,51625,DRY,9,5/16/2026,6/30/2026,5/11/2026 4:10,484,484,235.27,235.27,719.27,719.27
USHOU,USHOU,CNNBG,"Houston, TX, USHOU","Houston, TX, USHOU","Ningbo Pt, 33, CNNBG",CNNBG,YMJA,YML,51625,DRY,9,4/23/2026,5/15/2026,5/11/2026 4:10,500,500,235.27,235.27,735.27,735.27
USHOU,USHOU,CNNBG,"Houston, TX, USHOU","Houston, TX, USHOU","Ningbo Pt, 33, CNNBG",CNNBG,YMJA,YML,51625,DRY,9,5/16/2026,6/30/2026,5/11/2026 4:10,634,634,235.27,235.27,869.27,869.27
USHOU,USLGB,CNNBG,"Houston, TX, USHOU",LALB,"Ningbo Pt, 33, CNNBG",CNNBG,OOLU,OOCL,MT256104,DRY,16,4/1/2026,6/30/2026,5/11/2026 4:10,985,985,168.36,168.36,1153.36,1153.36
USHOU,USLAX,CNNBG,"Houston, TX, USHOU",LALB,"Ningbo Pt, 33, CNNBG",CNNBG,OOLU,OOCL,MT256104,DRY,16,4/1/2026,6/30/2026,5/11/2026 4:10,985,985,168.36,168.36,1153.36,1153.36
USHOU,USHOU,CNNBG,"Houston, TX, USHOU","Houston, TX, USHOU","Ningbo Pt, 33, CNNBG",CNNBG,EGLV,EMC,SC103574,DRY,4,5/1/2026,6/30/2026,5/10/2026 3:45,1000,1000,0,0,1000,1000
USHOU,USLAX,CNNBG,"Houston, TX, USHOU",LALB,"Ningbo Pt, 33, CNNBG",KRPUS,YMJA,YML,51625,DRY,9,4/23/2026,5/15/2026,5/11/2026 4:10,1470,1470,123.14,123.14,1593.14,1593.14
USHOU,USLAX,CNNBG,"Houston, TX, USHOU",LALB,"Ningbo Pt, 33, CNNBG",SGSIN,YMJA,YML,51625,DRY,9,4/23/2026,5/15/2026,5/11/2026 4:10,1510,1510,274.53,274.53,1784.53,1784.53
USHOU,USLAX,CNNBG,"Houston, TX, USHOU",LALB,"Ningbo Pt, 33, CNNBG",KRPUS,YMJA,YML,51625,DRY,9,5/16/2026,6/30/2026,5/11/2026 4:10,1604,1604,123.14,123.14,1727.14,1727.14
USHOU,USLAX,CNNBG,"Houston, TX, USHOU",LALB,"Ningbo Pt, 33, CNNBG",SGSIN,YMJA,YML,51625,DRY,9,5/16/2026,6/30/2026,5/11/2026 4:10,1644,1644,274.53,274.53,1918.53,1918.53
USHOU,USLAX,CNNBG,"Houston, TX, USHOU",LALB,"Ningbo Pt, 33, CNNBG",CNNBG,ONEY,ONE,CHIM354B25,DRY,15,5/6/2026,5/15/2026,5/11/2026 4:10,1960,1960,126.31,126.31,2086.31,2086.31
USHOU,USLAX,CNNBG,"Houston, TX, USHOU",LALB,"Ningbo Pt, 33, CNNBG",CNNBG,ONEY,ONE,CHIM354B25,DRY,15,5/16/2026,6/30/2026,5/11/2026 4:10,1960,1960,126.31,126.31,2086.31,2086.31
USHOU,USHOU,CNNJG,"Houston, TX, USHOU","Houston, TX, USHOU","Nanjing Pt, 35, CNNJG",CNSHA,YMJA,YML,51625,DRY,9,4/23/2026,5/15/2026,5/11/2026 4:10,830,830,235.27,235.27,1065.27,1065.27
USHOU,USHOU,CNNJG,"Houston, TX, USHOU","Houston, TX, USHOU","Nanjing Pt, 35, CNNJG",CNNJG,MAEU,Maersk,300094432,DRY,0,4/1/2026,9/30/2026,5/11/2026 4:10,960,960,1.76,1.76,961.76,961.76
USHOU,USHOU,CNNJG,"Houston, TX, USHOU","Houston, TX, USHOU","Nanjing Pt, 35, CNNJG",CNSHA,YMJA,YML,51625,DRY,9,5/16/2026,6/30/2026,5/11/2026 4:10,964,964,235.27,235.27,1199.27,1199.27
USHOU,USHOU,CNNJP,"Houston, TX, USHOU","Houston, TX, USHOU","Nanjing Pt, 32, CNNJP",CNSHA,YMJA,YML,51625,DRY,9,4/23/2026,5/15/2026,5/11/2026 4:10,830,830,235.27,235.27,1065.27,1065.27
USHOU,USHOU,CNNJP,"Houston, TX, USHOU","Houston, TX, USHOU","Nanjing Pt, 32, CNNJP",CNSHA,YMJA,YML,51625,DRY,9,5/16/2026,6/30/2026,5/11/2026 4:10,964,964,235.27,235.27,1199.27,1199.27
USHOU,USHOU,CNNKG,"Houston, TX, USHOU","Houston, TX, USHOU","Nanjing Lukou, 32, CNNKG",CNNKG,ONEY,ONE,CHIM354B25,DRY,15,5/6/2026,6/30/2026,5/11/2026 4:10,735,735,121.75,121.75,856.75,856.75
USHOU,USHOU,CNNKG,"Houston, TX, USHOU","Houston, TX, USHOU","Nanjing Lukou, 32, CNNKG",CNSHA,YMJA,YML,51625,DRY,9,4/23/2026,5/15/2026,5/11/2026 4:10,830,830,235.27,235.27,1065.27,1065.27
USHOU,USHOU,CNNKG,"Houston, TX, USHOU","Houston, TX, USHOU","Nanjing Lukou, 32, CNNKG",CNSHA,YMJA,YML,51625,DRY,9,5/16/2026,6/30/2026,5/11/2026 4:10,964,964,235.27,235.27,1199.27,1199.27
USHOU,USHOU,CNNSA,"Houston, TX, USHOU","Houston, TX, USHOU","Nansha Pt, 44, CNNSA",CNNSA,OOLU,OOCL,MT256104,DRY,16,4/1/2026,6/30/2026,5/11/2026 4:10,460,460,166.6,166.6,626.6,626.6
USHOU,USHOU,CNNSA,"Houston, TX, USHOU","Houston, TX, USHOU","Nansha Pt, 44, CNNSA",CNNSA,YMJA,YML,51625,DRY,9,4/23/2026,5/15/2026,5/11/2026 4:10,700,700,235.27,235.27,935.27,935.27
USHOU,USHOU,CNNSA,"Houston, TX, USHOU","Houston, TX, USHOU","Nansha Pt, 44, CNNSA",CNNSA,ONEY,ONE,CHIM354B25,DRY,15,5/6/2026,6/30/2026,5/11/2026 4:10,775,775,178.8,178.8,953.8,953.8
USHOU,USHOU,CNNSA,"Houston, TX, USHOU","Houston, TX, USHOU","Nansha Pt, 44, CNNSA",CNNSA,YMJA,YML,51625,DRY,9,5/16/2026,6/30/2026,5/11/2026 4:10,834,834,235.27,235.27,1069.27,1069.27
USHOU,USLAX,CNNSA,"Houston, TX, USHOU",LALB,"Nansha Pt, 44, CNNSA",CNNSA,OOLU,OOCL,MT256104,DRY,16,4/1/2026,6/30/2026,5/11/2026 4:10,1235,1235,166.6,166.6,1401.6,1401.6
USHOU,USLGB,CNNSA,"Houston, TX, USHOU",LALB,"Nansha Pt, 44, CNNSA",CNNSA,OOLU,OOCL,MT256104,DRY,16,4/1/2026,6/30/2026,5/11/2026 4:10,1235,1235,166.6,166.6,1401.6,1401.6
USHOU,USHOU,CNNTG,"Houston, TX, USHOU","Houston, TX, USHOU","Nantong Pt, 32, CNNTG",CNNTG,MAEU,Maersk,300094432,DRY,0,4/1/2026,9/30/2026,5/11/2026 4:10,574,574,16.32,16.32,590.32,590.32
USHOU,USHOU,CNNTG,"Houston, TX, USHOU","Houston, TX, USHOU","Nantong Pt, 32, CNNTG",CNSHA,YMJA,YML,51625,DRY,9,4/23/2026,5/15/2026,5/11/2026 4:10,830,830,235.27,235.27,1065.27,1065.27
USHOU,USHOU,CNNTG,"Houston, TX, USHOU","Houston, TX, USHOU","Nantong Pt, 32, CNNTG",CNNTG,ONEY,ONE,CHIM354B25,DRY,15,5/6/2026,6/30/2026,5/11/2026 4:10,910,910,121.75,121.75,1031.75,1031.75
USHOU,USHOU,CNNTG,"Houston, TX, USHOU","Houston, TX, USHOU","Nantong Pt, 32, CNNTG",CNSHA,YMJA,YML,51625,DRY,9,5/16/2026,6/30/2026,5/11/2026 4:10,964,964,235.27,235.27,1199.27,1199.27
USHOU,USLAX,CNNTG,"Houston, TX, USHOU",LALB,"Nantong Pt, 32, CNNTG",CNNTG,ONEY,ONE,CHIM354B25,DRY,15,5/6/2026,5/15/2026,5/11/2026 4:10,2210,2210,121.75,121.75,2331.75,2331.75
USHOU,USLAX,CNNTG,"Houston, TX, USHOU",LALB,"Nantong Pt, 32, CNNTG",CNNTG,ONEY,ONE,CHIM354B25,DRY,15,5/16/2026,6/30/2026,5/11/2026 4:10,2210,2210,121.75,121.75,2331.75,2331.75
USHOU,USLAX,CNPUT,"Houston, TX, USHOU",LALB,"Putian, 35, CNPUT",CNXMN,YMJA,YML,51625,DRY,9,4/23/2026,5/15/2026,5/11/2026 4:10,1560,1560,235.27,235.27,1795.27,1795.27
USHOU,USLAX,CNPUT,"Houston, TX, USHOU",LALB,"Putian, 35, CNPUT",CNXMN,YMJA,YML,51625,DRY,9,5/16/2026,6/30/2026,5/11/2026 4:10,1694,1694,235.27,235.27,1929.27,1929.27
USHOU,USHOU,CNQZH,"Houston, TX, USHOU","Houston, TX, USHOU","Qinzhou Pt, 45, CNQZH",CNQZH,MAEU,Maersk,300094432,DRY,0,4/1/2026,9/30/2026,3/25/2026 3:45,913,913,0,0,913,913
USHOU,USHOU,CNRUG,"Houston, TX, USHOU","Houston, TX, USHOU","Rugao Pt, 32, CNRUG",CNRUG,MAEU,Maersk,300094432,DRY,0,4/1/2026,9/30/2026,5/11/2026 4:10,574,574,1.76,1.76,575.76,575.76
USHOU,USLAX,CNRZH,"Houston, TX, USHOU",LALB,"Rizhao Pt, 37, CNRZH",CNTAO,YMJA,YML,51625,DRY,9,4/23/2026,5/15/2026,5/11/2026 4:10,1530,1530,235.27,235.27,1765.27,1765.27
USHOU,USLAX,CNRZH,"Houston, TX, USHOU",LALB,"Rizhao Pt, 37, CNRZH",CNTAO,YMJA,YML,51625,DRY,9,5/16/2026,6/30/2026,5/11/2026 4:10,1664,1664,235.27,235.27,1899.27,1899.27
USHOU,USHOU,CNSBU,"Houston, TX, USHOU","Houston, TX, USHOU","Sanbu Pt, 44, CNSBU",CNSBU,OOLU,OOCL,MT256104,DRY,16,4/1/2026,6/30/2026,5/10/2026 3:45,693,693,0,0,693,693
USHOU,USHOU,CNSBU,"Houston, TX, USHOU","Houston, TX, USHOU","Sanbu Pt, 44, CNSBU",CNSBU,ONEY,ONE,CHIM354B25,DRY,15,5/6/2026,6/30/2026,5/11/2026 4:10,1010,1010,178.8,178.8,1188.8,1188.8
USHOU,USLGB,CNSBU,"Houston, TX, USHOU",LALB,"Sanbu Pt, 44, CNSBU",CNSBU,OOLU,OOCL,MT256104,DRY,16,4/1/2026,6/30/2026,5/10/2026 3:45,1305,1305,0,0,1305,1305
USHOU,USLAX,CNSBU,"Houston, TX, USHOU",LALB,"Sanbu Pt, 44, CNSBU",CNSBU,OOLU,OOCL,MT256104,DRY,16,4/1/2026,6/30/2026,5/10/2026 3:45,1305,1305,0,0,1305,1305
USHOU,USHOU,CNSHA,"Houston, TX, USHOU","Houston, TX, USHOU","Shanghai, 31, CNSHA",CNSHA,YMJA,YML,51625,DRY,9,4/23/2026,5/15/2026,5/11/2026 4:10,350,350,235.27,235.27,585.27,585.27
USHOU,USHOU,CNSHA,"Houston, TX, USHOU","Houston, TX, USHOU","Shanghai, 31, CNSHA",CNSHA,OOLU,OOCL,MT256104,DRY,16,4/1/2026,6/30/2026,5/11/2026 4:10,373,373,168.36,168.36,541.36,541.36
USHOU,USHOU,CNSHA,"Houston, TX, USHOU","Houston, TX, USHOU","Shanghai, 31, CNSHA",CNSHA,ONEY,ONE,CHIM354B25,DRY,15,5/6/2026,6/30/2026,5/11/2026 4:10,450,450,121.75,121.75,571.75,571.75
USHOU,USHOU,CNSHA,"Houston, TX, USHOU","Houston, TX, USHOU","Shanghai, 31, CNSHA",CNSHA,YMJA,YML,51625,DRY,9,5/16/2026,6/30/2026,5/11/2026 4:10,484,484,235.27,235.27,719.27,719.27
USHOU,USHOU,CNSHA,"Houston, TX, USHOU","Houston, TX, USHOU","Shanghai, 31, CNSHA",CNSHA,YMJA,YML,51625,DRY,9,4/23/2026,5/15/2026,5/11/2026 4:10,500,500,235.27,235.27,735.27,735.27
USHOU,USHOU,CNSHA,"Houston, TX, USHOU","Houston, TX, USHOU","Shanghai, 31, CNSHA",CNSHA,MAEU,Maersk,300094432,DRY,0,4/1/2026,9/30/2026,3/25/2026 3:45,583,583,0,0,583,583
USHOU,USHOU,CNSHA,"Houston, TX, USHOU","Houston, TX, USHOU","Shanghai, 31, CNSHA",CNSHA,YMJA,YML,51625,DRY,9,5/16/2026,6/30/2026,5/11/2026 4:10,634,634,235.27,235.27,869.27,869.27
USHOU,USLGB,CNSHA,"Houston, TX, USHOU",LALB,"Shanghai, 31, CNSHA",CNSHA,OOLU,OOCL,MT256104,DRY,16,4/1/2026,6/30/2026,5/11/2026 4:10,985,985,168.36,168.36,1153.36,1153.36
USHOU,USLAX,CNSHA,"Houston, TX, USHOU",LALB,"Shanghai, 31, CNSHA",CNSHA,OOLU,OOCL,MT256104,DRY,16,4/1/2026,6/30/2026,5/11/2026 4:10,985,985,168.36,168.36,1153.36,1153.36
USHOU,USHOU,CNSHA,"Houston, TX, USHOU","Houston, TX, USHOU","Shanghai, 31, CNSHA",CNSHG,EGLV,EMC,SC103574,DRY,4,5/1/2026,6/30/2026,5/10/2026 3:45,1000,1000,0,0,1000,1000
USHOU,USLAX,CNSHA,"Houston, TX, USHOU",LALB,"Shanghai, 31, CNSHA",SGSIN,YMJA,YML,51625,DRY,9,4/23/2026,5/15/2026,5/11/2026 4:10,1510,1510,274.53,274.53,1784.53,1784.53
USHOU,USLAX,CNSHA,"Houston, TX, USHOU",LALB,"Shanghai, 31, CNSHA",SGSIN,YMJA,YML,51625,DRY,9,5/16/2026,6/30/2026,5/11/2026 4:10,1644,1644,274.53,274.53,1918.53,1918.53
USHOU,USLAX,CNSHA,"Houston, TX, USHOU",LALB,"Shanghai, 31, CNSHA",CNSHA,ONEY,ONE,CHIM354B25,DRY,15,5/16/2026,6/30/2026,5/11/2026 4:10,1960,1960,121.75,121.75,2081.75,2081.75
USHOU,USLAX,CNSHA,"Houston, TX, USHOU",LALB,"Shanghai, 31, CNSHA",CNSHA,ONEY,ONE,CHIM354B25,DRY,15,5/6/2026,5/15/2026,5/11/2026 4:10,1960,1960,121.75,121.75,2081.75,2081.75
USHOU,USHOU,CNSHK,"Houston, TX, USHOU","Houston, TX, USHOU","Shekou Pt, 44, CNSHK",CNSHK,OOLU,OOCL,MT256104,DRY,16,4/1/2026,6/30/2026,5/10/2026 3:45,373,373,0,0,373,373
USHOU,USHOU,CNSHK,"Houston, TX, USHOU","Houston, TX, USHOU","Shekou Pt, 44, CNSHK",CNSHK,YMJA,YML,51625,DRY,9,4/23/2026,5/15/2026,5/11/2026 4:10,650,650,235.27,235.27,885.27,885.27
USHOU,USHOU,CNSHK,"Houston, TX, USHOU","Houston, TX, USHOU","Shekou Pt, 44, CNSHK",CNSHK,YMJA,YML,51625,DRY,9,5/16/2026,6/30/2026,5/11/2026 4:10,784,784,235.27,235.27,1019.27,1019.27
USHOU,USHOU,CNSHK,"Houston, TX, USHOU","Houston, TX, USHOU","Shekou Pt, 44, CNSHK",CNSHK,ONEY,ONE,CHIM354B25,DRY,15,5/6/2026,6/30/2026,5/11/2026 4:10,825,825,178.8,178.8,1003.8,1003.8
USHOU,USLAX,CNSHK,"Houston, TX, USHOU",LALB,"Shekou Pt, 44, CNSHK",CNSHK,YMJA,YML,51625,DRY,9,4/23/2026,5/15/2026,5/11/2026 4:10,1250,1250,235.27,235.27,1485.27,1485.27
USHOU,USLAX,CNSHK,"Houston, TX, USHOU",LALB,"Shekou Pt, 44, CNSHK",CNSHK,YMJA,YML,51625,DRY,9,5/16/2026,6/30/2026,5/11/2026 4:10,1384,1384,235.27,235.27,1619.27,1619.27
USHOU,USLAX,CNSHK,"Houston, TX, USHOU",LALB,"Shekou Pt, 44, CNSHK",SGSIN,YMJA,YML,51625,DRY,9,4/23/2026,5/15/2026,5/11/2026 4:10,1455,1455,274.53,274.53,1729.53,1729.53
USHOU,USLAX,CNSHK,"Houston, TX, USHOU",LALB,"Shekou Pt, 44, CNSHK",SGSIN,YMJA,YML,51625,DRY,9,5/16/2026,6/30/2026,5/11/2026 4:10,1589,1589,274.53,274.53,1863.53,1863.53
USHOU,USLGB,CNSHK,"Houston, TX, USHOU",LALB,"Shekou Pt, 44, CNSHK",CNSHK,OOLU,OOCL,MT256104,DRY,16,4/1/2026,6/30/2026,5/10/2026 3:45,1715,1715,0,0,1715,1715
USHOU,USLAX,CNSHK,"Houston, TX, USHOU",LALB,"Shekou Pt, 44, CNSHK",CNSHK,OOLU,OOCL,MT256104,DRY,16,4/1/2026,6/30/2026,5/10/2026 3:45,1715,1715,0,0,1715,1715
USHOU,USLAX,CNSHP,"Houston, TX, USHOU",LALB,"Qinhuangdao Pt, 13, CNSHP",CNTXG,YMJA,YML,51625,DRY,9,4/23/2026,5/15/2026,5/11/2026 4:10,1670,1670,235.27,235.27,1905.27,1905.27
USHOU,USLAX,CNSHP,"Houston, TX, USHOU",LALB,"Qinhuangdao Pt, 13, CNSHP",CNTXG,YMJA,YML,51625,DRY,9,5/16/2026,6/30/2026,5/11/2026 4:10,1804,1804,235.27,235.27,2039.27,2039.27
USHOU,USHOU,CNSZG,"Houston, TX, USHOU","Houston, TX, USHOU","Suzhou Pt, 32, CNSZG",CNSHA,YMJA,YML,51625,DRY,9,4/23/2026,5/15/2026,5/11/2026 4:10,990,990,235.27,235.27,1225.27,1225.27
USHOU,USHOU,CNSZG,"Houston, TX, USHOU","Houston, TX, USHOU","Suzhou Pt, 32, CNSZG",CNSHA,YMJA,YML,51625,DRY,9,5/16/2026,6/30/2026,5/11/2026 4:10,1124,1124,235.27,235.27,1359.27,1359.27
USHOU,USHOU,CNTAC,"Houston, TX, USHOU","Houston, TX, USHOU","Taicang Pt, 32, CNTAC",CNSHA,YMJA,YML,51625,DRY,9,4/23/2026,5/15/2026,5/11/2026 4:10,600,600,235.27,235.27,835.27,835.27
USHOU,USHOU,CNTAC,"Houston, TX, USHOU","Houston, TX, USHOU","Taicang Pt, 32, CNTAC",CNSHA,YMJA,YML,51625,DRY,9,5/16/2026,6/30/2026,5/11/2026 4:10,734,734,235.27,235.27,969.27,969.27
USHOU,USHOU,CNTAC,"Houston, TX, USHOU","Houston, TX, USHOU","Taicang Pt, 32, CNTAC",CNTAC,MAEU,Maersk,300094432,DRY,0,4/1/2026,9/30/2026,5/11/2026 4:10,865,865,16.32,16.32,881.32,881.32
USHOU,USHOU,CNTAG,"Houston, TX, USHOU","Houston, TX, USHOU","Taicang, 32, CNTAG",CNSHA,YMJA,YML,51625,DRY,9,4/23/2026,5/15/2026,5/11/2026 4:10,600,600,235.27,235.27,835.27,835.27
USHOU,USHOU,CNTAG,"Houston, TX, USHOU","Houston, TX, USHOU","Taicang, 32, CNTAG",CNSHA,YMJA,YML,51625,DRY,9,5/16/2026,6/30/2026,5/11/2026 4:10,734,734,235.27,235.27,969.27,969.27
USHOU,USHOU,CNTAG,"Houston, TX, USHOU","Houston, TX, USHOU","Taicang, 32, CNTAG",CNTAG,MAEU,Maersk,300094432,DRY,0,4/1/2026,9/30/2026,5/11/2026 4:10,865,865,16.32,16.32,881.32,881.32
USHOU,USHOU,CNTAO,"Houston, TX, USHOU","Houston, TX, USHOU","Qingdao, 37, CNTAO",CNTAO,MAEU,Maersk,300094432,DRY,0,4/1/2026,9/30/2026,3/25/2026 3:45,446,446,0,0,446,446
USHOU,USHOU,CNTAO,"Houston, TX, USHOU","Houston, TX, USHOU","Qingdao, 37, CNTAO",CNTAO,ONEY,ONE,CHIM354B25,DRY,15,5/6/2026,6/30/2026,5/11/2026 4:10,555,555,122.49,122.49,677.49,677.49
USHOU,USLAX,CNTAO,"Houston, TX, USHOU",LALB,"Qingdao, 37, CNTAO",CNTAO,OOLU,OOCL,MT256104,DRY,16,4/1/2026,6/30/2026,5/11/2026 4:10,985,985,168.36,168.36,1153.36,1153.36
USHOU,USLGB,CNTAO,"Houston, TX, USHOU",LALB,"Qingdao, 37, CNTAO",CNTAO,OOLU,OOCL,MT256104,DRY,16,4/1/2026,6/30/2026,5/11/2026 4:10,985,985,168.36,168.36,1153.36,1153.36
USHOU,USHOU,CNTAO,"Houston, TX, USHOU","Houston, TX, USHOU","Qingdao, 37, CNTAO",CNQDG,EGLV,EMC,SC103574,DRY,4,5/1/2026,6/30/2026,5/10/2026 3:45,1000,1000,0,0,1000,1000
USHOU,USLAX,CNTAO,"Houston, TX, USHOU",LALB,"Qingdao, 37, CNTAO",CNTAO,YMJA,YML,51625,DRY,9,4/23/2026,5/15/2026,5/11/2026 4:10,1250,1250,235.27,235.27,1485.27,1485.27
USHOU,USLAX,CNTAO,"Houston, TX, USHOU",LALB,"Qingdao, 37, CNTAO",CNTAO,YMJA,YML,51625,DRY,9,5/16/2026,6/30/2026,5/11/2026 4:10,1384,1384,235.27,235.27,1619.27,1619.27
USHOU,USLAX,CNTAO,"Houston, TX, USHOU",LALB,"Qingdao, 37, CNTAO",KRPUS,YMJA,YML,51625,DRY,9,4/23/2026,5/15/2026,5/11/2026 4:10,1580,1580,123.14,123.14,1703.14,1703.14
USHOU,USLAX,CNTAO,"Houston, TX, USHOU",LALB,"Qingdao, 37, CNTAO",SGSIN,YMJA,YML,51625,DRY,9,4/23/2026,5/15/2026,5/11/2026 4:10,1625,1625,274.53,274.53,1899.53,1899.53
USHOU,USLAX,CNTAO,"Houston, TX, USHOU",LALB,"Qingdao, 37, CNTAO",KRPUS,YMJA,YML,51625,DRY,9,5/16/2026,6/30/2026,5/11/2026 4:10,1714,1714,123.14,123.14,1837.14,1837.14
USHOU,USLAX,CNTAO,"Houston, TX, USHOU",LALB,"Qingdao, 37, CNTAO",SGSIN,YMJA,YML,51625,DRY,9,5/16/2026,6/30/2026,5/11/2026 4:10,1759,1759,274.53,274.53,2033.53,2033.53
USHOU,USLAX,CNTAO,"Houston, TX, USHOU",LALB,"Qingdao, 37, CNTAO",CNTAO,ONEY,ONE,CHIM354B25,DRY,15,5/6/2026,5/15/2026,5/11/2026 4:10,1960,1960,122.49,122.49,2082.49,2082.49
USHOU,USLAX,CNTAO,"Houston, TX, USHOU",LALB,"Qingdao, 37, CNTAO",CNTAO,ONEY,ONE,CHIM354B25,DRY,15,5/16/2026,6/30/2026,5/11/2026 4:10,1960,1960,122.49,122.49,2082.49,2082.49
USHOU,USHOU,CNTAZ,"Houston, TX, USHOU","Houston, TX, USHOU","Taizhou Pt, 33, CNTAZ",CNSHA,YMJA,YML,51625,DRY,9,4/23/2026,5/15/2026,5/11/2026 4:10,830,830,235.27,235.27,1065.27,1065.27
USHOU,USHOU,CNTAZ,"Houston, TX, USHOU","Houston, TX, USHOU","Taizhou Pt, 33, CNTAZ",CNSHA,YMJA,YML,51625,DRY,9,5/16/2026,6/30/2026,5/11/2026 4:10,964,964,235.27,235.27,1199.27,1199.27
USHOU,USHOU,CNTOL,"Houston, TX, USHOU","Houston, TX, USHOU","Tongling Pt, 34, CNTOL",CNSHA,YMJA,YML,51625,DRY,9,4/23/2026,5/15/2026,5/11/2026 4:10,870,870,235.27,235.27,1105.27,1105.27
USHOU,USHOU,CNTOL,"Houston, TX, USHOU","Houston, TX, USHOU","Tongling Pt, 34, CNTOL",CNSHA,YMJA,YML,51625,DRY,9,5/16/2026,6/30/2026,5/11/2026 4:10,1004,1004,235.27,235.27,1239.27,1239.27
USHOU,USHOU,CNTXG,"Houston, TX, USHOU","Houston, TX, USHOU","Tianjin Xingang Pt, 12, CNTXG",CNTXG,MAEU,Maersk,300094432,DRY,0,4/1/2026,9/30/2026,3/25/2026 3:45,426,426,0,0,426,426
USHOU,USHOU,CNTXG,"Houston, TX, USHOU","Houston, TX, USHOU","Tianjin Xingang Pt, 12, CNTXG",CNTXG,ONEY,ONE,CHIM354B25,DRY,15,5/6/2026,6/30/2026,5/11/2026 4:10,500,500,119.69,119.69,619.69,619.69
USHOU,USHOU,CNTXG,"Houston, TX, USHOU","Houston, TX, USHOU","Tianjin Xingang Pt, 12, CNTXG",TWKHH,YMJA,YML,51625,DRY,9,4/23/2026,5/15/2026,5/11/2026 4:10,835,835,223.53,223.53,1058.53,1058.53
USHOU,USHOU,CNTXG,"Houston, TX, USHOU","Houston, TX, USHOU","Tianjin Xingang Pt, 12, CNTXG",TWKHH,YMJA,YML,51625,DRY,9,5/16/2026,6/30/2026,5/11/2026 4:10,835,835,223.53,223.53,1058.53,1058.53
USHOU,USLAX,CNTXG,"Houston, TX, USHOU",LALB,"Tianjin Xingang Pt, 12, CNTXG",CNTXG,OOLU,OOCL,MT256104,DRY,16,4/1/2026,6/30/2026,5/11/2026 4:10,1235,1235,166.6,166.6,1401.6,1401.6
USHOU,USLGB,CNTXG,"Houston, TX, USHOU",LALB,"Tianjin Xingang Pt, 12, CNTXG",CNTXG,OOLU,OOCL,MT256104,DRY,16,4/1/2026,6/30/2026,5/11/2026 4:10,1235,1235,166.6,166.6,1401.6,1401.6
USHOU,USLAX,CNTXG,"Houston, TX, USHOU",LALB,"Tianjin Xingang Pt, 12, CNTXG",CNTXG,YMJA,YML,51625,DRY,9,4/23/2026,5/15/2026,5/11/2026 4:10,1250,1250,235.27,235.27,1485.27,1485.27
USHOU,USLAX,CNTXG,"Houston, TX, USHOU",LALB,"Tianjin Xingang Pt, 12, CNTXG",CNTXG,YMJA,YML,51625,DRY,9,5/16/2026,6/30/2026,5/11/2026 4:10,1384,1384,235.27,235.27,1619.27,1619.27
USHOU,USLAX,CNTXG,"Houston, TX, USHOU",LALB,"Tianjin Xingang Pt, 12, CNTXG",TWKHH,YMJA,YML,51625,DRY,9,4/23/2026,5/15/2026,5/11/2026 4:10,1535,1535,223.53,223.53,1758.53,1758.53
USHOU,USLAX,CNTXG,"Houston, TX, USHOU",LALB,"Tianjin Xingang Pt, 12, CNTXG",TWKHH,YMJA,YML,51625,DRY,9,5/16/2026,6/30/2026,5/11/2026 4:10,1535,1535,223.53,223.53,1758.53,1758.53
USHOU,USLAX,CNTXG,"Houston, TX, USHOU",LALB,"Tianjin Xingang Pt, 12, CNTXG",KRPUS,YMJA,YML,51625,DRY,9,4/23/2026,5/15/2026,5/11/2026 4:10,1600,1600,123.14,123.14,1723.14,1723.14
USHOU,USLAX,CNTXG,"Houston, TX, USHOU",LALB,"Tianjin Xingang Pt, 12, CNTXG",KRPUS,YMJA,YML,51625,DRY,9,5/16/2026,6/30/2026,5/11/2026 4:10,1734,1734,123.14,123.14,1857.14,1857.14
USHOU,USLAX,CNTXG,"Houston, TX, USHOU",LALB,"Tianjin Xingang Pt, 12, CNTXG",CNTXG,ONEY,ONE,CHIM354B25,DRY,15,5/16/2026,6/30/2026,5/11/2026 4:10,2085,2085,119.69,119.69,2204.69,2204.69
USHOU,USLAX,CNTXG,"Houston, TX, USHOU",LALB,"Tianjin Xingang Pt, 12, CNTXG",CNTXG,ONEY,ONE,CHIM354B25,DRY,15,5/6/2026,5/15/2026,5/11/2026 4:10,2085,2085,119.69,119.69,2204.69,2204.69
USHOU,USLAX,CNWEI,"Houston, TX, USHOU",LALB,"Weihai, 37, CNWEI",CNTAO,YMJA,YML,51625,DRY,9,4/23/2026,5/15/2026,5/11/2026 4:10,1660,1660,235.27,235.27,1895.27,1895.27
USHOU,USLAX,CNWEI,"Houston, TX, USHOU",LALB,"Weihai, 37, CNWEI",CNTAO,YMJA,YML,51625,DRY,9,5/16/2026,6/30/2026,5/11/2026 4:10,1794,1794,235.27,235.27,2029.27,2029.27
USHOU,USHOU,CNWHG,"Houston, TX, USHOU","Houston, TX, USHOU","Wuhan Pt, 42, CNWHG",CNWHG,MAEU,Maersk,300094432,DRY,0,4/1/2026,9/30/2026,5/11/2026 4:10,574,574,16.32,16.32,590.32,590.32
USHOU,USHOU,CNWHG,"Houston, TX, USHOU","Houston, TX, USHOU","Wuhan Pt, 42, CNWHG",CNSHA,YMJA,YML,51625,DRY,9,4/23/2026,5/15/2026,5/11/2026 4:10,970,970,235.27,235.27,1205.27,1205.27
USHOU,USHOU,CNWHG,"Houston, TX, USHOU","Houston, TX, USHOU","Wuhan Pt, 42, CNWHG",CNSHA,YMJA,YML,51625,DRY,9,5/16/2026,6/30/2026,5/11/2026 4:10,1104,1104,235.27,235.27,1339.27,1339.27
USHOU,USHOU,CNWHI,"Houston, TX, USHOU","Houston, TX, USHOU","Wuhu Pt, 34, CNWHI",CNSHA,YMJA,YML,51625,DRY,9,4/23/2026,5/15/2026,5/11/2026 4:10,830,830,235.27,235.27,1065.27,1065.27
USHOU,USHOU,CNWHI,"Houston, TX, USHOU","Houston, TX, USHOU","Wuhu Pt, 34, CNWHI",CNSHA,YMJA,YML,51625,DRY,9,5/16/2026,6/30/2026,5/11/2026 4:10,964,964,235.27,235.27,1199.27,1199.27
USHOU,USHOU,CNWJA,"Houston, TX, USHOU","Houston, TX, USHOU","Wujiang, 32, CNWJA",CNSHA,YMJA,YML,51625,DRY,9,4/23/2026,5/15/2026,5/11/2026 4:10,1010,1010,235.27,235.27,1245.27,1245.27
USHOU,USHOU,CNWJA,"Houston, TX, USHOU","Houston, TX, USHOU","Wujiang, 32, CNWJA",CNSHA,YMJA,YML,51625,DRY,9,5/16/2026,6/30/2026,5/11/2026 4:10,1144,1144,235.27,235.27,1379.27,1379.27
USHOU,USHOU,CNWNZ,"Houston, TX, USHOU","Houston, TX, USHOU","Wenzhou Longwan, 33, CNWNZ",CNNBG,YMJA,YML,51625,DRY,9,4/23/2026,5/15/2026,5/11/2026 4:10,870,870,235.27,235.27,1105.27,1105.27
USHOU,USHOU,CNWNZ,"Houston, TX, USHOU","Houston, TX, USHOU","Wenzhou Longwan, 33, CNWNZ",CNSHA,YMJA,YML,51625,DRY,9,4/23/2026,5/15/2026,5/11/2026 4:10,870,870,235.27,235.27,1105.27,1105.27
USHOU,USHOU,CNWNZ,"Houston, TX, USHOU","Houston, TX, USHOU","Wenzhou Longwan, 33, CNWNZ",CNSHA,YMJA,YML,51625,DRY,9,5/16/2026,6/30/2026,5/11/2026 4:10,1004,1004,235.27,235.27,1239.27,1239.27
USHOU,USHOU,CNWNZ,"Houston, TX, USHOU","Houston, TX, USHOU","Wenzhou Longwan, 33, CNWNZ",CNNBG,YMJA,YML,51625,DRY,9,5/16/2026,6/30/2026,5/11/2026 4:10,1004,1004,235.27,235.27,1239.27,1239.27
USHOU,USHOU,CNWUH,"Houston, TX, USHOU","Houston, TX, USHOU","Wuhan Tianhe, 42, CNWUH",CNWUH,ONEY,ONE,CHIM354B25,DRY,15,5/6/2026,6/30/2026,5/11/2026 4:10,885,885,121.75,121.75,1006.75,1006.75
USHOU,USLAX,CNWUH,"Houston, TX, USHOU",LALB,"Wuhan Tianhe, 42, CNWUH",CNWUH,ONEY,ONE,CHIM354B25,DRY,15,5/16/2026,6/30/2026,5/11/2026 4:10,2335,2335,121.75,121.75,2456.75,2456.75
USHOU,USLAX,CNWUH,"Houston, TX, USHOU",LALB,"Wuhan Tianhe, 42, CNWUH",CNWUH,ONEY,ONE,CHIM354B25,DRY,15,5/6/2026,5/15/2026,5/11/2026 4:10,2335,2335,121.75,121.75,2456.75,2456.75
USHOU,USHOU,CNWUZ,"Houston, TX, USHOU","Houston, TX, USHOU","Wuzhou Pt, 45, CNWUZ",CNWUZ,ONEY,ONE,CHIM354B25,DRY,15,5/6/2026,6/30/2026,5/11/2026 4:10,775,775,178.8,178.8,953.8,953.8
USHOU,USHOU,CNXIA,"Houston, TX, USHOU","Houston, TX, USHOU","Xian, 33, CNXIA",CNSHA,YMJA,YML,51625,DRY,9,4/23/2026,5/15/2026,5/11/2026 4:10,2775,2775,235.27,235.27,3010.27,3010.27
USHOU,USHOU,CNXIA,"Houston, TX, USHOU","Houston, TX, USHOU","Xian, 33, CNXIA",CNSHA,YMJA,YML,51625,DRY,9,5/16/2026,6/30/2026,5/11/2026 4:10,2909,2909,235.27,235.27,3144.27,3144.27
USHOU,USHOU,CNXIN,"Houston, TX, USHOU","Houston, TX, USHOU","Xinhui Pt, 44, CNXIN",CNXIN,MAEU,Maersk,300094432,DRY,0,4/1/2026,9/30/2026,3/25/2026 3:45,849,849,0,0,849,849
USHOU,USHOU,CNXMN,"Houston, TX, USHOU","Houston, TX, USHOU","Xiamen, 35, CNXMN",CNXMN,OOLU,OOCL,MT256104,DRY,16,4/1/2026,6/30/2026,5/10/2026 3:45,373,373,0,0,373,373
USHOU,USHOU,CNXMN,"Houston, TX, USHOU","Houston, TX, USHOU","Xiamen, 35, CNXMN",CNXMN,MAEU,Maersk,300094432,DRY,0,4/1/2026,9/30/2026,3/25/2026 3:45,426,426,0,0,426,426
USHOU,USHOU,CNXMN,"Houston, TX, USHOU","Houston, TX, USHOU","Xiamen, 35, CNXMN",CNXMN,ONEY,ONE,CHIM354B25,DRY,15,5/6/2026,6/30/2026,5/11/2026 4:10,830,830,126.6,126.6,956.6,956.6
USHOU,USHOU,CNXMN,"Houston, TX, USHOU","Houston, TX, USHOU","Xiamen, 35, CNXMN",TWKHH,YMJA,YML,51625,DRY,9,4/23/2026,5/15/2026,5/11/2026 4:10,885,885,223.53,223.53,1108.53,1108.53
USHOU,USHOU,CNXMN,"Houston, TX, USHOU","Houston, TX, USHOU","Xiamen, 35, CNXMN",TWKHH,YMJA,YML,51625,DRY,9,5/16/2026,6/30/2026,5/11/2026 4:10,885,885,223.53,223.53,1108.53,1108.53
USHOU,USLGB,CNXMN,"Houston, TX, USHOU",LALB,"Xiamen, 35, CNXMN",CNXMN,OOLU,OOCL,MT256104,DRY,16,4/1/2026,6/30/2026,5/10/2026 3:45,985,985,0,0,985,985
USHOU,USLAX,CNXMN,"Houston, TX, USHOU",LALB,"Xiamen, 35, CNXMN",CNXMN,OOLU,OOCL,MT256104,DRY,16,4/1/2026,6/30/2026,5/10/2026 3:45,985,985,0,0,985,985
USHOU,USHOU,CNXMN,"Houston, TX, USHOU","Houston, TX, USHOU","Xiamen, 35, CNXMN",CNXMG,EGLV,EMC,SC103574,DRY,4,5/1/2026,6/30/2026,5/10/2026 3:45,1200,1200,0,0,1200,1200
USHOU,USLAX,CNXMN,"Houston, TX, USHOU",LALB,"Xiamen, 35, CNXMN",CNXMN,YMJA,YML,51625,DRY,9,4/23/2026,5/15/2026,5/11/2026 4:10,1250,1250,235.27,235.27,1485.27,1485.27
USHOU,USLAX,CNXMN,"Houston, TX, USHOU",LALB,"Xiamen, 35, CNXMN",CNXMN,YMJA,YML,51625,DRY,9,5/16/2026,6/30/2026,5/11/2026 4:10,1384,1384,235.27,235.27,1619.27,1619.27
USHOU,USLAX,CNXMN,"Houston, TX, USHOU",LALB,"Xiamen, 35, CNXMN",KRPUS,YMJA,YML,51625,DRY,9,4/23/2026,5/15/2026,5/11/2026 4:10,1445,1445,123.14,123.14,1568.14,1568.14
USHOU,USLAX,CNXMN,"Houston, TX, USHOU",LALB,"Xiamen, 35, CNXMN",KRPUS,YMJA,YML,51625,DRY,9,5/16/2026,6/30/2026,5/11/2026 4:10,1579,1579,123.14,123.14,1702.14,1702.14
USHOU,USLAX,CNXMN,"Houston, TX, USHOU",LALB,"Xiamen, 35, CNXMN",TWKHH,YMJA,YML,51625,DRY,9,4/23/2026,5/15/2026,5/11/2026 4:10,1585,1585,223.53,223.53,1808.53,1808.53
USHOU,USLAX,CNXMN,"Houston, TX, USHOU",LALB,"Xiamen, 35, CNXMN",TWKHH,YMJA,YML,51625,DRY,9,5/16/2026,6/30/2026,5/11/2026 4:10,1585,1585,223.53,223.53,1808.53,1808.53
USHOU,USLAX,CNXMN,"Houston, TX, USHOU",LALB,"Xiamen, 35, CNXMN",CNXMN,ONEY,ONE,CHIM354B25,DRY,15,5/16/2026,6/30/2026,5/11/2026 4:10,2535,2535,126.6,126.6,2661.6,2661.6
USHOU,USLAX,CNXMN,"Houston, TX, USHOU",LALB,"Xiamen, 35, CNXMN",CNXMN,ONEY,ONE,CHIM354B25,DRY,15,5/6/2026,5/15/2026,5/11/2026 4:10,2535,2535,126.6,126.6,2661.6,2661.6
USHOU,USLAX,CNXNJ,"Houston, TX, USHOU",LALB,"Xinji, 13, CNXNJ",CNTXG,YMJA,YML,51625,DRY,9,4/23/2026,5/15/2026,5/11/2026 4:10,1920,1920,235.27,235.27,2155.27,2155.27
USHOU,USLAX,CNXNJ,"Houston, TX, USHOU",LALB,"Xinji, 13, CNXNJ",CNTXG,YMJA,YML,51625,DRY,9,5/16/2026,6/30/2026,5/11/2026 4:10,2054,2054,235.27,235.27,2289.27,2289.27
USHOU,USHOU,CNYBN,"Houston, TX, USHOU","Houston, TX, USHOU","Yibin, 51, CNYBN",CNSHA,YMJA,YML,51625,DRY,9,4/23/2026,5/15/2026,5/11/2026 4:10,1500,1500,235.27,235.27,1735.27,1735.27
USHOU,USHOU,CNYBN,"Houston, TX, USHOU","Houston, TX, USHOU","Yibin, 51, CNYBN",CNSHA,YMJA,YML,51625,DRY,9,5/16/2026,6/30/2026,5/11/2026 4:10,1634,1634,235.27,235.27,1869.27,1869.27
USHOU,USHOU,CNYIC,"Houston, TX, USHOU","Houston, TX, USHOU","Yichang, 42, CNYIC",CNSHA,YMJA,YML,51625,DRY,9,4/23/2026,5/15/2026,5/11/2026 4:10,1080,1080,235.27,235.27,1315.27,1315.27
USHOU,USHOU,CNYIC,"Houston, TX, USHOU","Houston, TX, USHOU","Yichang, 42, CNYIC",CNSHA,YMJA,YML,51625,DRY,9,5/16/2026,6/30/2026,5/11/2026 4:10,1214,1214,235.27,235.27,1449.27,1449.27
USHOU,USHOU,CNYNT,"Houston, TX, USHOU","Houston, TX, USHOU","Yantai Laishan, 37, CNYNT",CNYNT,ONEY,ONE,CHIM354B25,DRY,15,5/6/2026,6/30/2026,5/11/2026 4:10,1050,1050,122.49,122.49,1172.49,1172.49
USHOU,USLAX,CNYNT,"Houston, TX, USHOU",LALB,"Yantai Laishan, 37, CNYNT",CNTAO,YMJA,YML,51625,DRY,9,4/23/2026,5/15/2026,5/11/2026 4:10,1580,1580,235.27,235.27,1815.27,1815.27
USHOU,USLAX,CNYNT,"Houston, TX, USHOU",LALB,"Yantai Laishan, 37, CNYNT",CNTAO,YMJA,YML,51625,DRY,9,5/16/2026,6/30/2026,5/11/2026 4:10,1714,1714,235.27,235.27,1949.27,1949.27
USHOU,USLGB,CNYPG,"Houston, TX, USHOU",LALB,"Yangpu Pt, 46, CNYPG",CNYPG,OOLU,OOCL,MT256104,DRY,16,4/1/2026,6/30/2026,5/10/2026 3:45,985,985,0,0,985,985
USHOU,USLAX,CNYPG,"Houston, TX, USHOU",LALB,"Yangpu Pt, 46, CNYPG",CNYPG,OOLU,OOCL,MT256104,DRY,16,4/1/2026,6/30/2026,5/10/2026 3:45,985,985,0,0,985,985
USHOU,USHOU,CNYTN,"Houston, TX, USHOU","Houston, TX, USHOU","Yantian Pt, 44, CNYTN",CNYTN,YMJA,YML,51625,DRY,9,4/23/2026,5/15/2026,5/11/2026 4:10,350,350,235.27,235.27,585.27,585.27
USHOU,USHOU,CNYTN,"Houston, TX, USHOU","Houston, TX, USHOU","Yantian Pt, 44, CNYTN",CNYTN,OOLU,OOCL,MT256104,DRY,16,4/1/2026,6/30/2026,5/11/2026 4:10,373,373,166.6,166.6,539.6,539.6
USHOU,USHOU,CNYTN,"Houston, TX, USHOU","Houston, TX, USHOU","Yantian Pt, 44, CNYTN",CNYTN,YMJA,YML,51625,DRY,9,4/23/2026,5/15/2026,5/11/2026 4:10,450,450,235.27,235.27,685.27,685.27
USHOU,USHOU,CNYTN,"Houston, TX, USHOU","Houston, TX, USHOU","Yantian Pt, 44, CNYTN",CNYTN,ONEY,ONE,CHIM354B25,DRY,15,5/6/2026,6/30/2026,5/11/2026 4:10,450,450,178.8,178.8,628.8,628.8
USHOU,USHOU,CNYTN,"Houston, TX, USHOU","Houston, TX, USHOU","Yantian Pt, 44, CNYTN",CNYTN,YMJA,YML,51625,DRY,9,5/16/2026,6/30/2026,5/11/2026 4:10,484,484,235.27,235.27,719.27,719.27
USHOU,USHOU,CNYTN,"Houston, TX, USHOU","Houston, TX, USHOU","Yantian Pt, 44, CNYTN",CNYTN,YMJA,YML,51625,DRY,9,5/16/2026,6/30/2026,5/11/2026 4:10,584,584,235.27,235.27,819.27,819.27
USHOU,USHOU,CNYTN,"Houston, TX, USHOU","Houston, TX, USHOU","Yantian Pt, 44, CNYTN",CNYTN,MAEU,Maersk,300094432,DRY,0,4/1/2026,9/30/2026,3/25/2026 3:45,739,739,0,0,739,739
USHOU,USLAX,CNYTN,"Houston, TX, USHOU",LALB,"Yantian Pt, 44, CNYTN",CNYTN,OOLU,OOCL,MT256104,DRY,16,4/1/2026,6/30/2026,5/11/2026 4:10,985,985,166.6,166.6,1151.6,1151.6
USHOU,USLGB,CNYTN,"Houston, TX, USHOU",LALB,"Yantian Pt, 44, CNYTN",CNYTN,OOLU,OOCL,MT256104,DRY,16,4/1/2026,6/30/2026,5/11/2026 4:10,985,985,166.6,166.6,1151.6,1151.6
USHOU,USHOU,CNYTN,"Houston, TX, USHOU","Houston, TX, USHOU","Yantian Pt, 44, CNYTN",CNYTN,EGLV,EMC,SC103574,DRY,4,5/1/2026,6/30/2026,5/10/2026 3:45,1200,1200,0,0,1200,1200
USHOU,USLAX,CNYTN,"Houston, TX, USHOU",LALB,"Yantian Pt, 44, CNYTN",KRPUS,YMJA,YML,51625,DRY,9,4/23/2026,5/15/2026,5/11/2026 4:10,1430,1430,123.14,123.14,1553.14,1553.14
USHOU,USLAX,CNYTN,"Houston, TX, USHOU",LALB,"Yantian Pt, 44, CNYTN",KRPUS,YMJA,YML,51625,DRY,9,5/16/2026,6/30/2026,5/11/2026 4:10,1564,1564,123.14,123.14,1687.14,1687.14
USHOU,USHOU,CNYYA,"Houston, TX, USHOU","Houston, TX, USHOU","Yueyang, 50, CNYYA",CNYYA,MAEU,Maersk,300094432,DRY,0,4/1/2026,9/30/2026,5/11/2026 4:10,826,826,16.32,16.32,842.32,842.32
USHOU,USHOU,CNYYA,"Houston, TX, USHOU","Houston, TX, USHOU","Yueyang, 50, CNYYA",CNYYA,ONEY,ONE,CHIM354B25,DRY,15,5/6/2026,6/30/2026,5/11/2026 4:10,950,950,126.6,126.6,1076.6,1076.6
USHOU,USHOU,CNYYA,"Houston, TX, USHOU","Houston, TX, USHOU","Yueyang, 50, CNYYA",CNSHA,YMJA,YML,51625,DRY,9,4/23/2026,5/15/2026,5/11/2026 4:10,1080,1080,235.27,235.27,1315.27,1315.27
USHOU,USHOU,CNYYA,"Houston, TX, USHOU","Houston, TX, USHOU","Yueyang, 50, CNYYA",CNSHA,YMJA,YML,51625,DRY,9,5/16/2026,6/30/2026,5/11/2026 4:10,1214,1214,235.27,235.27,1449.27,1449.27
USHOU,USLAX,CNYYA,"Houston, TX, USHOU",LALB,"Yueyang, 50, CNYYA",CNYYA,ONEY,ONE,CHIM354B25,DRY,15,5/16/2026,6/30/2026,5/11/2026 4:10,2410,2410,126.6,126.6,2536.6,2536.6
USHOU,USLAX,CNYYA,"Houston, TX, USHOU",LALB,"Yueyang, 50, CNYYA",CNYYA,ONEY,ONE,CHIM354B25,DRY,15,5/6/2026,5/15/2026,5/11/2026 4:10,2410,2410,126.6,126.6,2536.6,2536.6
USHOU,USHOU,CNYZH,"Houston, TX, USHOU","Houston, TX, USHOU","Yangzhou Pt, 32, CNYZH",CNSHA,YMJA,YML,51625,DRY,9,4/23/2026,5/15/2026,5/11/2026 4:10,830,830,235.27,235.27,1065.27,1065.27
USHOU,USHOU,CNYZH,"Houston, TX, USHOU","Houston, TX, USHOU","Yangzhou Pt, 32, CNYZH",CNSHA,YMJA,YML,51625,DRY,9,5/16/2026,6/30/2026,5/11/2026 4:10,964,964,235.27,235.27,1199.27,1199.27
USHOU,USHOU,CNZAP,"Houston, TX, USHOU","Houston, TX, USHOU","Zhapu, 33, CNZAP",CNNBG,YMJA,YML,51625,DRY,9,4/23/2026,5/15/2026,5/11/2026 4:10,780,780,235.27,235.27,1015.27,1015.27
USHOU,USHOU,CNZAP,"Houston, TX, USHOU","Houston, TX, USHOU","Zhapu, 33, CNZAP",CNNBG,YMJA,YML,51625,DRY,9,5/16/2026,6/30/2026,5/11/2026 4:10,914,914,235.27,235.27,1149.27,1149.27
USHOU,USHOU,CNZGA,"Houston, TX, USHOU","Houston, TX, USHOU","Zhongshan, 45, CNZGA",CNZGA,MAEU,Maersk,300094432,DRY,0,4/1/2026,9/30/2026,3/25/2026 3:45,839,839,0,0,839,839
USHOU,USHOU,CNZHE,"Houston, TX, USHOU","Houston, TX, USHOU","Zhenjiang Pt, 32, CNZHE",CNSHA,YMJA,YML,51625,DRY,9,4/23/2026,5/15/2026,5/11/2026 4:10,800,800,235.27,235.27,1035.27,1035.27
USHOU,USHOU,CNZHE,"Houston, TX, USHOU","Houston, TX, USHOU","Zhenjiang Pt, 32, CNZHE",CNSHA,YMJA,YML,51625,DRY,9,5/16/2026,6/30/2026,5/11/2026 4:10,934,934,235.27,235.27,1169.27,1169.27
USHOU,USHOU,CNZHU,"Houston, TX, USHOU","Houston, TX, USHOU","Zhuao, 41, CNZHU",CNZHU,MAEU,Maersk,300094432,DRY,0,4/1/2026,9/30/2026,3/25/2026 3:45,809,809,0,0,809,809
USHOU,USHOU,CNZJG,"Houston, TX, USHOU","Houston, TX, USHOU","Zhangjiagang, 32, CNZJG",CNZJG,MAEU,Maersk,300094432,DRY,0,4/1/2026,9/30/2026,5/11/2026 4:10,824,824,16.32,16.32,840.32,840.32
USHOU,USHOU,CNZJG,"Houston, TX, USHOU","Houston, TX, USHOU","Zhangjiagang, 32, CNZJG",CNSHA,YMJA,YML,51625,DRY,9,4/23/2026,5/15/2026,5/11/2026 4:10,830,830,235.27,235.27,1065.27,1065.27
USHOU,USHOU,CNZJG,"Houston, TX, USHOU","Houston, TX, USHOU","Zhangjiagang, 32, CNZJG",CNZJG,ONEY,ONE,CHIM354B25,DRY,15,5/6/2026,6/30/2026,5/11/2026 4:10,835,835,121.75,121.75,956.75,956.75
USHOU,USHOU,CNZJG,"Houston, TX, USHOU","Houston, TX, USHOU","Zhangjiagang, 32, CNZJG",CNSHA,YMJA,YML,51625,DRY,9,5/16/2026,6/30/2026,5/11/2026 4:10,964,964,235.27,235.27,1199.27,1199.27
USHOU,USLAX,CNZJG,"Houston, TX, USHOU",LALB,"Zhangjiagang, 32, CNZJG",CNZJG,ONEY,ONE,CHIM354B25,DRY,15,5/6/2026,5/15/2026,5/11/2026 4:10,2210,2210,121.75,121.75,2331.75,2331.75
USHOU,USLAX,CNZJG,"Houston, TX, USHOU",LALB,"Zhangjiagang, 32, CNZJG",CNZJG,ONEY,ONE,CHIM354B25,DRY,15,5/16/2026,6/30/2026,5/11/2026 4:10,2210,2210,121.75,121.75,2331.75,2331.75
USHOU,USHOU,CNZNG,"Houston, TX, USHOU","Houston, TX, USHOU","Zhanjiang Pt, 44, CNZNG",CNZNG,MAEU,Maersk,300094432,DRY,0,4/1/2026,9/30/2026,3/25/2026 3:45,933,933,0,0,933,933
USHOU,USHOU,CNZSN,"Houston, TX, USHOU","Houston, TX, USHOU","Zhongshan Pt, 44, CNZSN",CNZSN,ONEY,ONE,CHIM354B25,DRY,15,5/6/2026,6/30/2026,5/11/2026 4:10,675,675,178.8,178.8,853.8,853.8
USHOU,USHOU,CNZUH,"Houston, TX, USHOU","Houston, TX, USHOU","Zhuhai Pt, 44, CNZUH",CNZUH,ONEY,ONE,CHIM354B25,DRY,15,5/6/2026,6/30/2026,5/11/2026 4:10,910,910,178.8,178.8,1088.8,1088.8
USHOU,USLAX,CNZUH,"Houston, TX, USHOU",LALB,"Zhuhai Pt, 44, CNZUH",CNZUH,ONEY,ONE,CHIM354B25,DRY,15,5/6/2026,5/15/2026,5/11/2026 4:10,2085,2085,178.8,178.8,2263.8,2263.8
USHOU,USLAX,CNZUH,"Houston, TX, USHOU",LALB,"Zhuhai Pt, 44, CNZUH",CNZUH,ONEY,ONE,CHIM354B25,DRY,15,5/16/2026,6/30/2026,5/11/2026 4:10,2085,2085,178.8,178.8,2263.8,2263.8
USHOU,USHOU,COBUN,"Houston, TX, USHOU","Houston, TX, USHOU","Buenaventura, , COBUN",COBUN,ONEY,ONE,CHIM354B25,DRY,15,5/6/2026,6/30/2026,5/7/2026 4:10,1500,1500,141,141,1641,1641
USHOU,USLAX,COBUN,"Houston, TX, USHOU",LALB,"Buenaventura, , COBUN",COBUN,ONEY,ONE,CHIM354B25,DRY,15,5/16/2026,6/30/2026,5/7/2026 4:10,3135,3135,141,141,3276,3276
USHOU,USLAX,COBUN,"Houston, TX, USHOU",LALB,"Buenaventura, , COBUN",COBUN,ONEY,ONE,CHIM354B25,DRY,15,5/6/2026,5/15/2026,5/7/2026 4:10,3135,3135,141,141,3276,3276
USHOU,USHOU,COCTG,"Houston, TX, USHOU","Houston, TX, USHOU","Cartagena, , COCTG",COCTG,ONEY,ONE,CHIM354B25,DRY,15,5/6/2026,6/30/2026,5/7/2026 4:10,900,900,141,141,1041,1041
USHOU,USHOU,COCTG,"Houston, TX, USHOU","Houston, TX, USHOU","Cartagena, , COCTG",COCTG,CMDU,CMA,25-0720,DRY,12,4/18/2026,6/30/2026,5/5/2026 4:10,1385,1385,125,125,1510,1510
USHOU,USHOU,COTRB,"Houston, TX, USHOU","Houston, TX, USHOU","Turbo, , COTRB",COTRB,CMDU,CMA,25-0720,DRY,12,4/18/2026,6/30/2026,5/5/2026 4:10,2485,2485,125,125,2610,2610
USHOU,USHOU,CRCAR,"Houston, TX, USHOU","Houston, TX, USHOU","Cartago, C, CRCAR","Puerto Moin, CR",MAEU,Maersk,300094432,DRY,0,4/1/2026,9/30/2026,4/14/2026 4:10,2366,2366,510,510,2876,2876
USHOU,USHOU,CRCAR,"Houston, TX, USHOU","Houston, TX, USHOU","Cartago, C, CRCAR",CRMOB,CMDU,CMA,25-0720,DRY,12,4/18/2026,6/30/2026,5/5/2026 3:45,3092,3092,0,0,3092,3092
USHOU,USHOU,CRMOB,"Houston, TX, USHOU","Houston, TX, USHOU","Moin, L, CRMOB",CRMOB,CMDU,CMA,25-0720,DRY,12,4/18/2026,6/30/2026,5/5/2026 4:10,2365,2365,465,465,2830,2830
USHOU,USHOU,CRPMN,"Houston, TX, USHOU","Houston, TX, USHOU","Puerto Moin, L, CRPMN",CRPMN,MAEU,Maersk,300094432,DRY,0,4/1/2026,9/30/2026,4/14/2026 4:10,1776,1776,510,510,2286,2286
USHOU,USHOU,CRSJO,"Houston, TX, USHOU","Houston, TX, USHOU","San Jose, SJ, CRSJO","Puerto Moin, CR",MAEU,Maersk,300094432,DRY,0,4/1/2026,9/30/2026,4/14/2026 4:10,2336,2336,510,510,2846,2846
USHOU,USHOU,DJJIB,"Houston, TX, USHOU","Houston, TX, USHOU","Djibouti, , DJJIB",DJJIB,CMDU,CMA,25-0720,DRY,12,4/18/2026,6/30/2026,5/5/2026 4:10,4682,4682,166,166,4848,4848
USHOU,USHOU,DZALG,"Houston, TX, USHOU","Houston, TX, USHOU","Alger (Algiers), 16, DZALG",DZALG,MAEU,Maersk,300094432,DRY,0,4/1/2026,9/30/2026,5/11/2026 4:10,3012,3012,21.5,21.5,3033.5,3033.5
USHOU,USHOU,ECGYE,"Houston, TX, USHOU","Houston, TX, USHOU","Guayaquil, G, ECGYE",ECGYE,ONEY,ONE,CHIM354B25,DRY,15,5/6/2026,6/30/2026,5/7/2026 4:10,1000,1000,410,310,1410,1310
USHOU,USHOU,ECGYE,"Houston, TX, USHOU","Houston, TX, USHOU","Guayaquil, G, ECGYE",ECGYE,MSCU,MSC,25-348WCSA,DRY,7,5/1/2026,5/31/2026,5/10/2026 4:10,1766,1766,200,200,1966,1966
USHOU,USHOU,ECGYE,"Houston, TX, USHOU","Houston, TX, USHOU","Guayaquil, G, ECGYE",ECGYE,MSCU,MSC,25-348WCSA,DRY,7,6/1/2026,6/30/2026,5/10/2026 4:10,2340,2340,200,200,2540,2540
USHOU,USHOU,ECGYE,"Houston, TX, USHOU","Houston, TX, USHOU","Guayaquil, G, ECGYE",ECGYE,CMDU,CMA,25-0720,DRY,12,4/18/2026,6/30/2026,5/5/2026 4:10,2911,2911,205,205,3116,3116
USHOU,USHOU,ECPSJ,"Houston, TX, USHOU","Houston, TX, USHOU","Posorja, G, ECPSJ",ECPSJ,MAEU,Maersk,300094432,DRY,0,4/1/2026,9/30/2026,3/25/2026 4:10,1180,1180,285,285,1465,1465
USHOU,USHOU,EGALY,"Houston, TX, USHOU","Houston, TX, USHOU","Alexandria, , EGALY",EGALY,ONEY,ONE,CHIM354B25,DRY,15,5/6/2026,6/30/2026,5/7/2026 3:45,1550,1550,0,0,1550,1550
USHOU,USHOU,EGALY,"Houston, TX, USHOU","Houston, TX, USHOU","Alexandria, , EGALY",EGALY,MAEU,Maersk,300094432,DRY,0,4/1/2026,9/30/2026,3/25/2026 4:10,2320,2320,80,80,2400,2400
USHOU,USHOU,EGALY,"Houston, TX, USHOU","Houston, TX, USHOU","Alexandria, , EGALY",EGALY,CMDU,CMA,25-0720,DRY,12,4/18/2026,6/30/2026,5/5/2026 3:45,2670,2670,0,0,2670,2670
USHOU,USHOU,EGDAM,"Houston, TX, USHOU","Houston, TX, USHOU","Damietta, , EGDAM",EGDAM,ONEY,ONE,CHIM354B25,DRY,15,5/6/2026,6/30/2026,5/7/2026 3:45,1550,1550,0,0,1550,1550
USHOU,USHOU,EGDAM,"Houston, TX, USHOU","Houston, TX, USHOU","Damietta, , EGDAM",EGDAM,MAEU,Maersk,300094432,DRY,0,4/1/2026,9/30/2026,3/25/2026 4:10,2320,2320,80,80,2400,2400
USHOU,USHOU,EGPSD,"Houston, TX, USHOU","Houston, TX, USHOU","Port Said, , EGPSD",EGPSD,CMDU,CMA,25-0720,DRY,12,4/18/2026,6/30/2026,5/5/2026 3:45,2670,2670,0,0,2670,2670
USHOU,USHOU,GTAMA,"Houston, TX, USHOU","Houston, TX, USHOU","Amatitlan, GU, GTAMA","Puerto Barrios, GT",MAEU,Maersk,300094432,DRY,0,4/1/2026,9/30/2026,4/14/2026 4:10,1816,1816,370,370,2186,2186
USHOU,USHOU,GTAMA,"Houston, TX, USHOU","Houston, TX, USHOU","Amatitlan, GU, GTAMA",GTPBR,CMDU,CMA,25-0720,DRY,12,4/18/2026,6/30/2026,5/5/2026 3:45,2782,2782,0,0,2782,2782
USHOU,USHOU,GTAMA,"Houston, TX, USHOU","Houston, TX, USHOU","Amatitlan, GU, GTAMA",GTSTC,CMDU,CMA,25-0720,DRY,12,4/18/2026,6/30/2026,5/5/2026 3:45,2782,2782,0,0,2782,2782
USHOU,USHOU,GTCHI,"Houston, TX, USHOU","Houston, TX, USHOU","Chimaltenango, , GTCHI",GTPBR,CMDU,CMA,25-0720,DRY,12,4/18/2026,6/30/2026,5/5/2026 3:45,2882,2882,0,0,2882,2882
USHOU,USHOU,GTCHI,"Houston, TX, USHOU","Houston, TX, USHOU","Chimaltenango, , GTCHI",GTSTC,CMDU,CMA,25-0720,DRY,12,4/18/2026,6/30/2026,5/5/2026 3:45,2882,2882,0,0,2882,2882
USHOU,USHOU,GTGUA,"Houston, TX, USHOU","Houston, TX, USHOU","Guatemala City, , GTGUA","Puerto Barrios, GT",MAEU,Maersk,300094432,DRY,0,4/1/2026,9/30/2026,4/14/2026 4:10,1771,1771,345,345,2116,2116
USHOU,USHOU,GTGUA,"Houston, TX, USHOU","Houston, TX, USHOU","Guatemala City, , GTGUA",GTSTC,CMDU,CMA,25-0720,DRY,12,4/18/2026,6/30/2026,5/5/2026 3:45,2752,2752,0,0,2752,2752
USHOU,USHOU,GTGUA,"Houston, TX, USHOU","Houston, TX, USHOU","Guatemala City, , GTGUA",GTPBR,CMDU,CMA,25-0720,DRY,12,4/18/2026,6/30/2026,5/5/2026 3:45,2752,2752,0,0,2752,2752
USHOU,USHOU,GTPAL,"Houston, TX, USHOU","Houston, TX, USHOU","Palin, , GTPAL","Puerto Barrios, GT",MAEU,Maersk,300094432,DRY,0,4/1/2026,9/30/2026,4/14/2026 4:10,1956,1956,370,370,2326,2326
USHOU,USHOU,GTPAL,"Houston, TX, USHOU","Houston, TX, USHOU","Palin, , GTPAL",GTPBR,CMDU,CMA,25-0720,DRY,12,4/18/2026,6/30/2026,5/5/2026 3:45,2882,2882,0,0,2882,2882
USHOU,USHOU,GTPAL,"Houston, TX, USHOU","Houston, TX, USHOU","Palin, , GTPAL",GTSTC,CMDU,CMA,25-0720,DRY,12,4/18/2026,6/30/2026,5/5/2026 3:45,2882,2882,0,0,2882,2882
USHOU,USHOU,GTPBR,"Houston, TX, USHOU","Houston, TX, USHOU","Puerto Barrios, , GTPBR",GTPBR,MAEU,Maersk,300094432,DRY,0,4/1/2026,9/30/2026,4/14/2026 4:10,1096,1096,345,345,1441,1441
USHOU,USHOU,GTPBR,"Houston, TX, USHOU","Houston, TX, USHOU","Puerto Barrios, , GTPBR",GTPBR,CMDU,CMA,25-0720,DRY,12,4/18/2026,6/30/2026,5/5/2026 4:10,1495,1495,175,175,1670,1670
USHOU,USHOU,GTPBR,"Houston, TX, USHOU","Houston, TX, USHOU","Puerto Barrios, , GTPBR",GTPBR,ONEY,ONE,CHIM354B25,DRY,15,5/6/2026,6/30/2026,5/7/2026 4:10,2100,2100,530,530,2630,2630
USHOU,USHOU,GTSTC,"Houston, TX, USHOU","Houston, TX, USHOU","Puerto Santo Tomas de Castilla, IZ, GTSTC",GTSTC,CMDU,CMA,25-0720,DRY,12,4/18/2026,6/30/2026,5/5/2026 4:10,1495,1495,175,175,1670,1670
USHOU,USHOU,GTSTC,"Houston, TX, USHOU","Houston, TX, USHOU","Puerto Santo Tomas de Castilla, IZ, GTSTC",GTSTC,ONEY,ONE,CHIM354B25,DRY,15,5/6/2026,6/30/2026,5/7/2026 4:10,2100,2100,170,170,2270,2270
USHOU,USHOU,GTSTC,"Houston, TX, USHOU","Houston, TX, USHOU","Puerto Santo Tomas de Castilla, IZ, GTSTC",GTSTC,MAEU,Maersk,300094432,DRY,0,4/1/2026,9/30/2026,3/25/2026 4:10,11773,11773,345,345,12118,12118
USHOU,USHOU,GTVIN,"Houston, TX, USHOU","Houston, TX, USHOU","Villa Nueva, , GTVIN","Puerto Barrios, GT",MAEU,Maersk,300094432,DRY,0,4/1/2026,9/30/2026,4/14/2026 4:10,1796,1796,370,370,2166,2166
USHOU,USHOU,HNCHO,"Houston, TX, USHOU","Houston, TX, USHOU","Choloma, , HNCHO","Puerto Cortes, HN",MAEU,Maersk,300094432,DRY,0,4/1/2026,9/30/2026,4/14/2026 4:10,1396,1396,330,330,1726,1726
USHOU,USHOU,HNCOF,"Houston, TX, USHOU","Houston, TX, USHOU","Cofradia, OL, HNCOF","Puerto Cortes, HN",MAEU,Maersk,300094432,DRY,0,4/1/2026,9/30/2026,4/14/2026 4:10,1531,1531,330,330,1861,1861
USHOU,USHOU,HNNAC,"Houston, TX, USHOU","Houston, TX, USHOU","Naco, SB, HNNAC","Puerto Cortes, HN",MAEU,Maersk,300094432,DRY,0,4/1/2026,9/30/2026,3/25/2026 4:10,1571,1521,285,285,1856,1806
USHOU,USHOU,HNPCR,"Houston, TX, USHOU","Houston, TX, USHOU","Puerto Cortes, , HNPCR",HNPCR,MAEU,Maersk,300094432,DRY,0,4/1/2026,9/30/2026,3/29/2026 4:10,1066,1066,330,330,1396,1396
USHOU,USHOU,HNSAP,"Houston, TX, USHOU","Houston, TX, USHOU","San Pedro Sula, , HNSAP","Puerto Cortes, HN",MAEU,Maersk,300094432,DRY,0,4/1/2026,9/30/2026,4/14/2026 4:10,1426,1426,330,330,1756,1756
USHOU,USHOU,HNSBA,"Houston, TX, USHOU","Houston, TX, USHOU","Santa Barbara, , HNSBA","Puerto Cortes, HN",MAEU,Maersk,300094432,DRY,0,4/1/2026,9/30/2026,3/25/2026 3:45,1931,1851,0,0,1931,1851
USHOU,USHOU,HNSBA,"Houston, TX, USHOU","Houston, TX, USHOU","Santa Barbara, , HNSBA",HNPCR,CMDU,CMA,25-0720,DRY,12,4/18/2026,6/30/2026,5/5/2026 4:10,2560,2560,200,200,2760,2760
USHOU,USHOU,IDBLW,"Houston, TX, USHOU","Houston, TX, USHOU","Belawan, , IDBLW",IDBLW,OOLU,OOCL,MT256104,DRY,16,4/1/2026,6/30/2026,5/10/2026 4:10,663,663,145,145,808,808
USHOU,USHOU,IDBLW,"Houston, TX, USHOU","Houston, TX, USHOU","Belawan, , IDBLW",CNSHA,YMJA,YML,51625,DRY,9,4/23/2026,5/15/2026,5/11/2026 4:10,1405,1405,235.27,235.27,1640.27,1640.27
USHOU,USLGB,IDBLW,"Houston, TX, USHOU",LALB,"Belawan, , IDBLW",IDBLW,OOLU,OOCL,MT256104,DRY,16,4/1/2026,6/30/2026,5/10/2026 4:10,1460,1460,145,145,1605,1605
USHOU,USLAX,IDBLW,"Houston, TX, USHOU",LALB,"Belawan, , IDBLW",IDBLW,OOLU,OOCL,MT256104,DRY,16,4/1/2026,6/30/2026,5/10/2026 4:10,1460,1460,145,145,1605,1605
USHOU,USHOU,IDBLW,"Houston, TX, USHOU","Houston, TX, USHOU","Belawan, , IDBLW",IDBLW,EGLV,EMC,SC103574,DRY,4,5/1/2026,6/30/2026,5/10/2026 4:10,1500,1500,145,145,1645,1645
USHOU,USHOU,IDBLW,"Houston, TX, USHOU","Houston, TX, USHOU","Belawan, , IDBLW",CNSHA,YMJA,YML,51625,DRY,9,5/16/2026,6/30/2026,5/11/2026 4:10,1539,1539,235.27,235.27,1774.27,1774.27
USHOU,USHOU,IDBLW,"Houston, TX, USHOU","Houston, TX, USHOU","Belawan, , IDBLW",IDBLW,MSCU,MSC,25-348WCSA,DRY,7,5/1/2026,5/31/2026,5/10/2026 4:10,1945,1945,165,165,2110,2110
USHOU,USHOU,IDBLW,"Houston, TX, USHOU","Houston, TX, USHOU","Belawan, , IDBLW",IDBLW,MSCU,MSC,25-348WCSA,DRY,7,6/1/2026,6/30/2026,5/10/2026 4:10,1985,1985,165,165,2150,2150
USHOU,USLAX,IDBLW,"Houston, TX, USHOU",LALB,"Belawan, , IDBLW",SGSIN,YMJA,YML,51625,DRY,9,4/23/2026,5/15/2026,5/11/2026 4:10,2155,2155,274.53,274.53,2429.53,2429.53
USHOU,USLAX,IDBLW,"Houston, TX, USHOU",LALB,"Belawan, , IDBLW",SGSIN,YMJA,YML,51625,DRY,9,5/16/2026,6/30/2026,5/11/2026 4:10,2289,2289,274.53,274.53,2563.53,2563.53
USHOU,USHOU,IDCKR,"Houston, TX, USHOU","Houston, TX, USHOU","Cikarang, JB, IDCKR",IDCKR,ONEY,ONE,CHIM354B25,DRY,15,5/6/2026,6/30/2026,5/11/2026 4:10,1300,1300,490.28,490.28,1790.28,1790.28
USHOU,USLAX,IDCKR,"Houston, TX, USHOU",LALB,"Cikarang, JB, IDCKR",IDCKR,ONEY,ONE,CHIM354B25,DRY,15,5/16/2026,6/30/2026,5/11/2026 4:10,2510,2510,490.28,490.28,3000.28,3000.28
USHOU,USLAX,IDCKR,"Houston, TX, USHOU",LALB,"Cikarang, JB, IDCKR",IDCKR,ONEY,ONE,CHIM354B25,DRY,15,5/6/2026,5/15/2026,5/11/2026 4:10,2510,2510,490.28,490.28,3000.28,3000.28
USHOU,USHOU,IDJBK,"Houston, TX, USHOU","Houston, TX, USHOU","Jababeka, , IDJBK",IDJKT,CMDU,CMA,25-0720,DRY,12,4/18/2026,6/30/2026,5/5/2026 4:10,1860,1860,165,165,2025,2025
USHOU,USHOU,IDJKT,"Houston, TX, USHOU","Houston, TX, USHOU","Jakarta, JK, IDJKT",IDJKT,OOLU,OOCL,MT256104,DRY,16,4/1/2026,6/30/2026,5/10/2026 4:10,663,663,145,145,808,808
USHOU,USHOU,IDJKT,"Houston, TX, USHOU","Houston, TX, USHOU","Jakarta, JK, IDJKT",IDJKT,MAEU,Maersk,300094432,DRY,0,4/1/2026,9/30/2026,5/11/2026 4:10,886,886,12.95,12.95,898.95,898.95
USHOU,USHOU,IDJKT,"Houston, TX, USHOU","Houston, TX, USHOU","Jakarta, JK, IDJKT",KRPUS,HDMU,HMM,US2600031,DRY,4,4/12/2026,5/14/2026,5/7/2026 4:10,894,894,145,145,1039,1039
USHOU,USHOU,IDJKT,"Houston, TX, USHOU","Houston, TX, USHOU","Jakarta, JK, IDJKT",CNSHA,YMJA,YML,51625,DRY,9,4/23/2026,5/15/2026,5/11/2026 4:10,1100,1100,235.27,235.27,1335.27,1335.27
USHOU,USHOU,IDJKT,"Houston, TX, USHOU","Houston, TX, USHOU","Jakarta, JK, IDJKT",IDJKT,ONEY,ONE,CHIM354B25,DRY,15,5/6/2026,6/30/2026,5/11/2026 4:10,1100,1100,490.28,490.28,1590.28,1590.28
USHOU,USHOU,IDJKT,"Houston, TX, USHOU","Houston, TX, USHOU","Jakarta, JK, IDJKT",KRPUS,HDMU,HMM,US2600031,DRY,4,5/15/2026,6/30/2026,5/7/2026 4:10,1104,1104,145,145,1249,1249
USHOU,USHOU,IDJKT,"Houston, TX, USHOU","Houston, TX, USHOU","Jakarta, JK, IDJKT",KRPUS,HDMU,HMM,US2600031,DRY,4,6/1/2026,7/31/2026,5/7/2026 4:10,1134,1134,145,145,1279,1279
USHOU,USHOU,IDJKT,"Houston, TX, USHOU","Houston, TX, USHOU","Jakarta, JK, IDJKT",CNSHA,YMJA,YML,51625,DRY,9,5/16/2026,6/30/2026,5/11/2026 4:10,1234,1234,235.27,235.27,1469.27,1469.27
USHOU,USLAX,IDJKT,"Houston, TX, USHOU",LALB,"Jakarta, JK, IDJKT",IDJKT,OOLU,OOCL,MT256104,DRY,16,4/1/2026,6/30/2026,5/10/2026 4:10,1460,1460,145,145,1605,1605
USHOU,USLGB,IDJKT,"Houston, TX, USHOU",LALB,"Jakarta, JK, IDJKT",IDJKT,OOLU,OOCL,MT256104,DRY,16,4/1/2026,6/30/2026,5/10/2026 4:10,1460,1460,145,145,1605,1605
USHOU,USHOU,IDJKT,"Houston, TX, USHOU","Houston, TX, USHOU","Jakarta, JK, IDJKT",IDJKT,EGLV,EMC,SC103574,DRY,4,5/1/2026,6/30/2026,5/10/2026 4:10,1500,1500,145,145,1645,1645
USHOU,USHOU,IDJKT,"Houston, TX, USHOU","Houston, TX, USHOU","Jakarta, JK, IDJKT",IDJKT,CMDU,CMA,25-0720,DRY,12,4/18/2026,6/30/2026,5/5/2026 4:10,1560,1560,165,165,1725,1725
USHOU,USHOU,IDJKT,"Houston, TX, USHOU","Houston, TX, USHOU","Jakarta, JK, IDJKT",IDJKT,YMJA,YML,51625,DRY,9,4/23/2026,5/15/2026,5/10/2026 3:45,1700,1700,0,0,1700,1700
USHOU,USHOU,IDJKT,"Houston, TX, USHOU","Houston, TX, USHOU","Jakarta, JK, IDJKT",IDJKT,YMJA,YML,51625,DRY,9,5/16/2026,6/30/2026,5/10/2026 3:45,1834,1834,0,0,1834,1834
USHOU,USLAX,IDJKT,"Houston, TX, USHOU",LALB,"Jakarta, JK, IDJKT",SGSIN,YMJA,YML,51625,DRY,9,4/23/2026,5/15/2026,5/11/2026 4:10,1850,1850,274.53,274.53,2124.53,2124.53
USHOU,USHOU,IDJKT,"Houston, TX, USHOU","Houston, TX, USHOU","Jakarta, JK, IDJKT",IDJKT,MSCU,MSC,25-348WCSA,DRY,7,5/1/2026,5/31/2026,5/10/2026 4:10,1945,1945,165,165,2110,2110
USHOU,USLAX,IDJKT,"Houston, TX, USHOU",LALB,"Jakarta, JK, IDJKT",SGSIN,YMJA,YML,51625,DRY,9,5/16/2026,6/30/2026,5/11/2026 4:10,1984,1984,274.53,274.53,2258.53,2258.53
USHOU,USHOU,IDJKT,"Houston, TX, USHOU","Houston, TX, USHOU","Jakarta, JK, IDJKT",IDJKT,MSCU,MSC,25-348WCSA,DRY,7,6/1/2026,6/30/2026,5/10/2026 4:10,1985,1985,165,165,2150,2150
USHOU,USLAX,IDJKT,"Houston, TX, USHOU",LALB,"Jakarta, JK, IDJKT",IDJKT,ONEY,ONE,CHIM354B25,DRY,15,5/16/2026,6/30/2026,5/11/2026 4:10,2610,2610,490.28,490.28,3100.28,3100.28
USHOU,USLAX,IDJKT,"Houston, TX, USHOU",LALB,"Jakarta, JK, IDJKT",IDJKT,ONEY,ONE,CHIM354B25,DRY,15,5/6/2026,5/15/2026,5/11/2026 4:10,2610,2610,490.28,490.28,3100.28,3100.28
USHOU,USLAX,IDPLM,"Houston, TX, USHOU",LALB,"Palembang, Sumatra, , IDPLM",SGSIN,YMJA,YML,51625,DRY,9,4/23/2026,5/15/2026,5/11/2026 4:10,2300,2300,274.53,274.53,2574.53,2574.53
USHOU,USLAX,IDPLM,"Houston, TX, USHOU",LALB,"Palembang, Sumatra, , IDPLM",SGSIN,YMJA,YML,51625,DRY,9,5/16/2026,6/30/2026,5/11/2026 4:10,2434,2434,274.53,274.53,2708.53,2708.53
USHOU,USHOU,IDSRG,"Houston, TX, USHOU","Houston, TX, USHOU","Semarang, JT, IDSRG",IDSRG,OOLU,OOCL,MT256104,DRY,16,4/1/2026,6/30/2026,5/10/2026 4:10,663,663,145,145,808,808
USHOU,USHOU,IDSRG,"Houston, TX, USHOU","Houston, TX, USHOU","Semarang, JT, IDSRG",IDSRG,MAEU,Maersk,300094432,DRY,0,4/1/2026,9/30/2026,5/11/2026 4:10,886,886,12.95,12.95,898.95,898.95
USHOU,USHOU,IDSRG,"Houston, TX, USHOU","Houston, TX, USHOU","Semarang, JT, IDSRG",IDSRG,ONEY,ONE,CHIM354B25,DRY,15,5/6/2026,6/30/2026,5/11/2026 4:10,1210,1210,490.28,490.28,1700.28,1700.28
USHOU,USLGB,IDSRG,"Houston, TX, USHOU",LALB,"Semarang, JT, IDSRG",IDSRG,OOLU,OOCL,MT256104,DRY,16,4/1/2026,6/30/2026,5/10/2026 4:10,1460,1460,145,145,1605,1605
USHOU,USLAX,IDSRG,"Houston, TX, USHOU",LALB,"Semarang, JT, IDSRG",IDSRG,OOLU,OOCL,MT256104,DRY,16,4/1/2026,6/30/2026,5/10/2026 4:10,1460,1460,145,145,1605,1605
USHOU,USHOU,IDSRG,"Houston, TX, USHOU","Houston, TX, USHOU","Semarang, JT, IDSRG",IDSRG,EGLV,EMC,SC103574,DRY,4,5/1/2026,6/30/2026,5/10/2026 4:10,1500,1500,145,145,1645,1645
USHOU,USLAX,IDSRG,"Houston, TX, USHOU",LALB,"Semarang, JT, IDSRG",SGSIN,YMJA,YML,51625,DRY,9,4/23/2026,5/15/2026,5/11/2026 4:10,1900,1900,274.53,274.53,2174.53,2174.53
USHOU,USHOU,IDSRG,"Houston, TX, USHOU","Houston, TX, USHOU","Semarang, JT, IDSRG",IDSRG,MSCU,MSC,25-348WCSA,DRY,7,5/1/2026,5/31/2026,5/10/2026 4:10,1945,1945,165,165,2110,2110
USHOU,USHOU,IDSRG,"Houston, TX, USHOU","Houston, TX, USHOU","Semarang, JT, IDSRG",IDSRG,MSCU,MSC,25-348WCSA,DRY,7,6/1/2026,6/30/2026,5/10/2026 4:10,1985,1985,165,165,2150,2150
USHOU,USLAX,IDSRG,"Houston, TX, USHOU",LALB,"Semarang, JT, IDSRG",SGSIN,YMJA,YML,51625,DRY,9,5/16/2026,6/30/2026,5/11/2026 4:10,2034,2034,274.53,274.53,2308.53,2308.53
USHOU,USLAX,IDSRG,"Houston, TX, USHOU",LALB,"Semarang, JT, IDSRG",IDSRG,ONEY,ONE,CHIM354B25,DRY,15,5/16/2026,6/30/2026,5/11/2026 4:10,2310,2310,490.28,490.28,2800.28,2800.28
USHOU,USLAX,IDSRG,"Houston, TX, USHOU",LALB,"Semarang, JT, IDSRG",IDSRG,ONEY,ONE,CHIM354B25,DRY,15,5/6/2026,5/15/2026,5/11/2026 4:10,2310,2310,490.28,490.28,2800.28,2800.28
USHOU,USHOU,IDSRG,"Houston, TX, USHOU","Houston, TX, USHOU","Semarang, JT, IDSRG",IDSRG,CMDU,CMA,25-0720,DRY,12,4/18/2026,6/30/2026,5/5/2026 4:10,2560,2560,145,145,2705,2705
USHOU,USHOU,IDSUB,"Houston, TX, USHOU","Houston, TX, USHOU","Surabaya, JI, IDSUB",IDSUB,OOLU,OOCL,MT256104,DRY,16,4/1/2026,6/30/2026,5/10/2026 4:10,663,663,145,145,808,808
USHOU,USHOU,IDSUB,"Houston, TX, USHOU","Houston, TX, USHOU","Surabaya, JI, IDSUB",IDSUB,MAEU,Maersk,300094432,DRY,0,4/1/2026,9/30/2026,5/11/2026 4:10,886,886,12.95,12.95,898.95,898.95
USHOU,USHOU,IDSUB,"Houston, TX, USHOU","Houston, TX, USHOU","Surabaya, JI, IDSUB",KRPUS,HDMU,HMM,US2600031,DRY,4,4/12/2026,5/14/2026,5/7/2026 4:10,894,894,145,145,1039,1039
USHOU,USHOU,IDSUB,"Houston, TX, USHOU","Houston, TX, USHOU","Surabaya, JI, IDSUB",CNSHA,YMJA,YML,51625,DRY,9,4/23/2026,5/15/2026,5/11/2026 4:10,1100,1100,235.27,235.27,1335.27,1335.27
USHOU,USHOU,IDSUB,"Houston, TX, USHOU","Houston, TX, USHOU","Surabaya, JI, IDSUB",KRPUS,HDMU,HMM,US2600031,DRY,4,5/15/2026,6/30/2026,5/7/2026 4:10,1104,1104,145,145,1249,1249
USHOU,USHOU,IDSUB,"Houston, TX, USHOU","Houston, TX, USHOU","Surabaya, JI, IDSUB",KRPUS,HDMU,HMM,US2600031,DRY,4,6/1/2026,7/31/2026,5/7/2026 4:10,1134,1134,145,145,1279,1279
USHOU,USHOU,IDSUB,"Houston, TX, USHOU","Houston, TX, USHOU","Surabaya, JI, IDSUB",IDSUB,ONEY,ONE,CHIM354B25,DRY,15,5/6/2026,6/30/2026,5/11/2026 4:10,1210,1210,490.28,490.28,1700.28,1700.28
USHOU,USHOU,IDSUB,"Houston, TX, USHOU","Houston, TX, USHOU","Surabaya, JI, IDSUB",CNSHA,YMJA,YML,51625,DRY,9,5/16/2026,6/30/2026,5/11/2026 4:10,1234,1234,235.27,235.27,1469.27,1469.27
USHOU,USHOU,IDSUB,"Houston, TX, USHOU","Houston, TX, USHOU","Surabaya, JI, IDSUB",IDSUB,YMJA,YML,51625,DRY,9,4/23/2026,5/15/2026,5/10/2026 3:45,1350,1350,0,0,1350,1350
USHOU,USLGB,IDSUB,"Houston, TX, USHOU",LALB,"Surabaya, JI, IDSUB",IDSUB,OOLU,OOCL,MT256104,DRY,16,4/1/2026,6/30/2026,5/10/2026 4:10,1460,1460,145,145,1605,1605
USHOU,USLAX,IDSUB,"Houston, TX, USHOU",LALB,"Surabaya, JI, IDSUB",IDSUB,OOLU,OOCL,MT256104,DRY,16,4/1/2026,6/30/2026,5/10/2026 4:10,1460,1460,145,145,1605,1605
USHOU,USHOU,IDSUB,"Houston, TX, USHOU","Houston, TX, USHOU","Surabaya, JI, IDSUB",IDSUB,YMJA,YML,51625,DRY,9,5/16/2026,6/30/2026,5/10/2026 3:45,1484,1484,0,0,1484,1484
USHOU,USHOU,IDSUB,"Houston, TX, USHOU","Houston, TX, USHOU","Surabaya, JI, IDSUB",IDSUB,EGLV,EMC,SC103574,DRY,4,5/1/2026,6/30/2026,5/10/2026 4:10,1500,1500,145,145,1645,1645
USHOU,USLAX,IDSUB,"Houston, TX, USHOU",LALB,"Surabaya, JI, IDSUB",SGSIN,YMJA,YML,51625,DRY,9,4/23/2026,5/15/2026,5/11/2026 4:10,1850,1850,274.53,274.53,2124.53,2124.53
USHOU,USHOU,IDSUB,"Houston, TX, USHOU","Houston, TX, USHOU","Surabaya, JI, IDSUB",IDSUB,MSCU,MSC,25-348WCSA,DRY,7,5/1/2026,5/31/2026,5/10/2026 4:10,1945,1945,165,165,2110,2110
USHOU,USLAX,IDSUB,"Houston, TX, USHOU",LALB,"Surabaya, JI, IDSUB",SGSIN,YMJA,YML,51625,DRY,9,5/16/2026,6/30/2026,5/11/2026 4:10,1984,1984,274.53,274.53,2258.53,2258.53
USHOU,USHOU,IDSUB,"Houston, TX, USHOU","Houston, TX, USHOU","Surabaya, JI, IDSUB",IDSUB,MSCU,MSC,25-348WCSA,DRY,7,6/1/2026,6/30/2026,5/10/2026 4:10,1985,1985,165,165,2150,2150
USHOU,USHOU,IDSUB,"Houston, TX, USHOU","Houston, TX, USHOU","Surabaya, JI, IDSUB",IDSUB,CMDU,CMA,25-0720,DRY,12,4/18/2026,6/30/2026,5/5/2026 4:10,2060,2060,145,145,2205,2205
USHOU,USLAX,IDSUB,"Houston, TX, USHOU",LALB,"Surabaya, JI, IDSUB",IDSUB,ONEY,ONE,CHIM354B25,DRY,15,5/6/2026,5/15/2026,5/11/2026 4:10,2310,2310,490.28,490.28,2800.28,2800.28
USHOU,USLAX,IDSUB,"Houston, TX, USHOU",LALB,"Surabaya, JI, IDSUB",IDSUB,ONEY,ONE,CHIM354B25,DRY,15,5/16/2026,6/30/2026,5/11/2026 4:10,2310,2310,490.28,490.28,2800.28,2800.28
USHOU,USHOU,INCCU,"Houston, TX, USHOU","Houston, TX, USHOU","Kolkata (ex Calcutta), WB, INCCU",CNNBG,YMJA,YML,51625,DRY,9,4/23/2026,5/15/2026,5/11/2026 4:10,2150,2150,235.27,235.27,2385.27,2385.27
USHOU,USHOU,INCCU,"Houston, TX, USHOU","Houston, TX, USHOU","Kolkata (ex Calcutta), WB, INCCU",CNSHA,YMJA,YML,51625,DRY,9,4/23/2026,5/15/2026,5/11/2026 4:10,2150,2150,235.27,235.27,2385.27,2385.27
USHOU,USHOU,INCCU,"Houston, TX, USHOU","Houston, TX, USHOU","Kolkata (ex Calcutta), WB, INCCU",CNNBG,YMJA,YML,51625,DRY,9,5/16/2026,6/30/2026,5/11/2026 4:10,2284,2284,235.27,235.27,2519.27,2519.27
USHOU,USHOU,INCCU,"Houston, TX, USHOU","Houston, TX, USHOU","Kolkata (ex Calcutta), WB, INCCU",CNSHA,YMJA,YML,51625,DRY,9,5/16/2026,6/30/2026,5/11/2026 4:10,2284,2284,235.27,235.27,2519.27,2519.27
USHOU,USLAX,INCCU,"Houston, TX, USHOU",LALB,"Kolkata (ex Calcutta), WB, INCCU",SGSIN,YMJA,YML,51625,DRY,9,4/23/2026,5/15/2026,5/11/2026 4:10,2900,2900,274.53,274.53,3174.53,3174.53
USHOU,USLAX,INCCU,"Houston, TX, USHOU",LALB,"Kolkata (ex Calcutta), WB, INCCU",SGSIN,YMJA,YML,51625,DRY,9,5/16/2026,6/30/2026,5/11/2026 4:10,3034,3034,274.53,274.53,3308.53,3308.53
USHOU,USHOU,INHAL,"Houston, TX, USHOU","Houston, TX, USHOU","Haldia, WB, INHAL",INHAL,OOLU,OOCL,MT256104,DRY,16,4/1/2026,6/30/2026,5/10/2026 3:45,3458,3458,0,0,3458,3458
USHOU,USLAX,INHAL,"Houston, TX, USHOU",LALB,"Haldia, WB, INHAL",INHAL,OOLU,OOCL,MT256104,DRY,16,4/1/2026,6/30/2026,5/10/2026 3:45,3840,3840,0,0,3840,3840
USHOU,USLGB,INHAL,"Houston, TX, USHOU",LALB,"Haldia, WB, INHAL",INHAL,OOLU,OOCL,MT256104,DRY,16,4/1/2026,6/30/2026,5/10/2026 3:45,3840,3840,0,0,3840,3840
USHOU,USLGB,INKOC,"Houston, TX, USHOU",LALB,"Kochi, , INKOC",INKOC,OOLU,OOCL,MT256104,DRY,16,4/1/2026,6/30/2026,5/11/2026 4:10,2910,2910,254.17,254.17,3164.17,3164.17
USHOU,USLAX,INKOC,"Houston, TX, USHOU",LALB,"Kochi, , INKOC",INKOC,OOLU,OOCL,MT256104,DRY,16,4/1/2026,6/30/2026,5/11/2026 4:10,2910,2910,254.17,254.17,3164.17,3164.17
USHOU,USLAX,INKOC,"Houston, TX, USHOU",LALB,"Kochi, , INKOC",KRPUS,YMJA,YML,51625,DRY,9,4/23/2026,5/15/2026,5/11/2026 4:10,3290,3290,123.14,123.14,3413.14,3413.14
USHOU,USHOU,INKOC,"Houston, TX, USHOU","Houston, TX, USHOU","Kochi, , INKOC",INKOC,OOLU,OOCL,MT256104,DRY,16,4/1/2026,6/30/2026,5/11/2026 4:10,3313,3313,254.17,254.17,3567.17,3567.17
USHOU,USLAX,INKOC,"Houston, TX, USHOU",LALB,"Kochi, , INKOC",KRPUS,YMJA,YML,51625,DRY,9,5/16/2026,6/30/2026,5/11/2026 4:10,3424,3424,123.14,123.14,3547.14,3547.14
USHOU,USHOU,INKTP,"Houston, TX, USHOU","Houston, TX, USHOU","Kattupalli Port, TN, INKTP",INKTP,OOLU,OOCL,MT256104,DRY,16,4/1/2026,6/30/2026,5/10/2026 3:45,1663,1663,0,0,1663,1663
USHOU,USLGB,INKTP,"Houston, TX, USHOU",LALB,"Kattupalli Port, TN, INKTP",INKTP,OOLU,OOCL,MT256104,DRY,16,4/1/2026,6/30/2026,5/10/2026 3:45,2060,2060,0,0,2060,2060
USHOU,USLAX,INKTP,"Houston, TX, USHOU",LALB,"Kattupalli Port, TN, INKTP",INKTP,OOLU,OOCL,MT256104,DRY,16,4/1/2026,6/30/2026,5/10/2026 3:45,2060,2060,0,0,2060,2060
USHOU,USHOU,INMAA,"Houston, TX, USHOU","Houston, TX, USHOU","Chennai (ex Madras), TN, INMAA",INMAA,MAEU,Maersk,300094432,DRY,0,4/1/2026,9/30/2026,5/11/2026 4:10,1974,1974,151.44,151.44,2125.44,2125.44
USHOU,USHOU,INMAA,"Houston, TX, USHOU","Houston, TX, USHOU","Chennai (ex Madras), TN, INMAA",CNNBG,YMJA,YML,51625,DRY,9,4/23/2026,5/15/2026,5/11/2026 4:10,2320,2320,235.27,235.27,2555.27,2555.27
USHOU,USHOU,INMAA,"Houston, TX, USHOU","Houston, TX, USHOU","Chennai (ex Madras), TN, INMAA",CNSHA,YMJA,YML,51625,DRY,9,4/23/2026,5/15/2026,5/11/2026 4:10,2320,2320,235.27,235.27,2555.27,2555.27
USHOU,USHOU,INMAA,"Houston, TX, USHOU","Houston, TX, USHOU","Chennai (ex Madras), TN, INMAA",CNNBG,YMJA,YML,51625,DRY,9,5/16/2026,6/30/2026,5/11/2026 4:10,2454,2454,235.27,235.27,2689.27,2689.27
USHOU,USHOU,INMAA,"Houston, TX, USHOU","Houston, TX, USHOU","Chennai (ex Madras), TN, INMAA",CNSHA,YMJA,YML,51625,DRY,9,5/16/2026,6/30/2026,5/11/2026 4:10,2454,2454,235.27,235.27,2689.27,2689.27
USHOU,USLAX,INMAA,"Houston, TX, USHOU",LALB,"Chennai (ex Madras), TN, INMAA",SGSIN,YMJA,YML,51625,DRY,9,4/23/2026,5/15/2026,5/11/2026 4:10,3070,3070,274.53,274.53,3344.53,3344.53
USHOU,USLAX,INMAA,"Houston, TX, USHOU",LALB,"Chennai (ex Madras), TN, INMAA",SGSIN,YMJA,YML,51625,DRY,9,5/16/2026,6/30/2026,5/11/2026 4:10,3204,3204,274.53,274.53,3478.53,3478.53
USHOU,USLAX,INMAA,"Houston, TX, USHOU",LALB,"Chennai (ex Madras), TN, INMAA",INMAA,ONEY,ONE,CHIM354B25,DRY,15,5/6/2026,5/15/2026,5/11/2026 4:10,3360,3360,213.93,213.93,3573.93,3573.93
USHOU,USLAX,INMAA,"Houston, TX, USHOU",LALB,"Chennai (ex Madras), TN, INMAA",INMAA,ONEY,ONE,CHIM354B25,DRY,15,5/16/2026,6/30/2026,5/11/2026 4:10,3360,3360,213.93,213.93,3573.93,3573.93
USHOU,USHOU,INMUN,"Houston, TX, USHOU","Houston, TX, USHOU","Mundra, GJ, INMUN",INMUN,MAEU,Maersk,300094432,DRY,0,4/1/2026,9/30/2026,5/11/2026 4:10,1608,1608,207.04,207.04,1815.04,1815.04
USHOU,USHOU,INMUN,"Houston, TX, USHOU","Houston, TX, USHOU","Mundra, GJ, INMUN",INMUN,CMDU,CMA,25-0720,DRY,12,4/18/2026,6/30/2026,5/11/2026 4:10,2110,2110,205.4,205.4,2315.4,2315.4
USHOU,USLAX,INMUN,"Houston, TX, USHOU",LALB,"Mundra, GJ, INMUN",INMUN,ONEY,ONE,CHIM354B25,DRY,15,5/16/2026,6/30/2026,5/11/2026 4:10,2300,2300,305,305,2605,2605
USHOU,USLAX,INMUN,"Houston, TX, USHOU",LALB,"Mundra, GJ, INMUN",INMUN,ONEY,ONE,CHIM354B25,DRY,15,5/6/2026,5/15/2026,5/11/2026 4:10,2300,2300,305,305,2605,2605
USHOU,USHOU,INNSA,"Houston, TX, USHOU","Houston, TX, USHOU","Nhava Sheva, MH, INNSA",INNSA,OOLU,OOCL,MT256104,DRY,16,4/1/2026,6/30/2026,5/11/2026 4:10,1323,1323,148.27,148.27,1471.27,1471.27
USHOU,USLGB,INNSA,"Houston, TX, USHOU",LALB,"Nhava Sheva, MH, INNSA",INNSA,OOLU,OOCL,MT256104,DRY,16,4/1/2026,6/30/2026,5/11/2026 4:10,1540,1540,148.27,148.27,1688.27,1688.27
USHOU,USLAX,INNSA,"Houston, TX, USHOU",LALB,"Nhava Sheva, MH, INNSA",INNSA,OOLU,OOCL,MT256104,DRY,16,4/1/2026,6/30/2026,5/11/2026 4:10,1540,1540,148.27,148.27,1688.27,1688.27
USHOU,USHOU,INNSA,"Houston, TX, USHOU","Houston, TX, USHOU","Nhava Sheva, MH, INNSA",INNSA,MAEU,Maersk,300094432,DRY,0,4/1/2026,9/30/2026,5/11/2026 4:10,1608,1608,227.92,227.92,1835.92,1835.92
USHOU,USHOU,INNSA,"Houston, TX, USHOU","Houston, TX, USHOU","Nhava Sheva, MH, INNSA",INNSA,EGLV,EMC,SC103574,DRY,4,5/1/2026,6/30/2026,5/11/2026 4:10,2100,2100,187.7,187.7,2287.7,2287.7
USHOU,USHOU,INNSA,"Houston, TX, USHOU","Houston, TX, USHOU","Nhava Sheva, MH, INNSA",INNSA,CMDU,CMA,25-0720,DRY,12,4/18/2026,6/30/2026,5/11/2026 4:10,2110,2110,555.09,555.09,2665.09,2665.09
USHOU,USLAX,INNSA,"Houston, TX, USHOU",LALB,"Nhava Sheva, MH, INNSA",INNSA,ONEY,ONE,CHIM354B25,DRY,15,5/16/2026,6/30/2026,5/11/2026 4:10,2300,2300,273.23,273.23,2573.23,2573.23
USHOU,USLAX,INNSA,"Houston, TX, USHOU",LALB,"Nhava Sheva, MH, INNSA",INNSA,ONEY,ONE,CHIM354B25,DRY,15,5/6/2026,5/15/2026,5/11/2026 4:10,2300,2300,273.23,273.23,2573.23,2573.23
USHOU,USLAX,INPAV,"Houston, TX, USHOU",LALB,"Pipavav (Victor) Port, GJ, INPAV",INPAV,ONEY,ONE,CHIM354B25,DRY,15,5/16/2026,6/30/2026,5/11/2026 4:10,2400,2400,263.22,263.22,2663.22,2663.22
USHOU,USLAX,INPAV,"Houston, TX, USHOU",LALB,"Pipavav (Victor) Port, GJ, INPAV",INPAV,ONEY,ONE,CHIM354B25,DRY,15,5/6/2026,5/15/2026,5/11/2026 4:10,2400,2400,263.22,263.22,2663.22,2663.22
USHOU,USLAX,INRJU,"Houston, TX, USHOU",LALB,"Rajula, GJ, INRJU",INRJU,OOLU,OOCL,MT256104,DRY,16,4/1/2026,6/30/2026,5/10/2026 3:45,2035,2035,0,0,2035,2035
USHOU,USLGB,INRJU,"Houston, TX, USHOU",LALB,"Rajula, GJ, INRJU",INRJU,OOLU,OOCL,MT256104,DRY,16,4/1/2026,6/30/2026,5/10/2026 3:45,2035,2035,0,0,2035,2035
USHOU,USHOU,INRJU,"Houston, TX, USHOU","Houston, TX, USHOU","Rajula, GJ, INRJU",INRJU,OOLU,OOCL,MT256104,DRY,16,4/1/2026,6/30/2026,5/10/2026 3:45,4233,4233,0,0,4233,4233
USHOU,USLGB,INTUT,"Houston, TX, USHOU",LALB,"Tuticorin, TN, INTUT",INTUT,OOLU,OOCL,MT256104,DRY,16,4/1/2026,6/30/2026,5/11/2026 4:10,1660,1660,74.13,74.13,1734.13,1734.13
USHOU,USLAX,INTUT,"Houston, TX, USHOU",LALB,"Tuticorin, TN, INTUT",INTUT,OOLU,OOCL,MT256104,DRY,16,4/1/2026,6/30/2026,5/11/2026 4:10,1660,1660,74.13,74.13,1734.13,1734.13
USHOU,USHOU,INTUT,"Houston, TX, USHOU","Houston, TX, USHOU","Tuticorin, TN, INTUT",INTUT,MAEU,Maersk,300094432,DRY,0,4/1/2026,9/30/2026,5/11/2026 4:10,1808,1808,145.01,145.01,1953.01,1953.01
USHOU,USHOU,INTUT,"Houston, TX, USHOU","Houston, TX, USHOU","Tuticorin, TN, INTUT",INTUT,CMDU,CMA,25-0720,DRY,12,4/18/2026,6/30/2026,5/11/2026 4:10,1810,1810,100.5,100.5,1910.5,1910.5
USHOU,USHOU,INTUT,"Houston, TX, USHOU","Houston, TX, USHOU","Tuticorin, TN, INTUT",INTUT,OOLU,OOCL,MT256104,DRY,16,4/1/2026,6/30/2026,5/11/2026 4:10,2493,2493,74.13,74.13,2567.13,2567.13
USHOU,USHOU,ITBCO,"Houston, TX, USHOU","Houston, TX, USHOU","Buccino, , ITBCO",ITSAL,CMDU,CMA,25-0720,DRY,12,4/18/2026,6/30/2026,5/5/2026 3:45,3170,3170,0,0,3170,3170
USHOU,USHOU,ITBGO,"Houston, TX, USHOU","Houston, TX, USHOU","Bergamo, BG, ITBGO",ITGOA,CMDU,CMA,25-0720,DRY,12,4/18/2026,6/30/2026,5/5/2026 3:45,2545,2545,0,0,2545,2545
USHOU,USHOU,ITSAL,"Houston, TX, USHOU","Houston, TX, USHOU","Salerno, , ITSAL",ITSAL,CMDU,CMA,25-0720,DRY,12,4/18/2026,6/30/2026,5/5/2026 3:45,2746,2746,0,0,2746,2746
USHOU,USLAX,JPABU,"Houston, TX, USHOU",LALB,"Aburatsu, 45, JPABU",KRPUS,YMJA,YML,51625,DRY,9,4/23/2026,5/15/2026,5/11/2026 4:10,2800,2800,123.14,123.14,2923.14,2923.14
USHOU,USLAX,JPABU,"Houston, TX, USHOU",LALB,"Aburatsu, 45, JPABU",KRPUS,YMJA,YML,51625,DRY,9,5/16/2026,6/30/2026,5/11/2026 4:10,2934,2934,123.14,123.14,3057.14,3057.14
USHOU,USLAX,JPAXT,"Houston, TX, USHOU",LALB,"Akita, 5, JPAXT",KRPUS,YMJA,YML,51625,DRY,9,4/23/2026,5/15/2026,5/11/2026 4:10,2800,2800,123.14,123.14,2923.14,2923.14
USHOU,USLAX,JPAXT,"Houston, TX, USHOU",LALB,"Akita, 5, JPAXT",KRPUS,YMJA,YML,51625,DRY,9,5/16/2026,6/30/2026,5/11/2026 4:10,2934,2934,123.14,123.14,3057.14,3057.14
USHOU,USLAX,JPFKY,"Houston, TX, USHOU",LALB,"Fukuyama, Hiroshima, 34, JPFKY",KRPUS,YMJA,YML,51625,DRY,9,4/23/2026,5/15/2026,5/11/2026 4:10,3120,3120,123.14,123.14,3243.14,3243.14
USHOU,USLAX,JPFKY,"Houston, TX, USHOU",LALB,"Fukuyama, Hiroshima, 34, JPFKY",KRPUS,YMJA,YML,51625,DRY,9,5/16/2026,6/30/2026,5/11/2026 4:10,3254,3254,123.14,123.14,3377.14,3377.14
USHOU,USLAX,JPHHE,"Houston, TX, USHOU",LALB,"Hachinohe, 2, JPHHE",KRPUS,YMJA,YML,51625,DRY,9,4/23/2026,5/15/2026,5/11/2026 4:10,3600,3600,123.14,123.14,3723.14,3723.14
USHOU,USLAX,JPHHE,"Houston, TX, USHOU",LALB,"Hachinohe, 2, JPHHE",KRPUS,YMJA,YML,51625,DRY,9,5/16/2026,6/30/2026,5/11/2026 4:10,3734,3734,123.14,123.14,3857.14,3857.14
USHOU,USHOU,JPHIJ,"Houston, TX, USHOU","Houston, TX, USHOU","Hiroshima, 34, JPHIJ",JPHIJ,ONEY,ONE,CHIM354B25,DRY,15,5/6/2026,6/30/2026,5/11/2026 4:10,1210,1210,319.21,319.21,1529.21,1529.21
USHOU,USLAX,JPHIJ,"Houston, TX, USHOU",LALB,"Hiroshima, 34, JPHIJ",JPUKB,ONEY,ONE,CHIM354B25,DRY,15,5/16/2026,6/30/2026,5/11/2026 4:10,1935,1935,319.21,319.21,2254.21,2254.21
USHOU,USLAX,JPHIJ,"Houston, TX, USHOU",LALB,"Hiroshima, 34, JPHIJ",JPUKB,ONEY,ONE,CHIM354B25,DRY,15,5/6/2026,5/15/2026,5/11/2026 4:10,1935,1935,319.21,319.21,2254.21,2254.21
USHOU,USLAX,JPHIJ,"Houston, TX, USHOU",LALB,"Hiroshima, 34, JPHIJ",KRPUS,YMJA,YML,51625,DRY,9,4/23/2026,5/15/2026,5/11/2026 4:10,2410,2410,123.14,123.14,2533.14,2533.14
USHOU,USLAX,JPHIJ,"Houston, TX, USHOU",LALB,"Hiroshima, 34, JPHIJ",KRPUS,YMJA,YML,51625,DRY,9,5/16/2026,6/30/2026,5/11/2026 4:10,2544,2544,123.14,123.14,2667.14,2667.14
USHOU,USLAX,JPHKD,"Houston, TX, USHOU",LALB,"Hakodate, 1, JPHKD",KRPUS,YMJA,YML,51625,DRY,9,4/23/2026,5/15/2026,5/11/2026 4:10,3050,3050,123.14,123.14,3173.14,3173.14
USHOU,USLAX,JPHKD,"Houston, TX, USHOU",LALB,"Hakodate, 1, JPHKD",KRPUS,YMJA,YML,51625,DRY,9,5/16/2026,6/30/2026,5/11/2026 4:10,3184,3184,123.14,123.14,3307.14,3307.14
USHOU,USLAX,JPHMD,"Houston, TX, USHOU",LALB,"Hamada, 32, JPHMD",KRPUS,YMJA,YML,51625,DRY,9,4/23/2026,5/15/2026,5/11/2026 4:10,3320,3320,123.14,123.14,3443.14,3443.14
USHOU,USLAX,JPHMD,"Houston, TX, USHOU",LALB,"Hamada, 32, JPHMD",KRPUS,YMJA,YML,51625,DRY,9,5/16/2026,6/30/2026,5/11/2026 4:10,3454,3454,123.14,123.14,3577.14,3577.14
USHOU,USHOU,JPHSM,"Houston, TX, USHOU","Houston, TX, USHOU","Hososhima, 45, JPHSM",JPHSM,ONEY,ONE,CHIM354B25,DRY,15,5/6/2026,6/30/2026,5/11/2026 4:10,1210,1210,336.45,336.45,1546.45,1546.45
USHOU,USHOU,JPHTD,"Houston, TX, USHOU","Houston, TX, USHOU","Hakata, 38, JPHTD",JPHTD,EGLV,EMC,SC103574,DRY,4,5/1/2026,6/30/2026,5/11/2026 4:10,1100,1100,306.44,306.44,1406.44,1406.44
USHOU,USLAX,JPIMB,"Houston, TX, USHOU",LALB,"Imabari, 38, JPIMB",KRPUS,YMJA,YML,51625,DRY,9,4/23/2026,5/15/2026,5/11/2026 4:10,2860,2860,123.14,123.14,2983.14,2983.14
USHOU,USLAX,JPIMB,"Houston, TX, USHOU",LALB,"Imabari, 38, JPIMB",KRPUS,YMJA,YML,51625,DRY,9,5/16/2026,6/30/2026,5/11/2026 4:10,2994,2994,123.14,123.14,3117.14,3117.14
USHOU,USHOU,JPIMI,"Houston, TX, USHOU","Houston, TX, USHOU","Imari, 41, JPIMI",CNSHA,YMJA,YML,51625,DRY,9,4/23/2026,5/15/2026,5/11/2026 4:10,1470,1470,235.27,235.27,1705.27,1705.27
USHOU,USHOU,JPIMI,"Houston, TX, USHOU","Houston, TX, USHOU","Imari, 41, JPIMI",CNSHA,YMJA,YML,51625,DRY,9,5/16/2026,6/30/2026,5/11/2026 4:10,1604,1604,235.27,235.27,1839.27,1839.27
USHOU,USLAX,JPISI,"Houston, TX, USHOU",LALB,"Ishikari, 1, JPISI",KRPUS,YMJA,YML,51625,DRY,9,4/23/2026,5/15/2026,5/11/2026 4:10,3180,3180,123.14,123.14,3303.14,3303.14
USHOU,USLAX,JPISI,"Houston, TX, USHOU",LALB,"Ishikari, 1, JPISI",KRPUS,YMJA,YML,51625,DRY,9,5/16/2026,6/30/2026,5/11/2026 4:10,3314,3314,123.14,123.14,3437.14,3437.14
USHOU,USLAX,JPIWK,"Houston, TX, USHOU",LALB,"Iwakuni, 35, JPIWK",KRPUS,YMJA,YML,51625,DRY,9,4/23/2026,5/15/2026,5/11/2026 4:10,3060,3060,123.14,123.14,3183.14,3183.14
USHOU,USLAX,JPIWK,"Houston, TX, USHOU",LALB,"Iwakuni, 35, JPIWK",KRPUS,YMJA,YML,51625,DRY,9,5/16/2026,6/30/2026,5/11/2026 4:10,3194,3194,123.14,123.14,3317.14,3317.14
USHOU,USHOU,JPIYM,"Houston, TX, USHOU","Houston, TX, USHOU","Iyomishima, 38, JPIYM",CNSHA,YMJA,YML,51625,DRY,9,4/23/2026,5/15/2026,5/11/2026 4:10,1300,1300,235.27,235.27,1535.27,1535.27
USHOU,USHOU,JPIYM,"Houston, TX, USHOU","Houston, TX, USHOU","Iyomishima, 38, JPIYM",CNSHA,YMJA,YML,51625,DRY,9,5/16/2026,6/30/2026,5/11/2026 4:10,1434,1434,235.27,235.27,1669.27,1669.27
USHOU,USHOU,JPIYM,"Houston, TX, USHOU","Houston, TX, USHOU","Iyomishima, 38, JPIYM",JPIYM,ONEY,ONE,CHIM354B25,DRY,15,5/6/2026,6/30/2026,5/11/2026 4:10,1650,1650,336.45,336.45,1986.45,1986.45
USHOU,USHOU,JPKCZ,"Houston, TX, USHOU","Houston, TX, USHOU","Kochi, 39, JPKCZ",JPKCZ,ONEY,ONE,CHIM354B25,DRY,15,5/6/2026,6/30/2026,5/11/2026 4:10,1790,1790,336.45,336.45,2126.45,2126.45
USHOU,USHOU,JPKIJ,"Houston, TX, USHOU","Houston, TX, USHOU","Niigata, 15, JPKIJ",JPKIJ,ONEY,ONE,CHIM354B25,DRY,15,5/6/2026,6/30/2026,5/11/2026 4:10,1550,1550,336.45,336.45,1886.45,1886.45
USHOU,USLAX,JPKIJ,"Houston, TX, USHOU",LALB,"Niigata, 15, JPKIJ",KRPUS,YMJA,YML,51625,DRY,9,4/23/2026,5/15/2026,5/11/2026 4:10,3090,3090,123.14,123.14,3213.14,3213.14
USHOU,USLAX,JPKIJ,"Houston, TX, USHOU",LALB,"Niigata, 15, JPKIJ",KRPUS,YMJA,YML,51625,DRY,9,5/16/2026,6/30/2026,5/11/2026 4:10,3224,3224,123.14,123.14,3347.14,3347.14
USHOU,USLAX,JPKMJ,"Houston, TX, USHOU",LALB,"Kumamoto, 43, JPKMJ",KRPUS,YMJA,YML,51625,DRY,9,4/23/2026,5/15/2026,5/11/2026 4:10,2750,2750,123.14,123.14,2873.14,2873.14
USHOU,USLAX,JPKMJ,"Houston, TX, USHOU",LALB,"Kumamoto, 43, JPKMJ",KRPUS,YMJA,YML,51625,DRY,9,5/16/2026,6/30/2026,5/11/2026 4:10,2884,2884,123.14,123.14,3007.14,3007.14
USHOU,USLAX,JPKNZ,"Houston, TX, USHOU",LALB,"Kanazawa, 17, JPKNZ",KRPUS,YMJA,YML,51625,DRY,9,4/23/2026,5/15/2026,5/11/2026 4:10,2990,2990,123.14,123.14,3113.14,3113.14
USHOU,USLAX,JPKNZ,"Houston, TX, USHOU",LALB,"Kanazawa, 17, JPKNZ",KRPUS,YMJA,YML,51625,DRY,9,5/16/2026,6/30/2026,5/11/2026 4:10,3124,3124,123.14,123.14,3247.14,3247.14
USHOU,USLAX,JPKST,"Houston, TX, USHOU",LALB,"Kisakata, 5, JPKST",KRPUS,YMJA,YML,51625,DRY,9,4/23/2026,5/15/2026,5/11/2026 4:10,3180,3180,123.14,123.14,3303.14,3303.14
USHOU,USLAX,JPKST,"Houston, TX, USHOU",LALB,"Kisakata, 5, JPKST",KRPUS,YMJA,YML,51625,DRY,9,5/16/2026,6/30/2026,5/11/2026 4:10,3314,3314,123.14,123.14,3437.14,3437.14
USHOU,USLAX,JPKUH,"Houston, TX, USHOU",LALB,"Kushiro, 1, JPKUH",KRPUS,YMJA,YML,51625,DRY,9,4/23/2026,5/15/2026,5/11/2026 4:10,3405,3405,123.14,123.14,3528.14,3528.14
USHOU,USLAX,JPKUH,"Houston, TX, USHOU",LALB,"Kushiro, 1, JPKUH",KRPUS,YMJA,YML,51625,DRY,9,5/16/2026,6/30/2026,5/11/2026 4:10,3539,3539,123.14,123.14,3662.14,3662.14
USHOU,USHOU,JPKWS,"Houston, TX, USHOU","Houston, TX, USHOU","Kawasaki, 14, JPKWS",JPKWS,ONEY,ONE,CHIM354B25,DRY,15,5/6/2026,6/30/2026,5/10/2026 4:10,910,910,17.24,17.24,927.24,927.24
USHOU,USLAX,JPMII,"Houston, TX, USHOU",LALB,"Miike, Fukuoka, 40, JPMII",KRPUS,YMJA,YML,51625,DRY,9,4/23/2026,5/15/2026,5/11/2026 4:10,3120,3120,123.14,123.14,3243.14,3243.14
USHOU,USLAX,JPMII,"Houston, TX, USHOU",LALB,"Miike, Fukuoka, 40, JPMII",KRPUS,YMJA,YML,51625,DRY,9,5/16/2026,6/30/2026,5/11/2026 4:10,3254,3254,123.14,123.14,3377.14,3377.14
USHOU,USHOU,JPMIZ,"Houston, TX, USHOU","Houston, TX, USHOU","Mizushima, 33, JPMIZ",CNNBG,YMJA,YML,51625,DRY,9,4/23/2026,5/15/2026,5/11/2026 4:10,1170,1170,235.27,235.27,1405.27,1405.27
USHOU,USHOU,JPMIZ,"Houston, TX, USHOU","Houston, TX, USHOU","Mizushima, 33, JPMIZ",CNNBG,YMJA,YML,51625,DRY,9,5/16/2026,6/30/2026,5/11/2026 4:10,1304,1304,235.27,235.27,1539.27,1539.27
USHOU,USHOU,JPMOJ,"Houston, TX, USHOU","Houston, TX, USHOU","Moji/Kitakyushu, 40, JPMOJ",JPMOJ,ONEY,ONE,CHIM354B25,DRY,15,5/6/2026,6/30/2026,5/11/2026 4:10,1250,1250,336.45,336.45,1586.45,1586.45
USHOU,USHOU,JPMOJ,"Houston, TX, USHOU","Houston, TX, USHOU","Moji/Kitakyushu, 40, JPMOJ",JPMOJ,MAEU,Maersk,300094432,DRY,0,4/1/2026,9/30/2026,5/11/2026 4:10,1260,1260,341.56,341.56,1601.56,1601.56
USHOU,USLAX,JPMOJ,"Houston, TX, USHOU",LALB,"Moji/Kitakyushu, 40, JPMOJ",JPUKB,ONEY,ONE,CHIM354B25,DRY,15,5/6/2026,5/15/2026,5/11/2026 4:10,2435,2435,336.45,336.45,2771.45,2771.45
USHOU,USLAX,JPMOJ,"Houston, TX, USHOU",LALB,"Moji/Kitakyushu, 40, JPMOJ",JPUKB,ONEY,ONE,CHIM354B25,DRY,15,5/16/2026,6/30/2026,5/11/2026 4:10,2435,2435,336.45,336.45,2771.45,2771.45
USHOU,USLAX,JPMYJ,"Houston, TX, USHOU",LALB,"Matsuyama, 38, JPMYJ",JPMYJ,ONEY,ONE,CHIM354B25,DRY,15,5/6/2026,5/15/2026,5/11/2026 4:10,2110,2110,336.45,336.45,2446.45,2446.45
USHOU,USLAX,JPMYJ,"Houston, TX, USHOU",LALB,"Matsuyama, 38, JPMYJ",JPMYJ,ONEY,ONE,CHIM354B25,DRY,15,5/16/2026,6/30/2026,5/11/2026 4:10,2110,2110,336.45,336.45,2446.45,2446.45
USHOU,USHOU,JPNAH,"Houston, TX, USHOU","Houston, TX, USHOU","Naha, Okinawa, 47, JPNAH",TWKHH,YMJA,YML,51625,DRY,9,4/23/2026,5/15/2026,5/11/2026 4:10,1230,1230,223.53,223.53,1453.53,1453.53
USHOU,USHOU,JPNAH,"Houston, TX, USHOU","Houston, TX, USHOU","Naha, Okinawa, 47, JPNAH",TWKHH,YMJA,YML,51625,DRY,9,5/16/2026,6/30/2026,5/11/2026 4:10,1230,1230,223.53,223.53,1453.53,1453.53
USHOU,USLAX,JPNAH,"Houston, TX, USHOU",LALB,"Naha, Okinawa, 47, JPNAH",TWKHH,YMJA,YML,51625,DRY,9,4/23/2026,5/15/2026,5/11/2026 4:10,1930,1930,223.53,223.53,2153.53,2153.53
USHOU,USLAX,JPNAH,"Houston, TX, USHOU",LALB,"Naha, Okinawa, 47, JPNAH",TWKHH,YMJA,YML,51625,DRY,9,5/16/2026,6/30/2026,5/11/2026 4:10,1930,1930,223.53,223.53,2153.53,2153.53
USHOU,USHOU,JPNAO,"Houston, TX, USHOU","Houston, TX, USHOU","Naoetsu, 15, JPNAO",JPNAO,ONEY,ONE,CHIM354B25,DRY,15,5/6/2026,6/30/2026,5/11/2026 4:10,1860,1860,336.45,336.45,2196.45,2196.45
USHOU,USLAX,JPNAO,"Houston, TX, USHOU",LALB,"Naoetsu, 15, JPNAO",KRPUS,YMJA,YML,51625,DRY,9,4/23/2026,5/15/2026,5/11/2026 4:10,3200,3200,123.14,123.14,3323.14,3323.14
USHOU,USLAX,JPNAO,"Houston, TX, USHOU",LALB,"Naoetsu, 15, JPNAO",KRPUS,YMJA,YML,51625,DRY,9,5/16/2026,6/30/2026,5/11/2026 4:10,3334,3334,123.14,123.14,3457.14,3457.14
USHOU,USHOU,JPNGO,"Houston, TX, USHOU","Houston, TX, USHOU","Nagoya, Aichi, 23, JPNGO",JPNGO,ONEY,ONE,CHIM354B25,DRY,15,5/6/2026,6/30/2026,5/11/2026 4:10,910,910,336.45,336.45,1246.45,1246.45
USHOU,USHOU,JPNGO,"Houston, TX, USHOU","Houston, TX, USHOU","Nagoya, Aichi, 23, JPNGO",JPNGO,EGLV,EMC,SC103574,DRY,4,5/1/2026,6/30/2026,5/11/2026 4:10,1100,1100,306.44,306.44,1406.44,1406.44
USHOU,USHOU,JPNGO,"Houston, TX, USHOU","Houston, TX, USHOU","Nagoya, Aichi, 23, JPNGO",JPNGO,MAEU,Maersk,300094432,DRY,0,4/1/2026,9/30/2026,5/11/2026 4:10,1166,1166,341.56,341.56,1507.56,1507.56
USHOU,USLAX,JPNGO,"Houston, TX, USHOU",LALB,"Nagoya, Aichi, 23, JPNGO",JPNGO,YMJA,YML,51625,DRY,9,4/23/2026,5/15/2026,5/11/2026 4:10,1250,1250,316.02,316.02,1566.02,1566.02
USHOU,USLAX,JPNGO,"Houston, TX, USHOU",LALB,"Nagoya, Aichi, 23, JPNGO",JPNGO,YMJA,YML,51625,DRY,9,5/16/2026,6/30/2026,5/11/2026 4:10,1384,1384,316.02,316.02,1700.02,1700.02
USHOU,USLAX,JPNGO,"Houston, TX, USHOU",LALB,"Nagoya, Aichi, 23, JPNGO",SGSIN,YMJA,YML,51625,DRY,9,4/23/2026,5/15/2026,5/11/2026 4:10,1425,1425,274.53,274.53,1699.53,1699.53
USHOU,USLAX,JPNGO,"Houston, TX, USHOU",LALB,"Nagoya, Aichi, 23, JPNGO",SGSIN,YMJA,YML,51625,DRY,9,5/16/2026,6/30/2026,5/11/2026 4:10,1559,1559,274.53,274.53,1833.53,1833.53
USHOU,USLAX,JPNGO,"Houston, TX, USHOU",LALB,"Nagoya, Aichi, 23, JPNGO",JPNGO,ONEY,ONE,CHIM354B25,DRY,15,5/6/2026,5/15/2026,5/11/2026 4:10,1760,1760,336.45,336.45,2096.45,2096.45
USHOU,USLAX,JPNGO,"Houston, TX, USHOU",LALB,"Nagoya, Aichi, 23, JPNGO",JPNGO,ONEY,ONE,CHIM354B25,DRY,15,5/16/2026,6/30/2026,5/11/2026 4:10,1760,1760,336.45,336.45,2096.45,2096.45
USHOU,USLAX,JPNKO,"Houston, TX, USHOU",LALB,"Nanko, 27, JPNKO",JPUKB,YMJA,YML,51625,DRY,9,4/23/2026,5/15/2026,5/11/2026 4:10,1770,1770,316.02,316.02,2086.02,2086.02
USHOU,USLAX,JPNKO,"Houston, TX, USHOU",LALB,"Nanko, 27, JPNKO",JPUKB,YMJA,YML,51625,DRY,9,5/16/2026,6/30/2026,5/11/2026 4:10,1904,1904,316.02,316.02,2220.02,2220.02
USHOU,USLAX,JPOIT,"Houston, TX, USHOU",LALB,"Oita, 44, JPOIT",KRPUS,YMJA,YML,51625,DRY,9,4/23/2026,5/15/2026,5/11/2026 4:10,2820,2820,123.14,123.14,2943.14,2943.14
USHOU,USLAX,JPOIT,"Houston, TX, USHOU",LALB,"Oita, 44, JPOIT",KRPUS,YMJA,YML,51625,DRY,9,5/16/2026,6/30/2026,5/11/2026 4:10,2954,2954,123.14,123.14,3077.14,3077.14
USHOU,USLAX,JPONA,"Houston, TX, USHOU",LALB,"Onahama, 7, JPONA",KRPUS,YMJA,YML,51625,DRY,9,4/23/2026,5/15/2026,5/11/2026 4:10,3340,3340,123.14,123.14,3463.14,3463.14
USHOU,USLAX,JPONA,"Houston, TX, USHOU",LALB,"Onahama, 7, JPONA",KRPUS,YMJA,YML,51625,DRY,9,5/16/2026,6/30/2026,5/11/2026 4:10,3474,3474,123.14,123.14,3597.14,3597.14
USHOU,USHOU,JPOSA,"Houston, TX, USHOU","Houston, TX, USHOU","Osaka, 27, JPOSA",JPOSA,ONEY,ONE,CHIM354B25,DRY,15,5/6/2026,6/30/2026,5/11/2026 4:10,910,910,336.45,336.45,1246.45,1246.45
USHOU,USHOU,JPOSA,"Houston, TX, USHOU","Houston, TX, USHOU","Osaka, 27, JPOSA","Kobe, JP",MAEU,Maersk,300094432,DRY,0,4/1/2026,9/30/2026,5/11/2026 4:10,956,956,341.56,341.56,1297.56,1297.56
USHOU,USHOU,JPOSA,"Houston, TX, USHOU","Houston, TX, USHOU","Osaka, 27, JPOSA",CNNBG,YMJA,YML,51625,DRY,9,4/23/2026,5/15/2026,5/11/2026 4:10,1020,1020,235.27,235.27,1255.27,1255.27
USHOU,USHOU,JPOSA,"Houston, TX, USHOU","Houston, TX, USHOU","Osaka, 27, JPOSA",JPOSA,EGLV,EMC,SC103574,DRY,4,5/1/2026,6/30/2026,5/11/2026 4:10,1100,1100,306.44,306.44,1406.44,1406.44
USHOU,USHOU,JPOSA,"Houston, TX, USHOU","Houston, TX, USHOU","Osaka, 27, JPOSA",CNNBG,YMJA,YML,51625,DRY,9,5/16/2026,6/30/2026,5/11/2026 4:10,1154,1154,235.27,235.27,1389.27,1389.27
USHOU,USLAX,JPOSA,"Houston, TX, USHOU",LALB,"Osaka, 27, JPOSA",JPUKB,YMJA,YML,51625,DRY,9,4/23/2026,5/15/2026,5/11/2026 4:10,1530,1530,316.02,316.02,1846.02,1846.02
USHOU,USLAX,JPOSA,"Houston, TX, USHOU",LALB,"Osaka, 27, JPOSA",JPUKB,YMJA,YML,51625,DRY,9,5/16/2026,6/30/2026,5/11/2026 4:10,1664,1664,316.02,316.02,1980.02,1980.02
USHOU,USLAX,JPOSA,"Houston, TX, USHOU",LALB,"Osaka, 27, JPOSA",JPUKB,ONEY,ONE,CHIM354B25,DRY,15,5/16/2026,6/30/2026,5/11/2026 4:10,1760,1760,336.45,336.45,2096.45,2096.45
USHOU,USLAX,JPOSA,"Houston, TX, USHOU",LALB,"Osaka, 27, JPOSA",JPUKB,ONEY,ONE,CHIM354B25,DRY,15,5/6/2026,5/15/2026,5/11/2026 4:10,1760,1760,336.45,336.45,2096.45,2096.45
USHOU,USLAX,JPOTK,"Houston, TX, USHOU",LALB,"Otake, 34, JPOTK",KRPUS,YMJA,YML,51625,DRY,9,4/23/2026,5/15/2026,5/11/2026 4:10,3200,3200,123.14,123.14,3323.14,3323.14
USHOU,USLAX,JPOTK,"Houston, TX, USHOU",LALB,"Otake, 34, JPOTK",KRPUS,YMJA,YML,51625,DRY,9,5/16/2026,6/30/2026,5/11/2026 4:10,3334,3334,123.14,123.14,3457.14,3457.14
USHOU,USHOU,JPSBS,"Houston, TX, USHOU","Houston, TX, USHOU","Shibushi, 46, JPSBS",JPSBS,ONEY,ONE,CHIM354B25,DRY,15,5/6/2026,6/30/2026,5/11/2026 4:10,1650,1650,336.45,336.45,1986.45,1986.45
USHOU,USHOU,JPSDJ,"Houston, TX, USHOU","Houston, TX, USHOU","Sendai, Miyagi, 4, JPSDJ",JPSDJ,ONEY,ONE,CHIM354B25,DRY,15,5/6/2026,6/30/2026,5/11/2026 4:10,1580,1580,336.45,336.45,1916.45,1916.45
USHOU,USLAX,JPSDJ,"Houston, TX, USHOU",LALB,"Sendai, Miyagi, 4, JPSDJ",KRPUS,YMJA,YML,51625,DRY,9,4/23/2026,5/15/2026,5/11/2026 4:10,3350,3350,123.14,123.14,3473.14,3473.14
USHOU,USLAX,JPSDJ,"Houston, TX, USHOU",LALB,"Sendai, Miyagi, 4, JPSDJ",KRPUS,YMJA,YML,51625,DRY,9,5/16/2026,6/30/2026,5/11/2026 4:10,3484,3484,123.14,123.14,3607.14,3607.14
USHOU,USLAX,JPSEB,"Houston, TX, USHOU",LALB,"Seibu, 13, JPSEB",JPNGO,YMJA,YML,51625,DRY,9,4/23/2026,5/15/2026,5/11/2026 4:10,1570,1570,316.02,316.02,1886.02,1886.02
USHOU,USLAX,JPSEB,"Houston, TX, USHOU",LALB,"Seibu, 13, JPSEB",JPNGO,YMJA,YML,51625,DRY,9,5/16/2026,6/30/2026,5/11/2026 4:10,1704,1704,316.02,316.02,2020.02,2020.02
USHOU,USLAX,JPSEN,"Houston, TX, USHOU",LALB,"Satsumasendai, 46, JPSEN",KRPUS,YMJA,YML,51625,DRY,9,4/23/2026,5/15/2026,5/11/2026 4:10,3230,3230,123.14,123.14,3353.14,3353.14
USHOU,USLAX,JPSEN,"Houston, TX, USHOU",LALB,"Satsumasendai, 46, JPSEN",KRPUS,YMJA,YML,51625,DRY,9,5/16/2026,6/30/2026,5/11/2026 4:10,3364,3364,123.14,123.14,3487.14,3487.14
USHOU,USLAX,JPSHS,"Houston, TX, USHOU",LALB,"Shimonoseki, 35, JPSHS",KRPUS,YMJA,YML,51625,DRY,9,4/23/2026,5/15/2026,5/11/2026 4:10,3070,3070,123.14,123.14,3193.14,3193.14
USHOU,USLAX,JPSHS,"Houston, TX, USHOU",LALB,"Shimonoseki, 35, JPSHS",KRPUS,YMJA,YML,51625,DRY,9,5/16/2026,6/30/2026,5/11/2026 4:10,3204,3204,123.14,123.14,3327.14,3327.14
USHOU,USHOU,JPSMN,"Houston, TX, USHOU","Houston, TX, USHOU","Sakaiminato, 31, JPSMN",JPSMN,ONEY,ONE,CHIM354B25,DRY,15,5/6/2026,6/30/2026,5/7/2026 3:45,1890,1890,0,0,1890,1890
USHOU,USHOU,JPSMZ,"Houston, TX, USHOU","Houston, TX, USHOU","Shimizu, 22, JPSMZ",JPSMZ,ONEY,ONE,CHIM354B25,DRY,15,5/6/2026,6/30/2026,5/11/2026 4:10,750,750,336.45,336.45,1086.45,1086.45
USHOU,USLAX,JPSMZ,"Houston, TX, USHOU",LALB,"Shimizu, 22, JPSMZ",JPSMZ,YMJA,YML,51625,DRY,9,4/23/2026,5/15/2026,5/11/2026 4:10,1250,1250,316.02,316.02,1566.02,1566.02
USHOU,USLAX,JPSMZ,"Houston, TX, USHOU",LALB,"Shimizu, 22, JPSMZ",JPSMZ,YMJA,YML,51625,DRY,9,5/16/2026,6/30/2026,5/11/2026 4:10,1384,1384,316.02,316.02,1700.02,1700.02
USHOU,USLAX,JPTAK,"Houston, TX, USHOU",LALB,"Takamatsu, 37, JPTAK",KRPUS,YMJA,YML,51625,DRY,9,4/23/2026,5/15/2026,5/11/2026 4:10,3120,3120,123.14,123.14,3243.14,3243.14
USHOU,USLAX,JPTAK,"Houston, TX, USHOU",LALB,"Takamatsu, 37, JPTAK",KRPUS,YMJA,YML,51625,DRY,9,5/16/2026,6/30/2026,5/11/2026 4:10,3254,3254,123.14,123.14,3377.14,3377.14
USHOU,USLAX,JPTHS,"Houston, TX, USHOU",LALB,"Toyohashi, 23, JPTHS",KRPUS,YMJA,YML,51625,DRY,9,4/23/2026,5/15/2026,5/11/2026 4:10,2210,2210,123.14,123.14,2333.14,2333.14
USHOU,USLAX,JPTHS,"Houston, TX, USHOU",LALB,"Toyohashi, 23, JPTHS",KRPUS,YMJA,YML,51625,DRY,9,5/16/2026,6/30/2026,5/11/2026 4:10,2344,2344,123.14,123.14,2467.14,2467.14
USHOU,USHOU,JPTKS,"Houston, TX, USHOU","Houston, TX, USHOU","Tokushima, 36, JPTKS",JPTKS,ONEY,ONE,CHIM354B25,DRY,15,5/6/2026,6/30/2026,5/11/2026 4:10,2250,2250,336.45,336.45,2586.45,2586.45
USHOU,USLAX,JPTKS,"Houston, TX, USHOU",LALB,"Tokushima, 36, JPTKS",KRPUS,YMJA,YML,51625,DRY,9,4/23/2026,5/15/2026,5/11/2026 4:10,3100,3100,123.14,123.14,3223.14,3223.14
USHOU,USLAX,JPTKS,"Houston, TX, USHOU",LALB,"Tokushima, 36, JPTKS",KRPUS,YMJA,YML,51625,DRY,9,5/16/2026,6/30/2026,5/11/2026 4:10,3234,3234,123.14,123.14,3357.14,3357.14
USHOU,USLAX,JPTKY,"Houston, TX, USHOU",LALB,"Tokuyama, 35, JPTKY",KRPUS,YMJA,YML,51625,DRY,9,4/23/2026,5/15/2026,5/11/2026 4:10,2890,2890,123.14,123.14,3013.14,3013.14
USHOU,USLAX,JPTKY,"Houston, TX, USHOU",LALB,"Tokuyama, 35, JPTKY",KRPUS,YMJA,YML,51625,DRY,9,5/16/2026,6/30/2026,5/11/2026 4:10,3024,3024,123.14,123.14,3147.14,3147.14
USHOU,USHOU,JPTMK,"Houston, TX, USHOU","Houston, TX, USHOU","Tomakomai, 1, JPTMK",JPTMK,ONEY,ONE,CHIM354B25,DRY,15,5/6/2026,6/30/2026,5/11/2026 4:10,2050,2050,336.45,336.45,2386.45,2386.45
USHOU,USLAX,JPTMK,"Houston, TX, USHOU",LALB,"Tomakomai, 1, JPTMK",KRPUS,YMJA,YML,51625,DRY,9,4/23/2026,5/15/2026,5/11/2026 4:10,2825,2825,123.14,123.14,2948.14,2948.14
USHOU,USLAX,JPTMK,"Houston, TX, USHOU",LALB,"Tomakomai, 1, JPTMK",KRPUS,YMJA,YML,51625,DRY,9,5/16/2026,6/30/2026,5/11/2026 4:10,2959,2959,123.14,123.14,3082.14,3082.14
USHOU,USLAX,JPTOY,"Houston, TX, USHOU",LALB,"Toyama, 16, JPTOY",KRPUS,YMJA,YML,51625,DRY,9,4/23/2026,5/15/2026,5/11/2026 4:10,3040,3040,123.14,123.14,3163.14,3163.14
USHOU,USLAX,JPTOY,"Houston, TX, USHOU",LALB,"Toyama, 16, JPTOY",KRPUS,YMJA,YML,51625,DRY,9,5/16/2026,6/30/2026,5/11/2026 4:10,3174,3174,123.14,123.14,3297.14,3297.14
USHOU,USLAX,JPTRG,"Houston, TX, USHOU",LALB,"Tsuruga, 18, JPTRG",KRPUS,YMJA,YML,51625,DRY,9,4/23/2026,5/15/2026,5/11/2026 4:10,2960,2960,123.14,123.14,3083.14,3083.14
USHOU,USLAX,JPTRG,"Houston, TX, USHOU",LALB,"Tsuruga, 18, JPTRG",KRPUS,YMJA,YML,51625,DRY,9,5/16/2026,6/30/2026,5/11/2026 4:10,3094,3094,123.14,123.14,3217.14,3217.14
USHOU,USHOU,JPTYO,"Houston, TX, USHOU","Houston, TX, USHOU","Tokyo, 13, JPTYO",JPTYO,ONEY,ONE,CHIM354B25,DRY,15,5/6/2026,6/30/2026,5/11/2026 4:10,910,910,336.45,336.45,1246.45,1246.45
USHOU,USHOU,JPTYO,"Houston, TX, USHOU","Houston, TX, USHOU","Tokyo, 13, JPTYO",JPTYO,MAEU,Maersk,300094432,DRY,0,4/1/2026,9/30/2026,5/11/2026 4:10,1166,1166,341.56,341.56,1507.56,1507.56
USHOU,USLAX,JPTYO,"Houston, TX, USHOU",LALB,"Tokyo, 13, JPTYO",JPTYO,YMJA,YML,51625,DRY,9,4/23/2026,5/15/2026,5/11/2026 4:10,1250,1250,316.02,316.02,1566.02,1566.02
USHOU,USLAX,JPTYO,"Houston, TX, USHOU",LALB,"Tokyo, 13, JPTYO",JPTYO,YMJA,YML,51625,DRY,9,5/16/2026,6/30/2026,5/11/2026 4:10,1384,1384,316.02,316.02,1700.02,1700.02
USHOU,USLAX,JPTYO,"Houston, TX, USHOU",LALB,"Tokyo, 13, JPTYO",SGSIN,YMJA,YML,51625,DRY,9,4/23/2026,5/15/2026,5/11/2026 4:10,1425,1425,274.53,274.53,1699.53,1699.53
USHOU,USLAX,JPTYO,"Houston, TX, USHOU",LALB,"Tokyo, 13, JPTYO",SGSIN,YMJA,YML,51625,DRY,9,5/16/2026,6/30/2026,5/11/2026 4:10,1559,1559,274.53,274.53,1833.53,1833.53
USHOU,USLAX,JPTYO,"Houston, TX, USHOU",LALB,"Tokyo, 13, JPTYO",JPTYO,ONEY,ONE,CHIM354B25,DRY,15,5/16/2026,6/30/2026,5/11/2026 4:10,1760,1760,336.45,336.45,2096.45,2096.45
USHOU,USLAX,JPTYO,"Houston, TX, USHOU",LALB,"Tokyo, 13, JPTYO",JPTYO,ONEY,ONE,CHIM354B25,DRY,15,5/6/2026,5/15/2026,5/11/2026 4:10,1760,1760,336.45,336.45,2096.45,2096.45
USHOU,USHOU,JPUKB,"Houston, TX, USHOU","Houston, TX, USHOU","Kobe, 28, JPUKB",JPUKB,ONEY,ONE,CHIM354B25,DRY,15,5/6/2026,6/30/2026,5/11/2026 4:10,910,910,336.45,336.45,1246.45,1246.45
USHOU,USHOU,JPUKB,"Houston, TX, USHOU","Houston, TX, USHOU","Kobe, 28, JPUKB",JPUKB,MAEU,Maersk,300094432,DRY,0,4/1/2026,9/30/2026,5/11/2026 4:10,1001,1001,341.56,341.56,1342.56,1342.56
USHOU,USHOU,JPUKB,"Houston, TX, USHOU","Houston, TX, USHOU","Kobe, 28, JPUKB",JPUKB,EGLV,EMC,SC103574,DRY,4,5/1/2026,6/30/2026,5/11/2026 4:10,1100,1100,306.44,306.44,1406.44,1406.44
USHOU,USLAX,JPUKB,"Houston, TX, USHOU",LALB,"Kobe, 28, JPUKB",JPUKB,YMJA,YML,51625,DRY,9,4/23/2026,5/15/2026,5/11/2026 4:10,1250,1250,316.02,316.02,1566.02,1566.02
USHOU,USLAX,JPUKB,"Houston, TX, USHOU",LALB,"Kobe, 28, JPUKB",JPUKB,YMJA,YML,51625,DRY,9,5/16/2026,6/30/2026,5/11/2026 4:10,1384,1384,316.02,316.02,1700.02,1700.02
USHOU,USLAX,JPUKB,"Houston, TX, USHOU",LALB,"Kobe, 28, JPUKB",SGSIN,YMJA,YML,51625,DRY,9,4/23/2026,5/15/2026,5/11/2026 4:10,1425,1425,274.53,274.53,1699.53,1699.53
USHOU,USLAX,JPUKB,"Houston, TX, USHOU",LALB,"Kobe, 28, JPUKB",SGSIN,YMJA,YML,51625,DRY,9,5/16/2026,6/30/2026,5/11/2026 4:10,1559,1559,274.53,274.53,1833.53,1833.53
USHOU,USLAX,JPUKB,"Houston, TX, USHOU",LALB,"Kobe, 28, JPUKB",JPUKB,ONEY,ONE,CHIM354B25,DRY,15,5/6/2026,5/15/2026,5/11/2026 4:10,1760,1760,336.45,336.45,2096.45,2096.45
USHOU,USLAX,JPUKB,"Houston, TX, USHOU",LALB,"Kobe, 28, JPUKB",JPUKB,ONEY,ONE,CHIM354B25,DRY,15,5/16/2026,6/30/2026,5/11/2026 4:10,1760,1760,336.45,336.45,2096.45,2096.45
USHOU,USHOU,JPYKK,"Houston, TX, USHOU","Houston, TX, USHOU","Yokkaichi, 24, JPYKK","Nagoya, JP",MAEU,Maersk,300094432,DRY,0,4/1/2026,9/30/2026,5/11/2026 4:10,1453.18,1453.18,341.56,341.56,1794.74,1794.74
USHOU,USLAX,JPYKK,"Houston, TX, USHOU",LALB,"Yokkaichi, 24, JPYKK",KRPUS,YMJA,YML,51625,DRY,9,4/23/2026,5/15/2026,5/11/2026 4:10,3150,3150,123.14,123.14,3273.14,3273.14
USHOU,USLAX,JPYKK,"Houston, TX, USHOU",LALB,"Yokkaichi, 24, JPYKK",KRPUS,YMJA,YML,51625,DRY,9,5/16/2026,6/30/2026,5/11/2026 4:10,3284,3284,123.14,123.14,3407.14,3407.14
USHOU,USHOU,JPYOK,"Houston, TX, USHOU","Houston, TX, USHOU","Yokohama, 14, JPYOK",JPYOK,ONEY,ONE,CHIM354B25,DRY,15,5/6/2026,6/30/2026,5/11/2026 4:10,750,750,336.45,336.45,1086.45,1086.45
USHOU,USLAX,KRDDC,"Houston, TX, USHOU",LALB,"Dongducheon, 41, KRDDC",KRPUS,YMJA,YML,51625,DRY,9,4/23/2026,5/15/2026,5/11/2026 4:10,2075,2075,123.14,123.14,2198.14,2198.14
USHOU,USLAX,KRDDC,"Houston, TX, USHOU",LALB,"Dongducheon, 41, KRDDC",KRPUS,YMJA,YML,51625,DRY,9,5/16/2026,6/30/2026,5/11/2026 4:10,2209,2209,123.14,123.14,2332.14,2332.14
USHOU,USLAX,KRINC,"Houston, TX, USHOU",LALB,"Incheon, 28, KRINC",KRINC,YMJA,YML,51625,DRY,9,4/23/2026,5/15/2026,5/11/2026 4:10,1250,1250,123.14,123.14,1373.14,1373.14
USHOU,USLAX,KRINC,"Houston, TX, USHOU",LALB,"Incheon, 28, KRINC",KRINC,YMJA,YML,51625,DRY,9,5/16/2026,6/30/2026,5/11/2026 4:10,1384,1384,123.14,123.14,1507.14,1507.14
USHOU,USLAX,KRINC,"Houston, TX, USHOU",LALB,"Incheon, 28, KRINC",KRKAN,YMJA,YML,51625,DRY,9,4/23/2026,5/15/2026,5/10/2026 3:45,1535,1535,0,0,1535,1535
USHOU,USLAX,KRINC,"Houston, TX, USHOU",LALB,"Incheon, 28, KRINC",KRKAN,YMJA,YML,51625,DRY,9,5/16/2026,6/30/2026,5/10/2026 3:45,1669,1669,0,0,1669,1669
USHOU,USLAX,KRINC,"Houston, TX, USHOU",LALB,"Incheon, 28, KRINC",KRKAN,YMJA,YML,51625,DRY,9,4/23/2026,5/15/2026,5/11/2026 4:10,2055,2055,123.14,123.14,2178.14,2178.14
USHOU,USLAX,KRINC,"Houston, TX, USHOU",LALB,"Incheon, 28, KRINC",KRPUS,YMJA,YML,51625,DRY,9,4/23/2026,5/15/2026,5/11/2026 4:10,2055,2055,123.14,123.14,2178.14,2178.14
USHOU,USLAX,KRINC,"Houston, TX, USHOU",LALB,"Incheon, 28, KRINC",KRPUS,YMJA,YML,51625,DRY,9,5/16/2026,6/30/2026,5/11/2026 4:10,2189,2189,123.14,123.14,2312.14,2312.14
USHOU,USLAX,KRINC,"Houston, TX, USHOU",LALB,"Incheon, 28, KRINC",KRKAN,YMJA,YML,51625,DRY,9,5/16/2026,6/30/2026,5/11/2026 4:10,2189,2189,123.14,123.14,2312.14,2312.14
USHOU,USHOU,KRKAN,"Houston, TX, USHOU","Houston, TX, USHOU","Gwangyang, 46, KRKAN",KRKAN,ONEY,ONE,CHIM354B25,DRY,15,5/6/2026,6/30/2026,5/11/2026 4:10,600,600,167.56,167.54,767.56,767.54
USHOU,USHOU,KRKAN,"Houston, TX, USHOU","Houston, TX, USHOU","Gwangyang, 46, KRKAN",KRKAN,MAEU,Maersk,300094432,DRY,0,4/1/2026,9/30/2026,5/11/2026 4:10,688,688,177.86,177.86,865.86,865.86
USHOU,USLAX,KRKAN,"Houston, TX, USHOU",LALB,"Gwangyang, 46, KRKAN",KRKAN,YMJA,YML,51625,DRY,9,4/23/2026,5/15/2026,5/10/2026 3:45,1250,1250,0,0,1250,1250
USHOU,USLAX,KRKAN,"Houston, TX, USHOU",LALB,"Gwangyang, 46, KRKAN",KRKAN,YMJA,YML,51625,DRY,9,5/16/2026,6/30/2026,5/10/2026 3:45,1384,1384,0,0,1384,1384
USHOU,USLAX,KRKAN,"Houston, TX, USHOU",LALB,"Gwangyang, 46, KRKAN",KRPUS,YMJA,YML,51625,DRY,9,4/23/2026,5/15/2026,5/11/2026 4:10,1525,1525,123.14,123.14,1648.14,1648.14
USHOU,USHOU,KRKAN,"Houston, TX, USHOU","Houston, TX, USHOU","Gwangyang, 46, KRKAN",KRKAN,CMDU,CMA,25-0720,DRY,12,4/18/2026,6/30/2026,5/11/2026 4:10,1610,1610,133.04,133.04,1743.04,1743.04
USHOU,USLAX,KRKAN,"Houston, TX, USHOU",LALB,"Gwangyang, 46, KRKAN",KRPUS,YMJA,YML,51625,DRY,9,5/16/2026,6/30/2026,5/11/2026 4:10,1659,1659,123.14,123.14,1782.14,1782.14
USHOU,USLAX,KRKAN,"Houston, TX, USHOU",LALB,"Gwangyang, 46, KRKAN",KRKAN,ONEY,ONE,CHIM354B25,DRY,15,5/16/2026,6/30/2026,5/11/2026 4:10,2210,2210,167.56,167.54,2377.56,2377.54
USHOU,USLAX,KRKAN,"Houston, TX, USHOU",LALB,"Gwangyang, 46, KRKAN",KRKAN,ONEY,ONE,CHIM354B25,DRY,15,5/6/2026,5/15/2026,5/11/2026 4:10,2210,2210,167.56,167.54,2377.56,2377.54
USHOU,USLAX,KRPOC,"Houston, TX, USHOU",LALB,"Pocheon, 41, KRPOC",KRPUS,YMJA,YML,51625,DRY,9,4/23/2026,5/15/2026,5/11/2026 4:10,2085,2085,123.14,123.14,2208.14,2208.14
USHOU,USLAX,KRPOC,"Houston, TX, USHOU",LALB,"Pocheon, 41, KRPOC",KRPUS,YMJA,YML,51625,DRY,9,5/16/2026,6/30/2026,5/11/2026 4:10,2219,2219,123.14,123.14,2342.14,2342.14
USHOU,USHOU,KRPUS,"Houston, TX, USHOU","Houston, TX, USHOU","Busan, 26, KRPUS",KRPUS,OOLU,OOCL,MT256104,DRY,16,4/1/2026,6/30/2026,5/11/2026 4:10,373,373,129.98,129.98,502.98,502.98
USHOU,USHOU,KRPUS,"Houston, TX, USHOU","Houston, TX, USHOU","Busan, 26, KRPUS",KRPUS,ONEY,ONE,CHIM354B25,DRY,15,5/6/2026,6/30/2026,5/11/2026 4:10,510,510,171.74,171.73,681.74,681.73
USHOU,USHOU,KRPUS,"Houston, TX, USHOU","Houston, TX, USHOU","Busan, 26, KRPUS",KRPUS,MAEU,Maersk,300094432,DRY,0,4/1/2026,9/30/2026,5/11/2026 4:10,613,613,177.86,177.86,790.86,790.86
USHOU,USHOU,KRPUS,"Houston, TX, USHOU","Houston, TX, USHOU","Busan, 26, KRPUS",KRPUS,YMJA,YML,51625,DRY,9,4/23/2026,5/15/2026,5/11/2026 4:10,650,650,123.14,123.14,773.14,773.14
USHOU,USHOU,KRPUS,"Houston, TX, USHOU","Houston, TX, USHOU","Busan, 26, KRPUS",KRPUS,YMJA,YML,51625,DRY,9,5/16/2026,6/30/2026,5/11/2026 4:10,784,784,123.14,123.14,907.14,907.14
USHOU,USLGB,KRPUS,"Houston, TX, USHOU",LALB,"Busan, 26, KRPUS",KRPUS,OOLU,OOCL,MT256104,DRY,16,4/1/2026,6/30/2026,5/11/2026 4:10,1060,1060,129.98,129.98,1189.98,1189.98
USHOU,USLAX,KRPUS,"Houston, TX, USHOU",LALB,"Busan, 26, KRPUS",KRPUS,OOLU,OOCL,MT256104,DRY,16,4/1/2026,6/30/2026,5/11/2026 4:10,1060,1060,129.98,129.98,1189.98,1189.98
USHOU,USLAX,KRPUS,"Houston, TX, USHOU",LALB,"Busan, 26, KRPUS",KRPUS,YMJA,YML,51625,DRY,9,4/23/2026,5/15/2026,5/11/2026 4:10,1250,1250,123.14,123.14,1373.14,1373.14
USHOU,USLAX,KRPUS,"Houston, TX, USHOU",LALB,"Busan, 26, KRPUS",KRPUS,YMJA,YML,51625,DRY,9,5/16/2026,6/30/2026,5/11/2026 4:10,1384,1384,123.14,123.14,1507.14,1507.14
USHOU,USLAX,KRPUS,"Houston, TX, USHOU",LALB,"Busan, 26, KRPUS",SGSIN,YMJA,YML,51625,DRY,9,4/23/2026,5/15/2026,5/11/2026 4:10,1570,1570,274.53,274.53,1844.53,1844.53
USHOU,USLAX,KRPUS,"Houston, TX, USHOU",LALB,"Busan, 26, KRPUS",SGSIN,YMJA,YML,51625,DRY,9,5/16/2026,6/30/2026,5/11/2026 4:10,1704,1704,274.53,274.53,1978.53,1978.53
USHOU,USLAX,KRPUS,"Houston, TX, USHOU",LALB,"Busan, 26, KRPUS",KRPUS,ONEY,ONE,CHIM354B25,DRY,15,5/6/2026,5/15/2026,5/11/2026 4:10,2010,2010,171.74,171.73,2181.74,2181.73
USHOU,USLAX,KRPUS,"Houston, TX, USHOU",LALB,"Busan, 26, KRPUS",KRPUS,ONEY,ONE,CHIM354B25,DRY,15,5/16/2026,6/30/2026,5/11/2026 4:10,2010,2010,171.74,171.73,2181.74,2181.73
USHOU,USLAX,KRSEJ,"Houston, TX, USHOU",LALB,"Seongju-gun, 47, KRSEJ",KRPUS,YMJA,YML,51625,DRY,9,4/23/2026,5/15/2026,5/11/2026 4:10,1750,1750,123.14,123.14,1873.14,1873.14
USHOU,USLAX,KRSEJ,"Houston, TX, USHOU",LALB,"Seongju-gun, 47, KRSEJ",KRPUS,YMJA,YML,51625,DRY,9,5/16/2026,6/30/2026,5/11/2026 4:10,1884,1884,123.14,123.14,2007.14,2007.14
USHOU,USLAX,KRYSN,"Houston, TX, USHOU",LALB,"Yangsan, 48, KRYSN",KRPUS,YMJA,YML,51625,DRY,9,4/23/2026,5/15/2026,5/11/2026 4:10,1575,1575,123.14,123.14,1698.14,1698.14
USHOU,USLAX,KRYSN,"Houston, TX, USHOU",LALB,"Yangsan, 48, KRYSN",KRPUS,YMJA,YML,51625,DRY,9,5/16/2026,6/30/2026,5/11/2026 4:10,1709,1709,123.14,123.14,1832.14,1832.14
USHOU,USLAX,KRYYU,"Houston, TX, USHOU",LALB,"Yangju, 41, KRYYU",KRPUS,YMJA,YML,51625,DRY,9,4/23/2026,5/15/2026,5/11/2026 4:10,2155,2155,123.14,123.14,2278.14,2278.14
USHOU,USLAX,KRYYU,"Houston, TX, USHOU",LALB,"Yangju, 41, KRYYU",KRPUS,YMJA,YML,51625,DRY,9,5/16/2026,6/30/2026,5/11/2026 4:10,2289,2289,123.14,123.14,2412.14,2412.14
USHOU,USLAX,LKCMB,"Houston, TX, USHOU",LALB,"Colombo, , LKCMB",LKCMB,ONEY,ONE,CHIM354B25,DRY,15,5/6/2026,5/15/2026,5/7/2026 3:45,2460,2460,0,0,2460,2460
USHOU,USLAX,LKCMB,"Houston, TX, USHOU",LALB,"Colombo, , LKCMB",LKCMB,ONEY,ONE,CHIM354B25,DRY,15,5/16/2026,6/30/2026,5/7/2026 3:45,2460,2460,0,0,2460,2460
USHOU,USLAX,MYKCH,"Houston, TX, USHOU",LALB,"Kuching, Sarawak, , MYKCH",SGSIN,YMJA,YML,51625,DRY,9,4/23/2026,5/15/2026,5/11/2026 4:10,2215,2215,274.53,274.53,2489.53,2489.53
USHOU,USLAX,MYKCH,"Houston, TX, USHOU",LALB,"Kuching, Sarawak, , MYKCH",SGSIN,YMJA,YML,51625,DRY,9,5/16/2026,6/30/2026,5/11/2026 4:10,2349,2349,274.53,274.53,2623.53,2623.53
USHOU,USHOU,MYPEN,"Houston, TX, USHOU","Houston, TX, USHOU","Penang, , MYPEN",MYPEN,MAEU,Maersk,300094432,DRY,0,4/1/2026,9/30/2026,5/11/2026 4:10,1033,1033,252.48,252.48,1285.48,1285.48
USHOU,USLGB,MYPEN,"Houston, TX, USHOU",LALB,"Penang, , MYPEN",MYPEN,OOLU,OOCL,MT256104,DRY,16,4/1/2026,6/30/2026,5/11/2026 4:10,1235,1235,204.03,216.78,1439.03,1451.78
USHOU,USLAX,MYPEN,"Houston, TX, USHOU",LALB,"Penang, , MYPEN",MYPEN,OOLU,OOCL,MT256104,DRY,16,4/1/2026,6/30/2026,5/11/2026 4:10,1235,1235,204.03,216.78,1439.03,1451.78
USHOU,USHOU,MYPEN,"Houston, TX, USHOU","Houston, TX, USHOU","Penang, , MYPEN",CNSHA,YMJA,YML,51625,DRY,9,4/23/2026,5/15/2026,5/11/2026 4:10,1245,1245,235.27,235.27,1480.27,1480.27
USHOU,USHOU,MYPEN,"Houston, TX, USHOU","Houston, TX, USHOU","Penang, , MYPEN",MYPEN,ONEY,ONE,CHIM354B25,DRY,15,5/6/2026,6/30/2026,5/11/2026 4:10,1350,1350,217.29,217.29,1567.29,1567.29
USHOU,USHOU,MYPEN,"Houston, TX, USHOU","Houston, TX, USHOU","Penang, , MYPEN",CNSHA,YMJA,YML,51625,DRY,9,5/16/2026,6/30/2026,5/11/2026 4:10,1379,1379,235.27,235.27,1614.27,1614.27
USHOU,USHOU,MYPEN,"Houston, TX, USHOU","Houston, TX, USHOU","Penang, , MYPEN",MYPEN,OOLU,OOCL,MT256104,DRY,16,4/1/2026,6/30/2026,5/11/2026 4:10,1888,1888,204.03,216.78,2092.03,2104.78
USHOU,USHOU,MYPEN,"Houston, TX, USHOU","Houston, TX, USHOU","Penang, , MYPEN",MYPEN,MSCU,MSC,25-348WCSA,DRY,7,5/1/2026,5/31/2026,5/11/2026 4:10,1945,1945,195.1,195.1,2140.1,2140.1
USHOU,USHOU,MYPEN,"Houston, TX, USHOU","Houston, TX, USHOU","Penang, , MYPEN",MYPEN,MSCU,MSC,25-348WCSA,DRY,7,6/1/2026,6/30/2026,5/11/2026 4:10,1985,1985,195.1,195.1,2180.1,2180.1
USHOU,USLAX,MYPEN,"Houston, TX, USHOU",LALB,"Penang, , MYPEN",SGSIN,YMJA,YML,51625,DRY,9,4/23/2026,5/15/2026,5/11/2026 4:10,1995,1995,274.53,274.53,2269.53,2269.53
USHOU,USLAX,MYPEN,"Houston, TX, USHOU",LALB,"Penang, , MYPEN",SGSIN,YMJA,YML,51625,DRY,9,5/16/2026,6/30/2026,5/11/2026 4:10,2129,2129,274.53,274.53,2403.53,2403.53
USHOU,USLAX,MYPEN,"Houston, TX, USHOU",LALB,"Penang, , MYPEN",MYPEN,ONEY,ONE,CHIM354B25,DRY,15,5/6/2026,5/15/2026,5/11/2026 4:10,2310,2310,217.29,217.29,2527.29,2527.29
USHOU,USLAX,MYPEN,"Houston, TX, USHOU",LALB,"Penang, , MYPEN",MYPEN,ONEY,ONE,CHIM354B25,DRY,15,5/16/2026,6/30/2026,5/11/2026 4:10,2310,2310,217.29,217.29,2527.29,2527.29
USHOU,USHOU,MYPGU,"Houston, TX, USHOU","Houston, TX, USHOU","Pasir Gudang, Johor, , MYPGU","Tanjung Pelepas, MY",MAEU,Maersk,300094432,DRY,0,4/1/2026,9/30/2026,5/11/2026 4:10,1033,1033,248.66,248.66,1281.66,1281.66
USHOU,USHOU,MYPGU,"Houston, TX, USHOU","Houston, TX, USHOU","Pasir Gudang, Johor, , MYPGU",CNSHA,YMJA,YML,51625,DRY,9,4/23/2026,5/15/2026,5/11/2026 4:10,1100,1100,235.27,235.27,1335.27,1335.27
USHOU,USHOU,MYPGU,"Houston, TX, USHOU","Houston, TX, USHOU","Pasir Gudang, Johor, , MYPGU",MYPGU,CMDU,CMA,25-0720,DRY,12,4/18/2026,6/30/2026,5/11/2026 4:10,1110,1110,182.86,182.86,1292.86,1292.86
USHOU,USHOU,MYPGU,"Houston, TX, USHOU","Houston, TX, USHOU","Pasir Gudang, Johor, , MYPGU",CNSHA,YMJA,YML,51625,DRY,9,5/16/2026,6/30/2026,5/11/2026 4:10,1234,1234,235.27,235.27,1469.27,1469.27
USHOU,USHOU,MYPGU,"Houston, TX, USHOU","Houston, TX, USHOU","Pasir Gudang, Johor, , MYPGU",MYPGU,ONEY,ONE,CHIM354B25,DRY,15,5/6/2026,6/30/2026,5/11/2026 4:10,1350,1350,193.06,193.06,1543.06,1543.06
USHOU,USLGB,MYPGU,"Houston, TX, USHOU",LALB,"Pasir Gudang, Johor, , MYPGU",MYPGU,OOLU,OOCL,MT256104,DRY,16,4/1/2026,6/30/2026,5/11/2026 4:10,1640,1640,173.42,173.42,1813.42,1813.42
USHOU,USLAX,MYPGU,"Houston, TX, USHOU",LALB,"Pasir Gudang, Johor, , MYPGU",MYPGU,OOLU,OOCL,MT256104,DRY,16,4/1/2026,6/30/2026,5/11/2026 4:10,1640,1640,173.42,173.42,1813.42,1813.42
USHOU,USLAX,MYPGU,"Houston, TX, USHOU",LALB,"Pasir Gudang, Johor, , MYPGU",SGSIN,YMJA,YML,51625,DRY,9,4/23/2026,5/15/2026,5/11/2026 4:10,1850,1850,274.53,274.53,2124.53,2124.53
USHOU,USHOU,MYPGU,"Houston, TX, USHOU","Houston, TX, USHOU","Pasir Gudang, Johor, , MYPGU",MYPGU,OOLU,OOCL,MT256104,DRY,16,4/1/2026,6/30/2026,5/11/2026 4:10,1888,1888,173.42,173.42,2061.42,2061.42
USHOU,USHOU,MYPGU,"Houston, TX, USHOU","Houston, TX, USHOU","Pasir Gudang, Johor, , MYPGU",MYPGU,MSCU,MSC,25-348WCSA,DRY,7,5/1/2026,5/31/2026,5/11/2026 4:10,1945,1945,180.06,180.06,2125.06,2125.06
USHOU,USLAX,MYPGU,"Houston, TX, USHOU",LALB,"Pasir Gudang, Johor, , MYPGU",SGSIN,YMJA,YML,51625,DRY,9,5/16/2026,6/30/2026,5/11/2026 4:10,1984,1984,274.53,274.53,2258.53,2258.53
USHOU,USHOU,MYPGU,"Houston, TX, USHOU","Houston, TX, USHOU","Pasir Gudang, Johor, , MYPGU",MYPGU,MSCU,MSC,25-348WCSA,DRY,7,6/1/2026,6/30/2026,5/11/2026 4:10,1985,1985,180.06,180.06,2165.06,2165.06
USHOU,USLAX,MYPGU,"Houston, TX, USHOU",LALB,"Pasir Gudang, Johor, , MYPGU",MYPGU,ONEY,ONE,CHIM354B25,DRY,15,5/16/2026,6/30/2026,5/11/2026 4:10,2310,2310,193.06,193.06,2503.06,2503.06
USHOU,USLAX,MYPGU,"Houston, TX, USHOU",LALB,"Pasir Gudang, Johor, , MYPGU",MYPGU,ONEY,ONE,CHIM354B25,DRY,15,5/6/2026,5/15/2026,5/11/2026 4:10,2310,2310,193.06,193.06,2503.06,2503.06
USHOU,USHOU,MYPKG,"Houston, TX, USHOU","Houston, TX, USHOU","Port Klang, 10, MYPKG",MYPKG,ONEY,ONE,CHIM354B25,DRY,15,5/6/2026,6/30/2026,5/11/2026 4:10,600,600,191.79,191.79,791.79,791.79
USHOU,USHOU,MYPKG,"Houston, TX, USHOU","Houston, TX, USHOU","Port Klang, 10, MYPKG",MYPKG,OOLU,OOCL,MT256104,DRY,16,4/1/2026,6/30/2026,5/11/2026 4:10,698,698,299.16,299.16,997.16,997.16
USHOU,USHOU,MYPKG,"Houston, TX, USHOU","Houston, TX, USHOU","Port Klang, 10, MYPKG",CNSHA,YMJA,YML,51625,DRY,9,4/23/2026,5/15/2026,5/11/2026 4:10,910,910,235.27,235.27,1145.27,1145.27
USHOU,USHOU,MYPKG,"Houston, TX, USHOU","Houston, TX, USHOU","Port Klang, 10, MYPKG",CNNBG,YMJA,YML,51625,DRY,9,4/23/2026,5/15/2026,5/11/2026 4:10,910,910,235.27,235.27,1145.27,1145.27
USHOU,USHOU,MYPKG,"Houston, TX, USHOU","Houston, TX, USHOU","Port Klang, 10, MYPKG",MYPKG,MAEU,Maersk,300094432,DRY,0,4/1/2026,9/30/2026,5/11/2026 4:10,952,952,226.98,226.98,1178.98,1178.98
USHOU,USHOU,MYPKG,"Houston, TX, USHOU","Houston, TX, USHOU","Port Klang, 10, MYPKG",CNNBG,YMJA,YML,51625,DRY,9,5/16/2026,6/30/2026,5/11/2026 4:10,1044,1044,235.27,235.27,1279.27,1279.27
USHOU,USHOU,MYPKG,"Houston, TX, USHOU","Houston, TX, USHOU","Port Klang, 10, MYPKG",CNSHA,YMJA,YML,51625,DRY,9,5/16/2026,6/30/2026,5/11/2026 4:10,1044,1044,235.27,235.27,1279.27,1279.27
USHOU,USHOU,MYPKG,"Houston, TX, USHOU","Houston, TX, USHOU","Port Klang, 10, MYPKG",CNSHA,YMJA,YML,51625,DRY,9,4/23/2026,5/15/2026,5/11/2026 4:10,1100,1100,235.27,235.27,1335.27,1335.27
USHOU,USLAX,MYPKG,"Houston, TX, USHOU",LALB,"Port Klang, 10, MYPKG",MYPKG,OOLU,OOCL,MT256104,DRY,16,4/1/2026,6/30/2026,5/11/2026 4:10,1100,1100,299.16,299.16,1399.16,1399.16
USHOU,USLGB,MYPKG,"Houston, TX, USHOU",LALB,"Port Klang, 10, MYPKG",MYPKG,OOLU,OOCL,MT256104,DRY,16,4/1/2026,6/30/2026,5/11/2026 4:10,1100,1100,299.16,299.16,1399.16,1399.16
USHOU,USHOU,MYPKG,"Houston, TX, USHOU","Houston, TX, USHOU","Port Klang, 10, MYPKG",CNSHA,YMJA,YML,51625,DRY,9,5/16/2026,6/30/2026,5/11/2026 4:10,1234,1234,235.27,235.27,1469.27,1469.27
USHOU,USLAX,MYPKG,"Houston, TX, USHOU",LALB,"Port Klang, 10, MYPKG",SGSIN,YMJA,YML,51625,DRY,9,4/23/2026,5/15/2026,5/11/2026 4:10,1660,1660,274.53,274.53,1934.53,1934.53
USHOU,USLAX,MYPKG,"Houston, TX, USHOU",LALB,"Port Klang, 10, MYPKG",SGSIN,YMJA,YML,51625,DRY,9,5/16/2026,6/30/2026,5/11/2026 4:10,1794,1794,274.53,274.53,2068.53,2068.53
USHOU,USLAX,MYPKG,"Houston, TX, USHOU",LALB,"Port Klang, 10, MYPKG",SGSIN,YMJA,YML,51625,DRY,9,4/23/2026,5/15/2026,5/11/2026 4:10,1850,1850,274.53,274.53,2124.53,2124.53
USHOU,USHOU,MYPKG,"Houston, TX, USHOU","Houston, TX, USHOU","Port Klang, 10, MYPKG",MYPKG,MSCU,MSC,25-348WCSA,DRY,7,5/1/2026,5/31/2026,5/11/2026 4:10,1945,1945,184.9,184.9,2129.9,2129.9
USHOU,USLAX,MYPKG,"Houston, TX, USHOU",LALB,"Port Klang, 10, MYPKG",SGSIN,YMJA,YML,51625,DRY,9,5/16/2026,6/30/2026,5/11/2026 4:10,1984,1984,274.53,274.53,2258.53,2258.53
USHOU,USHOU,MYPKG,"Houston, TX, USHOU","Houston, TX, USHOU","Port Klang, 10, MYPKG",MYPKG,MSCU,MSC,25-348WCSA,DRY,7,6/1/2026,6/30/2026,5/11/2026 4:10,1985,1985,184.9,184.9,2169.9,2169.9
USHOU,USLAX,MYPKG,"Houston, TX, USHOU",LALB,"Port Klang, 10, MYPKG",MYPKG,ONEY,ONE,CHIM354B25,DRY,15,5/16/2026,6/30/2026,5/11/2026 4:10,2310,2310,191.79,191.79,2501.79,2501.79
USHOU,USLAX,MYPKG,"Houston, TX, USHOU",LALB,"Port Klang, 10, MYPKG",MYPKG,ONEY,ONE,CHIM354B25,DRY,15,5/6/2026,5/15/2026,5/11/2026 4:10,2310,2310,191.79,191.79,2501.79,2501.79
USHOU,USHOU,MYTPP,"Houston, TX, USHOU","Houston, TX, USHOU","Tanjung Pelepas, 1, MYTPP",MYTPP,MAEU,Maersk,300094432,DRY,0,4/1/2026,9/30/2026,5/11/2026 4:10,912,912,248.66,248.66,1160.66,1160.66
USHOU,USHOU,MYTPP,"Houston, TX, USHOU","Houston, TX, USHOU","Tanjung Pelepas, 1, MYTPP",MYTPP,CMDU,CMA,25-0720,DRY,12,4/18/2026,6/30/2026,5/11/2026 4:10,1110,1110,194.59,194.59,1304.59,1304.59
USHOU,USHOU,MYTPP,"Houston, TX, USHOU","Houston, TX, USHOU","Tanjung Pelepas, 1, MYTPP",MYTPP,MSCU,MSC,25-348WCSA,DRY,7,5/1/2026,5/31/2026,5/11/2026 4:10,1945,1945,188.73,188.73,2133.73,2133.73
USHOU,USHOU,MYTPP,"Houston, TX, USHOU","Houston, TX, USHOU","Tanjung Pelepas, 1, MYTPP",MYTPP,MSCU,MSC,25-348WCSA,DRY,7,6/1/2026,6/30/2026,5/11/2026 4:10,1985,1985,188.73,188.73,2173.73,2173.73
USHOU,USHOU,NIMGA,"Houston, TX, USHOU","Houston, TX, USHOU","Managua, , NIMGA","Puerto Cortes, HN",MAEU,Maersk,300094432,DRY,0,4/1/2026,9/30/2026,4/14/2026 4:10,2386,2386,450,450,2836,2836
USHOU,USHOU,NIMGA,"Houston, TX, USHOU","Houston, TX, USHOU","Managua, , NIMGA",NIMGA,ONEY,ONE,CHIM354B25,DRY,15,5/6/2026,6/30/2026,5/10/2026 4:10,3650,3650,405,405,4055,4055
USHOU,USHOU,PAROD,"Houston, TX, USHOU","Houston, TX, USHOU","Rodman, 8, PAROD",PAROD,ONEY,ONE,CHIM354B25,DRY,15,5/6/2026,6/30/2026,5/10/2026 4:10,1100,1100,322,322,1422,1422
USHOU,USHOU,PECLL,"Houston, TX, USHOU","Houston, TX, USHOU","Callao, , PECLL",PECLL,ONEY,ONE,CHIM354B25,DRY,15,5/6/2026,6/30/2026,5/10/2026 4:10,1000,1000,105,105,1105,1105
USHOU,USHOU,PECLL,"Houston, TX, USHOU","Houston, TX, USHOU","Callao, , PECLL",PECLL,MAEU,Maersk,300094432,DRY,0,4/1/2026,9/30/2026,3/25/2026 4:10,1395,1395,110,110,1505,1505
USHOU,USHOU,PECLL,"Houston, TX, USHOU","Houston, TX, USHOU","Callao, , PECLL",PECLL,MSCU,MSC,25-348WCSA,DRY,7,5/1/2026,5/31/2026,5/10/2026 4:10,1766,1766,65,65,1831,1831
USHOU,USHOU,PECLL,"Houston, TX, USHOU","Houston, TX, USHOU","Callao, , PECLL",PECLL,MSCU,MSC,25-348WCSA,DRY,7,6/1/2026,6/30/2026,5/10/2026 4:10,2340,2340,65,65,2405,2405
USHOU,USHOU,PECLL,"Houston, TX, USHOU","Houston, TX, USHOU","Callao, , PECLL",PECLL,CMDU,CMA,25-0720,DRY,12,4/18/2026,6/30/2026,5/5/2026 4:10,2549,2549,110,110,2659,2659
USHOU,USHOU,PHCEB,"Houston, TX, USHOU","Houston, TX, USHOU","Cebu, , PHCEB",PHCEB,MAEU,Maersk,300094432,DRY,0,4/1/2026,9/30/2026,5/11/2026 4:10,1503,1503,325.09,325.09,1828.09,1828.09
USHOU,USLAX,PHCEB,"Houston, TX, USHOU",LALB,"Cebu, , PHCEB",PHCEB,OOLU,OOCL,MT256104,DRY,16,4/1/2026,6/30/2026,5/10/2026 4:10,1645,1645,236,236,1881,1881
USHOU,USLGB,PHCEB,"Houston, TX, USHOU",LALB,"Cebu, , PHCEB",PHCEB,OOLU,OOCL,MT256104,DRY,16,4/1/2026,6/30/2026,5/10/2026 4:10,1645,1645,236,236,1881,1881
USHOU,USHOU,PHCEB,"Houston, TX, USHOU","Houston, TX, USHOU","Cebu, , PHCEB",TWKHH,YMJA,YML,51625,DRY,9,4/23/2026,5/15/2026,5/11/2026 4:10,1780,1780,223.53,223.53,2003.53,2003.53
USHOU,USHOU,PHCEB,"Houston, TX, USHOU","Houston, TX, USHOU","Cebu, , PHCEB",TWKHH,YMJA,YML,51625,DRY,9,5/16/2026,6/30/2026,5/11/2026 4:10,1780,1780,223.53,223.53,2003.53,2003.53
USHOU,USLAX,PHCEB,"Houston, TX, USHOU",LALB,"Cebu, , PHCEB",TWKHH,YMJA,YML,51625,DRY,9,4/23/2026,5/15/2026,5/11/2026 4:10,2480,2480,223.53,223.53,2703.53,2703.53
USHOU,USLAX,PHCEB,"Houston, TX, USHOU",LALB,"Cebu, , PHCEB",TWKHH,YMJA,YML,51625,DRY,9,5/16/2026,6/30/2026,5/11/2026 4:10,2480,2480,223.53,223.53,2703.53,2703.53
USHOU,USHOU,PHDVO,"Houston, TX, USHOU","Houston, TX, USHOU","Davao, Mindanao, , PHDVO",PHDVO,EGLV,EMC,SC103574,DRY,4,5/1/2026,6/30/2026,5/10/2026 4:10,1400,1400,253,286,1653,1686
USHOU,USHOU,PHDVO,"Houston, TX, USHOU","Houston, TX, USHOU","Davao, Mindanao, , PHDVO",CNSHA,YMJA,YML,51625,DRY,9,4/23/2026,5/15/2026,5/11/2026 4:10,1635,1635,235.27,235.27,1870.27,1870.27
USHOU,USHOU,PHDVO,"Houston, TX, USHOU","Houston, TX, USHOU","Davao, Mindanao, , PHDVO",CNSHA,YMJA,YML,51625,DRY,9,5/16/2026,6/30/2026,5/11/2026 4:10,1769,1769,235.27,235.27,2004.27,2004.27
USHOU,USLAX,PHDVO,"Houston, TX, USHOU",LALB,"Davao, Mindanao, , PHDVO",SGSIN,YMJA,YML,51625,DRY,9,4/23/2026,5/15/2026,5/11/2026 4:10,2385,2385,274.53,274.53,2659.53,2659.53
USHOU,USLAX,PHDVO,"Houston, TX, USHOU",LALB,"Davao, Mindanao, , PHDVO",SGSIN,YMJA,YML,51625,DRY,9,5/16/2026,6/30/2026,5/11/2026 4:10,2519,2519,274.53,274.53,2793.53,2793.53
USHOU,USHOU,PHMNL,"Houston, TX, USHOU","Houston, TX, USHOU","Manila, , PHMNL",PHMNL,ONEY,ONE,CHIM354B25,DRY,15,5/6/2026,6/30/2026,5/10/2026 4:10,830,830,265,265,1095,1095
USHOU,USHOU,PHMNL,"Houston, TX, USHOU","Houston, TX, USHOU","Manila, , PHMNL",TWKHH,YMJA,YML,51625,DRY,9,4/23/2026,5/15/2026,5/11/2026 4:10,900,900,223.53,223.53,1123.53,1123.53
USHOU,USHOU,PHMNL,"Houston, TX, USHOU","Houston, TX, USHOU","Manila, , PHMNL",TWKHH,YMJA,YML,51625,DRY,9,5/16/2026,6/30/2026,5/11/2026 4:10,900,900,223.53,223.53,1123.53,1123.53
USHOU,USHOU,PHMNL,"Houston, TX, USHOU","Houston, TX, USHOU","Manila, , PHMNL",PHMNL,MAEU,Maersk,300094432,DRY,0,4/1/2026,9/30/2026,5/11/2026 4:10,1185,1185,330.09,330.09,1515.09,1515.09
USHOU,USHOU,PHMNL,"Houston, TX, USHOU","Houston, TX, USHOU","Manila, , PHMNL",PHMNL,EGLV,EMC,SC103574,DRY,4,5/1/2026,6/30/2026,5/10/2026 4:10,1550,1550,230,260,1780,1810
USHOU,USLAX,PHMNL,"Houston, TX, USHOU",LALB,"Manila, , PHMNL",TWKHH,YMJA,YML,51625,DRY,9,4/23/2026,5/15/2026,5/11/2026 4:10,1600,1600,223.53,223.53,1823.53,1823.53
USHOU,USLAX,PHMNL,"Houston, TX, USHOU",LALB,"Manila, , PHMNL",TWKHH,YMJA,YML,51625,DRY,9,5/16/2026,6/30/2026,5/11/2026 4:10,1600,1600,223.53,223.53,1823.53,1823.53
USHOU,USLAX,PHMNL,"Houston, TX, USHOU",LALB,"Manila, , PHMNL",PHMNL,OOLU,OOCL,MT256104,DRY,16,4/1/2026,6/30/2026,5/10/2026 4:10,1645,1645,236,236,1881,1881
USHOU,USLGB,PHMNL,"Houston, TX, USHOU",LALB,"Manila, , PHMNL",PHMNL,OOLU,OOCL,MT256104,DRY,16,4/1/2026,6/30/2026,5/10/2026 4:10,1645,1645,236,236,1881,1881
USHOU,USLAX,PHMNL,"Houston, TX, USHOU",LALB,"Manila, , PHMNL",PHMNL,ONEY,ONE,CHIM354B25,DRY,15,5/6/2026,5/15/2026,5/10/2026 4:10,2260,2260,265,265,2525,2525
USHOU,USLAX,PHMNL,"Houston, TX, USHOU",LALB,"Manila, , PHMNL",PHMNL,ONEY,ONE,CHIM354B25,DRY,15,5/16/2026,6/30/2026,5/10/2026 4:10,2260,2260,265,265,2525,2525
USHOU,USHOU,PHMNN,"Houston, TX, USHOU","Houston, TX, USHOU","Manila North Harbour, , PHMNN",PHMNN,MSCU,MSC,25-348WCSA,DRY,7,5/1/2026,5/31/2026,5/10/2026 4:10,1945,1945,265,265,2210,2210
USHOU,USHOU,PHMNN,"Houston, TX, USHOU","Houston, TX, USHOU","Manila North Harbour, , PHMNN",PHMNN,MSCU,MSC,25-348WCSA,DRY,7,6/1/2026,6/30/2026,5/10/2026 4:10,1985,1985,265,265,2250,2250
USHOU,USHOU,PHMNS,"Houston, TX, USHOU","Houston, TX, USHOU","Manila South Harbour, , PHMNS",PHMNS,EGLV,EMC,SC103574,DRY,4,5/1/2026,6/30/2026,5/10/2026 4:10,1550,1550,306,336,1856,1886
USHOU,USHOU,PKBQM,"Houston, TX, USHOU","Houston, TX, USHOU","Port Qasim/Karachi, SD, PKBQM","Keamari Karachi, PK",MAEU,Maersk,300094432,DRY,0,4/1/2026,9/30/2026,3/25/2026 3:45,1766,1766,0,0,1766,1766
USHOU,USHOU,PKBQM,"Houston, TX, USHOU","Houston, TX, USHOU","Port Qasim/Karachi, SD, PKBQM",PKBQM,MAEU,Maersk,300094432,DRY,0,4/1/2026,9/30/2026,3/25/2026 3:45,1766,1766,0,0,1766,1766
USHOU,USHOU,PKBQM,"Houston, TX, USHOU","Houston, TX, USHOU","Port Qasim/Karachi, SD, PKBQM",PKBQM,CMDU,CMA,25-0720,DRY,12,4/18/2026,6/30/2026,5/5/2026 3:45,2810,2810,0,0,2810,2810
USHOU,USHOU,PKKHI,"Houston, TX, USHOU","Houston, TX, USHOU","Karachi, SD, PKKHI",PKKHI,EGLV,EMC,SC103574,DRY,4,5/1/2026,6/30/2026,5/10/2026 3:45,2080,2080,0,0,2080,2080
USHOU,USLAX,PKKHI,"Houston, TX, USHOU",LALB,"Karachi, SD, PKKHI",PKKHI,ONEY,ONE,CHIM354B25,DRY,15,5/16/2026,6/30/2026,5/10/2026 4:10,2960,2960,428,428,3388,3388
USHOU,USLAX,PKKHI,"Houston, TX, USHOU",LALB,"Karachi, SD, PKKHI",PKKHI,ONEY,ONE,CHIM354B25,DRY,15,5/6/2026,5/15/2026,5/10/2026 4:10,2960,2960,428,428,3388,3388
USHOU,USHOU,PTLEI,"Houston, TX, USHOU","Houston, TX, USHOU","Leixoes, 13, PTLEI",PTLEI,OOLU,OOCL,MT256104,DRY,16,4/1/2026,6/30/2026,5/10/2026 3:45,1503,1503,0,0,1503,1503
USHOU,USHOU,PTLEI,"Houston, TX, USHOU","Houston, TX, USHOU","Leixoes, 13, PTLEI",PTLEI,ONEY,ONE,CHIM354B25,DRY,15,5/6/2026,6/30/2026,5/11/2026 4:10,1838,1838,351.42,351.42,2189.42,2189.42
USHOU,USHOU,PTLEI,"Houston, TX, USHOU","Houston, TX, USHOU","Leixoes, 13, PTLEI",PTLEI,MAEU,Maersk,300094432,DRY,0,4/1/2026,9/30/2026,5/11/2026 4:10,2230,2230,306.61,306.61,2536.61,2536.61
USHOU,USHOU,PTLIS,"Houston, TX, USHOU","Houston, TX, USHOU","Lisboa, 11, PTLIS",PTLIS,ONEY,ONE,CHIM354B25,DRY,15,5/6/2026,6/30/2026,5/11/2026 4:10,1918,1918,351.42,351.42,2269.42,2269.42
USHOU,USHOU,SGSIN,"Houston, TX, USHOU","Houston, TX, USHOU","Singapore, , SGSIN",SGSIN,OOLU,OOCL,MT256104,DRY,16,4/1/2026,6/30/2026,5/11/2026 4:10,373,373,305.91,305.91,678.91,678.91
USHOU,USHOU,SGSIN,"Houston, TX, USHOU","Houston, TX, USHOU","Singapore, , SGSIN",CNSHA,YMJA,YML,51625,DRY,9,4/23/2026,5/15/2026,5/11/2026 4:10,630,630,235.27,235.27,865.27,865.27
USHOU,USHOU,SGSIN,"Houston, TX, USHOU","Houston, TX, USHOU","Singapore, , SGSIN",CNNBG,YMJA,YML,51625,DRY,9,4/23/2026,5/15/2026,5/11/2026 4:10,630,630,235.27,235.27,865.27,865.27
USHOU,USHOU,SGSIN,"Houston, TX, USHOU","Houston, TX, USHOU","Singapore, , SGSIN",CNSHA,YMJA,YML,51625,DRY,9,5/16/2026,6/30/2026,5/11/2026 4:10,764,764,235.27,235.27,999.27,999.27
USHOU,USHOU,SGSIN,"Houston, TX, USHOU","Houston, TX, USHOU","Singapore, , SGSIN",CNNBG,YMJA,YML,51625,DRY,9,5/16/2026,6/30/2026,5/11/2026 4:10,764,764,235.27,235.27,999.27,999.27
USHOU,USHOU,SGSIN,"Houston, TX, USHOU","Houston, TX, USHOU","Singapore, , SGSIN",SGSIN,ONEY,ONE,CHIM354B25,DRY,15,5/6/2026,6/30/2026,5/11/2026 4:10,850,850,346.69,346.69,1196.69,1196.69
USHOU,USHOU,SGSIN,"Houston, TX, USHOU","Houston, TX, USHOU","Singapore, , SGSIN",SGSIN,MAEU,Maersk,300094432,DRY,0,4/1/2026,9/30/2026,5/11/2026 4:10,957,957,290.22,290.22,1247.22,1247.22
USHOU,USLAX,SGSIN,"Houston, TX, USHOU",LALB,"Singapore, , SGSIN",SGSIN,OOLU,OOCL,MT256104,DRY,16,4/1/2026,6/30/2026,5/11/2026 4:10,1160,1160,305.91,305.91,1465.91,1465.91
USHOU,USLGB,SGSIN,"Houston, TX, USHOU",LALB,"Singapore, , SGSIN",SGSIN,OOLU,OOCL,MT256104,DRY,16,4/1/2026,6/30/2026,5/11/2026 4:10,1160,1160,305.91,305.91,1465.91,1465.91
USHOU,USLAX,SGSIN,"Houston, TX, USHOU",LALB,"Singapore, , SGSIN",SGSIN,YMJA,YML,51625,DRY,9,4/23/2026,5/15/2026,5/11/2026 4:10,1250,1250,274.53,274.53,1524.53,1524.53
USHOU,USLAX,SGSIN,"Houston, TX, USHOU",LALB,"Singapore, , SGSIN",SGSIN,YMJA,YML,51625,DRY,9,5/16/2026,6/30/2026,5/11/2026 4:10,1384,1384,274.53,274.53,1658.53,1658.53
USHOU,USHOU,SGSIN,"Houston, TX, USHOU","Houston, TX, USHOU","Singapore, , SGSIN",SGSIN,MSCU,MSC,25-348WCSA,DRY,7,5/1/2026,5/31/2026,5/11/2026 4:10,1945,1945,290.22,290.22,2235.22,2235.22
USHOU,USHOU,SGSIN,"Houston, TX, USHOU","Houston, TX, USHOU","Singapore, , SGSIN",SGSIN,MSCU,MSC,25-348WCSA,DRY,7,6/1/2026,6/30/2026,5/11/2026 4:10,1985,1985,290.22,290.22,2275.22,2275.22
USHOU,USHOU,SVAPO,"Houston, TX, USHOU","Houston, TX, USHOU","Apopa, SS, SVAPO","Puerto Barrios, GT",MAEU,Maersk,300094432,DRY,0,4/1/2026,9/30/2026,4/14/2026 4:10,2081,2081,460,460,2541,2541
USHOU,USHOU,SVEZC,"Houston, TX, USHOU","Houston, TX, USHOU","Ilopango, SS, SVEZC","Puerto Barrios, GT",MAEU,Maersk,300094432,DRY,0,4/1/2026,9/30/2026,4/14/2026 4:10,2201,2201,460,460,2661,2661
USHOU,USHOU,SVEZC,"Houston, TX, USHOU","Houston, TX, USHOU","Ilopango, SS, SVEZC",GTSTC,CMDU,CMA,25-0720,DRY,12,4/18/2026,6/30/2026,5/5/2026 4:10,3232,3232,126,126,3358,3358
USHOU,USHOU,SVEZC,"Houston, TX, USHOU","Houston, TX, USHOU","Ilopango, SS, SVEZC",GTPBR,CMDU,CMA,25-0720,DRY,12,4/18/2026,6/30/2026,5/5/2026 4:10,3232,3232,126,126,3358,3358
USHOU,USHOU,SVSAL,"Houston, TX, USHOU","Houston, TX, USHOU","San Salvador, , SVSAL","Puerto Barrios, GT",MAEU,Maersk,300094432,DRY,0,4/1/2026,9/30/2026,4/14/2026 4:10,2081,2081,460,460,2541,2541
USHOU,USHOU,SVSAL,"Houston, TX, USHOU","Houston, TX, USHOU","San Salvador, , SVSAL",GTPBR,CMDU,CMA,25-0720,DRY,12,4/18/2026,6/30/2026,5/5/2026 4:10,3132,3132,126,126,3258,3258
USHOU,USHOU,SVSAL,"Houston, TX, USHOU","Houston, TX, USHOU","San Salvador, , SVSAL",GTSTC,CMDU,CMA,25-0720,DRY,12,4/18/2026,6/30/2026,5/5/2026 4:10,3132,3132,126,126,3258,3258
USHOU,USHOU,SVSJO,"Houston, TX, USHOU","Houston, TX, USHOU","San Juan Opico, LI, SVSJO","Puerto Barrios, GT",MAEU,Maersk,300094432,DRY,0,4/1/2026,9/30/2026,3/25/2026 4:10,2061,2061,460,460,2521,2521
USHOU,USHOU,SVSOY,"Houston, TX, USHOU","Houston, TX, USHOU","Soyapango, , SVSOY","Puerto Barrios, GT",MAEU,Maersk,300094432,DRY,0,4/1/2026,9/30/2026,5/5/2026 4:10,2081,2081,0,0,2081,2081
USHOU,USHOU,SVSOY,"Houston, TX, USHOU","Houston, TX, USHOU","Soyapango, , SVSOY",GTPBR,CMDU,CMA,25-0720,DRY,12,4/18/2026,6/30/2026,5/5/2026 4:10,3132,3132,126,126,3258,3258
USHOU,USHOU,SVSOY,"Houston, TX, USHOU","Houston, TX, USHOU","Soyapango, , SVSOY",GTSTC,CMDU,CMA,25-0720,DRY,12,4/18/2026,6/30/2026,5/5/2026 4:10,3132,3132,126,126,3258,3258
USHOU,USHOU,THBKK,"Houston, TX, USHOU","Houston, TX, USHOU","Bangkok, , THBKK",CNSHA,YMJA,YML,51625,DRY,9,4/23/2026,5/15/2026,5/11/2026 4:10,750,750,235.27,235.27,985.27,985.27
USHOU,USHOU,THBKK,"Houston, TX, USHOU","Houston, TX, USHOU","Bangkok, , THBKK",CNNBG,YMJA,YML,51625,DRY,9,4/23/2026,5/15/2026,5/11/2026 4:10,750,750,235.27,235.27,985.27,985.27
USHOU,USHOU,THBKK,"Houston, TX, USHOU","Houston, TX, USHOU","Bangkok, , THBKK",THBKK,OOLU,OOCL,MT256104,DRY,16,4/1/2026,6/30/2026,5/11/2026 4:10,833,833,135.08,135.08,968.08,968.08
USHOU,USHOU,THBKK,"Houston, TX, USHOU","Houston, TX, USHOU","Bangkok, , THBKK",CNSHA,YMJA,YML,51625,DRY,9,5/16/2026,6/30/2026,5/11/2026 4:10,884,884,235.27,235.27,1119.27,1119.27
USHOU,USHOU,THBKK,"Houston, TX, USHOU","Houston, TX, USHOU","Bangkok, , THBKK",CNNBG,YMJA,YML,51625,DRY,9,5/16/2026,6/30/2026,5/11/2026 4:10,884,884,235.27,235.27,1119.27,1119.27
USHOU,USHOU,THBKK,"Houston, TX, USHOU","Houston, TX, USHOU","Bangkok, , THBKK","Laem Chabang, TH",MAEU,Maersk,300094432,DRY,0,4/1/2026,9/30/2026,5/11/2026 4:10,936,936,159.93,159.93,1095.93,1095.93
USHOU,USHOU,THBKK,"Houston, TX, USHOU","Houston, TX, USHOU","Bangkok, , THBKK",SGSIN,HDMU,HMM,US2600031,DRY,4,4/12/2026,5/14/2026,5/11/2026 4:10,1144,1144,136.32,136.32,1280.32,1280.32
USHOU,USHOU,THBKK,"Houston, TX, USHOU","Houston, TX, USHOU","Bangkok, , THBKK",THBKK,ONEY,ONE,CHIM354B25,DRY,15,5/6/2026,6/30/2026,5/11/2026 4:10,1245,1245,192.53,192.53,1437.53,1437.53
USHOU,USHOU,THBKK,"Houston, TX, USHOU","Houston, TX, USHOU","Bangkok, , THBKK",SGSIN,HDMU,HMM,US2600031,DRY,4,5/15/2026,6/30/2026,5/11/2026 4:10,1354,1354,136.32,136.32,1490.32,1490.32
USHOU,USHOU,THBKK,"Houston, TX, USHOU","Houston, TX, USHOU","Bangkok, , THBKK",SGSIN,HDMU,HMM,US2600031,DRY,4,6/1/2026,7/31/2026,5/11/2026 4:10,1384,1384,136.32,136.32,1520.32,1520.32
USHOU,USLGB,THBKK,"Houston, TX, USHOU",LALB,"Bangkok, , THBKK",THBKK,OOLU,OOCL,MT256104,DRY,16,4/1/2026,6/30/2026,5/11/2026 4:10,1410,1410,135.08,135.08,1545.08,1545.08
USHOU,USLAX,THBKK,"Houston, TX, USHOU",LALB,"Bangkok, , THBKK",THBKK,OOLU,OOCL,MT256104,DRY,16,4/1/2026,6/30/2026,5/11/2026 4:10,1410,1410,135.08,135.08,1545.08,1545.08
USHOU,USLAX,THBKK,"Houston, TX, USHOU",LALB,"Bangkok, , THBKK",SGSIN,YMJA,YML,51625,DRY,9,4/23/2026,5/15/2026,5/11/2026 4:10,1500,1500,274.53,274.53,1774.53,1774.53
USHOU,USLAX,THBKK,"Houston, TX, USHOU",LALB,"Bangkok, , THBKK",SGSIN,YMJA,YML,51625,DRY,9,5/16/2026,6/30/2026,5/11/2026 4:10,1634,1634,274.53,274.53,1908.53,1908.53
USHOU,USHOU,THBKK,"Houston, TX, USHOU","Houston, TX, USHOU","Bangkok, , THBKK",THBKK,EGLV,EMC,SC103574,DRY,4,5/1/2026,6/30/2026,5/11/2026 4:10,1800,1800,133.53,133.53,1933.53,1933.53
USHOU,USHOU,THBKK,"Houston, TX, USHOU","Houston, TX, USHOU","Bangkok, , THBKK",LAEM CHABANG,MSCU,MSC,25-348WCSA,DRY,7,5/1/2026,5/31/2026,5/11/2026 4:10,1975,1975,133.53,133.53,2108.53,2108.53
USHOU,USHOU,THBKK,"Houston, TX, USHOU","Houston, TX, USHOU","Bangkok, , THBKK",LAEM CHABANG,MSCU,MSC,25-348WCSA,DRY,7,6/1/2026,6/30/2026,5/11/2026 4:10,2015,2015,133.53,133.53,2148.53,2148.53
USHOU,USLAX,THBKK,"Houston, TX, USHOU",LALB,"Bangkok, , THBKK",THBKK,ONEY,ONE,CHIM354B25,DRY,15,5/16/2026,6/30/2026,5/11/2026 4:10,2285,2285,192.53,192.53,2477.53,2477.53
USHOU,USLAX,THBKK,"Houston, TX, USHOU",LALB,"Bangkok, , THBKK",THBKK,ONEY,ONE,CHIM354B25,DRY,15,5/6/2026,5/15/2026,5/11/2026 4:10,2285,2285,192.53,192.53,2477.53,2477.53
USHOU,USHOU,THBMT,"Houston, TX, USHOU","Houston, TX, USHOU","Bangkok Modern Terminals, , THBMT",LAEM CHABANG,MSCU,MSC,25-348WCSA,DRY,7,5/1/2026,5/31/2026,5/11/2026 4:10,1975,1975,133.53,133.53,2108.53,2108.53
USHOU,USHOU,THBMT,"Houston, TX, USHOU","Houston, TX, USHOU","Bangkok Modern Terminals, , THBMT",LAEM CHABANG,MSCU,MSC,25-348WCSA,DRY,7,6/1/2026,6/30/2026,5/11/2026 4:10,2015,2015,133.53,133.53,2148.53,2148.53
USHOU,USHOU,THLCH,"Houston, TX, USHOU","Houston, TX, USHOU","Laem Chabang, 20, THLCH",THLCH,YMJA,YML,51625,DRY,9,4/23/2026,5/15/2026,5/11/2026 4:10,500,500,136.63,136.63,636.63,636.63
USHOU,USHOU,THLCH,"Houston, TX, USHOU","Houston, TX, USHOU","Laem Chabang, 20, THLCH",THLCH,OOLU,OOCL,MT256104,DRY,16,4/1/2026,6/30/2026,5/11/2026 4:10,543,543,135.08,135.08,678.08,678.08
USHOU,USHOU,THLCH,"Houston, TX, USHOU","Houston, TX, USHOU","Laem Chabang, 20, THLCH",THLCH,YMJA,YML,51625,DRY,9,5/16/2026,6/30/2026,5/11/2026 4:10,634,634,136.63,136.63,770.63,770.63
USHOU,USHOU,THLCH,"Houston, TX, USHOU","Houston, TX, USHOU","Laem Chabang, 20, THLCH",CNSHA,YMJA,YML,51625,DRY,9,4/23/2026,5/15/2026,5/11/2026 4:10,820,820,235.27,235.27,1055.27,1055.27
USHOU,USHOU,THLCH,"Houston, TX, USHOU","Houston, TX, USHOU","Laem Chabang, 20, THLCH",CNNBG,YMJA,YML,51625,DRY,9,4/23/2026,5/15/2026,5/11/2026 4:10,820,820,235.27,235.27,1055.27,1055.27
USHOU,USHOU,THLCH,"Houston, TX, USHOU","Houston, TX, USHOU","Laem Chabang, 20, THLCH",THLCH,MAEU,Maersk,300094432,DRY,0,4/1/2026,9/30/2026,5/11/2026 4:10,866,866,159.93,159.93,1025.93,1025.93
USHOU,USHOU,THLCH,"Houston, TX, USHOU","Houston, TX, USHOU","Laem Chabang, 20, THLCH",KRPUS,HDMU,HMM,US2600031,DRY,4,4/12/2026,5/14/2026,5/11/2026 4:10,894,894,136.32,136.32,1030.32,1030.32
USHOU,USHOU,THLCH,"Houston, TX, USHOU","Houston, TX, USHOU","Laem Chabang, 20, THLCH",THLCH,ONEY,ONE,CHIM354B25,DRY,15,5/6/2026,6/30/2026,5/11/2026 4:10,905,905,253.39,253.39,1158.39,1158.39
USHOU,USHOU,THLCH,"Houston, TX, USHOU","Houston, TX, USHOU","Laem Chabang, 20, THLCH",CNNBG,YMJA,YML,51625,DRY,9,5/16/2026,6/30/2026,5/11/2026 4:10,954,954,235.27,235.27,1189.27,1189.27
USHOU,USHOU,THLCH,"Houston, TX, USHOU","Houston, TX, USHOU","Laem Chabang, 20, THLCH",CNSHA,YMJA,YML,51625,DRY,9,5/16/2026,6/30/2026,5/11/2026 4:10,954,954,235.27,235.27,1189.27,1189.27
USHOU,USLGB,THLCH,"Houston, TX, USHOU",LALB,"Laem Chabang, 20, THLCH",THLCH,OOLU,OOCL,MT256104,DRY,16,4/1/2026,6/30/2026,5/11/2026 4:10,1010,1010,135.08,135.08,1145.08,1145.08
USHOU,USLAX,THLCH,"Houston, TX, USHOU",LALB,"Laem Chabang, 20, THLCH",THLCH,OOLU,OOCL,MT256104,DRY,16,4/1/2026,6/30/2026,5/11/2026 4:10,1010,1010,135.08,135.08,1145.08,1145.08
USHOU,USHOU,THLCH,"Houston, TX, USHOU","Houston, TX, USHOU","Laem Chabang, 20, THLCH",KRPUS,HDMU,HMM,US2600031,DRY,4,5/15/2026,6/30/2026,5/11/2026 4:10,1104,1104,136.32,136.32,1240.32,1240.32
USHOU,USHOU,THLCH,"Houston, TX, USHOU","Houston, TX, USHOU","Laem Chabang, 20, THLCH",THLCH,CMDU,CMA,25-0720,DRY,12,4/18/2026,6/30/2026,5/11/2026 4:10,1110,1110,133.53,136.32,1243.53,1246.32
USHOU,USHOU,THLCH,"Houston, TX, USHOU","Houston, TX, USHOU","Laem Chabang, 20, THLCH",KRPUS,HDMU,HMM,US2600031,DRY,4,6/1/2026,7/31/2026,5/11/2026 4:10,1134,1134,136.32,136.32,1270.32,1270.32
USHOU,USLAX,THLCH,"Houston, TX, USHOU",LALB,"Laem Chabang, 20, THLCH",SGSIN,YMJA,YML,51625,DRY,9,4/23/2026,5/15/2026,5/11/2026 4:10,1420,1420,274.53,274.53,1694.53,1694.53
USHOU,USLAX,THLCH,"Houston, TX, USHOU",LALB,"Laem Chabang, 20, THLCH",SGSIN,YMJA,YML,51625,DRY,9,5/16/2026,6/30/2026,5/11/2026 4:10,1554,1554,274.53,274.53,1828.53,1828.53
USHOU,USHOU,THLCH,"Houston, TX, USHOU","Houston, TX, USHOU","Laem Chabang, 20, THLCH",THLCH,EGLV,EMC,SC103574,DRY,4,5/1/2026,6/30/2026,5/11/2026 4:10,1800,1800,133.53,133.53,1933.53,1933.53
USHOU,USHOU,THLCH,"Houston, TX, USHOU","Houston, TX, USHOU","Laem Chabang, 20, THLCH",THLCH,MSCU,MSC,25-348WCSA,DRY,7,5/1/2026,5/31/2026,5/11/2026 4:10,1800,1800,133.53,133.53,1933.53,1933.53
USHOU,USHOU,THLCH,"Houston, TX, USHOU","Houston, TX, USHOU","Laem Chabang, 20, THLCH",THLCH,MSCU,MSC,25-348WCSA,DRY,7,6/1/2026,6/30/2026,5/11/2026 4:10,1840,1840,133.53,133.53,1973.53,1973.53
USHOU,USLAX,THLCH,"Houston, TX, USHOU",LALB,"Laem Chabang, 20, THLCH",THLCH,ONEY,ONE,CHIM354B25,DRY,15,5/16/2026,6/30/2026,5/11/2026 4:10,2000,2000,253.39,253.39,2253.39,2253.39
USHOU,USLAX,THLCH,"Houston, TX, USHOU",LALB,"Laem Chabang, 20, THLCH",THLCH,ONEY,ONE,CHIM354B25,DRY,15,5/6/2026,5/15/2026,5/11/2026 4:10,2000,2000,253.39,253.39,2253.39,2253.39
USHOU,USHOU,THLKR,"Houston, TX, USHOU","Houston, TX, USHOU","Lat Krabang, 10, THLKR",THLKR,OOLU,OOCL,MT256104,DRY,16,4/1/2026,6/30/2026,5/11/2026 4:10,833,833,135.08,135.08,968.08,968.08
USHOU,USHOU,THLKR,"Houston, TX, USHOU","Houston, TX, USHOU","Lat Krabang, 10, THLKR",THLKR,ONEY,ONE,CHIM354B25,DRY,15,5/6/2026,6/30/2026,5/11/2026 4:10,860,860,253.39,253.39,1113.39,1113.39
USHOU,USHOU,THLKR,"Houston, TX, USHOU","Houston, TX, USHOU","Lat Krabang, 10, THLKR",KRPUS,HDMU,HMM,US2600031,DRY,4,4/12/2026,5/14/2026,5/11/2026 4:10,944,944,136.32,136.32,1080.32,1080.32
USHOU,USHOU,THLKR,"Houston, TX, USHOU","Houston, TX, USHOU","Lat Krabang, 10, THLKR",KRPUS,HDMU,HMM,US2600031,DRY,4,5/15/2026,6/30/2026,5/11/2026 4:10,1154,1154,136.32,136.32,1290.32,1290.32
USHOU,USHOU,THLKR,"Houston, TX, USHOU","Houston, TX, USHOU","Lat Krabang, 10, THLKR",KRPUS,HDMU,HMM,US2600031,DRY,4,6/1/2026,7/31/2026,5/11/2026 4:10,1184,1184,136.32,136.32,1320.32,1320.32
USHOU,USHOU,THLKR,"Houston, TX, USHOU","Houston, TX, USHOU","Lat Krabang, 10, THLKR",THLCH,CMDU,CMA,25-0720,DRY,12,4/18/2026,6/30/2026,5/11/2026 4:10,1210,1210,133.53,136.32,1343.53,1346.32
USHOU,USLGB,THLKR,"Houston, TX, USHOU",LALB,"Lat Krabang, 10, THLKR",THLKR,OOLU,OOCL,MT256104,DRY,16,4/1/2026,6/30/2026,5/11/2026 4:10,1410,1410,135.08,135.08,1545.08,1545.08
USHOU,USLAX,THLKR,"Houston, TX, USHOU",LALB,"Lat Krabang, 10, THLKR",THLKR,OOLU,OOCL,MT256104,DRY,16,4/1/2026,6/30/2026,5/11/2026 4:10,1410,1410,135.08,135.08,1545.08,1545.08
USHOU,USHOU,THLKR,"Houston, TX, USHOU","Houston, TX, USHOU","Lat Krabang, 10, THLKR",LAEM CHABANG,MSCU,MSC,25-348WCSA,DRY,7,5/1/2026,5/31/2026,5/11/2026 4:10,1925,1925,133.53,133.53,2058.53,2058.53
USHOU,USHOU,THLKR,"Houston, TX, USHOU","Houston, TX, USHOU","Lat Krabang, 10, THLKR",LAEM CHABANG,MSCU,MSC,25-348WCSA,DRY,7,6/1/2026,6/30/2026,5/11/2026 4:10,1965,1965,133.53,133.53,2098.53,2098.53
USHOU,USLAX,THLKR,"Houston, TX, USHOU",LALB,"Lat Krabang, 10, THLKR",THLKR,ONEY,ONE,CHIM354B25,DRY,15,5/6/2026,5/15/2026,5/11/2026 4:10,2225,2225,253.39,253.39,2478.39,2478.39
USHOU,USLAX,THLKR,"Houston, TX, USHOU",LALB,"Lat Krabang, 10, THLKR",THLKR,ONEY,ONE,CHIM354B25,DRY,15,5/16/2026,6/30/2026,5/11/2026 4:10,2225,2225,253.39,253.39,2478.39,2478.39
USHOU,USLAX,THSGZ,"Houston, TX, USHOU",LALB,"Songkhla, 90, THSGZ",SGSIN,YMJA,YML,51625,DRY,9,4/23/2026,5/15/2026,5/11/2026 4:10,2370,2370,274.53,274.53,2644.53,2644.53
USHOU,USLAX,THSGZ,"Houston, TX, USHOU",LALB,"Songkhla, 90, THSGZ",SGSIN,YMJA,YML,51625,DRY,9,5/16/2026,6/30/2026,5/11/2026 4:10,2504,2504,274.53,274.53,2778.53,2778.53
USHOU,USHOU,TRALI,"Houston, TX, USHOU","Houston, TX, USHOU","Aliaga, 35, TRALI",TRALI,MSCU,MSC,25-348WCSA,DRY,7,5/1/2026,5/31/2026,5/10/2026 3:45,1991,1991,0,0,1991,1991
USHOU,USHOU,TRALI,"Houston, TX, USHOU","Houston, TX, USHOU","Aliaga, 35, TRALI",TRALI,MSCU,MSC,25-348WCSA,DRY,7,6/1/2026,6/30/2026,5/10/2026 3:45,2291,2291,0,0,2291,2291
USHOU,USHOU,TRAMR,"Houston, TX, USHOU","Houston, TX, USHOU","Ambarli, 34, TRAMR",TRAMR,CMDU,CMA,25-0720,DRY,12,4/18/2026,6/30/2026,5/5/2026 3:45,2820,2820,0,0,2820,2820
USHOU,USHOU,TREYP,"Houston, TX, USHOU","Houston, TX, USHOU","Evyap Port /Kocaeli, 41, TREYP",TREYP,MSCU,MSC,25-348WCSA,DRY,7,5/1/2026,5/31/2026,5/10/2026 3:45,1991,1991,0,0,1991,1991
USHOU,USHOU,TREYP,"Houston, TX, USHOU","Houston, TX, USHOU","Evyap Port /Kocaeli, 41, TREYP",TREYP,MSCU,MSC,25-348WCSA,DRY,7,6/1/2026,6/30/2026,5/10/2026 3:45,2291,2291,0,0,2291,2291
USHOU,USHOU,TRGEM,"Houston, TX, USHOU","Houston, TX, USHOU","Gemlik, 16, TRGEM",TRGEM,MSCU,MSC,25-348WCSA,DRY,7,5/1/2026,5/31/2026,5/10/2026 3:45,1991,1991,0,0,1991,1991
USHOU,USHOU,TRGEM,"Houston, TX, USHOU","Houston, TX, USHOU","Gemlik, 16, TRGEM",TRGEM,MSCU,MSC,25-348WCSA,DRY,7,6/1/2026,6/30/2026,5/10/2026 3:45,2291,2291,0,0,2291,2291
USHOU,USHOU,TRISK,"Houston, TX, USHOU","Houston, TX, USHOU","Iskenderun, 31, TRISK",TRISK,MAEU,Maersk,300094432,DRY,0,4/1/2026,9/30/2026,3/25/2026 4:10,1843,1843,35,35,1878,1878
USHOU,USHOU,TRISK,"Houston, TX, USHOU","Houston, TX, USHOU","Iskenderun, 31, TRISK",TRISK,MSCU,MSC,25-348WCSA,DRY,7,5/1/2026,5/31/2026,5/10/2026 3:45,1991,1991,0,0,1991,1991
USHOU,USHOU,TRISK,"Houston, TX, USHOU","Houston, TX, USHOU","Iskenderun, 31, TRISK",TRISK,MSCU,MSC,25-348WCSA,DRY,7,6/1/2026,6/30/2026,5/10/2026 3:45,2291,2291,0,0,2291,2291
USHOU,USHOU,TRISK,"Houston, TX, USHOU","Houston, TX, USHOU","Iskenderun, 31, TRISK",TRISK,CMDU,CMA,25-0720,DRY,12,4/18/2026,6/30/2026,5/5/2026 3:45,2320,2320,0,0,2320,2320
USHOU,USHOU,TRIST,"Houston, TX, USHOU","Houston, TX, USHOU","Istanbul, 34, TRIST",TRIST,MAEU,Maersk,300094432,DRY,0,4/1/2026,9/30/2026,3/25/2026 4:10,1518,1518,35,35,1553,1553
USHOU,USHOU,TRIST,"Houston, TX, USHOU","Houston, TX, USHOU","Istanbul, 34, TRIST",TRIST,MSCU,MSC,25-348WCSA,DRY,7,5/1/2026,5/31/2026,5/10/2026 3:45,1991,1991,0,0,1991,1991
USHOU,USHOU,TRIST,"Houston, TX, USHOU","Houston, TX, USHOU","Istanbul, 34, TRIST",TRIST,MSCU,MSC,25-348WCSA,DRY,7,6/1/2026,6/30/2026,5/10/2026 3:45,2291,2291,0,0,2291,2291
USHOU,USHOU,TRIZM,"Houston, TX, USHOU","Houston, TX, USHOU","Izmir, 35, TRIZM",TRIZM,MAEU,Maersk,300094432,DRY,0,4/1/2026,9/30/2026,4/30/2026 4:10,1673,1673,35,35,1708,1708
USHOU,USHOU,TRIZM,"Houston, TX, USHOU","Houston, TX, USHOU","Izmir, 35, TRIZM",TRIZM,MSCU,MSC,25-348WCSA,DRY,7,5/1/2026,5/31/2026,5/10/2026 3:45,1991,1991,0,0,1991,1991
USHOU,USHOU,TRIZM,"Houston, TX, USHOU","Houston, TX, USHOU","Izmir, 35, TRIZM",TRIZM,MSCU,MSC,25-348WCSA,DRY,7,6/1/2026,6/30/2026,5/10/2026 3:45,2291,2291,0,0,2291,2291
USHOU,USHOU,TRMER,"Houston, TX, USHOU","Houston, TX, USHOU","Mersin, 33, TRMER",TRMER,ONEY,ONE,CHIM354B25,DRY,15,5/6/2026,6/30/2026,5/10/2026 4:10,1350,1350,400,400,1750,1750
USHOU,USHOU,TRMER,"Houston, TX, USHOU","Houston, TX, USHOU","Mersin, 33, TRMER",TRMER,MAEU,Maersk,300094432,DRY,0,4/1/2026,9/30/2026,3/25/2026 4:10,1913,1913,35,35,1948,1948
USHOU,USHOU,TRMER,"Houston, TX, USHOU","Houston, TX, USHOU","Mersin, 33, TRMER",TRMER,MSCU,MSC,25-348WCSA,DRY,7,5/1/2026,5/31/2026,5/10/2026 3:45,1991,1991,0,0,1991,1991
USHOU,USHOU,TRMER,"Houston, TX, USHOU","Houston, TX, USHOU","Mersin, 33, TRMER",TRMER,MSCU,MSC,25-348WCSA,DRY,7,6/1/2026,6/30/2026,5/10/2026 3:45,2291,2291,0,0,2291,2291
USHOU,USHOU,TRMER,"Houston, TX, USHOU","Houston, TX, USHOU","Mersin, 33, TRMER",TRMER,CMDU,CMA,25-0720,DRY,12,4/18/2026,6/30/2026,5/5/2026 3:45,2320,2320,0,0,2320,2320
USHOU,USHOU,TRTEK,"Houston, TX, USHOU","Houston, TX, USHOU","Tekirdag, 59, TRTEK",TRTEK,MSCU,MSC,25-348WCSA,DRY,7,5/1/2026,5/31/2026,5/10/2026 3:45,1991,1991,0,0,1991,1991
USHOU,USHOU,TRTEK,"Houston, TX, USHOU","Houston, TX, USHOU","Tekirdag, 59, TRTEK",TRTEK,MSCU,MSC,25-348WCSA,DRY,7,6/1/2026,6/30/2026,5/10/2026 3:45,2291,2291,0,0,2291,2291
USHOU,USHOU,TWKEL,"Houston, TX, USHOU","Houston, TX, USHOU","Keelung, , TWKEL",TWKEL,YMJA,YML,51625,DRY,9,5/16/2026,6/30/2026,5/11/2026 4:10,450,450,223.53,223.53,673.53,673.53
USHOU,USHOU,TWKEL,"Houston, TX, USHOU","Houston, TX, USHOU","Keelung, , TWKEL",TWKEL,YMJA,YML,51625,DRY,9,4/25/2026,5/15/2026,5/11/2026 4:10,450,450,223.53,223.53,673.53,673.53
USHOU,USHOU,TWKEL,"Houston, TX, USHOU","Houston, TX, USHOU","Keelung, , TWKEL",TWKEL,ONEY,ONE,CHIM354B25,DRY,15,5/6/2026,6/30/2026,5/11/2026 4:10,700,700,223.53,251.47,923.53,951.47
USHOU,USHOU,TWKEL,"Houston, TX, USHOU","Houston, TX, USHOU","Keelung, , TWKEL",TWKHH,YMJA,YML,51625,DRY,9,5/16/2026,6/30/2026,5/11/2026 4:10,750,750,223.53,223.53,973.53,973.53
USHOU,USHOU,TWKEL,"Houston, TX, USHOU","Houston, TX, USHOU","Keelung, , TWKEL",TWKHH,YMJA,YML,51625,DRY,9,4/23/2026,5/15/2026,5/11/2026 4:10,750,750,223.53,223.53,973.53,973.53
USHOU,USHOU,TWKEL,"Houston, TX, USHOU","Houston, TX, USHOU","Keelung, , TWKEL",TWKHH,YMJA,YML,51625,DRY,9,4/25/2026,5/15/2026,5/11/2026 4:10,750,750,223.53,223.53,973.53,973.53
USHOU,USHOU,TWKEL,"Houston, TX, USHOU","Houston, TX, USHOU","Keelung, , TWKEL",TWKEL,MAEU,Maersk,300094432,DRY,0,4/1/2026,9/30/2026,5/11/2026 4:10,1003,1003,223.53,251.47,1226.53,1254.47
USHOU,USLAX,TWKEL,"Houston, TX, USHOU",LALB,"Keelung, , TWKEL",TWKEL,YMJA,YML,51625,DRY,9,4/23/2026,5/15/2026,5/11/2026 4:10,1100,1100,223.53,223.53,1323.53,1323.53
USHOU,USLAX,TWKEL,"Houston, TX, USHOU",LALB,"Keelung, , TWKEL",TWKEL,YMJA,YML,51625,DRY,9,5/16/2026,6/30/2026,5/11/2026 4:10,1100,1100,223.53,223.53,1323.53,1323.53
USHOU,USLGB,TWKEL,"Houston, TX, USHOU",LALB,"Keelung, , TWKEL",TWKEL,OOLU,OOCL,MT256104,DRY,16,4/1/2026,6/30/2026,5/11/2026 4:10,1165,1165,223.53,251.47,1388.53,1416.47
USHOU,USLAX,TWKEL,"Houston, TX, USHOU",LALB,"Keelung, , TWKEL",TWKEL,OOLU,OOCL,MT256104,DRY,16,4/1/2026,6/30/2026,5/11/2026 4:10,1165,1165,223.53,251.47,1388.53,1416.47
USHOU,USHOU,TWKEL,"Houston, TX, USHOU","Houston, TX, USHOU","Keelung, , TWKEL",TWKEL,MSCU,MSC,25-348WCSA,DRY,7,5/1/2026,5/31/2026,5/11/2026 4:10,1350,1350,223.53,223.53,1573.53,1573.53
USHOU,USHOU,TWKEL,"Houston, TX, USHOU","Houston, TX, USHOU","Keelung, , TWKEL",TWKEL,MSCU,MSC,25-348WCSA,DRY,7,6/1/2026,6/30/2026,5/11/2026 4:10,1390,1390,223.53,223.53,1613.53,1613.53
USHOU,USLAX,TWKEL,"Houston, TX, USHOU",LALB,"Keelung, , TWKEL",TWKHH,YMJA,YML,51625,DRY,9,4/23/2026,5/15/2026,5/11/2026 4:10,1450,1450,223.53,223.53,1673.53,1673.53
USHOU,USLAX,TWKEL,"Houston, TX, USHOU",LALB,"Keelung, , TWKEL",TWKHH,YMJA,YML,51625,DRY,9,5/16/2026,6/30/2026,5/11/2026 4:10,1450,1450,223.53,223.53,1673.53,1673.53
USHOU,USLAX,TWKEL,"Houston, TX, USHOU",LALB,"Keelung, , TWKEL",TWKEL,ONEY,ONE,CHIM354B25,DRY,15,5/6/2026,5/15/2026,5/11/2026 4:10,1635,1635,223.53,251.47,1858.53,1886.47
USHOU,USLAX,TWKEL,"Houston, TX, USHOU",LALB,"Keelung, , TWKEL",TWKEL,ONEY,ONE,CHIM354B25,DRY,15,5/16/2026,6/30/2026,5/11/2026 4:10,1635,1635,223.53,251.47,1858.53,1886.47
USHOU,USHOU,TWKHH,"Houston, TX, USHOU","Houston, TX, USHOU","Kaohsiung, , TWKHH",TWKHH,YMJA,YML,51625,DRY,9,4/25/2026,5/15/2026,5/11/2026 4:10,300,300,223.53,223.53,523.53,523.53
USHOU,USHOU,TWKHH,"Houston, TX, USHOU","Houston, TX, USHOU","Kaohsiung, , TWKHH",TWKHH,YMJA,YML,51625,DRY,9,5/16/2026,6/30/2026,5/11/2026 4:10,300,300,223.53,223.53,523.53,523.53
USHOU,USHOU,TWKHH,"Houston, TX, USHOU","Houston, TX, USHOU","Kaohsiung, , TWKHH",TWKHH,YMJA,YML,51625,DRY,9,4/23/2026,5/15/2026,5/11/2026 4:10,400,400,223.53,223.53,623.53,623.53
USHOU,USHOU,TWKHH,"Houston, TX, USHOU","Houston, TX, USHOU","Kaohsiung, , TWKHH",TWKHH,YMJA,YML,51625,DRY,9,5/16/2026,6/30/2026,5/11/2026 4:10,400,400,223.53,223.53,623.53,623.53
USHOU,USHOU,TWKHH,"Houston, TX, USHOU","Houston, TX, USHOU","Kaohsiung, , TWKHH",TWKHH,HDMU,HMM,US2600031,DRY,4,4/12/2026,5/14/2026,5/11/2026 4:10,494,494,223.53,223.53,717.53,717.53
USHOU,USHOU,TWKHH,"Houston, TX, USHOU","Houston, TX, USHOU","Kaohsiung, , TWKHH",TWKHH,YMJA,YML,51625,DRY,9,5/16/2026,6/30/2026,5/11/2026 4:10,600,600,223.53,223.53,823.53,823.53
USHOU,USHOU,TWKHH,"Houston, TX, USHOU","Houston, TX, USHOU","Kaohsiung, , TWKHH",TWKHH,YMJA,YML,51625,DRY,9,4/25/2026,5/15/2026,5/11/2026 4:10,600,600,223.53,223.53,823.53,823.53
USHOU,USHOU,TWKHH,"Houston, TX, USHOU","Houston, TX, USHOU","Kaohsiung, , TWKHH",KRPUS,HDMU,HMM,US2600031,DRY,4,4/12/2026,5/14/2026,5/11/2026 4:10,694,694,223.53,223.53,917.53,917.53
USHOU,USHOU,TWKHH,"Houston, TX, USHOU","Houston, TX, USHOU","Kaohsiung, , TWKHH",TWKHH,ONEY,ONE,CHIM354B25,DRY,15,5/6/2026,6/30/2026,5/11/2026 4:10,700,700,223.53,251.47,923.53,951.47
USHOU,USHOU,TWKHH,"Houston, TX, USHOU","Houston, TX, USHOU","Kaohsiung, , TWKHH",TWKHH,HDMU,HMM,US2600031,DRY,4,5/15/2026,6/30/2026,5/11/2026 4:10,704,704,223.53,223.53,927.53,927.53
USHOU,USHOU,TWKHH,"Houston, TX, USHOU","Houston, TX, USHOU","Kaohsiung, , TWKHH",TWKHH,HDMU,HMM,US2600031,DRY,4,6/1/2026,7/31/2026,5/11/2026 4:10,734,734,223.53,223.53,957.53,957.53
USHOU,USHOU,TWKHH,"Houston, TX, USHOU","Houston, TX, USHOU","Kaohsiung, , TWKHH",TWKHH,MAEU,Maersk,300094432,DRY,0,4/1/2026,9/30/2026,5/11/2026 4:10,853,853,223.53,251.47,1076.53,1104.47
USHOU,USHOU,TWKHH,"Houston, TX, USHOU","Houston, TX, USHOU","Kaohsiung, , TWKHH",KRPUS,HDMU,HMM,US2600031,DRY,4,5/15/2026,6/30/2026,5/11/2026 4:10,904,904,223.53,223.53,1127.53,1127.53
USHOU,USHOU,TWKHH,"Houston, TX, USHOU","Houston, TX, USHOU","Kaohsiung, , TWKHH",KRPUS,HDMU,HMM,US2600031,DRY,4,6/1/2026,7/31/2026,5/11/2026 4:10,934,934,223.53,223.53,1157.53,1157.53
USHOU,USLGB,TWKHH,"Houston, TX, USHOU",LALB,"Kaohsiung, , TWKHH",TWKHH,OOLU,OOCL,MT256104,DRY,16,4/1/2026,6/30/2026,5/11/2026 4:10,985,985,223.53,251.47,1208.53,1236.47
USHOU,USLAX,TWKHH,"Houston, TX, USHOU",LALB,"Kaohsiung, , TWKHH",TWKHH,OOLU,OOCL,MT256104,DRY,16,4/1/2026,6/30/2026,5/11/2026 4:10,985,985,223.53,251.47,1208.53,1236.47
USHOU,USLAX,TWKHH,"Houston, TX, USHOU",LALB,"Kaohsiung, , TWKHH",TWKHH,YMJA,YML,51625,DRY,9,4/23/2026,5/15/2026,5/11/2026 4:10,1100,1100,223.53,223.53,1323.53,1323.53
USHOU,USLAX,TWKHH,"Houston, TX, USHOU",LALB,"Kaohsiung, , TWKHH",TWKHH,YMJA,YML,51625,DRY,9,5/16/2026,6/30/2026,5/11/2026 4:10,1100,1100,223.53,223.53,1323.53,1323.53
USHOU,USHOU,TWKHH,"Houston, TX, USHOU","Houston, TX, USHOU","Kaohsiung, , TWKHH",TWKHH,MSCU,MSC,25-348WCSA,DRY,7,5/1/2026,5/31/2026,5/11/2026 4:10,1350,1350,223.53,223.53,1573.53,1573.53
USHOU,USHOU,TWKHH,"Houston, TX, USHOU","Houston, TX, USHOU","Kaohsiung, , TWKHH",TWKHH,EGLV,EMC,SC103574,DRY,4,5/1/2026,6/30/2026,5/11/2026 4:10,1350,1350,223.53,223.53,1573.53,1573.53
USHOU,USHOU,TWKHH,"Houston, TX, USHOU","Houston, TX, USHOU","Kaohsiung, , TWKHH",TWKHH,MSCU,MSC,25-348WCSA,DRY,7,6/1/2026,6/30/2026,5/11/2026 4:10,1390,1390,223.53,223.53,1613.53,1613.53
USHOU,USLAX,TWKHH,"Houston, TX, USHOU",LALB,"Kaohsiung, , TWKHH",TWKHH,ONEY,ONE,CHIM354B25,DRY,15,5/6/2026,5/15/2026,5/11/2026 4:10,1635,1635,223.53,251.47,1858.53,1886.47
USHOU,USLAX,TWKHH,"Houston, TX, USHOU",LALB,"Kaohsiung, , TWKHH",TWKHH,ONEY,ONE,CHIM354B25,DRY,15,5/16/2026,6/30/2026,5/11/2026 4:10,1635,1635,223.53,251.47,1858.53,1886.47
USHOU,USHOU,TWTPE,"Houston, TX, USHOU","Houston, TX, USHOU","Taipei, TPE, TWTPE",TWTPE,ONEY,ONE,CHIM354B25,DRY,15,5/6/2026,6/30/2026,5/11/2026 4:10,750,750,223.53,251.47,973.53,1001.47
USHOU,USLAX,TWTPE,"Houston, TX, USHOU",LALB,"Taipei, TPE, TWTPE",TWTPE,OOLU,OOCL,MT256104,DRY,16,4/1/2026,6/30/2026,5/10/2026 3:45,1085,1085,0,0,1085,1085
USHOU,USLGB,TWTPE,"Houston, TX, USHOU",LALB,"Taipei, TPE, TWTPE",TWTPE,OOLU,OOCL,MT256104,DRY,16,4/1/2026,6/30/2026,5/10/2026 3:45,1085,1085,0,0,1085,1085
USHOU,USHOU,TWTPE,"Houston, TX, USHOU","Houston, TX, USHOU","Taipei, TPE, TWTPE",TWTPE,EGLV,EMC,SC103574,DRY,4,5/1/2026,6/30/2026,5/11/2026 4:10,1900,1900,223.53,223.53,2123.53,2123.53
USHOU,USHOU,TWTXG,"Houston, TX, USHOU","Houston, TX, USHOU","Taichung, , TWTXG",TWTXG,YMJA,YML,51625,DRY,9,4/25/2026,5/15/2026,5/11/2026 4:10,350,350,223.53,223.53,573.53,573.53
USHOU,USHOU,TWTXG,"Houston, TX, USHOU","Houston, TX, USHOU","Taichung, , TWTXG",TWTXG,YMJA,YML,51625,DRY,9,5/16/2026,6/30/2026,5/11/2026 4:10,350,350,223.53,223.53,573.53,573.53
USHOU,USHOU,TWTXG,"Houston, TX, USHOU","Houston, TX, USHOU","Taichung, , TWTXG",TWKHH,YMJA,YML,51625,DRY,9,4/23/2026,5/15/2026,5/11/2026 4:10,500,500,223.53,223.53,723.53,723.53
USHOU,USHOU,TWTXG,"Houston, TX, USHOU","Houston, TX, USHOU","Taichung, , TWTXG",TWKHH,YMJA,YML,51625,DRY,9,5/16/2026,6/30/2026,5/11/2026 4:10,500,500,223.53,223.53,723.53,723.53
USHOU,USHOU,TWTXG,"Houston, TX, USHOU","Houston, TX, USHOU","Taichung, , TWTXG",TWTXG,ONEY,ONE,CHIM354B25,DRY,15,5/6/2026,6/30/2026,5/11/2026 4:10,700,700,223.53,251.47,923.53,951.47
USHOU,USHOU,TWTXG,"Houston, TX, USHOU","Houston, TX, USHOU","Taichung, , TWTXG",TWTXG,HDMU,HMM,US2600031,DRY,4,4/12/2026,5/14/2026,5/11/2026 4:10,794,794,223.53,223.53,1017.53,1017.53
USHOU,USHOU,TWTXG,"Houston, TX, USHOU","Houston, TX, USHOU","Taichung, , TWTXG",KRPUS,HDMU,HMM,US2600031,DRY,4,4/12/2026,5/14/2026,5/11/2026 4:10,894,894,223.53,223.53,1117.53,1117.53
USHOU,USHOU,TWTXG,"Houston, TX, USHOU","Houston, TX, USHOU","Taichung, , TWTXG",TWTXG,HDMU,HMM,US2600031,DRY,4,5/15/2026,6/30/2026,5/11/2026 4:10,1004,1004,223.53,223.53,1227.53,1227.53
USHOU,USHOU,TWTXG,"Houston, TX, USHOU","Houston, TX, USHOU","Taichung, , TWTXG",TWTXG,MAEU,Maersk,300094432,DRY,0,4/1/2026,9/30/2026,5/11/2026 4:10,1030,1030,223.53,251.47,1253.53,1281.47
USHOU,USHOU,TWTXG,"Houston, TX, USHOU","Houston, TX, USHOU","Taichung, , TWTXG",TWTXG,HDMU,HMM,US2600031,DRY,4,6/1/2026,7/31/2026,5/11/2026 4:10,1034,1034,223.53,223.53,1257.53,1257.53
USHOU,USHOU,TWTXG,"Houston, TX, USHOU","Houston, TX, USHOU","Taichung, , TWTXG",KRPUS,HDMU,HMM,US2600031,DRY,4,5/15/2026,6/30/2026,5/11/2026 4:10,1104,1104,223.53,223.53,1327.53,1327.53
USHOU,USHOU,TWTXG,"Houston, TX, USHOU","Houston, TX, USHOU","Taichung, , TWTXG",KRPUS,HDMU,HMM,US2600031,DRY,4,6/1/2026,7/31/2026,5/11/2026 4:10,1134,1134,223.53,223.53,1357.53,1357.53
USHOU,USLAX,TWTXG,"Houston, TX, USHOU",LALB,"Taichung, , TWTXG",TWTXG,OOLU,OOCL,MT256104,DRY,16,4/1/2026,6/30/2026,5/11/2026 4:10,1165,1165,223.53,251.47,1388.53,1416.47
USHOU,USLGB,TWTXG,"Houston, TX, USHOU",LALB,"Taichung, , TWTXG",TWTXG,OOLU,OOCL,MT256104,DRY,16,4/1/2026,6/30/2026,5/11/2026 4:10,1165,1165,223.53,251.47,1388.53,1416.47
USHOU,USLAX,TWTXG,"Houston, TX, USHOU",LALB,"Taichung, , TWTXG",TWKHH,YMJA,YML,51625,DRY,9,4/23/2026,5/15/2026,5/11/2026 4:10,1200,1200,223.53,223.53,1423.53,1423.53
USHOU,USLAX,TWTXG,"Houston, TX, USHOU",LALB,"Taichung, , TWTXG",TWKHH,YMJA,YML,51625,DRY,9,5/16/2026,6/30/2026,5/11/2026 4:10,1200,1200,223.53,223.53,1423.53,1423.53
USHOU,USHOU,TWTXG,"Houston, TX, USHOU","Houston, TX, USHOU","Taichung, , TWTXG",TWTXG,MSCU,MSC,25-348WCSA,DRY,7,5/1/2026,5/31/2026,5/11/2026 4:10,1550,1550,223.53,223.53,1773.53,1773.53
USHOU,USHOU,TWTXG,"Houston, TX, USHOU","Houston, TX, USHOU","Taichung, , TWTXG",TWTXG,MSCU,MSC,25-348WCSA,DRY,7,6/1/2026,6/30/2026,5/11/2026 4:10,1590,1590,223.53,223.53,1813.53,1813.53
USHOU,USLAX,TWTXG,"Houston, TX, USHOU",LALB,"Taichung, , TWTXG",TWTXG,ONEY,ONE,CHIM354B25,DRY,15,5/6/2026,5/15/2026,5/11/2026 4:10,1885,1885,223.53,251.47,2108.53,2136.47
USHOU,USLAX,TWTXG,"Houston, TX, USHOU",LALB,"Taichung, , TWTXG",TWTXG,ONEY,ONE,CHIM354B25,DRY,15,5/16/2026,6/30/2026,5/11/2026 4:10,1885,1885,223.53,251.47,2108.53,2136.47
USHOU,USHOU,TWTYN,"Houston, TX, USHOU","Houston, TX, USHOU","Taoyuan, , TWTYN",TWKHH,YMJA,YML,51625,DRY,9,4/23/2026,5/15/2026,5/11/2026 4:10,550,550,223.53,223.53,773.53,773.53
USHOU,USHOU,TWTYN,"Houston, TX, USHOU","Houston, TX, USHOU","Taoyuan, , TWTYN",TWKHH,YMJA,YML,51625,DRY,9,5/16/2026,6/30/2026,5/11/2026 4:10,550,550,223.53,223.53,773.53,773.53
USHOU,USHOU,TWTYN,"Houston, TX, USHOU","Houston, TX, USHOU","Taoyuan, , TWTYN",TWTYN,ONEY,ONE,CHIM354B25,DRY,15,5/6/2026,6/30/2026,5/11/2026 4:10,700,700,223.53,251.47,923.53,951.47
USHOU,USHOU,TWTYN,"Houston, TX, USHOU","Houston, TX, USHOU","Taoyuan, , TWTYN","Keelung, TW",MAEU,Maersk,300094432,DRY,0,4/1/2026,9/30/2026,5/11/2026 4:10,763,763,223.53,251.47,986.53,1014.47
USHOU,USHOU,TWTYN,"Houston, TX, USHOU","Houston, TX, USHOU","Taoyuan, , TWTYN",TWTYN,YMJA,YML,51625,DRY,9,4/25/2026,5/15/2026,5/11/2026 4:10,800,800,223.53,223.53,1023.53,1023.53
USHOU,USHOU,TWTYN,"Houston, TX, USHOU","Houston, TX, USHOU","Taoyuan, , TWTYN",TWTYN,YMJA,YML,51625,DRY,9,5/16/2026,6/30/2026,5/11/2026 4:10,800,800,223.53,223.53,1023.53,1023.53
USHOU,USLAX,TWTYN,"Houston, TX, USHOU",LALB,"Taoyuan, , TWTYN",TWKEL,YMJA,YML,51625,DRY,9,5/16/2026,6/30/2026,5/11/2026 4:10,1200,1200,223.53,223.53,1423.53,1423.53
USHOU,USLAX,TWTYN,"Houston, TX, USHOU",LALB,"Taoyuan, , TWTYN",TWKEL,YMJA,YML,51625,DRY,9,4/23/2026,5/15/2026,5/11/2026 4:10,1200,1200,223.53,223.53,1423.53,1423.53
USHOU,USLAX,TWTYN,"Houston, TX, USHOU",LALB,"Taoyuan, , TWTYN",TWKHH,YMJA,YML,51625,DRY,9,4/23/2026,5/15/2026,5/11/2026 4:10,1250,1250,223.53,223.53,1473.53,1473.53
USHOU,USLAX,TWTYN,"Houston, TX, USHOU",LALB,"Taoyuan, , TWTYN",TWKHH,YMJA,YML,51625,DRY,9,5/16/2026,6/30/2026,5/11/2026 4:10,1250,1250,223.53,223.53,1473.53,1473.53
USHOU,USHOU,TWTYN,"Houston, TX, USHOU","Houston, TX, USHOU","Taoyuan, , TWTYN",KAOHSIUNG,MSCU,MSC,25-348WCSA,DRY,7,5/1/2026,5/31/2026,5/11/2026 4:10,1690,1690,223.53,223.53,1913.53,1913.53
USHOU,USHOU,TWTYN,"Houston, TX, USHOU","Houston, TX, USHOU","Taoyuan, , TWTYN",KAOHSIUNG,MSCU,MSC,25-348WCSA,DRY,7,6/1/2026,6/30/2026,5/11/2026 4:10,1730,1730,223.53,223.53,1953.53,1953.53
USHOU,USLAX,TWTYN,"Houston, TX, USHOU",LALB,"Taoyuan, , TWTYN",TWTYN,ONEY,ONE,CHIM354B25,DRY,15,5/16/2026,6/30/2026,5/11/2026 4:10,1885,1885,223.53,251.47,2108.53,2136.47
USHOU,USLAX,TWTYN,"Houston, TX, USHOU",LALB,"Taoyuan, , TWTYN",TWTYN,ONEY,ONE,CHIM354B25,DRY,15,5/6/2026,5/15/2026,5/11/2026 4:10,1885,1885,223.53,251.47,2108.53,2136.47
USHOU,USLAX,VNBDG,"Houston, TX, USHOU",LALB,"Binh Duong Terminal, 39, VNBDG",VNCMT,YMJA,YML,51625,DRY,9,4/23/2026,5/15/2026,5/11/2026 4:10,1430,1430,177.43,177.43,1607.43,1607.43
USHOU,USLAX,VNBDG,"Houston, TX, USHOU",LALB,"Binh Duong Terminal, 39, VNBDG",VNCMT,YMJA,YML,51625,DRY,9,5/16/2026,6/30/2026,5/11/2026 4:10,1564,1564,177.43,177.43,1741.43,1741.43
USHOU,USHOU,VNCLI,"Houston, TX, USHOU","Houston, TX, USHOU","Cat Lai, 65, VNCLI",VNCLI,YMJA,YML,51625,DRY,9,4/23/2026,5/15/2026,5/11/2026 4:10,500,500,177.43,177.43,677.43,677.43
USHOU,USHOU,VNCLI,"Houston, TX, USHOU","Houston, TX, USHOU","Cat Lai, 65, VNCLI",TWKHH,YMJA,YML,51625,DRY,9,4/23/2026,5/15/2026,5/11/2026 4:10,550,550,223.53,223.53,773.53,773.53
USHOU,USHOU,VNCLI,"Houston, TX, USHOU","Houston, TX, USHOU","Cat Lai, 65, VNCLI",TWKHH,YMJA,YML,51625,DRY,9,5/16/2026,6/30/2026,5/11/2026 4:10,550,550,223.53,223.53,773.53,773.53
USHOU,USHOU,VNCLI,"Houston, TX, USHOU","Houston, TX, USHOU","Cat Lai, 65, VNCLI",VNCLI,YMJA,YML,51625,DRY,9,5/16/2026,6/30/2026,5/11/2026 4:10,634,634,177.43,177.43,811.43,811.43
USHOU,USLAX,VNCLI,"Houston, TX, USHOU",LALB,"Cat Lai, 65, VNCLI",TWKHH,YMJA,YML,51625,DRY,9,4/23/2026,5/15/2026,5/11/2026 4:10,1250,1250,223.53,223.53,1473.53,1473.53
USHOU,USLAX,VNCLI,"Houston, TX, USHOU",LALB,"Cat Lai, 65, VNCLI",TWKHH,YMJA,YML,51625,DRY,9,5/16/2026,6/30/2026,5/11/2026 4:10,1250,1250,223.53,223.53,1473.53,1473.53
USHOU,USLAX,VNCLI,"Houston, TX, USHOU",LALB,"Cat Lai, 65, VNCLI",VNCMT,YMJA,YML,51625,DRY,9,4/23/2026,5/15/2026,5/11/2026 4:10,1400,1400,177.43,177.43,1577.43,1577.43
USHOU,USLAX,VNCLI,"Houston, TX, USHOU",LALB,"Cat Lai, 65, VNCLI",VNCMT,YMJA,YML,51625,DRY,9,5/16/2026,6/30/2026,5/11/2026 4:10,1534,1534,177.43,177.43,1711.43,1711.43
USHOU,USHOU,VNCMT,"Houston, TX, USHOU","Houston, TX, USHOU","Cai Mep Terminal, 43, VNCMT",VNCMT,ONEY,ONE,CHIM354B25,DRY,15,5/6/2026,6/30/2026,5/11/2026 4:10,600,600,182.45,182.45,782.45,782.45
USHOU,USLAX,VNCMT,"Houston, TX, USHOU",LALB,"Cai Mep Terminal, 43, VNCMT",VNCMT,YMJA,YML,51625,DRY,9,4/23/2026,5/15/2026,5/11/2026 4:10,1250,1250,177.43,177.43,1427.43,1427.43
USHOU,USLAX,VNCMT,"Houston, TX, USHOU",LALB,"Cai Mep Terminal, 43, VNCMT",VNCMT,YMJA,YML,51625,DRY,9,5/16/2026,6/30/2026,5/11/2026 4:10,1384,1384,177.43,177.43,1561.43,1561.43
USHOU,USLAX,VNCMT,"Houston, TX, USHOU",LALB,"Cai Mep Terminal, 43, VNCMT",SGSIN,YMJA,YML,51625,DRY,9,4/23/2026,5/15/2026,5/11/2026 4:10,1470,1470,274.53,274.53,1744.53,1744.53
USHOU,USLAX,VNCMT,"Houston, TX, USHOU",LALB,"Cai Mep Terminal, 43, VNCMT",SGSIN,YMJA,YML,51625,DRY,9,5/16/2026,6/30/2026,5/11/2026 4:10,1604,1604,274.53,274.53,1878.53,1878.53
USHOU,USLAX,VNCMT,"Houston, TX, USHOU",LALB,"Cai Mep Terminal, 43, VNCMT",VNCMT,ONEY,ONE,CHIM354B25,DRY,15,5/16/2026,6/30/2026,5/11/2026 4:10,2260,2260,182.45,182.45,2442.45,2442.45
USHOU,USLAX,VNCMT,"Houston, TX, USHOU",LALB,"Cai Mep Terminal, 43, VNCMT",VNCMT,ONEY,ONE,CHIM354B25,DRY,15,5/6/2026,5/15/2026,5/11/2026 4:10,2260,2260,182.45,182.45,2442.45,2442.45
USHOU,USHOU,VNDAD,"Houston, TX, USHOU","Houston, TX, USHOU","Da Nang, , VNDAD",VNDAD,ONEY,ONE,CHIM354B25,DRY,15,5/6/2026,6/30/2026,5/11/2026 4:10,800,800,182.45,182.45,982.45,982.45
USHOU,USHOU,VNDAD,"Houston, TX, USHOU","Houston, TX, USHOU","Da Nang, , VNDAD",VNDAD,YMJA,YML,51625,DRY,9,4/23/2026,5/15/2026,5/11/2026 4:10,850,850,177.43,177.43,1027.43,1027.43
USHOU,USHOU,VNDAD,"Houston, TX, USHOU","Houston, TX, USHOU","Da Nang, , VNDAD",VNDAD,MAEU,Maersk,300094432,DRY,0,4/1/2026,9/30/2026,5/11/2026 4:10,903,903,210.97,210.97,1113.97,1113.97
USHOU,USHOU,VNDAD,"Houston, TX, USHOU","Houston, TX, USHOU","Da Nang, , VNDAD",TWKHH,YMJA,YML,51625,DRY,9,4/23/2026,5/15/2026,5/11/2026 4:10,930,930,223.53,223.53,1153.53,1153.53
USHOU,USHOU,VNDAD,"Houston, TX, USHOU","Houston, TX, USHOU","Da Nang, , VNDAD",TWKHH,YMJA,YML,51625,DRY,9,5/16/2026,6/30/2026,5/11/2026 4:10,930,930,223.53,223.53,1153.53,1153.53
USHOU,USHOU,VNDAD,"Houston, TX, USHOU","Houston, TX, USHOU","Da Nang, , VNDAD",VNDAD,YMJA,YML,51625,DRY,9,5/16/2026,6/30/2026,5/11/2026 4:10,984,984,177.43,177.43,1161.43,1161.43
USHOU,USHOU,VNDAD,"Houston, TX, USHOU","Houston, TX, USHOU","Da Nang, , VNDAD",VNDAD,EGLV,EMC,SC103574,DRY,4,5/1/2026,6/30/2026,5/11/2026 4:10,1400,1400,167.63,167.63,1567.63,1567.63
USHOU,USHOU,VNDAD,"Houston, TX, USHOU","Houston, TX, USHOU","Da Nang, , VNDAD",VNDAD,CMDU,CMA,25-0720,DRY,12,4/18/2026,6/30/2026,5/11/2026 4:10,1410,1410,209.44,209.44,1619.44,1619.44
USHOU,USLAX,VNDAD,"Houston, TX, USHOU",LALB,"Da Nang, , VNDAD",TWKHH,YMJA,YML,51625,DRY,9,4/23/2026,5/15/2026,5/11/2026 4:10,1630,1630,223.53,223.53,1853.53,1853.53
USHOU,USLAX,VNDAD,"Houston, TX, USHOU",LALB,"Da Nang, , VNDAD",TWKHH,YMJA,YML,51625,DRY,9,5/16/2026,6/30/2026,5/11/2026 4:10,1630,1630,223.53,223.53,1853.53,1853.53
USHOU,USLAX,VNDAD,"Houston, TX, USHOU",LALB,"Da Nang, , VNDAD",VNCMT,YMJA,YML,51625,DRY,9,4/23/2026,5/15/2026,5/11/2026 4:10,1780,1780,177.43,177.43,1957.43,1957.43
USHOU,USLAX,VNDAD,"Houston, TX, USHOU",LALB,"Da Nang, , VNDAD",VNCMT,YMJA,YML,51625,DRY,9,5/16/2026,6/30/2026,5/11/2026 4:10,1914,1914,177.43,177.43,2091.43,2091.43
USHOU,USHOU,VNDAD,"Houston, TX, USHOU","Houston, TX, USHOU","Da Nang, , VNDAD",VNDAD,MSCU,MSC,25-348WCSA,DRY,7,5/1/2026,5/31/2026,5/11/2026 4:10,2000,2000,184.35,184.35,2184.35,2184.35
USHOU,USHOU,VNDAD,"Houston, TX, USHOU","Houston, TX, USHOU","Da Nang, , VNDAD",VNDAD,MSCU,MSC,25-348WCSA,DRY,7,6/1/2026,6/30/2026,5/11/2026 4:10,2040,2040,184.35,184.35,2224.35,2224.35
USHOU,USLAX,VNDAD,"Houston, TX, USHOU",LALB,"Da Nang, , VNDAD",VNDAD,ONEY,ONE,CHIM354B25,DRY,15,5/16/2026,6/30/2026,5/11/2026 4:10,2950,2950,182.45,182.45,3132.45,3132.45
USHOU,USLAX,VNDAD,"Houston, TX, USHOU",LALB,"Da Nang, , VNDAD",VNDAD,ONEY,ONE,CHIM354B25,DRY,15,5/6/2026,5/15/2026,5/11/2026 4:10,2950,2950,182.45,182.45,3132.45,3132.45
USHOU,USLAX,VNDNA,"Houston, TX, USHOU",LALB,"Dong Nai, , VNDNA",VNCMT,YMJA,YML,51625,DRY,9,4/23/2026,5/15/2026,5/11/2026 4:10,1430,1430,177.43,177.43,1607.43,1607.43
USHOU,USLAX,VNDNA,"Houston, TX, USHOU",LALB,"Dong Nai, , VNDNA",VNCMT,YMJA,YML,51625,DRY,9,5/16/2026,6/30/2026,5/11/2026 4:10,1564,1564,177.43,177.43,1741.43,1741.43
USHOU,USHOU,VNHPH,"Houston, TX, USHOU","Houston, TX, USHOU","Haiphong, , VNHPH",VNHPH,MAEU,Maersk,300094432,DRY,0,4/1/2026,9/30/2026,5/11/2026 4:10,415,415,210.97,210.97,625.97,625.97
USHOU,USHOU,VNHPH,"Houston, TX, USHOU","Houston, TX, USHOU","Haiphong, , VNHPH",VNHPH,YMJA,YML,51625,DRY,9,4/23/2026,5/15/2026,5/11/2026 4:10,450,450,177.43,177.43,627.43,627.43
USHOU,USHOU,VNHPH,"Houston, TX, USHOU","Houston, TX, USHOU","Haiphong, , VNHPH",VNHPH,YMJA,YML,51625,DRY,9,5/16/2026,6/30/2026,5/11/2026 4:10,584,584,177.43,177.43,761.43,761.43
USHOU,USHOU,VNHPH,"Houston, TX, USHOU","Houston, TX, USHOU","Haiphong, , VNHPH",VNHPH,ONEY,ONE,CHIM354B25,DRY,15,5/6/2026,6/30/2026,5/11/2026 4:10,800,800,182.45,182.45,982.45,982.45
USHOU,USLAX,VNHPH,"Houston, TX, USHOU",LALB,"Haiphong, , VNHPH",VNHPH,OOLU,OOCL,MT256104,DRY,16,4/1/2026,6/30/2026,5/11/2026 4:10,985,985,192.72,192.72,1177.72,1177.72
USHOU,USLGB,VNHPH,"Houston, TX, USHOU",LALB,"Haiphong, , VNHPH",VNHPH,OOLU,OOCL,MT256104,DRY,16,4/1/2026,6/30/2026,5/11/2026 4:10,985,985,192.72,192.72,1177.72,1177.72
USHOU,USHOU,VNHPH,"Houston, TX, USHOU","Houston, TX, USHOU","Haiphong, , VNHPH",CNSHA,YMJA,YML,51625,DRY,9,4/23/2026,5/15/2026,5/11/2026 4:10,1200,1200,235.27,235.27,1435.27,1435.27
USHOU,USHOU,VNHPH,"Houston, TX, USHOU","Houston, TX, USHOU","Haiphong, , VNHPH",CNNBG,YMJA,YML,51625,DRY,9,4/23/2026,5/15/2026,5/11/2026 4:10,1200,1200,235.27,235.27,1435.27,1435.27
USHOU,USHOU,VNHPH,"Houston, TX, USHOU","Houston, TX, USHOU","Haiphong, , VNHPH",CNNBG,YMJA,YML,51625,DRY,9,5/16/2026,6/30/2026,5/11/2026 4:10,1334,1334,235.27,235.27,1569.27,1569.27
USHOU,USHOU,VNHPH,"Houston, TX, USHOU","Houston, TX, USHOU","Haiphong, , VNHPH",CNSHA,YMJA,YML,51625,DRY,9,5/16/2026,6/30/2026,5/11/2026 4:10,1334,1334,235.27,235.27,1569.27,1569.27
USHOU,USHOU,VNHPH,"Houston, TX, USHOU","Houston, TX, USHOU","Haiphong, , VNHPH",VNHPH,EGLV,EMC,SC103574,DRY,4,5/1/2026,6/30/2026,5/11/2026 4:10,1400,1400,167.63,167.63,1567.63,1567.63
USHOU,USHOU,VNHPH,"Houston, TX, USHOU","Houston, TX, USHOU","Haiphong, , VNHPH",VNHPH,MSCU,MSC,25-348WCSA,DRY,7,5/1/2026,5/31/2026,5/11/2026 4:10,1800,1800,184.35,184.35,1984.35,1984.35
USHOU,USHOU,VNHPH,"Houston, TX, USHOU","Houston, TX, USHOU","Haiphong, , VNHPH",VNHPH,MSCU,MSC,25-348WCSA,DRY,7,6/1/2026,6/30/2026,5/11/2026 4:10,1840,1840,184.35,184.35,2024.35,2024.35
USHOU,USHOU,VNHPH,"Houston, TX, USHOU","Houston, TX, USHOU","Haiphong, , VNHPH",VNHPH,OOLU,OOCL,MT256104,DRY,16,4/1/2026,6/30/2026,5/11/2026 4:10,1913,1913,192.72,192.72,2105.72,2105.72
USHOU,USLAX,VNHPH,"Houston, TX, USHOU",LALB,"Haiphong, , VNHPH",VNCMT,YMJA,YML,51625,DRY,9,4/23/2026,5/15/2026,5/11/2026 4:10,1950,1950,177.43,177.43,2127.43,2127.43
USHOU,USLAX,VNHPH,"Houston, TX, USHOU",LALB,"Haiphong, , VNHPH",SGSIN,YMJA,YML,51625,DRY,9,4/23/2026,5/15/2026,5/11/2026 4:10,1950,1950,274.53,274.53,2224.53,2224.53
USHOU,USLAX,VNHPH,"Houston, TX, USHOU",LALB,"Haiphong, , VNHPH",SGSIN,YMJA,YML,51625,DRY,9,5/16/2026,6/30/2026,5/11/2026 4:10,2084,2084,274.53,274.53,2358.53,2358.53
USHOU,USLAX,VNHPH,"Houston, TX, USHOU",LALB,"Haiphong, , VNHPH",VNCMT,YMJA,YML,51625,DRY,9,5/16/2026,6/30/2026,5/11/2026 4:10,2084,2084,177.43,177.43,2261.43,2261.43
USHOU,USLAX,VNHPH,"Houston, TX, USHOU",LALB,"Haiphong, , VNHPH",VNHPH,ONEY,ONE,CHIM354B25,DRY,15,5/16/2026,6/30/2026,5/11/2026 4:10,2510,2510,182.45,182.45,2692.45,2692.45
USHOU,USLAX,VNHPH,"Houston, TX, USHOU",LALB,"Haiphong, , VNHPH",VNHPH,ONEY,ONE,CHIM354B25,DRY,15,5/6/2026,5/15/2026,5/11/2026 4:10,2510,2510,182.45,182.45,2692.45,2692.45
USHOU,USLAX,VNIPH,"Houston, TX, USHOU",LALB,"Phuoc Long ICD, , VNIPH",VNCMT,YMJA,YML,51625,DRY,9,4/23/2026,5/15/2026,5/11/2026 4:10,1395,1395,177.43,177.43,1572.43,1572.43
USHOU,USLAX,VNIPH,"Houston, TX, USHOU",LALB,"Phuoc Long ICD, , VNIPH",VNCMT,YMJA,YML,51625,DRY,9,5/16/2026,6/30/2026,5/11/2026 4:10,1529,1529,177.43,177.43,1706.43,1706.43
USHOU,USLAX,VNNHD,"Houston, TX, USHOU",LALB,"Nam Hai Dinh Vu Port, HP, VNNHD",VNNHD,YMJA,YML,51625,DRY,9,4/23/2026,5/15/2026,5/10/2026 3:45,1250,1250,0,0,1250,1250
USHOU,USLAX,VNNHD,"Houston, TX, USHOU",LALB,"Nam Hai Dinh Vu Port, HP, VNNHD",VNNHD,YMJA,YML,51625,DRY,9,5/16/2026,6/30/2026,5/10/2026 3:45,1384,1384,0,0,1384,1384
USHOU,USHOU,VNSGN,"Houston, TX, USHOU","Houston, TX, USHOU","Ho Chi Minh City, , VNSGN",VNSGN,MAEU,Maersk,300094432,DRY,0,4/1/2026,9/30/2026,5/11/2026 4:10,415,415,210.97,210.97,625.97,625.97
USHOU,USHOU,VNSGN,"Houston, TX, USHOU","Houston, TX, USHOU","Ho Chi Minh City, , VNSGN",VNSGN,OOLU,OOCL,MT256104,DRY,16,4/1/2026,6/30/2026,5/11/2026 4:10,473,473,192.72,192.72,665.72,665.72
USHOU,USHOU,VNSGN,"Houston, TX, USHOU","Houston, TX, USHOU","Ho Chi Minh City, , VNSGN",VNSGN,ONEY,ONE,CHIM354B25,DRY,15,5/6/2026,6/30/2026,5/11/2026 4:10,600,600,182.45,182.45,782.45,782.45
USHOU,USHOU,VNSGN,"Houston, TX, USHOU","Houston, TX, USHOU","Ho Chi Minh City, , VNSGN",VNSGN,CMDU,CMA,25-0720,DRY,12,4/18/2026,6/30/2026,5/11/2026 4:10,710,710,167.25,167.25,877.25,877.25
USHOU,USHOU,VNSGN,"Houston, TX, USHOU","Houston, TX, USHOU","Ho Chi Minh City, , VNSGN",TWKHH,HDMU,HMM,US2600031,DRY,4,4/12/2026,5/14/2026,5/11/2026 4:10,844,844,157.37,157.37,1001.37,1001.37
USHOU,USLGB,VNSGN,"Houston, TX, USHOU",LALB,"Ho Chi Minh City, , VNSGN",VNSGN,OOLU,OOCL,MT256104,DRY,16,4/1/2026,6/30/2026,5/11/2026 4:10,1010,1010,192.72,192.72,1202.72,1202.72
USHOU,USLAX,VNSGN,"Houston, TX, USHOU",LALB,"Ho Chi Minh City, , VNSGN",VNSGN,OOLU,OOCL,MT256104,DRY,16,4/1/2026,6/30/2026,5/11/2026 4:10,1010,1010,192.72,192.72,1202.72,1202.72
USHOU,USHOU,VNSGN,"Houston, TX, USHOU","Houston, TX, USHOU","Ho Chi Minh City, , VNSGN",TWKHH,HDMU,HMM,US2600031,DRY,4,5/15/2026,6/30/2026,5/11/2026 4:10,1054,1054,157.37,157.37,1211.37,1211.37
USHOU,USHOU,VNSGN,"Houston, TX, USHOU","Houston, TX, USHOU","Ho Chi Minh City, , VNSGN",TWKHH,HDMU,HMM,US2600031,DRY,4,6/1/2026,7/31/2026,5/11/2026 4:10,1084,1084,157.37,157.37,1241.37,1241.37
USHOU,USLAX,VNSGN,"Houston, TX, USHOU",LALB,"Ho Chi Minh City, , VNSGN",VNCMT,YMJA,YML,51625,DRY,9,4/23/2026,5/15/2026,5/11/2026 4:10,1330,1330,177.43,177.43,1507.43,1507.43
USHOU,USHOU,VNSGN,"Houston, TX, USHOU","Houston, TX, USHOU","Ho Chi Minh City, , VNSGN",VNSGN,EGLV,EMC,SC103574,DRY,4,5/1/2026,6/30/2026,5/11/2026 4:10,1400,1400,167.63,167.63,1567.63,1567.63
USHOU,USLAX,VNSGN,"Houston, TX, USHOU",LALB,"Ho Chi Minh City, , VNSGN",VNCMT,YMJA,YML,51625,DRY,9,5/16/2026,6/30/2026,5/11/2026 4:10,1464,1464,177.43,177.43,1641.43,1641.43
USHOU,USHOU,VNSGN,"Houston, TX, USHOU","Houston, TX, USHOU","Ho Chi Minh City, , VNSGN",VUNG TAU,MSCU,MSC,25-348WCSA,DRY,7,5/1/2026,5/31/2026,5/11/2026 4:10,1900,1900,184.35,184.35,2084.35,2084.35
USHOU,USHOU,VNSGN,"Houston, TX, USHOU","Houston, TX, USHOU","Ho Chi Minh City, , VNSGN",VUNG TAU,MSCU,MSC,25-348WCSA,DRY,7,6/1/2026,6/30/2026,5/11/2026 4:10,1940,1940,184.35,184.35,2124.35,2124.35
USHOU,USLAX,VNSGN,"Houston, TX, USHOU",LALB,"Ho Chi Minh City, , VNSGN",VNSGN,ONEY,ONE,CHIM354B25,DRY,15,5/6/2026,5/15/2026,5/11/2026 4:10,2260,2260,182.45,182.45,2442.45,2442.45
USHOU,USLAX,VNSGN,"Houston, TX, USHOU",LALB,"Ho Chi Minh City, , VNSGN",VNSGN,ONEY,ONE,CHIM354B25,DRY,15,5/16/2026,6/30/2026,5/11/2026 4:10,2260,2260,182.45,182.45,2442.45,2442.45
USHOU,USHOU,VNTOT,"Houston, TX, USHOU","Houston, TX, USHOU","Cai Mep, 43, VNTOT",VNTOT,EGLV,EMC,SC103574,DRY,4,5/1/2026,6/30/2026,5/11/2026 4:10,1400,1400,167.63,167.63,1567.63,1567.63
USHOU,USHOU,VNTTH,"Houston, TX, USHOU","Houston, TX, USHOU","Tan Thanh, 43, VNTTH",VNTTH,OOLU,OOCL,MT256104,DRY,16,4/1/2026,6/30/2026,5/11/2026 4:10,373,373,192.72,192.72,565.72,565.72
USHOU,USLGB,VNTTH,"Houston, TX, USHOU",LALB,"Tan Thanh, 43, VNTTH",VNTTH,OOLU,OOCL,MT256104,DRY,16,4/1/2026,6/30/2026,5/11/2026 4:10,960,960,192.72,192.72,1152.72,1152.72
USHOU,USLAX,VNTTH,"Houston, TX, USHOU",LALB,"Tan Thanh, 43, VNTTH",VNTTH,OOLU,OOCL,MT256104,DRY,16,4/1/2026,6/30/2026,5/11/2026 4:10,960,960,192.72,192.72,1152.72,1152.72
USHOU,USHOU,VNVUT,"Houston, TX, USHOU","Houston, TX, USHOU","Vung Tau, 43, VNVUT",VNVUT,MAEU,Maersk,300094432,DRY,0,4/1/2026,9/30/2026,5/11/2026 4:10,415,415,210.97,210.97,625.97,625.97
USHOU,USHOU,VNVUT,"Houston, TX, USHOU","Houston, TX, USHOU","Vung Tau, 43, VNVUT",VNVUT,CMDU,CMA,25-0720,DRY,12,4/18/2026,6/30/2026,5/11/2026 4:10,710,710,167.25,167.25,877.25,877.25
USHOU,USHOU,VNVUT,"Houston, TX, USHOU","Houston, TX, USHOU","Vung Tau, 43, VNVUT",VNVUT,MSCU,MSC,25-348WCSA,DRY,7,5/1/2026,5/31/2026,5/11/2026 4:10,1800,1800,184.35,184.35,1984.35,1984.35
USHOU,USHOU,VNVUT,"Houston, TX, USHOU","Houston, TX, USHOU","Vung Tau, 43, VNVUT",VNVUT,MSCU,MSC,25-348WCSA,DRY,7,6/1/2026,6/30/2026,5/11/2026 4:10,1840,1840,184.35,184.35,2024.35,2024.35
USHOU,USHOU,ZACPT,"Houston, TX, USHOU","Houston, TX, USHOU","Cape Town, , ZACPT",ZACPT,ONEY,ONE,CHIM354B25,DRY,15,5/6/2026,6/30/2026,5/11/2026 4:10,2500,2500,413.23,413.23,2913.23,2913.23
USHOU,USHOU,ZADUR,"Houston, TX, USHOU","Houston, TX, USHOU","Durban, , ZADUR",ZADUR,ONEY,ONE,CHIM354B25,DRY,15,5/6/2026,6/30/2026,5/11/2026 4:10,2500,2500,413.23,413.23,2913.23,2913.23
USMEM,USLAX,AEJEA,"Memphis, TN, USMEM",LALB,"Jebel Ali, , AEJEA",CNSHA,YMJA,YML,51625,DRY,9,4/23/2026,5/15/2026,5/11/2026 4:10,3290,3290,235.27,235.27,3525.27,3525.27
USMEM,USLAX,AEJEA,"Memphis, TN, USMEM",LALB,"Jebel Ali, , AEJEA",CNNBG,YMJA,YML,51625,DRY,9,4/23/2026,5/15/2026,5/11/2026 4:10,3290,3290,235.27,235.27,3525.27,3525.27
USMEM,USLAX,AEJEA,"Memphis, TN, USMEM",LALB,"Jebel Ali, , AEJEA",CNNBG,YMJA,YML,51625,DRY,9,5/16/2026,6/30/2026,5/11/2026 4:10,3424,3424,235.27,235.27,3659.27,3659.27
USMEM,USLAX,AEJEA,"Memphis, TN, USMEM",LALB,"Jebel Ali, , AEJEA",CNSHA,YMJA,YML,51625,DRY,9,5/16/2026,6/30/2026,5/11/2026 4:10,3424,3424,235.27,235.27,3659.27,3659.27
USMEM,USCHS,BDCGP,"Memphis, TN, USMEM","Charleston, SC, USCHS","Chattogram/Chittagong, , BDCGP",BDCGP,ONEY,ONE,CHIM354B25,DRY,15,5/6/2026,5/15/2026,5/7/2026 4:10,2100,2100,150,150,2250,2250
USMEM,USSAV,BDCGP,"Memphis, TN, USMEM","Savannah, GA, USSAV","Chattogram/Chittagong, , BDCGP",BDCGP,ONEY,ONE,CHIM354B25,DRY,15,5/6/2026,5/15/2026,5/7/2026 4:10,2100,2100,150,150,2250,2250
USMEM,USSAV,BDCGP,"Memphis, TN, USMEM","Savannah, GA, USSAV","Chattogram/Chittagong, , BDCGP",BDCGP,ONEY,ONE,CHIM354B25,DRY,15,5/16/2026,6/30/2026,5/7/2026 4:10,2100,2100,150,150,2250,2250
USMEM,USCHS,BDCGP,"Memphis, TN, USMEM","Charleston, SC, USCHS","Chattogram/Chittagong, , BDCGP",BDCGP,ONEY,ONE,CHIM354B25,DRY,15,5/16/2026,6/30/2026,5/7/2026 4:10,2100,2100,150,150,2250,2250
USMEM,USLAX,BDCGP,"Memphis, TN, USMEM",LALB,"Chattogram/Chittagong, , BDCGP",BDCGP,YMJA,YML,51625,DRY,9,4/23/2026,5/15/2026,5/10/2026 3:45,2190,2190,0,0,2190,2190
USMEM,USCHS,BDCGP,"Memphis, TN, USMEM","Charleston, SC, USCHS","Chattogram/Chittagong, , BDCGP",BDCGP,YMJA,YML,51625,DRY,9,4/23/2026,5/15/2026,5/10/2026 3:45,2197,2197,0,0,2197,2197
USMEM,USSAV,BDCGP,"Memphis, TN, USMEM","Savannah, GA, USSAV","Chattogram/Chittagong, , BDCGP",BDCGP,YMJA,YML,51625,DRY,9,4/23/2026,5/15/2026,5/10/2026 3:45,2198,2198,0,0,2198,2198
USMEM,USCHS,BDCGP,"Memphis, TN, USMEM","Charleston, SC, USCHS","Chattogram/Chittagong, , BDCGP",BDCGP,MAEU,Maersk,300094432,DRY,0,4/1/2026,9/30/2026,3/25/2026 3:45,2269,2269,0,0,2269,2269
USMEM,USLAX,BDCGP,"Memphis, TN, USMEM",LALB,"Chattogram/Chittagong, , BDCGP",BDCGP,YMJA,YML,51625,DRY,9,5/16/2026,6/30/2026,5/10/2026 3:45,2324,2324,0,0,2324,2324
USMEM,USCHS,BDCGP,"Memphis, TN, USMEM","Charleston, SC, USCHS","Chattogram/Chittagong, , BDCGP",BDCGP,YMJA,YML,51625,DRY,9,5/16/2026,6/30/2026,5/10/2026 3:45,2331,2331,0,0,2331,2331
USMEM,USSAV,BDCGP,"Memphis, TN, USMEM","Savannah, GA, USSAV","Chattogram/Chittagong, , BDCGP",BDCGP,YMJA,YML,51625,DRY,9,5/16/2026,6/30/2026,5/10/2026 3:45,2332,2332,0,0,2332,2332
USMEM,USSAV,BDCGP,"Memphis, TN, USMEM","Savannah, GA, USSAV","Chattogram/Chittagong, , BDCGP",BDCGP,OOLU,OOCL,MT256104,DRY,16,4/1/2026,6/30/2026,5/10/2026 4:10,2468,2468,65,65,2533,2533
USMEM,USSAV,BDCGP,"Memphis, TN, USMEM","Savannah, GA, USSAV","Chattogram/Chittagong, , BDCGP",BDCGP,CMDU,CMA,25-0720,DRY,12,4/18/2026,6/30/2026,5/5/2026 3:45,2500,2500,0,0,2500,2500
USMEM,USSAV,BDCGP,"Memphis, TN, USMEM","Savannah, GA, USSAV","Chattogram/Chittagong, , BDCGP",BDCGP,EGLV,EMC,SC103574,DRY,4,5/1/2026,6/30/2026,5/10/2026 3:45,2950,2950,0,0,2950,2950
USMEM,USORF,BDCGP,"Memphis, TN, USMEM","Norfolk, VA, USORF","Chattogram/Chittagong, , BDCGP",BDCGP,EGLV,EMC,SC103574,DRY,4,5/1/2026,6/30/2026,5/10/2026 3:45,2950,2950,0,0,2950,2950
USMEM,USCHS,BDCGP,"Memphis, TN, USMEM","Charleston, SC, USCHS","Chattogram/Chittagong, , BDCGP",BDCGP,EGLV,EMC,SC103574,DRY,4,5/1/2026,6/30/2026,5/10/2026 3:45,2950,2950,0,0,2950,2950
USMEM,USLAX,BDCGP,"Memphis, TN, USMEM",LALB,"Chattogram/Chittagong, , BDCGP",BDCGP,ONEY,ONE,CHIM354B25,DRY,15,5/16/2026,6/30/2026,5/7/2026 4:10,2960,2960,150,150,3110,3110
USMEM,USLAX,BDCGP,"Memphis, TN, USMEM",LALB,"Chattogram/Chittagong, , BDCGP",BDCGP,ONEY,ONE,CHIM354B25,DRY,15,5/6/2026,5/15/2026,5/7/2026 4:10,2960,2960,150,150,3110,3110
USMEM,USHOU,BDCGP,"Memphis, TN, USMEM","Houston, TX, USHOU","Chattogram/Chittagong, , BDCGP",BDCGP,CMDU,CMA,25-0720,DRY,12,4/18/2026,6/30/2026,5/5/2026 3:45,3130,3130,0,0,3130,3130
USMEM,USLAX,BDCGP,"Memphis, TN, USMEM",LALB,"Chattogram/Chittagong, , BDCGP",BDCGP,EGLV,EMC,SC103574,DRY,4,5/1/2026,6/30/2026,5/10/2026 3:45,3400,3400,0,0,3400,3400
USMEM,USLAX,CLARI,"Memphis, TN, USMEM",LALB,"Arica, TA, CLARI",CLARI,ONEY,ONE,CHIM354B25,DRY,15,5/6/2026,5/15/2026,5/7/2026 4:10,3325,3325,150,150,3475,3475
USMEM,USLAX,CLARI,"Memphis, TN, USMEM",LALB,"Arica, TA, CLARI",CLARI,ONEY,ONE,CHIM354B25,DRY,15,5/16/2026,6/30/2026,5/7/2026 4:10,3325,3325,150,150,3475,3475
USMEM,USLAX,CLSAI,"Memphis, TN, USMEM",LALB,"San Antonio, VS, CLSAI",CLSAI,ONEY,ONE,CHIM354B25,DRY,15,5/16/2026,6/30/2026,5/7/2026 4:10,2825,2825,150,150,2975,2975
USMEM,USLAX,CLSAI,"Memphis, TN, USMEM",LALB,"San Antonio, VS, CLSAI",CLSAI,ONEY,ONE,CHIM354B25,DRY,15,5/6/2026,5/15/2026,5/7/2026 4:10,2825,2825,150,150,2975,2975
USMEM,USLAX,CLVAP,"Memphis, TN, USMEM",LALB,"Valparaiso, VS, CLVAP",CLVAP,ONEY,ONE,CHIM354B25,DRY,15,5/16/2026,6/30/2026,5/7/2026 4:10,2825,2825,150,150,2975,2975
USMEM,USLAX,CLVAP,"Memphis, TN, USMEM",LALB,"Valparaiso, VS, CLVAP",CLVAP,ONEY,ONE,CHIM354B25,DRY,15,5/6/2026,5/15/2026,5/7/2026 4:10,2825,2825,150,150,2975,2975
USMEM,USSAV,CNAQG,"Memphis, TN, USMEM","Savannah, GA, USSAV","Anqing Pt, 34, CNAQG",CNAQG,MAEU,Maersk,300094432,DRY,0,4/1/2026,9/30/2026,5/11/2026 4:10,1261,1261,1.76,1.76,1262.76,1262.76
USMEM,USLAX,CNAQG,"Memphis, TN, USMEM",LALB,"Anqing Pt, 34, CNAQG",CNAQG,MAEU,Maersk,300094432,DRY,0,4/1/2026,9/30/2026,5/11/2026 4:10,1358,1358,1.76,1.76,1359.76,1359.76
USMEM,USLAX,CNAQG,"Memphis, TN, USMEM",LALB,"Anqing Pt, 34, CNAQG",CNAQG,ONEY,ONE,CHIM354B25,DRY,15,5/16/2026,6/30/2026,5/11/2026 4:10,1360,1360,126.6,126.6,1486.6,1486.6
USMEM,USLAX,CNAQG,"Memphis, TN, USMEM",LALB,"Anqing Pt, 34, CNAQG",CNAQG,ONEY,ONE,CHIM354B25,DRY,15,5/6/2026,5/15/2026,5/11/2026 4:10,1360,1360,126.6,126.6,1486.6,1486.6
USMEM,USLAX,CNAQG,"Memphis, TN, USMEM",LALB,"Anqing Pt, 34, CNAQG",CNSHA,YMJA,YML,51625,DRY,9,4/23/2026,5/15/2026,5/11/2026 4:10,1390,1390,235.27,235.27,1625.27,1625.27
USMEM,USLAX,CNAQG,"Memphis, TN, USMEM",LALB,"Anqing Pt, 34, CNAQG",CNSHA,YMJA,YML,51625,DRY,9,5/16/2026,6/30/2026,5/11/2026 4:10,1524,1524,235.27,235.27,1759.27,1759.27
USMEM,USSAV,CNAQG,"Memphis, TN, USMEM","Savannah, GA, USSAV","Anqing Pt, 34, CNAQG",CNAQG,CMDU,CMA,25-0720,DRY,12,4/18/2026,6/30/2026,5/11/2026 4:10,1525,1525,169.83,169.83,1694.83,1694.83
USMEM,USLAX,CNCAN,"Memphis, TN, USMEM",LALB,"Guangzhou Baiyun, 44, CNCAN",CNCAN,ONEY,ONE,CHIM354B25,DRY,15,5/6/2026,5/15/2026,5/11/2026 4:10,1950,1950,178.8,178.8,2128.8,2128.8
USMEM,USLAX,CNCAN,"Memphis, TN, USMEM",LALB,"Guangzhou Baiyun, 44, CNCAN",CNCAN,ONEY,ONE,CHIM354B25,DRY,15,5/16/2026,6/30/2026,5/11/2026 4:10,1950,1950,178.8,178.8,2128.8,2128.8
USMEM,USLAX,CNCGS,"Memphis, TN, USMEM",LALB,"Changshu Pt, 37, CNCGS",CNSHA,YMJA,YML,51625,DRY,9,4/23/2026,5/15/2026,5/11/2026 4:10,1380,1380,235.27,235.27,1615.27,1615.27
USMEM,USLAX,CNCGS,"Memphis, TN, USMEM",LALB,"Changshu Pt, 37, CNCGS",CNSHA,YMJA,YML,51625,DRY,9,5/16/2026,6/30/2026,5/11/2026 4:10,1514,1514,235.27,235.27,1749.27,1749.27
USMEM,USLAX,CNCGU,"Memphis, TN, USMEM",LALB,"Changshu, 32, CNCGU",CNCGU,ONEY,ONE,CHIM354B25,DRY,15,5/16/2026,6/30/2026,5/11/2026 4:10,1850,1850,121.75,121.75,1971.75,1971.75
USMEM,USLAX,CNCGU,"Memphis, TN, USMEM",LALB,"Changshu, 32, CNCGU",CNCGU,ONEY,ONE,CHIM354B25,DRY,15,5/6/2026,5/15/2026,5/11/2026 4:10,1850,1850,121.75,121.75,1971.75,1971.75
USMEM,USSAV,CNCHI,"Memphis, TN, USMEM","Savannah, GA, USSAV","Chizhou Pt, 15, CNCHI",CNCHI,CMDU,CMA,25-0720,DRY,12,4/18/2026,6/30/2026,5/11/2026 4:10,1410,1410,169.83,169.83,1579.83,1579.83
USMEM,USSAV,CNCHQ,"Memphis, TN, USMEM","Savannah, GA, USSAV","Chongqing Pt, 50, CNCHQ",CNCHQ,MAEU,Maersk,300094432,DRY,0,4/1/2026,9/30/2026,5/11/2026 4:10,956,956,1.76,1.76,957.76,957.76
USMEM,USLAX,CNCHQ,"Memphis, TN, USMEM",LALB,"Chongqing Pt, 50, CNCHQ",CNCHQ,MAEU,Maersk,300094432,DRY,0,4/1/2026,9/30/2026,5/11/2026 4:10,1053,1053,1.76,1.76,1054.76,1054.76
USMEM,USLAX,CNCHQ,"Memphis, TN, USMEM",LALB,"Chongqing Pt, 50, CNCHQ",CNSHA,YMJA,YML,51625,DRY,9,4/23/2026,5/15/2026,5/11/2026 4:10,1950,1950,235.27,235.27,2185.27,2185.27
USMEM,USLAX,CNCHQ,"Memphis, TN, USMEM",LALB,"Chongqing Pt, 50, CNCHQ",CNSHA,YMJA,YML,51625,DRY,9,5/16/2026,6/30/2026,5/11/2026 4:10,2084,2084,235.27,235.27,2319.27,2319.27
USMEM,USLAX,CNCKG,"Memphis, TN, USMEM",LALB,"Chongqing Jiangbei, 51, CNCKG",CNCKG,ONEY,ONE,CHIM354B25,DRY,15,5/16/2026,6/30/2026,5/11/2026 4:10,1855,1855,121.75,121.75,1976.75,1976.75
USMEM,USLAX,CNCKG,"Memphis, TN, USMEM",LALB,"Chongqing Jiangbei, 51, CNCKG",CNCKG,ONEY,ONE,CHIM354B25,DRY,15,5/6/2026,5/15/2026,5/11/2026 4:10,1855,1855,121.75,121.75,1976.75,1976.75
USMEM,USLAX,CNCNA,"Memphis, TN, USMEM",LALB,"Changsha, 44, CNCNA",CNSHA,YMJA,YML,51625,DRY,9,4/23/2026,5/15/2026,5/11/2026 4:10,1995,1995,235.27,235.27,2230.27,2230.27
USMEM,USLAX,CNCNA,"Memphis, TN, USMEM",LALB,"Changsha, 44, CNCNA",CNSHA,YMJA,YML,51625,DRY,9,5/16/2026,6/30/2026,5/11/2026 4:10,2129,2129,235.27,235.27,2364.27,2364.27
USMEM,USSAV,CNCQI,"Memphis, TN, USMEM","Savannah, GA, USSAV","Chongqing, 50, CNCQI",CNCQI,CMDU,CMA,25-0720,DRY,12,4/18/2026,6/30/2026,5/11/2026 4:10,1760,1760,169.83,169.83,1929.83,1929.83
USMEM,USSAV,CNCZX,"Memphis, TN, USMEM","Savannah, GA, USSAV","Changzhou Pt, 32, CNCZX",CNCZX,MAEU,Maersk,300094432,DRY,0,4/1/2026,9/30/2026,5/11/2026 4:10,1169,1169,1.76,1.76,1170.76,1170.76
USMEM,USLAX,CNCZX,"Memphis, TN, USMEM",LALB,"Changzhou Pt, 32, CNCZX",CNCZX,MAEU,Maersk,300094432,DRY,0,4/1/2026,9/30/2026,5/11/2026 4:10,1266,1266,1.76,1.76,1267.76,1267.76
USMEM,USLAX,CNCZX,"Memphis, TN, USMEM",LALB,"Changzhou Pt, 32, CNCZX",CNSHA,YMJA,YML,51625,DRY,9,4/23/2026,5/15/2026,5/11/2026 4:10,1380,1380,235.27,235.27,1615.27,1615.27
USMEM,USLAX,CNCZX,"Memphis, TN, USMEM",LALB,"Changzhou Pt, 32, CNCZX",CNSHA,YMJA,YML,51625,DRY,9,5/16/2026,6/30/2026,5/11/2026 4:10,1514,1514,235.27,235.27,1749.27,1749.27
USMEM,USSAV,CNCZX,"Memphis, TN, USMEM","Savannah, GA, USSAV","Changzhou Pt, 32, CNCZX",CNCZX,CMDU,CMA,25-0720,DRY,12,4/18/2026,6/30/2026,5/11/2026 4:10,1525,1525,169.83,169.83,1694.83,1694.83
USMEM,USSAV,CNDFG,"Memphis, TN, USMEM","Savannah, GA, USSAV","Dafeng Pt, 22, CNDFG",CNDFG,MAEU,Maersk,300094432,DRY,0,4/1/2026,9/30/2026,5/11/2026 4:10,731,731,1.76,1.76,732.76,732.76
USMEM,USLAX,CNDFG,"Memphis, TN, USMEM",LALB,"Dafeng Pt, 22, CNDFG",CNDFG,MAEU,Maersk,300094432,DRY,0,4/1/2026,9/30/2026,5/11/2026 4:10,828,828,1.76,1.76,829.76,829.76
USMEM,USSAV,CNDFG,"Memphis, TN, USMEM","Savannah, GA, USSAV","Dafeng Pt, 22, CNDFG",CNDFG,CMDU,CMA,25-0720,DRY,12,4/18/2026,6/30/2026,5/11/2026 4:10,1095,1095,169.83,169.83,1264.83,1264.83
USMEM,USLAX,CNDFG,"Memphis, TN, USMEM",LALB,"Dafeng Pt, 22, CNDFG",CNSHA,YMJA,YML,51625,DRY,9,4/23/2026,5/15/2026,5/11/2026 4:10,1460,1460,235.27,235.27,1695.27,1695.27
USMEM,USLAX,CNDFG,"Memphis, TN, USMEM",LALB,"Dafeng Pt, 22, CNDFG",CNSHA,YMJA,YML,51625,DRY,9,5/16/2026,6/30/2026,5/11/2026 4:10,1594,1594,235.27,235.27,1829.27,1829.27
USMEM,USLAX,CNDLC,"Memphis, TN, USMEM",LALB,"Dalian, 21, CNDLC",CNDLC,MAEU,Maersk,300094432,DRY,0,4/1/2026,9/30/2026,3/25/2026 3:45,1048,1048,0,0,1048,1048
USMEM,USLGB,CNDLC,"Memphis, TN, USMEM",LALB,"Dalian, 21, CNDLC",CNDLC,OOLU,OOCL,MT256104,DRY,16,4/1/2026,6/30/2026,5/10/2026 3:45,1070,1070,0,0,1070,1070
USMEM,USLAX,CNDLC,"Memphis, TN, USMEM",LALB,"Dalian, 21, CNDLC",CNDLC,OOLU,OOCL,MT256104,DRY,16,4/1/2026,6/30/2026,5/10/2026 3:45,1070,1070,0,0,1070,1070
USMEM,USSAV,CNDLC,"Memphis, TN, USMEM","Savannah, GA, USSAV","Dalian, 21, CNDLC",CNDLC,MAEU,Maersk,300094432,DRY,0,4/1/2026,9/30/2026,3/25/2026 3:45,1151,1151,0,0,1151,1151
USMEM,USSAV,CNDLC,"Memphis, TN, USMEM","Savannah, GA, USSAV","Dalian, 21, CNDLC",CNDLC,OOLU,OOCL,MT256104,DRY,16,4/1/2026,6/30/2026,5/10/2026 3:45,1393,1393,0,0,1393,1393
USMEM,USLAX,CNDLC,"Memphis, TN, USMEM",LALB,"Dalian, 21, CNDLC",KRPUS,YMJA,YML,51625,DRY,9,4/23/2026,5/15/2026,5/11/2026 4:10,1470,1470,123.14,123.14,1593.14,1593.14
USMEM,USSAV,CNDLC,"Memphis, TN, USMEM","Savannah, GA, USSAV","Dalian, 21, CNDLC",CNDLC,CMDU,CMA,25-0720,DRY,12,4/18/2026,6/30/2026,5/11/2026 4:10,1525,1525,166.16,166.16,1691.16,1691.16
USMEM,USLAX,CNDLC,"Memphis, TN, USMEM",LALB,"Dalian, 21, CNDLC",CNTAO,YMJA,YML,51625,DRY,9,4/23/2026,5/15/2026,5/11/2026 4:10,1570,1570,235.27,235.27,1805.27,1805.27
USMEM,USLAX,CNDLC,"Memphis, TN, USMEM",LALB,"Dalian, 21, CNDLC",KRPUS,YMJA,YML,51625,DRY,9,5/16/2026,6/30/2026,5/11/2026 4:10,1604,1604,123.14,123.14,1727.14,1727.14
USMEM,USLAX,CNDLC,"Memphis, TN, USMEM",LALB,"Dalian, 21, CNDLC",CNTAO,YMJA,YML,51625,DRY,9,5/16/2026,6/30/2026,5/11/2026 4:10,1704,1704,235.27,235.27,1939.27,1939.27
USMEM,USLAX,CNDOU,"Memphis, TN, USMEM",LALB,"Doumen Pt, 44, CNDOU",CNDOU,ONEY,ONE,CHIM354B25,DRY,15,5/6/2026,5/15/2026,5/11/2026 4:10,1850,1850,178.8,178.8,2028.8,2028.8
USMEM,USLAX,CNDOU,"Memphis, TN, USMEM",LALB,"Doumen Pt, 44, CNDOU",CNDOU,ONEY,ONE,CHIM354B25,DRY,15,5/16/2026,6/30/2026,5/11/2026 4:10,1850,1850,178.8,178.8,2028.8,2028.8
USMEM,USLAX,CNFOC,"Memphis, TN, USMEM",LALB,"Fuzhou Changle, 35, CNFOC",CNFOC,ONEY,ONE,CHIM354B25,DRY,15,5/16/2026,6/30/2026,5/11/2026 4:10,1975,1975,121.6,121.6,2096.6,2096.6
USMEM,USLAX,CNFOC,"Memphis, TN, USMEM",LALB,"Fuzhou Changle, 35, CNFOC",CNFOC,ONEY,ONE,CHIM354B25,DRY,15,5/6/2026,5/15/2026,5/11/2026 4:10,1975,1975,121.6,121.6,2096.6,2096.6
USMEM,USSAV,CNFZG,"Memphis, TN, USMEM","Savannah, GA, USSAV","Fuzhou Pt, 23, CNFZG",CNFZG,MAEU,Maersk,300094432,DRY,0,4/1/2026,9/30/2026,3/25/2026 3:45,951,951,0,0,951,951
USMEM,USLAX,CNFZG,"Memphis, TN, USMEM",LALB,"Fuzhou Pt, 23, CNFZG",CNFZG,MAEU,Maersk,300094432,DRY,0,4/1/2026,9/30/2026,3/25/2026 3:45,1048,1048,0,0,1048,1048
USMEM,USLAX,CNFZG,"Memphis, TN, USMEM",LALB,"Fuzhou Pt, 23, CNFZG",CNNBG,YMJA,YML,51625,DRY,9,4/23/2026,5/15/2026,5/11/2026 4:10,1550,1550,235.27,235.27,1785.27,1785.27
USMEM,USLAX,CNFZG,"Memphis, TN, USMEM",LALB,"Fuzhou Pt, 23, CNFZG",CNNBG,YMJA,YML,51625,DRY,9,5/16/2026,6/30/2026,5/11/2026 4:10,1684,1684,235.27,235.27,1919.27,1919.27
USMEM,USLAX,CNGOM,"Memphis, TN, USMEM",LALB,"Gaoming Pt, 44, CNGOM",CNGOM,MAEU,Maersk,300094432,DRY,0,4/1/2026,9/30/2026,3/25/2026 3:45,1145,1145,0,0,1145,1145
USMEM,USSAV,CNGOM,"Memphis, TN, USMEM","Savannah, GA, USSAV","Gaoming Pt, 44, CNGOM",CNGOM,MAEU,Maersk,300094432,DRY,0,4/1/2026,9/30/2026,3/25/2026 3:45,1248,1248,0,0,1248,1248
USMEM,USSAV,CNGOM,"Memphis, TN, USMEM","Savannah, GA, USSAV","Gaoming Pt, 44, CNGOM",CNGOM,CMDU,CMA,25-0720,DRY,12,4/18/2026,6/30/2026,5/11/2026 4:10,1460,1460,166.16,166.16,1626.16,1626.16
USMEM,USLAX,CNGON,"Memphis, TN, USMEM",LALB,"Gaolan, 44, CNGON",CNGON,ONEY,ONE,CHIM354B25,DRY,15,5/6/2026,5/15/2026,5/11/2026 4:10,1900,1900,178.8,178.8,2078.8,2078.8
USMEM,USLAX,CNGON,"Memphis, TN, USMEM",LALB,"Gaolan, 44, CNGON",CNGON,ONEY,ONE,CHIM354B25,DRY,15,5/16/2026,6/30/2026,5/11/2026 4:10,1900,1900,178.8,178.8,2078.8,2078.8
USMEM,USLAX,CNGZG,"Memphis, TN, USMEM",LALB,"Guangzhou Pt, 22, CNGZG",CNGZG,YMJA,YML,51625,DRY,9,4/23/2026,5/15/2026,5/11/2026 4:10,1450,1450,235.27,235.27,1685.27,1685.27
USMEM,USLAX,CNGZG,"Memphis, TN, USMEM",LALB,"Guangzhou Pt, 22, CNGZG",CNGZG,YMJA,YML,51625,DRY,9,5/16/2026,6/30/2026,5/11/2026 4:10,1584,1584,235.27,235.27,1819.27,1819.27
USMEM,USSAV,CNHFI,"Memphis, TN, USMEM","Savannah, GA, USSAV","Hefei, 34, CNHFI",CNHFI,CMDU,CMA,25-0720,DRY,12,4/18/2026,6/30/2026,5/11/2026 4:10,1210,1210,166.16,166.16,1376.16,1376.16
USMEM,USLAX,CNHFI,"Memphis, TN, USMEM",LALB,"Hefei, 34, CNHFI",CNSHA,YMJA,YML,51625,DRY,9,4/23/2026,5/15/2026,5/11/2026 4:10,2440,2440,235.27,235.27,2675.27,2675.27
USMEM,USLAX,CNHFI,"Memphis, TN, USMEM",LALB,"Hefei, 34, CNHFI",CNSHA,YMJA,YML,51625,DRY,9,5/16/2026,6/30/2026,5/11/2026 4:10,2574,2574,235.27,235.27,2809.27,2809.27
USMEM,USLAX,CNHSI,"Memphis, TN, USMEM",LALB,"Huangshi Pt, 42, CNHSI",CNSHA,YMJA,YML,51625,DRY,9,4/23/2026,5/15/2026,5/11/2026 4:10,1520,1520,235.27,235.27,1755.27,1755.27
USMEM,USLAX,CNHSI,"Memphis, TN, USMEM",LALB,"Huangshi Pt, 42, CNHSI",CNSHA,YMJA,YML,51625,DRY,9,5/16/2026,6/30/2026,5/11/2026 4:10,1654,1654,235.27,235.27,1889.27,1889.27
USMEM,USLAX,CNHUA,"Memphis, TN, USMEM",LALB,"Huangpu Pt, 44, CNHUA",CNHUA,MAEU,Maersk,300094432,DRY,0,4/1/2026,9/30/2026,3/25/2026 3:45,765,765,0,0,765,765
USMEM,USSAV,CNHUA,"Memphis, TN, USMEM","Savannah, GA, USSAV","Huangpu Pt, 44, CNHUA",CNHUA,MAEU,Maersk,300094432,DRY,0,4/1/2026,9/30/2026,3/25/2026 3:45,868,868,0,0,868,868
USMEM,USSAV,CNHUA,"Memphis, TN, USMEM","Savannah, GA, USSAV","Huangpu Pt, 44, CNHUA",CNHUA,CMDU,CMA,25-0720,DRY,12,4/18/2026,6/30/2026,5/11/2026 4:10,970,970,166.16,166.16,1136.16,1136.16
USMEM,USLAX,CNHUA,"Memphis, TN, USMEM",LALB,"Huangpu Pt, 44, CNHUA",CNHUA,OOLU,OOCL,MT256104,DRY,16,4/1/2026,6/30/2026,5/11/2026 4:10,1000,1000,166.6,166.6,1166.6,1166.6
USMEM,USLGB,CNHUA,"Memphis, TN, USMEM",LALB,"Huangpu Pt, 44, CNHUA",CNHUA,OOLU,OOCL,MT256104,DRY,16,4/1/2026,6/30/2026,5/11/2026 4:10,1000,1000,166.6,166.6,1166.6,1166.6
USMEM,USLAX,CNHUA,"Memphis, TN, USMEM",LALB,"Huangpu Pt, 44, CNHUA",CNHUA,ONEY,ONE,CHIM354B25,DRY,15,5/6/2026,5/15/2026,5/11/2026 4:10,1300,1300,178.8,178.8,1478.8,1478.8
USMEM,USLAX,CNHUA,"Memphis, TN, USMEM",LALB,"Huangpu Pt, 44, CNHUA",CNHUA,ONEY,ONE,CHIM354B25,DRY,15,5/16/2026,6/30/2026,5/11/2026 4:10,1300,1300,178.8,178.8,1478.8,1478.8
USMEM,USSAV,CNHUA,"Memphis, TN, USMEM","Savannah, GA, USSAV","Huangpu Pt, 44, CNHUA",CNHUA,OOLU,OOCL,MT256104,DRY,16,4/1/2026,6/30/2026,5/11/2026 4:10,1398,1398,166.6,166.6,1564.6,1564.6
USMEM,USLAX,CNHUA,"Memphis, TN, USMEM",LALB,"Huangpu Pt, 44, CNHUA",CNHUA,YMJA,YML,51625,DRY,9,4/23/2026,5/15/2026,5/11/2026 4:10,1450,1450,235.27,235.27,1685.27,1685.27
USMEM,USLAX,CNHUA,"Memphis, TN, USMEM",LALB,"Huangpu Pt, 44, CNHUA",CNHUA,YMJA,YML,51625,DRY,9,5/16/2026,6/30/2026,5/11/2026 4:10,1584,1584,235.27,235.27,1819.27,1819.27
USMEM,USLAX,CNHZH,"Memphis, TN, USMEM",LALB,"Huzhou Pt, 33, CNHZH",CNSHA,YMJA,YML,51625,DRY,9,4/23/2026,5/15/2026,5/11/2026 4:10,1315,1315,235.27,235.27,1550.27,1550.27
USMEM,USLAX,CNHZH,"Memphis, TN, USMEM",LALB,"Huzhou Pt, 33, CNHZH",CNSHA,YMJA,YML,51625,DRY,9,5/16/2026,6/30/2026,5/11/2026 4:10,1449,1449,235.27,235.27,1684.27,1684.27
USMEM,USSAV,CNJGZ,"Memphis, TN, USMEM","Savannah, GA, USSAV","Jingzhou, 42, CNJGZ",CNJGZ,CMDU,CMA,25-0720,DRY,12,4/18/2026,6/30/2026,5/11/2026 4:10,1360,1360,169.83,169.83,1529.83,1529.83
USMEM,USSAV,CNJIA,"Memphis, TN, USMEM","Savannah, GA, USSAV","Jiangyin Pt, 32, CNJIA",CNJIA,MAEU,Maersk,300094432,DRY,0,4/1/2026,9/30/2026,5/11/2026 4:10,1149,1149,1.76,1.76,1150.76,1150.76
USMEM,USLAX,CNJIA,"Memphis, TN, USMEM",LALB,"Jiangyin Pt, 32, CNJIA",CNJIA,MAEU,Maersk,300094432,DRY,0,4/1/2026,9/30/2026,5/11/2026 4:10,1246,1246,1.76,1.76,1247.76,1247.76
USMEM,USLAX,CNJIA,"Memphis, TN, USMEM",LALB,"Jiangyin Pt, 32, CNJIA",CNSHA,YMJA,YML,51625,DRY,9,4/23/2026,5/15/2026,5/11/2026 4:10,1380,1380,235.27,235.27,1615.27,1615.27
USMEM,USLAX,CNJIA,"Memphis, TN, USMEM",LALB,"Jiangyin Pt, 32, CNJIA",CNSHA,YMJA,YML,51625,DRY,9,5/16/2026,6/30/2026,5/11/2026 4:10,1514,1514,235.27,235.27,1749.27,1749.27
USMEM,USSAV,CNJIU,"Memphis, TN, USMEM","Savannah, GA, USSAV","Jiujiang Pt, 36, CNJIU",CNJIU,CMDU,CMA,25-0720,DRY,12,4/18/2026,6/30/2026,5/11/2026 4:10,1020,1020,169.83,169.83,1189.83,1189.83
USMEM,USLAX,CNJIU,"Memphis, TN, USMEM",LALB,"Jiujiang Pt, 36, CNJIU",CNSHA,YMJA,YML,51625,DRY,9,4/23/2026,5/15/2026,5/11/2026 4:10,1510,1510,235.27,235.27,1745.27,1745.27
USMEM,USLAX,CNJIU,"Memphis, TN, USMEM",LALB,"Jiujiang Pt, 36, CNJIU",CNSHA,YMJA,YML,51625,DRY,9,5/16/2026,6/30/2026,5/11/2026 4:10,1644,1644,235.27,235.27,1879.27,1879.27
USMEM,USLAX,CNJIU,"Memphis, TN, USMEM",LALB,"Jiujiang Pt, 36, CNJIU",CNJIU,MAEU,Maersk,300094432,DRY,0,4/1/2026,9/30/2026,5/11/2026 4:10,2221,2221,1.76,1.76,2222.76,2222.76
USMEM,USSAV,CNJIU,"Memphis, TN, USMEM","Savannah, GA, USSAV","Jiujiang Pt, 36, CNJIU",CNJIU,MAEU,Maersk,300094432,DRY,0,4/1/2026,9/30/2026,5/11/2026 4:10,2427,2427,1.76,1.76,2428.76,2428.76
USMEM,USLAX,CNJMN,"Memphis, TN, USMEM",LALB,"Jiangmen Pt, 44, CNJMN",CNJMN,MAEU,Maersk,300094432,DRY,0,4/1/2026,9/30/2026,3/25/2026 3:45,1368,1368,0,0,1368,1368
USMEM,USSAV,CNJMN,"Memphis, TN, USMEM","Savannah, GA, USSAV","Jiangmen Pt, 44, CNJMN",CNJMN,MAEU,Maersk,300094432,DRY,0,4/1/2026,9/30/2026,3/25/2026 3:45,1471,1471,0,0,1471,1471
USMEM,USSAV,CNJMN,"Memphis, TN, USMEM","Savannah, GA, USSAV","Jiangmen Pt, 44, CNJMN",CNJMN,CMDU,CMA,25-0720,DRY,12,4/18/2026,6/30/2026,5/11/2026 4:10,1525,1525,166.16,166.16,1691.16,1691.16
USMEM,USLAX,CNJNZ,"Memphis, TN, USMEM",LALB,"Jinzhou Pt, 21, CNJNZ",KRPUS,YMJA,YML,51625,DRY,9,4/23/2026,5/15/2026,5/11/2026 4:10,1970,1970,123.14,123.14,2093.14,2093.14
USMEM,USLAX,CNJNZ,"Memphis, TN, USMEM",LALB,"Jinzhou Pt, 21, CNJNZ",KRPUS,YMJA,YML,51625,DRY,9,5/16/2026,6/30/2026,5/11/2026 4:10,2104,2104,123.14,123.14,2227.14,2227.14
USMEM,USLAX,CNJZK,"Memphis, TN, USMEM",LALB,"Jingzhou Pt, 42, CNJZK",CNSHA,YMJA,YML,51625,DRY,9,4/23/2026,5/15/2026,5/11/2026 4:10,1530,1530,235.27,235.27,1765.27,1765.27
USMEM,USLAX,CNJZK,"Memphis, TN, USMEM",LALB,"Jingzhou Pt, 42, CNJZK",CNSHA,YMJA,YML,51625,DRY,9,5/16/2026,6/30/2026,5/11/2026 4:10,1664,1664,235.27,235.27,1899.27,1899.27
USMEM,USLAX,CNKHN,"Memphis, TN, USMEM",LALB,"Nanchang Changbei, 36, CNKHN",CNSHA,YMJA,YML,51625,DRY,9,4/23/2026,5/15/2026,5/11/2026 4:10,1590,1590,235.27,235.27,1825.27,1825.27
USMEM,USLAX,CNKHN,"Memphis, TN, USMEM",LALB,"Nanchang Changbei, 36, CNKHN",CNSHA,YMJA,YML,51625,DRY,9,5/16/2026,6/30/2026,5/11/2026 4:10,1724,1724,235.27,235.27,1959.27,1959.27
USMEM,USLGB,CNKPN,"Memphis, TN, USMEM",LALB,"Kaiping, 13, CNKPN",CNKPN,OOLU,OOCL,MT256104,DRY,16,4/1/2026,6/30/2026,5/10/2026 3:45,1030,1030,0,0,1030,1030
USMEM,USLAX,CNKPN,"Memphis, TN, USMEM",LALB,"Kaiping, 13, CNKPN",CNKPN,OOLU,OOCL,MT256104,DRY,16,4/1/2026,6/30/2026,5/10/2026 3:45,1030,1030,0,0,1030,1030
USMEM,USLAX,CNKUS,"Memphis, TN, USMEM",LALB,"Kunshan, 32, CNKUS",CNSHA,YMJA,YML,51625,DRY,9,4/23/2026,5/15/2026,5/11/2026 4:10,1540,1540,235.27,235.27,1775.27,1775.27
USMEM,USLAX,CNKUS,"Memphis, TN, USMEM",LALB,"Kunshan, 32, CNKUS",CNSHA,YMJA,YML,51625,DRY,9,5/16/2026,6/30/2026,5/11/2026 4:10,1674,1674,235.27,235.27,1909.27,1909.27
USMEM,USLAX,CNLIH,"Memphis, TN, USMEM",LALB,"Lianhuashan Pt, 44, CNLIH",CNSHK,YMJA,YML,51625,DRY,9,4/23/2026,5/15/2026,5/11/2026 4:10,1370,1370,235.27,235.27,1605.27,1605.27
USMEM,USLAX,CNLIH,"Memphis, TN, USMEM",LALB,"Lianhuashan Pt, 44, CNLIH",CNSHK,YMJA,YML,51625,DRY,9,5/16/2026,6/30/2026,5/11/2026 4:10,1504,1504,235.27,235.27,1739.27,1739.27
USMEM,USLAX,CNLIH,"Memphis, TN, USMEM",LALB,"Lianhuashan Pt, 44, CNLIH",CNYTN,YMJA,YML,51625,DRY,9,4/23/2026,5/15/2026,5/11/2026 4:10,1525,1525,235.27,235.27,1760.27,1760.27
USMEM,USLAX,CNLIH,"Memphis, TN, USMEM",LALB,"Lianhuashan Pt, 44, CNLIH",CNYTN,YMJA,YML,51625,DRY,9,5/16/2026,6/30/2026,5/11/2026 4:10,1659,1659,235.27,235.27,1894.27,1894.27
USMEM,USSAV,CNLYG,"Memphis, TN, USMEM","Savannah, GA, USSAV","Lianyungang, 32, CNLYG",CNLYG,MAEU,Maersk,300094432,DRY,0,4/1/2026,9/30/2026,3/25/2026 3:45,618,618,0,0,618,618
USMEM,USLAX,CNLYG,"Memphis, TN, USMEM",LALB,"Lianyungang, 32, CNLYG",CNLYG,MAEU,Maersk,300094432,DRY,0,4/1/2026,9/30/2026,3/25/2026 3:45,715,715,0,0,715,715
USMEM,USSAV,CNLYG,"Memphis, TN, USMEM","Savannah, GA, USSAV","Lianyungang, 32, CNLYG",CNLYG,CMDU,CMA,25-0720,DRY,12,4/18/2026,6/30/2026,5/11/2026 4:10,1525,1525,174.98,174.98,1699.98,1699.98
USMEM,USLAX,CNLYG,"Memphis, TN, USMEM",LALB,"Lianyungang, 32, CNLYG",CNLYG,ONEY,ONE,CHIM354B25,DRY,15,5/16/2026,6/30/2026,5/11/2026 4:10,1625,1625,122.49,122.49,1747.49,1747.49
USMEM,USLAX,CNLYG,"Memphis, TN, USMEM",LALB,"Lianyungang, 32, CNLYG",CNLYG,ONEY,ONE,CHIM354B25,DRY,15,5/6/2026,5/15/2026,5/11/2026 4:10,1625,1625,122.49,122.49,1747.49,1747.49
USMEM,USLAX,CNLYG,"Memphis, TN, USMEM",LALB,"Lianyungang, 32, CNLYG",CNLYG,OOLU,OOCL,MT256104,DRY,16,4/1/2026,6/30/2026,5/11/2026 4:10,1690,1690,166.6,166.6,1856.6,1856.6
USMEM,USLGB,CNLYG,"Memphis, TN, USMEM",LALB,"Lianyungang, 32, CNLYG",CNLYG,OOLU,OOCL,MT256104,DRY,16,4/1/2026,6/30/2026,5/11/2026 4:10,1690,1690,166.6,166.6,1856.6,1856.6
USMEM,USLAX,CNLZU,"Memphis, TN, USMEM",LALB,"Luzhou, 51, CNLZU",CNSHA,YMJA,YML,51625,DRY,9,4/23/2026,5/15/2026,5/11/2026 4:10,1990,1990,235.27,235.27,2225.27,2225.27
USMEM,USLAX,CNLZU,"Memphis, TN, USMEM",LALB,"Luzhou, 51, CNLZU",CNSHA,YMJA,YML,51625,DRY,9,5/16/2026,6/30/2026,5/11/2026 4:10,2124,2124,235.27,235.27,2359.27,2359.27
USMEM,USSAV,CNMAA,"Memphis, TN, USMEM","Savannah, GA, USSAV","Maanshan Pt, 34, CNMAA",CNMAA,CMDU,CMA,25-0720,DRY,12,4/18/2026,6/30/2026,5/11/2026 4:10,1210,1210,169.83,169.83,1379.83,1379.83
USMEM,USLAX,CNMAA,"Memphis, TN, USMEM",LALB,"Maanshan Pt, 34, CNMAA",CNSHA,YMJA,YML,51625,DRY,9,4/23/2026,5/15/2026,5/11/2026 4:10,1390,1390,235.27,235.27,1625.27,1625.27
USMEM,USLAX,CNMAA,"Memphis, TN, USMEM",LALB,"Maanshan Pt, 34, CNMAA",CNSHA,YMJA,YML,51625,DRY,9,5/16/2026,6/30/2026,5/11/2026 4:10,1524,1524,235.27,235.27,1759.27,1759.27
USMEM,USSAV,CNNBG,"Memphis, TN, USMEM","Savannah, GA, USSAV","Ningbo Pt, 33, CNNBG",CNNBG,MAEU,Maersk,300094432,DRY,0,4/1/2026,9/30/2026,3/25/2026 3:45,478,478,0,0,478,478
USMEM,USLAX,CNNBG,"Memphis, TN, USMEM",LALB,"Ningbo Pt, 33, CNNBG",CNNBG,MAEU,Maersk,300094432,DRY,0,4/1/2026,9/30/2026,3/25/2026 3:45,565,565,0,0,565,565
USMEM,USCHS,CNNBG,"Memphis, TN, USMEM","Charleston, SC, USCHS","Ningbo Pt, 33, CNNBG",CNNBG,YMJA,YML,51625,DRY,9,4/23/2026,5/15/2026,5/11/2026 4:10,657,657,235.27,235.27,892.27,892.27
USMEM,USSAV,CNNBG,"Memphis, TN, USMEM","Savannah, GA, USSAV","Ningbo Pt, 33, CNNBG",CNNBG,YMJA,YML,51625,DRY,9,4/23/2026,5/15/2026,5/11/2026 4:10,658,658,235.27,235.27,893.27,893.27
USMEM,USLAX,CNNBG,"Memphis, TN, USMEM",LALB,"Ningbo Pt, 33, CNNBG",CNNBG,OOLU,OOCL,MT256104,DRY,16,4/1/2026,6/30/2026,5/11/2026 4:10,710,710,168.36,168.36,878.36,878.36
USMEM,USLGB,CNNBG,"Memphis, TN, USMEM",LALB,"Ningbo Pt, 33, CNNBG",CNNBG,OOLU,OOCL,MT256104,DRY,16,4/1/2026,6/30/2026,5/11/2026 4:10,710,710,168.36,168.36,878.36,878.36
USMEM,USSAV,CNNBG,"Memphis, TN, USMEM","Savannah, GA, USSAV","Ningbo Pt, 33, CNNBG",CNNBG,CMDU,CMA,25-0720,DRY,12,4/18/2026,6/30/2026,5/11/2026 4:10,720,720,169.83,169.83,889.83,889.83
USMEM,USCHS,CNNBG,"Memphis, TN, USMEM","Charleston, SC, USCHS","Ningbo Pt, 33, CNNBG",CNNBG,YMJA,YML,51625,DRY,9,5/16/2026,6/30/2026,5/11/2026 4:10,791,791,235.27,235.27,1026.27,1026.27
USMEM,USSAV,CNNBG,"Memphis, TN, USMEM","Savannah, GA, USSAV","Ningbo Pt, 33, CNNBG",CNNBG,YMJA,YML,51625,DRY,9,5/16/2026,6/30/2026,5/11/2026 4:10,792,792,235.27,235.27,1027.27,1027.27
USMEM,USLAX,CNNBG,"Memphis, TN, USMEM",LALB,"Ningbo Pt, 33, CNNBG",CNNBG,YMJA,YML,51625,DRY,9,4/23/2026,5/15/2026,5/11/2026 4:10,925,925,235.27,235.27,1160.27,1160.27
USMEM,USSAV,CNNBG,"Memphis, TN, USMEM","Savannah, GA, USSAV","Ningbo Pt, 33, CNNBG",CNNBG,EGLV,EMC,SC103574,DRY,4,5/1/2026,6/30/2026,5/10/2026 3:45,950,950,0,0,950,950
USMEM,USCHS,CNNBG,"Memphis, TN, USMEM","Charleston, SC, USCHS","Ningbo Pt, 33, CNNBG",CNNBG,EGLV,EMC,SC103574,DRY,4,5/1/2026,6/30/2026,5/10/2026 3:45,950,950,0,0,950,950
USMEM,USORF,CNNBG,"Memphis, TN, USMEM","Norfolk, VA, USORF","Ningbo Pt, 33, CNNBG",CNNBG,EGLV,EMC,SC103574,DRY,4,5/1/2026,6/30/2026,5/10/2026 3:45,950,950,0,0,950,950
USMEM,USSAV,CNNBG,"Memphis, TN, USMEM","Savannah, GA, USSAV","Ningbo Pt, 33, CNNBG",CNNBG,OOLU,OOCL,MT256104,DRY,16,4/1/2026,6/30/2026,5/11/2026 4:10,1043,1043,168.36,168.36,1211.36,1211.36
USMEM,USLAX,CNNBG,"Memphis, TN, USMEM",LALB,"Ningbo Pt, 33, CNNBG",CNNBG,YMJA,YML,51625,DRY,9,4/23/2026,5/15/2026,5/11/2026 4:10,1050,1050,235.27,235.27,1285.27,1285.27
USMEM,USLAX,CNNBG,"Memphis, TN, USMEM",LALB,"Ningbo Pt, 33, CNNBG",CNNBG,YMJA,YML,51625,DRY,9,5/16/2026,6/30/2026,5/11/2026 4:10,1059,1059,235.27,235.27,1294.27,1294.27
USMEM,USLAX,CNNBG,"Memphis, TN, USMEM",LALB,"Ningbo Pt, 33, CNNBG",KRPUS,YMJA,YML,51625,DRY,9,4/23/2026,5/15/2026,5/11/2026 4:10,1170,1170,123.14,123.14,1293.14,1293.14
USMEM,USLAX,CNNBG,"Memphis, TN, USMEM",LALB,"Ningbo Pt, 33, CNNBG",CNNBG,YMJA,YML,51625,DRY,9,5/16/2026,6/30/2026,5/11/2026 4:10,1184,1184,235.27,235.27,1419.27,1419.27
USMEM,USLAX,CNNBG,"Memphis, TN, USMEM",LALB,"Ningbo Pt, 33, CNNBG",KRPUS,YMJA,YML,51625,DRY,9,5/16/2026,6/30/2026,5/11/2026 4:10,1304,1304,123.14,123.14,1427.14,1427.14
USMEM,USLAX,CNNBG,"Memphis, TN, USMEM",LALB,"Ningbo Pt, 33, CNNBG",SGSIN,YMJA,YML,51625,DRY,9,4/23/2026,5/15/2026,5/11/2026 4:10,1410,1410,274.53,274.53,1684.53,1684.53
USMEM,USLAX,CNNBG,"Memphis, TN, USMEM",LALB,"Ningbo Pt, 33, CNNBG",CNNBG,ONEY,ONE,CHIM354B25,DRY,15,5/6/2026,5/15/2026,5/11/2026 4:10,1475,1475,126.31,126.31,1601.31,1601.31
USMEM,USLAX,CNNBG,"Memphis, TN, USMEM",LALB,"Ningbo Pt, 33, CNNBG",CNNBG,ONEY,ONE,CHIM354B25,DRY,15,5/16/2026,6/30/2026,5/11/2026 4:10,1475,1475,126.31,126.31,1601.31,1601.31
USMEM,USLAX,CNNBG,"Memphis, TN, USMEM",LALB,"Ningbo Pt, 33, CNNBG",SGSIN,YMJA,YML,51625,DRY,9,5/16/2026,6/30/2026,5/11/2026 4:10,1544,1544,274.53,274.53,1818.53,1818.53
USMEM,USLAX,CNNBG,"Memphis, TN, USMEM",LALB,"Ningbo Pt, 33, CNNBG",CNNBG,EGLV,EMC,SC103574,DRY,4,5/1/2026,6/30/2026,5/10/2026 3:45,1600,1600,0,0,1600,1600
USMEM,USSAV,CNNJG,"Memphis, TN, USMEM","Savannah, GA, USSAV","Nanjing Pt, 35, CNNJG",CNNJG,MAEU,Maersk,300094432,DRY,0,4/1/2026,9/30/2026,5/11/2026 4:10,1159,1159,1.76,1.76,1160.76,1160.76
USMEM,USLAX,CNNJG,"Memphis, TN, USMEM",LALB,"Nanjing Pt, 35, CNNJG",CNNJG,MAEU,Maersk,300094432,DRY,0,4/1/2026,9/30/2026,5/11/2026 4:10,1256,1256,1.76,1.76,1257.76,1257.76
USMEM,USLAX,CNNJG,"Memphis, TN, USMEM",LALB,"Nanjing Pt, 35, CNNJG",CNSHA,YMJA,YML,51625,DRY,9,4/23/2026,5/15/2026,5/11/2026 4:10,1380,1380,235.27,235.27,1615.27,1615.27
USMEM,USLAX,CNNJG,"Memphis, TN, USMEM",LALB,"Nanjing Pt, 35, CNNJG",CNSHA,YMJA,YML,51625,DRY,9,5/16/2026,6/30/2026,5/11/2026 4:10,1514,1514,235.27,235.27,1749.27,1749.27
USMEM,USSAV,CNNJG,"Memphis, TN, USMEM","Savannah, GA, USSAV","Nanjing Pt, 35, CNNJG",CNNJG,CMDU,CMA,25-0720,DRY,12,4/18/2026,6/30/2026,5/11/2026 4:10,1525,1525,169.83,169.83,1694.83,1694.83
USMEM,USLAX,CNNJP,"Memphis, TN, USMEM",LALB,"Nanjing Pt, 32, CNNJP",CNSHA,YMJA,YML,51625,DRY,9,4/23/2026,5/15/2026,5/11/2026 4:10,1380,1380,235.27,235.27,1615.27,1615.27
USMEM,USLAX,CNNJP,"Memphis, TN, USMEM",LALB,"Nanjing Pt, 32, CNNJP",CNSHA,YMJA,YML,51625,DRY,9,5/16/2026,6/30/2026,5/11/2026 4:10,1514,1514,235.27,235.27,1749.27,1749.27
USMEM,USLAX,CNNKG,"Memphis, TN, USMEM",LALB,"Nanjing Lukou, 32, CNNKG",CNSHA,YMJA,YML,51625,DRY,9,4/23/2026,5/15/2026,5/11/2026 4:10,1380,1380,235.27,235.27,1615.27,1615.27
USMEM,USLAX,CNNKG,"Memphis, TN, USMEM",LALB,"Nanjing Lukou, 32, CNNKG",CNSHA,YMJA,YML,51625,DRY,9,5/16/2026,6/30/2026,5/11/2026 4:10,1514,1514,235.27,235.27,1749.27,1749.27
USMEM,USLAX,CNNKG,"Memphis, TN, USMEM",LALB,"Nanjing Lukou, 32, CNNKG",CNNKG,ONEY,ONE,CHIM354B25,DRY,15,5/6/2026,5/15/2026,5/11/2026 4:10,1735,1735,121.75,121.75,1856.75,1856.75
USMEM,USLAX,CNNKG,"Memphis, TN, USMEM",LALB,"Nanjing Lukou, 32, CNNKG",CNNKG,ONEY,ONE,CHIM354B25,DRY,15,5/16/2026,6/30/2026,5/11/2026 4:10,1735,1735,121.75,121.75,1856.75,1856.75
USMEM,USLGB,CNNSA,"Memphis, TN, USMEM",LALB,"Nansha Pt, 44, CNNSA",CNNSA,OOLU,OOCL,MT256104,DRY,16,4/1/2026,6/30/2026,5/11/2026 4:10,960,960,166.6,166.6,1126.6,1126.6
USMEM,USLAX,CNNSA,"Memphis, TN, USMEM",LALB,"Nansha Pt, 44, CNNSA",CNNSA,OOLU,OOCL,MT256104,DRY,16,4/1/2026,6/30/2026,5/11/2026 4:10,960,960,166.6,166.6,1126.6,1126.6
USMEM,USLAX,CNNSA,"Memphis, TN, USMEM",LALB,"Nansha Pt, 44, CNNSA",CNNSA,ONEY,ONE,CHIM354B25,DRY,15,5/16/2026,6/30/2026,5/11/2026 4:10,1825,1825,178.8,178.8,2003.8,2003.8
USMEM,USLAX,CNNSA,"Memphis, TN, USMEM",LALB,"Nansha Pt, 44, CNNSA",CNNSA,ONEY,ONE,CHIM354B25,DRY,15,5/6/2026,5/15/2026,5/11/2026 4:10,1825,1825,178.8,178.8,2003.8,2003.8
USMEM,USSAV,CNNTG,"Memphis, TN, USMEM","Savannah, GA, USSAV","Nantong Pt, 32, CNNTG",CNNTG,MAEU,Maersk,300094432,DRY,0,4/1/2026,9/30/2026,5/11/2026 4:10,566,566,16.32,16.32,582.32,582.32
USMEM,USLAX,CNNTG,"Memphis, TN, USMEM",LALB,"Nantong Pt, 32, CNNTG",CNNTG,MAEU,Maersk,300094432,DRY,0,4/1/2026,9/30/2026,5/11/2026 4:10,663,663,16.32,16.32,679.32,679.32
USMEM,USSAV,CNNTG,"Memphis, TN, USMEM","Savannah, GA, USSAV","Nantong Pt, 32, CNNTG",CNNTG,CMDU,CMA,25-0720,DRY,12,4/18/2026,6/30/2026,5/11/2026 4:10,920,920,169.83,169.83,1089.83,1089.83
USMEM,USLAX,CNNTG,"Memphis, TN, USMEM",LALB,"Nantong Pt, 32, CNNTG",CNSHA,YMJA,YML,51625,DRY,9,4/23/2026,5/15/2026,5/11/2026 4:10,1380,1380,235.27,235.27,1615.27,1615.27
USMEM,USLAX,CNNTG,"Memphis, TN, USMEM",LALB,"Nantong Pt, 32, CNNTG",CNSHA,YMJA,YML,51625,DRY,9,5/16/2026,6/30/2026,5/11/2026 4:10,1514,1514,235.27,235.27,1749.27,1749.27
USMEM,USLAX,CNNTG,"Memphis, TN, USMEM",LALB,"Nantong Pt, 32, CNNTG",CNNTG,ONEY,ONE,CHIM354B25,DRY,15,5/16/2026,6/30/2026,5/11/2026 4:10,1550,1550,121.75,121.75,1671.75,1671.75
USMEM,USLAX,CNNTG,"Memphis, TN, USMEM",LALB,"Nantong Pt, 32, CNNTG",CNNTG,ONEY,ONE,CHIM354B25,DRY,15,5/6/2026,5/15/2026,5/11/2026 4:10,1550,1550,121.75,121.75,1671.75,1671.75
USMEM,USLAX,CNPUT,"Memphis, TN, USMEM",LALB,"Putian, 35, CNPUT",CNXMN,YMJA,YML,51625,DRY,9,4/23/2026,5/15/2026,5/11/2026 4:10,1360,1360,235.27,235.27,1595.27,1595.27
USMEM,USLAX,CNPUT,"Memphis, TN, USMEM",LALB,"Putian, 35, CNPUT",CNXMN,YMJA,YML,51625,DRY,9,5/16/2026,6/30/2026,5/11/2026 4:10,1494,1494,235.27,235.27,1729.27,1729.27
USMEM,USLAX,CNQZH,"Memphis, TN, USMEM",LALB,"Qinzhou Pt, 45, CNQZH",CNQZH,MAEU,Maersk,300094432,DRY,0,4/1/2026,9/30/2026,3/25/2026 3:45,1158,1158,0,0,1158,1158
USMEM,USSAV,CNQZH,"Memphis, TN, USMEM","Savannah, GA, USSAV","Qinzhou Pt, 45, CNQZH",CNQZH,MAEU,Maersk,300094432,DRY,0,4/1/2026,9/30/2026,3/25/2026 3:45,1261,1261,0,0,1261,1261
USMEM,USSAV,CNQZH,"Memphis, TN, USMEM","Savannah, GA, USSAV","Qinzhou Pt, 45, CNQZH",CNQZH,CMDU,CMA,25-0720,DRY,12,4/18/2026,6/30/2026,5/11/2026 4:10,1525,1525,166.16,166.16,1691.16,1691.16
USMEM,USSAV,CNRUG,"Memphis, TN, USMEM","Savannah, GA, USSAV","Rugao Pt, 32, CNRUG",CNRUG,MAEU,Maersk,300094432,DRY,0,4/1/2026,9/30/2026,5/11/2026 4:10,556,556,1.76,1.76,557.76,557.76
USMEM,USLAX,CNRUG,"Memphis, TN, USMEM",LALB,"Rugao Pt, 32, CNRUG",CNRUG,MAEU,Maersk,300094432,DRY,0,4/1/2026,9/30/2026,5/11/2026 4:10,653,653,1.76,1.76,654.76,654.76
USMEM,USSAV,CNRUG,"Memphis, TN, USMEM","Savannah, GA, USSAV","Rugao Pt, 32, CNRUG",CNRUG,CMDU,CMA,25-0720,DRY,12,4/18/2026,6/30/2026,5/11/2026 4:10,920,920,166.16,166.16,1086.16,1086.16
USMEM,USLAX,CNRZH,"Memphis, TN, USMEM",LALB,"Rizhao Pt, 37, CNRZH",CNTAO,YMJA,YML,51625,DRY,9,4/23/2026,5/15/2026,5/11/2026 4:10,1330,1330,235.27,235.27,1565.27,1565.27
USMEM,USLAX,CNRZH,"Memphis, TN, USMEM",LALB,"Rizhao Pt, 37, CNRZH",CNTAO,YMJA,YML,51625,DRY,9,5/16/2026,6/30/2026,5/11/2026 4:10,1464,1464,235.27,235.27,1699.27,1699.27
USMEM,USLGB,CNSBU,"Memphis, TN, USMEM",LALB,"Sanbu Pt, 44, CNSBU",CNSBU,OOLU,OOCL,MT256104,DRY,16,4/1/2026,6/30/2026,5/10/2026 3:45,1030,1030,0,0,1030,1030
USMEM,USLAX,CNSBU,"Memphis, TN, USMEM",LALB,"Sanbu Pt, 44, CNSBU",CNSBU,OOLU,OOCL,MT256104,DRY,16,4/1/2026,6/30/2026,5/10/2026 3:45,1030,1030,0,0,1030,1030
USMEM,USSAV,CNSBU,"Memphis, TN, USMEM","Savannah, GA, USSAV","Sanbu Pt, 44, CNSBU",CNSBU,ONEY,ONE,CHIM354B25,DRY,15,5/16/2026,6/30/2026,5/11/2026 4:10,1575,1575,178.8,178.8,1753.8,1753.8
USMEM,USSAV,CNSBU,"Memphis, TN, USMEM","Savannah, GA, USSAV","Sanbu Pt, 44, CNSBU",CNSBU,ONEY,ONE,CHIM354B25,DRY,15,5/6/2026,5/15/2026,5/11/2026 4:10,1575,1575,178.8,178.8,1753.8,1753.8
USMEM,USCHS,CNSHA,"Memphis, TN, USMEM","Charleston, SC, USCHS","Shanghai, 31, CNSHA",CNSHA,YMJA,YML,51625,DRY,9,4/23/2026,5/15/2026,5/11/2026 4:10,657,657,235.27,235.27,892.27,892.27
USMEM,USSAV,CNSHA,"Memphis, TN, USMEM","Savannah, GA, USSAV","Shanghai, 31, CNSHA",CNSHA,YMJA,YML,51625,DRY,9,4/23/2026,5/15/2026,5/11/2026 4:10,658,658,235.27,235.27,893.27,893.27
USMEM,USLAX,CNSHA,"Memphis, TN, USMEM",LALB,"Shanghai, 31, CNSHA",CNSHA,OOLU,OOCL,MT256104,DRY,16,4/1/2026,6/30/2026,5/11/2026 4:10,710,710,168.36,168.36,878.36,878.36
USMEM,USLGB,CNSHA,"Memphis, TN, USMEM",LALB,"Shanghai, 31, CNSHA",CNSHA,OOLU,OOCL,MT256104,DRY,16,4/1/2026,6/30/2026,5/11/2026 4:10,710,710,168.36,168.36,878.36,878.36
USMEM,USSAV,CNSHA,"Memphis, TN, USMEM","Savannah, GA, USSAV","Shanghai, 31, CNSHA",CNSHA,MAEU,Maersk,300094432,DRY,0,4/1/2026,9/30/2026,3/25/2026 3:45,711,711,0,0,711,711
USMEM,USSAV,CNSHA,"Memphis, TN, USMEM","Savannah, GA, USSAV","Shanghai, 31, CNSHA",CNSHA,CMDU,CMA,25-0720,DRY,12,4/18/2026,6/30/2026,5/11/2026 4:10,720,720,169.83,169.83,889.83,889.83
USMEM,USCHS,CNSHA,"Memphis, TN, USMEM","Charleston, SC, USCHS","Shanghai, 31, CNSHA",CNSHA,YMJA,YML,51625,DRY,9,5/16/2026,6/30/2026,5/11/2026 4:10,791,791,235.27,235.27,1026.27,1026.27
USMEM,USSAV,CNSHA,"Memphis, TN, USMEM","Savannah, GA, USSAV","Shanghai, 31, CNSHA",CNSHA,YMJA,YML,51625,DRY,9,5/16/2026,6/30/2026,5/11/2026 4:10,792,792,235.27,235.27,1027.27,1027.27
USMEM,USLAX,CNSHA,"Memphis, TN, USMEM",LALB,"Shanghai, 31, CNSHA",CNSHA,MAEU,Maersk,300094432,DRY,0,4/1/2026,9/30/2026,3/25/2026 3:45,808,808,0,0,808,808
USMEM,USSAV,CNSHA,"Memphis, TN, USMEM","Savannah, GA, USSAV","Shanghai, 31, CNSHA",CNSHG,EGLV,EMC,SC103574,DRY,4,5/1/2026,6/30/2026,5/10/2026 3:45,950,950,0,0,950,950
USMEM,USORF,CNSHA,"Memphis, TN, USMEM","Norfolk, VA, USORF","Shanghai, 31, CNSHA",CNSHG,EGLV,EMC,SC103574,DRY,4,5/1/2026,6/30/2026,5/10/2026 3:45,950,950,0,0,950,950
USMEM,USCHS,CNSHA,"Memphis, TN, USMEM","Charleston, SC, USCHS","Shanghai, 31, CNSHA",CNSHG,EGLV,EMC,SC103574,DRY,4,5/1/2026,6/30/2026,5/10/2026 3:45,950,950,0,0,950,950
USMEM,USSAV,CNSHA,"Memphis, TN, USMEM","Savannah, GA, USSAV","Shanghai, 31, CNSHA",CNSHA,OOLU,OOCL,MT256104,DRY,16,4/1/2026,6/30/2026,5/11/2026 4:10,1043,1043,168.36,168.36,1211.36,1211.36
USMEM,USLAX,CNSHA,"Memphis, TN, USMEM",LALB,"Shanghai, 31, CNSHA",CNSHA,YMJA,YML,51625,DRY,9,4/23/2026,5/15/2026,5/11/2026 4:10,1050,1050,235.27,235.27,1285.27,1285.27
USMEM,USLAX,CNSHA,"Memphis, TN, USMEM",LALB,"Shanghai, 31, CNSHA",CNSHA,YMJA,YML,51625,DRY,9,5/16/2026,6/30/2026,5/11/2026 4:10,1184,1184,235.27,235.27,1419.27,1419.27
USMEM,USLAX,CNSHA,"Memphis, TN, USMEM",LALB,"Shanghai, 31, CNSHA",SGSIN,YMJA,YML,51625,DRY,9,4/23/2026,5/15/2026,5/11/2026 4:10,1410,1410,274.53,274.53,1684.53,1684.53
USMEM,USLAX,CNSHA,"Memphis, TN, USMEM",LALB,"Shanghai, 31, CNSHA",CNSHA,ONEY,ONE,CHIM354B25,DRY,15,5/6/2026,5/15/2026,5/11/2026 4:10,1450,1450,121.75,121.75,1571.75,1571.75
USMEM,USLAX,CNSHA,"Memphis, TN, USMEM",LALB,"Shanghai, 31, CNSHA",CNSHA,ONEY,ONE,CHIM354B25,DRY,15,5/16/2026,6/30/2026,5/11/2026 4:10,1450,1450,121.75,121.75,1571.75,1571.75
USMEM,USLAX,CNSHA,"Memphis, TN, USMEM",LALB,"Shanghai, 31, CNSHA",SGSIN,YMJA,YML,51625,DRY,9,5/16/2026,6/30/2026,5/11/2026 4:10,1544,1544,274.53,274.53,1818.53,1818.53
USMEM,USLAX,CNSHA,"Memphis, TN, USMEM",LALB,"Shanghai, 31, CNSHA",CNSHG,EGLV,EMC,SC103574,DRY,4,5/1/2026,6/30/2026,5/10/2026 3:45,1600,1600,0,0,1600,1600
USMEM,USLAX,CNSHK,"Memphis, TN, USMEM",LALB,"Shekou Pt, 44, CNSHK",CNSHK,YMJA,YML,51625,DRY,9,4/23/2026,5/15/2026,5/11/2026 4:10,1050,1050,235.27,235.27,1285.27,1285.27
USMEM,USLAX,CNSHK,"Memphis, TN, USMEM",LALB,"Shekou Pt, 44, CNSHK",CNSHK,YMJA,YML,51625,DRY,9,5/16/2026,6/30/2026,5/11/2026 4:10,1184,1184,235.27,235.27,1419.27,1419.27
USMEM,USLAX,CNSHK,"Memphis, TN, USMEM",LALB,"Shekou Pt, 44, CNSHK",SGSIN,YMJA,YML,51625,DRY,9,4/23/2026,5/15/2026,5/11/2026 4:10,1355,1355,274.53,274.53,1629.53,1629.53
USMEM,USLGB,CNSHK,"Memphis, TN, USMEM",LALB,"Shekou Pt, 44, CNSHK",CNSHK,OOLU,OOCL,MT256104,DRY,16,4/1/2026,6/30/2026,5/10/2026 3:45,1440,1440,0,0,1440,1440
USMEM,USLAX,CNSHK,"Memphis, TN, USMEM",LALB,"Shekou Pt, 44, CNSHK",CNSHK,OOLU,OOCL,MT256104,DRY,16,4/1/2026,6/30/2026,5/10/2026 3:45,1440,1440,0,0,1440,1440
USMEM,USLAX,CNSHK,"Memphis, TN, USMEM",LALB,"Shekou Pt, 44, CNSHK",CNSHK,ONEY,ONE,CHIM354B25,DRY,15,5/6/2026,5/15/2026,5/11/2026 4:10,1475,1475,178.8,178.8,1653.8,1653.8
USMEM,USLAX,CNSHK,"Memphis, TN, USMEM",LALB,"Shekou Pt, 44, CNSHK",CNSHK,ONEY,ONE,CHIM354B25,DRY,15,5/16/2026,6/30/2026,5/11/2026 4:10,1475,1475,178.8,178.8,1653.8,1653.8
USMEM,USLAX,CNSHK,"Memphis, TN, USMEM",LALB,"Shekou Pt, 44, CNSHK",SGSIN,YMJA,YML,51625,DRY,9,5/16/2026,6/30/2026,5/11/2026 4:10,1489,1489,274.53,274.53,1763.53,1763.53
USMEM,USSAV,CNSHK,"Memphis, TN, USMEM","Savannah, GA, USSAV","Shekou Pt, 44, CNSHK",CNSHK,CMDU,CMA,25-0720,DRY,12,4/18/2026,6/30/2026,5/11/2026 4:10,1525,1525,166.16,166.16,1691.16,1691.16
USMEM,USLAX,CNSHP,"Memphis, TN, USMEM",LALB,"Qinhuangdao Pt, 13, CNSHP",CNTXG,YMJA,YML,51625,DRY,9,4/23/2026,5/15/2026,5/11/2026 4:10,1470,1470,235.27,235.27,1705.27,1705.27
USMEM,USLAX,CNSHP,"Memphis, TN, USMEM",LALB,"Qinhuangdao Pt, 13, CNSHP",CNTXG,YMJA,YML,51625,DRY,9,5/16/2026,5/31/2026,5/11/2026 4:10,1604,1604,235.27,235.27,1839.27,1839.27
USMEM,USLAX,CNSHP,"Memphis, TN, USMEM",LALB,"Qinhuangdao Pt, 13, CNSHP",CNTXG,YMJA,YML,51625,DRY,9,6/1/2026,6/30/2026,5/11/2026 4:10,2004,2004,235.27,235.27,2239.27,2239.27
USMEM,USLAX,CNSZG,"Memphis, TN, USMEM",LALB,"Suzhou Pt, 32, CNSZG",CNSHA,YMJA,YML,51625,DRY,9,4/23/2026,5/15/2026,5/11/2026 4:10,1540,1540,235.27,235.27,1775.27,1775.27
USMEM,USLAX,CNSZG,"Memphis, TN, USMEM",LALB,"Suzhou Pt, 32, CNSZG",CNSHA,YMJA,YML,51625,DRY,9,5/16/2026,6/30/2026,5/11/2026 4:10,1674,1674,235.27,235.27,1909.27,1909.27
USMEM,USLAX,CNTAC,"Memphis, TN, USMEM",LALB,"Taicang Pt, 32, CNTAC",CNSHA,YMJA,YML,51625,DRY,9,4/23/2026,5/15/2026,5/11/2026 4:10,1150,1150,235.27,235.27,1385.27,1385.27
USMEM,USLAX,CNTAC,"Memphis, TN, USMEM",LALB,"Taicang Pt, 32, CNTAC",CNSHA,YMJA,YML,51625,DRY,9,5/16/2026,6/30/2026,5/11/2026 4:10,1284,1284,235.27,235.27,1519.27,1519.27
USMEM,USLAX,CNTAG,"Memphis, TN, USMEM",LALB,"Taicang, 32, CNTAG",CNSHA,YMJA,YML,51625,DRY,9,4/23/2026,5/15/2026,5/11/2026 4:10,1150,1150,235.27,235.27,1385.27,1385.27
USMEM,USLAX,CNTAG,"Memphis, TN, USMEM",LALB,"Taicang, 32, CNTAG",CNSHA,YMJA,YML,51625,DRY,9,5/16/2026,6/30/2026,5/11/2026 4:10,1284,1284,235.27,235.27,1519.27,1519.27
USMEM,USSAV,CNTAO,"Memphis, TN, USMEM","Savannah, GA, USSAV","Qingdao, 37, CNTAO",CNTAO,MAEU,Maersk,300094432,DRY,0,4/1/2026,9/30/2026,3/25/2026 3:45,379,379,0,0,379,379
USMEM,USLAX,CNTAO,"Memphis, TN, USMEM",LALB,"Qingdao, 37, CNTAO",CNTAO,MAEU,Maersk,300094432,DRY,0,4/1/2026,9/30/2026,3/25/2026 3:45,476,476,0,0,476,476
USMEM,USCHS,CNTAO,"Memphis, TN, USMEM","Charleston, SC, USCHS","Qingdao, 37, CNTAO",CNTAO,YMJA,YML,51625,DRY,9,4/23/2026,5/15/2026,5/11/2026 4:10,657,657,235.27,235.27,892.27,892.27
USMEM,USSAV,CNTAO,"Memphis, TN, USMEM","Savannah, GA, USSAV","Qingdao, 37, CNTAO",CNTAO,YMJA,YML,51625,DRY,9,4/23/2026,5/15/2026,5/11/2026 4:10,658,658,235.27,235.27,893.27,893.27
USMEM,USLAX,CNTAO,"Memphis, TN, USMEM",LALB,"Qingdao, 37, CNTAO",CNTAO,OOLU,OOCL,MT256104,DRY,16,4/1/2026,6/30/2026,5/11/2026 4:10,710,710,168.36,168.36,878.36,878.36
USMEM,USLGB,CNTAO,"Memphis, TN, USMEM",LALB,"Qingdao, 37, CNTAO",CNTAO,OOLU,OOCL,MT256104,DRY,16,4/1/2026,6/30/2026,5/11/2026 4:10,710,710,168.36,168.36,878.36,878.36
USMEM,USSAV,CNTAO,"Memphis, TN, USMEM","Savannah, GA, USSAV","Qingdao, 37, CNTAO",CNTAO,CMDU,CMA,25-0720,DRY,12,4/18/2026,6/30/2026,5/11/2026 4:10,720,720,174.98,174.98,894.98,894.98
USMEM,USCHS,CNTAO,"Memphis, TN, USMEM","Charleston, SC, USCHS","Qingdao, 37, CNTAO",CNTAO,YMJA,YML,51625,DRY,9,5/16/2026,6/30/2026,5/11/2026 4:10,791,791,235.27,235.27,1026.27,1026.27
USMEM,USSAV,CNTAO,"Memphis, TN, USMEM","Savannah, GA, USSAV","Qingdao, 37, CNTAO",CNTAO,YMJA,YML,51625,DRY,9,5/16/2026,6/30/2026,5/11/2026 4:10,792,792,235.27,235.27,1027.27,1027.27
USMEM,USCHS,CNTAO,"Memphis, TN, USMEM","Charleston, SC, USCHS","Qingdao, 37, CNTAO",CNQDG,EGLV,EMC,SC103574,DRY,4,5/1/2026,6/30/2026,5/10/2026 3:45,950,950,0,0,950,950
USMEM,USORF,CNTAO,"Memphis, TN, USMEM","Norfolk, VA, USORF","Qingdao, 37, CNTAO",CNQDG,EGLV,EMC,SC103574,DRY,4,5/1/2026,6/30/2026,5/10/2026 3:45,950,950,0,0,950,950
USMEM,USSAV,CNTAO,"Memphis, TN, USMEM","Savannah, GA, USSAV","Qingdao, 37, CNTAO",CNQDG,EGLV,EMC,SC103574,DRY,4,5/1/2026,6/30/2026,5/10/2026 3:45,950,950,0,0,950,950
USMEM,USLAX,CNTAO,"Memphis, TN, USMEM",LALB,"Qingdao, 37, CNTAO",CNTAO,YMJA,YML,51625,DRY,9,4/23/2026,5/15/2026,5/11/2026 4:10,1050,1050,235.27,235.27,1285.27,1285.27
USMEM,USSAV,CNTAO,"Memphis, TN, USMEM","Savannah, GA, USSAV","Qingdao, 37, CNTAO",CNTAO,OOLU,OOCL,MT256104,DRY,16,4/1/2026,6/30/2026,5/11/2026 4:10,1103,1103,168.36,168.36,1271.36,1271.36
USMEM,USLAX,CNTAO,"Memphis, TN, USMEM",LALB,"Qingdao, 37, CNTAO",CNTAO,YMJA,YML,51625,DRY,9,5/16/2026,6/30/2026,5/11/2026 4:10,1184,1184,235.27,235.27,1419.27,1419.27
USMEM,USLAX,CNTAO,"Memphis, TN, USMEM",LALB,"Qingdao, 37, CNTAO",KRPUS,YMJA,YML,51625,DRY,9,4/23/2026,5/15/2026,5/11/2026 4:10,1280,1280,123.14,123.14,1403.14,1403.14
USMEM,USLAX,CNTAO,"Memphis, TN, USMEM",LALB,"Qingdao, 37, CNTAO",KRPUS,YMJA,YML,51625,DRY,9,5/16/2026,6/30/2026,5/11/2026 4:10,1414,1414,123.14,123.14,1537.14,1537.14
USMEM,USLAX,CNTAO,"Memphis, TN, USMEM",LALB,"Qingdao, 37, CNTAO",CNTAO,ONEY,ONE,CHIM354B25,DRY,15,5/16/2026,6/30/2026,5/11/2026 4:10,1475,1475,122.49,122.49,1597.49,1597.49
USMEM,USLAX,CNTAO,"Memphis, TN, USMEM",LALB,"Qingdao, 37, CNTAO",CNTAO,ONEY,ONE,CHIM354B25,DRY,15,5/6/2026,5/15/2026,5/11/2026 4:10,1475,1475,122.49,122.49,1597.49,1597.49
USMEM,USLAX,CNTAO,"Memphis, TN, USMEM",LALB,"Qingdao, 37, CNTAO",SGSIN,YMJA,YML,51625,DRY,9,4/23/2026,5/15/2026,5/11/2026 4:10,1525,1525,274.53,274.53,1799.53,1799.53
USMEM,USLAX,CNTAO,"Memphis, TN, USMEM",LALB,"Qingdao, 37, CNTAO",CNQDG,EGLV,EMC,SC103574,DRY,4,5/1/2026,6/30/2026,5/10/2026 3:45,1600,1600,0,0,1600,1600
USMEM,USLAX,CNTAO,"Memphis, TN, USMEM",LALB,"Qingdao, 37, CNTAO",SGSIN,YMJA,YML,51625,DRY,9,5/16/2026,6/30/2026,5/11/2026 4:10,1659,1659,274.53,274.53,1933.53,1933.53
USMEM,USLAX,CNTAZ,"Memphis, TN, USMEM",LALB,"Taizhou Pt, 33, CNTAZ",CNSHA,YMJA,YML,51625,DRY,9,4/23/2026,5/15/2026,5/11/2026 4:10,1380,1380,235.27,235.27,1615.27,1615.27
USMEM,USLAX,CNTAZ,"Memphis, TN, USMEM",LALB,"Taizhou Pt, 33, CNTAZ",CNSHA,YMJA,YML,51625,DRY,9,5/16/2026,6/30/2026,5/11/2026 4:10,1514,1514,235.27,235.27,1749.27,1749.27
USMEM,USLAX,CNTOL,"Memphis, TN, USMEM",LALB,"Tongling Pt, 34, CNTOL",CNSHA,YMJA,YML,51625,DRY,9,4/23/2026,5/15/2026,5/11/2026 4:10,1420,1420,235.27,235.27,1655.27,1655.27
USMEM,USLAX,CNTOL,"Memphis, TN, USMEM",LALB,"Tongling Pt, 34, CNTOL",CNSHA,YMJA,YML,51625,DRY,9,5/16/2026,6/30/2026,5/11/2026 4:10,1554,1554,235.27,235.27,1789.27,1789.27
USMEM,USSAV,CNTXG,"Memphis, TN, USMEM","Savannah, GA, USSAV","Tianjin Xingang Pt, 12, CNTXG",CNTXG,MAEU,Maersk,300094432,DRY,0,4/1/2026,9/30/2026,3/25/2026 3:45,358,358,0,0,358,358
USMEM,USLAX,CNTXG,"Memphis, TN, USMEM",LALB,"Tianjin Xingang Pt, 12, CNTXG",CNTXG,MAEU,Maersk,300094432,DRY,0,4/1/2026,9/30/2026,3/25/2026 3:45,555,555,0,0,555,555
USMEM,USLAX,CNTXG,"Memphis, TN, USMEM",LALB,"Tianjin Xingang Pt, 12, CNTXG",CNTXG,OOLU,OOCL,MT256104,DRY,16,4/1/2026,6/30/2026,5/11/2026 4:10,960,960,166.6,166.6,1126.6,1126.6
USMEM,USLGB,CNTXG,"Memphis, TN, USMEM",LALB,"Tianjin Xingang Pt, 12, CNTXG",CNTXG,OOLU,OOCL,MT256104,DRY,16,4/1/2026,6/30/2026,5/11/2026 4:10,960,960,166.6,166.6,1126.6,1126.6
USMEM,USLAX,CNTXG,"Memphis, TN, USMEM",LALB,"Tianjin Xingang Pt, 12, CNTXG",CNTXG,YMJA,YML,51625,DRY,9,4/23/2026,5/15/2026,5/11/2026 4:10,1050,1050,235.27,235.27,1285.27,1285.27
USMEM,USLAX,CNTXG,"Memphis, TN, USMEM",LALB,"Tianjin Xingang Pt, 12, CNTXG",CNTXG,YMJA,YML,51625,DRY,9,5/16/2026,5/31/2026,5/11/2026 4:10,1184,1184,235.27,235.27,1419.27,1419.27
USMEM,USSAV,CNTXG,"Memphis, TN, USMEM","Savannah, GA, USSAV","Tianjin Xingang Pt, 12, CNTXG",CNTXG,OOLU,OOCL,MT256104,DRY,16,4/1/2026,6/30/2026,5/11/2026 4:10,1203,1203,166.6,166.6,1369.6,1369.6
USMEM,USSAV,CNTXG,"Memphis, TN, USMEM","Savannah, GA, USSAV","Tianjin Xingang Pt, 12, CNTXG",CNTXG,CMDU,CMA,25-0720,DRY,12,4/18/2026,6/30/2026,5/11/2026 4:10,1210,1210,166.16,166.16,1376.16,1376.16
USMEM,USLAX,CNTXG,"Memphis, TN, USMEM",LALB,"Tianjin Xingang Pt, 12, CNTXG",KRPUS,YMJA,YML,51625,DRY,9,4/23/2026,5/15/2026,5/11/2026 4:10,1300,1300,123.14,123.14,1423.14,1423.14
USMEM,USLAX,CNTXG,"Memphis, TN, USMEM",LALB,"Tianjin Xingang Pt, 12, CNTXG",TWKHH,YMJA,YML,51625,DRY,9,4/23/2026,5/15/2026,5/11/2026 4:10,1335,1335,223.53,223.53,1558.53,1558.53
USMEM,USLAX,CNTXG,"Memphis, TN, USMEM",LALB,"Tianjin Xingang Pt, 12, CNTXG",TWKHH,YMJA,YML,51625,DRY,9,5/16/2026,6/30/2026,5/11/2026 4:10,1335,1335,223.53,223.53,1558.53,1558.53
USMEM,USLAX,CNTXG,"Memphis, TN, USMEM",LALB,"Tianjin Xingang Pt, 12, CNTXG",KRPUS,YMJA,YML,51625,DRY,9,5/16/2026,6/30/2026,5/11/2026 4:10,1434,1434,123.14,123.14,1557.14,1557.14
USMEM,USLAX,CNTXG,"Memphis, TN, USMEM",LALB,"Tianjin Xingang Pt, 12, CNTXG",CNTXG,ONEY,ONE,CHIM354B25,DRY,15,5/6/2026,5/15/2026,5/11/2026 4:10,1500,1500,119.69,119.69,1619.69,1619.69
USMEM,USLAX,CNTXG,"Memphis, TN, USMEM",LALB,"Tianjin Xingang Pt, 12, CNTXG",CNTXG,ONEY,ONE,CHIM354B25,DRY,15,5/16/2026,6/30/2026,5/11/2026 4:10,1500,1500,119.69,119.69,1619.69,1619.69
USMEM,USLAX,CNTXG,"Memphis, TN, USMEM",LALB,"Tianjin Xingang Pt, 12, CNTXG",CNTXG,YMJA,YML,51625,DRY,9,6/1/2026,6/30/2026,5/11/2026 4:10,1584,1584,235.27,235.27,1819.27,1819.27
USMEM,USLAX,CNWEI,"Memphis, TN, USMEM",LALB,"Weihai, 37, CNWEI",CNTAO,YMJA,YML,51625,DRY,9,4/23/2026,5/15/2026,5/11/2026 4:10,1460,1460,235.27,235.27,1695.27,1695.27
USMEM,USLAX,CNWEI,"Memphis, TN, USMEM",LALB,"Weihai, 37, CNWEI",CNTAO,YMJA,YML,51625,DRY,9,5/16/2026,6/30/2026,5/11/2026 4:10,1594,1594,235.27,235.27,1829.27,1829.27
USMEM,USSAV,CNWHG,"Memphis, TN, USMEM","Savannah, GA, USSAV","Wuhan Pt, 42, CNWHG",CNWHG,MAEU,Maersk,300094432,DRY,0,4/1/2026,9/30/2026,5/11/2026 4:10,656,656,16.32,16.32,672.32,672.32
USMEM,USLAX,CNWHG,"Memphis, TN, USMEM",LALB,"Wuhan Pt, 42, CNWHG",CNWHG,MAEU,Maersk,300094432,DRY,0,4/1/2026,9/30/2026,5/11/2026 4:10,753,753,16.32,16.32,769.32,769.32
USMEM,USSAV,CNWHG,"Memphis, TN, USMEM","Savannah, GA, USSAV","Wuhan Pt, 42, CNWHG",CNWHG,CMDU,CMA,25-0720,DRY,12,4/18/2026,6/30/2026,5/11/2026 4:10,1210,1210,169.83,169.83,1379.83,1379.83
USMEM,USLAX,CNWHG,"Memphis, TN, USMEM",LALB,"Wuhan Pt, 42, CNWHG",CNSHA,YMJA,YML,51625,DRY,9,4/23/2026,5/15/2026,5/11/2026 4:10,1520,1520,235.27,235.27,1755.27,1755.27
USMEM,USLAX,CNWHG,"Memphis, TN, USMEM",LALB,"Wuhan Pt, 42, CNWHG",CNSHA,YMJA,YML,51625,DRY,9,5/16/2026,6/30/2026,5/11/2026 4:10,1654,1654,235.27,235.27,1889.27,1889.27
USMEM,USSAV,CNWHI,"Memphis, TN, USMEM","Savannah, GA, USSAV","Wuhu Pt, 34, CNWHI",CNWHI,CMDU,CMA,25-0720,DRY,12,4/18/2026,6/30/2026,5/11/2026 4:10,1210,1210,169.83,169.83,1379.83,1379.83
USMEM,USLAX,CNWHI,"Memphis, TN, USMEM",LALB,"Wuhu Pt, 34, CNWHI",CNSHA,YMJA,YML,51625,DRY,9,4/23/2026,5/15/2026,5/11/2026 4:10,1380,1380,235.27,235.27,1615.27,1615.27
USMEM,USLAX,CNWHI,"Memphis, TN, USMEM",LALB,"Wuhu Pt, 34, CNWHI",CNSHA,YMJA,YML,51625,DRY,9,5/16/2026,6/30/2026,5/11/2026 4:10,1514,1514,235.27,235.27,1749.27,1749.27
USMEM,USLAX,CNWJA,"Memphis, TN, USMEM",LALB,"Wujiang, 32, CNWJA",CNSHA,YMJA,YML,51625,DRY,9,4/23/2026,5/15/2026,5/11/2026 4:10,1560,1560,235.27,235.27,1795.27,1795.27
USMEM,USLAX,CNWJA,"Memphis, TN, USMEM",LALB,"Wujiang, 32, CNWJA",CNSHA,YMJA,YML,51625,DRY,9,5/16/2026,6/30/2026,5/11/2026 4:10,1694,1694,235.27,235.27,1929.27,1929.27
USMEM,USLAX,CNWNZ,"Memphis, TN, USMEM",LALB,"Wenzhou Longwan, 33, CNWNZ",CNSHA,YMJA,YML,51625,DRY,9,4/23/2026,5/15/2026,5/11/2026 4:10,1420,1420,235.27,235.27,1655.27,1655.27
USMEM,USLAX,CNWNZ,"Memphis, TN, USMEM",LALB,"Wenzhou Longwan, 33, CNWNZ",CNNBG,YMJA,YML,51625,DRY,9,4/23/2026,5/15/2026,5/11/2026 4:10,1420,1420,235.27,235.27,1655.27,1655.27
USMEM,USLAX,CNWNZ,"Memphis, TN, USMEM",LALB,"Wenzhou Longwan, 33, CNWNZ",CNNBG,YMJA,YML,51625,DRY,9,5/16/2026,6/30/2026,5/11/2026 4:10,1554,1554,235.27,235.27,1789.27,1789.27
USMEM,USLAX,CNWNZ,"Memphis, TN, USMEM",LALB,"Wenzhou Longwan, 33, CNWNZ",CNSHA,YMJA,YML,51625,DRY,9,5/16/2026,6/30/2026,5/11/2026 4:10,1554,1554,235.27,235.27,1789.27,1789.27
USMEM,USSAV,CNWUH,"Memphis, TN, USMEM","Savannah, GA, USSAV","Wuhan Tianhe, 42, CNWUH",CNWUH,CMDU,CMA,25-0720,DRY,12,4/18/2026,6/30/2026,5/11/2026 4:10,1210,1210,169.83,169.83,1379.83,1379.83
USMEM,USLAX,CNWUH,"Memphis, TN, USMEM",LALB,"Wuhan Tianhe, 42, CNWUH",CNWUH,ONEY,ONE,CHIM354B25,DRY,15,5/6/2026,5/15/2026,5/11/2026 4:10,1800,1800,121.75,121.75,1921.75,1921.75
USMEM,USLAX,CNWUH,"Memphis, TN, USMEM",LALB,"Wuhan Tianhe, 42, CNWUH",CNWUH,ONEY,ONE,CHIM354B25,DRY,15,5/16/2026,6/30/2026,5/11/2026 4:10,1800,1800,121.75,121.75,1921.75,1921.75
USMEM,USSAV,CNWUZ,"Memphis, TN, USMEM","Savannah, GA, USSAV","Wuzhou Pt, 45, CNWUZ",CNWUZ,MAEU,Maersk,300094432,DRY,0,4/1/2026,9/30/2026,3/25/2026 3:45,1161,1161,0,0,1161,1161
USMEM,USLAX,CNWUZ,"Memphis, TN, USMEM",LALB,"Wuzhou Pt, 45, CNWUZ",CNWUZ,MAEU,Maersk,300094432,DRY,0,4/1/2026,9/30/2026,3/25/2026 3:45,1258,1258,0,0,1258,1258
USMEM,USLAX,CNWUZ,"Memphis, TN, USMEM",LALB,"Wuzhou Pt, 45, CNWUZ",CNWUZ,ONEY,ONE,CHIM354B25,DRY,15,5/16/2026,6/30/2026,5/11/2026 4:10,1600,1600,178.8,178.8,1778.8,1778.8
USMEM,USLAX,CNWUZ,"Memphis, TN, USMEM",LALB,"Wuzhou Pt, 45, CNWUZ",CNWUZ,ONEY,ONE,CHIM354B25,DRY,15,5/6/2026,5/15/2026,5/11/2026 4:10,1600,1600,178.8,178.8,1778.8,1778.8
USMEM,USLAX,CNXIA,"Memphis, TN, USMEM",LALB,"Xian, 33, CNXIA",CNSHA,YMJA,YML,51625,DRY,9,4/23/2026,5/15/2026,5/11/2026 4:10,3325,3325,235.27,235.27,3560.27,3560.27
USMEM,USLAX,CNXIA,"Memphis, TN, USMEM",LALB,"Xian, 33, CNXIA",CNSHA,YMJA,YML,51625,DRY,9,5/16/2026,6/30/2026,5/11/2026 4:10,3459,3459,235.27,235.27,3694.27,3694.27
USMEM,USSAV,CNXMN,"Memphis, TN, USMEM","Savannah, GA, USSAV","Xiamen, 35, CNXMN",CNXMN,MAEU,Maersk,300094432,DRY,0,4/1/2026,9/30/2026,3/25/2026 3:45,558,558,0,0,558,558
USMEM,USLAX,CNXMN,"Memphis, TN, USMEM",LALB,"Xiamen, 35, CNXMN",CNXMN,MAEU,Maersk,300094432,DRY,0,4/1/2026,9/30/2026,3/25/2026 3:45,565,565,0,0,565,565
USMEM,USCHS,CNXMN,"Memphis, TN, USMEM","Charleston, SC, USCHS","Xiamen, 35, CNXMN",CNXMN,YMJA,YML,51625,DRY,9,4/23/2026,5/15/2026,5/11/2026 4:10,657,657,235.27,235.27,892.27,892.27
USMEM,USSAV,CNXMN,"Memphis, TN, USMEM","Savannah, GA, USSAV","Xiamen, 35, CNXMN",CNXMN,YMJA,YML,51625,DRY,9,4/23/2026,5/15/2026,5/11/2026 4:10,658,658,235.27,235.27,893.27,893.27
USMEM,USLAX,CNXMN,"Memphis, TN, USMEM",LALB,"Xiamen, 35, CNXMN",CNXMN,OOLU,OOCL,MT256104,DRY,16,4/1/2026,6/30/2026,5/10/2026 3:45,710,710,0,0,710,710
USMEM,USLGB,CNXMN,"Memphis, TN, USMEM",LALB,"Xiamen, 35, CNXMN",CNXMN,OOLU,OOCL,MT256104,DRY,16,4/1/2026,6/30/2026,5/10/2026 3:45,710,710,0,0,710,710
USMEM,USSAV,CNXMN,"Memphis, TN, USMEM","Savannah, GA, USSAV","Xiamen, 35, CNXMN",CNXMN,CMDU,CMA,25-0720,DRY,12,4/18/2026,6/30/2026,5/11/2026 4:10,720,720,166.16,166.16,886.16,886.16
USMEM,USCHS,CNXMN,"Memphis, TN, USMEM","Charleston, SC, USCHS","Xiamen, 35, CNXMN",CNXMN,YMJA,YML,51625,DRY,9,5/16/2026,6/30/2026,5/11/2026 4:10,791,791,235.27,235.27,1026.27,1026.27
USMEM,USSAV,CNXMN,"Memphis, TN, USMEM","Savannah, GA, USSAV","Xiamen, 35, CNXMN",CNXMN,YMJA,YML,51625,DRY,9,5/16/2026,6/30/2026,5/11/2026 4:10,792,792,235.27,235.27,1027.27,1027.27
USMEM,USSAV,CNXMN,"Memphis, TN, USMEM","Savannah, GA, USSAV","Xiamen, 35, CNXMN",CNXMG,EGLV,EMC,SC103574,DRY,4,5/1/2026,6/30/2026,5/10/2026 3:45,1000,1000,0,0,1000,1000
USMEM,USORF,CNXMN,"Memphis, TN, USMEM","Norfolk, VA, USORF","Xiamen, 35, CNXMN",CNXMG,EGLV,EMC,SC103574,DRY,4,5/1/2026,6/30/2026,5/10/2026 3:45,1000,1000,0,0,1000,1000
USMEM,USCHS,CNXMN,"Memphis, TN, USMEM","Charleston, SC, USCHS","Xiamen, 35, CNXMN",CNXMG,EGLV,EMC,SC103574,DRY,4,5/1/2026,6/30/2026,5/10/2026 3:45,1000,1000,0,0,1000,1000
USMEM,USSAV,CNXMN,"Memphis, TN, USMEM","Savannah, GA, USSAV","Xiamen, 35, CNXMN",CNXMN,OOLU,OOCL,MT256104,DRY,16,4/1/2026,6/30/2026,5/10/2026 3:45,1043,1043,0,0,1043,1043
USMEM,USLAX,CNXMN,"Memphis, TN, USMEM",LALB,"Xiamen, 35, CNXMN",CNXMN,YMJA,YML,51625,DRY,9,4/23/2026,5/15/2026,5/11/2026 4:10,1050,1050,235.27,235.27,1285.27,1285.27
USMEM,USLAX,CNXMN,"Memphis, TN, USMEM",LALB,"Xiamen, 35, CNXMN",KRPUS,YMJA,YML,51625,DRY,9,4/23/2026,5/15/2026,5/11/2026 4:10,1145,1145,123.14,123.14,1268.14,1268.14
USMEM,USLAX,CNXMN,"Memphis, TN, USMEM",LALB,"Xiamen, 35, CNXMN",CNXMN,YMJA,YML,51625,DRY,9,5/16/2026,6/30/2026,5/11/2026 4:10,1184,1184,235.27,235.27,1419.27,1419.27
USMEM,USLAX,CNXMN,"Memphis, TN, USMEM",LALB,"Xiamen, 35, CNXMN",KRPUS,YMJA,YML,51625,DRY,9,5/16/2026,6/30/2026,5/11/2026 4:10,1279,1279,123.14,123.14,1402.14,1402.14
USMEM,USLAX,CNXMN,"Memphis, TN, USMEM",LALB,"Xiamen, 35, CNXMN",TWKHH,YMJA,YML,51625,DRY,9,4/23/2026,5/15/2026,5/11/2026 4:10,1385,1385,223.53,223.53,1608.53,1608.53
USMEM,USLAX,CNXMN,"Memphis, TN, USMEM",LALB,"Xiamen, 35, CNXMN",TWKHH,YMJA,YML,51625,DRY,9,5/16/2026,6/30/2026,5/11/2026 4:10,1385,1385,223.53,223.53,1608.53,1608.53
USMEM,USLAX,CNXMN,"Memphis, TN, USMEM",LALB,"Xiamen, 35, CNXMN",CNXMN,ONEY,ONE,CHIM354B25,DRY,15,5/6/2026,5/15/2026,5/11/2026 4:10,1550,1550,126.6,126.6,1676.6,1676.6
USMEM,USLAX,CNXMN,"Memphis, TN, USMEM",LALB,"Xiamen, 35, CNXMN",CNXMN,ONEY,ONE,CHIM354B25,DRY,15,5/16/2026,6/30/2026,5/11/2026 4:10,1550,1550,126.6,126.6,1676.6,1676.6
USMEM,USLAX,CNXMN,"Memphis, TN, USMEM",LALB,"Xiamen, 35, CNXMN",CNXMG,EGLV,EMC,SC103574,DRY,4,5/1/2026,6/30/2026,5/10/2026 3:45,1650,1650,0,0,1650,1650
USMEM,USLAX,CNXNJ,"Memphis, TN, USMEM",LALB,"Xinji, 13, CNXNJ",CNTXG,YMJA,YML,51625,DRY,9,4/23/2026,5/15/2026,5/11/2026 4:10,1720,1720,235.27,235.27,1955.27,1955.27
USMEM,USLAX,CNXNJ,"Memphis, TN, USMEM",LALB,"Xinji, 13, CNXNJ",CNTXG,YMJA,YML,51625,DRY,9,5/16/2026,5/31/2026,5/11/2026 4:10,1854,1854,235.27,235.27,2089.27,2089.27
USMEM,USLAX,CNXNJ,"Memphis, TN, USMEM",LALB,"Xinji, 13, CNXNJ",CNTXG,YMJA,YML,51625,DRY,9,6/1/2026,6/30/2026,5/11/2026 4:10,2254,2254,235.27,235.27,2489.27,2489.27
USMEM,USLAX,CNYBN,"Memphis, TN, USMEM",LALB,"Yibin, 51, CNYBN",CNSHA,YMJA,YML,51625,DRY,9,4/23/2026,5/15/2026,5/11/2026 4:10,2050,2050,235.27,235.27,2285.27,2285.27
USMEM,USLAX,CNYBN,"Memphis, TN, USMEM",LALB,"Yibin, 51, CNYBN",CNSHA,YMJA,YML,51625,DRY,9,5/16/2026,6/30/2026,5/11/2026 4:10,2184,2184,235.27,235.27,2419.27,2419.27
USMEM,USLAX,CNYIC,"Memphis, TN, USMEM",LALB,"Yichang, 42, CNYIC",CNSHA,YMJA,YML,51625,DRY,9,4/23/2026,5/15/2026,5/11/2026 4:10,1630,1630,235.27,235.27,1865.27,1865.27
USMEM,USLAX,CNYIC,"Memphis, TN, USMEM",LALB,"Yichang, 42, CNYIC",CNSHA,YMJA,YML,51625,DRY,9,5/16/2026,6/30/2026,5/11/2026 4:10,1764,1764,235.27,235.27,1999.27,1999.27
USMEM,USLAX,CNYNT,"Memphis, TN, USMEM",LALB,"Yantai Laishan, 37, CNYNT",CNTAO,YMJA,YML,51625,DRY,9,4/23/2026,5/15/2026,5/11/2026 4:10,1380,1380,235.27,235.27,1615.27,1615.27
USMEM,USLAX,CNYNT,"Memphis, TN, USMEM",LALB,"Yantai Laishan, 37, CNYNT",CNTAO,YMJA,YML,51625,DRY,9,5/16/2026,6/30/2026,5/11/2026 4:10,1514,1514,235.27,235.27,1749.27,1749.27
USMEM,USLAX,CNYNT,"Memphis, TN, USMEM",LALB,"Yantai Laishan, 37, CNYNT",CNYNT,ONEY,ONE,CHIM354B25,DRY,15,5/16/2026,6/30/2026,5/11/2026 4:10,1775,1775,122.49,122.49,1897.49,1897.49
USMEM,USLAX,CNYNT,"Memphis, TN, USMEM",LALB,"Yantai Laishan, 37, CNYNT",CNYNT,ONEY,ONE,CHIM354B25,DRY,15,5/6/2026,5/15/2026,5/11/2026 4:10,1775,1775,122.49,122.49,1897.49,1897.49
USMEM,USLGB,CNYPG,"Memphis, TN, USMEM",LALB,"Yangpu Pt, 46, CNYPG",CNYPG,OOLU,OOCL,MT256104,DRY,16,4/1/2026,6/30/2026,5/10/2026 3:45,710,710,0,0,710,710
USMEM,USLAX,CNYPG,"Memphis, TN, USMEM",LALB,"Yangpu Pt, 46, CNYPG",CNYPG,OOLU,OOCL,MT256104,DRY,16,4/1/2026,6/30/2026,5/10/2026 3:45,710,710,0,0,710,710
USMEM,USSAV,CNYPG,"Memphis, TN, USMEM","Savannah, GA, USSAV","Yangpu Pt, 46, CNYPG",CNYPG,OOLU,OOCL,MT256104,DRY,16,4/1/2026,6/30/2026,5/10/2026 3:45,1043,1043,0,0,1043,1043
USMEM,USCHS,CNYTN,"Memphis, TN, USMEM","Charleston, SC, USCHS","Yantian Pt, 44, CNYTN",CNYTN,YMJA,YML,51625,DRY,9,4/23/2026,5/15/2026,5/11/2026 4:10,657,657,235.27,235.27,892.27,892.27
USMEM,USSAV,CNYTN,"Memphis, TN, USMEM","Savannah, GA, USSAV","Yantian Pt, 44, CNYTN",CNYTN,YMJA,YML,51625,DRY,9,4/23/2026,5/15/2026,5/11/2026 4:10,658,658,235.27,235.27,893.27,893.27
USMEM,USLAX,CNYTN,"Memphis, TN, USMEM",LALB,"Yantian Pt, 44, CNYTN",CNYTN,OOLU,OOCL,MT256104,DRY,16,4/1/2026,6/30/2026,5/11/2026 4:10,710,710,166.6,166.6,876.6,876.6
USMEM,USLGB,CNYTN,"Memphis, TN, USMEM",LALB,"Yantian Pt, 44, CNYTN",CNYTN,OOLU,OOCL,MT256104,DRY,16,4/1/2026,6/30/2026,5/11/2026 4:10,710,710,166.6,166.6,876.6,876.6
USMEM,USSAV,CNYTN,"Memphis, TN, USMEM","Savannah, GA, USSAV","Yantian Pt, 44, CNYTN",CNYTN,CMDU,CMA,25-0720,DRY,12,4/18/2026,6/30/2026,5/11/2026 4:10,720,720,166.16,166.16,886.16,886.16
USMEM,USCHS,CNYTN,"Memphis, TN, USMEM","Charleston, SC, USCHS","Yantian Pt, 44, CNYTN",CNYTN,YMJA,YML,51625,DRY,9,5/16/2026,6/30/2026,5/11/2026 4:10,791,791,235.27,235.27,1026.27,1026.27
USMEM,USSAV,CNYTN,"Memphis, TN, USMEM","Savannah, GA, USSAV","Yantian Pt, 44, CNYTN",CNYTN,YMJA,YML,51625,DRY,9,5/16/2026,6/30/2026,5/11/2026 4:10,792,792,235.27,235.27,1027.27,1027.27
USMEM,USLAX,CNYTN,"Memphis, TN, USMEM",LALB,"Yantian Pt, 44, CNYTN",CNYTN,MAEU,Maersk,300094432,DRY,0,4/1/2026,9/30/2026,3/25/2026 3:45,958,958,0,0,958,958
USMEM,USSAV,CNYTN,"Memphis, TN, USMEM","Savannah, GA, USSAV","Yantian Pt, 44, CNYTN",CNYTN,OOLU,OOCL,MT256104,DRY,16,4/1/2026,6/30/2026,5/11/2026 4:10,1043,1043,166.6,166.6,1209.6,1209.6
USMEM,USSAV,CNYTN,"Memphis, TN, USMEM","Savannah, GA, USSAV","Yantian Pt, 44, CNYTN",CNYTN,MAEU,Maersk,300094432,DRY,0,4/1/2026,9/30/2026,3/25/2026 3:45,1061,1061,0,0,1061,1061
USMEM,USLAX,CNYTN,"Memphis, TN, USMEM",LALB,"Yantian Pt, 44, CNYTN",CNYTN,YMJA,YML,51625,DRY,9,4/23/2026,5/15/2026,5/11/2026 4:10,1075,1075,235.27,235.27,1310.27,1310.27
USMEM,USLAX,CNYTN,"Memphis, TN, USMEM",LALB,"Yantian Pt, 44, CNYTN",KRPUS,YMJA,YML,51625,DRY,9,4/23/2026,5/15/2026,5/11/2026 4:10,1130,1130,123.14,123.14,1253.14,1253.14
USMEM,USLAX,CNYTN,"Memphis, TN, USMEM",LALB,"Yantian Pt, 44, CNYTN",CNYTN,YMJA,YML,51625,DRY,9,5/16/2026,6/30/2026,5/11/2026 4:10,1209,1209,235.27,235.27,1444.27,1444.27
USMEM,USLAX,CNYTN,"Memphis, TN, USMEM",LALB,"Yantian Pt, 44, CNYTN",KRPUS,YMJA,YML,51625,DRY,9,5/16/2026,6/30/2026,5/11/2026 4:10,1264,1264,123.14,123.14,1387.14,1387.14
USMEM,USLAX,CNYTN,"Memphis, TN, USMEM",LALB,"Yantian Pt, 44, CNYTN",CNYTN,ONEY,ONE,CHIM354B25,DRY,15,5/16/2026,6/30/2026,5/11/2026 4:10,1500,1500,178.8,178.8,1678.8,1678.8
USMEM,USLAX,CNYTN,"Memphis, TN, USMEM",LALB,"Yantian Pt, 44, CNYTN",CNYTN,ONEY,ONE,CHIM354B25,DRY,15,5/6/2026,5/15/2026,5/11/2026 4:10,1500,1500,178.8,178.8,1678.8,1678.8
USMEM,USCHS,CNYTN,"Memphis, TN, USMEM","Charleston, SC, USCHS","Yantian Pt, 44, CNYTN",CNYTN,EGLV,EMC,SC103574,DRY,4,5/1/2026,6/30/2026,5/10/2026 3:45,1700,1700,0,0,1700,1700
USMEM,USSAV,CNYTN,"Memphis, TN, USMEM","Savannah, GA, USSAV","Yantian Pt, 44, CNYTN",CNYTN,EGLV,EMC,SC103574,DRY,4,5/1/2026,6/30/2026,5/10/2026 3:45,1700,1700,0,0,1700,1700
USMEM,USORF,CNYTN,"Memphis, TN, USMEM","Norfolk, VA, USORF","Yantian Pt, 44, CNYTN",CNYTN,EGLV,EMC,SC103574,DRY,4,5/1/2026,6/30/2026,5/10/2026 3:45,1700,1700,0,0,1700,1700
USMEM,USLAX,CNYTN,"Memphis, TN, USMEM",LALB,"Yantian Pt, 44, CNYTN",CNYTN,EGLV,EMC,SC103574,DRY,4,5/1/2026,6/30/2026,5/10/2026 3:45,2300,2300,0,0,2300,2300
USMEM,USSAV,CNYYA,"Memphis, TN, USMEM","Savannah, GA, USSAV","Yueyang, 50, CNYYA",CNYYA,MAEU,Maersk,300094432,DRY,0,4/1/2026,9/30/2026,5/11/2026 4:10,766,766,16.32,16.32,782.32,782.32
USMEM,USLAX,CNYYA,"Memphis, TN, USMEM",LALB,"Yueyang, 50, CNYYA",CNYYA,MAEU,Maersk,300094432,DRY,0,4/1/2026,9/30/2026,5/11/2026 4:10,863,863,16.32,16.32,879.32,879.32
USMEM,USSAV,CNYYA,"Memphis, TN, USMEM","Savannah, GA, USSAV","Yueyang, 50, CNYYA",CNYYA,CMDU,CMA,25-0720,DRY,12,4/18/2026,6/30/2026,5/11/2026 4:10,1525,1525,169.83,169.83,1694.83,1694.83
USMEM,USLAX,CNYYA,"Memphis, TN, USMEM",LALB,"Yueyang, 50, CNYYA",CNSHA,YMJA,YML,51625,DRY,9,4/23/2026,5/15/2026,5/11/2026 4:10,1630,1630,235.27,235.27,1865.27,1865.27
USMEM,USLAX,CNYYA,"Memphis, TN, USMEM",LALB,"Yueyang, 50, CNYYA",CNSHA,YMJA,YML,51625,DRY,9,5/16/2026,6/30/2026,5/11/2026 4:10,1764,1764,235.27,235.27,1999.27,1999.27
USMEM,USLAX,CNYYA,"Memphis, TN, USMEM",LALB,"Yueyang, 50, CNYYA",CNYYA,ONEY,ONE,CHIM354B25,DRY,15,5/16/2026,6/30/2026,5/11/2026 4:10,1800,1800,126.6,126.6,1926.6,1926.6
USMEM,USLAX,CNYYA,"Memphis, TN, USMEM",LALB,"Yueyang, 50, CNYYA",CNYYA,ONEY,ONE,CHIM354B25,DRY,15,5/6/2026,5/15/2026,5/11/2026 4:10,1800,1800,126.6,126.6,1926.6,1926.6
USMEM,USLAX,CNYZH,"Memphis, TN, USMEM",LALB,"Yangzhou Pt, 32, CNYZH",CNSHA,YMJA,YML,51625,DRY,9,4/23/2026,5/15/2026,5/11/2026 4:10,1380,1380,235.27,235.27,1615.27,1615.27
USMEM,USLAX,CNYZH,"Memphis, TN, USMEM",LALB,"Yangzhou Pt, 32, CNYZH",CNSHA,YMJA,YML,51625,DRY,9,5/16/2026,6/30/2026,5/11/2026 4:10,1514,1514,235.27,235.27,1749.27,1749.27
USMEM,USLAX,CNZAP,"Memphis, TN, USMEM",LALB,"Zhapu, 33, CNZAP",CNNBG,YMJA,YML,51625,DRY,9,4/23/2026,5/15/2026,5/11/2026 4:10,1330,1330,235.27,235.27,1565.27,1565.27
USMEM,USLAX,CNZAP,"Memphis, TN, USMEM",LALB,"Zhapu, 33, CNZAP",CNNBG,YMJA,YML,51625,DRY,9,5/16/2026,6/30/2026,5/11/2026 4:10,1464,1464,235.27,235.27,1699.27,1699.27
USMEM,USSAV,CNZHA,"Memphis, TN, USMEM","Savannah, GA, USSAV","Zhanjiang Potou Apt, 44, CNZHA",CNZHA,CMDU,CMA,25-0720,DRY,12,4/18/2026,6/30/2026,5/11/2026 4:10,1525,1525,169.83,169.83,1694.83,1694.83
USMEM,USLAX,CNZHE,"Memphis, TN, USMEM",LALB,"Zhenjiang Pt, 32, CNZHE",CNSHA,YMJA,YML,51625,DRY,9,4/23/2026,5/15/2026,5/11/2026 4:10,1350,1350,235.27,235.27,1585.27,1585.27
USMEM,USLAX,CNZHE,"Memphis, TN, USMEM",LALB,"Zhenjiang Pt, 32, CNZHE",CNSHA,YMJA,YML,51625,DRY,9,5/16/2026,6/30/2026,5/11/2026 4:10,1484,1484,235.27,235.27,1719.27,1719.27
USMEM,USLAX,CNZHU,"Memphis, TN, USMEM",LALB,"Zhuao, 41, CNZHU",CNZHU,MAEU,Maersk,300094432,DRY,0,4/1/2026,9/30/2026,3/25/2026 3:45,1368,1368,0,0,1368,1368
USMEM,USSAV,CNZHU,"Memphis, TN, USMEM","Savannah, GA, USSAV","Zhuao, 41, CNZHU",CNZHU,MAEU,Maersk,300094432,DRY,0,4/1/2026,9/30/2026,3/25/2026 3:45,1471,1471,0,0,1471,1471
USMEM,USSAV,CNZJG,"Memphis, TN, USMEM","Savannah, GA, USSAV","Zhangjiagang, 32, CNZJG",CNZJG,MAEU,Maersk,300094432,DRY,0,4/1/2026,9/30/2026,5/11/2026 4:10,906,906,16.32,16.32,922.32,922.32
USMEM,USLAX,CNZJG,"Memphis, TN, USMEM",LALB,"Zhangjiagang, 32, CNZJG",CNZJG,MAEU,Maersk,300094432,DRY,0,4/1/2026,9/30/2026,5/11/2026 4:10,1003,1003,16.32,16.32,1019.32,1019.32
USMEM,USSAV,CNZJG,"Memphis, TN, USMEM","Savannah, GA, USSAV","Zhangjiagang, 32, CNZJG",CNZJG,CMDU,CMA,25-0720,DRY,12,4/18/2026,6/30/2026,5/11/2026 4:10,1020,1020,169.83,169.83,1189.83,1189.83
USMEM,USLAX,CNZJG,"Memphis, TN, USMEM",LALB,"Zhangjiagang, 32, CNZJG",CNSHA,YMJA,YML,51625,DRY,9,4/23/2026,5/15/2026,5/11/2026 4:10,1380,1380,235.27,235.27,1615.27,1615.27
USMEM,USLAX,CNZJG,"Memphis, TN, USMEM",LALB,"Zhangjiagang, 32, CNZJG",CNZJG,ONEY,ONE,CHIM354B25,DRY,15,5/16/2026,6/30/2026,5/11/2026 4:10,1450,1450,121.75,121.75,1571.75,1571.75
USMEM,USLAX,CNZJG,"Memphis, TN, USMEM",LALB,"Zhangjiagang, 32, CNZJG",CNZJG,ONEY,ONE,CHIM354B25,DRY,15,5/6/2026,5/15/2026,5/11/2026 4:10,1450,1450,121.75,121.75,1571.75,1571.75
USMEM,USLAX,CNZJG,"Memphis, TN, USMEM",LALB,"Zhangjiagang, 32, CNZJG",CNSHA,YMJA,YML,51625,DRY,9,5/16/2026,6/30/2026,5/11/2026 4:10,1514,1514,235.27,235.27,1749.27,1749.27
USMEM,USLAX,CNZNG,"Memphis, TN, USMEM",LALB,"Zhanjiang Pt, 44, CNZNG",CNZNG,MAEU,Maersk,300094432,DRY,0,4/1/2026,9/30/2026,3/25/2026 3:45,1418,1418,0,0,1418,1418
USMEM,USSAV,CNZNG,"Memphis, TN, USMEM","Savannah, GA, USSAV","Zhanjiang Pt, 44, CNZNG",CNZNG,MAEU,Maersk,300094432,DRY,0,4/1/2026,9/30/2026,3/25/2026 3:45,1521,1521,0,0,1521,1521
USMEM,USSAV,CNZNG,"Memphis, TN, USMEM","Savannah, GA, USSAV","Zhanjiang Pt, 44, CNZNG",CNZNG,CMDU,CMA,25-0720,DRY,12,4/18/2026,6/30/2026,5/11/2026 4:10,1525,1525,169.83,169.83,1694.83,1694.83
USMEM,USLAX,CNZSN,"Memphis, TN, USMEM",LALB,"Zhongshan Pt, 44, CNZSN",CNZSN,ONEY,ONE,CHIM354B25,DRY,15,5/6/2026,5/15/2026,5/11/2026 4:10,1725,1725,178.8,178.8,1903.8,1903.8
USMEM,USLAX,CNZSN,"Memphis, TN, USMEM",LALB,"Zhongshan Pt, 44, CNZSN",CNZSN,ONEY,ONE,CHIM354B25,DRY,15,5/16/2026,6/30/2026,5/11/2026 4:10,1725,1725,178.8,178.8,1903.8,1903.8
USMEM,USLAX,CNZUH,"Memphis, TN, USMEM",LALB,"Zhuhai Pt, 44, CNZUH",CNZUH,ONEY,ONE,CHIM354B25,DRY,15,5/16/2026,6/30/2026,5/11/2026 4:10,1550,1550,178.8,178.8,1728.8,1728.8
USMEM,USLAX,CNZUH,"Memphis, TN, USMEM",LALB,"Zhuhai Pt, 44, CNZUH",CNZUH,ONEY,ONE,CHIM354B25,DRY,15,5/6/2026,5/15/2026,5/11/2026 4:10,1550,1550,178.8,178.8,1728.8,1728.8
USMEM,USLAX,COBUN,"Memphis, TN, USMEM",LALB,"Buenaventura, , COBUN",COBUN,ONEY,ONE,CHIM354B25,DRY,15,5/16/2026,6/30/2026,5/7/2026 4:10,2825,2825,141,141,2966,2966
USMEM,USLAX,COBUN,"Memphis, TN, USMEM",LALB,"Buenaventura, , COBUN",COBUN,ONEY,ONE,CHIM354B25,DRY,15,5/6/2026,5/15/2026,5/7/2026 4:10,2825,2825,141,141,2966,2966
USMEM,USHOU,COCTG,"Memphis, TN, USMEM","Houston, TX, USHOU","Cartagena, , COCTG",COCTG,CMDU,CMA,25-0720,DRY,12,4/18/2026,6/30/2026,5/5/2026 4:10,2465,2465,125,125,2590,2590
USMEM,USSAV,COCTG,"Memphis, TN, USMEM","Savannah, GA, USSAV","Cartagena, , COCTG",COCTG,CMDU,CMA,25-0720,DRY,12,4/18/2026,6/30/2026,5/5/2026 4:10,2553,2553,125,125,2678,2678
USMEM,USHOU,COTRB,"Memphis, TN, USMEM","Houston, TX, USHOU","Turbo, , COTRB",COTRB,CMDU,CMA,25-0720,DRY,12,4/18/2026,6/30/2026,5/5/2026 4:10,3565,3565,125,125,3690,3690
USMEM,USSAV,COTRB,"Memphis, TN, USMEM","Savannah, GA, USSAV","Turbo, , COTRB",COTRB,CMDU,CMA,25-0720,DRY,12,4/18/2026,6/30/2026,5/5/2026 4:10,3696,3696,125,125,3821,3821
USMEM,USLAX,CRCAL,"Memphis, TN, USMEM",LALB,"Caldera, P, CRCAL",CRCAL,ONEY,ONE,CHIM354B25,DRY,15,5/16/2026,6/30/2026,5/7/2026 4:10,2825,2825,245,245,3070,3070
USMEM,USLAX,CRCAL,"Memphis, TN, USMEM",LALB,"Caldera, P, CRCAL",CRCAL,ONEY,ONE,CHIM354B25,DRY,15,5/6/2026,5/15/2026,5/7/2026 4:10,2825,2825,245,245,3070,3070
USMEM,USSAV,CRCAR,"Memphis, TN, USMEM","Savannah, GA, USSAV","Cartago, C, CRCAR","Puerto Moin, CR",MAEU,Maersk,300094432,DRY,0,4/1/2026,9/30/2026,4/14/2026 4:10,2916,2916,510,510,3426,3426
USMEM,USSAV,CRCAR,"Memphis, TN, USMEM","Savannah, GA, USSAV","Cartago, C, CRCAR",CRMOB,CMDU,CMA,25-0720,DRY,12,4/18/2026,6/30/2026,5/5/2026 3:45,4059,4059,0,0,4059,4059
USMEM,USHOU,CRCAR,"Memphis, TN, USMEM","Houston, TX, USHOU","Cartago, C, CRCAR",CRMOB,CMDU,CMA,25-0720,DRY,12,4/18/2026,6/30/2026,5/5/2026 3:45,4172,4172,0,0,4172,4172
USMEM,USSAV,CRMOB,"Memphis, TN, USMEM","Savannah, GA, USSAV","Moin, L, CRMOB",CRMOB,CMDU,CMA,25-0720,DRY,12,4/18/2026,6/30/2026,5/5/2026 4:10,3119,3119,465,465,3584,3584
USMEM,USHOU,CRMOB,"Memphis, TN, USMEM","Houston, TX, USHOU","Moin, L, CRMOB",CRMOB,CMDU,CMA,25-0720,DRY,12,4/18/2026,6/30/2026,5/5/2026 4:10,3445,3445,465,465,3910,3910
USMEM,USSAV,CRPMN,"Memphis, TN, USMEM","Savannah, GA, USSAV","Puerto Moin, L, CRPMN",CRPMN,MAEU,Maersk,300094432,DRY,0,4/1/2026,9/30/2026,4/14/2026 4:10,2326,2326,510,510,2836,2836
USMEM,USSAV,CRSJO,"Memphis, TN, USMEM","Savannah, GA, USSAV","San Jose, SJ, CRSJO","Puerto Moin, CR",MAEU,Maersk,300094432,DRY,0,4/1/2026,9/30/2026,4/14/2026 4:10,2886,2886,510,510,3396,3396
USMEM,USCHS,DJJIB,"Memphis, TN, USMEM","Charleston, SC, USCHS","Djibouti, , DJJIB",DJJIB,MAEU,Maersk,300094432,DRY,0,4/1/2026,9/30/2026,3/25/2026 4:10,2399,2399,43,43,2442,2442
USMEM,USHOU,DJJIB,"Memphis, TN, USMEM","Houston, TX, USHOU","Djibouti, , DJJIB",DJJIB,CMDU,CMA,25-0720,DRY,12,4/18/2026,6/30/2026,5/5/2026 4:10,5762,5762,166,166,5928,5928
USMEM,USLAX,ECGYE,"Memphis, TN, USMEM",LALB,"Guayaquil, G, ECGYE",ECGYE,ONEY,ONE,CHIM354B25,DRY,15,5/6/2026,5/15/2026,5/7/2026 4:10,1810,1810,410,310,2220,2120
USMEM,USLAX,ECGYE,"Memphis, TN, USMEM",LALB,"Guayaquil, G, ECGYE",ECGYE,ONEY,ONE,CHIM354B25,DRY,15,5/16/2026,6/30/2026,5/7/2026 4:10,1810,1810,410,310,2220,2120
USMEM,USSAV,ECGYE,"Memphis, TN, USMEM","Savannah, GA, USSAV","Guayaquil, G, ECGYE",ECGYE,ONEY,ONE,CHIM354B25,DRY,15,5/16/2026,6/30/2026,5/7/2026 4:10,2275,2275,410,310,2685,2585
USMEM,USSAV,ECGYE,"Memphis, TN, USMEM","Savannah, GA, USSAV","Guayaquil, G, ECGYE",ECGYE,ONEY,ONE,CHIM354B25,DRY,15,5/6/2026,5/15/2026,5/7/2026 4:10,2275,2275,410,310,2685,2585
USMEM,USSAV,ECGYE,"Memphis, TN, USMEM","Savannah, GA, USSAV","Guayaquil, G, ECGYE",ECGYE,MSCU,MSC,25-348WCSA,DRY,7,5/1/2026,5/31/2026,5/10/2026 4:10,2501,2501,200,200,2701,2701
USMEM,USSAV,ECGYE,"Memphis, TN, USMEM","Savannah, GA, USSAV","Guayaquil, G, ECGYE",ECGYE,MSCU,MSC,25-348WCSA,DRY,7,6/1/2026,6/30/2026,5/10/2026 4:10,2575,2575,200,200,2775,2775
USMEM,USSAV,ECGYE,"Memphis, TN, USMEM","Savannah, GA, USSAV","Guayaquil, G, ECGYE",ECGYE,CMDU,CMA,25-0720,DRY,12,4/18/2026,6/30/2026,5/5/2026 4:10,3954,3954,205,205,4159,4159
USMEM,USHOU,ECGYE,"Memphis, TN, USMEM","Houston, TX, USHOU","Guayaquil, G, ECGYE",ECGYE,CMDU,CMA,25-0720,DRY,12,4/18/2026,6/30/2026,5/5/2026 4:10,3991,3991,205,205,4196,4196
USMEM,USMOB,ECPSJ,"Memphis, TN, USMEM","Mobile, AL, USMOB","Posorja, G, ECPSJ",ECPSJ,MAEU,Maersk,300094432,DRY,0,4/1/2026,9/30/2026,3/25/2026 4:10,2639,2639,285,285,2924,2924
USMEM,USSAV,EGALY,"Memphis, TN, USMEM","Savannah, GA, USSAV","Alexandria, , EGALY",EGALY,ONEY,ONE,CHIM354B25,DRY,15,5/16/2026,6/30/2026,5/7/2026 3:45,1700,1700,0,0,1700,1700
USMEM,USSAV,EGALY,"Memphis, TN, USMEM","Savannah, GA, USSAV","Alexandria, , EGALY",EGALY,ONEY,ONE,CHIM354B25,DRY,15,5/6/2026,5/15/2026,5/7/2026 3:45,1700,1700,0,0,1700,1700
USMEM,USHOU,EGALY,"Memphis, TN, USMEM","Houston, TX, USHOU","Alexandria, , EGALY",EGALY,CMDU,CMA,25-0720,DRY,12,4/18/2026,6/30/2026,5/5/2026 3:45,3750,3750,0,0,3750,3750
USMEM,USSAV,EGALY,"Memphis, TN, USMEM","Savannah, GA, USSAV","Alexandria, , EGALY",EGALY,MAEU,Maersk,300094432,DRY,0,4/1/2026,9/30/2026,3/25/2026 4:10,3944,3944,80,80,4024,4024
USMEM,USCHS,EGALY,"Memphis, TN, USMEM","Charleston, SC, USCHS","Alexandria, , EGALY",EGALY,MAEU,Maersk,300094432,DRY,0,4/1/2026,9/30/2026,3/25/2026 4:10,3944,3944,80,80,4024,4024
USMEM,USSAV,EGDAM,"Memphis, TN, USMEM","Savannah, GA, USSAV","Damietta, , EGDAM",EGDAM,ONEY,ONE,CHIM354B25,DRY,15,5/6/2026,5/15/2026,5/7/2026 3:45,1750,1750,0,0,1750,1750
USMEM,USSAV,EGDAM,"Memphis, TN, USMEM","Savannah, GA, USSAV","Damietta, , EGDAM",EGDAM,ONEY,ONE,CHIM354B25,DRY,15,5/16/2026,6/30/2026,5/7/2026 3:45,1750,1750,0,0,1750,1750
USMEM,USSAV,EGDAM,"Memphis, TN, USMEM","Savannah, GA, USSAV","Damietta, , EGDAM",EGDAM,MAEU,Maersk,300094432,DRY,0,4/1/2026,9/30/2026,3/25/2026 4:10,1972,1972,80,80,2052,2052
USMEM,USCHS,EGDAM,"Memphis, TN, USMEM","Charleston, SC, USCHS","Damietta, , EGDAM",EGDAM,MAEU,Maersk,300094432,DRY,0,4/1/2026,9/30/2026,3/25/2026 4:10,1972,1972,80,80,2052,2052
USMEM,USSAV,EGEDK,"Memphis, TN, USMEM","Savannah, GA, USSAV","El Dekheila, , EGEDK",EGEDK,OOLU,OOCL,MT256104,DRY,16,4/1/2026,6/30/2026,5/10/2026 3:45,1335,1335,0,0,1335,1335
USMEM,USSAV,EGPSD,"Memphis, TN, USMEM","Savannah, GA, USSAV","Port Said, , EGPSD",EGPSD,ONEY,ONE,CHIM354B25,DRY,15,5/16/2026,6/30/2026,5/7/2026 3:45,2050,2050,0,0,2050,2050
USMEM,USSAV,EGPSD,"Memphis, TN, USMEM","Savannah, GA, USSAV","Port Said, , EGPSD",EGPSD,ONEY,ONE,CHIM354B25,DRY,15,5/6/2026,5/15/2026,5/7/2026 3:45,2050,2050,0,0,2050,2050
USMEM,USHOU,EGPSD,"Memphis, TN, USMEM","Houston, TX, USHOU","Port Said, , EGPSD",EGPSD,CMDU,CMA,25-0720,DRY,12,4/18/2026,6/30/2026,5/5/2026 3:45,3750,3750,0,0,3750,3750
USMEM,USSAV,ESALG,"Memphis, TN, USMEM","Savannah, GA, USSAV","Algeciras, , ESALG",ESALG,ONEY,ONE,CHIM354B25,DRY,15,5/6/2026,5/15/2026,5/11/2026 4:10,1468,1468,392.84,392.84,1860.84,1860.84
USMEM,USSAV,ESALG,"Memphis, TN, USMEM","Savannah, GA, USSAV","Algeciras, , ESALG",ESALG,ONEY,ONE,CHIM354B25,DRY,15,5/16/2026,6/30/2026,5/11/2026 4:10,1468,1468,392.84,392.84,1860.84,1860.84
USMEM,USCHS,ESALG,"Memphis, TN, USMEM","Charleston, SC, USCHS","Algeciras, , ESALG",ESALG,ONEY,ONE,CHIM354B25,DRY,15,5/16/2026,6/30/2026,5/11/2026 4:10,1958,1958,392.84,392.84,2350.84,2350.84
USMEM,USCHS,ESALG,"Memphis, TN, USMEM","Charleston, SC, USCHS","Algeciras, , ESALG",ESALG,ONEY,ONE,CHIM354B25,DRY,15,5/6/2026,5/15/2026,5/11/2026 4:10,1958,1958,392.84,392.84,2350.84,2350.84
USMEM,USSAV,ESBCN,"Memphis, TN, USMEM","Savannah, GA, USSAV","Barcelona, , ESBCN",ESBCN,ONEY,ONE,CHIM354B25,DRY,15,5/6/2026,5/15/2026,5/11/2026 4:10,2228,2228,423.06,423.06,2651.06,2651.06
USMEM,USSAV,ESBCN,"Memphis, TN, USMEM","Savannah, GA, USSAV","Barcelona, , ESBCN",ESBCN,ONEY,ONE,CHIM354B25,DRY,15,5/16/2026,6/30/2026,5/11/2026 4:10,2228,2228,423.06,423.06,2651.06,2651.06
USMEM,USSAV,ESVLC,"Memphis, TN, USMEM","Savannah, GA, USSAV","Valencia, , ESVLC",ESVLC,ONEY,ONE,CHIM354B25,DRY,15,5/16/2026,6/30/2026,5/11/2026 4:10,1718,1718,427.75,427.75,2145.75,2145.75
USMEM,USSAV,ESVLC,"Memphis, TN, USMEM","Savannah, GA, USSAV","Valencia, , ESVLC",ESVLC,ONEY,ONE,CHIM354B25,DRY,15,5/6/2026,5/15/2026,5/11/2026 4:10,1718,1718,427.75,427.75,2145.75,2145.75
USMEM,USMSY,GTAMA,"Memphis, TN, USMEM","New Orleans, LA, USMSY","Amatitlan, GU, GTAMA","Puerto Barrios, GT",MAEU,Maersk,300094432,DRY,0,4/1/2026,9/30/2026,4/14/2026 4:10,2183,2183,370,370,2553,2553
USMEM,USHOU,GTAMA,"Memphis, TN, USMEM","Houston, TX, USHOU","Amatitlan, GU, GTAMA",GTPBR,CMDU,CMA,25-0720,DRY,12,4/18/2026,6/30/2026,5/5/2026 3:45,2980,2980,0,0,2980,2980
USMEM,USHOU,GTAMA,"Memphis, TN, USMEM","Houston, TX, USHOU","Amatitlan, GU, GTAMA",GTSTC,CMDU,CMA,25-0720,DRY,12,4/18/2026,6/30/2026,5/5/2026 3:45,2980,2980,0,0,2980,2980
USMEM,USHOU,GTAMA,"Memphis, TN, USMEM","Houston, TX, USHOU","Amatitlan, GU, GTAMA",GTSTC,CMDU,CMA,25-0720,DRY,12,4/18/2026,6/30/2026,5/5/2026 3:45,3862,3862,0,0,3862,3862
USMEM,USHOU,GTAMA,"Memphis, TN, USMEM","Houston, TX, USHOU","Amatitlan, GU, GTAMA",GTPBR,CMDU,CMA,25-0720,DRY,12,4/18/2026,6/30/2026,5/5/2026 3:45,3862,3862,0,0,3862,3862
USMEM,USSAV,GTAMA,"Memphis, TN, USMEM","Savannah, GA, USSAV","Amatitlan, GU, GTAMA",GTSTC,CMDU,CMA,25-0720,DRY,12,4/18/2026,6/30/2026,5/5/2026 3:45,4252,4252,0,0,4252,4252
USMEM,USSAV,GTAMA,"Memphis, TN, USMEM","Savannah, GA, USSAV","Amatitlan, GU, GTAMA",GTPBR,CMDU,CMA,25-0720,DRY,12,4/18/2026,6/30/2026,5/5/2026 3:45,4252,4252,0,0,4252,4252
USMEM,USHOU,GTCHI,"Memphis, TN, USMEM","Houston, TX, USHOU","Chimaltenango, , GTCHI",GTPBR,CMDU,CMA,25-0720,DRY,12,4/18/2026,6/30/2026,5/5/2026 3:45,3962,3962,0,0,3962,3962
USMEM,USHOU,GTCHI,"Memphis, TN, USMEM","Houston, TX, USHOU","Chimaltenango, , GTCHI",GTSTC,CMDU,CMA,25-0720,DRY,12,4/18/2026,6/30/2026,5/5/2026 3:45,3962,3962,0,0,3962,3962
USMEM,USSAV,GTCHI,"Memphis, TN, USMEM","Savannah, GA, USSAV","Chimaltenango, , GTCHI",GTPBR,CMDU,CMA,25-0720,DRY,12,4/18/2026,6/30/2026,5/5/2026 3:45,4352,4352,0,0,4352,4352
USMEM,USSAV,GTCHI,"Memphis, TN, USMEM","Savannah, GA, USSAV","Chimaltenango, , GTCHI",GTSTC,CMDU,CMA,25-0720,DRY,12,4/18/2026,6/30/2026,5/5/2026 3:45,4352,4352,0,0,4352,4352
USMEM,USMSY,GTGUA,"Memphis, TN, USMEM","New Orleans, LA, USMSY","Guatemala City, , GTGUA","Puerto Barrios, GT",MAEU,Maersk,300094432,DRY,0,4/1/2026,9/30/2026,4/14/2026 4:10,2661,2661,345,345,3006,3006
USMEM,USSAV,GTGUA,"Memphis, TN, USMEM","Savannah, GA, USSAV","Guatemala City, , GTGUA",GTSTC,EGLV,EMC,SC103574,DRY,2,4/20/2026,6/30/2026,5/10/2026 3:45,3500,3500,0,0,3500,3500
USMEM,USHOU,GTGUA,"Memphis, TN, USMEM","Houston, TX, USHOU","Guatemala City, , GTGUA",GTPBR,CMDU,CMA,25-0720,DRY,12,4/18/2026,6/30/2026,5/5/2026 3:45,3832,3832,0,0,3832,3832
USMEM,USHOU,GTGUA,"Memphis, TN, USMEM","Houston, TX, USHOU","Guatemala City, , GTGUA",GTSTC,CMDU,CMA,25-0720,DRY,12,4/18/2026,6/30/2026,5/5/2026 3:45,3832,3832,0,0,3832,3832
USMEM,USSAV,GTGUA,"Memphis, TN, USMEM","Savannah, GA, USSAV","Guatemala City, , GTGUA",GTPBR,CMDU,CMA,25-0720,DRY,12,4/18/2026,6/30/2026,5/5/2026 3:45,4222,4222,0,0,4222,4222
USMEM,USSAV,GTGUA,"Memphis, TN, USMEM","Savannah, GA, USSAV","Guatemala City, , GTGUA",GTSTC,CMDU,CMA,25-0720,DRY,12,4/18/2026,6/30/2026,5/5/2026 3:45,4222,4222,0,0,4222,4222
USMEM,USMSY,GTPAL,"Memphis, TN, USMEM","New Orleans, LA, USMSY","Palin, , GTPAL","Puerto Barrios, GT",MAEU,Maersk,300094432,DRY,0,4/1/2026,9/30/2026,4/14/2026 4:10,2084,2084,370,370,2454,2454
USMEM,USHOU,GTPAL,"Memphis, TN, USMEM","Houston, TX, USHOU","Palin, , GTPAL",GTSTC,CMDU,CMA,25-0720,DRY,12,4/18/2026,6/30/2026,5/5/2026 3:45,3080,3080,0,0,3080,3080
USMEM,USHOU,GTPAL,"Memphis, TN, USMEM","Houston, TX, USHOU","Palin, , GTPAL",GTPBR,CMDU,CMA,25-0720,DRY,12,4/18/2026,6/30/2026,5/5/2026 3:45,3080,3080,0,0,3080,3080
USMEM,USHOU,GTPAL,"Memphis, TN, USMEM","Houston, TX, USHOU","Palin, , GTPAL",GTPBR,CMDU,CMA,25-0720,DRY,12,4/18/2026,6/30/2026,5/5/2026 3:45,3962,3962,0,0,3962,3962
USMEM,USHOU,GTPAL,"Memphis, TN, USMEM","Houston, TX, USHOU","Palin, , GTPAL",GTSTC,CMDU,CMA,25-0720,DRY,12,4/18/2026,6/30/2026,5/5/2026 3:45,3962,3962,0,0,3962,3962
USMEM,USSAV,GTPAL,"Memphis, TN, USMEM","Savannah, GA, USSAV","Palin, , GTPAL",GTSTC,CMDU,CMA,25-0720,DRY,12,4/18/2026,6/30/2026,5/5/2026 3:45,4352,4352,0,0,4352,4352
USMEM,USSAV,GTPAL,"Memphis, TN, USMEM","Savannah, GA, USSAV","Palin, , GTPAL",GTPBR,CMDU,CMA,25-0720,DRY,12,4/18/2026,6/30/2026,5/5/2026 3:45,4352,4352,0,0,4352,4352
USMEM,USMSY,GTPBR,"Memphis, TN, USMEM","New Orleans, LA, USMSY","Puerto Barrios, , GTPBR",GTPBR,MAEU,Maersk,300094432,DRY,0,4/1/2026,9/30/2026,4/14/2026 4:10,1621,1621,345,345,1966,1966
USMEM,USHOU,GTPBR,"Memphis, TN, USMEM","Houston, TX, USHOU","Puerto Barrios, , GTPBR",GTPBR,CMDU,CMA,25-0720,DRY,12,4/18/2026,6/30/2026,5/5/2026 4:10,2575,2575,175,175,2750,2750
USMEM,USSAV,GTPBR,"Memphis, TN, USMEM","Savannah, GA, USSAV","Puerto Barrios, , GTPBR",GTPBR,CMDU,CMA,25-0720,DRY,12,4/18/2026,6/30/2026,5/5/2026 4:10,2702,2702,175,175,2877,2877
USMEM,USLAX,GTPRQ,"Memphis, TN, USMEM",LALB,"Puerto Quetzal, , GTPRQ",GTPRQ,ONEY,ONE,CHIM354B25,DRY,15,5/6/2026,5/15/2026,5/7/2026 4:10,2825,2825,683,683,3508,3508
USMEM,USLAX,GTPRQ,"Memphis, TN, USMEM",LALB,"Puerto Quetzal, , GTPRQ",GTPRQ,ONEY,ONE,CHIM354B25,DRY,15,5/16/2026,6/30/2026,5/7/2026 4:10,2825,2825,683,683,3508,3508
USMEM,USHOU,GTSTC,"Memphis, TN, USMEM","Houston, TX, USHOU","Puerto Santo Tomas de Castilla, IZ, GTSTC",GTSTC,CMDU,CMA,25-0720,DRY,12,4/18/2026,6/30/2026,5/5/2026 4:10,2575,2575,175,175,2750,2750
USMEM,USSAV,GTSTC,"Memphis, TN, USMEM","Savannah, GA, USSAV","Puerto Santo Tomas de Castilla, IZ, GTSTC",GTSTC,CMDU,CMA,25-0720,DRY,12,4/18/2026,6/30/2026,5/5/2026 4:10,2702,2702,175,175,2877,2877
USMEM,USSAV,GTSTC,"Memphis, TN, USMEM","Savannah, GA, USSAV","Puerto Santo Tomas de Castilla, IZ, GTSTC",GTSTC,MAEU,Maersk,300094432,DRY,0,4/1/2026,9/30/2026,3/25/2026 4:10,2857,2857,345,345,3202,3202
USMEM,USMSY,GTVIN,"Memphis, TN, USMEM","New Orleans, LA, USMSY","Villa Nueva, , GTVIN","Puerto Barrios, GT",MAEU,Maersk,300094432,DRY,0,4/1/2026,9/30/2026,4/14/2026 4:10,2651,2651,370,370,3021,3021
USMEM,USSAV,GTVIN,"Memphis, TN, USMEM","Savannah, GA, USSAV","Villa Nueva, , GTVIN",GTPBR,CMDU,CMA,25-0720,DRY,12,4/18/2026,6/30/2026,5/5/2026 3:45,4222,4222,0,0,4222,4222
USMEM,USSAV,GTVIN,"Memphis, TN, USMEM","Savannah, GA, USSAV","Villa Nueva, , GTVIN",GTSTC,CMDU,CMA,25-0720,DRY,12,4/18/2026,6/30/2026,5/5/2026 3:45,4222,4222,0,0,4222,4222
USMEM,USSAV,HNCFR,"Memphis, TN, USMEM","Savannah, GA, USSAV","Cofradia, CR, HNCFR",HNPCR,CMDU,CMA,25-0720,DRY,12,4/18/2026,6/30/2026,5/5/2026 4:10,3322,3322,200,200,3522,3522
USMEM,USSAV,HNCHO,"Memphis, TN, USMEM","Savannah, GA, USSAV","Choloma, , HNCHO","Puerto Cortes, HN",MAEU,Maersk,300094432,DRY,0,4/1/2026,9/30/2026,4/14/2026 4:10,2316,2316,330,330,2646,2646
USMEM,USSAV,HNCHO,"Memphis, TN, USMEM","Savannah, GA, USSAV","Choloma, , HNCHO",HNPCR,CMDU,CMA,25-0720,DRY,12,4/18/2026,6/30/2026,5/5/2026 4:10,3322,3322,200,200,3522,3522
USMEM,USSAV,HNCOF,"Memphis, TN, USMEM","Savannah, GA, USSAV","Cofradia, OL, HNCOF","Puerto Cortes, HN",MAEU,Maersk,300094432,DRY,0,4/1/2026,9/30/2026,4/14/2026 4:10,2351,2351,330,330,2681,2681
USMEM,USSAV,HNNAC,"Memphis, TN, USMEM","Savannah, GA, USSAV","Naco, SB, HNNAC","Puerto Cortes, HN",MAEU,Maersk,300094432,DRY,0,4/1/2026,9/30/2026,3/25/2026 4:10,2461,2461,285,285,2746,2746
USMEM,USMSY,HNPCR,"Memphis, TN, USMEM","New Orleans, LA, USMSY","Puerto Cortes, , HNPCR",HNPCR,MAEU,Maersk,300094432,DRY,0,4/1/2026,9/30/2026,3/29/2026 4:10,2086,2086,330,330,2416,2416
USMEM,USSAV,HNPCR,"Memphis, TN, USMEM","Savannah, GA, USSAV","Puerto Cortes, , HNPCR",HNPCR,EGLV,EMC,SC103574,DRY,2,4/20/2026,6/30/2026,5/10/2026 4:10,3000,3000,190,190,3190,3190
USMEM,USSAV,HNSAP,"Memphis, TN, USMEM","Savannah, GA, USSAV","San Pedro Sula, , HNSAP","Puerto Cortes, HN",MAEU,Maersk,300094432,DRY,0,4/1/2026,9/30/2026,4/14/2026 4:10,2346,2346,330,330,2676,2676
USMEM,USSAV,HNSAP,"Memphis, TN, USMEM","Savannah, GA, USSAV","San Pedro Sula, , HNSAP",HNPCR,CMDU,CMA,25-0720,DRY,12,4/18/2026,6/30/2026,5/5/2026 4:10,3322,3322,200,200,3522,3522
USMEM,USSAV,HNSBA,"Memphis, TN, USMEM","Savannah, GA, USSAV","Santa Barbara, , HNSBA","Puerto Cortes, HN",MAEU,Maersk,300094432,DRY,0,4/1/2026,9/30/2026,3/25/2026 3:45,2736,2736,0,0,2736,2736
USMEM,USHOU,HNSBA,"Memphis, TN, USMEM","Houston, TX, USHOU","Santa Barbara, , HNSBA",HNPCR,CMDU,CMA,25-0720,DRY,12,4/18/2026,6/30/2026,5/5/2026 4:10,3640,3640,200,200,3840,3840
USMEM,USSAV,HNSBA,"Memphis, TN, USMEM","Savannah, GA, USSAV","Santa Barbara, , HNSBA",HNPCR,CMDU,CMA,25-0720,DRY,12,4/18/2026,6/30/2026,5/5/2026 4:10,4022,4022,200,200,4222,4222
USMEM,USCHS,IDBLW,"Memphis, TN, USMEM","Charleston, SC, USCHS","Belawan, , IDBLW",IDBLW,EGLV,EMC,SC103574,DRY,4,5/1/2026,6/30/2026,5/10/2026 4:10,1100,1100,145,145,1245,1245
USMEM,USSAV,IDBLW,"Memphis, TN, USMEM","Savannah, GA, USSAV","Belawan, , IDBLW",IDBLW,EGLV,EMC,SC103574,DRY,4,5/1/2026,6/30/2026,5/10/2026 4:10,1100,1100,145,145,1245,1245
USMEM,USORF,IDBLW,"Memphis, TN, USMEM","Norfolk, VA, USORF","Belawan, , IDBLW",IDBLW,EGLV,EMC,SC103574,DRY,4,5/1/2026,6/30/2026,5/10/2026 4:10,1100,1100,145,145,1245,1245
USMEM,USLAX,IDBLW,"Memphis, TN, USMEM",LALB,"Belawan, , IDBLW",IDBLW,OOLU,OOCL,MT256104,DRY,16,4/1/2026,6/30/2026,5/10/2026 4:10,1185,1185,145,145,1330,1330
USMEM,USLGB,IDBLW,"Memphis, TN, USMEM",LALB,"Belawan, , IDBLW",IDBLW,OOLU,OOCL,MT256104,DRY,16,4/1/2026,6/30/2026,5/10/2026 4:10,1185,1185,145,145,1330,1330
USMEM,USLAX,IDBLW,"Memphis, TN, USMEM",LALB,"Belawan, , IDBLW",IDBLW,MAEU,Maersk,300094432,DRY,0,4/1/2026,9/30/2026,5/11/2026 4:10,1419,1419,12.95,12.95,1431.95,1431.95
USMEM,USSAV,IDBLW,"Memphis, TN, USMEM","Savannah, GA, USSAV","Belawan, , IDBLW",IDBLW,OOLU,OOCL,MT256104,DRY,16,4/1/2026,6/30/2026,5/10/2026 4:10,1443,1443,145,145,1588,1588
USMEM,USSAV,IDBLW,"Memphis, TN, USMEM","Savannah, GA, USSAV","Belawan, , IDBLW",IDBLW,CMDU,CMA,25-0720,DRY,12,4/18/2026,6/30/2026,5/5/2026 4:10,1520,1520,145,145,1665,1665
USMEM,USSAV,IDBLW,"Memphis, TN, USMEM","Savannah, GA, USSAV","Belawan, , IDBLW",IDBLW,MAEU,Maersk,300094432,DRY,0,4/1/2026,9/30/2026,5/11/2026 4:10,1522,0,12.95,12.95,1534.95,0
USMEM,USLAX,IDBLW,"Memphis, TN, USMEM",LALB,"Belawan, , IDBLW",IDBLW,EGLV,EMC,SC103574,DRY,4,5/1/2026,6/30/2026,5/10/2026 4:10,1750,1750,145,145,1895,1895
USMEM,USLAX,IDBLW,"Memphis, TN, USMEM",LALB,"Belawan, , IDBLW",CNSHA,YMJA,YML,51625,DRY,9,4/23/2026,5/15/2026,5/11/2026 4:10,1955,1955,235.27,235.27,2190.27,2190.27
USMEM,USSAV,IDBLW,"Memphis, TN, USMEM","Savannah, GA, USSAV","Belawan, , IDBLW",IDBLW,MSCU,MSC,25-348WCSA,DRY,7,5/1/2026,5/31/2026,5/10/2026 4:10,1975,1975,165,165,2140,2140
USMEM,USSAV,IDBLW,"Memphis, TN, USMEM","Savannah, GA, USSAV","Belawan, , IDBLW",IDBLW,MSCU,MSC,25-348WCSA,DRY,7,6/1/2026,6/30/2026,5/10/2026 4:10,2015,2015,165,165,2180,2180
USMEM,USCHS,IDBLW,"Memphis, TN, USMEM","Charleston, SC, USCHS","Belawan, , IDBLW",IDBLW,MSCU,MSC,25-348WCSA,DRY,7,5/1/2026,5/31/2026,5/10/2026 4:10,2033.39,2033.39,165,165,2198.39,2198.39
USMEM,USLAX,IDBLW,"Memphis, TN, USMEM",LALB,"Belawan, , IDBLW",SGSIN,YMJA,YML,51625,DRY,9,4/23/2026,5/15/2026,5/11/2026 4:10,2055,2055,274.53,274.53,2329.53,2329.53
USMEM,USCHS,IDBLW,"Memphis, TN, USMEM","Charleston, SC, USCHS","Belawan, , IDBLW",IDBLW,MSCU,MSC,25-348WCSA,DRY,7,6/1/2026,6/30/2026,5/10/2026 4:10,2073.39,2073.39,165,165,2238.39,2238.39
USMEM,USLAX,IDBLW,"Memphis, TN, USMEM",LALB,"Belawan, , IDBLW",CNSHA,YMJA,YML,51625,DRY,9,5/16/2026,6/30/2026,5/11/2026 4:10,2089,2089,235.27,235.27,2324.27,2324.27
USMEM,USLAX,IDBLW,"Memphis, TN, USMEM",LALB,"Belawan, , IDBLW",IDBLW,ONEY,ONE,CHIM354B25,DRY,15,5/6/2026,5/15/2026,5/11/2026 4:10,2135,2135,490.28,490.28,2625.28,2625.28
USMEM,USLAX,IDBLW,"Memphis, TN, USMEM",LALB,"Belawan, , IDBLW",IDBLW,ONEY,ONE,CHIM354B25,DRY,15,5/16/2026,6/30/2026,5/11/2026 4:10,2135,2135,490.28,490.28,2625.28,2625.28
USMEM,USLAX,IDBLW,"Memphis, TN, USMEM",LALB,"Belawan, , IDBLW",SGSIN,YMJA,YML,51625,DRY,9,5/16/2026,6/30/2026,5/11/2026 4:10,2189,2189,274.53,274.53,2463.53,2463.53
USMEM,USLAX,IDBLW,"Memphis, TN, USMEM",LALB,"Belawan, , IDBLW",IDBLW,YMJA,YML,51625,DRY,9,4/23/2026,5/15/2026,5/10/2026 3:45,2300,2300,0,0,2300,2300
USMEM,USLAX,IDBLW,"Memphis, TN, USMEM",LALB,"Belawan, , IDBLW",IDBLW,YMJA,YML,51625,DRY,9,5/16/2026,6/30/2026,5/10/2026 3:45,2434,2434,0,0,2434,2434
USMEM,USLAX,IDCKR,"Memphis, TN, USMEM",LALB,"Cikarang, JB, IDCKR",IDCKR,OOLU,OOCL,MT256104,DRY,16,4/1/2026,6/30/2026,5/10/2026 4:10,1385,1385,145,145,1530,1530
USMEM,USLGB,IDCKR,"Memphis, TN, USMEM",LALB,"Cikarang, JB, IDCKR",IDCKR,OOLU,OOCL,MT256104,DRY,16,4/1/2026,6/30/2026,5/10/2026 4:10,1385,1385,145,145,1530,1530
USMEM,USSAV,IDCKR,"Memphis, TN, USMEM","Savannah, GA, USSAV","Cikarang, JB, IDCKR",IDCKR,ONEY,ONE,CHIM354B25,DRY,15,5/6/2026,5/15/2026,5/11/2026 4:10,1650,1650,490.28,490.28,2140.28,2140.28
USMEM,USSAV,IDCKR,"Memphis, TN, USMEM","Savannah, GA, USSAV","Cikarang, JB, IDCKR",IDCKR,ONEY,ONE,CHIM354B25,DRY,15,5/16/2026,6/30/2026,5/11/2026 4:10,1650,1650,490.28,490.28,2140.28,2140.28
USMEM,USCHS,IDCKR,"Memphis, TN, USMEM","Charleston, SC, USCHS","Cikarang, JB, IDCKR",IDCKR,ONEY,ONE,CHIM354B25,DRY,15,5/6/2026,5/15/2026,5/11/2026 4:10,1650,1650,490.28,490.28,2140.28,2140.28
USMEM,USCHS,IDCKR,"Memphis, TN, USMEM","Charleston, SC, USCHS","Cikarang, JB, IDCKR",IDCKR,ONEY,ONE,CHIM354B25,DRY,15,5/16/2026,6/30/2026,5/11/2026 4:10,1650,1650,490.28,490.28,2140.28,2140.28
USMEM,USLAX,IDCKR,"Memphis, TN, USMEM",LALB,"Cikarang, JB, IDCKR",IDCKR,ONEY,ONE,CHIM354B25,DRY,15,5/6/2026,5/15/2026,5/11/2026 4:10,1860,1860,490.28,490.28,2350.28,2350.28
USMEM,USLAX,IDCKR,"Memphis, TN, USMEM",LALB,"Cikarang, JB, IDCKR",IDCKR,ONEY,ONE,CHIM354B25,DRY,15,5/16/2026,6/30/2026,5/11/2026 4:10,1860,1860,490.28,490.28,2350.28,2350.28
USMEM,USSAV,IDJBK,"Memphis, TN, USMEM","Savannah, GA, USSAV","Jababeka, , IDJBK",IDJKT,CMDU,CMA,25-0720,DRY,12,4/18/2026,6/30/2026,5/5/2026 4:10,1510,1510,165,165,1675,1675
USMEM,USHOU,IDJBK,"Memphis, TN, USMEM","Houston, TX, USHOU","Jababeka, , IDJBK",IDJKT,CMDU,CMA,25-0720,DRY,12,4/18/2026,6/30/2026,5/5/2026 4:10,2940,2940,165,165,3105,3105
USMEM,USCHS,IDJKT,"Memphis, TN, USMEM","Charleston, SC, USCHS","Jakarta, JK, IDJKT",IDJKT,YMJA,YML,51625,DRY,9,4/23/2026,5/15/2026,5/10/2026 3:45,1057,1057,0,0,1057,1057
USMEM,USSAV,IDJKT,"Memphis, TN, USMEM","Savannah, GA, USSAV","Jakarta, JK, IDJKT",IDJKT,YMJA,YML,51625,DRY,9,4/23/2026,5/15/2026,5/10/2026 3:45,1058,1058,0,0,1058,1058
USMEM,USSAV,IDJKT,"Memphis, TN, USMEM","Savannah, GA, USSAV","Jakarta, JK, IDJKT",IDJKT,ONEY,ONE,CHIM354B25,DRY,15,5/6/2026,5/15/2026,5/11/2026 4:10,1075,1075,490.28,490.28,1565.28,1565.28
USMEM,USSAV,IDJKT,"Memphis, TN, USMEM","Savannah, GA, USSAV","Jakarta, JK, IDJKT",IDJKT,ONEY,ONE,CHIM354B25,DRY,15,5/16/2026,6/30/2026,5/11/2026 4:10,1075,1075,490.28,490.28,1565.28,1565.28
USMEM,USCHS,IDJKT,"Memphis, TN, USMEM","Charleston, SC, USCHS","Jakarta, JK, IDJKT",IDJKT,EGLV,EMC,SC103574,DRY,4,5/1/2026,6/30/2026,5/10/2026 4:10,1100,1100,145,145,1245,1245
USMEM,USORF,IDJKT,"Memphis, TN, USMEM","Norfolk, VA, USORF","Jakarta, JK, IDJKT",IDJKT,EGLV,EMC,SC103574,DRY,4,5/1/2026,6/30/2026,5/10/2026 4:10,1100,1100,145,145,1245,1245
USMEM,USSAV,IDJKT,"Memphis, TN, USMEM","Savannah, GA, USSAV","Jakarta, JK, IDJKT",IDJKT,EGLV,EMC,SC103574,DRY,4,5/1/2026,6/30/2026,5/10/2026 4:10,1100,1100,145,145,1245,1245
USMEM,USLAX,IDJKT,"Memphis, TN, USMEM",LALB,"Jakarta, JK, IDJKT",IDJKT,MAEU,Maersk,300094432,DRY,0,4/1/2026,9/30/2026,5/11/2026 4:10,1124,1124,12.95,12.95,1136.95,1136.95
USMEM,USSAV,IDJKT,"Memphis, TN, USMEM","Savannah, GA, USSAV","Jakarta, JK, IDJKT",KRPUS,HDMU,HMM,US2600031,DRY,4,4/12/2026,5/14/2026,5/7/2026 4:10,1124,1124,145,145,1269,1269
USMEM,USLGB,IDJKT,"Memphis, TN, USMEM",LALB,"Jakarta, JK, IDJKT",IDJKT,OOLU,OOCL,MT256104,DRY,16,4/1/2026,6/30/2026,5/10/2026 4:10,1185,1185,145,145,1330,1330
USMEM,USLAX,IDJKT,"Memphis, TN, USMEM",LALB,"Jakarta, JK, IDJKT",IDJKT,OOLU,OOCL,MT256104,DRY,16,4/1/2026,6/30/2026,5/10/2026 4:10,1185,1185,145,145,1330,1330
USMEM,USCHS,IDJKT,"Memphis, TN, USMEM","Charleston, SC, USCHS","Jakarta, JK, IDJKT",IDJKT,YMJA,YML,51625,DRY,9,5/16/2026,6/30/2026,5/10/2026 3:45,1191,1191,0,0,1191,1191
USMEM,USSAV,IDJKT,"Memphis, TN, USMEM","Savannah, GA, USSAV","Jakarta, JK, IDJKT",IDJKT,YMJA,YML,51625,DRY,9,5/16/2026,6/30/2026,5/10/2026 3:45,1192,1192,0,0,1192,1192
USMEM,USSAV,IDJKT,"Memphis, TN, USMEM","Savannah, GA, USSAV","Jakarta, JK, IDJKT",IDJKT,CMDU,CMA,25-0720,DRY,12,4/18/2026,6/30/2026,5/5/2026 4:10,1210,1210,165,165,1375,1375
USMEM,USSAV,IDJKT,"Memphis, TN, USMEM","Savannah, GA, USSAV","Jakarta, JK, IDJKT",IDJKT,MAEU,Maersk,300094432,DRY,0,4/1/2026,9/30/2026,5/11/2026 4:10,1227,1227,12.95,12.95,1239.95,1239.95
USMEM,USSAV,IDJKT,"Memphis, TN, USMEM","Savannah, GA, USSAV","Jakarta, JK, IDJKT",KRPUS,HDMU,HMM,US2600031,DRY,4,5/15/2026,6/30/2026,5/7/2026 4:10,1334,1334,145,145,1479,1479
USMEM,USSAV,IDJKT,"Memphis, TN, USMEM","Savannah, GA, USSAV","Jakarta, JK, IDJKT",KRPUS,HDMU,HMM,US2600031,DRY,4,6/1/2026,7/31/2026,5/7/2026 4:10,1364,1364,145,145,1509,1509
USMEM,USSAV,IDJKT,"Memphis, TN, USMEM","Savannah, GA, USSAV","Jakarta, JK, IDJKT",IDJKT,OOLU,OOCL,MT256104,DRY,16,4/1/2026,6/30/2026,5/10/2026 4:10,1443,1443,145,145,1588,1588
USMEM,USLAX,IDJKT,"Memphis, TN, USMEM",LALB,"Jakarta, JK, IDJKT",IDJKT,YMJA,YML,51625,DRY,9,4/23/2026,5/15/2026,5/10/2026 4:10,1490,1490,145,145,1635,1635
USMEM,USLAX,IDJKT,"Memphis, TN, USMEM",LALB,"Jakarta, JK, IDJKT",IDJKT,YMJA,YML,51625,DRY,9,4/23/2026,5/15/2026,5/10/2026 3:45,1490,1490,0,0,1490,1490
USMEM,USCHS,IDJKT,"Memphis, TN, USMEM","Charleston, SC, USCHS","Jakarta, JK, IDJKT",IDJKT,ONEY,ONE,CHIM354B25,DRY,15,5/6/2026,5/15/2026,5/11/2026 4:10,1510,1510,490.28,490.28,2000.28,2000.28
USMEM,USCHS,IDJKT,"Memphis, TN, USMEM","Charleston, SC, USCHS","Jakarta, JK, IDJKT",IDJKT,ONEY,ONE,CHIM354B25,DRY,15,5/16/2026,6/30/2026,5/11/2026 4:10,1510,1510,490.28,490.28,2000.28,2000.28
USMEM,USLAX,IDJKT,"Memphis, TN, USMEM",LALB,"Jakarta, JK, IDJKT",IDJKT,ONEY,ONE,CHIM354B25,DRY,15,5/16/2026,6/30/2026,5/11/2026 4:10,1620,1620,490.28,490.28,2110.28,2110.28
USMEM,USLAX,IDJKT,"Memphis, TN, USMEM",LALB,"Jakarta, JK, IDJKT",IDJKT,ONEY,ONE,CHIM354B25,DRY,15,5/6/2026,5/15/2026,5/11/2026 4:10,1620,1620,490.28,490.28,2110.28,2110.28
USMEM,USLAX,IDJKT,"Memphis, TN, USMEM",LALB,"Jakarta, JK, IDJKT",IDJKT,YMJA,YML,51625,DRY,9,5/16/2026,6/30/2026,5/10/2026 4:10,1624,1624,145,145,1769,1769
USMEM,USLAX,IDJKT,"Memphis, TN, USMEM",LALB,"Jakarta, JK, IDJKT",IDJKT,YMJA,YML,51625,DRY,9,5/16/2026,6/30/2026,5/10/2026 3:45,1624,1624,0,0,1624,1624
USMEM,USLAX,IDJKT,"Memphis, TN, USMEM",LALB,"Jakarta, JK, IDJKT",CNSHA,YMJA,YML,51625,DRY,9,4/23/2026,5/15/2026,5/11/2026 4:10,1650,1650,235.27,235.27,1885.27,1885.27
USMEM,USLAX,IDJKT,"Memphis, TN, USMEM",LALB,"Jakarta, JK, IDJKT",SGSIN,YMJA,YML,51625,DRY,9,4/23/2026,5/15/2026,5/11/2026 4:10,1750,1750,274.53,274.53,2024.53,2024.53
USMEM,USLAX,IDJKT,"Memphis, TN, USMEM",LALB,"Jakarta, JK, IDJKT",IDJKT,EGLV,EMC,SC103574,DRY,4,5/1/2026,6/30/2026,5/10/2026 4:10,1750,1750,145,145,1895,1895
USMEM,USLAX,IDJKT,"Memphis, TN, USMEM",LALB,"Jakarta, JK, IDJKT",CNSHA,YMJA,YML,51625,DRY,9,5/16/2026,6/30/2026,5/11/2026 4:10,1784,1784,235.27,235.27,2019.27,2019.27
USMEM,USLAX,IDJKT,"Memphis, TN, USMEM",LALB,"Jakarta, JK, IDJKT",SGSIN,YMJA,YML,51625,DRY,9,5/16/2026,6/30/2026,5/11/2026 4:10,1884,1884,274.53,274.53,2158.53,2158.53
USMEM,USSAV,IDJKT,"Memphis, TN, USMEM","Savannah, GA, USSAV","Jakarta, JK, IDJKT",IDJKT,MSCU,MSC,25-348WCSA,DRY,7,5/1/2026,5/31/2026,5/10/2026 4:10,1975,1975,165,165,2140,2140
USMEM,USSAV,IDJKT,"Memphis, TN, USMEM","Savannah, GA, USSAV","Jakarta, JK, IDJKT",IDJKT,MSCU,MSC,25-348WCSA,DRY,7,6/1/2026,6/30/2026,5/10/2026 4:10,2015,2015,165,165,2180,2180
USMEM,USCHS,IDJKT,"Memphis, TN, USMEM","Charleston, SC, USCHS","Jakarta, JK, IDJKT",IDJKT,MSCU,MSC,25-348WCSA,DRY,7,5/1/2026,5/31/2026,5/10/2026 4:10,2033.39,2033.39,165,165,2198.39,2198.39
USMEM,USCHS,IDJKT,"Memphis, TN, USMEM","Charleston, SC, USCHS","Jakarta, JK, IDJKT",IDJKT,MSCU,MSC,25-348WCSA,DRY,7,6/1/2026,6/30/2026,5/10/2026 4:10,2073.39,2073.39,165,165,2238.39,2238.39
USMEM,USHOU,IDJKT,"Memphis, TN, USMEM","Houston, TX, USHOU","Jakarta, JK, IDJKT",IDJKT,CMDU,CMA,25-0720,DRY,12,4/18/2026,6/30/2026,5/5/2026 4:10,2640,2640,165,165,2805,2805
USMEM,USLAX,IDPLM,"Memphis, TN, USMEM",LALB,"Palembang, Sumatra, , IDPLM",SGSIN,YMJA,YML,51625,DRY,9,4/23/2026,5/15/2026,5/11/2026 4:10,2200,2200,274.53,274.53,2474.53,2474.53
USMEM,USLAX,IDPLM,"Memphis, TN, USMEM",LALB,"Palembang, Sumatra, , IDPLM",SGSIN,YMJA,YML,51625,DRY,9,5/16/2026,6/30/2026,5/11/2026 4:10,2334,2334,274.53,274.53,2608.53,2608.53
USMEM,USSAV,IDSRG,"Memphis, TN, USMEM","Savannah, GA, USSAV","Semarang, JT, IDSRG",IDSRG,EGLV,EMC,SC103574,DRY,4,5/1/2026,6/30/2026,5/10/2026 4:10,1100,1100,145,145,1245,1245
USMEM,USORF,IDSRG,"Memphis, TN, USMEM","Norfolk, VA, USORF","Semarang, JT, IDSRG",IDSRG,EGLV,EMC,SC103574,DRY,4,5/1/2026,6/30/2026,5/10/2026 4:10,1100,1100,145,145,1245,1245
USMEM,USCHS,IDSRG,"Memphis, TN, USMEM","Charleston, SC, USCHS","Semarang, JT, IDSRG",IDSRG,EGLV,EMC,SC103574,DRY,4,5/1/2026,6/30/2026,5/10/2026 4:10,1100,1100,145,145,1245,1245
USMEM,USLAX,IDSRG,"Memphis, TN, USMEM",LALB,"Semarang, JT, IDSRG",IDSRG,MAEU,Maersk,300094432,DRY,0,4/1/2026,9/30/2026,5/11/2026 4:10,1124,1124,12.95,12.95,1136.95,1136.95
USMEM,USLAX,IDSRG,"Memphis, TN, USMEM",LALB,"Semarang, JT, IDSRG",IDSRG,OOLU,OOCL,MT256104,DRY,16,4/1/2026,6/30/2026,5/10/2026 4:10,1185,1185,145,145,1330,1330
USMEM,USLGB,IDSRG,"Memphis, TN, USMEM",LALB,"Semarang, JT, IDSRG",IDSRG,OOLU,OOCL,MT256104,DRY,16,4/1/2026,6/30/2026,5/10/2026 4:10,1185,1185,145,145,1330,1330
USMEM,USSAV,IDSRG,"Memphis, TN, USMEM","Savannah, GA, USSAV","Semarang, JT, IDSRG",IDSRG,ONEY,ONE,CHIM354B25,DRY,15,5/6/2026,5/15/2026,5/11/2026 4:10,1200,1200,490.28,490.28,1690.28,1690.28
USMEM,USSAV,IDSRG,"Memphis, TN, USMEM","Savannah, GA, USSAV","Semarang, JT, IDSRG",IDSRG,ONEY,ONE,CHIM354B25,DRY,15,5/16/2026,6/30/2026,5/11/2026 4:10,1200,1200,490.28,490.28,1690.28,1690.28
USMEM,USSAV,IDSRG,"Memphis, TN, USMEM","Savannah, GA, USSAV","Semarang, JT, IDSRG",IDSRG,MAEU,Maersk,300094432,DRY,0,4/1/2026,9/30/2026,5/11/2026 4:10,1227,1227,12.95,12.95,1239.95,1239.95
USMEM,USSAV,IDSRG,"Memphis, TN, USMEM","Savannah, GA, USSAV","Semarang, JT, IDSRG",IDSRG,OOLU,OOCL,MT256104,DRY,16,4/1/2026,6/30/2026,5/10/2026 4:10,1443,1443,145,145,1588,1588
USMEM,USSAV,IDSRG,"Memphis, TN, USMEM","Savannah, GA, USSAV","Semarang, JT, IDSRG",IDSRG,CMDU,CMA,25-0720,DRY,12,4/18/2026,6/30/2026,5/5/2026 4:10,1610,1610,145,145,1755,1755
USMEM,USLAX,IDSRG,"Memphis, TN, USMEM",LALB,"Semarang, JT, IDSRG",IDSRG,ONEY,ONE,CHIM354B25,DRY,15,5/6/2026,5/15/2026,5/11/2026 4:10,1620,1620,490.28,490.28,2110.28,2110.28
USMEM,USLAX,IDSRG,"Memphis, TN, USMEM",LALB,"Semarang, JT, IDSRG",IDSRG,ONEY,ONE,CHIM354B25,DRY,15,5/16/2026,6/30/2026,5/11/2026 4:10,1620,1620,490.28,490.28,2110.28,2110.28
USMEM,USCHS,IDSRG,"Memphis, TN, USMEM","Charleston, SC, USCHS","Semarang, JT, IDSRG",IDSRG,ONEY,ONE,CHIM354B25,DRY,15,5/6/2026,5/15/2026,5/11/2026 4:10,1720,1720,490.28,490.28,2210.28,2210.28
USMEM,USCHS,IDSRG,"Memphis, TN, USMEM","Charleston, SC, USCHS","Semarang, JT, IDSRG",IDSRG,ONEY,ONE,CHIM354B25,DRY,15,5/16/2026,6/30/2026,5/11/2026 4:10,1720,1720,490.28,490.28,2210.28,2210.28
USMEM,USLAX,IDSRG,"Memphis, TN, USMEM",LALB,"Semarang, JT, IDSRG",IDSRG,EGLV,EMC,SC103574,DRY,4,5/1/2026,6/30/2026,5/10/2026 4:10,1750,1750,145,145,1895,1895
USMEM,USLAX,IDSRG,"Memphis, TN, USMEM",LALB,"Semarang, JT, IDSRG",SGSIN,YMJA,YML,51625,DRY,9,4/23/2026,5/15/2026,5/11/2026 4:10,1800,1800,274.53,274.53,2074.53,2074.53
USMEM,USLAX,IDSRG,"Memphis, TN, USMEM",LALB,"Semarang, JT, IDSRG",IDSRG,YMJA,YML,51625,DRY,9,4/23/2026,5/15/2026,5/10/2026 3:45,1850,1850,0,0,1850,1850
USMEM,USLAX,IDSRG,"Memphis, TN, USMEM",LALB,"Semarang, JT, IDSRG",SGSIN,YMJA,YML,51625,DRY,9,5/16/2026,6/30/2026,5/11/2026 4:10,1934,1934,274.53,274.53,2208.53,2208.53
USMEM,USSAV,IDSRG,"Memphis, TN, USMEM","Savannah, GA, USSAV","Semarang, JT, IDSRG",IDSRG,MSCU,MSC,25-348WCSA,DRY,7,5/1/2026,5/31/2026,5/10/2026 4:10,1975,1975,165,165,2140,2140
USMEM,USLAX,IDSRG,"Memphis, TN, USMEM",LALB,"Semarang, JT, IDSRG",IDSRG,YMJA,YML,51625,DRY,9,5/16/2026,6/30/2026,5/10/2026 3:45,1984,1984,0,0,1984,1984
USMEM,USSAV,IDSRG,"Memphis, TN, USMEM","Savannah, GA, USSAV","Semarang, JT, IDSRG",IDSRG,MSCU,MSC,25-348WCSA,DRY,7,6/1/2026,6/30/2026,5/10/2026 4:10,2015,2015,165,165,2180,2180
USMEM,USCHS,IDSRG,"Memphis, TN, USMEM","Charleston, SC, USCHS","Semarang, JT, IDSRG",IDSRG,MSCU,MSC,25-348WCSA,DRY,7,5/1/2026,5/31/2026,5/10/2026 4:10,2033.39,2033.39,165,165,2198.39,2198.39
USMEM,USCHS,IDSRG,"Memphis, TN, USMEM","Charleston, SC, USCHS","Semarang, JT, IDSRG",IDSRG,MSCU,MSC,25-348WCSA,DRY,7,6/1/2026,6/30/2026,5/10/2026 4:10,2073.39,2073.39,165,165,2238.39,2238.39
USMEM,USHOU,IDSRG,"Memphis, TN, USMEM","Houston, TX, USHOU","Semarang, JT, IDSRG",IDSRG,CMDU,CMA,25-0720,DRY,12,4/18/2026,6/30/2026,5/5/2026 4:10,3640,3640,145,145,3785,3785
USMEM,USORF,IDSUB,"Memphis, TN, USMEM","Norfolk, VA, USORF","Surabaya, JI, IDSUB",IDSUB,EGLV,EMC,SC103574,DRY,4,5/1/2026,6/30/2026,5/10/2026 4:10,1100,1100,145,145,1245,1245
USMEM,USCHS,IDSUB,"Memphis, TN, USMEM","Charleston, SC, USCHS","Surabaya, JI, IDSUB",IDSUB,EGLV,EMC,SC103574,DRY,4,5/1/2026,6/30/2026,5/10/2026 4:10,1100,1100,145,145,1245,1245
USMEM,USSAV,IDSUB,"Memphis, TN, USMEM","Savannah, GA, USSAV","Surabaya, JI, IDSUB",IDSUB,EGLV,EMC,SC103574,DRY,4,5/1/2026,6/30/2026,5/10/2026 4:10,1100,1100,145,145,1245,1245
USMEM,USLAX,IDSUB,"Memphis, TN, USMEM",LALB,"Surabaya, JI, IDSUB",IDSUB,MAEU,Maersk,300094432,DRY,0,4/1/2026,9/30/2026,5/11/2026 4:10,1124,1124,12.95,12.95,1136.95,1136.95
USMEM,USSAV,IDSUB,"Memphis, TN, USMEM","Savannah, GA, USSAV","Surabaya, JI, IDSUB",KRPUS,HDMU,HMM,US2600031,DRY,4,4/12/2026,5/14/2026,5/7/2026 4:10,1124,1124,145,145,1269,1269
USMEM,USLAX,IDSUB,"Memphis, TN, USMEM",LALB,"Surabaya, JI, IDSUB",IDSUB,OOLU,OOCL,MT256104,DRY,16,4/1/2026,6/30/2026,5/10/2026 4:10,1185,1185,145,145,1330,1330
USMEM,USLGB,IDSUB,"Memphis, TN, USMEM",LALB,"Surabaya, JI, IDSUB",IDSUB,OOLU,OOCL,MT256104,DRY,16,4/1/2026,6/30/2026,5/10/2026 4:10,1185,1185,145,145,1330,1330
USMEM,USSAV,IDSUB,"Memphis, TN, USMEM","Savannah, GA, USSAV","Surabaya, JI, IDSUB",IDSUB,MAEU,Maersk,300094432,DRY,0,4/1/2026,9/30/2026,5/11/2026 4:10,1227,1227,12.95,12.95,1239.95,1239.95
USMEM,USCHS,IDSUB,"Memphis, TN, USMEM","Charleston, SC, USCHS","Surabaya, JI, IDSUB",IDSUB,YMJA,YML,51625,DRY,9,4/23/2026,5/15/2026,5/10/2026 3:45,1257,1257,0,0,1257,1257
USMEM,USSAV,IDSUB,"Memphis, TN, USMEM","Savannah, GA, USSAV","Surabaya, JI, IDSUB",IDSUB,YMJA,YML,51625,DRY,9,4/23/2026,5/15/2026,5/10/2026 3:45,1258,1258,0,0,1258,1258
USMEM,USSAV,IDSUB,"Memphis, TN, USMEM","Savannah, GA, USSAV","Surabaya, JI, IDSUB",KRPUS,HDMU,HMM,US2600031,DRY,4,5/15/2026,6/30/2026,5/7/2026 4:10,1334,1334,145,145,1479,1479
USMEM,USSAV,IDSUB,"Memphis, TN, USMEM","Savannah, GA, USSAV","Surabaya, JI, IDSUB",KRPUS,HDMU,HMM,US2600031,DRY,4,6/1/2026,7/31/2026,5/7/2026 4:10,1364,1364,145,145,1509,1509
USMEM,USCHS,IDSUB,"Memphis, TN, USMEM","Charleston, SC, USCHS","Surabaya, JI, IDSUB",IDSUB,YMJA,YML,51625,DRY,9,5/16/2026,6/30/2026,5/10/2026 3:45,1391,1391,0,0,1391,1391
USMEM,USSAV,IDSUB,"Memphis, TN, USMEM","Savannah, GA, USSAV","Surabaya, JI, IDSUB",IDSUB,YMJA,YML,51625,DRY,9,5/16/2026,6/30/2026,5/10/2026 3:45,1392,1392,0,0,1392,1392
USMEM,USSAV,IDSUB,"Memphis, TN, USMEM","Savannah, GA, USSAV","Surabaya, JI, IDSUB",IDSUB,OOLU,OOCL,MT256104,DRY,16,4/1/2026,6/30/2026,5/10/2026 4:10,1443,1443,145,145,1588,1588
USMEM,USLAX,IDSUB,"Memphis, TN, USMEM",LALB,"Surabaya, JI, IDSUB",IDSUB,YMJA,YML,51625,DRY,9,4/23/2026,5/15/2026,5/10/2026 3:45,1450,1450,0,0,1450,1450
USMEM,USLAX,IDSUB,"Memphis, TN, USMEM",LALB,"Surabaya, JI, IDSUB",IDSUB,YMJA,YML,51625,DRY,9,5/16/2026,6/30/2026,5/10/2026 3:45,1584,1584,0,0,1584,1584
USMEM,USSAV,IDSUB,"Memphis, TN, USMEM","Savannah, GA, USSAV","Surabaya, JI, IDSUB",IDSUB,CMDU,CMA,25-0720,DRY,12,4/18/2026,6/30/2026,5/5/2026 4:10,1620,1620,145,145,1765,1765
USMEM,USLAX,IDSUB,"Memphis, TN, USMEM",LALB,"Surabaya, JI, IDSUB",IDSUB,ONEY,ONE,CHIM354B25,DRY,15,5/16/2026,6/30/2026,5/11/2026 4:10,1620,1620,490.28,490.28,2110.28,2110.28
USMEM,USLAX,IDSUB,"Memphis, TN, USMEM",LALB,"Surabaya, JI, IDSUB",IDSUB,ONEY,ONE,CHIM354B25,DRY,15,5/6/2026,5/15/2026,5/11/2026 4:10,1620,1620,490.28,490.28,2110.28,2110.28
USMEM,USLAX,IDSUB,"Memphis, TN, USMEM",LALB,"Surabaya, JI, IDSUB",CNSHA,YMJA,YML,51625,DRY,9,4/23/2026,5/15/2026,5/11/2026 4:10,1650,1650,235.27,235.27,1885.27,1885.27
USMEM,USCHS,IDSUB,"Memphis, TN, USMEM","Charleston, SC, USCHS","Surabaya, JI, IDSUB",IDSUB,ONEY,ONE,CHIM354B25,DRY,15,5/16/2026,6/30/2026,5/11/2026 4:10,1720,1720,490.28,490.28,2210.28,2210.28
USMEM,USCHS,IDSUB,"Memphis, TN, USMEM","Charleston, SC, USCHS","Surabaya, JI, IDSUB",IDSUB,ONEY,ONE,CHIM354B25,DRY,15,5/6/2026,5/15/2026,5/11/2026 4:10,1720,1720,490.28,490.28,2210.28,2210.28
USMEM,USSAV,IDSUB,"Memphis, TN, USMEM","Savannah, GA, USSAV","Surabaya, JI, IDSUB",IDSUB,ONEY,ONE,CHIM354B25,DRY,15,5/16/2026,6/30/2026,5/11/2026 4:10,1720,1720,490.28,490.28,2210.28,2210.28
USMEM,USSAV,IDSUB,"Memphis, TN, USMEM","Savannah, GA, USSAV","Surabaya, JI, IDSUB",IDSUB,ONEY,ONE,CHIM354B25,DRY,15,5/6/2026,5/15/2026,5/11/2026 4:10,1720,1720,490.28,490.28,2210.28,2210.28
USMEM,USLAX,IDSUB,"Memphis, TN, USMEM",LALB,"Surabaya, JI, IDSUB",SGSIN,YMJA,YML,51625,DRY,9,4/23/2026,5/15/2026,5/11/2026 4:10,1750,1750,274.53,274.53,2024.53,2024.53
USMEM,USLAX,IDSUB,"Memphis, TN, USMEM",LALB,"Surabaya, JI, IDSUB",IDSUB,EGLV,EMC,SC103574,DRY,4,5/1/2026,6/30/2026,5/10/2026 4:10,1750,1750,145,145,1895,1895
USMEM,USLAX,IDSUB,"Memphis, TN, USMEM",LALB,"Surabaya, JI, IDSUB",CNSHA,YMJA,YML,51625,DRY,9,5/16/2026,6/30/2026,5/11/2026 4:10,1784,1784,235.27,235.27,2019.27,2019.27
USMEM,USLAX,IDSUB,"Memphis, TN, USMEM",LALB,"Surabaya, JI, IDSUB",SGSIN,YMJA,YML,51625,DRY,9,5/16/2026,6/30/2026,5/11/2026 4:10,1884,1884,274.53,274.53,2158.53,2158.53
USMEM,USSAV,IDSUB,"Memphis, TN, USMEM","Savannah, GA, USSAV","Surabaya, JI, IDSUB",IDSUB,MSCU,MSC,25-348WCSA,DRY,7,5/1/2026,5/31/2026,5/10/2026 4:10,1975,1975,165,165,2140,2140
USMEM,USSAV,IDSUB,"Memphis, TN, USMEM","Savannah, GA, USSAV","Surabaya, JI, IDSUB",IDSUB,MSCU,MSC,25-348WCSA,DRY,7,6/1/2026,6/30/2026,5/10/2026 4:10,2015,2015,165,165,2180,2180
USMEM,USCHS,IDSUB,"Memphis, TN, USMEM","Charleston, SC, USCHS","Surabaya, JI, IDSUB",IDSUB,MSCU,MSC,25-348WCSA,DRY,7,5/1/2026,5/31/2026,5/10/2026 4:10,2033.39,2033.39,165,165,2198.39,2198.39
USMEM,USCHS,IDSUB,"Memphis, TN, USMEM","Charleston, SC, USCHS","Surabaya, JI, IDSUB",IDSUB,MSCU,MSC,25-348WCSA,DRY,7,6/1/2026,6/30/2026,5/10/2026 4:10,2073.39,2073.39,165,165,2238.39,2238.39
USMEM,USHOU,IDSUB,"Memphis, TN, USMEM","Houston, TX, USHOU","Surabaya, JI, IDSUB",IDSUB,CMDU,CMA,25-0720,DRY,12,4/18/2026,6/30/2026,5/5/2026 4:10,3140,3140,145,145,3285,3285
USMEM,USCHS,INCCU,"Memphis, TN, USMEM","Charleston, SC, USCHS","Kolkata (ex Calcutta), WB, INCCU",INCCU,MAEU,Maersk,300094432,DRY,0,4/1/2026,9/30/2026,5/11/2026 4:10,2170,2170,209.42,209.42,2379.42,2379.42
USMEM,USSAV,INCCU,"Memphis, TN, USMEM","Savannah, GA, USSAV","Kolkata (ex Calcutta), WB, INCCU",INCCU,ONEY,ONE,CHIM354B25,DRY,15,5/6/2026,5/15/2026,5/11/2026 4:10,2675,2675,263.85,263.85,2938.85,2938.85
USMEM,USSAV,INCCU,"Memphis, TN, USMEM","Savannah, GA, USSAV","Kolkata (ex Calcutta), WB, INCCU",INCCU,ONEY,ONE,CHIM354B25,DRY,15,5/16/2026,6/30/2026,5/11/2026 4:10,2675,2675,263.85,263.85,2938.85,2938.85
USMEM,USLAX,INCCU,"Memphis, TN, USMEM",LALB,"Kolkata (ex Calcutta), WB, INCCU",CNSHA,YMJA,YML,51625,DRY,9,4/23/2026,5/15/2026,5/11/2026 4:10,2700,2700,235.27,235.27,2935.27,2935.27
USMEM,USLAX,INCCU,"Memphis, TN, USMEM",LALB,"Kolkata (ex Calcutta), WB, INCCU",CNNBG,YMJA,YML,51625,DRY,9,4/23/2026,5/15/2026,5/11/2026 4:10,2700,2700,235.27,235.27,2935.27,2935.27
USMEM,USLAX,INCCU,"Memphis, TN, USMEM",LALB,"Kolkata (ex Calcutta), WB, INCCU",SGSIN,YMJA,YML,51625,DRY,9,4/23/2026,5/15/2026,5/11/2026 4:10,2800,2800,274.53,274.53,3074.53,3074.53
USMEM,USLAX,INCCU,"Memphis, TN, USMEM",LALB,"Kolkata (ex Calcutta), WB, INCCU",CNSHA,YMJA,YML,51625,DRY,9,5/16/2026,6/30/2026,5/11/2026 4:10,2834,2834,235.27,235.27,3069.27,3069.27
USMEM,USLAX,INCCU,"Memphis, TN, USMEM",LALB,"Kolkata (ex Calcutta), WB, INCCU",CNNBG,YMJA,YML,51625,DRY,9,5/16/2026,6/30/2026,5/11/2026 4:10,2834,2834,235.27,235.27,3069.27,3069.27
USMEM,USLAX,INCCU,"Memphis, TN, USMEM",LALB,"Kolkata (ex Calcutta), WB, INCCU",SGSIN,YMJA,YML,51625,DRY,9,5/16/2026,6/30/2026,5/11/2026 4:10,2934,2934,274.53,274.53,3208.53,3208.53
USMEM,USLAX,INCCU,"Memphis, TN, USMEM",LALB,"Kolkata (ex Calcutta), WB, INCCU",INCCU,ONEY,ONE,CHIM354B25,DRY,15,5/16/2026,6/30/2026,5/11/2026 4:10,3035,3035,263.85,263.85,3298.85,3298.85
USMEM,USLAX,INCCU,"Memphis, TN, USMEM",LALB,"Kolkata (ex Calcutta), WB, INCCU",INCCU,ONEY,ONE,CHIM354B25,DRY,15,5/6/2026,5/15/2026,5/11/2026 4:10,3035,3035,263.85,263.85,3298.85,3298.85
USMEM,USCHS,INCOK,"Memphis, TN, USMEM","Charleston, SC, USCHS","Cochin, KL, INCOK",INCOK,MAEU,Maersk,300094432,DRY,0,4/1/2026,9/30/2026,5/11/2026 4:10,2170,2170,212.73,212.73,2382.73,2382.73
USMEM,USORF,INCOK,"Memphis, TN, USMEM","Norfolk, VA, USORF","Cochin, KL, INCOK",INCOK,ONEY,ONE,CHIM354B25,DRY,15,5/16/2026,6/30/2026,5/11/2026 4:10,2400,2400,234.58,234.58,2634.58,2634.58
USMEM,USORF,INCOK,"Memphis, TN, USMEM","Norfolk, VA, USORF","Cochin, KL, INCOK",INCOK,ONEY,ONE,CHIM354B25,DRY,15,5/6/2026,5/15/2026,5/11/2026 4:10,2400,2400,234.58,234.58,2634.58,2634.58
USMEM,USCHS,INCOK,"Memphis, TN, USMEM","Charleston, SC, USCHS","Cochin, KL, INCOK",INCOK,ONEY,ONE,CHIM354B25,DRY,15,5/6/2026,5/15/2026,5/11/2026 4:10,2400,2400,234.58,234.58,2634.58,2634.58
USMEM,USSAV,INCOK,"Memphis, TN, USMEM","Savannah, GA, USSAV","Cochin, KL, INCOK",INCOK,ONEY,ONE,CHIM354B25,DRY,15,5/16/2026,6/30/2026,5/11/2026 4:10,2400,2400,234.58,234.58,2634.58,2634.58
USMEM,USCHS,INCOK,"Memphis, TN, USMEM","Charleston, SC, USCHS","Cochin, KL, INCOK",INCOK,ONEY,ONE,CHIM354B25,DRY,15,5/16/2026,6/30/2026,5/11/2026 4:10,2400,2400,234.58,234.58,2634.58,2634.58
USMEM,USSAV,INCOK,"Memphis, TN, USMEM","Savannah, GA, USSAV","Cochin, KL, INCOK",INCOK,ONEY,ONE,CHIM354B25,DRY,15,5/6/2026,5/15/2026,5/11/2026 4:10,2400,2400,234.58,234.58,2634.58,2634.58
USMEM,USLAX,INCOK,"Memphis, TN, USMEM",LALB,"Cochin, KL, INCOK",INCOK,ONEY,ONE,CHIM354B25,DRY,15,5/16/2026,6/30/2026,5/11/2026 4:10,3035,3035,234.58,234.58,3269.58,3269.58
USMEM,USLAX,INCOK,"Memphis, TN, USMEM",LALB,"Cochin, KL, INCOK",INCOK,ONEY,ONE,CHIM354B25,DRY,15,5/6/2026,5/15/2026,5/11/2026 4:10,3035,3035,234.58,234.58,3269.58,3269.58
USMEM,USLAX,INHAL,"Memphis, TN, USMEM",LALB,"Haldia, WB, INHAL",INHAL,OOLU,OOCL,MT256104,DRY,16,4/1/2026,6/30/2026,5/10/2026 3:45,3565,3565,0,0,3565,3565
USMEM,USLGB,INHAL,"Memphis, TN, USMEM",LALB,"Haldia, WB, INHAL",INHAL,OOLU,OOCL,MT256104,DRY,16,4/1/2026,6/30/2026,5/10/2026 3:45,3565,3565,0,0,3565,3565
USMEM,USSAV,INHAL,"Memphis, TN, USMEM","Savannah, GA, USSAV","Haldia, WB, INHAL",INHAL,OOLU,OOCL,MT256104,DRY,16,4/1/2026,6/30/2026,5/10/2026 3:45,3733,3733,0,0,3733,3733
USMEM,USSAV,INHZA,"Memphis, TN, USMEM","Savannah, GA, USSAV","Hazira Port/Surat, GJ, INHZA",INHZA,ONEY,ONE,CHIM354B25,DRY,15,5/6/2026,5/15/2026,5/11/2026 4:10,1775,1775,246.91,246.91,2021.91,2021.91
USMEM,USSAV,INHZA,"Memphis, TN, USMEM","Savannah, GA, USSAV","Hazira Port/Surat, GJ, INHZA",INHZA,ONEY,ONE,CHIM354B25,DRY,15,5/16/2026,6/30/2026,5/11/2026 4:10,1775,1775,246.91,246.91,2021.91,2021.91
USMEM,USLAX,INKOC,"Memphis, TN, USMEM",LALB,"Kochi, , INKOC",INKOC,OOLU,OOCL,MT256104,DRY,16,4/1/2026,6/30/2026,5/11/2026 4:10,2635,2635,254.17,254.17,2889.17,2889.17
USMEM,USLGB,INKOC,"Memphis, TN, USMEM",LALB,"Kochi, , INKOC",INKOC,OOLU,OOCL,MT256104,DRY,16,4/1/2026,6/30/2026,5/11/2026 4:10,2635,2635,254.17,254.17,2889.17,2889.17
USMEM,USLAX,INKOC,"Memphis, TN, USMEM",LALB,"Kochi, , INKOC",KRPUS,YMJA,YML,51625,DRY,9,4/23/2026,5/15/2026,5/11/2026 4:10,2990,2990,123.14,123.14,3113.14,3113.14
USMEM,USLAX,INKOC,"Memphis, TN, USMEM",LALB,"Kochi, , INKOC",KRPUS,YMJA,YML,51625,DRY,9,5/16/2026,6/30/2026,5/11/2026 4:10,3124,3124,123.14,123.14,3247.14,3247.14
USMEM,USSAV,INKOC,"Memphis, TN, USMEM","Savannah, GA, USSAV","Kochi, , INKOC",INKOC,OOLU,OOCL,MT256104,DRY,16,4/1/2026,6/30/2026,5/11/2026 4:10,3963,3963,254.17,254.17,4217.17,4217.17
USMEM,USLAX,INKTP,"Memphis, TN, USMEM",LALB,"Kattupalli Port, TN, INKTP",INKTP,OOLU,OOCL,MT256104,DRY,16,4/1/2026,6/30/2026,5/10/2026 3:45,1785,1785,0,0,1785,1785
USMEM,USLGB,INKTP,"Memphis, TN, USMEM",LALB,"Kattupalli Port, TN, INKTP",INKTP,OOLU,OOCL,MT256104,DRY,16,4/1/2026,6/30/2026,5/10/2026 3:45,1785,1785,0,0,1785,1785
USMEM,USSAV,INKTP,"Memphis, TN, USMEM","Savannah, GA, USSAV","Kattupalli Port, TN, INKTP",INKTP,OOLU,OOCL,MT256104,DRY,16,4/1/2026,6/30/2026,5/10/2026 3:45,2113,2113,0,0,2113,2113
USMEM,USCHS,INMAA,"Memphis, TN, USMEM","Charleston, SC, USCHS","Chennai (ex Madras), TN, INMAA",INMAA,MAEU,Maersk,300094432,DRY,0,4/1/2026,9/30/2026,5/11/2026 4:10,2170,2170,151.44,151.44,2321.44,2321.44
USMEM,USLAX,INMAA,"Memphis, TN, USMEM",LALB,"Chennai (ex Madras), TN, INMAA",INMAA,ONEY,ONE,CHIM354B25,DRY,15,5/16/2026,6/30/2026,5/11/2026 4:10,2610,2610,213.93,213.93,2823.93,2823.93
USMEM,USLAX,INMAA,"Memphis, TN, USMEM",LALB,"Chennai (ex Madras), TN, INMAA",INMAA,ONEY,ONE,CHIM354B25,DRY,15,5/6/2026,5/15/2026,5/11/2026 4:10,2610,2610,213.93,213.93,2823.93,2823.93
USMEM,USSAV,INMAA,"Memphis, TN, USMEM","Savannah, GA, USSAV","Chennai (ex Madras), TN, INMAA",INMAA,ONEY,ONE,CHIM354B25,DRY,15,5/16/2026,6/30/2026,5/11/2026 4:10,2650,2650,213.93,213.93,2863.93,2863.93
USMEM,USCHS,INMAA,"Memphis, TN, USMEM","Charleston, SC, USCHS","Chennai (ex Madras), TN, INMAA",INMAA,ONEY,ONE,CHIM354B25,DRY,15,5/6/2026,5/15/2026,5/11/2026 4:10,2650,2650,213.93,213.93,2863.93,2863.93
USMEM,USCHS,INMAA,"Memphis, TN, USMEM","Charleston, SC, USCHS","Chennai (ex Madras), TN, INMAA",INMAA,ONEY,ONE,CHIM354B25,DRY,15,5/16/2026,6/30/2026,5/11/2026 4:10,2650,2650,213.93,213.93,2863.93,2863.93
USMEM,USSAV,INMAA,"Memphis, TN, USMEM","Savannah, GA, USSAV","Chennai (ex Madras), TN, INMAA",INMAA,ONEY,ONE,CHIM354B25,DRY,15,5/6/2026,5/15/2026,5/11/2026 4:10,2650,2650,213.93,213.93,2863.93,2863.93
USMEM,USLAX,INMAA,"Memphis, TN, USMEM",LALB,"Chennai (ex Madras), TN, INMAA",CNSHA,YMJA,YML,51625,DRY,9,4/23/2026,5/15/2026,5/11/2026 4:10,2870,2870,235.27,235.27,3105.27,3105.27
USMEM,USLAX,INMAA,"Memphis, TN, USMEM",LALB,"Chennai (ex Madras), TN, INMAA",CNNBG,YMJA,YML,51625,DRY,9,4/23/2026,5/15/2026,5/11/2026 4:10,2870,2870,235.27,235.27,3105.27,3105.27
USMEM,USLAX,INMAA,"Memphis, TN, USMEM",LALB,"Chennai (ex Madras), TN, INMAA",SGSIN,YMJA,YML,51625,DRY,9,4/23/2026,5/15/2026,5/11/2026 4:10,2970,2970,274.53,274.53,3244.53,3244.53
USMEM,USLAX,INMAA,"Memphis, TN, USMEM",LALB,"Chennai (ex Madras), TN, INMAA",CNNBG,YMJA,YML,51625,DRY,9,5/16/2026,6/30/2026,5/11/2026 4:10,3004,3004,235.27,235.27,3239.27,3239.27
USMEM,USLAX,INMAA,"Memphis, TN, USMEM",LALB,"Chennai (ex Madras), TN, INMAA",CNSHA,YMJA,YML,51625,DRY,9,5/16/2026,6/30/2026,5/11/2026 4:10,3004,3004,235.27,235.27,3239.27,3239.27
USMEM,USLAX,INMAA,"Memphis, TN, USMEM",LALB,"Chennai (ex Madras), TN, INMAA",SGSIN,YMJA,YML,51625,DRY,9,5/16/2026,6/30/2026,5/11/2026 4:10,3104,3104,274.53,274.53,3378.53,3378.53
USMEM,USCHS,INMUN,"Memphis, TN, USMEM","Charleston, SC, USCHS","Mundra, GJ, INMUN",INMUN,ONEY,ONE,CHIM354B25,DRY,15,5/6/2026,5/15/2026,5/11/2026 4:10,1360,1360,305,305,1665,1665
USMEM,USSAV,INMUN,"Memphis, TN, USMEM","Savannah, GA, USSAV","Mundra, GJ, INMUN",INMUN,ONEY,ONE,CHIM354B25,DRY,15,5/16/2026,6/30/2026,5/11/2026 4:10,1360,1360,305,305,1665,1665
USMEM,USCHS,INMUN,"Memphis, TN, USMEM","Charleston, SC, USCHS","Mundra, GJ, INMUN",INMUN,ONEY,ONE,CHIM354B25,DRY,15,5/16/2026,6/30/2026,5/11/2026 4:10,1360,1360,305,305,1665,1665
USMEM,USSAV,INMUN,"Memphis, TN, USMEM","Savannah, GA, USSAV","Mundra, GJ, INMUN",INMUN,ONEY,ONE,CHIM354B25,DRY,15,5/6/2026,5/15/2026,5/11/2026 4:10,1360,1360,305,305,1665,1665
USMEM,USSAV,INMUN,"Memphis, TN, USMEM","Savannah, GA, USSAV","Mundra, GJ, INMUN",INMUN,OOLU,OOCL,MT256104,DRY,16,4/1/2026,6/30/2026,5/11/2026 4:10,1523,1523,169.45,169.45,1692.45,1692.45
USMEM,USSAV,INMUN,"Memphis, TN, USMEM","Savannah, GA, USSAV","Mundra, GJ, INMUN",INMUN,CMDU,CMA,25-0720,DRY,12,4/18/2026,6/30/2026,5/11/2026 4:10,1610,1610,205.4,205.4,1815.4,1815.4
USMEM,USCHS,INMUN,"Memphis, TN, USMEM","Charleston, SC, USCHS","Mundra, GJ, INMUN",INMUN,MAEU,Maersk,300094432,DRY,0,4/1/2026,9/30/2026,5/11/2026 4:10,1806,1806,207.04,207.04,2013.04,2013.04
USMEM,USLAX,INMUN,"Memphis, TN, USMEM",LALB,"Mundra, GJ, INMUN",INMUN,ONEY,ONE,CHIM354B25,DRY,15,5/6/2026,5/15/2026,5/11/2026 4:10,2500,2500,305,305,2805,2805
USMEM,USLAX,INMUN,"Memphis, TN, USMEM",LALB,"Mundra, GJ, INMUN",INMUN,ONEY,ONE,CHIM354B25,DRY,15,5/16/2026,6/30/2026,5/11/2026 4:10,2500,2500,305,305,2805,2805
USMEM,USHOU,INMUN,"Memphis, TN, USMEM","Houston, TX, USHOU","Mundra, GJ, INMUN",INMUN,CMDU,CMA,25-0720,DRY,12,4/18/2026,6/30/2026,5/11/2026 4:10,3190,3190,205.4,205.4,3395.4,3395.4
USMEM,USLAX,INNSA,"Memphis, TN, USMEM",LALB,"Nhava Sheva, MH, INNSA",INNSA,OOLU,OOCL,MT256104,DRY,16,4/1/2026,6/30/2026,5/11/2026 4:10,1265,1265,148.27,148.27,1413.27,1413.27
USMEM,USLGB,INNSA,"Memphis, TN, USMEM",LALB,"Nhava Sheva, MH, INNSA",INNSA,OOLU,OOCL,MT256104,DRY,16,4/1/2026,6/30/2026,5/11/2026 4:10,1265,1265,148.27,148.27,1413.27,1413.27
USMEM,USCHS,INNSA,"Memphis, TN, USMEM","Charleston, SC, USCHS","Nhava Sheva, MH, INNSA",INNSA,ONEY,ONE,CHIM354B25,DRY,15,5/6/2026,5/15/2026,5/11/2026 4:10,1360,1360,273.23,273.23,1633.23,1633.23
USMEM,USSAV,INNSA,"Memphis, TN, USMEM","Savannah, GA, USSAV","Nhava Sheva, MH, INNSA",INNSA,ONEY,ONE,CHIM354B25,DRY,15,5/16/2026,6/30/2026,5/11/2026 4:10,1360,1360,273.23,273.23,1633.23,1633.23
USMEM,USSAV,INNSA,"Memphis, TN, USMEM","Savannah, GA, USSAV","Nhava Sheva, MH, INNSA",INNSA,ONEY,ONE,CHIM354B25,DRY,15,5/6/2026,5/15/2026,5/11/2026 4:10,1360,1360,273.23,273.23,1633.23,1633.23
USMEM,USCHS,INNSA,"Memphis, TN, USMEM","Charleston, SC, USCHS","Nhava Sheva, MH, INNSA",INNSA,ONEY,ONE,CHIM354B25,DRY,15,5/16/2026,6/30/2026,5/11/2026 4:10,1360,1360,273.23,273.23,1633.23,1633.23
USMEM,USSAV,INNSA,"Memphis, TN, USMEM","Savannah, GA, USSAV","Nhava Sheva, MH, INNSA",INNSA,OOLU,OOCL,MT256104,DRY,16,4/1/2026,6/30/2026,5/11/2026 4:10,1523,1523,148.27,148.27,1671.27,1671.27
USMEM,USSAV,INNSA,"Memphis, TN, USMEM","Savannah, GA, USSAV","Nhava Sheva, MH, INNSA",INNSA,CMDU,CMA,25-0720,DRY,12,4/18/2026,6/30/2026,5/11/2026 4:10,1610,1610,555.09,555.09,2165.09,2165.09
USMEM,USCHS,INNSA,"Memphis, TN, USMEM","Charleston, SC, USCHS","Nhava Sheva, MH, INNSA",INNSA,MAEU,Maersk,300094432,DRY,0,4/1/2026,9/30/2026,5/11/2026 4:10,1806,1806,227.92,227.92,2033.92,2033.92
USMEM,USSAV,INNSA,"Memphis, TN, USMEM","Savannah, GA, USSAV","Nhava Sheva, MH, INNSA",INNSA,EGLV,EMC,SC103574,DRY,4,5/1/2026,6/30/2026,5/11/2026 4:10,2000,2000,187.7,187.7,2187.7,2187.7
USMEM,USCHS,INNSA,"Memphis, TN, USMEM","Charleston, SC, USCHS","Nhava Sheva, MH, INNSA",INNSA,EGLV,EMC,SC103574,DRY,4,5/1/2026,6/30/2026,5/11/2026 4:10,2000,2000,187.7,187.7,2187.7,2187.7
USMEM,USORF,INNSA,"Memphis, TN, USMEM","Norfolk, VA, USORF","Nhava Sheva, MH, INNSA",INNSA,EGLV,EMC,SC103574,DRY,4,5/1/2026,6/30/2026,5/11/2026 4:10,2000,2000,187.7,187.7,2187.7,2187.7
USMEM,USLAX,INNSA,"Memphis, TN, USMEM",LALB,"Nhava Sheva, MH, INNSA",INNSA,YMJA,YML,51625,DRY,9,4/23/2026,5/15/2026,5/11/2026 4:10,2475,2475,148.27,148.27,2623.27,2623.27
USMEM,USLAX,INNSA,"Memphis, TN, USMEM",LALB,"Nhava Sheva, MH, INNSA",INNSA,ONEY,ONE,CHIM354B25,DRY,15,5/6/2026,5/15/2026,5/11/2026 4:10,2500,2500,273.23,273.23,2773.23,2773.23
USMEM,USLAX,INNSA,"Memphis, TN, USMEM",LALB,"Nhava Sheva, MH, INNSA",INNSA,ONEY,ONE,CHIM354B25,DRY,15,5/16/2026,6/30/2026,5/11/2026 4:10,2500,2500,273.23,273.23,2773.23,2773.23
USMEM,USLAX,INNSA,"Memphis, TN, USMEM",LALB,"Nhava Sheva, MH, INNSA",INNSA,YMJA,YML,51625,DRY,9,5/16/2026,6/30/2026,5/11/2026 4:10,2609,2609,148.27,148.27,2757.27,2757.27
USMEM,USLAX,INNSA,"Memphis, TN, USMEM",LALB,"Nhava Sheva, MH, INNSA",INNSA,EGLV,EMC,SC103574,DRY,4,5/1/2026,6/30/2026,5/11/2026 4:10,2650,2650,187.7,187.7,2837.7,2837.7
USMEM,USHOU,INNSA,"Memphis, TN, USMEM","Houston, TX, USHOU","Nhava Sheva, MH, INNSA",INNSA,CMDU,CMA,25-0720,DRY,12,4/18/2026,6/30/2026,5/11/2026 4:10,3190,3190,555.09,555.09,3745.09,3745.09
USMEM,USSAV,INPAV,"Memphis, TN, USMEM","Savannah, GA, USSAV","Pipavav (Victor) Port, GJ, INPAV",INPAV,MAEU,Maersk,300094432,DRY,0,4/1/2026,9/30/2026,5/11/2026 4:10,1806,1806,122,122,1928,1928
USMEM,USCHS,INPAV,"Memphis, TN, USMEM","Charleston, SC, USCHS","Pipavav (Victor) Port, GJ, INPAV",INPAV,MAEU,Maersk,300094432,DRY,0,4/1/2026,9/30/2026,5/11/2026 4:10,1806,1806,122,122,1928,1928
USMEM,USLAX,INPAV,"Memphis, TN, USMEM",LALB,"Pipavav (Victor) Port, GJ, INPAV",INPAV,ONEY,ONE,CHIM354B25,DRY,15,5/6/2026,5/15/2026,5/11/2026 4:10,2200,2200,263.22,263.22,2463.22,2463.22
USMEM,USLAX,INPAV,"Memphis, TN, USMEM",LALB,"Pipavav (Victor) Port, GJ, INPAV",INPAV,ONEY,ONE,CHIM354B25,DRY,15,5/16/2026,6/30/2026,5/11/2026 4:10,2200,2200,263.22,263.22,2463.22,2463.22
USMEM,USLAX,INPAV,"Memphis, TN, USMEM",LALB,"Pipavav (Victor) Port, GJ, INPAV",INPAV,YMJA,YML,51625,DRY,9,4/23/2026,5/15/2026,5/11/2026 4:10,2475,2475,142.97,142.97,2617.97,2617.97
USMEM,USLAX,INPAV,"Memphis, TN, USMEM",LALB,"Pipavav (Victor) Port, GJ, INPAV",INPAV,YMJA,YML,51625,DRY,9,5/16/2026,6/30/2026,5/11/2026 4:10,2609,2609,142.97,142.97,2751.97,2751.97
USMEM,USSAV,INPAV,"Memphis, TN, USMEM","Savannah, GA, USSAV","Pipavav (Victor) Port, GJ, INPAV",INPAV,ONEY,ONE,CHIM354B25,DRY,15,5/16/2026,6/30/2026,5/11/2026 4:10,2675,2675,263.22,263.22,2938.22,2938.22
USMEM,USSAV,INPAV,"Memphis, TN, USMEM","Savannah, GA, USSAV","Pipavav (Victor) Port, GJ, INPAV",INPAV,ONEY,ONE,CHIM354B25,DRY,15,5/6/2026,5/15/2026,5/11/2026 4:10,2675,2675,263.22,263.22,2938.22,2938.22
USMEM,USLAX,INRJU,"Memphis, TN, USMEM",LALB,"Rajula, GJ, INRJU",INRJU,OOLU,OOCL,MT256104,DRY,16,4/1/2026,6/30/2026,5/10/2026 3:45,1760,1760,0,0,1760,1760
USMEM,USLGB,INRJU,"Memphis, TN, USMEM",LALB,"Rajula, GJ, INRJU",INRJU,OOLU,OOCL,MT256104,DRY,16,4/1/2026,6/30/2026,5/10/2026 3:45,1760,1760,0,0,1760,1760
USMEM,USLGB,INTUT,"Memphis, TN, USMEM",LALB,"Tuticorin, TN, INTUT",INTUT,OOLU,OOCL,MT256104,DRY,16,4/1/2026,6/30/2026,5/11/2026 4:10,1710,1710,74.13,74.13,1784.13,1784.13
USMEM,USLAX,INTUT,"Memphis, TN, USMEM",LALB,"Tuticorin, TN, INTUT",INTUT,OOLU,OOCL,MT256104,DRY,16,4/1/2026,6/30/2026,5/11/2026 4:10,1710,1710,74.13,74.13,1784.13,1784.13
USMEM,USCHS,INTUT,"Memphis, TN, USMEM","Charleston, SC, USCHS","Tuticorin, TN, INTUT",INTUT,MAEU,Maersk,300094432,DRY,0,4/1/2026,9/30/2026,5/11/2026 4:10,1806,1806,145.01,145.01,1951.01,1951.01
USMEM,USORF,INTUT,"Memphis, TN, USMEM","Norfolk, VA, USORF","Tuticorin, TN, INTUT",INTUT,ONEY,ONE,CHIM354B25,DRY,15,5/6/2026,5/15/2026,5/11/2026 4:10,2400,2400,199.1,199.1,2599.1,2599.1
USMEM,USCHS,INTUT,"Memphis, TN, USMEM","Charleston, SC, USCHS","Tuticorin, TN, INTUT",INTUT,ONEY,ONE,CHIM354B25,DRY,15,5/16/2026,6/30/2026,5/11/2026 4:10,2400,2400,199.1,199.1,2599.1,2599.1
USMEM,USSAV,INTUT,"Memphis, TN, USMEM","Savannah, GA, USSAV","Tuticorin, TN, INTUT",INTUT,ONEY,ONE,CHIM354B25,DRY,15,5/16/2026,6/30/2026,5/11/2026 4:10,2400,2400,199.1,199.1,2599.1,2599.1
USMEM,USCHS,INTUT,"Memphis, TN, USMEM","Charleston, SC, USCHS","Tuticorin, TN, INTUT",INTUT,ONEY,ONE,CHIM354B25,DRY,15,5/6/2026,5/15/2026,5/11/2026 4:10,2400,2400,199.1,199.1,2599.1,2599.1
USMEM,USSAV,INTUT,"Memphis, TN, USMEM","Savannah, GA, USSAV","Tuticorin, TN, INTUT",INTUT,ONEY,ONE,CHIM354B25,DRY,15,5/6/2026,5/15/2026,5/11/2026 4:10,2400,2400,199.1,199.1,2599.1,2599.1
USMEM,USORF,INTUT,"Memphis, TN, USMEM","Norfolk, VA, USORF","Tuticorin, TN, INTUT",INTUT,ONEY,ONE,CHIM354B25,DRY,15,5/16/2026,6/30/2026,5/11/2026 4:10,2400,2400,199.1,199.1,2599.1,2599.1
USMEM,USHOU,INTUT,"Memphis, TN, USMEM","Houston, TX, USHOU","Tuticorin, TN, INTUT",INTUT,CMDU,CMA,25-0720,DRY,12,4/18/2026,6/30/2026,5/11/2026 4:10,2890,2890,100.5,100.5,2990.5,2990.5
USMEM,USSAV,INTUT,"Memphis, TN, USMEM","Savannah, GA, USSAV","Tuticorin, TN, INTUT",INTUT,OOLU,OOCL,MT256104,DRY,16,4/1/2026,6/30/2026,5/11/2026 4:10,2893,2893,74.13,74.13,2967.13,2967.13
USMEM,USLAX,INTUT,"Memphis, TN, USMEM",LALB,"Tuticorin, TN, INTUT",INTUT,ONEY,ONE,CHIM354B25,DRY,15,5/16/2026,6/30/2026,5/11/2026 4:10,3035,3035,199.1,199.1,3234.1,3234.1
USMEM,USLAX,INTUT,"Memphis, TN, USMEM",LALB,"Tuticorin, TN, INTUT",INTUT,ONEY,ONE,CHIM354B25,DRY,15,5/6/2026,5/15/2026,5/11/2026 4:10,3035,3035,199.1,199.1,3234.1,3234.1
USMEM,USSAV,ITBCO,"Memphis, TN, USMEM","Savannah, GA, USSAV","Buccino, , ITBCO",ITSAL,CMDU,CMA,25-0720,DRY,12,4/18/2026,6/30/2026,5/5/2026 3:45,2620,2620,0,0,2620,2620
USMEM,USHOU,ITBCO,"Memphis, TN, USMEM","Houston, TX, USHOU","Buccino, , ITBCO",ITSAL,CMDU,CMA,25-0720,DRY,12,4/18/2026,6/30/2026,5/5/2026 3:45,4250,4250,0,0,4250,4250
USMEM,USHOU,ITBGO,"Memphis, TN, USMEM","Houston, TX, USHOU","Bergamo, BG, ITBGO",ITGOA,CMDU,CMA,25-0720,DRY,12,4/18/2026,6/30/2026,5/5/2026 3:45,3625,3625,0,0,3625,3625
USMEM,USSAV,ITSAL,"Memphis, TN, USMEM","Savannah, GA, USSAV","Salerno, , ITSAL",ITSAL,CMDU,CMA,25-0720,DRY,12,4/18/2026,6/30/2026,5/5/2026 3:45,2196,2196,0,0,2196,2196
USMEM,USHOU,ITSAL,"Memphis, TN, USMEM","Houston, TX, USHOU","Salerno, , ITSAL",ITSAL,CMDU,CMA,25-0720,DRY,12,4/18/2026,6/30/2026,5/5/2026 3:45,3826,3826,0,0,3826,3826
USMEM,USSAV,ITSPE,"Memphis, TN, USMEM","Savannah, GA, USSAV","La Spezia, , ITSPE",ITSPE,ONEY,ONE,CHIM354B25,DRY,15,5/6/2026,5/15/2026,5/11/2026 4:10,1503,1503,386.8,386.8,1889.8,1889.8
USMEM,USSAV,ITSPE,"Memphis, TN, USMEM","Savannah, GA, USSAV","La Spezia, , ITSPE",ITSPE,ONEY,ONE,CHIM354B25,DRY,15,5/16/2026,6/30/2026,5/11/2026 4:10,1503,1503,386.8,386.8,1889.8,1889.8
USMEM,USLAX,JPABU,"Memphis, TN, USMEM",LALB,"Aburatsu, 45, JPABU",KRPUS,YMJA,YML,51625,DRY,9,4/23/2026,5/15/2026,5/11/2026 4:10,2500,2500,123.14,123.14,2623.14,2623.14
USMEM,USLAX,JPABU,"Memphis, TN, USMEM",LALB,"Aburatsu, 45, JPABU",KRPUS,YMJA,YML,51625,DRY,9,5/16/2026,6/30/2026,5/11/2026 4:10,2634,2634,123.14,123.14,2757.14,2757.14
USMEM,USLAX,JPAXT,"Memphis, TN, USMEM",LALB,"Akita, 5, JPAXT",KRPUS,YMJA,YML,51625,DRY,9,4/23/2026,5/15/2026,5/11/2026 4:10,2500,2500,123.14,123.14,2623.14,2623.14
USMEM,USLAX,JPAXT,"Memphis, TN, USMEM",LALB,"Akita, 5, JPAXT",KRPUS,YMJA,YML,51625,DRY,9,5/16/2026,6/30/2026,5/11/2026 4:10,2634,2634,123.14,123.14,2757.14,2757.14
USMEM,USLAX,JPFKY,"Memphis, TN, USMEM",LALB,"Fukuyama, Hiroshima, 34, JPFKY",KRPUS,YMJA,YML,51625,DRY,9,4/23/2026,5/15/2026,5/11/2026 4:10,2820,2820,123.14,123.14,2943.14,2943.14
USMEM,USLAX,JPFKY,"Memphis, TN, USMEM",LALB,"Fukuyama, Hiroshima, 34, JPFKY",KRPUS,YMJA,YML,51625,DRY,9,5/16/2026,6/30/2026,5/11/2026 4:10,2954,2954,123.14,123.14,3077.14,3077.14
USMEM,USLAX,JPHHE,"Memphis, TN, USMEM",LALB,"Hachinohe, 2, JPHHE",KRPUS,YMJA,YML,51625,DRY,9,4/23/2026,5/15/2026,5/11/2026 4:10,3300,3300,123.14,123.14,3423.14,3423.14
USMEM,USLAX,JPHHE,"Memphis, TN, USMEM",LALB,"Hachinohe, 2, JPHHE",KRPUS,YMJA,YML,51625,DRY,9,5/16/2026,6/30/2026,5/11/2026 4:10,3434,3434,123.14,123.14,3557.14,3557.14
USMEM,USLAX,JPHIJ,"Memphis, TN, USMEM",LALB,"Hiroshima, 34, JPHIJ",KRPUS,YMJA,YML,51625,DRY,9,4/23/2026,5/15/2026,5/11/2026 4:10,2110,2110,123.14,123.14,2233.14,2233.14
USMEM,USLAX,JPHIJ,"Memphis, TN, USMEM",LALB,"Hiroshima, 34, JPHIJ",JPHIJ,ONEY,ONE,CHIM354B25,DRY,15,5/6/2026,5/15/2026,5/11/2026 4:10,2225,2225,319.21,319.21,2544.21,2544.21
USMEM,USLAX,JPHIJ,"Memphis, TN, USMEM",LALB,"Hiroshima, 34, JPHIJ",JPHIJ,ONEY,ONE,CHIM354B25,DRY,15,5/16/2026,6/30/2026,5/11/2026 4:10,2225,2225,319.21,319.21,2544.21,2544.21
USMEM,USLAX,JPHIJ,"Memphis, TN, USMEM",LALB,"Hiroshima, 34, JPHIJ",KRPUS,YMJA,YML,51625,DRY,9,5/16/2026,6/30/2026,5/11/2026 4:10,2244,2244,123.14,123.14,2367.14,2367.14
USMEM,USLAX,JPHKD,"Memphis, TN, USMEM",LALB,"Hakodate, 1, JPHKD",KRPUS,YMJA,YML,51625,DRY,9,4/23/2026,5/15/2026,5/11/2026 4:10,2750,2750,123.14,123.14,2873.14,2873.14
USMEM,USLAX,JPHKD,"Memphis, TN, USMEM",LALB,"Hakodate, 1, JPHKD",KRPUS,YMJA,YML,51625,DRY,9,5/16/2026,6/30/2026,5/11/2026 4:10,2884,2884,123.14,123.14,3007.14,3007.14
USMEM,USLAX,JPHMD,"Memphis, TN, USMEM",LALB,"Hamada, 32, JPHMD",KRPUS,YMJA,YML,51625,DRY,9,4/23/2026,5/15/2026,5/11/2026 4:10,3020,3020,123.14,123.14,3143.14,3143.14
USMEM,USLAX,JPHMD,"Memphis, TN, USMEM",LALB,"Hamada, 32, JPHMD",KRPUS,YMJA,YML,51625,DRY,9,5/16/2026,6/30/2026,5/11/2026 4:10,3154,3154,123.14,123.14,3277.14,3277.14
USMEM,USORF,JPHTD,"Memphis, TN, USMEM","Norfolk, VA, USORF","Hakata, 38, JPHTD",JPHTD,EGLV,EMC,SC103574,DRY,4,5/1/2026,6/30/2026,5/11/2026 4:10,1100,1100,306.44,306.44,1406.44,1406.44
USMEM,USCHS,JPHTD,"Memphis, TN, USMEM","Charleston, SC, USCHS","Hakata, 38, JPHTD",JPHTD,EGLV,EMC,SC103574,DRY,4,5/1/2026,6/30/2026,5/11/2026 4:10,1100,1100,306.44,306.44,1406.44,1406.44
USMEM,USSAV,JPHTD,"Memphis, TN, USMEM","Savannah, GA, USSAV","Hakata, 38, JPHTD",JPHTD,EGLV,EMC,SC103574,DRY,4,5/1/2026,6/30/2026,5/11/2026 4:10,1100,1100,306.44,306.44,1406.44,1406.44
USMEM,USLAX,JPHTD,"Memphis, TN, USMEM",LALB,"Hakata, 38, JPHTD",JPHTD,EGLV,EMC,SC103574,DRY,4,5/1/2026,6/30/2026,5/11/2026 4:10,1600,1600,306.44,306.44,1906.44,1906.44
USMEM,USLAX,JPIMB,"Memphis, TN, USMEM",LALB,"Imabari, 38, JPIMB",KRPUS,YMJA,YML,51625,DRY,9,4/23/2026,5/15/2026,5/11/2026 4:10,2560,2560,123.14,123.14,2683.14,2683.14
USMEM,USLAX,JPIMB,"Memphis, TN, USMEM",LALB,"Imabari, 38, JPIMB",KRPUS,YMJA,YML,51625,DRY,9,5/16/2026,6/30/2026,5/11/2026 4:10,2694,2694,123.14,123.14,2817.14,2817.14
USMEM,USLAX,JPIMI,"Memphis, TN, USMEM",LALB,"Imari, 41, JPIMI",CNSHA,YMJA,YML,51625,DRY,9,4/23/2026,5/15/2026,5/11/2026 4:10,2020,2020,235.27,235.27,2255.27,2255.27
USMEM,USLAX,JPIMI,"Memphis, TN, USMEM",LALB,"Imari, 41, JPIMI",CNSHA,YMJA,YML,51625,DRY,9,5/16/2026,6/30/2026,5/11/2026 4:10,2154,2154,235.27,235.27,2389.27,2389.27
USMEM,USLAX,JPISI,"Memphis, TN, USMEM",LALB,"Ishikari, 1, JPISI",KRPUS,YMJA,YML,51625,DRY,9,4/23/2026,5/15/2026,5/11/2026 4:10,2880,2880,123.14,123.14,3003.14,3003.14
USMEM,USLAX,JPISI,"Memphis, TN, USMEM",LALB,"Ishikari, 1, JPISI",KRPUS,YMJA,YML,51625,DRY,9,5/16/2026,6/30/2026,5/11/2026 4:10,3014,3014,123.14,123.14,3137.14,3137.14
USMEM,USLAX,JPIWK,"Memphis, TN, USMEM",LALB,"Iwakuni, 35, JPIWK",KRPUS,YMJA,YML,51625,DRY,9,4/23/2026,5/15/2026,5/11/2026 4:10,2760,2760,123.14,123.14,2883.14,2883.14
USMEM,USLAX,JPIWK,"Memphis, TN, USMEM",LALB,"Iwakuni, 35, JPIWK",KRPUS,YMJA,YML,51625,DRY,9,5/16/2026,6/30/2026,5/11/2026 4:10,2894,2894,123.14,123.14,3017.14,3017.14
USMEM,USLAX,JPIYM,"Memphis, TN, USMEM",LALB,"Iyomishima, 38, JPIYM",CNSHA,YMJA,YML,51625,DRY,9,4/23/2026,5/15/2026,5/11/2026 4:10,1850,1850,235.27,235.27,2085.27,2085.27
USMEM,USLAX,JPIYM,"Memphis, TN, USMEM",LALB,"Iyomishima, 38, JPIYM",CNSHA,YMJA,YML,51625,DRY,9,5/16/2026,6/30/2026,5/11/2026 4:10,1984,1984,235.27,235.27,2219.27,2219.27
USMEM,USLAX,JPIYM,"Memphis, TN, USMEM",LALB,"Iyomishima, 38, JPIYM",JPIYM,ONEY,ONE,CHIM354B25,DRY,15,5/16/2026,6/30/2026,5/11/2026 4:10,2385,2385,336.45,336.45,2721.45,2721.45
USMEM,USLAX,JPIYM,"Memphis, TN, USMEM",LALB,"Iyomishima, 38, JPIYM",JPIYM,ONEY,ONE,CHIM354B25,DRY,15,5/6/2026,5/15/2026,5/11/2026 4:10,2385,2385,336.45,336.45,2721.45,2721.45
USMEM,USLAX,JPKCZ,"Memphis, TN, USMEM",LALB,"Kochi, 39, JPKCZ",JPKCZ,ONEY,ONE,CHIM354B25,DRY,15,5/6/2026,5/15/2026,5/11/2026 4:10,2525,2525,336.45,336.45,2861.45,2861.45
USMEM,USLAX,JPKCZ,"Memphis, TN, USMEM",LALB,"Kochi, 39, JPKCZ",JPKCZ,ONEY,ONE,CHIM354B25,DRY,15,5/16/2026,6/30/2026,5/11/2026 4:10,2525,2525,336.45,336.45,2861.45,2861.45
USMEM,USLAX,JPKIJ,"Memphis, TN, USMEM",LALB,"Niigata, 15, JPKIJ",JPKIJ,ONEY,ONE,CHIM354B25,DRY,15,5/6/2026,5/15/2026,5/11/2026 4:10,2285,2285,336.45,336.45,2621.45,2621.45
USMEM,USLAX,JPKIJ,"Memphis, TN, USMEM",LALB,"Niigata, 15, JPKIJ",JPKIJ,ONEY,ONE,CHIM354B25,DRY,15,5/16/2026,6/30/2026,5/11/2026 4:10,2285,2285,336.45,336.45,2621.45,2621.45
USMEM,USLAX,JPKIJ,"Memphis, TN, USMEM",LALB,"Niigata, 15, JPKIJ",KRPUS,YMJA,YML,51625,DRY,9,4/23/2026,5/15/2026,5/11/2026 4:10,2790,2790,123.14,123.14,2913.14,2913.14
USMEM,USLAX,JPKIJ,"Memphis, TN, USMEM",LALB,"Niigata, 15, JPKIJ",KRPUS,YMJA,YML,51625,DRY,9,5/16/2026,6/30/2026,5/11/2026 4:10,2924,2924,123.14,123.14,3047.14,3047.14
USMEM,USLAX,JPKMJ,"Memphis, TN, USMEM",LALB,"Kumamoto, 43, JPKMJ",KRPUS,YMJA,YML,51625,DRY,9,4/23/2026,5/15/2026,5/11/2026 4:10,2450,2450,123.14,123.14,2573.14,2573.14
USMEM,USLAX,JPKMJ,"Memphis, TN, USMEM",LALB,"Kumamoto, 43, JPKMJ",KRPUS,YMJA,YML,51625,DRY,9,5/16/2026,6/30/2026,5/11/2026 4:10,2584,2584,123.14,123.14,2707.14,2707.14
USMEM,USLAX,JPKNZ,"Memphis, TN, USMEM",LALB,"Kanazawa, 17, JPKNZ",KRPUS,YMJA,YML,51625,DRY,9,4/23/2026,5/15/2026,5/11/2026 4:10,2690,2690,123.14,123.14,2813.14,2813.14
USMEM,USLAX,JPKNZ,"Memphis, TN, USMEM",LALB,"Kanazawa, 17, JPKNZ",KRPUS,YMJA,YML,51625,DRY,9,5/16/2026,6/30/2026,5/11/2026 4:10,2824,2824,123.14,123.14,2947.14,2947.14
USMEM,USLAX,JPKST,"Memphis, TN, USMEM",LALB,"Kisakata, 5, JPKST",KRPUS,YMJA,YML,51625,DRY,9,4/23/2026,5/15/2026,5/11/2026 4:10,2880,2880,123.14,123.14,3003.14,3003.14
USMEM,USLAX,JPKST,"Memphis, TN, USMEM",LALB,"Kisakata, 5, JPKST",KRPUS,YMJA,YML,51625,DRY,9,5/16/2026,6/30/2026,5/11/2026 4:10,3014,3014,123.14,123.14,3137.14,3137.14
USMEM,USLAX,JPKUH,"Memphis, TN, USMEM",LALB,"Kushiro, 1, JPKUH",KRPUS,YMJA,YML,51625,DRY,9,4/23/2026,5/15/2026,5/11/2026 4:10,3105,3105,123.14,123.14,3228.14,3228.14
USMEM,USLAX,JPKUH,"Memphis, TN, USMEM",LALB,"Kushiro, 1, JPKUH",KRPUS,YMJA,YML,51625,DRY,9,5/16/2026,6/30/2026,5/11/2026 4:10,3239,3239,123.14,123.14,3362.14,3362.14
USMEM,USLAX,JPMII,"Memphis, TN, USMEM",LALB,"Miike, Fukuoka, 40, JPMII",KRPUS,YMJA,YML,51625,DRY,9,4/23/2026,5/15/2026,5/11/2026 4:10,2820,2820,123.14,123.14,2943.14,2943.14
USMEM,USLAX,JPMII,"Memphis, TN, USMEM",LALB,"Miike, Fukuoka, 40, JPMII",KRPUS,YMJA,YML,51625,DRY,9,5/16/2026,6/30/2026,5/11/2026 4:10,2954,2954,123.14,123.14,3077.14,3077.14
USMEM,USLAX,JPMIZ,"Memphis, TN, USMEM",LALB,"Mizushima, 33, JPMIZ",CNNBG,YMJA,YML,51625,DRY,9,4/23/2026,5/15/2026,5/11/2026 4:10,1720,1720,235.27,235.27,1955.27,1955.27
USMEM,USLAX,JPMIZ,"Memphis, TN, USMEM",LALB,"Mizushima, 33, JPMIZ",CNNBG,YMJA,YML,51625,DRY,9,5/16/2026,6/30/2026,5/11/2026 4:10,1854,1854,235.27,235.27,2089.27,2089.27
USMEM,USSAV,JPMOJ,"Memphis, TN, USMEM","Savannah, GA, USSAV","Moji/Kitakyushu, 40, JPMOJ",JPMOJ,MAEU,Maersk,300094432,DRY,0,4/1/2026,9/30/2026,5/11/2026 4:10,1437,1437,341.56,341.56,1778.56,1778.56
USMEM,USLAX,JPMOJ,"Memphis, TN, USMEM",LALB,"Moji/Kitakyushu, 40, JPMOJ",JPMOJ,MAEU,Maersk,300094432,DRY,0,4/1/2026,9/30/2026,5/11/2026 4:10,1534,1534,341.56,341.56,1875.56,1875.56
USMEM,USLAX,JPMOJ,"Memphis, TN, USMEM",LALB,"Moji/Kitakyushu, 40, JPMOJ",JPMOJ,ONEY,ONE,CHIM354B25,DRY,15,5/6/2026,5/15/2026,5/11/2026 4:10,1960,1960,336.45,336.45,2296.45,2296.45
USMEM,USLAX,JPMOJ,"Memphis, TN, USMEM",LALB,"Moji/Kitakyushu, 40, JPMOJ",JPMOJ,ONEY,ONE,CHIM354B25,DRY,15,5/16/2026,6/30/2026,5/11/2026 4:10,1960,1960,336.45,336.45,2296.45,2296.45
USMEM,USLAX,JPNAH,"Memphis, TN, USMEM",LALB,"Naha, Okinawa, 47, JPNAH",TWKHH,YMJA,YML,51625,DRY,9,4/23/2026,5/15/2026,5/11/2026 4:10,1730,1730,223.53,223.53,1953.53,1953.53
USMEM,USLAX,JPNAH,"Memphis, TN, USMEM",LALB,"Naha, Okinawa, 47, JPNAH",TWKHH,YMJA,YML,51625,DRY,9,5/16/2026,6/30/2026,5/11/2026 4:10,1730,1730,223.53,223.53,1953.53,1953.53
USMEM,USLAX,JPNAO,"Memphis, TN, USMEM",LALB,"Naoetsu, 15, JPNAO",JPNAO,ONEY,ONE,CHIM354B25,DRY,15,5/16/2026,6/30/2026,5/11/2026 4:10,2595,2595,336.45,336.45,2931.45,2931.45
USMEM,USLAX,JPNAO,"Memphis, TN, USMEM",LALB,"Naoetsu, 15, JPNAO",JPNAO,ONEY,ONE,CHIM354B25,DRY,15,5/6/2026,5/15/2026,5/11/2026 4:10,2595,2595,336.45,336.45,2931.45,2931.45
USMEM,USLAX,JPNAO,"Memphis, TN, USMEM",LALB,"Naoetsu, 15, JPNAO",KRPUS,YMJA,YML,51625,DRY,9,4/23/2026,5/15/2026,5/11/2026 4:10,2900,2900,123.14,123.14,3023.14,3023.14
USMEM,USLAX,JPNAO,"Memphis, TN, USMEM",LALB,"Naoetsu, 15, JPNAO",KRPUS,YMJA,YML,51625,DRY,9,5/16/2026,6/30/2026,5/11/2026 4:10,3034,3034,123.14,123.14,3157.14,3157.14
USMEM,USSAV,JPNGO,"Memphis, TN, USMEM","Savannah, GA, USSAV","Nagoya, Aichi, 23, JPNGO",JPNGO,MAEU,Maersk,300094432,DRY,0,4/1/2026,9/30/2026,5/11/2026 4:10,717,717,341.56,341.56,1058.56,1058.56
USMEM,USLAX,JPNGO,"Memphis, TN, USMEM",LALB,"Nagoya, Aichi, 23, JPNGO",JPNGO,MAEU,Maersk,300094432,DRY,0,4/1/2026,9/30/2026,5/11/2026 4:10,814,814,341.56,341.56,1155.56,1155.56
USMEM,USCHS,JPNGO,"Memphis, TN, USMEM","Charleston, SC, USCHS","Nagoya, Aichi, 23, JPNGO",JPNGO,YMJA,YML,51625,DRY,9,4/23/2026,5/15/2026,5/11/2026 4:10,957,957,316.02,316.02,1273.02,1273.02
USMEM,USSAV,JPNGO,"Memphis, TN, USMEM","Savannah, GA, USSAV","Nagoya, Aichi, 23, JPNGO",JPNGO,YMJA,YML,51625,DRY,9,4/23/2026,5/15/2026,5/11/2026 4:10,958,958,316.02,316.02,1274.02,1274.02
USMEM,USLAX,JPNGO,"Memphis, TN, USMEM",LALB,"Nagoya, Aichi, 23, JPNGO",JPNGO,YMJA,YML,51625,DRY,9,4/23/2026,5/15/2026,5/11/2026 4:10,1050,1050,316.02,316.02,1366.02,1366.02
USMEM,USCHS,JPNGO,"Memphis, TN, USMEM","Charleston, SC, USCHS","Nagoya, Aichi, 23, JPNGO",JPNGO,YMJA,YML,51625,DRY,9,5/16/2026,6/30/2026,5/11/2026 4:10,1091,1091,316.02,316.02,1407.02,1407.02
USMEM,USSAV,JPNGO,"Memphis, TN, USMEM","Savannah, GA, USSAV","Nagoya, Aichi, 23, JPNGO",JPNGO,YMJA,YML,51625,DRY,9,5/16/2026,6/30/2026,5/11/2026 4:10,1092,1092,316.02,316.02,1408.02,1408.02
USMEM,USSAV,JPNGO,"Memphis, TN, USMEM","Savannah, GA, USSAV","Nagoya, Aichi, 23, JPNGO",JPNGO,EGLV,EMC,SC103574,DRY,4,5/1/2026,6/30/2026,5/11/2026 4:10,1100,1100,306.44,306.44,1406.44,1406.44
USMEM,USORF,JPNGO,"Memphis, TN, USMEM","Norfolk, VA, USORF","Nagoya, Aichi, 23, JPNGO",JPNGO,EGLV,EMC,SC103574,DRY,4,5/1/2026,6/30/2026,5/11/2026 4:10,1100,1100,306.44,306.44,1406.44,1406.44
USMEM,USCHS,JPNGO,"Memphis, TN, USMEM","Charleston, SC, USCHS","Nagoya, Aichi, 23, JPNGO",JPNGO,EGLV,EMC,SC103574,DRY,4,5/1/2026,6/30/2026,5/11/2026 4:10,1100,1100,306.44,306.44,1406.44,1406.44
USMEM,USLAX,JPNGO,"Memphis, TN, USMEM",LALB,"Nagoya, Aichi, 23, JPNGO",JPNGO,YMJA,YML,51625,DRY,9,5/16/2026,6/30/2026,5/11/2026 4:10,1184,1184,316.02,316.02,1500.02,1500.02
USMEM,USLAX,JPNGO,"Memphis, TN, USMEM",LALB,"Nagoya, Aichi, 23, JPNGO",SGSIN,YMJA,YML,51625,DRY,9,4/23/2026,5/15/2026,5/11/2026 4:10,1325,1325,274.53,274.53,1599.53,1599.53
USMEM,USLAX,JPNGO,"Memphis, TN, USMEM",LALB,"Nagoya, Aichi, 23, JPNGO",SGSIN,YMJA,YML,51625,DRY,9,5/16/2026,6/30/2026,5/11/2026 4:10,1459,1459,274.53,274.53,1733.53,1733.53
USMEM,USLAX,JPNGO,"Memphis, TN, USMEM",LALB,"Nagoya, Aichi, 23, JPNGO",JPNGO,ONEY,ONE,CHIM354B25,DRY,15,5/6/2026,5/15/2026,5/11/2026 4:10,1485,1485,336.45,336.45,1821.45,1821.45
USMEM,USLAX,JPNGO,"Memphis, TN, USMEM",LALB,"Nagoya, Aichi, 23, JPNGO",JPNGO,ONEY,ONE,CHIM354B25,DRY,15,5/16/2026,6/30/2026,5/11/2026 4:10,1485,1485,336.45,336.45,1821.45,1821.45
USMEM,USLAX,JPNGO,"Memphis, TN, USMEM",LALB,"Nagoya, Aichi, 23, JPNGO",JPNGO,EGLV,EMC,SC103574,DRY,4,5/1/2026,6/30/2026,5/11/2026 4:10,1550,1550,306.44,306.44,1856.44,1856.44
USMEM,USSAV,JPNGO,"Memphis, TN, USMEM","Savannah, GA, USSAV","Nagoya, Aichi, 23, JPNGO",JPNGO,CMDU,CMA,25-0720,DRY,12,4/18/2026,6/30/2026,5/11/2026 4:10,1685,1685,331.98,331.98,2016.98,2016.98
USMEM,USLAX,JPNKO,"Memphis, TN, USMEM",LALB,"Nanko, 27, JPNKO",JPUKB,YMJA,YML,51625,DRY,9,4/23/2026,5/15/2026,5/11/2026 4:10,1620,1620,316.02,316.02,1936.02,1936.02
USMEM,USLAX,JPNKO,"Memphis, TN, USMEM",LALB,"Nanko, 27, JPNKO",JPUKB,YMJA,YML,51625,DRY,9,5/16/2026,6/30/2026,5/11/2026 4:10,1754,1754,316.02,316.02,2070.02,2070.02
USMEM,USLAX,JPOIT,"Memphis, TN, USMEM",LALB,"Oita, 44, JPOIT",KRPUS,YMJA,YML,51625,DRY,9,4/23/2026,5/15/2026,5/11/2026 4:10,2520,2520,123.14,123.14,2643.14,2643.14
USMEM,USLAX,JPOIT,"Memphis, TN, USMEM",LALB,"Oita, 44, JPOIT",KRPUS,YMJA,YML,51625,DRY,9,5/16/2026,6/30/2026,5/11/2026 4:10,2654,2654,123.14,123.14,2777.14,2777.14
USMEM,USLAX,JPONA,"Memphis, TN, USMEM",LALB,"Onahama, 7, JPONA",KRPUS,YMJA,YML,51625,DRY,9,4/23/2026,5/15/2026,5/11/2026 4:10,3040,3040,123.14,123.14,3163.14,3163.14
USMEM,USLAX,JPONA,"Memphis, TN, USMEM",LALB,"Onahama, 7, JPONA",KRPUS,YMJA,YML,51625,DRY,9,5/16/2026,6/30/2026,5/11/2026 4:10,3174,3174,123.14,123.14,3297.14,3297.14
USMEM,USSAV,JPOSA,"Memphis, TN, USMEM","Savannah, GA, USSAV","Osaka, 27, JPOSA",JPOSA,EGLV,EMC,SC103574,DRY,4,5/1/2026,6/30/2026,5/11/2026 4:10,1100,1100,306.44,306.44,1406.44,1406.44
USMEM,USCHS,JPOSA,"Memphis, TN, USMEM","Charleston, SC, USCHS","Osaka, 27, JPOSA",JPOSA,EGLV,EMC,SC103574,DRY,4,5/1/2026,6/30/2026,5/11/2026 4:10,1100,1100,306.44,306.44,1406.44,1406.44
USMEM,USORF,JPOSA,"Memphis, TN, USMEM","Norfolk, VA, USORF","Osaka, 27, JPOSA",JPOSA,EGLV,EMC,SC103574,DRY,4,5/1/2026,6/30/2026,5/11/2026 4:10,1100,1100,306.44,306.44,1406.44,1406.44
USMEM,USCHS,JPOSA,"Memphis, TN, USMEM","Charleston, SC, USCHS","Osaka, 27, JPOSA",JPOSA,YMJA,YML,51625,DRY,9,4/23/2026,5/15/2026,5/11/2026 4:10,1112,1112,316.02,316.02,1428.02,1428.02
USMEM,USSAV,JPOSA,"Memphis, TN, USMEM","Savannah, GA, USSAV","Osaka, 27, JPOSA",JPOSA,YMJA,YML,51625,DRY,9,4/23/2026,5/15/2026,5/11/2026 4:10,1113,1113,316.02,316.02,1429.02,1429.02
USMEM,USLAX,JPOSA,"Memphis, TN, USMEM",LALB,"Osaka, 27, JPOSA","Yokohama, JP",MAEU,Maersk,300094432,DRY,0,4/1/2026,9/30/2026,5/11/2026 4:10,1204,1204,341.56,341.56,1545.56,1545.56
USMEM,USCHS,JPOSA,"Memphis, TN, USMEM","Charleston, SC, USCHS","Osaka, 27, JPOSA",JPOSA,YMJA,YML,51625,DRY,9,5/16/2026,6/30/2026,5/11/2026 4:10,1246,1246,316.02,316.02,1562.02,1562.02
USMEM,USSAV,JPOSA,"Memphis, TN, USMEM","Savannah, GA, USSAV","Osaka, 27, JPOSA",JPOSA,YMJA,YML,51625,DRY,9,5/16/2026,6/30/2026,5/11/2026 4:10,1247,1247,316.02,316.02,1563.02,1563.02
USMEM,USLAX,JPOSA,"Memphis, TN, USMEM",LALB,"Osaka, 27, JPOSA",JPUKB,YMJA,YML,51625,DRY,9,4/23/2026,5/15/2026,5/11/2026 4:10,1300,1300,316.02,316.02,1616.02,1616.02
USMEM,USSAV,JPOSA,"Memphis, TN, USMEM","Savannah, GA, USSAV","Osaka, 27, JPOSA","Yokohama, JP",MAEU,Maersk,300094432,DRY,0,4/1/2026,9/30/2026,5/11/2026 4:10,1307,1307,341.56,341.56,1648.56,1648.56
USMEM,USLAX,JPOSA,"Memphis, TN, USMEM",LALB,"Osaka, 27, JPOSA",JPUKB,YMJA,YML,51625,DRY,9,4/23/2026,5/15/2026,5/11/2026 4:10,1380,1380,316.02,316.02,1696.02,1696.02
USMEM,USLAX,JPOSA,"Memphis, TN, USMEM",LALB,"Osaka, 27, JPOSA",JPOSA,ONEY,ONE,CHIM354B25,DRY,15,5/16/2026,6/30/2026,5/11/2026 4:10,1380,1380,336.45,336.45,1716.45,1716.45
USMEM,USLAX,JPOSA,"Memphis, TN, USMEM",LALB,"Osaka, 27, JPOSA",JPOSA,ONEY,ONE,CHIM354B25,DRY,15,5/6/2026,5/15/2026,5/11/2026 4:10,1380,1380,336.45,336.45,1716.45,1716.45
USMEM,USLAX,JPOSA,"Memphis, TN, USMEM",LALB,"Osaka, 27, JPOSA",JPUKB,YMJA,YML,51625,DRY,9,5/16/2026,6/30/2026,5/11/2026 4:10,1434,1434,316.02,316.02,1750.02,1750.02
USMEM,USLAX,JPOSA,"Memphis, TN, USMEM",LALB,"Osaka, 27, JPOSA",JPUKB,YMJA,YML,51625,DRY,9,5/16/2026,6/30/2026,5/11/2026 4:10,1514,1514,316.02,316.02,1830.02,1830.02
USMEM,USLAX,JPOSA,"Memphis, TN, USMEM",LALB,"Osaka, 27, JPOSA",JPOSA,EGLV,EMC,SC103574,DRY,4,5/1/2026,6/30/2026,5/11/2026 4:10,1550,1550,306.44,306.44,1856.44,1856.44
USMEM,USLAX,JPOSA,"Memphis, TN, USMEM",LALB,"Osaka, 27, JPOSA",CNNBG,YMJA,YML,51625,DRY,9,4/23/2026,5/15/2026,5/11/2026 4:10,1570,1570,235.27,235.27,1805.27,1805.27
USMEM,USLAX,JPOSA,"Memphis, TN, USMEM",LALB,"Osaka, 27, JPOSA",CNNBG,YMJA,YML,51625,DRY,9,5/16/2026,6/30/2026,5/11/2026 4:10,1704,1704,235.27,235.27,1939.27,1939.27
USMEM,USSAV,JPOSA,"Memphis, TN, USMEM","Savannah, GA, USSAV","Osaka, 27, JPOSA",JPOSA,CMDU,CMA,25-0720,DRY,12,4/18/2026,6/30/2026,5/11/2026 4:10,1710,1710,331.98,331.98,2041.98,2041.98
USMEM,USLAX,JPOTK,"Memphis, TN, USMEM",LALB,"Otake, 34, JPOTK",KRPUS,YMJA,YML,51625,DRY,9,4/23/2026,5/15/2026,5/11/2026 4:10,2900,2900,123.14,123.14,3023.14,3023.14
USMEM,USLAX,JPOTK,"Memphis, TN, USMEM",LALB,"Otake, 34, JPOTK",KRPUS,YMJA,YML,51625,DRY,9,5/16/2026,6/30/2026,5/11/2026 4:10,3034,3034,123.14,123.14,3157.14,3157.14
USMEM,USLAX,JPSBS,"Memphis, TN, USMEM",LALB,"Shibushi, 46, JPSBS",JPSBS,ONEY,ONE,CHIM354B25,DRY,15,5/16/2026,6/30/2026,5/11/2026 4:10,2385,2385,336.45,336.45,2721.45,2721.45
USMEM,USLAX,JPSBS,"Memphis, TN, USMEM",LALB,"Shibushi, 46, JPSBS",JPSBS,ONEY,ONE,CHIM354B25,DRY,15,5/6/2026,5/15/2026,5/11/2026 4:10,2385,2385,336.45,336.45,2721.45,2721.45
USMEM,USLAX,JPSDJ,"Memphis, TN, USMEM",LALB,"Sendai, Miyagi, 4, JPSDJ",JPSDJ,ONEY,ONE,CHIM354B25,DRY,15,5/6/2026,5/15/2026,5/11/2026 4:10,2315,2315,336.45,336.45,2651.45,2651.45
USMEM,USLAX,JPSDJ,"Memphis, TN, USMEM",LALB,"Sendai, Miyagi, 4, JPSDJ",JPSDJ,ONEY,ONE,CHIM354B25,DRY,15,5/16/2026,6/30/2026,5/11/2026 4:10,2315,2315,336.45,336.45,2651.45,2651.45
USMEM,USLAX,JPSDJ,"Memphis, TN, USMEM",LALB,"Sendai, Miyagi, 4, JPSDJ",KRPUS,YMJA,YML,51625,DRY,9,4/23/2026,5/15/2026,5/11/2026 4:10,3050,3050,123.14,123.14,3173.14,3173.14
USMEM,USLAX,JPSDJ,"Memphis, TN, USMEM",LALB,"Sendai, Miyagi, 4, JPSDJ",KRPUS,YMJA,YML,51625,DRY,9,5/16/2026,6/30/2026,5/11/2026 4:10,3184,3184,123.14,123.14,3307.14,3307.14
USMEM,USLAX,JPSEB,"Memphis, TN, USMEM",LALB,"Seibu, 13, JPSEB",JPNGO,YMJA,YML,51625,DRY,9,4/23/2026,5/15/2026,5/11/2026 4:10,1370,1370,316.02,316.02,1686.02,1686.02
USMEM,USLAX,JPSEB,"Memphis, TN, USMEM",LALB,"Seibu, 13, JPSEB",JPNGO,YMJA,YML,51625,DRY,9,5/16/2026,6/30/2026,5/11/2026 4:10,1504,1504,316.02,316.02,1820.02,1820.02
USMEM,USLAX,JPSEN,"Memphis, TN, USMEM",LALB,"Satsumasendai, 46, JPSEN",KRPUS,YMJA,YML,51625,DRY,9,4/23/2026,5/15/2026,5/11/2026 4:10,2930,2930,123.14,123.14,3053.14,3053.14
USMEM,USLAX,JPSEN,"Memphis, TN, USMEM",LALB,"Satsumasendai, 46, JPSEN",KRPUS,YMJA,YML,51625,DRY,9,5/16/2026,6/30/2026,5/11/2026 4:10,3064,3064,123.14,123.14,3187.14,3187.14
USMEM,USLAX,JPSHS,"Memphis, TN, USMEM",LALB,"Shimonoseki, 35, JPSHS",KRPUS,YMJA,YML,51625,DRY,9,4/23/2026,5/15/2026,5/11/2026 4:10,2770,2770,123.14,123.14,2893.14,2893.14
USMEM,USLAX,JPSHS,"Memphis, TN, USMEM",LALB,"Shimonoseki, 35, JPSHS",KRPUS,YMJA,YML,51625,DRY,9,5/16/2026,6/30/2026,5/11/2026 4:10,2904,2904,123.14,123.14,3027.14,3027.14
USMEM,USLAX,JPSMN,"Memphis, TN, USMEM",LALB,"Sakaiminato, 31, JPSMN",JPSMN,ONEY,ONE,CHIM354B25,DRY,15,5/6/2026,5/15/2026,5/7/2026 3:45,2625,2625,0,0,2625,2625
USMEM,USLAX,JPSMN,"Memphis, TN, USMEM",LALB,"Sakaiminato, 31, JPSMN",JPSMN,ONEY,ONE,CHIM354B25,DRY,15,5/16/2026,6/30/2026,5/7/2026 3:45,2625,2625,0,0,2625,2625
USMEM,USLAX,JPSMZ,"Memphis, TN, USMEM",LALB,"Shimizu, 22, JPSMZ",JPSMZ,YMJA,YML,51625,DRY,9,4/23/2026,5/15/2026,5/11/2026 4:10,1050,1050,316.02,316.02,1366.02,1366.02
USMEM,USLAX,JPSMZ,"Memphis, TN, USMEM",LALB,"Shimizu, 22, JPSMZ",JPSMZ,YMJA,YML,51625,DRY,9,5/16/2026,6/30/2026,5/11/2026 4:10,1184,1184,316.02,316.02,1500.02,1500.02
USMEM,USLAX,JPSMZ,"Memphis, TN, USMEM",LALB,"Shimizu, 22, JPSMZ",JPSMZ,ONEY,ONE,CHIM354B25,DRY,15,5/6/2026,5/15/2026,5/11/2026 4:10,1485,1485,336.45,336.45,1821.45,1821.45
USMEM,USLAX,JPSMZ,"Memphis, TN, USMEM",LALB,"Shimizu, 22, JPSMZ",JPSMZ,ONEY,ONE,CHIM354B25,DRY,15,5/16/2026,6/30/2026,5/11/2026 4:10,1485,1485,336.45,336.45,1821.45,1821.45
USMEM,USLAX,JPTAK,"Memphis, TN, USMEM",LALB,"Takamatsu, 37, JPTAK",KRPUS,YMJA,YML,51625,DRY,9,4/23/2026,5/15/2026,5/11/2026 4:10,2820,2820,123.14,123.14,2943.14,2943.14
USMEM,USLAX,JPTAK,"Memphis, TN, USMEM",LALB,"Takamatsu, 37, JPTAK",KRPUS,YMJA,YML,51625,DRY,9,5/16/2026,6/30/2026,5/11/2026 4:10,2954,2954,123.14,123.14,3077.14,3077.14
USMEM,USLAX,JPTHS,"Memphis, TN, USMEM",LALB,"Toyohashi, 23, JPTHS",KRPUS,YMJA,YML,51625,DRY,9,4/23/2026,5/15/2026,5/11/2026 4:10,1910,1910,123.14,123.14,2033.14,2033.14
USMEM,USLAX,JPTHS,"Memphis, TN, USMEM",LALB,"Toyohashi, 23, JPTHS",KRPUS,YMJA,YML,51625,DRY,9,5/16/2026,6/30/2026,5/11/2026 4:10,2044,2044,123.14,123.14,2167.14,2167.14
USMEM,USLAX,JPTKS,"Memphis, TN, USMEM",LALB,"Tokushima, 36, JPTKS",KRPUS,YMJA,YML,51625,DRY,9,4/23/2026,5/15/2026,5/11/2026 4:10,2800,2800,123.14,123.14,2923.14,2923.14
USMEM,USLAX,JPTKS,"Memphis, TN, USMEM",LALB,"Tokushima, 36, JPTKS",KRPUS,YMJA,YML,51625,DRY,9,5/16/2026,6/30/2026,5/11/2026 4:10,2934,2934,123.14,123.14,3057.14,3057.14
USMEM,USLAX,JPTKS,"Memphis, TN, USMEM",LALB,"Tokushima, 36, JPTKS",JPTKS,ONEY,ONE,CHIM354B25,DRY,15,5/16/2026,6/30/2026,5/11/2026 4:10,2985,2985,336.45,336.45,3321.45,3321.45
USMEM,USLAX,JPTKS,"Memphis, TN, USMEM",LALB,"Tokushima, 36, JPTKS",JPTKS,ONEY,ONE,CHIM354B25,DRY,15,5/6/2026,5/15/2026,5/11/2026 4:10,2985,2985,336.45,336.45,3321.45,3321.45
USMEM,USLAX,JPTKY,"Memphis, TN, USMEM",LALB,"Tokuyama, 35, JPTKY",KRPUS,YMJA,YML,51625,DRY,9,4/23/2026,5/15/2026,5/11/2026 4:10,2590,2590,123.14,123.14,2713.14,2713.14
USMEM,USLAX,JPTKY,"Memphis, TN, USMEM",LALB,"Tokuyama, 35, JPTKY",KRPUS,YMJA,YML,51625,DRY,9,5/16/2026,6/30/2026,5/11/2026 4:10,2724,2724,123.14,123.14,2847.14,2847.14
USMEM,USLAX,JPTMK,"Memphis, TN, USMEM",LALB,"Tomakomai, 1, JPTMK",KRPUS,YMJA,YML,51625,DRY,9,4/23/2026,5/15/2026,5/11/2026 4:10,2525,2525,123.14,123.14,2648.14,2648.14
USMEM,USLAX,JPTMK,"Memphis, TN, USMEM",LALB,"Tomakomai, 1, JPTMK",KRPUS,YMJA,YML,51625,DRY,9,5/16/2026,6/30/2026,5/11/2026 4:10,2659,2659,123.14,123.14,2782.14,2782.14
USMEM,USLAX,JPTMK,"Memphis, TN, USMEM",LALB,"Tomakomai, 1, JPTMK",JPTMK,ONEY,ONE,CHIM354B25,DRY,15,5/6/2026,5/15/2026,5/11/2026 4:10,2785,2785,336.45,336.45,3121.45,3121.45
USMEM,USLAX,JPTMK,"Memphis, TN, USMEM",LALB,"Tomakomai, 1, JPTMK",JPTMK,ONEY,ONE,CHIM354B25,DRY,15,5/16/2026,6/30/2026,5/11/2026 4:10,2785,2785,336.45,336.45,3121.45,3121.45
USMEM,USLAX,JPTOY,"Memphis, TN, USMEM",LALB,"Toyama, 16, JPTOY",KRPUS,YMJA,YML,51625,DRY,9,4/23/2026,5/15/2026,5/11/2026 4:10,2740,2740,123.14,123.14,2863.14,2863.14
USMEM,USLAX,JPTOY,"Memphis, TN, USMEM",LALB,"Toyama, 16, JPTOY",KRPUS,YMJA,YML,51625,DRY,9,5/16/2026,6/30/2026,5/11/2026 4:10,2874,2874,123.14,123.14,2997.14,2997.14
USMEM,USLAX,JPTRG,"Memphis, TN, USMEM",LALB,"Tsuruga, 18, JPTRG",KRPUS,YMJA,YML,51625,DRY,9,4/23/2026,5/15/2026,5/11/2026 4:10,2660,2660,123.14,123.14,2783.14,2783.14
USMEM,USLAX,JPTRG,"Memphis, TN, USMEM",LALB,"Tsuruga, 18, JPTRG",KRPUS,YMJA,YML,51625,DRY,9,5/16/2026,6/30/2026,5/11/2026 4:10,2794,2794,123.14,123.14,2917.14,2917.14
USMEM,USSAV,JPTYO,"Memphis, TN, USMEM","Savannah, GA, USSAV","Tokyo, 13, JPTYO",JPTYO,MAEU,Maersk,300094432,DRY,0,4/1/2026,9/30/2026,5/11/2026 4:10,1007,1007,341.56,341.56,1348.56,1348.56
USMEM,USLAX,JPTYO,"Memphis, TN, USMEM",LALB,"Tokyo, 13, JPTYO",JPTYO,MAEU,Maersk,300094432,DRY,0,4/1/2026,9/30/2026,5/11/2026 4:10,1104,1104,341.56,341.56,1445.56,1445.56
USMEM,USLAX,JPTYO,"Memphis, TN, USMEM",LALB,"Tokyo, 13, JPTYO",JPTYO,YMJA,YML,51625,DRY,9,4/23/2026,5/15/2026,5/11/2026 4:10,1150,1150,316.02,316.02,1466.02,1466.02
USMEM,USLAX,JPTYO,"Memphis, TN, USMEM",LALB,"Tokyo, 13, JPTYO",JPTYO,YMJA,YML,51625,DRY,9,5/16/2026,6/30/2026,5/11/2026 4:10,1284,1284,316.02,316.02,1600.02,1600.02
USMEM,USLAX,JPTYO,"Memphis, TN, USMEM",LALB,"Tokyo, 13, JPTYO",SGSIN,YMJA,YML,51625,DRY,9,4/23/2026,5/15/2026,5/11/2026 4:10,1325,1325,274.53,274.53,1599.53,1599.53
USMEM,USLAX,JPTYO,"Memphis, TN, USMEM",LALB,"Tokyo, 13, JPTYO",SGSIN,YMJA,YML,51625,DRY,9,5/16/2026,6/30/2026,5/11/2026 4:10,1459,1459,274.53,274.53,1733.53,1733.53
USMEM,USLAX,JPTYO,"Memphis, TN, USMEM",LALB,"Tokyo, 13, JPTYO",JPTYO,ONEY,ONE,CHIM354B25,DRY,15,5/16/2026,6/30/2026,5/11/2026 4:10,1485,1485,336.45,336.45,1821.45,1821.45
USMEM,USLAX,JPTYO,"Memphis, TN, USMEM",LALB,"Tokyo, 13, JPTYO",JPTYO,ONEY,ONE,CHIM354B25,DRY,15,5/6/2026,5/15/2026,5/11/2026 4:10,1485,1485,336.45,336.45,1821.45,1821.45
USMEM,USLAX,JPUKB,"Memphis, TN, USMEM",LALB,"Kobe, 28, JPUKB",JPUKB,MAEU,Maersk,300094432,DRY,0,4/1/2026,9/30/2026,5/11/2026 4:10,951,951,341.56,341.56,1292.56,1292.56
USMEM,USCHS,JPUKB,"Memphis, TN, USMEM","Charleston, SC, USCHS","Kobe, 28, JPUKB",JPUKB,YMJA,YML,51625,DRY,9,4/23/2026,5/15/2026,5/11/2026 4:10,957,957,316.02,316.02,1273.02,1273.02
USMEM,USSAV,JPUKB,"Memphis, TN, USMEM","Savannah, GA, USSAV","Kobe, 28, JPUKB",JPUKB,YMJA,YML,51625,DRY,9,4/23/2026,5/15/2026,5/11/2026 4:10,958,958,316.02,316.02,1274.02,1274.02
USMEM,USSAV,JPUKB,"Memphis, TN, USMEM","Savannah, GA, USSAV","Kobe, 28, JPUKB",JPUKB,MAEU,Maersk,300094432,DRY,0,4/1/2026,9/30/2026,5/11/2026 4:10,1054,1054,341.56,341.56,1395.56,1395.56
USMEM,USCHS,JPUKB,"Memphis, TN, USMEM","Charleston, SC, USCHS","Kobe, 28, JPUKB",JPUKB,YMJA,YML,51625,DRY,9,5/16/2026,6/30/2026,5/11/2026 4:10,1091,1091,316.02,316.02,1407.02,1407.02
USMEM,USSAV,JPUKB,"Memphis, TN, USMEM","Savannah, GA, USSAV","Kobe, 28, JPUKB",JPUKB,YMJA,YML,51625,DRY,9,5/16/2026,6/30/2026,5/11/2026 4:10,1092,1092,316.02,316.02,1408.02,1408.02
USMEM,USORF,JPUKB,"Memphis, TN, USMEM","Norfolk, VA, USORF","Kobe, 28, JPUKB",JPUKB,EGLV,EMC,SC103574,DRY,4,5/1/2026,6/30/2026,5/11/2026 4:10,1100,1100,306.44,306.44,1406.44,1406.44
USMEM,USSAV,JPUKB,"Memphis, TN, USMEM","Savannah, GA, USSAV","Kobe, 28, JPUKB",JPUKB,EGLV,EMC,SC103574,DRY,4,5/1/2026,6/30/2026,5/11/2026 4:10,1100,1100,306.44,306.44,1406.44,1406.44
USMEM,USCHS,JPUKB,"Memphis, TN, USMEM","Charleston, SC, USCHS","Kobe, 28, JPUKB",JPUKB,EGLV,EMC,SC103574,DRY,4,5/1/2026,6/30/2026,5/11/2026 4:10,1100,1100,306.44,306.44,1406.44,1406.44
USMEM,USLAX,JPUKB,"Memphis, TN, USMEM",LALB,"Kobe, 28, JPUKB",JPUKB,YMJA,YML,51625,DRY,9,4/23/2026,5/15/2026,5/11/2026 4:10,1100,1100,316.02,316.02,1416.02,1416.02
USMEM,USLAX,JPUKB,"Memphis, TN, USMEM",LALB,"Kobe, 28, JPUKB",JPUKB,ONEY,ONE,CHIM354B25,DRY,15,5/16/2026,6/30/2026,5/11/2026 4:10,1135,1135,336.45,336.45,1471.45,1471.45
USMEM,USLAX,JPUKB,"Memphis, TN, USMEM",LALB,"Kobe, 28, JPUKB",JPUKB,ONEY,ONE,CHIM354B25,DRY,15,5/6/2026,5/15/2026,5/11/2026 4:10,1135,1135,336.45,336.45,1471.45,1471.45
USMEM,USLAX,JPUKB,"Memphis, TN, USMEM",LALB,"Kobe, 28, JPUKB",JPUKB,YMJA,YML,51625,DRY,9,5/16/2026,6/30/2026,5/11/2026 4:10,1234,1234,316.02,316.02,1550.02,1550.02
USMEM,USLAX,JPUKB,"Memphis, TN, USMEM",LALB,"Kobe, 28, JPUKB",SGSIN,YMJA,YML,51625,DRY,9,4/23/2026,5/15/2026,5/11/2026 4:10,1325,1325,274.53,274.53,1599.53,1599.53
USMEM,USLAX,JPUKB,"Memphis, TN, USMEM",LALB,"Kobe, 28, JPUKB",SGSIN,YMJA,YML,51625,DRY,9,5/16/2026,6/30/2026,5/11/2026 4:10,1459,1459,274.53,274.53,1733.53,1733.53
USMEM,USLAX,JPUKB,"Memphis, TN, USMEM",LALB,"Kobe, 28, JPUKB",JPUKB,EGLV,EMC,SC103574,DRY,4,5/1/2026,6/30/2026,5/11/2026 4:10,1550,1550,306.44,306.44,1856.44,1856.44
USMEM,USSAV,JPYKK,"Memphis, TN, USMEM","Savannah, GA, USSAV","Yokkaichi, 24, JPYKK","Nagoya, JP",MAEU,Maersk,300094432,DRY,0,4/1/2026,9/30/2026,5/11/2026 4:10,1004.18,1004.18,341.56,341.56,1345.74,1345.74
USMEM,USLAX,JPYKK,"Memphis, TN, USMEM",LALB,"Yokkaichi, 24, JPYKK","Nagoya, JP",MAEU,Maersk,300094432,DRY,0,4/1/2026,9/30/2026,5/11/2026 4:10,1101.18,1101.18,341.56,341.56,1442.74,1442.74
USMEM,USLAX,JPYKK,"Memphis, TN, USMEM",LALB,"Yokkaichi, 24, JPYKK",KRPUS,YMJA,YML,51625,DRY,9,4/23/2026,5/15/2026,5/11/2026 4:10,2850,2850,123.14,123.14,2973.14,2973.14
USMEM,USLAX,JPYKK,"Memphis, TN, USMEM",LALB,"Yokkaichi, 24, JPYKK",KRPUS,YMJA,YML,51625,DRY,9,5/16/2026,6/30/2026,5/11/2026 4:10,2984,2984,123.14,123.14,3107.14,3107.14
USMEM,USSAV,JPYOK,"Memphis, TN, USMEM","Savannah, GA, USSAV","Yokohama, 14, JPYOK",JPYOK,CMDU,CMA,25-0720,DRY,12,4/18/2026,6/30/2026,5/11/2026 4:10,1210,1210,331.98,331.98,1541.98,1541.98
USMEM,USSAV,JPYOK,"Memphis, TN, USMEM","Savannah, GA, USSAV","Yokohama, 14, JPYOK",JPYOK,MAEU,Maersk,300094432,DRY,0,4/1/2026,9/30/2026,5/11/2026 4:10,1292,1292,341.56,341.56,1633.56,1633.56
USMEM,USLAX,JPYOK,"Memphis, TN, USMEM",LALB,"Yokohama, 14, JPYOK",JPYOK,MAEU,Maersk,300094432,DRY,0,4/1/2026,9/30/2026,5/11/2026 4:10,1389,1389,341.56,341.56,1730.56,1730.56
USMEM,USLAX,JPYOK,"Memphis, TN, USMEM",LALB,"Yokohama, 14, JPYOK",JPYOK,ONEY,ONE,CHIM354B25,DRY,15,5/6/2026,5/15/2026,5/11/2026 4:10,1785,1785,336.45,336.45,2121.45,2121.45
USMEM,USLAX,JPYOK,"Memphis, TN, USMEM",LALB,"Yokohama, 14, JPYOK",JPYOK,ONEY,ONE,CHIM354B25,DRY,15,5/16/2026,6/30/2026,5/11/2026 4:10,1785,1785,336.45,336.45,2121.45,2121.45
USMEM,USLAX,KRDDC,"Memphis, TN, USMEM",LALB,"Dongducheon, 41, KRDDC",KRPUS,YMJA,YML,51625,DRY,9,4/23/2026,5/15/2026,5/11/2026 4:10,1775,1775,123.14,123.14,1898.14,1898.14
USMEM,USLAX,KRDDC,"Memphis, TN, USMEM",LALB,"Dongducheon, 41, KRDDC",KRPUS,YMJA,YML,51625,DRY,9,5/16/2026,6/30/2026,5/11/2026 4:10,1909,1909,123.14,123.14,2032.14,2032.14
USMEM,USLAX,KRINC,"Memphis, TN, USMEM",LALB,"Incheon, 28, KRINC",KRINC,YMJA,YML,51625,DRY,9,4/23/2026,5/15/2026,5/11/2026 4:10,1200,1200,123.14,123.14,1323.14,1323.14
USMEM,USLAX,KRINC,"Memphis, TN, USMEM",LALB,"Incheon, 28, KRINC",KRINC,YMJA,YML,51625,DRY,9,5/16/2026,6/30/2026,5/11/2026 4:10,1334,1334,123.14,123.14,1457.14,1457.14
USMEM,USLAX,KRINC,"Memphis, TN, USMEM",LALB,"Incheon, 28, KRINC",KRINC,ONEY,ONE,CHIM354B25,DRY,15,5/16/2026,6/30/2026,5/11/2026 4:10,1485,1485,171.43,171.41,1656.43,1656.41
USMEM,USLAX,KRINC,"Memphis, TN, USMEM",LALB,"Incheon, 28, KRINC",KRINC,ONEY,ONE,CHIM354B25,DRY,15,5/6/2026,5/15/2026,5/11/2026 4:10,1485,1485,171.43,171.41,1656.43,1656.41
USMEM,USLAX,KRINC,"Memphis, TN, USMEM",LALB,"Incheon, 28, KRINC",KRKAN,YMJA,YML,51625,DRY,9,4/23/2026,5/15/2026,5/10/2026 3:45,1535,1535,0,0,1535,1535
USMEM,USLAX,KRINC,"Memphis, TN, USMEM",LALB,"Incheon, 28, KRINC",KRKAN,YMJA,YML,51625,DRY,9,5/16/2026,6/30/2026,5/10/2026 3:45,1669,1669,0,0,1669,1669
USMEM,USLAX,KRINC,"Memphis, TN, USMEM",LALB,"Incheon, 28, KRINC",KRPUS,YMJA,YML,51625,DRY,9,4/23/2026,5/15/2026,5/11/2026 4:10,2280,2280,123.14,123.14,2403.14,2403.14
USMEM,USLAX,KRINC,"Memphis, TN, USMEM",LALB,"Incheon, 28, KRINC",KRKAN,YMJA,YML,51625,DRY,9,4/23/2026,5/15/2026,5/11/2026 4:10,2280,2280,123.14,123.14,2403.14,2403.14
USMEM,USLAX,KRINC,"Memphis, TN, USMEM",LALB,"Incheon, 28, KRINC",KRPUS,YMJA,YML,51625,DRY,9,5/16/2026,6/30/2026,5/11/2026 4:10,2414,2414,123.14,123.14,2537.14,2537.14
USMEM,USLAX,KRINC,"Memphis, TN, USMEM",LALB,"Incheon, 28, KRINC",KRKAN,YMJA,YML,51625,DRY,9,5/16/2026,6/30/2026,5/11/2026 4:10,2414,2414,123.14,123.14,2537.14,2537.14
USMEM,USLGB,KRKAN,"Memphis, TN, USMEM",LALB,"Gwangyang, 46, KRKAN",KRKAN,OOLU,OOCL,MT256104,DRY,16,4/1/2026,6/30/2026,5/10/2026 3:45,785,785,0,0,785,785
USMEM,USLAX,KRKAN,"Memphis, TN, USMEM",LALB,"Gwangyang, 46, KRKAN",KRKAN,OOLU,OOCL,MT256104,DRY,16,4/1/2026,6/30/2026,5/10/2026 3:45,785,785,0,0,785,785
USMEM,USSAV,KRKAN,"Memphis, TN, USMEM","Savannah, GA, USSAV","Gwangyang, 46, KRKAN",KRKAN,MAEU,Maersk,300094432,DRY,0,4/1/2026,9/30/2026,5/11/2026 4:10,891,891,177.86,177.86,1068.86,1068.86
USMEM,USCHS,KRKAN,"Memphis, TN, USMEM","Charleston, SC, USCHS","Gwangyang, 46, KRKAN",KRKAN,YMJA,YML,51625,DRY,9,4/23/2026,5/15/2026,5/10/2026 3:45,932,932,0,0,932,932
USMEM,USSAV,KRKAN,"Memphis, TN, USMEM","Savannah, GA, USSAV","Gwangyang, 46, KRKAN",KRKAN,YMJA,YML,51625,DRY,9,4/23/2026,5/15/2026,5/10/2026 3:45,933,933,0,0,933,933
USMEM,USLAX,KRKAN,"Memphis, TN, USMEM",LALB,"Gwangyang, 46, KRKAN",KRKAN,MAEU,Maersk,300094432,DRY,0,4/1/2026,9/30/2026,5/11/2026 4:10,988,988,177.86,177.86,1165.86,1165.86
USMEM,USCHS,KRKAN,"Memphis, TN, USMEM","Charleston, SC, USCHS","Gwangyang, 46, KRKAN",KRKAN,YMJA,YML,51625,DRY,9,5/16/2026,6/30/2026,5/10/2026 3:45,1066,1066,0,0,1066,1066
USMEM,USSAV,KRKAN,"Memphis, TN, USMEM","Savannah, GA, USSAV","Gwangyang, 46, KRKAN",KRKAN,YMJA,YML,51625,DRY,9,5/16/2026,6/30/2026,5/10/2026 3:45,1067,1067,0,0,1067,1067
USMEM,USLAX,KRKAN,"Memphis, TN, USMEM",LALB,"Gwangyang, 46, KRKAN",KRKAN,ONEY,ONE,CHIM354B25,DRY,15,5/6/2026,5/15/2026,5/11/2026 4:10,1185,1185,167.56,167.54,1352.56,1352.54
USMEM,USLAX,KRKAN,"Memphis, TN, USMEM",LALB,"Gwangyang, 46, KRKAN",KRKAN,ONEY,ONE,CHIM354B25,DRY,15,5/16/2026,6/30/2026,5/11/2026 4:10,1185,1185,167.56,167.54,1352.56,1352.54
USMEM,USLAX,KRKAN,"Memphis, TN, USMEM",LALB,"Gwangyang, 46, KRKAN",KRPUS,YMJA,YML,51625,DRY,9,4/23/2026,5/15/2026,5/11/2026 4:10,1225,1225,123.14,123.14,1348.14,1348.14
USMEM,USLAX,KRKAN,"Memphis, TN, USMEM",LALB,"Gwangyang, 46, KRKAN",KRKAN,YMJA,YML,51625,DRY,9,4/23/2026,5/15/2026,5/10/2026 3:45,1250,1250,0,0,1250,1250
USMEM,USLAX,KRKAN,"Memphis, TN, USMEM",LALB,"Gwangyang, 46, KRKAN",KRPUS,YMJA,YML,51625,DRY,9,5/16/2026,6/30/2026,5/11/2026 4:10,1359,1359,123.14,123.14,1482.14,1482.14
USMEM,USLAX,KRKAN,"Memphis, TN, USMEM",LALB,"Gwangyang, 46, KRKAN",KRKAN,YMJA,YML,51625,DRY,9,5/16/2026,6/30/2026,5/10/2026 3:45,1384,1384,0,0,1384,1384
USMEM,USCHS,KRKAN,"Memphis, TN, USMEM","Charleston, SC, USCHS","Gwangyang, 46, KRKAN",KRKAN,ONEY,ONE,CHIM354B25,DRY,15,5/6/2026,5/15/2026,5/11/2026 4:10,1400,1400,167.56,167.54,1567.56,1567.54
USMEM,USSAV,KRKAN,"Memphis, TN, USMEM","Savannah, GA, USSAV","Gwangyang, 46, KRKAN",KRKAN,ONEY,ONE,CHIM354B25,DRY,15,5/16/2026,6/30/2026,5/11/2026 4:10,1400,1400,167.56,167.54,1567.56,1567.54
USMEM,USCHS,KRKAN,"Memphis, TN, USMEM","Charleston, SC, USCHS","Gwangyang, 46, KRKAN",KRKAN,ONEY,ONE,CHIM354B25,DRY,15,5/16/2026,6/30/2026,5/11/2026 4:10,1400,1400,167.56,167.54,1567.56,1567.54
USMEM,USSAV,KRKAN,"Memphis, TN, USMEM","Savannah, GA, USSAV","Gwangyang, 46, KRKAN",KRKAN,ONEY,ONE,CHIM354B25,DRY,15,5/6/2026,5/15/2026,5/11/2026 4:10,1400,1400,167.56,167.54,1567.56,1567.54
USMEM,USSAV,KRKAN,"Memphis, TN, USMEM","Savannah, GA, USSAV","Gwangyang, 46, KRKAN",KRKAN,CMDU,CMA,25-0720,DRY,12,4/18/2026,6/30/2026,5/11/2026 4:10,1510,1510,133.04,133.04,1643.04,1643.04
USMEM,USHOU,KRKAN,"Memphis, TN, USMEM","Houston, TX, USHOU","Gwangyang, 46, KRKAN",KRKAN,CMDU,CMA,25-0720,DRY,12,4/18/2026,6/30/2026,5/11/2026 4:10,2690,2690,133.04,133.04,2823.04,2823.04
USMEM,USLAX,KRPOC,"Memphis, TN, USMEM",LALB,"Pocheon, 41, KRPOC",KRPUS,YMJA,YML,51625,DRY,9,4/23/2026,5/15/2026,5/11/2026 4:10,1785,1785,123.14,123.14,1908.14,1908.14
USMEM,USLAX,KRPOC,"Memphis, TN, USMEM",LALB,"Pocheon, 41, KRPOC",KRPUS,YMJA,YML,51625,DRY,9,5/16/2026,6/30/2026,5/11/2026 4:10,1919,1919,123.14,123.14,2042.14,2042.14
USMEM,USCHS,KRPUS,"Memphis, TN, USMEM","Charleston, SC, USCHS","Busan, 26, KRPUS",KRPUS,YMJA,YML,51625,DRY,9,4/23/2026,5/15/2026,5/11/2026 4:10,657,657,123.14,123.14,780.14,780.14
USMEM,USSAV,KRPUS,"Memphis, TN, USMEM","Savannah, GA, USSAV","Busan, 26, KRPUS",KRPUS,YMJA,YML,51625,DRY,9,4/23/2026,5/15/2026,5/11/2026 4:10,658,658,123.14,123.14,781.14,781.14
USMEM,USLAX,KRPUS,"Memphis, TN, USMEM",LALB,"Busan, 26, KRPUS",KRPUS,OOLU,OOCL,MT256104,DRY,16,4/1/2026,6/30/2026,5/11/2026 4:10,710,710,129.98,129.98,839.98,839.98
USMEM,USLGB,KRPUS,"Memphis, TN, USMEM",LALB,"Busan, 26, KRPUS",KRPUS,OOLU,OOCL,MT256104,DRY,16,4/1/2026,6/30/2026,5/11/2026 4:10,710,710,129.98,129.98,839.98,839.98
USMEM,USCHS,KRPUS,"Memphis, TN, USMEM","Charleston, SC, USCHS","Busan, 26, KRPUS",KRPUS,YMJA,YML,51625,DRY,9,5/16/2026,6/30/2026,5/11/2026 4:10,791,791,123.14,123.14,914.14,914.14
USMEM,USSAV,KRPUS,"Memphis, TN, USMEM","Savannah, GA, USSAV","Busan, 26, KRPUS",KRPUS,YMJA,YML,51625,DRY,9,5/16/2026,6/30/2026,5/11/2026 4:10,792,792,123.14,123.14,915.14,915.14
USMEM,USSAV,KRPUS,"Memphis, TN, USMEM","Savannah, GA, USSAV","Busan, 26, KRPUS",KRPUS,MAEU,Maersk,300094432,DRY,0,4/1/2026,9/30/2026,5/11/2026 4:10,929,929,177.86,177.86,1106.86,1106.86
USMEM,USLAX,KRPUS,"Memphis, TN, USMEM",LALB,"Busan, 26, KRPUS",KRPUS,YMJA,YML,51625,DRY,9,4/23/2026,5/15/2026,5/11/2026 4:10,950,950,123.14,123.14,1073.14,1073.14
USMEM,USLAX,KRPUS,"Memphis, TN, USMEM",LALB,"Busan, 26, KRPUS",KRPUS,MAEU,Maersk,300094432,DRY,0,4/1/2026,9/30/2026,5/11/2026 4:10,1026,1026,177.86,177.86,1203.86,1203.86
USMEM,USLAX,KRPUS,"Memphis, TN, USMEM",LALB,"Busan, 26, KRPUS",KRPUS,YMJA,YML,51625,DRY,9,5/16/2026,6/30/2026,5/11/2026 4:10,1084,1084,123.14,123.14,1207.14,1207.14
USMEM,USSAV,KRPUS,"Memphis, TN, USMEM","Savannah, GA, USSAV","Busan, 26, KRPUS",KRPUS,OOLU,OOCL,MT256104,DRY,16,4/1/2026,6/30/2026,5/11/2026 4:10,1093,1093,129.98,129.98,1222.98,1222.98
USMEM,USSAV,KRPUS,"Memphis, TN, USMEM","Savannah, GA, USSAV","Busan, 26, KRPUS",KRPUS,CMDU,CMA,25-0720,DRY,12,4/18/2026,6/30/2026,5/11/2026 4:10,1110,1110,143.99,143.99,1253.99,1253.99
USMEM,USCHS,KRPUS,"Memphis, TN, USMEM","Charleston, SC, USCHS","Busan, 26, KRPUS",KRPUS,ONEY,ONE,CHIM354B25,DRY,15,5/16/2026,6/30/2026,5/11/2026 4:10,1150,1150,171.74,171.73,1321.74,1321.73
USMEM,USSAV,KRPUS,"Memphis, TN, USMEM","Savannah, GA, USSAV","Busan, 26, KRPUS",KRPUS,ONEY,ONE,CHIM354B25,DRY,15,5/16/2026,6/30/2026,5/11/2026 4:10,1150,1150,171.74,171.73,1321.74,1321.73
USMEM,USSAV,KRPUS,"Memphis, TN, USMEM","Savannah, GA, USSAV","Busan, 26, KRPUS",KRPUS,ONEY,ONE,CHIM354B25,DRY,15,5/6/2026,5/15/2026,5/11/2026 4:10,1150,1150,171.74,171.73,1321.74,1321.73
USMEM,USCHS,KRPUS,"Memphis, TN, USMEM","Charleston, SC, USCHS","Busan, 26, KRPUS",KRPUS,ONEY,ONE,CHIM354B25,DRY,15,5/6/2026,5/15/2026,5/11/2026 4:10,1150,1150,171.74,171.73,1321.74,1321.73
USMEM,USLAX,KRPUS,"Memphis, TN, USMEM",LALB,"Busan, 26, KRPUS",KRPUS,ONEY,ONE,CHIM354B25,DRY,15,5/16/2026,6/30/2026,5/11/2026 4:10,1425,1425,171.74,171.73,1596.74,1596.73
USMEM,USLAX,KRPUS,"Memphis, TN, USMEM",LALB,"Busan, 26, KRPUS",KRPUS,ONEY,ONE,CHIM354B25,DRY,15,5/6/2026,5/15/2026,5/11/2026 4:10,1425,1425,171.74,171.73,1596.74,1596.73
USMEM,USLAX,KRPUS,"Memphis, TN, USMEM",LALB,"Busan, 26, KRPUS",SGSIN,YMJA,YML,51625,DRY,9,4/23/2026,5/15/2026,5/11/2026 4:10,1470,1470,274.53,274.53,1744.53,1744.53
USMEM,USLAX,KRPUS,"Memphis, TN, USMEM",LALB,"Busan, 26, KRPUS",SGSIN,YMJA,YML,51625,DRY,9,5/16/2026,6/30/2026,5/11/2026 4:10,1604,1604,274.53,274.53,1878.53,1878.53
USMEM,USLAX,KRSEJ,"Memphis, TN, USMEM",LALB,"Seongju-gun, 47, KRSEJ",KRPUS,YMJA,YML,51625,DRY,9,4/23/2026,5/15/2026,5/11/2026 4:10,1450,1450,123.14,123.14,1573.14,1573.14
USMEM,USLAX,KRSEJ,"Memphis, TN, USMEM",LALB,"Seongju-gun, 47, KRSEJ",KRPUS,YMJA,YML,51625,DRY,9,5/16/2026,6/30/2026,5/11/2026 4:10,1584,1584,123.14,123.14,1707.14,1707.14
USMEM,USLAX,KRYSN,"Memphis, TN, USMEM",LALB,"Yangsan, 48, KRYSN",KRPUS,YMJA,YML,51625,DRY,9,4/23/2026,5/15/2026,5/11/2026 4:10,1275,1275,123.14,123.14,1398.14,1398.14
USMEM,USLAX,KRYSN,"Memphis, TN, USMEM",LALB,"Yangsan, 48, KRYSN",KRPUS,YMJA,YML,51625,DRY,9,5/16/2026,6/30/2026,5/11/2026 4:10,1409,1409,123.14,123.14,1532.14,1532.14
USMEM,USLAX,KRYYU,"Memphis, TN, USMEM",LALB,"Yangju, 41, KRYYU",KRPUS,YMJA,YML,51625,DRY,9,4/23/2026,5/15/2026,5/11/2026 4:10,1855,1855,123.14,123.14,1978.14,1978.14
USMEM,USLAX,KRYYU,"Memphis, TN, USMEM",LALB,"Yangju, 41, KRYYU",KRPUS,YMJA,YML,51625,DRY,9,5/16/2026,6/30/2026,5/11/2026 4:10,1989,1989,123.14,123.14,2112.14,2112.14
USMEM,USCHS,LKCMB,"Memphis, TN, USMEM","Charleston, SC, USCHS","Colombo, , LKCMB",LKCMB,ONEY,ONE,CHIM354B25,DRY,15,5/6/2026,5/15/2026,5/7/2026 3:45,1710,1710,0,0,1710,1710
USMEM,USSAV,LKCMB,"Memphis, TN, USMEM","Savannah, GA, USSAV","Colombo, , LKCMB",LKCMB,ONEY,ONE,CHIM354B25,DRY,15,5/6/2026,5/15/2026,5/7/2026 3:45,1710,1710,0,0,1710,1710
USMEM,USCHS,LKCMB,"Memphis, TN, USMEM","Charleston, SC, USCHS","Colombo, , LKCMB",LKCMB,ONEY,ONE,CHIM354B25,DRY,15,5/16/2026,6/30/2026,5/7/2026 3:45,1710,1710,0,0,1710,1710
USMEM,USSAV,LKCMB,"Memphis, TN, USMEM","Savannah, GA, USSAV","Colombo, , LKCMB",LKCMB,ONEY,ONE,CHIM354B25,DRY,15,5/16/2026,6/30/2026,5/7/2026 3:45,1710,1710,0,0,1710,1710
USMEM,USLAX,LKCMB,"Memphis, TN, USMEM",LALB,"Colombo, , LKCMB",LKCMB,ONEY,ONE,CHIM354B25,DRY,15,5/6/2026,5/15/2026,5/7/2026 3:45,2910,2910,0,0,2910,2910
USMEM,USLAX,LKCMB,"Memphis, TN, USMEM",LALB,"Colombo, , LKCMB",LKCMB,ONEY,ONE,CHIM354B25,DRY,15,5/16/2026,6/30/2026,5/7/2026 3:45,2910,2910,0,0,2910,2910
USMEM,USLAX,MXLZC,"Memphis, TN, USMEM",LALB,"Lazaro Cardenas, MIC, MXLZC",MXLZC,ONEY,ONE,CHIM354B25,DRY,15,5/16/2026,6/30/2026,5/10/2026 4:10,2525,2525,250,250,2775,2775
USMEM,USLAX,MXLZC,"Memphis, TN, USMEM",LALB,"Lazaro Cardenas, MIC, MXLZC",MXLZC,ONEY,ONE,CHIM354B25,DRY,15,5/6/2026,5/15/2026,5/10/2026 4:10,2525,2525,250,250,2775,2775
USMEM,USLAX,MXZLO,"Memphis, TN, USMEM",LALB,"Manzanillo, COL, MXZLO",MXZLO,ONEY,ONE,CHIM354B25,DRY,15,5/16/2026,6/30/2026,5/10/2026 4:10,2525,2525,250,250,2775,2775
USMEM,USLAX,MXZLO,"Memphis, TN, USMEM",LALB,"Manzanillo, COL, MXZLO",MXZLO,ONEY,ONE,CHIM354B25,DRY,15,5/6/2026,5/15/2026,5/10/2026 4:10,2525,2525,250,250,2775,2775
USMEM,USLAX,MYKCH,"Memphis, TN, USMEM",LALB,"Kuching, Sarawak, , MYKCH",SGSIN,YMJA,YML,51625,DRY,9,4/23/2026,5/15/2026,5/11/2026 4:10,2115,2115,274.53,274.53,2389.53,2389.53
USMEM,USLAX,MYKCH,"Memphis, TN, USMEM",LALB,"Kuching, Sarawak, , MYKCH",SGSIN,YMJA,YML,51625,DRY,9,5/16/2026,6/30/2026,5/11/2026 4:10,2249,2249,274.53,274.53,2523.53,2523.53
USMEM,USLGB,MYPEN,"Memphis, TN, USMEM",LALB,"Penang, , MYPEN",MYPEN,OOLU,OOCL,MT256104,DRY,16,4/1/2026,6/30/2026,5/11/2026 4:10,1335,1335,204.03,216.78,1539.03,1551.78
USMEM,USLAX,MYPEN,"Memphis, TN, USMEM",LALB,"Penang, , MYPEN",MYPEN,OOLU,OOCL,MT256104,DRY,16,4/1/2026,6/30/2026,5/11/2026 4:10,1335,1335,204.03,216.78,1539.03,1551.78
USMEM,USLAX,MYPEN,"Memphis, TN, USMEM",LALB,"Penang, , MYPEN",MYPEN,MAEU,Maersk,300094432,DRY,0,4/1/2026,9/30/2026,5/11/2026 4:10,1381,1381,252.48,252.48,1633.48,1633.48
USMEM,USSAV,MYPEN,"Memphis, TN, USMEM","Savannah, GA, USSAV","Penang, , MYPEN",MYPEN,CMDU,CMA,25-0720,DRY,12,4/18/2026,6/30/2026,5/11/2026 4:10,1410,1410,184.9,184.9,1594.9,1594.9
USMEM,USSAV,MYPEN,"Memphis, TN, USMEM","Savannah, GA, USSAV","Penang, , MYPEN",MYPEN,MAEU,Maersk,300094432,DRY,0,4/1/2026,9/30/2026,5/11/2026 4:10,1484,1484,252.48,252.48,1736.48,1736.48
USMEM,USSAV,MYPEN,"Memphis, TN, USMEM","Savannah, GA, USSAV","Penang, , MYPEN",MYPEN,ONEY,ONE,CHIM354B25,DRY,15,5/16/2026,6/30/2026,5/11/2026 4:10,1635,1635,217.29,217.29,1852.29,1852.29
USMEM,USCHS,MYPEN,"Memphis, TN, USMEM","Charleston, SC, USCHS","Penang, , MYPEN",MYPEN,ONEY,ONE,CHIM354B25,DRY,15,5/16/2026,6/30/2026,5/11/2026 4:10,1635,1635,217.29,217.29,1852.29,1852.29
USMEM,USCHS,MYPEN,"Memphis, TN, USMEM","Charleston, SC, USCHS","Penang, , MYPEN",MYPEN,ONEY,ONE,CHIM354B25,DRY,15,5/6/2026,5/15/2026,5/11/2026 4:10,1635,1635,217.29,217.29,1852.29,1852.29
USMEM,USSAV,MYPEN,"Memphis, TN, USMEM","Savannah, GA, USSAV","Penang, , MYPEN",MYPEN,ONEY,ONE,CHIM354B25,DRY,15,5/6/2026,5/15/2026,5/11/2026 4:10,1635,1635,217.29,217.29,1852.29,1852.29
USMEM,USSAV,MYPEN,"Memphis, TN, USMEM","Savannah, GA, USSAV","Penang, , MYPEN",MYPEN,OOLU,OOCL,MT256104,DRY,16,4/1/2026,6/30/2026,5/11/2026 4:10,1738,1738,204.03,216.78,1942.03,1954.78
USMEM,USLAX,MYPEN,"Memphis, TN, USMEM",LALB,"Penang, , MYPEN",CNSHA,YMJA,YML,51625,DRY,9,4/23/2026,5/15/2026,5/11/2026 4:10,1795,1795,235.27,235.27,2030.27,2030.27
USMEM,USLAX,MYPEN,"Memphis, TN, USMEM",LALB,"Penang, , MYPEN",MYPEN,ONEY,ONE,CHIM354B25,DRY,15,5/6/2026,5/15/2026,5/11/2026 4:10,1835,1835,217.29,217.29,2052.29,2052.29
USMEM,USLAX,MYPEN,"Memphis, TN, USMEM",LALB,"Penang, , MYPEN",MYPEN,ONEY,ONE,CHIM354B25,DRY,15,5/16/2026,6/30/2026,5/11/2026 4:10,1835,1835,217.29,217.29,2052.29,2052.29
USMEM,USLAX,MYPEN,"Memphis, TN, USMEM",LALB,"Penang, , MYPEN",SGSIN,YMJA,YML,51625,DRY,9,4/23/2026,5/15/2026,5/11/2026 4:10,1895,1895,274.53,274.53,2169.53,2169.53
USMEM,USLAX,MYPEN,"Memphis, TN, USMEM",LALB,"Penang, , MYPEN",CNSHA,YMJA,YML,51625,DRY,9,5/16/2026,6/30/2026,5/11/2026 4:10,1929,1929,235.27,235.27,2164.27,2164.27
USMEM,USSAV,MYPEN,"Memphis, TN, USMEM","Savannah, GA, USSAV","Penang, , MYPEN",MYPEN,MSCU,MSC,25-348WCSA,DRY,7,5/1/2026,5/31/2026,5/11/2026 4:10,1975,1975,195.1,195.1,2170.1,2170.1
USMEM,USSAV,MYPEN,"Memphis, TN, USMEM","Savannah, GA, USSAV","Penang, , MYPEN",MYPEN,MSCU,MSC,25-348WCSA,DRY,7,6/1/2026,6/30/2026,5/11/2026 4:10,2015,2015,195.1,195.1,2210.1,2210.1
USMEM,USLAX,MYPEN,"Memphis, TN, USMEM",LALB,"Penang, , MYPEN",SGSIN,YMJA,YML,51625,DRY,9,5/16/2026,6/30/2026,5/11/2026 4:10,2029,2029,274.53,274.53,2303.53,2303.53
USMEM,USCHS,MYPEN,"Memphis, TN, USMEM","Charleston, SC, USCHS","Penang, , MYPEN",MYPEN,MSCU,MSC,25-348WCSA,DRY,7,5/1/2026,5/31/2026,5/11/2026 4:10,2033.39,2033.39,195.1,195.1,2228.49,2228.49
USMEM,USCHS,MYPEN,"Memphis, TN, USMEM","Charleston, SC, USCHS","Penang, , MYPEN",MYPEN,MSCU,MSC,25-348WCSA,DRY,7,6/1/2026,6/30/2026,5/11/2026 4:10,2073.39,2073.39,195.1,195.1,2268.49,2268.49
USMEM,USLGB,MYPGU,"Memphis, TN, USMEM",LALB,"Pasir Gudang, Johor, , MYPGU",MYPGU,OOLU,OOCL,MT256104,DRY,16,4/1/2026,6/30/2026,5/11/2026 4:10,1365,1365,173.42,173.42,1538.42,1538.42
USMEM,USLAX,MYPGU,"Memphis, TN, USMEM",LALB,"Pasir Gudang, Johor, , MYPGU",MYPGU,OOLU,OOCL,MT256104,DRY,16,4/1/2026,6/30/2026,5/11/2026 4:10,1365,1365,173.42,173.42,1538.42,1538.42
USMEM,USLAX,MYPGU,"Memphis, TN, USMEM",LALB,"Pasir Gudang, Johor, , MYPGU","Tanjung Pelepas, MY",MAEU,Maersk,300094432,DRY,0,4/1/2026,9/30/2026,5/11/2026 4:10,1381,1381,248.66,248.66,1629.66,1629.66
USMEM,USSAV,MYPGU,"Memphis, TN, USMEM","Savannah, GA, USSAV","Pasir Gudang, Johor, , MYPGU",MYPGU,CMDU,CMA,25-0720,DRY,12,4/18/2026,6/30/2026,5/11/2026 4:10,1410,1410,182.86,182.86,1592.86,1592.86
USMEM,USSAV,MYPGU,"Memphis, TN, USMEM","Savannah, GA, USSAV","Pasir Gudang, Johor, , MYPGU","Tanjung Pelepas, MY",MAEU,Maersk,300094432,DRY,0,4/1/2026,9/30/2026,5/11/2026 4:10,1484,1484,248.66,248.66,1732.66,1732.66
USMEM,USSAV,MYPGU,"Memphis, TN, USMEM","Savannah, GA, USSAV","Pasir Gudang, Johor, , MYPGU",MYPGU,ONEY,ONE,CHIM354B25,DRY,15,5/6/2026,5/15/2026,5/11/2026 4:10,1635,1635,193.06,193.06,1828.06,1828.06
USMEM,USCHS,MYPGU,"Memphis, TN, USMEM","Charleston, SC, USCHS","Pasir Gudang, Johor, , MYPGU",MYPGU,ONEY,ONE,CHIM354B25,DRY,15,5/16/2026,6/30/2026,5/11/2026 4:10,1635,1635,193.06,193.06,1828.06,1828.06
USMEM,USSAV,MYPGU,"Memphis, TN, USMEM","Savannah, GA, USSAV","Pasir Gudang, Johor, , MYPGU",MYPGU,ONEY,ONE,CHIM354B25,DRY,15,5/16/2026,6/30/2026,5/11/2026 4:10,1635,1635,193.06,193.06,1828.06,1828.06
USMEM,USCHS,MYPGU,"Memphis, TN, USMEM","Charleston, SC, USCHS","Pasir Gudang, Johor, , MYPGU",MYPGU,ONEY,ONE,CHIM354B25,DRY,15,5/6/2026,5/15/2026,5/11/2026 4:10,1635,1635,193.06,193.06,1828.06,1828.06
USMEM,USLAX,MYPGU,"Memphis, TN, USMEM",LALB,"Pasir Gudang, Johor, , MYPGU",CNSHA,YMJA,YML,51625,DRY,9,4/23/2026,5/15/2026,5/11/2026 4:10,1650,1650,235.27,235.27,1885.27,1885.27
USMEM,USSAV,MYPGU,"Memphis, TN, USMEM","Savannah, GA, USSAV","Pasir Gudang, Johor, , MYPGU",MYPGU,OOLU,OOCL,MT256104,DRY,16,4/1/2026,6/30/2026,5/11/2026 4:10,1738,1738,173.42,173.42,1911.42,1911.42
USMEM,USLAX,MYPGU,"Memphis, TN, USMEM",LALB,"Pasir Gudang, Johor, , MYPGU",SGSIN,YMJA,YML,51625,DRY,9,4/23/2026,5/15/2026,5/11/2026 4:10,1750,1750,274.53,274.53,2024.53,2024.53
USMEM,USLAX,MYPGU,"Memphis, TN, USMEM",LALB,"Pasir Gudang, Johor, , MYPGU",CNSHA,YMJA,YML,51625,DRY,9,5/16/2026,6/30/2026,5/11/2026 4:10,1784,1784,235.27,235.27,2019.27,2019.27
USMEM,USLAX,MYPGU,"Memphis, TN, USMEM",LALB,"Pasir Gudang, Johor, , MYPGU",MYPGU,ONEY,ONE,CHIM354B25,DRY,15,5/6/2026,5/15/2026,5/11/2026 4:10,1835,1835,193.06,193.06,2028.06,2028.06
USMEM,USLAX,MYPGU,"Memphis, TN, USMEM",LALB,"Pasir Gudang, Johor, , MYPGU",MYPGU,ONEY,ONE,CHIM354B25,DRY,15,5/16/2026,6/30/2026,5/11/2026 4:10,1835,1835,193.06,193.06,2028.06,2028.06
USMEM,USLAX,MYPGU,"Memphis, TN, USMEM",LALB,"Pasir Gudang, Johor, , MYPGU",SGSIN,YMJA,YML,51625,DRY,9,5/16/2026,6/30/2026,5/11/2026 4:10,1884,1884,274.53,274.53,2158.53,2158.53
USMEM,USSAV,MYPGU,"Memphis, TN, USMEM","Savannah, GA, USSAV","Pasir Gudang, Johor, , MYPGU",MYPGU,MSCU,MSC,25-348WCSA,DRY,7,5/1/2026,5/31/2026,5/11/2026 4:10,1975,1975,180.06,180.06,2155.06,2155.06
USMEM,USSAV,MYPGU,"Memphis, TN, USMEM","Savannah, GA, USSAV","Pasir Gudang, Johor, , MYPGU",MYPGU,MSCU,MSC,25-348WCSA,DRY,7,6/1/2026,6/30/2026,5/11/2026 4:10,2015,2015,180.06,180.06,2195.06,2195.06
USMEM,USCHS,MYPGU,"Memphis, TN, USMEM","Charleston, SC, USCHS","Pasir Gudang, Johor, , MYPGU",MYPGU,MSCU,MSC,25-348WCSA,DRY,7,5/1/2026,5/31/2026,5/11/2026 4:10,2033.39,2033.39,180.06,180.06,2213.45,2213.45
USMEM,USCHS,MYPGU,"Memphis, TN, USMEM","Charleston, SC, USCHS","Pasir Gudang, Johor, , MYPGU",MYPGU,MSCU,MSC,25-348WCSA,DRY,7,6/1/2026,6/30/2026,5/11/2026 4:10,2073.39,2073.39,180.06,180.06,2253.45,2253.45
USMEM,USHOU,MYPGU,"Memphis, TN, USMEM","Houston, TX, USHOU","Pasir Gudang, Johor, , MYPGU",MYPGU,CMDU,CMA,25-0720,DRY,12,4/18/2026,6/30/2026,5/11/2026 4:10,2190,2190,182.86,182.86,2372.86,2372.86
USMEM,USLGB,MYPKG,"Memphis, TN, USMEM",LALB,"Port Klang, 10, MYPKG",MYPKG,OOLU,OOCL,MT256104,DRY,16,4/1/2026,6/30/2026,5/11/2026 4:10,825,825,299.16,299.16,1124.16,1124.16
USMEM,USLAX,MYPKG,"Memphis, TN, USMEM",LALB,"Port Klang, 10, MYPKG",MYPKG,OOLU,OOCL,MT256104,DRY,16,4/1/2026,6/30/2026,5/11/2026 4:10,825,825,299.16,299.16,1124.16,1124.16
USMEM,USSAV,MYPKG,"Memphis, TN, USMEM","Savannah, GA, USSAV","Port Klang, 10, MYPKG",MYPKG,OOLU,OOCL,MT256104,DRY,16,4/1/2026,6/30/2026,5/11/2026 4:10,1143,1143,299.16,299.16,1442.16,1442.16
USMEM,USSAV,MYPKG,"Memphis, TN, USMEM","Savannah, GA, USSAV","Port Klang, 10, MYPKG",MYPKG,CMDU,CMA,25-0720,DRY,12,4/18/2026,6/30/2026,5/11/2026 4:10,1210,1210,182.35,182.35,1392.35,1392.35
USMEM,USLAX,MYPKG,"Memphis, TN, USMEM",LALB,"Port Klang, 10, MYPKG",MYPKG,MAEU,Maersk,300094432,DRY,0,4/1/2026,9/30/2026,5/11/2026 4:10,1261,1261,226.98,226.98,1487.98,1487.98
USMEM,USSAV,MYPKG,"Memphis, TN, USMEM","Savannah, GA, USSAV","Port Klang, 10, MYPKG",MYPKG,MAEU,Maersk,300094432,DRY,0,4/1/2026,9/30/2026,5/11/2026 4:10,1364,1364,226.98,226.98,1590.98,1590.98
USMEM,USLAX,MYPKG,"Memphis, TN, USMEM",LALB,"Port Klang, 10, MYPKG",CNSHA,YMJA,YML,51625,DRY,9,4/23/2026,5/15/2026,5/11/2026 4:10,1460,1460,235.27,235.27,1695.27,1695.27
USMEM,USLAX,MYPKG,"Memphis, TN, USMEM",LALB,"Port Klang, 10, MYPKG",CNNBG,YMJA,YML,51625,DRY,9,4/23/2026,5/15/2026,5/11/2026 4:10,1460,1460,235.27,235.27,1695.27,1695.27
USMEM,USLAX,MYPKG,"Memphis, TN, USMEM",LALB,"Port Klang, 10, MYPKG",MYPKG,YMJA,YML,51625,DRY,9,4/23/2026,5/15/2026,5/11/2026 4:10,1500,1500,182.35,182.35,1682.35,1682.35
USMEM,USLAX,MYPKG,"Memphis, TN, USMEM",LALB,"Port Klang, 10, MYPKG",SGSIN,YMJA,YML,51625,DRY,9,4/23/2026,5/15/2026,5/11/2026 4:10,1560,1560,274.53,274.53,1834.53,1834.53
USMEM,USLAX,MYPKG,"Memphis, TN, USMEM",LALB,"Port Klang, 10, MYPKG",CNNBG,YMJA,YML,51625,DRY,9,5/16/2026,6/30/2026,5/11/2026 4:10,1594,1594,235.27,235.27,1829.27,1829.27
USMEM,USLAX,MYPKG,"Memphis, TN, USMEM",LALB,"Port Klang, 10, MYPKG",CNSHA,YMJA,YML,51625,DRY,9,5/16/2026,6/30/2026,5/11/2026 4:10,1594,1594,235.27,235.27,1829.27,1829.27
USMEM,USLAX,MYPKG,"Memphis, TN, USMEM",LALB,"Port Klang, 10, MYPKG",MYPKG,YMJA,YML,51625,DRY,9,5/16/2026,6/30/2026,5/11/2026 4:10,1634,1634,182.35,182.35,1816.35,1816.35
USMEM,USSAV,MYPKG,"Memphis, TN, USMEM","Savannah, GA, USSAV","Port Klang, 10, MYPKG",MYPKG,ONEY,ONE,CHIM354B25,DRY,15,5/6/2026,5/15/2026,5/11/2026 4:10,1635,1635,191.79,191.79,1826.79,1826.79
USMEM,USCHS,MYPKG,"Memphis, TN, USMEM","Charleston, SC, USCHS","Port Klang, 10, MYPKG",MYPKG,ONEY,ONE,CHIM354B25,DRY,15,5/6/2026,5/15/2026,5/11/2026 4:10,1635,1635,191.79,191.79,1826.79,1826.79
USMEM,USSAV,MYPKG,"Memphis, TN, USMEM","Savannah, GA, USSAV","Port Klang, 10, MYPKG",MYPKG,ONEY,ONE,CHIM354B25,DRY,15,5/16/2026,6/30/2026,5/11/2026 4:10,1635,1635,191.79,191.79,1826.79,1826.79
USMEM,USCHS,MYPKG,"Memphis, TN, USMEM","Charleston, SC, USCHS","Port Klang, 10, MYPKG",MYPKG,ONEY,ONE,CHIM354B25,DRY,15,5/16/2026,6/30/2026,5/11/2026 4:10,1635,1635,191.79,191.79,1826.79,1826.79
USMEM,USLAX,MYPKG,"Memphis, TN, USMEM",LALB,"Port Klang, 10, MYPKG",CNSHA,YMJA,YML,51625,DRY,9,4/23/2026,5/15/2026,5/11/2026 4:10,1650,1650,235.27,235.27,1885.27,1885.27
USMEM,USLAX,MYPKG,"Memphis, TN, USMEM",LALB,"Port Klang, 10, MYPKG",SGSIN,YMJA,YML,51625,DRY,9,5/16/2026,6/30/2026,5/11/2026 4:10,1694,1694,274.53,274.53,1968.53,1968.53
USMEM,USLAX,MYPKG,"Memphis, TN, USMEM",LALB,"Port Klang, 10, MYPKG",SGSIN,YMJA,YML,51625,DRY,9,4/23/2026,5/15/2026,5/11/2026 4:10,1750,1750,274.53,274.53,2024.53,2024.53
USMEM,USLAX,MYPKG,"Memphis, TN, USMEM",LALB,"Port Klang, 10, MYPKG",CNSHA,YMJA,YML,51625,DRY,9,5/16/2026,6/30/2026,5/11/2026 4:10,1784,1784,235.27,235.27,2019.27,2019.27
USMEM,USLAX,MYPKG,"Memphis, TN, USMEM",LALB,"Port Klang, 10, MYPKG",MYPKG,ONEY,ONE,CHIM354B25,DRY,15,5/16/2026,6/30/2026,5/11/2026 4:10,1835,1835,191.79,191.79,2026.79,2026.79
USMEM,USLAX,MYPKG,"Memphis, TN, USMEM",LALB,"Port Klang, 10, MYPKG",MYPKG,ONEY,ONE,CHIM354B25,DRY,15,5/6/2026,5/15/2026,5/11/2026 4:10,1835,1835,191.79,191.79,2026.79,2026.79
USMEM,USLAX,MYPKG,"Memphis, TN, USMEM",LALB,"Port Klang, 10, MYPKG",SGSIN,YMJA,YML,51625,DRY,9,5/16/2026,6/30/2026,5/11/2026 4:10,1884,1884,274.53,274.53,2158.53,2158.53
USMEM,USSAV,MYPKG,"Memphis, TN, USMEM","Savannah, GA, USSAV","Port Klang, 10, MYPKG",MYPKG,MSCU,MSC,25-348WCSA,DRY,7,5/1/2026,5/31/2026,5/11/2026 4:10,1975,1975,184.9,184.9,2159.9,2159.9
USMEM,USSAV,MYPKG,"Memphis, TN, USMEM","Savannah, GA, USSAV","Port Klang, 10, MYPKG",MYPKG,MSCU,MSC,25-348WCSA,DRY,7,6/1/2026,6/30/2026,5/11/2026 4:10,2015,2015,184.9,184.9,2199.9,2199.9
USMEM,USCHS,MYPKG,"Memphis, TN, USMEM","Charleston, SC, USCHS","Port Klang, 10, MYPKG",MYPKG,MSCU,MSC,25-348WCSA,DRY,7,5/1/2026,5/31/2026,5/11/2026 4:10,2033.39,2033.39,184.9,184.9,2218.29,2218.29
USMEM,USCHS,MYPKG,"Memphis, TN, USMEM","Charleston, SC, USCHS","Port Klang, 10, MYPKG",MYPKG,MSCU,MSC,25-348WCSA,DRY,7,6/1/2026,6/30/2026,5/11/2026 4:10,2073.39,2073.39,184.9,184.9,2258.29,2258.29
USMEM,USLAX,MYTPP,"Memphis, TN, USMEM",LALB,"Tanjung Pelepas, 1, MYTPP",MYTPP,MAEU,Maersk,300094432,DRY,0,4/1/2026,9/30/2026,5/11/2026 4:10,1091,1091,248.66,248.66,1339.66,1339.66
USMEM,USSAV,MYTPP,"Memphis, TN, USMEM","Savannah, GA, USSAV","Tanjung Pelepas, 1, MYTPP",MYTPP,MAEU,Maersk,300094432,DRY,0,4/1/2026,9/30/2026,5/11/2026 4:10,1194,1194,248.66,248.66,1442.66,1442.66
USMEM,USSAV,MYTPP,"Memphis, TN, USMEM","Savannah, GA, USSAV","Tanjung Pelepas, 1, MYTPP",MYTPP,CMDU,CMA,25-0720,DRY,12,4/18/2026,6/30/2026,5/11/2026 4:10,1510,1510,194.59,194.59,1704.59,1704.59
USMEM,USSAV,MYTPP,"Memphis, TN, USMEM","Savannah, GA, USSAV","Tanjung Pelepas, 1, MYTPP",MYTPP,MSCU,MSC,25-348WCSA,DRY,7,5/1/2026,5/31/2026,5/11/2026 4:10,1975,1975,188.73,188.73,2163.73,2163.73
USMEM,USSAV,MYTPP,"Memphis, TN, USMEM","Savannah, GA, USSAV","Tanjung Pelepas, 1, MYTPP",MYTPP,MSCU,MSC,25-348WCSA,DRY,7,6/1/2026,6/30/2026,5/11/2026 4:10,2015,2015,188.73,188.73,2203.73,2203.73
USMEM,USCHS,MYTPP,"Memphis, TN, USMEM","Charleston, SC, USCHS","Tanjung Pelepas, 1, MYTPP",MYTPP,MSCU,MSC,25-348WCSA,DRY,7,5/1/2026,5/31/2026,5/11/2026 4:10,2033.39,2033.39,188.73,188.73,2222.12,2222.12
USMEM,USCHS,MYTPP,"Memphis, TN, USMEM","Charleston, SC, USCHS","Tanjung Pelepas, 1, MYTPP",MYTPP,MSCU,MSC,25-348WCSA,DRY,7,6/1/2026,6/30/2026,5/11/2026 4:10,2073.39,2073.39,188.73,188.73,2262.12,2262.12
USMEM,USHOU,MYTPP,"Memphis, TN, USMEM","Houston, TX, USHOU","Tanjung Pelepas, 1, MYTPP",MYTPP,CMDU,CMA,25-0720,DRY,12,4/18/2026,6/30/2026,5/11/2026 4:10,2190,2190,194.59,194.59,2384.59,2384.59
USMEM,USMSY,NIMGA,"Memphis, TN, USMEM","New Orleans, LA, USMSY","Managua, , NIMGA","Puerto Cortes, HN",MAEU,Maersk,300094432,DRY,0,4/1/2026,9/30/2026,4/14/2026 4:10,2944,2944,450,450,3394,3394
USMEM,USLAX,PAMIT,"Memphis, TN, USMEM",LALB,"Manzanillo, , PAMIT",PAMIT,ONEY,ONE,CHIM354B25,DRY,15,5/6/2026,5/15/2026,5/10/2026 4:10,2525,2525,317,317,2842,2842
USMEM,USLAX,PAMIT,"Memphis, TN, USMEM",LALB,"Manzanillo, , PAMIT",PAMIT,ONEY,ONE,CHIM354B25,DRY,15,5/16/2026,6/30/2026,5/10/2026 4:10,2525,2525,317,317,2842,2842
USMEM,USLAX,PAROD,"Memphis, TN, USMEM",LALB,"Rodman, 8, PAROD",PAROD,ONEY,ONE,CHIM354B25,DRY,15,5/16/2026,6/30/2026,5/10/2026 4:10,2725,2725,322,322,3047,3047
USMEM,USLAX,PAROD,"Memphis, TN, USMEM",LALB,"Rodman, 8, PAROD",PAROD,ONEY,ONE,CHIM354B25,DRY,15,5/6/2026,5/15/2026,5/10/2026 4:10,2725,2725,322,322,3047,3047
USMEM,USSAV,PECLL,"Memphis, TN, USMEM","Savannah, GA, USSAV","Callao, , PECLL",PECLL,EGLV,EMC,SC103574,DRY,2,10/1/2025,9/30/2026,5/10/2026 4:10,1400,1400,80,80,1480,1480
USMEM,USSAV,PECLL,"Memphis, TN, USMEM","Savannah, GA, USSAV","Callao, , PECLL",PECLL,ONEY,ONE,CHIM354B25,DRY,15,5/16/2026,6/30/2026,5/10/2026 4:10,1500,1500,105,105,1605,1605
USMEM,USSAV,PECLL,"Memphis, TN, USMEM","Savannah, GA, USSAV","Callao, , PECLL",PECLL,ONEY,ONE,CHIM354B25,DRY,15,5/6/2026,5/15/2026,5/10/2026 4:10,1500,1500,105,105,1605,1605
USMEM,USLAX,PECLL,"Memphis, TN, USMEM",LALB,"Callao, , PECLL",PECLL,ONEY,ONE,CHIM354B25,DRY,15,5/16/2026,6/30/2026,5/10/2026 4:10,2060,2060,105,105,2165,2165
USMEM,USLAX,PECLL,"Memphis, TN, USMEM",LALB,"Callao, , PECLL",PECLL,ONEY,ONE,CHIM354B25,DRY,15,5/6/2026,5/15/2026,5/10/2026 4:10,2060,2060,105,105,2165,2165
USMEM,USSAV,PECLL,"Memphis, TN, USMEM","Savannah, GA, USSAV","Callao, , PECLL",PECLL,MSCU,MSC,25-348WCSA,DRY,7,5/1/2026,5/31/2026,5/10/2026 4:10,2501,2501,65,65,2566,2566
USMEM,USSAV,PECLL,"Memphis, TN, USMEM","Savannah, GA, USSAV","Callao, , PECLL",PECLL,MSCU,MSC,25-348WCSA,DRY,7,6/1/2026,6/30/2026,5/10/2026 4:10,2575,2575,65,65,2640,2640
USMEM,USMOB,PECLL,"Memphis, TN, USMEM","Mobile, AL, USMOB","Callao, , PECLL",PECLL,MAEU,Maersk,300094432,DRY,0,4/1/2026,9/30/2026,3/25/2026 4:10,2639,2639,110,110,2749,2749
USMEM,USHOU,PECLL,"Memphis, TN, USMEM","Houston, TX, USHOU","Callao, , PECLL",PECLL,CMDU,CMA,25-0720,DRY,12,4/18/2026,6/30/2026,5/5/2026 4:10,3629,3629,110,110,3739,3739
USMEM,USSAV,PECLL,"Memphis, TN, USMEM","Savannah, GA, USSAV","Callao, , PECLL",PECLL,CMDU,CMA,25-0720,DRY,12,4/18/2026,6/30/2026,5/5/2026 4:10,3950,3950,110,110,4060,4060
USMEM,USLAX,PEPAI,"Memphis, TN, USMEM",LALB,"Paita, , PEPAI",PEPAI,ONEY,ONE,CHIM354B25,DRY,15,5/16/2026,6/30/2026,5/10/2026 4:10,3110,3110,105,105,3215,3215
USMEM,USLAX,PEPAI,"Memphis, TN, USMEM",LALB,"Paita, , PEPAI",PEPAI,ONEY,ONE,CHIM354B25,DRY,15,5/6/2026,5/15/2026,5/10/2026 4:10,3110,3110,105,105,3215,3215
USMEM,USLAX,PHCEB,"Memphis, TN, USMEM",LALB,"Cebu, , PHCEB",PHCEB,OOLU,OOCL,MT256104,DRY,16,4/1/2026,6/30/2026,5/10/2026 4:10,1370,1370,236,236,1606,1606
USMEM,USLGB,PHCEB,"Memphis, TN, USMEM",LALB,"Cebu, , PHCEB",PHCEB,OOLU,OOCL,MT256104,DRY,16,4/1/2026,6/30/2026,5/10/2026 4:10,1370,1370,236,236,1606,1606
USMEM,USSAV,PHCEB,"Memphis, TN, USMEM","Savannah, GA, USSAV","Cebu, , PHCEB",PHCEB,OOLU,OOCL,MT256104,DRY,16,4/1/2026,6/30/2026,5/10/2026 4:10,1728,1728,236,236,1964,1964
USMEM,USLAX,PHCEB,"Memphis, TN, USMEM",LALB,"Cebu, , PHCEB",PHCEB,MAEU,Maersk,300094432,DRY,0,4/1/2026,9/30/2026,5/11/2026 4:10,1799,1799,325.09,325.09,2124.09,2124.09
USMEM,USSAV,PHCEB,"Memphis, TN, USMEM","Savannah, GA, USSAV","Cebu, , PHCEB",PHCEB,MAEU,Maersk,300094432,DRY,0,4/1/2026,9/30/2026,5/11/2026 4:10,1902,1902,325.09,325.09,2227.09,2227.09
USMEM,USLAX,PHCEB,"Memphis, TN, USMEM",LALB,"Cebu, , PHCEB",TWKHH,YMJA,YML,51625,DRY,9,4/23/2026,5/15/2026,5/11/2026 4:10,2280,2280,223.53,223.53,2503.53,2503.53
USMEM,USLAX,PHCEB,"Memphis, TN, USMEM",LALB,"Cebu, , PHCEB",TWKHH,YMJA,YML,51625,DRY,9,5/16/2026,6/30/2026,5/11/2026 4:10,2280,2280,223.53,223.53,2503.53,2503.53
USMEM,USSAV,PHDVO,"Memphis, TN, USMEM","Savannah, GA, USSAV","Davao, Mindanao, , PHDVO",PHDVO,EGLV,EMC,SC103574,DRY,4,5/1/2026,6/30/2026,5/10/2026 4:10,1000,1000,253,286,1253,1286
USMEM,USCHS,PHDVO,"Memphis, TN, USMEM","Charleston, SC, USCHS","Davao, Mindanao, , PHDVO",PHDVO,EGLV,EMC,SC103574,DRY,4,5/1/2026,6/30/2026,5/10/2026 4:10,1000,1000,253,286,1253,1286
USMEM,USORF,PHDVO,"Memphis, TN, USMEM","Norfolk, VA, USORF","Davao, Mindanao, , PHDVO",PHDVO,EGLV,EMC,SC103574,DRY,4,5/1/2026,6/30/2026,5/10/2026 4:10,1000,1000,253,286,1253,1286
USMEM,USLAX,PHDVO,"Memphis, TN, USMEM",LALB,"Davao, Mindanao, , PHDVO",PHDVO,EGLV,EMC,SC103574,DRY,4,5/1/2026,6/30/2026,5/10/2026 4:10,1550,1550,253,286,1803,1836
USMEM,USLAX,PHDVO,"Memphis, TN, USMEM",LALB,"Davao, Mindanao, , PHDVO",CNSHA,YMJA,YML,51625,DRY,9,4/23/2026,5/15/2026,5/11/2026 4:10,2185,2185,235.27,235.27,2420.27,2420.27
USMEM,USLAX,PHDVO,"Memphis, TN, USMEM",LALB,"Davao, Mindanao, , PHDVO",SGSIN,YMJA,YML,51625,DRY,9,4/23/2026,5/15/2026,5/11/2026 4:10,2285,2285,274.53,274.53,2559.53,2559.53
USMEM,USLAX,PHDVO,"Memphis, TN, USMEM",LALB,"Davao, Mindanao, , PHDVO",CNSHA,YMJA,YML,51625,DRY,9,5/16/2026,6/30/2026,5/11/2026 4:10,2319,2319,235.27,235.27,2554.27,2554.27
USMEM,USLAX,PHDVO,"Memphis, TN, USMEM",LALB,"Davao, Mindanao, , PHDVO",SGSIN,YMJA,YML,51625,DRY,9,5/16/2026,6/30/2026,5/11/2026 4:10,2419,2419,274.53,274.53,2693.53,2693.53
USMEM,USSAV,PHMNL,"Memphis, TN, USMEM","Savannah, GA, USSAV","Manila, , PHMNL",PHMNL,EGLV,EMC,SC103574,DRY,4,5/1/2026,6/30/2026,5/10/2026 4:10,1200,1200,230,260,1430,1460
USMEM,USORF,PHMNL,"Memphis, TN, USMEM","Norfolk, VA, USORF","Manila, , PHMNL",PHMNL,EGLV,EMC,SC103574,DRY,4,5/1/2026,6/30/2026,5/10/2026 4:10,1200,1200,230,260,1430,1460
USMEM,USCHS,PHMNL,"Memphis, TN, USMEM","Charleston, SC, USCHS","Manila, , PHMNL",PHMNL,EGLV,EMC,SC103574,DRY,4,5/1/2026,6/30/2026,5/10/2026 4:10,1200,1200,230,260,1430,1460
USMEM,USLAX,PHMNL,"Memphis, TN, USMEM",LALB,"Manila, , PHMNL",PHMNL,MAEU,Maersk,300094432,DRY,0,4/1/2026,9/30/2026,5/11/2026 4:10,1323,1323,330.09,330.09,1653.09,1653.09
USMEM,USLGB,PHMNL,"Memphis, TN, USMEM",LALB,"Manila, , PHMNL",PHMNL,OOLU,OOCL,MT256104,DRY,16,4/1/2026,6/30/2026,5/10/2026 4:10,1370,1370,236,236,1606,1606
USMEM,USLAX,PHMNL,"Memphis, TN, USMEM",LALB,"Manila, , PHMNL",PHMNL,OOLU,OOCL,MT256104,DRY,16,4/1/2026,6/30/2026,5/10/2026 4:10,1370,1370,236,236,1606,1606
USMEM,USLAX,PHMNL,"Memphis, TN, USMEM",LALB,"Manila, , PHMNL",TWKHH,YMJA,YML,51625,DRY,9,4/23/2026,5/15/2026,5/11/2026 4:10,1400,1400,223.53,223.53,1623.53,1623.53
USMEM,USLAX,PHMNL,"Memphis, TN, USMEM",LALB,"Manila, , PHMNL",TWKHH,YMJA,YML,51625,DRY,9,5/16/2026,6/30/2026,5/11/2026 4:10,1400,1400,223.53,223.53,1623.53,1623.53
USMEM,USSAV,PHMNL,"Memphis, TN, USMEM","Savannah, GA, USSAV","Manila, , PHMNL",PHMNL,MAEU,Maersk,300094432,DRY,0,4/1/2026,9/30/2026,5/11/2026 4:10,1426,1426,330.09,330.09,1756.09,1756.09
USMEM,USSAV,PHMNL,"Memphis, TN, USMEM","Savannah, GA, USSAV","Manila, , PHMNL",PHMNL,OOLU,OOCL,MT256104,DRY,16,4/1/2026,6/30/2026,5/10/2026 4:10,1728,1728,236,236,1964,1964
USMEM,USLAX,PHMNL,"Memphis, TN, USMEM",LALB,"Manila, , PHMNL",PHMNL,EGLV,EMC,SC103574,DRY,4,5/1/2026,6/30/2026,5/10/2026 4:10,1750,1750,230,260,1980,2010
USMEM,USSAV,PHMNL,"Memphis, TN, USMEM","Savannah, GA, USSAV","Manila, , PHMNL",PHMNL,ONEY,ONE,CHIM354B25,DRY,15,5/6/2026,5/15/2026,5/10/2026 4:10,1750,1750,265,265,2015,2015
USMEM,USLAX,PHMNL,"Memphis, TN, USMEM",LALB,"Manila, , PHMNL",PHMNL,ONEY,ONE,CHIM354B25,DRY,15,5/16/2026,6/30/2026,5/10/2026 4:10,1750,1750,265,265,2015,2015
USMEM,USCHS,PHMNL,"Memphis, TN, USMEM","Charleston, SC, USCHS","Manila, , PHMNL",PHMNL,ONEY,ONE,CHIM354B25,DRY,15,5/6/2026,5/15/2026,5/10/2026 4:10,1750,1750,265,265,2015,2015
USMEM,USSAV,PHMNL,"Memphis, TN, USMEM","Savannah, GA, USSAV","Manila, , PHMNL",PHMNL,ONEY,ONE,CHIM354B25,DRY,15,5/16/2026,6/30/2026,5/10/2026 4:10,1750,1750,265,265,2015,2015
USMEM,USCHS,PHMNL,"Memphis, TN, USMEM","Charleston, SC, USCHS","Manila, , PHMNL",PHMNL,ONEY,ONE,CHIM354B25,DRY,15,5/16/2026,6/30/2026,5/10/2026 4:10,1750,1750,265,265,2015,2015
USMEM,USLAX,PHMNL,"Memphis, TN, USMEM",LALB,"Manila, , PHMNL",PHMNL,ONEY,ONE,CHIM354B25,DRY,15,5/6/2026,5/15/2026,5/10/2026 4:10,1750,1750,265,265,2015,2015
USMEM,USSAV,PHMNL,"Memphis, TN, USMEM","Savannah, GA, USSAV","Manila, , PHMNL",PHMNL,CMDU,CMA,25-0720,DRY,12,4/18/2026,6/30/2026,5/5/2026 4:10,3210,3210,267,267,3477,3477
USMEM,USSAV,PHMNN,"Memphis, TN, USMEM","Savannah, GA, USSAV","Manila North Harbour, , PHMNN",PHMNN,MSCU,MSC,25-348WCSA,DRY,7,5/1/2026,5/31/2026,5/10/2026 4:10,1975,1975,265,265,2240,2240
USMEM,USSAV,PHMNN,"Memphis, TN, USMEM","Savannah, GA, USSAV","Manila North Harbour, , PHMNN",PHMNN,MSCU,MSC,25-348WCSA,DRY,7,6/1/2026,6/30/2026,5/10/2026 4:10,2015,2015,265,265,2280,2280
USMEM,USCHS,PHMNN,"Memphis, TN, USMEM","Charleston, SC, USCHS","Manila North Harbour, , PHMNN",PHMNN,MSCU,MSC,25-348WCSA,DRY,7,5/1/2026,5/31/2026,5/10/2026 4:10,2033.39,2033.39,265,265,2298.39,2298.39
USMEM,USCHS,PHMNN,"Memphis, TN, USMEM","Charleston, SC, USCHS","Manila North Harbour, , PHMNN",PHMNN,MSCU,MSC,25-348WCSA,DRY,7,6/1/2026,6/30/2026,5/10/2026 4:10,2073.39,2073.39,265,265,2338.39,2338.39
USMEM,USCHS,PHMNS,"Memphis, TN, USMEM","Charleston, SC, USCHS","Manila South Harbour, , PHMNS",PHMNS,EGLV,EMC,SC103574,DRY,4,5/1/2026,6/30/2026,5/10/2026 4:10,1200,1200,306,336,1506,1536
USMEM,USSAV,PHMNS,"Memphis, TN, USMEM","Savannah, GA, USSAV","Manila South Harbour, , PHMNS",PHMNS,EGLV,EMC,SC103574,DRY,4,5/1/2026,6/30/2026,5/10/2026 4:10,1200,1200,306,336,1506,1536
USMEM,USORF,PHMNS,"Memphis, TN, USMEM","Norfolk, VA, USORF","Manila South Harbour, , PHMNS",PHMNS,EGLV,EMC,SC103574,DRY,4,5/1/2026,6/30/2026,5/10/2026 4:10,1200,1200,306,336,1506,1536
USMEM,USLAX,PHMNS,"Memphis, TN, USMEM",LALB,"Manila South Harbour, , PHMNS",PHMNS,EGLV,EMC,SC103574,DRY,4,5/1/2026,6/30/2026,5/10/2026 4:10,1750,1750,306,336,2056,2086
USMEM,USSAV,PKBQM,"Memphis, TN, USMEM","Savannah, GA, USSAV","Port Qasim/Karachi, SD, PKBQM",PKBQM,OOLU,OOCL,MT256104,DRY,16,4/1/2026,6/30/2026,5/10/2026 3:45,1473,1473,0,0,1473,1473
USMEM,USCHS,PKBQM,"Memphis, TN, USMEM","Charleston, SC, USCHS","Port Qasim/Karachi, SD, PKBQM",PKBQM,MAEU,Maersk,300094432,DRY,0,4/1/2026,9/30/2026,3/25/2026 3:45,1650,1650,0,0,1650,1650
USMEM,USSAV,PKBQM,"Memphis, TN, USMEM","Savannah, GA, USSAV","Port Qasim/Karachi, SD, PKBQM","Keamari Karachi, PK",MAEU,Maersk,300094432,DRY,0,4/1/2026,9/30/2026,3/25/2026 3:45,1650,1650,0,0,1650,1650
USMEM,USCHS,PKBQM,"Memphis, TN, USMEM","Charleston, SC, USCHS","Port Qasim/Karachi, SD, PKBQM","Keamari Karachi, PK",MAEU,Maersk,300094432,DRY,0,4/1/2026,9/30/2026,3/25/2026 3:45,1650,1650,0,0,1650,1650
USMEM,USSAV,PKBQM,"Memphis, TN, USMEM","Savannah, GA, USSAV","Port Qasim/Karachi, SD, PKBQM",PKBQM,MAEU,Maersk,300094432,DRY,0,4/1/2026,9/30/2026,3/25/2026 3:45,1650,1650,0,0,1650,1650
USMEM,USCHS,PKBQM,"Memphis, TN, USMEM","Charleston, SC, USCHS","Port Qasim/Karachi, SD, PKBQM",PKBQM,CMDU,CMA,25-0720,DRY,12,4/18/2026,6/30/2026,5/5/2026 3:45,1760,1760,0,0,1760,1760
USMEM,USSAV,PKBQM,"Memphis, TN, USMEM","Savannah, GA, USSAV","Port Qasim/Karachi, SD, PKBQM",PKBQM,CMDU,CMA,25-0720,DRY,12,4/18/2026,6/30/2026,5/5/2026 3:45,1760,1760,0,0,1760,1760
USMEM,USHOU,PKBQM,"Memphis, TN, USMEM","Houston, TX, USHOU","Port Qasim/Karachi, SD, PKBQM",PKBQM,CMDU,CMA,25-0720,DRY,12,4/18/2026,6/30/2026,5/5/2026 3:45,3890,3890,0,0,3890,3890
USMEM,USCHS,PKKHI,"Memphis, TN, USMEM","Charleston, SC, USCHS","Karachi, SD, PKKHI",PKKHI,EGLV,EMC,SC103574,DRY,4,5/1/2026,6/30/2026,5/10/2026 4:10,1800,1800,170,170,1970,1970
USMEM,USSAV,PKKHI,"Memphis, TN, USMEM","Savannah, GA, USSAV","Karachi, SD, PKKHI",PKKHI,EGLV,EMC,SC103574,DRY,4,5/1/2026,6/30/2026,5/10/2026 4:10,1800,1800,170,170,1970,1970
USMEM,USORF,PKKHI,"Memphis, TN, USMEM","Norfolk, VA, USORF","Karachi, SD, PKKHI",PKKHI,EGLV,EMC,SC103574,DRY,4,5/1/2026,6/30/2026,5/10/2026 4:10,1800,1800,170,170,1970,1970
USMEM,USLAX,PKKHI,"Memphis, TN, USMEM",LALB,"Karachi, SD, PKKHI",PKKHI,EGLV,EMC,SC103574,DRY,4,5/1/2026,6/30/2026,5/10/2026 4:10,2500,2500,170,170,2670,2670
USMEM,USSAV,PKKHI,"Memphis, TN, USMEM","Savannah, GA, USSAV","Karachi, SD, PKKHI",PKKHI,ONEY,ONE,CHIM354B25,DRY,15,5/16/2026,6/30/2026,5/10/2026 4:10,2610,2610,428,428,3038,3038
USMEM,USCHS,PKKHI,"Memphis, TN, USMEM","Charleston, SC, USCHS","Karachi, SD, PKKHI",PKKHI,ONEY,ONE,CHIM354B25,DRY,15,5/16/2026,6/30/2026,5/10/2026 4:10,2610,2610,428,428,3038,3038
USMEM,USSAV,PKKHI,"Memphis, TN, USMEM","Savannah, GA, USSAV","Karachi, SD, PKKHI",PKKHI,ONEY,ONE,CHIM354B25,DRY,15,5/6/2026,5/15/2026,5/10/2026 4:10,2610,2610,428,428,3038,3038
USMEM,USCHS,PKKHI,"Memphis, TN, USMEM","Charleston, SC, USCHS","Karachi, SD, PKKHI",PKKHI,ONEY,ONE,CHIM354B25,DRY,15,5/6/2026,5/15/2026,5/10/2026 4:10,2610,2610,428,428,3038,3038
USMEM,USLAX,PKKHI,"Memphis, TN, USMEM",LALB,"Karachi, SD, PKKHI",PKKHI,ONEY,ONE,CHIM354B25,DRY,15,5/6/2026,5/15/2026,5/10/2026 4:10,3060,3060,428,428,3488,3488
USMEM,USLAX,PKKHI,"Memphis, TN, USMEM",LALB,"Karachi, SD, PKKHI",PKKHI,ONEY,ONE,CHIM354B25,DRY,15,5/16/2026,6/30/2026,5/10/2026 4:10,3060,3060,428,428,3488,3488
USMEM,USSAV,PTLEI,"Memphis, TN, USMEM","Savannah, GA, USSAV","Leixoes, 13, PTLEI",PTLEI,MAEU,Maersk,300094432,DRY,0,4/1/2026,9/30/2026,5/11/2026 4:10,1605,1605,306.61,306.61,1911.61,1911.61
USMEM,USCHS,PTLEI,"Memphis, TN, USMEM","Charleston, SC, USCHS","Leixoes, 13, PTLEI",PTLEI,MAEU,Maersk,300094432,DRY,0,4/1/2026,9/30/2026,5/11/2026 4:10,1605,1605,306.61,306.61,1911.61,1911.61
USMEM,USSAV,PTLEI,"Memphis, TN, USMEM","Savannah, GA, USSAV","Leixoes, 13, PTLEI",PTLEI,ONEY,ONE,CHIM354B25,DRY,15,5/16/2026,6/30/2026,5/11/2026 4:10,2443,2443,351.42,351.42,2794.42,2794.42
USMEM,USSAV,PTLEI,"Memphis, TN, USMEM","Savannah, GA, USSAV","Leixoes, 13, PTLEI",PTLEI,ONEY,ONE,CHIM354B25,DRY,15,5/6/2026,5/15/2026,5/11/2026 4:10,2443,2443,351.42,351.42,2794.42,2794.42
USMEM,USCHS,PTLEI,"Memphis, TN, USMEM","Charleston, SC, USCHS","Leixoes, 13, PTLEI",PTLEI,ONEY,ONE,CHIM354B25,DRY,15,5/6/2026,5/15/2026,5/11/2026 4:10,2473,2473,351.42,351.42,2824.42,2824.42
USMEM,USCHS,PTLEI,"Memphis, TN, USMEM","Charleston, SC, USCHS","Leixoes, 13, PTLEI",PTLEI,ONEY,ONE,CHIM354B25,DRY,15,5/16/2026,6/30/2026,5/11/2026 4:10,2473,2473,351.42,351.42,2824.42,2824.42
USMEM,USSAV,PTLIS,"Memphis, TN, USMEM","Savannah, GA, USSAV","Lisboa, 11, PTLIS",PTLIS,ONEY,ONE,CHIM354B25,DRY,15,5/6/2026,5/15/2026,5/11/2026 4:10,2518,2518,351.42,351.42,2869.42,2869.42
USMEM,USSAV,PTLIS,"Memphis, TN, USMEM","Savannah, GA, USSAV","Lisboa, 11, PTLIS",PTLIS,ONEY,ONE,CHIM354B25,DRY,15,5/16/2026,6/30/2026,5/11/2026 4:10,2518,2518,351.42,351.42,2869.42,2869.42
USMEM,USCHS,SGSIN,"Memphis, TN, USMEM","Charleston, SC, USCHS","Singapore, , SGSIN",SGSIN,YMJA,YML,51625,DRY,9,4/23/2026,5/15/2026,5/11/2026 4:10,657,657,274.53,274.53,931.53,931.53
USMEM,USSAV,SGSIN,"Memphis, TN, USMEM","Savannah, GA, USSAV","Singapore, , SGSIN",SGSIN,YMJA,YML,51625,DRY,9,4/23/2026,5/15/2026,5/11/2026 4:10,658,658,274.53,274.53,932.53,932.53
USMEM,USCHS,SGSIN,"Memphis, TN, USMEM","Charleston, SC, USCHS","Singapore, , SGSIN",SGSIN,YMJA,YML,51625,DRY,9,5/16/2026,6/30/2026,5/11/2026 4:10,791,791,274.53,274.53,1065.53,1065.53
USMEM,USSAV,SGSIN,"Memphis, TN, USMEM","Savannah, GA, USSAV","Singapore, , SGSIN",SGSIN,YMJA,YML,51625,DRY,9,5/16/2026,6/30/2026,5/11/2026 4:10,792,792,274.53,274.53,1066.53,1066.53
USMEM,USLAX,SGSIN,"Memphis, TN, USMEM",LALB,"Singapore, , SGSIN",SGSIN,OOLU,OOCL,MT256104,DRY,16,4/1/2026,6/30/2026,5/11/2026 4:10,885,885,305.91,305.91,1190.91,1190.91
USMEM,USLGB,SGSIN,"Memphis, TN, USMEM",LALB,"Singapore, , SGSIN",SGSIN,OOLU,OOCL,MT256104,DRY,16,4/1/2026,6/30/2026,5/11/2026 4:10,885,885,305.91,305.91,1190.91,1190.91
USMEM,USSAV,SGSIN,"Memphis, TN, USMEM","Savannah, GA, USSAV","Singapore, , SGSIN",SGSIN,OOLU,OOCL,MT256104,DRY,16,4/1/2026,6/30/2026,5/11/2026 4:10,1143,1143,305.91,305.91,1448.91,1448.91
USMEM,USLAX,SGSIN,"Memphis, TN, USMEM",LALB,"Singapore, , SGSIN",SGSIN,YMJA,YML,51625,DRY,9,4/23/2026,5/15/2026,5/11/2026 4:10,1150,1150,274.53,274.53,1424.53,1424.53
USMEM,USLAX,SGSIN,"Memphis, TN, USMEM",LALB,"Singapore, , SGSIN",CNNBG,YMJA,YML,51625,DRY,9,4/23/2026,5/15/2026,5/11/2026 4:10,1180,1180,235.27,235.27,1415.27,1415.27
USMEM,USLAX,SGSIN,"Memphis, TN, USMEM",LALB,"Singapore, , SGSIN",CNSHA,YMJA,YML,51625,DRY,9,4/23/2026,5/15/2026,5/11/2026 4:10,1180,1180,235.27,235.27,1415.27,1415.27
USMEM,USSAV,SGSIN,"Memphis, TN, USMEM","Savannah, GA, USSAV","Singapore, , SGSIN",SGSIN,MAEU,Maersk,300094432,DRY,0,4/1/2026,9/30/2026,5/11/2026 4:10,1201,1201,290.22,290.22,1491.22,1491.22
USMEM,USSAV,SGSIN,"Memphis, TN, USMEM","Savannah, GA, USSAV","Singapore, , SGSIN",SGSIN,CMDU,CMA,25-0720,DRY,12,4/18/2026,6/30/2026,5/11/2026 4:10,1210,1210,290.22,290.22,1500.22,1500.22
USMEM,USLAX,SGSIN,"Memphis, TN, USMEM",LALB,"Singapore, , SGSIN",SGSIN,YMJA,YML,51625,DRY,9,5/16/2026,6/30/2026,5/11/2026 4:10,1284,1284,274.53,274.53,1558.53,1558.53
USMEM,USLAX,SGSIN,"Memphis, TN, USMEM",LALB,"Singapore, , SGSIN",SGSIN,MAEU,Maersk,300094432,DRY,0,4/1/2026,9/30/2026,5/11/2026 4:10,1298,1298,290.22,290.22,1588.22,1588.22
USMEM,USLAX,SGSIN,"Memphis, TN, USMEM",LALB,"Singapore, , SGSIN",CNNBG,YMJA,YML,51625,DRY,9,5/16/2026,6/30/2026,5/11/2026 4:10,1314,1314,235.27,235.27,1549.27,1549.27
USMEM,USLAX,SGSIN,"Memphis, TN, USMEM",LALB,"Singapore, , SGSIN",CNSHA,YMJA,YML,51625,DRY,9,5/16/2026,6/30/2026,5/11/2026 4:10,1314,1314,235.27,235.27,1549.27,1549.27
USMEM,USCHS,SGSIN,"Memphis, TN, USMEM","Charleston, SC, USCHS","Singapore, , SGSIN",SGSIN,ONEY,ONE,CHIM354B25,DRY,15,5/16/2026,6/30/2026,5/11/2026 4:10,1410,1410,346.69,346.69,1756.69,1756.69
USMEM,USSAV,SGSIN,"Memphis, TN, USMEM","Savannah, GA, USSAV","Singapore, , SGSIN",SGSIN,ONEY,ONE,CHIM354B25,DRY,15,5/6/2026,5/15/2026,5/11/2026 4:10,1410,1410,346.69,346.69,1756.69,1756.69
USMEM,USCHS,SGSIN,"Memphis, TN, USMEM","Charleston, SC, USCHS","Singapore, , SGSIN",SGSIN,ONEY,ONE,CHIM354B25,DRY,15,5/6/2026,5/15/2026,5/11/2026 4:10,1410,1410,346.69,346.69,1756.69,1756.69
USMEM,USSAV,SGSIN,"Memphis, TN, USMEM","Savannah, GA, USSAV","Singapore, , SGSIN",SGSIN,ONEY,ONE,CHIM354B25,DRY,15,5/16/2026,6/30/2026,5/11/2026 4:10,1410,1410,346.69,346.69,1756.69,1756.69
USMEM,USLAX,SGSIN,"Memphis, TN, USMEM",LALB,"Singapore, , SGSIN",SGSIN,ONEY,ONE,CHIM354B25,DRY,15,5/16/2026,6/30/2026,5/11/2026 4:10,1650,1650,346.69,346.69,1996.69,1996.69
USMEM,USLAX,SGSIN,"Memphis, TN, USMEM",LALB,"Singapore, , SGSIN",SGSIN,ONEY,ONE,CHIM354B25,DRY,15,5/6/2026,5/15/2026,5/11/2026 4:10,1650,1650,346.69,346.69,1996.69,1996.69
USMEM,USSAV,SGSIN,"Memphis, TN, USMEM","Savannah, GA, USSAV","Singapore, , SGSIN",SGSIN,MSCU,MSC,25-348WCSA,DRY,7,5/1/2026,5/31/2026,5/11/2026 4:10,1975,1975,290.22,290.22,2265.22,2265.22
USMEM,USSAV,SGSIN,"Memphis, TN, USMEM","Savannah, GA, USSAV","Singapore, , SGSIN",SGSIN,MSCU,MSC,25-348WCSA,DRY,7,6/1/2026,6/30/2026,5/11/2026 4:10,2015,2015,290.22,290.22,2305.22,2305.22
USMEM,USCHS,SGSIN,"Memphis, TN, USMEM","Charleston, SC, USCHS","Singapore, , SGSIN",SGSIN,MSCU,MSC,25-348WCSA,DRY,7,5/1/2026,5/31/2026,5/11/2026 4:10,2033.39,2033.39,290.22,290.22,2323.61,2323.61
USMEM,USCHS,SGSIN,"Memphis, TN, USMEM","Charleston, SC, USCHS","Singapore, , SGSIN",SGSIN,MSCU,MSC,25-348WCSA,DRY,7,6/1/2026,6/30/2026,5/11/2026 4:10,2073.39,2073.39,290.22,290.22,2363.61,2363.61
USMEM,USMSY,SVAPO,"Memphis, TN, USMEM","New Orleans, LA, USMSY","Apopa, SS, SVAPO","Puerto Barrios, GT",MAEU,Maersk,300094432,DRY,0,4/1/2026,9/30/2026,4/14/2026 4:10,2681,2681,460,460,3141,3141
USMEM,USSAV,SVAPO,"Memphis, TN, USMEM","Savannah, GA, USSAV","Apopa, SS, SVAPO",GTSTC,CMDU,CMA,25-0720,DRY,12,4/18/2026,6/30/2026,5/5/2026 4:10,4602,4602,126,126,4728,4728
USMEM,USSAV,SVAPO,"Memphis, TN, USMEM","Savannah, GA, USSAV","Apopa, SS, SVAPO",GTPBR,CMDU,CMA,25-0720,DRY,12,4/18/2026,6/30/2026,5/5/2026 4:10,4602,4602,126,126,4728,4728
USMEM,USMSY,SVEZC,"Memphis, TN, USMEM","New Orleans, LA, USMSY","Ilopango, SS, SVEZC","Puerto Barrios, GT",MAEU,Maersk,300094432,DRY,0,4/1/2026,9/30/2026,4/14/2026 4:10,2681,2681,460,460,3141,3141
USMEM,USHOU,SVEZC,"Memphis, TN, USMEM","Houston, TX, USHOU","Ilopango, SS, SVEZC",GTPBR,CMDU,CMA,25-0720,DRY,12,4/18/2026,6/30/2026,5/5/2026 4:10,4312,4312,126,126,4438,4438
USMEM,USHOU,SVEZC,"Memphis, TN, USMEM","Houston, TX, USHOU","Ilopango, SS, SVEZC",GTSTC,CMDU,CMA,25-0720,DRY,12,4/18/2026,6/30/2026,5/5/2026 4:10,4312,4312,126,126,4438,4438
USMEM,USSAV,SVEZC,"Memphis, TN, USMEM","Savannah, GA, USSAV","Ilopango, SS, SVEZC",GTPBR,CMDU,CMA,25-0720,DRY,12,4/18/2026,6/30/2026,5/5/2026 4:10,4702,4702,126,126,4828,4828
USMEM,USSAV,SVEZC,"Memphis, TN, USMEM","Savannah, GA, USSAV","Ilopango, SS, SVEZC",GTSTC,CMDU,CMA,25-0720,DRY,12,4/18/2026,6/30/2026,5/5/2026 4:10,4702,4702,126,126,4828,4828
USMEM,USMSY,SVSAL,"Memphis, TN, USMEM","New Orleans, LA, USMSY","San Salvador, , SVSAL","Puerto Barrios, GT",MAEU,Maersk,300094432,DRY,0,4/1/2026,9/30/2026,4/14/2026 4:10,2716,2716,460,460,3176,3176
USMEM,USHOU,SVSAL,"Memphis, TN, USMEM","Houston, TX, USHOU","San Salvador, , SVSAL",GTPBR,CMDU,CMA,25-0720,DRY,12,4/18/2026,6/30/2026,5/5/2026 4:10,4212,4212,126,126,4338,4338
USMEM,USHOU,SVSAL,"Memphis, TN, USMEM","Houston, TX, USHOU","San Salvador, , SVSAL",GTSTC,CMDU,CMA,25-0720,DRY,12,4/18/2026,6/30/2026,5/5/2026 4:10,4212,4212,126,126,4338,4338
USMEM,USSAV,SVSAL,"Memphis, TN, USMEM","Savannah, GA, USSAV","San Salvador, , SVSAL",GTSTC,CMDU,CMA,25-0720,DRY,12,4/18/2026,6/30/2026,5/5/2026 4:10,4602,4602,126,126,4728,4728
USMEM,USSAV,SVSAL,"Memphis, TN, USMEM","Savannah, GA, USSAV","San Salvador, , SVSAL",GTPBR,CMDU,CMA,25-0720,DRY,12,4/18/2026,6/30/2026,5/5/2026 4:10,4602,4602,126,126,4728,4728
USMEM,USMSY,SVSJO,"Memphis, TN, USMEM","New Orleans, LA, USMSY","San Juan Opico, LI, SVSJO","Puerto Barrios, GT",MAEU,Maersk,300094432,DRY,0,4/1/2026,9/30/2026,3/25/2026 4:10,2696,2696,460,460,3156,3156
USMEM,USMSY,SVSOY,"Memphis, TN, USMEM","New Orleans, LA, USMSY","Soyapango, , SVSOY","Puerto Barrios, GT",MAEU,Maersk,300094432,DRY,0,4/1/2026,9/30/2026,5/5/2026 4:10,2716,2716,0,0,2716,2716
USMEM,USHOU,SVSOY,"Memphis, TN, USMEM","Houston, TX, USHOU","Soyapango, , SVSOY",GTPBR,CMDU,CMA,25-0720,DRY,12,4/18/2026,6/30/2026,5/5/2026 4:10,4212,4212,126,126,4338,4338
USMEM,USHOU,SVSOY,"Memphis, TN, USMEM","Houston, TX, USHOU","Soyapango, , SVSOY",GTSTC,CMDU,CMA,25-0720,DRY,12,4/18/2026,6/30/2026,5/5/2026 4:10,4212,4212,126,126,4338,4338
USMEM,USSAV,SVSOY,"Memphis, TN, USMEM","Savannah, GA, USSAV","Soyapango, , SVSOY",GTSTC,CMDU,CMA,25-0720,DRY,12,4/18/2026,6/30/2026,5/5/2026 4:10,4602,4602,126,126,4728,4728
USMEM,USSAV,SVSOY,"Memphis, TN, USMEM","Savannah, GA, USSAV","Soyapango, , SVSOY",GTPBR,CMDU,CMA,25-0720,DRY,12,4/18/2026,6/30/2026,5/5/2026 4:10,4602,4602,126,126,4728,4728
USMEM,USLAX,THBKK,"Memphis, TN, USMEM",LALB,"Bangkok, , THBKK","Laem Chabang, TH",MAEU,Maersk,300094432,DRY,0,4/1/2026,9/30/2026,5/11/2026 4:10,924,924,159.93,159.93,1083.93,1083.93
USMEM,USSAV,THBKK,"Memphis, TN, USMEM","Savannah, GA, USSAV","Bangkok, , THBKK","Laem Chabang, TH",MAEU,Maersk,300094432,DRY,0,4/1/2026,9/30/2026,5/11/2026 4:10,1027,1027,159.93,159.93,1186.93,1186.93
USMEM,USLAX,THBKK,"Memphis, TN, USMEM",LALB,"Bangkok, , THBKK",THBKK,OOLU,OOCL,MT256104,DRY,16,4/1/2026,6/30/2026,5/11/2026 4:10,1135,1135,135.08,135.08,1270.08,1270.08
USMEM,USLGB,THBKK,"Memphis, TN, USMEM",LALB,"Bangkok, , THBKK",THBKK,OOLU,OOCL,MT256104,DRY,16,4/1/2026,6/30/2026,5/11/2026 4:10,1135,1135,135.08,135.08,1270.08,1270.08
USMEM,USSAV,THBKK,"Memphis, TN, USMEM","Savannah, GA, USSAV","Bangkok, , THBKK",THBKK,ONEY,ONE,CHIM354B25,DRY,15,5/16/2026,6/30/2026,5/11/2026 4:10,1200,1200,192.53,192.53,1392.53,1392.53
USMEM,USSAV,THBKK,"Memphis, TN, USMEM","Savannah, GA, USSAV","Bangkok, , THBKK",THBKK,ONEY,ONE,CHIM354B25,DRY,15,5/6/2026,5/15/2026,5/11/2026 4:10,1200,1200,192.53,192.53,1392.53,1392.53
USMEM,USCHS,THBKK,"Memphis, TN, USMEM","Charleston, SC, USCHS","Bangkok, , THBKK",THBKK,ONEY,ONE,CHIM354B25,DRY,15,5/16/2026,6/30/2026,5/11/2026 4:10,1225,1225,192.53,192.53,1417.53,1417.53
USMEM,USCHS,THBKK,"Memphis, TN, USMEM","Charleston, SC, USCHS","Bangkok, , THBKK",THBKK,ONEY,ONE,CHIM354B25,DRY,15,5/6/2026,5/15/2026,5/11/2026 4:10,1225,1225,192.53,192.53,1417.53,1417.53
USMEM,USSAV,THBKK,"Memphis, TN, USMEM","Savannah, GA, USSAV","Bangkok, , THBKK",THBKK,OOLU,OOCL,MT256104,DRY,16,4/1/2026,6/30/2026,5/11/2026 4:10,1248,1248,135.08,135.08,1383.08,1383.08
USMEM,USLAX,THBKK,"Memphis, TN, USMEM",LALB,"Bangkok, , THBKK",CNSHA,YMJA,YML,51625,DRY,9,4/23/2026,5/15/2026,5/11/2026 4:10,1300,1300,235.27,235.27,1535.27,1535.27
USMEM,USLAX,THBKK,"Memphis, TN, USMEM",LALB,"Bangkok, , THBKK",CNNBG,YMJA,YML,51625,DRY,9,4/23/2026,5/15/2026,5/11/2026 4:10,1300,1300,235.27,235.27,1535.27,1535.27
USMEM,USORF,THBKK,"Memphis, TN, USMEM","Norfolk, VA, USORF","Bangkok, , THBKK",THBKK,EGLV,EMC,SC103574,DRY,4,5/1/2026,6/30/2026,5/11/2026 4:10,1350,1350,133.53,133.53,1483.53,1483.53
USMEM,USCHS,THBKK,"Memphis, TN, USMEM","Charleston, SC, USCHS","Bangkok, , THBKK",THBKK,EGLV,EMC,SC103574,DRY,4,5/1/2026,6/30/2026,5/11/2026 4:10,1350,1350,133.53,133.53,1483.53,1483.53
USMEM,USSAV,THBKK,"Memphis, TN, USMEM","Savannah, GA, USSAV","Bangkok, , THBKK",THBKK,EGLV,EMC,SC103574,DRY,4,5/1/2026,6/30/2026,5/11/2026 4:10,1350,1350,133.53,133.53,1483.53,1483.53
USMEM,USSAV,THBKK,"Memphis, TN, USMEM","Savannah, GA, USSAV","Bangkok, , THBKK",THLCH,CMDU,CMA,25-0720,DRY,12,4/18/2026,6/30/2026,5/11/2026 4:10,1370,1370,133.53,136.32,1503.53,1506.32
USMEM,USLAX,THBKK,"Memphis, TN, USMEM",LALB,"Bangkok, , THBKK",SGSIN,YMJA,YML,51625,DRY,9,4/23/2026,5/15/2026,5/11/2026 4:10,1400,1400,274.53,274.53,1674.53,1674.53
USMEM,USLAX,THBKK,"Memphis, TN, USMEM",LALB,"Bangkok, , THBKK",CNNBG,YMJA,YML,51625,DRY,9,5/16/2026,6/30/2026,5/11/2026 4:10,1434,1434,235.27,235.27,1669.27,1669.27
USMEM,USLAX,THBKK,"Memphis, TN, USMEM",LALB,"Bangkok, , THBKK",CNSHA,YMJA,YML,51625,DRY,9,5/16/2026,6/30/2026,5/11/2026 4:10,1434,1434,235.27,235.27,1669.27,1669.27
USMEM,USLAX,THBKK,"Memphis, TN, USMEM",LALB,"Bangkok, , THBKK",SGSIN,YMJA,YML,51625,DRY,9,5/16/2026,6/30/2026,5/11/2026 4:10,1534,1534,274.53,274.53,1808.53,1808.53
USMEM,USLAX,THBKK,"Memphis, TN, USMEM",LALB,"Bangkok, , THBKK",THBKK,EGLV,EMC,SC103574,DRY,4,5/1/2026,6/30/2026,5/11/2026 4:10,1950,1950,133.53,133.53,2083.53,2083.53
USMEM,USLAX,THBKK,"Memphis, TN, USMEM",LALB,"Bangkok, , THBKK",THBKK,ONEY,ONE,CHIM354B25,DRY,15,5/6/2026,5/15/2026,5/11/2026 4:10,2020,2020,192.53,192.53,2212.53,2212.53
USMEM,USLAX,THBKK,"Memphis, TN, USMEM",LALB,"Bangkok, , THBKK",THBKK,ONEY,ONE,CHIM354B25,DRY,15,5/16/2026,6/30/2026,5/11/2026 4:10,2020,2020,192.53,192.53,2212.53,2212.53
USMEM,USSAV,THBKK,"Memphis, TN, USMEM","Savannah, GA, USSAV","Bangkok, , THBKK",LAEM CHABANG,MSCU,MSC,25-348WCSA,DRY,7,5/1/2026,5/31/2026,5/11/2026 4:10,2160,2160,133.53,133.53,2293.53,2293.53
USMEM,USSAV,THBKK,"Memphis, TN, USMEM","Savannah, GA, USSAV","Bangkok, , THBKK",LAEM CHABANG,MSCU,MSC,25-348WCSA,DRY,7,6/1/2026,6/30/2026,5/11/2026 4:10,2200,2200,133.53,133.53,2333.53,2333.53
USMEM,USCHS,THBKK,"Memphis, TN, USMEM","Charleston, SC, USCHS","Bangkok, , THBKK",LAEM CHABANG,MSCU,MSC,25-348WCSA,DRY,7,5/1/2026,5/31/2026,5/11/2026 4:10,2218.39,2218.39,133.53,133.53,2351.92,2351.92
USMEM,USCHS,THBKK,"Memphis, TN, USMEM","Charleston, SC, USCHS","Bangkok, , THBKK",LAEM CHABANG,MSCU,MSC,25-348WCSA,DRY,7,6/1/2026,6/30/2026,5/11/2026 4:10,2258.39,2258.39,133.53,133.53,2391.92,2391.92
USMEM,USCHS,THBMT,"Memphis, TN, USMEM","Charleston, SC, USCHS","Bangkok Modern Terminals, , THBMT",THBMT,YMJA,YML,51625,DRY,9,4/23/2026,5/15/2026,5/11/2026 4:10,907,907,136.63,136.63,1043.63,1043.63
USMEM,USSAV,THBMT,"Memphis, TN, USMEM","Savannah, GA, USSAV","Bangkok Modern Terminals, , THBMT",THBMT,YMJA,YML,51625,DRY,9,4/23/2026,5/15/2026,,,,,,,
