id,unOrig,unVia,unDest,orig,via,dest,dischargePort,scacCode,carrierName,contractNumber,rateType,amendmentNumber,effectiveDate,expirationDate,updateTime,40FT,40HC,DTHC40FT,DTHC40HC,ALLIN40FT,ALLIN40HC,is_active
1,USCHS,USCHS,AEJEA,"Charleston, SC, USCHS","Charleston, SC, USCHS","Jebel Ali, , AEJEA",CNSHG,YMLU,YML,51625,DRY,1,10/27/2025,12/31/2025,11/5/2025 9:38,2422,2422,224.8,224.8,2646.8,2646.8,1
2,USCHS,USCHS,AEJEA,"Charleston, SC, USCHS","Charleston, SC, USCHS","Jebel Ali, , AEJEA",CNNBG,YMLU,YML,51625,DRY,1,10/27/2025,12/31/2025,11/5/2025 9:38,2422,2422,224.8,224.8,2646.8,2646.8,1
3,USCHS,USCHS,BDCGP,"Charleston, SC, USCHS","Charleston, SC, USCHS","Chattogram/Chittagong, , BDCGP",CHATTOGRAM,EGLV,EMC,SC103574,DRY,,10/1/2025,12/31/2025,11/5/2025 9:38,1700,1700,0,0,1700,1700,1
4,USCHS,USCHS,BDCGP,"Charleston, SC, USCHS","Charleston, SC, USCHS","Chattogram/Chittagong, , BDCGP",BDCGP,OOLU,OOCL,MT256104,DRY,2,10/20/2025,12/31/2025,11/5/2025 9:38,1717,1717,65,65,1782,1782,1
5,USCHS,USCHS,BDCGP,"Charleston, SC, USCHS","Charleston, SC, USCHS","Chattogram/Chittagong, , BDCGP",BDCGP,ONEY,ONE,CHIM354B25,DRY,1,10/1/2025,12/31/2025,11/5/2025 9:38,1814,1814,150,150,1964,1964,1
6,USCHS,USCHS,BDCGP,"Charleston, SC, USCHS","Charleston, SC, USCHS","Chattogram/Chittagong, , BDCGP",BDCGP,MAEU,Maersk,300094432,DRY,0,10/16/2025,3/31/2026,11/5/2025 9:38,2537,2537,0,0,2537,2537,1
7,USCHS,USCHS,CNAQG,"Charleston, SC, USCHS","Charleston, SC, USCHS","Anqing Pt, 34, CNAQG",CNSHG,YMLU,YML,51625,DRY,1,10/27/2025,12/31/2025,11/5/2025 9:38,722,722,224.8,224.8,946.8,946.8,1
8,USCHS,USCHS,CNAQG,"Charleston, SC, USCHS","Charleston, SC, USCHS","Anqing Pt, 34, CNAQG",CNAQG,MAEU,Maersk,300094432,DRY,0,10/16/2025,3/31/2026,11/5/2025 9:38,872.73,872.73,0,0,872.73,872.73,1
9,USCHS,USCHS,CNAQG,"Charleston, SC, USCHS","Charleston, SC, USCHS","Anqing Pt, 34, CNAQG",CNAQG,ONEY,ONE,CHIM354B25,DRY,1,10/1/2025,12/31/2025,11/5/2025 9:38,924,924,120.97,120.97,1044.97,1044.97,1
10,USCHS,USCHS,CNCAN,"Charleston, SC, USCHS","Charleston, SC, USCHS","Guangzhou Baiyun, 44, CNCAN",CNCAN,ONEY,ONE,CHIM354B25,DRY,1,10/1/2025,12/31/2025,11/5/2025 9:38,964,964,170.85,170.85,1134.85,1134.85,1
11,USCHS,USCHS,CNCGS,"Charleston, SC, USCHS","Charleston, SC, USCHS","Changshu Pt, 37, CNCGS",CNSHG,YMLU,YML,51625,DRY,1,10/27/2025,12/31/2025,11/5/2025 9:38,712,712,224.8,224.8,936.8,936.8,1
12,USCHS,USCHS,CNCGU,"Charleston, SC, USCHS","Charleston, SC, USCHS","Changshu, 32, CNCGU",CNCGU,ONEY,ONE,CHIM354B25,DRY,1,10/1/2025,12/31/2025,11/5/2025 9:38,824,824,116.33,116.33,940.33,940.33,1
13,USCHS,USCHS,CNCHQ,"Charleston, SC, USCHS","Charleston, SC, USCHS","Chongqing Pt, 50, CNCHQ",CNCHQ,MAEU,Maersk,300094432,DRY,0,10/16/2025,3/31/2026,11/5/2025 9:38,552.73,552.73,0,0,552.73,552.73,1
14,USCHS,USCHS,CNCHQ,"Charleston, SC, USCHS","Charleston, SC, USCHS","Chongqing Pt, 50, CNCHQ",CNSHG,YMLU,YML,51625,DRY,1,10/27/2025,12/31/2025,11/5/2025 9:38,1282,1282,224.8,224.8,1506.8,1506.8,1
15,USCHS,USCHS,CNCKG,"Charleston, SC, USCHS","Charleston, SC, USCHS","Chongqing Jiangbei, 51, CNCKG",CNCKG,ONEY,ONE,CHIM354B25,DRY,1,10/1/2025,12/31/2025,11/5/2025 9:38,1139,1139,116.33,116.33,1255.33,1255.33,1
16,USCHS,USCHS,CNCNA,"Charleston, SC, USCHS","Charleston, SC, USCHS","Changsha, 44, CNCNA",CNSHG,YMLU,YML,51625,DRY,1,10/27/2025,12/31/2025,11/5/2025 9:38,1327,1327,224.8,224.8,1551.8,1551.8,1
17,USCHS,USCHS,CNCZX,"Charleston, SC, USCHS","Charleston, SC, USCHS","Changzhou Pt, 32, CNCZX",CNSHG,YMLU,YML,51625,DRY,1,10/27/2025,12/31/2025,11/5/2025 9:38,712,712,224.8,224.8,936.8,936.8,1
18,USCHS,USCHS,CNCZX,"Charleston, SC, USCHS","Charleston, SC, USCHS","Changzhou Pt, 32, CNCZX",CNCZX,MAEU,Maersk,300094432,DRY,0,10/16/2025,3/31/2026,11/5/2025 9:38,846.73,846.73,0,0,846.73,846.73,1
19,USCHS,USCHS,CNDAG,"Charleston, SC, USCHS","Charleston, SC, USCHS","Dalian Pt, 34, CNDAG",CNDAG,MAEU,Maersk,300094432,DRY,0,10/16/2025,3/31/2026,11/5/2025 9:38,398.05,398.05,0,0,398.05,398.05,1
20,USCHS,USCHS,CNDAG,"Charleston, SC, USCHS","Charleston, SC, USCHS","Dalian Pt, 34, CNDAG",CNDAG,YMLU,YML,51625,DRY,1,10/27/2025,12/31/2025,11/5/2025 9:38,457,457,224.8,224.8,681.8,681.8,1
21,USCHS,USCHS,CNDAG,"Charleston, SC, USCHS","Charleston, SC, USCHS","Dalian Pt, 34, CNDAG",CNDAG,OOLU,OOCL,MT256104,DRY,2,10/20/2025,12/31/2025,11/5/2025 9:38,617,617,159.19,159.19,776.19,776.19,1
22,USCHS,USCHS,CNDAG,"Charleston, SC, USCHS","Charleston, SC, USCHS","Dalian Pt, 34, CNDAG",KRPUS,YMLU,YML,51625,DRY,1,10/27/2025,12/31/2025,11/5/2025 9:38,902,902,125.98,125.98,1027.98,1027.98,1
23,USCHS,USCHS,CNDFG,"Charleston, SC, USCHS","Charleston, SC, USCHS","Dafeng Pt, 22, CNDFG",CNDFG,MAEU,Maersk,300094432,DRY,0,10/16/2025,3/31/2026,11/5/2025 9:38,490.73,490.73,0,0,490.73,490.73,1
24,USCHS,USCHS,CNDFG,"Charleston, SC, USCHS","Charleston, SC, USCHS","Dafeng Pt, 22, CNDFG",CNSHG,YMLU,YML,51625,DRY,1,10/27/2025,12/31/2025,11/5/2025 9:38,792,792,224.8,224.8,1016.8,1016.8,1
25,USCHS,USCHS,CNDOU,"Charleston, SC, USCHS","Charleston, SC, USCHS","Doumen Pt, 44, CNDOU",CNDOU,ONEY,ONE,CHIM354B25,DRY,1,10/1/2025,12/31/2025,11/5/2025 9:38,884,884,170.85,170.85,1054.85,1054.85,1
26,USCHS,USCHS,CNFOC,"Charleston, SC, USCHS","Charleston, SC, USCHS","Fuzhou Changle, 35, CNFOC",CNFOC,ONEY,ONE,CHIM354B25,DRY,1,10/1/2025,12/31/2025,11/5/2025 9:38,989,989,116.19,116.19,1105.19,1105.19,1
27,USCHS,USCHS,CNFZG,"Charleston, SC, USCHS","Charleston, SC, USCHS","Fuzhou Pt, 23, CNFZG",CNFZG,MAEU,Maersk,300094432,DRY,0,10/16/2025,3/31/2026,11/5/2025 9:38,598.05,598.05,0,0,598.05,598.05,1
28,USCHS,USCHS,CNFZG,"Charleston, SC, USCHS","Charleston, SC, USCHS","Fuzhou Pt, 23, CNFZG",CNNBG,YMLU,YML,51625,DRY,1,10/27/2025,12/31/2025,11/5/2025 9:38,882,882,224.8,224.8,1106.8,1106.8,1
29,USCHS,USCHS,CNGOM,"Charleston, SC, USCHS","Charleston, SC, USCHS","Gaoming Pt, 44, CNGOM",CNGOM,MAEU,Maersk,300094432,DRY,0,10/16/2025,3/31/2026,11/5/2025 9:38,859.05,859.05,0,0,859.05,859.05,1
30,USCHS,USCHS,CNGON,"Charleston, SC, USCHS","Charleston, SC, USCHS","Gaolan, 44, CNGON",CNGON,ONEY,ONE,CHIM354B25,DRY,1,10/1/2025,12/31/2025,11/5/2025 9:38,914,914,170.85,170.85,1084.85,1084.85,1
31,USCHS,USCHS,CNGZG,"Charleston, SC, USCHS","Charleston, SC, USCHS","Guangzhou Pt, 22, CNGZG",CNYTN,YMLU,YML,51625,DRY,1,10/27/2025,12/31/2025,11/5/2025 9:38,817,817,224.8,224.8,1041.8,1041.8,1
32,USCHS,USCHS,CNHFI,"Charleston, SC, USCHS","Charleston, SC, USCHS","Hefei, 34, CNHFI",CNSHG,YMLU,YML,51625,DRY,1,10/27/2025,12/31/2025,11/5/2025 9:38,1772,1772,224.8,224.8,1996.8,1996.8,1
33,USCHS,USCHS,CNHSI,"Charleston, SC, USCHS","Charleston, SC, USCHS","Huangshi Pt, 42, CNHSI",CNSHG,YMLU,YML,51625,DRY,1,10/27/2025,12/31/2025,11/5/2025 9:38,852,852,224.8,224.8,1076.8,1076.8,1
34,USCHS,USCHS,CNHUA,"Charleston, SC, USCHS","Charleston, SC, USCHS","Huangpu Pt, 44, CNHUA",CNHUA,MAEU,Maersk,300094432,DRY,0,10/16/2025,3/31/2026,11/5/2025 9:38,561.05,561.05,0,0,561.05,561.05,1
35,USCHS,USCHS,CNHUA,"Charleston, SC, USCHS","Charleston, SC, USCHS","Huangpu Pt, 44, CNHUA",CNHUA,OOLU,OOCL,MT256104,DRY,2,10/20/2025,12/31/2025,11/5/2025 9:38,622,622,159.19,159.19,781.19,781.19,1
36,USCHS,USCHS,CNHUA,"Charleston, SC, USCHS","Charleston, SC, USCHS","Huangpu Pt, 44, CNHUA",CNHUA,ONEY,ONE,CHIM354B25,DRY,1,10/1/2025,12/31/2025,11/5/2025 9:38,624,624,170.85,170.85,794.85,794.85,1
37,USCHS,USCHS,CNHUA,"Charleston, SC, USCHS","Charleston, SC, USCHS","Huangpu Pt, 44, CNHUA",CNYTN,YMLU,YML,51625,DRY,1,10/27/2025,12/31/2025,11/5/2025 9:38,817,817,224.8,224.8,1041.8,1041.8,1
38,USCHS,USCHS,CNHZH,"Charleston, SC, USCHS","Charleston, SC, USCHS","Huzhou Pt, 33, CNHZH",CNSHG,YMLU,YML,51625,DRY,1,10/27/2025,12/31/2025,11/5/2025 9:38,647,647,224.8,224.8,871.8,871.8,1
39,USCHS,USCHS,CNJIA,"Charleston, SC, USCHS","Charleston, SC, USCHS","Jiangyin Pt, 32, CNJIA",CNJIA,MAEU,Maersk,300094432,DRY,0,10/16/2025,3/31/2026,11/5/2025 9:38,709.73,709.73,0,0,709.73,709.73,1
40,USCHS,USCHS,CNJIA,"Charleston, SC, USCHS","Charleston, SC, USCHS","Jiangyin Pt, 32, CNJIA",CNSHG,YMLU,YML,51625,DRY,1,10/27/2025,12/31/2025,11/5/2025 9:38,712,712,224.8,224.8,936.8,936.8,1
41,USCHS,USCHS,CNJIU,"Charleston, SC, USCHS","Charleston, SC, USCHS","Jiujiang Pt, 36, CNJIU",CNSHG,YMLU,YML,51625,DRY,1,10/27/2025,12/31/2025,11/5/2025 9:38,842,842,224.8,224.8,1066.8,1066.8,1
42,USCHS,USCHS,CNJIU,"Charleston, SC, USCHS","Charleston, SC, USCHS","Jiujiang Pt, 36, CNJIU",CNJIU,MAEU,Maersk,300094432,DRY,0,10/16/2025,3/31/2026,11/5/2025 9:38,1671.78,1671.78,0,0,1671.78,1671.78,1
43,USCHS,USCHS,CNJMN,"Charleston, SC, USCHS","Charleston, SC, USCHS","Jiangmen Pt, 44, CNJMN",CNJMN,MAEU,Maersk,300094432,DRY,0,10/16/2025,3/31/2026,11/5/2025 9:38,829.05,829.05,0,0,829.05,829.05,1
44,USCHS,USCHS,CNJNZ,"Charleston, SC, USCHS","Charleston, SC, USCHS","Jinzhou Pt, 21, CNJNZ",KRPUS,YMLU,YML,51625,DRY,1,10/27/2025,12/31/2025,11/5/2025 9:38,1402,1402,125.98,125.98,1527.98,1527.98,1
45,USCHS,USCHS,CNJZK,"Charleston, SC, USCHS","Charleston, SC, USCHS","Jingzhou Pt, 42, CNJZK",CNSHG,YMLU,YML,51625,DRY,1,10/27/2025,12/31/2025,11/5/2025 9:38,862,862,224.8,224.8,1086.8,1086.8,1
46,USCHS,USCHS,CNKHN,"Charleston, SC, USCHS","Charleston, SC, USCHS","Nanchang Changbei, 36, CNKHN",CNSHG,YMLU,YML,51625,DRY,1,10/27/2025,12/31/2025,11/5/2025 9:38,922,922,224.8,224.8,1146.8,1146.8,1
47,USCHS,USCHS,CNKUS,"Charleston, SC, USCHS","Charleston, SC, USCHS","Kunshan, 32, CNKUS",CNSHG,YMLU,YML,51625,DRY,1,10/27/2025,12/31/2025,11/5/2025 9:38,872,872,224.8,224.8,1096.8,1096.8,1
48,USCHS,USCHS,CNLYG,"Charleston, SC, USCHS","Charleston, SC, USCHS","Lianyungang, 32, CNLYG",CNLYG,MAEU,Maersk,300094432,DRY,0,10/16/2025,3/31/2026,11/5/2025 9:38,361.05,361.05,0,0,361.05,361.05,1
49,USCHS,USCHS,CNLYG,"Charleston, SC, USCHS","Charleston, SC, USCHS","Lianyungang, 32, CNLYG",CNLYG,ONEY,ONE,CHIM354B25,DRY,1,10/1/2025,12/31/2025,11/5/2025 9:38,689,689,117.04,117.04,806.04,806.04,1
50,USCHS,USCHS,CNLYG,"Charleston, SC, USCHS","Charleston, SC, USCHS","Lianyungang, 32, CNLYG",CNSHG,YMLU,YML,51625,DRY,1,10/27/2025,12/31/2025,11/5/2025 9:38,797,797,224.8,224.8,1021.8,1021.8,1
51,USCHS,USCHS,CNLYG,"Charleston, SC, USCHS","Charleston, SC, USCHS","Lianyungang, 32, CNLYG",CNNBG,YMLU,YML,51625,DRY,1,10/27/2025,12/31/2025,11/5/2025 9:38,797,797,224.8,224.8,1021.8,1021.8,1
52,USCHS,USCHS,CNLZU,"Charleston, SC, USCHS","Charleston, SC, USCHS","Luzhou, 51, CNLZU",CNSHG,YMLU,YML,51625,DRY,1,10/27/2025,12/31/2025,11/5/2025 9:38,1322,1322,224.8,224.8,1546.8,1546.8,1
53,USCHS,USCHS,CNMAA,"Charleston, SC, USCHS","Charleston, SC, USCHS","Maanshan Pt, 34, CNMAA",CNSHG,YMLU,YML,51625,DRY,1,10/27/2025,12/31/2025,11/5/2025 9:38,722,722,224.8,224.8,946.8,946.8,1
54,USCHS,USCHS,CNNBG,"Charleston, SC, USCHS","Charleston, SC, USCHS","Ningbo Pt, 33, CNNBG",CNNBG,YMLU,YML,51625,DRY,1,10/27/2025,12/31/2025,11/5/2025 9:38,107,107,224.8,224.8,331.8,331.8,1
55,USCHS,USCHS,CNNBG,"Charleston, SC, USCHS","Charleston, SC, USCHS","Ningbo Pt, 33, CNNBG",CNNBG,MAEU,Maersk,300094432,DRY,0,10/16/2025,3/31/2026,11/5/2025 9:38,221.05,221.05,0,0,221.05,221.05,1
56,USCHS,USCHS,CNNBG,"Charleston, SC, USCHS","Charleston, SC, USCHS","Ningbo Pt, 33, CNNBG",CNNBG,OOLU,OOCL,MT256104,DRY,2,10/20/2025,12/31/2025,11/5/2025 9:38,267,267,160.87,160.87,427.87,427.87,1
57,USCHS,USCHS,CNNBG,"Charleston, SC, USCHS","Charleston, SC, USCHS","Ningbo Pt, 33, CNNBG",CNNBG,YMLU,YML,51625,DRY,1,10/27/2025,12/31/2025,11/5/2025 9:38,382,382,224.8,224.8,606.8,606.8,1
58,USCHS,USCHS,CNNBG,"Charleston, SC, USCHS","Charleston, SC, USCHS","Ningbo Pt, 33, CNNBG","NINGBO, CHINA",EGLV,EMC,SC103574,DRY,,10/1/2025,12/31/2025,11/5/2025 9:38,450,450,0,0,450,450,1
59,USCHS,USCHS,CNNBG,"Charleston, SC, USCHS","Charleston, SC, USCHS","Ningbo Pt, 33, CNNBG",CNNBG,ONEY,ONE,CHIM354B25,DRY,1,10/1/2025,12/31/2025,11/5/2025 9:38,589,589,120.69,120.69,709.69,709.69,1
60,USCHS,USCHS,CNNBG,"Charleston, SC, USCHS","Charleston, SC, USCHS","Ningbo Pt, 33, CNNBG",KRPUS,YMLU,YML,51625,DRY,1,10/27/2025,12/31/2025,11/5/2025 9:38,602,602,125.98,125.98,727.98,727.98,1
61,USCHS,USCHS,CNNBG,"Charleston, SC, USCHS","Charleston, SC, USCHS","Ningbo Pt, 33, CNNBG",SGSIN,YMLU,YML,51625,DRY,1,10/27/2025,12/31/2025,11/5/2025 9:38,642,642,268.95,268.95,910.95,910.95,1
62,USCHS,USCHS,CNNJG,"Charleston, SC, USCHS","Charleston, SC, USCHS","Nanjing Pt, 35, CNNJG",CNSHG,YMLU,YML,51625,DRY,1,10/27/2025,12/31/2025,11/5/2025 9:38,712,712,224.8,224.8,936.8,936.8,1
63,USCHS,USCHS,CNNJG,"Charleston, SC, USCHS","Charleston, SC, USCHS","Nanjing Pt, 35, CNNJG",CNNJG,MAEU,Maersk,300094432,DRY,0,10/16/2025,3/31/2026,11/5/2025 9:38,713.73,713.73,0,0,713.73,713.73,1
64,USCHS,USCHS,CNNJP,"Charleston, SC, USCHS","Charleston, SC, USCHS","Nanjing Pt, 32, CNNJP",CNSHG,YMLU,YML,51625,DRY,1,10/27/2025,12/31/2025,11/5/2025 9:38,712,712,224.8,224.8,936.8,936.8,1
65,USCHS,USCHS,CNNKG,"Charleston, SC, USCHS","Charleston, SC, USCHS","Nanjing Lukou, 32, CNNKG",CNNKG,ONEY,ONE,CHIM354B25,DRY,1,10/1/2025,12/31/2025,11/5/2025 9:38,709,709,116.33,116.33,825.33,825.33,1
66,USCHS,USCHS,CNNKG,"Charleston, SC, USCHS","Charleston, SC, USCHS","Nanjing Lukou, 32, CNNKG",CNSHG,YMLU,YML,51625,DRY,1,10/27/2025,12/31/2025,11/5/2025 9:38,712,712,224.8,224.8,936.8,936.8,1
67,USCHS,USCHS,CNNSA,"Charleston, SC, USCHS","Charleston, SC, USCHS","Nansha Pt, 44, CNNSA",CNNSA,ONEY,ONE,CHIM354B25,DRY,1,10/1/2025,12/31/2025,11/5/2025 9:38,839,839,170.85,170.85,1009.85,1009.85,1
68,USCHS,USCHS,CNNTG,"Charleston, SC, USCHS","Charleston, SC, USCHS","Nantong Pt, 32, CNNTG",CNNTG,MAEU,Maersk,300094432,DRY,0,10/16/2025,3/31/2026,11/5/2025 9:38,360.73,360.73,0,0,360.73,360.73,1
69,USCHS,USCHS,CNNTG,"Charleston, SC, USCHS","Charleston, SC, USCHS","Nantong Pt, 32, CNNTG",CNNTG,ONEY,ONE,CHIM354B25,DRY,1,10/1/2025,12/31/2025,11/5/2025 9:38,674,674,116.33,116.33,790.33,790.33,1
70,USCHS,USCHS,CNNTG,"Charleston, SC, USCHS","Charleston, SC, USCHS","Nantong Pt, 32, CNNTG",CNSHG,YMLU,YML,51625,DRY,1,10/27/2025,12/31/2025,11/5/2025 9:38,712,712,224.8,224.8,936.8,936.8,1
71,USCHS,USCHS,CNQDG,"Charleston, SC, USCHS","Charleston, SC, USCHS","Qingdao Pt, 32, CNQDG",CNQDG,MAEU,Maersk,300094432,DRY,0,10/16/2025,3/31/2026,11/5/2025 9:38,121.05,121.05,0,0,121.05,121.05,1
72,USCHS,USCHS,CNQDG,"Charleston, SC, USCHS","Charleston, SC, USCHS","Qingdao Pt, 32, CNQDG",CNQDG,OOLU,OOCL,MT256104,DRY,2,10/20/2025,12/31/2025,11/5/2025 9:38,327,327,190.8,190.8,517.8,517.8,1
73,USCHS,USCHS,CNQDG,"Charleston, SC, USCHS","Charleston, SC, USCHS","Qingdao Pt, 32, CNQDG",CNQDG,YMLU,YML,51625,DRY,1,10/27/2025,12/31/2025,11/5/2025 9:38,382,382,224.8,224.8,606.8,606.8,1
74,USCHS,USCHS,CNQDG,"Charleston, SC, USCHS","Charleston, SC, USCHS","Qingdao Pt, 32, CNQDG","QINGDAO, CHINA",EGLV,EMC,SC103574,DRY,,10/1/2025,12/31/2025,11/5/2025 9:38,450,450,0,0,450,450,1
75,USCHS,USCHS,CNQDG,"Charleston, SC, USCHS","Charleston, SC, USCHS","Qingdao Pt, 32, CNQDG",KRPUS,YMLU,YML,51625,DRY,1,10/27/2025,12/31/2025,11/5/2025 9:38,712,712,125.98,125.98,837.98,837.98,1
76,USCHS,USCHS,CNQDG,"Charleston, SC, USCHS","Charleston, SC, USCHS","Qingdao Pt, 32, CNQDG",SGSIN,YMLU,YML,51625,DRY,1,10/27/2025,12/31/2025,11/5/2025 9:38,757,757,268.95,268.95,1025.95,1025.95,1
77,USCHS,USCHS,CNQDG,"Charleston, SC, USCHS","Charleston, SC, USCHS","Qingdao Pt, 32, CNQDG",CNQDG,ONEY,ONE,CHIM354B25,DRY,1,10/1/2025,12/31/2025,11/5/2025 9:38,794,794,117.04,117.04,911.04,911.04,1
78,USCHS,USCHS,CNQZH,"Charleston, SC, USCHS","Charleston, SC, USCHS","Qinzhou Pt, 45, CNQZH",CNQZH,MAEU,Maersk,300094432,DRY,0,10/16/2025,3/31/2026,11/5/2025 9:38,783.05,783.05,0,0,783.05,783.05,1
79,USCHS,USCHS,CNRUG,"Charleston, SC, USCHS","Charleston, SC, USCHS","Rugao Pt, 32, CNRUG",CNRUG,MAEU,Maersk,300094432,DRY,0,10/16/2025,3/31/2026,11/5/2025 9:38,502.73,502.73,0,0,502.73,502.73,1
80,USCHS,USCHS,CNSHG,"Charleston, SC, USCHS","Charleston, SC, USCHS","Shanghai Pt, 44, CNSHG",CNSHG,YMLU,YML,51625,DRY,1,10/27/2025,12/31/2025,11/5/2025 9:38,107,107,224.8,224.8,331.8,331.8,1
81,USCHS,USCHS,CNSHG,"Charleston, SC, USCHS","Charleston, SC, USCHS","Shanghai Pt, 44, CNSHG",CNSHG,MAEU,Maersk,300094432,DRY,0,10/16/2025,3/31/2026,11/5/2025 9:38,258.05,258.05,0,0,258.05,258.05,1
82,USCHS,USCHS,CNSHG,"Charleston, SC, USCHS","Charleston, SC, USCHS","Shanghai Pt, 44, CNSHG",CNSHG,OOLU,OOCL,MT256104,DRY,2,10/20/2025,12/31/2025,11/5/2025 9:38,267,267,160.87,160.87,427.87,427.87,1
83,USCHS,USCHS,CNSHG,"Charleston, SC, USCHS","Charleston, SC, USCHS","Shanghai Pt, 44, CNSHG",CNSHG,YMLU,YML,51625,DRY,1,10/27/2025,12/31/2025,11/5/2025 9:38,382,382,224.8,224.8,606.8,606.8,1
84,USCHS,USCHS,CNSHG,"Charleston, SC, USCHS","Charleston, SC, USCHS","Shanghai Pt, 44, CNSHG",SHANGHAI,EGLV,EMC,SC103574,DRY,,10/1/2025,12/31/2025,11/5/2025 9:38,450,450,0,0,450,450,1
85,USCHS,USCHS,CNSHG,"Charleston, SC, USCHS","Charleston, SC, USCHS","Shanghai Pt, 44, CNSHG",CNSHG,ONEY,ONE,CHIM354B25,DRY,1,10/1/2025,12/31/2025,11/5/2025 9:38,574,574,116.33,116.33,690.33,690.33,1
86,USCHS,USCHS,CNSHG,"Charleston, SC, USCHS","Charleston, SC, USCHS","Shanghai Pt, 44, CNSHG",SGSIN,YMLU,YML,51625,DRY,1,10/27/2025,12/31/2025,11/5/2025 9:38,642,642,268.95,268.95,910.95,910.95,1
87,USCHS,USCHS,CNSHK,"Charleston, SC, USCHS","Charleston, SC, USCHS","Shekou Pt, 44, CNSHK",SGSIN,YMLU,YML,51625,DRY,1,10/27/2025,12/31/2025,11/5/2025 9:38,587,587,268.95,268.95,855.95,855.95,1
88,USCHS,USCHS,CNSHK,"Charleston, SC, USCHS","Charleston, SC, USCHS","Shekou Pt, 44, CNSHK",CNSHK,ONEY,ONE,CHIM354B25,DRY,1,10/1/2025,12/31/2025,11/5/2025 9:38,889,889,170.85,170.85,1059.85,1059.85,1
89,USCHS,USCHS,CNSZG,"Charleston, SC, USCHS","Charleston, SC, USCHS","Suzhou Pt, 32, CNSZG",CNSHG,YMLU,YML,51625,DRY,1,10/27/2025,12/31/2025,11/5/2025 9:38,872,872,224.8,224.8,1096.8,1096.8,1
90,USCHS,USCHS,CNTAC,"Charleston, SC, USCHS","Charleston, SC, USCHS","Taicang Pt, 32, CNTAC",CNSHG,YMLU,YML,51625,DRY,1,10/27/2025,12/31/2025,11/5/2025 9:38,482,482,224.8,224.8,706.8,706.8,1
91,USCHS,USCHS,CNTAG,"Charleston, SC, USCHS","Charleston, SC, USCHS","Taicang, 32, CNTAG",CNSHG,YMLU,YML,51625,DRY,1,10/27/2025,12/31/2025,11/5/2025 9:38,482,482,224.8,224.8,706.8,706.8,1
92,USCHS,USCHS,CNTAZ,"Charleston, SC, USCHS","Charleston, SC, USCHS","Taizhou Pt, 33, CNTAZ",CNSHG,YMLU,YML,51625,DRY,1,10/27/2025,12/31/2025,11/5/2025 9:38,712,712,224.8,224.8,936.8,936.8,1
93,USCHS,USCHS,CNTOL,"Charleston, SC, USCHS","Charleston, SC, USCHS","Tongling Pt, 34, CNTOL",CNSHG,YMLU,YML,51625,DRY,1,10/27/2025,12/31/2025,11/5/2025 9:38,752,752,224.8,224.8,976.8,976.8,1
94,USCHS,USCHS,CNTXG,"Charleston, SC, USCHS","Charleston, SC, USCHS","Tianjin Xingang Pt, 12, CNTXG",CNTXG,MAEU,Maersk,300094432,DRY,0,10/16/2025,3/31/2026,11/5/2025 9:38,151.05,151.05,0,0,151.05,151.05,1
95,USCHS,USCHS,CNTXG,"Charleston, SC, USCHS","Charleston, SC, USCHS","Tianjin Xingang Pt, 12, CNTXG",CNTXG,ONEY,ONE,CHIM354B25,DRY,1,10/1/2025,12/31/2025,11/5/2025 9:38,549,549,114.37,114.37,663.37,663.37,1
96,USCHS,USCHS,CNTXG,"Charleston, SC, USCHS","Charleston, SC, USCHS","Tianjin Xingang Pt, 12, CNTXG",CNTXG,YMLU,YML,51625,DRY,1,10/27/2025,12/31/2025,11/5/2025 9:38,557,557,224.8,224.8,781.8,781.8,1
97,USCHS,USCHS,CNTXG,"Charleston, SC, USCHS","Charleston, SC, USCHS","Tianjin Xingang Pt, 12, CNTXG",KRPUS,YMLU,YML,51625,DRY,1,10/27/2025,12/31/2025,11/5/2025 9:38,732,732,125.98,125.98,857.98,857.98,1
98,USCHS,USCHS,CNTXG,"Charleston, SC, USCHS","Charleston, SC, USCHS","Tianjin Xingang Pt, 12, CNTXG",TWKHH,YMLU,YML,51625,DRY,1,10/27/2025,12/31/2025,11/5/2025 9:38,817,817,227.3,227.3,1044.3,1044.3,1
99,USCHS,USCHS,CNWHG,"Charleston, SC, USCHS","Charleston, SC, USCHS","Wuhan Pt, 42, CNWHG",CNWHG,MAEU,Maersk,300094432,DRY,0,10/16/2025,3/31/2026,11/5/2025 9:38,425.73,425.73,0,0,425.73,425.73,1
100,USCHS,USCHS,CNWHG,"Charleston, SC, USCHS","Charleston, SC, USCHS","Wuhan Pt, 42, CNWHG",CNSHG,YMLU,YML,51625,DRY,1,10/27/2025,12/31/2025,11/5/2025 9:38,852,852,224.8,224.8,1076.8,1076.8,1
101,USCHS,USCHS,CNWHI,"Charleston, SC, USCHS","Charleston, SC, USCHS","Wuhu Pt, 34, CNWHI",CNSHG,YMLU,YML,51625,DRY,1,10/27/2025,12/31/2025,11/5/2025 9:38,712,712,224.8,224.8,936.8,936.8,1
102,USCHS,USCHS,CNWJA,"Charleston, SC, USCHS","Charleston, SC, USCHS","Wujiang, 32, CNWJA",CNSHG,YMLU,YML,51625,DRY,1,10/27/2025,12/31/2025,11/5/2025 9:38,892,892,224.8,224.8,1116.8,1116.8,1
103,USCHS,USCHS,CNWNZ,"Charleston, SC, USCHS","Charleston, SC, USCHS","Wenzhou Longwan, 33, CNWNZ",CNSHG,YMLU,YML,51625,DRY,1,10/27/2025,12/31/2025,11/5/2025 9:38,752,752,224.8,224.8,976.8,976.8,1
104,USCHS,USCHS,CNWNZ,"Charleston, SC, USCHS","Charleston, SC, USCHS","Wenzhou Longwan, 33, CNWNZ",CNNBG,YMLU,YML,51625,DRY,1,10/27/2025,12/31/2025,11/5/2025 9:38,752,752,224.8,224.8,976.8,976.8,1
105,USCHS,USCHS,CNWUH,"Charleston, SC, USCHS","Charleston, SC, USCHS","Wuhan Tianhe, 42, CNWUH",CNWUH,ONEY,ONE,CHIM354B25,DRY,1,10/1/2025,12/31/2025,11/5/2025 9:38,874,874,116.33,116.33,990.33,990.33,1
106,USCHS,USCHS,CNWUZ,"Charleston, SC, USCHS","Charleston, SC, USCHS","Wuzhou Pt, 45, CNWUZ",CNWUZ,ONEY,ONE,CHIM354B25,DRY,1,10/1/2025,12/31/2025,11/5/2025 9:38,844,844,170.85,170.85,1014.85,1014.85,1
107,USCHS,USCHS,CNXIA,"Charleston, SC, USCHS","Charleston, SC, USCHS","Xian, 33, CNXIA",CNSHG,YMLU,YML,51625,DRY,1,10/27/2025,12/31/2025,11/5/2025 9:38,2657,2657,224.8,224.8,2881.8,2881.8,1
108,USCHS,USCHS,CNXMG,"Charleston, SC, USCHS","Charleston, SC, USCHS","Xiamen Pt, 35, CNXMG",CNXMG,YMLU,YML,51625,DRY,1,10/27/2025,12/31/2025,11/5/2025 9:38,107,107,224.8,224.8,331.8,331.8,1
109,USCHS,USCHS,CNXMG,"Charleston, SC, USCHS","Charleston, SC, USCHS","Xiamen Pt, 35, CNXMG",CNXMG,OOLU,OOCL,MT256104,DRY,2,10/20/2025,12/31/2025,11/5/2025 9:38,267,267,159.19,159.19,426.19,426.19,1
110,USCHS,USCHS,CNXMG,"Charleston, SC, USCHS","Charleston, SC, USCHS","Xiamen Pt, 35, CNXMG",CNXMG,MAEU,Maersk,300094432,DRY,0,10/16/2025,3/31/2026,11/5/2025 9:38,301.05,301.05,0,0,301.05,301.05,1
111,USCHS,USCHS,CNXMG,"Charleston, SC, USCHS","Charleston, SC, USCHS","Xiamen Pt, 35, CNXMG","XIAMEN, CHINA",EGLV,EMC,SC103574,DRY,,10/1/2025,12/31/2025,11/5/2025 9:38,650,650,0,0,650,650,1
112,USCHS,USCHS,CNXMG,"Charleston, SC, USCHS","Charleston, SC, USCHS","Xiamen Pt, 35, CNXMG",CNXMG,ONEY,ONE,CHIM354B25,DRY,1,10/1/2025,12/31/2025,11/5/2025 9:38,764,764,114.37,114.37,878.37,878.37,1
113,USCHS,USCHS,CNYBN,"Charleston, SC, USCHS","Charleston, SC, USCHS","Yibin, 51, CNYBN",CNSHG,YMLU,YML,51625,DRY,1,10/27/2025,12/31/2025,11/5/2025 9:38,1382,1382,224.8,224.8,1606.8,1606.8,1
114,USCHS,USCHS,CNYIC,"Charleston, SC, USCHS","Charleston, SC, USCHS","Yichang, 42, CNYIC",CNSHG,YMLU,YML,51625,DRY,1,10/27/2025,12/31/2025,11/5/2025 9:38,962,962,224.8,224.8,1186.8,1186.8,1
115,USCHS,USCHS,CNYNT,"Charleston, SC, USCHS","Charleston, SC, USCHS","Yantai Laishan, 37, CNYNT",CNYNT,ONEY,ONE,CHIM354B25,DRY,1,10/1/2025,12/31/2025,11/5/2025 9:38,744,744,117.04,117.04,861.04,861.04,1
116,USCHS,USCHS,CNYPG,"Charleston, SC, USCHS","Charleston, SC, USCHS","Yangpu Pt, 46, CNYPG",CNYPG,OOLU,OOCL,MT256104,DRY,2,10/20/2025,12/31/2025,11/5/2025 9:38,267,267,0,0,267,267,1
117,USCHS,USCHS,CNYTN,"Charleston, SC, USCHS","Charleston, SC, USCHS","Yantian Pt, 44, CNYTN",CNYTN,YMLU,YML,51625,DRY,1,10/27/2025,12/31/2025,11/5/2025 9:38,157,157,224.8,224.8,381.8,381.8,1
118,USCHS,USCHS,CNYTN,"Charleston, SC, USCHS","Charleston, SC, USCHS","Yantian Pt, 44, CNYTN",CNYTN,OOLU,OOCL,MT256104,DRY,2,10/20/2025,12/31/2025,11/5/2025 9:38,267,267,159.19,159.19,426.19,426.19,1
119,USCHS,USCHS,CNYTN,"Charleston, SC, USCHS","Charleston, SC, USCHS","Yantian Pt, 44, CNYTN",CNYTN,YMLU,YML,51625,DRY,1,10/27/2025,12/31/2025,11/5/2025 9:38,382,382,224.8,224.8,606.8,606.8,1
120,USCHS,USCHS,CNYTN,"Charleston, SC, USCHS","Charleston, SC, USCHS","Yantian Pt, 44, CNYTN",CNYTN,MAEU,Maersk,300094432,DRY,0,10/16/2025,3/31/2026,11/5/2025 9:38,459.05,459.05,0,0,459.05,459.05,1
121,USCHS,USCHS,CNYTN,"Charleston, SC, USCHS","Charleston, SC, USCHS","Yantian Pt, 44, CNYTN",CNYTN,ONEY,ONE,CHIM354B25,DRY,1,10/1/2025,12/31/2025,11/5/2025 9:38,514,514,170.85,170.85,684.85,684.85,1
122,USCHS,USCHS,CNYTN,"Charleston, SC, USCHS","Charleston, SC, USCHS","Yantian Pt, 44, CNYTN",KRPUS,YMLU,YML,51625,DRY,1,10/27/2025,12/31/2025,11/5/2025 9:38,562,562,125.98,125.98,687.98,687.98,1
123,USCHS,USCHS,CNYTN,"Charleston, SC, USCHS","Charleston, SC, USCHS","Yantian Pt, 44, CNYTN","YANTIAN, CHINA",EGLV,EMC,SC103574,DRY,,10/1/2025,12/31/2025,11/5/2025 9:38,700,700,0,0,700,700,1
124,USCHS,USCHS,CNYYA,"Charleston, SC, USCHS","Charleston, SC, USCHS","Yueyang, 50, CNYYA",CNYYA,MAEU,Maersk,300094432,DRY,0,10/16/2025,3/31/2026,11/5/2025 9:38,362.73,362.73,0,0,362.73,362.73,1
125,USCHS,USCHS,CNYYA,"Charleston, SC, USCHS","Charleston, SC, USCHS","Yueyang, 50, CNYYA",CNYYA,ONEY,ONE,CHIM354B25,DRY,1,10/1/2025,12/31/2025,11/5/2025 9:38,849,849,120.97,120.97,969.97,969.97,1
126,USCHS,USCHS,CNYYA,"Charleston, SC, USCHS","Charleston, SC, USCHS","Yueyang, 50, CNYYA",CNSHG,YMLU,YML,51625,DRY,1,10/27/2025,12/31/2025,11/5/2025 9:38,962,962,224.8,224.8,1186.8,1186.8,1
127,USCHS,USCHS,CNYZH,"Charleston, SC, USCHS","Charleston, SC, USCHS","Yangzhou Pt, 32, CNYZH",CNSHG,YMLU,YML,51625,DRY,1,10/27/2025,12/31/2025,11/5/2025 9:38,712,712,224.8,224.8,936.8,936.8,1
128,USCHS,USCHS,CNZAP,"Charleston, SC, USCHS","Charleston, SC, USCHS","Zhapu, 33, CNZAP",CNNBG,YMLU,YML,51625,DRY,1,10/27/2025,12/31/2025,11/5/2025 9:38,662,662,224.8,224.8,886.8,886.8,1
129,USCHS,USCHS,CNZHE,"Charleston, SC, USCHS","Charleston, SC, USCHS","Zhenjiang Pt, 32, CNZHE",CNSHG,YMLU,YML,51625,DRY,1,10/27/2025,12/31/2025,11/5/2025 9:38,682,682,224.8,224.8,906.8,906.8,1
130,USCHS,USCHS,CNZHU,"Charleston, SC, USCHS","Charleston, SC, USCHS","Zhuao, 41, CNZHU",CNZHU,MAEU,Maersk,300094432,DRY,0,10/16/2025,3/31/2026,11/5/2025 9:38,819.05,819.05,0,0,819.05,819.05,1
131,USCHS,USCHS,CNZJG,"Charleston, SC, USCHS","Charleston, SC, USCHS","Zhangjiagang, 32, CNZJG",CNSHG,YMLU,YML,51625,DRY,1,10/27/2025,12/31/2025,11/5/2025 9:38,712,712,224.8,224.8,936.8,936.8,1
132,USCHS,USCHS,CNZJG,"Charleston, SC, USCHS","Charleston, SC, USCHS","Zhangjiagang, 32, CNZJG",CNZJG,ONEY,ONE,CHIM354B25,DRY,1,10/1/2025,12/31/2025,11/5/2025 9:38,724,724,116.33,116.33,840.33,840.33,1
133,USCHS,USCHS,CNZJG,"Charleston, SC, USCHS","Charleston, SC, USCHS","Zhangjiagang, 32, CNZJG",CNZJG,MAEU,Maersk,300094432,DRY,0,10/16/2025,3/31/2026,11/5/2025 9:38,750.73,750.73,0,0,750.73,750.73,1
134,USCHS,USCHS,CNZNG,"Charleston, SC, USCHS","Charleston, SC, USCHS","Zhanjiang Pt, 44, CNZNG",CNZNG,MAEU,Maersk,300094432,DRY,0,10/16/2025,3/31/2026,11/5/2025 9:38,959.05,959.05,0,0,959.05,959.05,1
135,USCHS,USCHS,CNZSN,"Charleston, SC, USCHS","Charleston, SC, USCHS","Zhongshan Pt, 44, CNZSN",CNZSN,ONEY,ONE,CHIM354B25,DRY,1,10/1/2025,12/31/2025,11/5/2025 9:38,739,739,170.85,170.85,909.85,909.85,1
136,USCHS,USCHS,CNZUH,"Charleston, SC, USCHS","Charleston, SC, USCHS","Zhuhai Pt, 44, CNZUH",CNZUH,ONEY,ONE,CHIM354B25,DRY,1,10/1/2025,12/31/2025,11/5/2025 9:38,824,824,170.85,170.85,994.85,994.85,1
137,USCHS,USCHS,COSPC,"Charleston, SC, USCHS","Charleston, SC, USCHS","Portuaria Regional Cartagena, BOL, COSPC",COSPC,ONEY,ONE,CHIM354B25,DRY,1,10/1/2025,12/31/2025,11/5/2025 9:38,1458,1458,125,125,1583,1583,1
138,USCHS,USCHS,DZALG,"Charleston, SC, USCHS","Charleston, SC, USCHS","Alger (Algiers), 16, DZALG",DZALG,MAEU,Maersk,300094432,DRY,0,10/16/2025,3/31/2026,11/5/2025 9:38,2442,2442,0,0,2442,2442,1
139,USCHS,USCHS,EGALY,"Charleston, SC, USCHS","Charleston, SC, USCHS","Alexandria, , EGALY",EGALY,MAEU,Maersk,300094432,DRY,0,10/16/2025,3/31/2026,11/5/2025 9:38,3156,3156,0,0,3156,3156,1
140,USCHS,USCHS,EGDAM,"Charleston, SC, USCHS","Charleston, SC, USCHS","Damietta, , EGDAM",EGDAM,MAEU,Maersk,300094432,DRY,0,10/16/2025,3/31/2026,11/5/2025 9:38,1578,1578,0,0,1578,1578,1
141,USCHS,USCHS,ESALG,"Charleston, SC, USCHS","Charleston, SC, USCHS","Algeciras, , ESALG",ESALG,ONEY,ONE,CHIM354B25,DRY,1,10/1/2025,12/31/2025,11/5/2025 9:38,1044,1044,386.41,386.41,1430.41,1430.41,1
142,USCHS,USCHS,GTGUA,"Charleston, SC, USCHS","Charleston, SC, USCHS","Guatemala City, , GTGUA",PUERTO SANTO TOMAS DE CASTILLA,EGLV,EMC,SC103574,DRY,,10/31/2025,11/30/2025,11/5/2025 9:38,3000,3000,0,0,3000,3000,1
143,USCHS,USCHS,HNPCR,"Charleston, SC, USCHS","Charleston, SC, USCHS","Puerto Cortes, , HNPCR",PUERTO CORTES,EGLV,EMC,SC103574,DRY,,10/31/2025,11/30/2025,11/5/2025 9:38,2500,2500,190,190,2690,2690,1
144,USCHS,USCHS,IDBLW,"Charleston, SC, USCHS","Charleston, SC, USCHS","Belawan, , IDBLW",IDBLW,OOLU,OOCL,MT256104,DRY,2,10/20/2025,12/31/2025,11/5/2025 9:38,667,667,145,145,812,812,1
145,USCHS,USCHS,IDBLW,"Charleston, SC, USCHS","Charleston, SC, USCHS","Belawan, , IDBLW",BELAWAN,EGLV,EMC,SC103574,DRY,,10/1/2025,12/31/2025,11/5/2025 9:38,850,850,145,145,995,995,1
146,USCHS,USCHS,IDBLW,"Charleston, SC, USCHS","Charleston, SC, USCHS","Belawan, , IDBLW",IDBLW,MAEU,Maersk,300094432,DRY,0,10/16/2025,3/31/2026,11/5/2025 9:38,1025,1025,0,0,1025,1025,1
147,USCHS,USCHS,IDBLW,"Charleston, SC, USCHS","Charleston, SC, USCHS","Belawan, , IDBLW",IDBLW,ONEY,ONE,CHIM354B25,DRY,1,10/1/2025,12/31/2025,11/5/2025 9:38,1264,1264,505.63,505.63,1769.63,1769.63,1
148,USCHS,USCHS,IDBLW,"Charleston, SC, USCHS","Charleston, SC, USCHS","Belawan, , IDBLW",CNSHG,YMLU,YML,51625,DRY,1,10/27/2025,12/31/2025,11/5/2025 9:38,1287,1287,224.8,224.8,1511.8,1511.8,1
149,USCHS,USCHS,IDBLW,"Charleston, SC, USCHS","Charleston, SC, USCHS","Belawan, , IDBLW",SGSIN,YMLU,YML,51625,DRY,1,10/27/2025,12/31/2025,11/5/2025 9:38,1287,1287,268.95,268.95,1555.95,1555.95,1
150,USCHS,USCHS,IDBLW,"Charleston, SC, USCHS","Charleston, SC, USCHS","Belawan, , IDBLW",IDBLW,YMLU,YML,51625,DRY,1,10/27/2025,12/31/2025,11/5/2025 9:38,1482,1482,0,0,1482,1482,1
151,USCHS,USCHS,IDCKR,"Charleston, SC, USCHS","Charleston, SC, USCHS","Cikarang, JB, IDCKR",IDCKR,ONEY,ONE,CHIM354B25,DRY,1,10/1/2025,12/31/2025,11/5/2025 9:38,1724,1724,505.63,505.63,2229.63,2229.63,1
152,USCHS,USCHS,IDJKT,"Charleston, SC, USCHS","Charleston, SC, USCHS","Jakarta, JK, IDJKT",IDJKT,OOLU,OOCL,MT256104,DRY,2,10/20/2025,12/31/2025,11/5/2025 9:38,667,667,145,145,812,812,1
153,USCHS,USCHS,IDJKT,"Charleston, SC, USCHS","Charleston, SC, USCHS","Jakarta, JK, IDJKT",IDJKT,YMLU,YML,51625,DRY,1,10/27/2025,12/31/2025,11/5/2025 9:38,757,757,145,145,902,902,1
154,USCHS,USCHS,IDJKT,"Charleston, SC, USCHS","Charleston, SC, USCHS","Jakarta, JK, IDJKT",IDJKT,YMLU,YML,51625,DRY,1,10/27/2025,12/31/2025,11/5/2025 9:38,757,757,0,0,757,757,1
155,USCHS,USCHS,IDJKT,"Charleston, SC, USCHS","Charleston, SC, USCHS","Jakarta, JK, IDJKT",IDJKT,MAEU,Maersk,300094432,DRY,0,10/16/2025,3/31/2026,11/5/2025 9:38,775,775,0,0,775,775,1
156,USCHS,USCHS,IDJKT,"Charleston, SC, USCHS","Charleston, SC, USCHS","Jakarta, JK, IDJKT",JAKARTA,EGLV,EMC,SC103574,DRY,,10/1/2025,12/31/2025,11/5/2025 9:38,850,850,145,145,995,995,1
157,USCHS,USCHS,IDJKT,"Charleston, SC, USCHS","Charleston, SC, USCHS","Jakarta, JK, IDJKT",CNSHG,YMLU,YML,51625,DRY,1,10/27/2025,12/31/2025,11/5/2025 9:38,982,982,224.8,224.8,1206.8,1206.8,1
158,USCHS,USCHS,IDJKT,"Charleston, SC, USCHS","Charleston, SC, USCHS","Jakarta, JK, IDJKT",SGSIN,YMLU,YML,51625,DRY,1,10/27/2025,12/31/2025,11/5/2025 9:38,982,982,268.95,268.95,1250.95,1250.95,1
159,USCHS,USCHS,IDJKT,"Charleston, SC, USCHS","Charleston, SC, USCHS","Jakarta, JK, IDJKT",IDJKT,ONEY,ONE,CHIM354B25,DRY,1,10/1/2025,12/31/2025,11/5/2025 9:38,1024,1024,505.63,505.63,1529.63,1529.63,1
160,USCHS,USCHS,IDPLM,"Charleston, SC, USCHS","Charleston, SC, USCHS","Palembang, Sumatra, , IDPLM",SGSIN,YMLU,YML,51625,DRY,1,10/27/2025,12/31/2025,11/5/2025 9:38,1432,1432,268.95,268.95,1700.95,1700.95,1
161,USCHS,USCHS,IDSRG,"Charleston, SC, USCHS","Charleston, SC, USCHS","Semarang, JT, IDSRG",IDSRG,OOLU,OOCL,MT256104,DRY,2,10/20/2025,12/31/2025,11/5/2025 9:38,667,667,145,145,812,812,1
162,USCHS,USCHS,IDSRG,"Charleston, SC, USCHS","Charleston, SC, USCHS","Semarang, JT, IDSRG",IDSRG,MAEU,Maersk,300094432,DRY,0,10/16/2025,3/31/2026,11/5/2025 9:38,775,775,0,0,775,775,1
163,USCHS,USCHS,IDSRG,"Charleston, SC, USCHS","Charleston, SC, USCHS","Semarang, JT, IDSRG",SEMARANG,EGLV,EMC,SC103574,DRY,,10/1/2025,12/31/2025,11/5/2025 9:38,850,850,145,145,995,995,1
164,USCHS,USCHS,IDSRG,"Charleston, SC, USCHS","Charleston, SC, USCHS","Semarang, JT, IDSRG",SGSIN,YMLU,YML,51625,DRY,1,10/27/2025,12/31/2025,11/5/2025 9:38,1032,1032,268.95,268.95,1300.95,1300.95,1
165,USCHS,USCHS,IDSRG,"Charleston, SC, USCHS","Charleston, SC, USCHS","Semarang, JT, IDSRG",IDSRG,ONEY,ONE,CHIM354B25,DRY,1,10/1/2025,12/31/2025,11/5/2025 9:38,1159,1159,505.63,505.63,1664.63,1664.63,1
166,USCHS,USCHS,IDSUB,"Charleston, SC, USCHS","Charleston, SC, USCHS","Surabaya, JI, IDSUB",IDSUB,YMLU,YML,51625,DRY,1,10/27/2025,12/31/2025,11/5/2025 9:38,657,657,0,0,657,657,1
167,USCHS,USCHS,IDSUB,"Charleston, SC, USCHS","Charleston, SC, USCHS","Surabaya, JI, IDSUB",IDSUB,YMLU,YML,51625,DRY,1,10/27/2025,12/31/2025,11/5/2025 9:38,657,657,145,145,802,802,1
168,USCHS,USCHS,IDSUB,"Charleston, SC, USCHS","Charleston, SC, USCHS","Surabaya, JI, IDSUB",IDSUB,OOLU,OOCL,MT256104,DRY,2,10/20/2025,12/31/2025,11/5/2025 9:38,667,667,145,145,812,812,1
169,USCHS,USCHS,IDSUB,"Charleston, SC, USCHS","Charleston, SC, USCHS","Surabaya, JI, IDSUB",IDSUB,MAEU,Maersk,300094432,DRY,0,10/16/2025,3/31/2026,11/5/2025 9:38,775,775,0,0,775,775,1
170,USCHS,USCHS,IDSUB,"Charleston, SC, USCHS","Charleston, SC, USCHS","Surabaya, JI, IDSUB",SURABAYA,EGLV,EMC,SC103574,DRY,,10/1/2025,12/31/2025,11/5/2025 9:38,850,850,145,145,995,995,1
171,USCHS,USCHS,IDSUB,"Charleston, SC, USCHS","Charleston, SC, USCHS","Surabaya, JI, IDSUB",CNSHG,YMLU,YML,51625,DRY,1,10/27/2025,12/31/2025,11/5/2025 9:38,982,982,224.8,224.8,1206.8,1206.8,1
172,USCHS,USCHS,IDSUB,"Charleston, SC, USCHS","Charleston, SC, USCHS","Surabaya, JI, IDSUB",SGSIN,YMLU,YML,51625,DRY,1,10/27/2025,12/31/2025,11/5/2025 9:38,982,982,268.95,268.95,1250.95,1250.95,1
173,USCHS,USCHS,IDSUB,"Charleston, SC, USCHS","Charleston, SC, USCHS","Surabaya, JI, IDSUB",IDSUB,ONEY,ONE,CHIM354B25,DRY,1,10/1/2025,12/31/2025,11/5/2025 9:38,1024,1024,505.63,505.63,1529.63,1529.63,1
174,USCHS,USCHS,INCCU,"Charleston, SC, USCHS","Charleston, SC, USCHS","Kolkata (ex Calcutta), WB, INCCU",INCCU,ONEY,ONE,CHIM354B25,DRY,1,10/1/2025,12/31/2025,11/5/2025 9:38,1964,1964,280.64,280.64,2244.64,2244.64,1
175,USCHS,USCHS,INCCU,"Charleston, SC, USCHS","Charleston, SC, USCHS","Kolkata (ex Calcutta), WB, INCCU",SGSIN,YMLU,YML,51625,DRY,1,10/27/2025,12/31/2025,11/5/2025 9:38,2032,2032,268.95,268.95,2300.95,2300.95,1
176,USCHS,USCHS,INCCU,"Charleston, SC, USCHS","Charleston, SC, USCHS","Kolkata (ex Calcutta), WB, INCCU",CNNBG,YMLU,YML,51625,DRY,1,10/27/2025,12/31/2025,11/5/2025 9:38,2032,2032,224.8,224.8,2256.8,2256.8,1
177,USCHS,USCHS,INCCU,"Charleston, SC, USCHS","Charleston, SC, USCHS","Kolkata (ex Calcutta), WB, INCCU",CNSHG,YMLU,YML,51625,DRY,1,10/27/2025,12/31/2025,11/5/2025 9:38,2032,2032,224.8,224.8,2256.8,2256.8,1
178,USCHS,USCHS,INCOK,"Charleston, SC, USCHS","Charleston, SC, USCHS","Cochin, KL, INCOK",INCOK,MAEU,Maersk,300094432,DRY,0,10/16/2025,3/31/2026,11/5/2025 9:38,1764,1764,0,0,1764,1764,1
179,USCHS,USCHS,INCOK,"Charleston, SC, USCHS","Charleston, SC, USCHS","Cochin, KL, INCOK",INCOK,ONEY,ONE,CHIM354B25,DRY,1,10/1/2025,12/31/2025,11/5/2025 9:38,1964,1964,249.51,249.51,2213.51,2213.51,1
180,USCHS,USCHS,INHAL,"Charleston, SC, USCHS","Charleston, SC, USCHS","Haldia, WB, INHAL",INHAL,OOLU,OOCL,MT256104,DRY,2,10/20/2025,12/31/2025,11/5/2025 9:38,2957,2957,0,0,2957,2957,1
181,USCHS,USCHS,INHZA,"Charleston, SC, USCHS","Charleston, SC, USCHS","Hazira Port/Surat, GJ, INHZA",INHZA,ONEY,ONE,CHIM354B25,DRY,1,10/1/2025,12/31/2025,11/5/2025 9:38,1064,1064,262.63,262.63,1326.63,1326.63,1
182,USCHS,USCHS,INKOC,"Charleston, SC, USCHS","Charleston, SC, USCHS","Kochi, , INKOC",KRPUS,YMLU,YML,51625,DRY,1,10/27/2025,12/31/2025,11/5/2025 9:38,2422,2422,125.98,125.98,2547.98,2547.98,1
183,USCHS,USCHS,INKOC,"Charleston, SC, USCHS","Charleston, SC, USCHS","Kochi, , INKOC",INKOC,OOLU,OOCL,MT256104,DRY,2,10/20/2025,12/31/2025,11/5/2025 9:38,3187,3187,270.35,270.35,3457.35,3457.35,1
184,USCHS,USCHS,INKTP,"Charleston, SC, USCHS","Charleston, SC, USCHS","Kattupalli Port, TN, INKTP",INKTP,OOLU,OOCL,MT256104,DRY,2,10/20/2025,12/31/2025,11/5/2025 9:38,1337,1337,0,0,1337,1337,1
185,USCHS,USCHS,INMAA,"Charleston, SC, USCHS","Charleston, SC, USCHS","Chennai (ex Madras), TN, INMAA",INMAA,MAEU,Maersk,300094432,DRY,0,10/16/2025,3/31/2026,11/5/2025 9:38,1764,1764,0,0,1764,1764,1
186,USCHS,USCHS,INMAA,"Charleston, SC, USCHS","Charleston, SC, USCHS","Chennai (ex Madras), TN, INMAA",CNNBG,YMLU,YML,51625,DRY,1,10/27/2025,12/31/2025,11/5/2025 9:38,1782,1782,224.8,224.8,2006.8,2006.8,1
187,USCHS,USCHS,INMAA,"Charleston, SC, USCHS","Charleston, SC, USCHS","Chennai (ex Madras), TN, INMAA",CNSHG,YMLU,YML,51625,DRY,1,10/27/2025,12/31/2025,11/5/2025 9:38,1782,1782,224.8,224.8,2006.8,2006.8,1
188,USCHS,USCHS,INMAA,"Charleston, SC, USCHS","Charleston, SC, USCHS","Chennai (ex Madras), TN, INMAA",SGSIN,YMLU,YML,51625,DRY,1,10/27/2025,12/31/2025,11/5/2025 9:38,1782,1782,268.95,268.95,2050.95,2050.95,1
189,USCHS,USCHS,INMAA,"Charleston, SC, USCHS","Charleston, SC, USCHS","Chennai (ex Madras), TN, INMAA",INMAA,ONEY,ONE,CHIM354B25,DRY,1,10/1/2025,12/31/2025,11/5/2025 9:38,1964,1964,227.54,227.54,2191.54,2191.54,1
190,USCHS,USCHS,INMUN,"Charleston, SC, USCHS","Charleston, SC, USCHS","Mundra, GJ, INMUN",INMUN,OOLU,OOCL,MT256104,DRY,2,10/20/2025,12/31/2025,11/5/2025 9:38,747,747,180.23,180.23,927.23,927.23,1
191,USCHS,USCHS,INMUN,"Charleston, SC, USCHS","Charleston, SC, USCHS","Mundra, GJ, INMUN",INMUN,ONEY,ONE,CHIM354B25,DRY,1,10/1/2025,12/31/2025,11/5/2025 9:38,1114,1114,324.41,324.41,1438.41,1438.41,1
192,USCHS,USCHS,INMUN,"Charleston, SC, USCHS","Charleston, SC, USCHS","Mundra, GJ, INMUN",INMUN,MAEU,Maersk,300094432,DRY,0,10/16/2025,3/31/2026,11/5/2025 9:38,1420,1420,0,0,1420,1420,1
193,USCHS,USCHS,INNSA,"Charleston, SC, USCHS","Charleston, SC, USCHS","Nhava Sheva, MH, INNSA",INNSA,OOLU,OOCL,MT256104,DRY,2,10/20/2025,12/31/2025,11/5/2025 9:38,747,747,157.7,157.7,904.7,904.7,1
194,USCHS,USCHS,INNSA,"Charleston, SC, USCHS","Charleston, SC, USCHS","Nhava Sheva, MH, INNSA",INNSA,ONEY,ONE,CHIM354B25,DRY,1,10/1/2025,12/31/2025,11/5/2025 9:38,1114,1114,290.62,290.62,1404.62,1404.62,1
195,USCHS,USCHS,INNSA,"Charleston, SC, USCHS","Charleston, SC, USCHS","Nhava Sheva, MH, INNSA",NHAVA SHEVA,EGLV,EMC,SC103574,DRY,,10/1/2025,12/31/2025,11/5/2025 9:38,1300,1300,199.65,199.65,1499.65,1499.65,1
196,USCHS,USCHS,INNSA,"Charleston, SC, USCHS","Charleston, SC, USCHS","Nhava Sheva, MH, INNSA",INNSA,MAEU,Maersk,300094432,DRY,0,10/16/2025,3/31/2026,11/5/2025 9:38,1420,1420,0,0,1420,1420,1
197,USCHS,USCHS,INPAV,"Charleston, SC, USCHS","Charleston, SC, USCHS","Pipavav (Victor) Port, GJ, INPAV",INPAV,ONEY,ONE,CHIM354B25,DRY,1,10/1/2025,12/31/2025,11/5/2025 9:38,1964,1964,279.98,279.98,2243.98,2243.98,1
198,USCHS,USCHS,INTUT,"Charleston, SC, USCHS","Charleston, SC, USCHS","Tuticorin, TN, INTUT",INTUT,MAEU,Maersk,300094432,DRY,0,10/16/2025,3/31/2026,11/5/2025 9:38,1420,1420,0,0,1420,1420,1
199,USCHS,USCHS,INTUT,"Charleston, SC, USCHS","Charleston, SC, USCHS","Tuticorin, TN, INTUT",INTUT,ONEY,ONE,CHIM354B25,DRY,1,10/1/2025,12/31/2025,11/5/2025 9:38,1964,1964,211.77,211.77,2175.77,2175.77,1
200,USCHS,USCHS,INTUT,"Charleston, SC, USCHS","Charleston, SC, USCHS","Tuticorin, TN, INTUT",INTUT,OOLU,OOCL,MT256104,DRY,2,10/20/2025,12/31/2025,11/5/2025 9:38,2117,2117,78.85,78.85,2195.85,2195.85,1
201,USCHS,USCHS,JPABU,"Charleston, SC, USCHS","Charleston, SC, USCHS","Aburatsu, 45, JPABU",KRPUS,YMLU,YML,51625,DRY,1,10/27/2025,12/31/2025,11/5/2025 9:38,1932,1932,125.98,125.98,2057.98,2057.98,1
202,USCHS,USCHS,JPAXT,"Charleston, SC, USCHS","Charleston, SC, USCHS","Akita, 5, JPAXT",KRPUS,YMLU,YML,51625,DRY,1,10/27/2025,12/31/2025,11/5/2025 9:38,1932,1932,125.98,125.98,2057.98,2057.98,1
203,USCHS,USCHS,JPFKY,"Charleston, SC, USCHS","Charleston, SC, USCHS","Fukuyama, Hiroshima, 34, JPFKY",KRPUS,YMLU,YML,51625,DRY,1,10/27/2025,12/31/2025,11/5/2025 9:38,2252,2252,125.98,125.98,2377.98,2377.98,1
204,USCHS,USCHS,JPHHE,"Charleston, SC, USCHS","Charleston, SC, USCHS","Hachinohe, 2, JPHHE",KRPUS,YMLU,YML,51625,DRY,1,10/27/2025,12/31/2025,11/5/2025 9:38,2732,2732,125.98,125.98,2857.98,2857.98,1
205,USCHS,USCHS,JPHIJ,"Charleston, SC, USCHS","Charleston, SC, USCHS","Hiroshima, 34, JPHIJ",JPHIJ,ONEY,ONE,CHIM354B25,DRY,1,10/1/2025,12/31/2025,11/5/2025 9:38,1404,1404,324.73,324.73,1728.73,1728.73,1
206,USCHS,USCHS,JPHIJ,"Charleston, SC, USCHS","Charleston, SC, USCHS","Hiroshima, 34, JPHIJ",KRPUS,YMLU,YML,51625,DRY,1,10/27/2025,12/31/2025,11/5/2025 9:38,1542,1542,125.98,125.98,1667.98,1667.98,1
207,USCHS,USCHS,JPHKD,"Charleston, SC, USCHS","Charleston, SC, USCHS","Hakodate, 1, JPHKD",KRPUS,YMLU,YML,51625,DRY,1,10/27/2025,12/31/2025,11/5/2025 9:38,2182,2182,125.98,125.98,2307.98,2307.98,1
208,USCHS,USCHS,JPHMD,"Charleston, SC, USCHS","Charleston, SC, USCHS","Hamada, 32, JPHMD",KRPUS,YMLU,YML,51625,DRY,1,10/27/2025,12/31/2025,11/5/2025 9:38,2452,2452,125.98,125.98,2577.98,2577.98,1
209,USCHS,USCHS,JPHTD,"Charleston, SC, USCHS","Charleston, SC, USCHS","Hakata, 38, JPHTD",HAKATA,EGLV,EMC,SC103574,DRY,,10/1/2025,12/31/2025,11/5/2025 9:38,950,950,311.74,311.74,1261.74,1261.74,1
210,USCHS,USCHS,JPIMB,"Charleston, SC, USCHS","Charleston, SC, USCHS","Imabari, 38, JPIMB",KRPUS,YMLU,YML,51625,DRY,1,10/27/2025,12/31/2025,11/5/2025 9:38,1992,1992,125.98,125.98,2117.98,2117.98,1
211,USCHS,USCHS,JPIMI,"Charleston, SC, USCHS","Charleston, SC, USCHS","Imari, 41, JPIMI",CNSHG,YMLU,YML,51625,DRY,1,10/27/2025,12/31/2025,11/5/2025 9:38,1352,1352,224.8,224.8,1576.8,1576.8,1
212,USCHS,USCHS,JPISI,"Charleston, SC, USCHS","Charleston, SC, USCHS","Ishikari, 1, JPISI",KRPUS,YMLU,YML,51625,DRY,1,10/27/2025,12/31/2025,11/5/2025 9:38,2312,2312,125.98,125.98,2437.98,2437.98,1
213,USCHS,USCHS,JPIWK,"Charleston, SC, USCHS","Charleston, SC, USCHS","Iwakuni, 35, JPIWK",KRPUS,YMLU,YML,51625,DRY,1,10/27/2025,12/31/2025,11/5/2025 9:38,2192,2192,125.98,125.98,2317.98,2317.98,1
214,USCHS,USCHS,JPIYM,"Charleston, SC, USCHS","Charleston, SC, USCHS","Iyomishima, 38, JPIYM",JPIYM,ONEY,ONE,CHIM354B25,DRY,1,10/1/2025,12/31/2025,11/5/2025 9:38,1104,1104,342.26,342.26,1446.26,1446.26,1
215,USCHS,USCHS,JPIYM,"Charleston, SC, USCHS","Charleston, SC, USCHS","Iyomishima, 38, JPIYM",CNSHG,YMLU,YML,51625,DRY,1,10/27/2025,12/31/2025,11/5/2025 9:38,1182,1182,224.8,224.8,1406.8,1406.8,1
216,USCHS,USCHS,JPKCZ,"Charleston, SC, USCHS","Charleston, SC, USCHS","Kochi, 39, JPKCZ",JPKCZ,ONEY,ONE,CHIM354B25,DRY,1,10/1/2025,12/31/2025,11/5/2025 9:38,1704,1704,342.26,342.26,2046.26,2046.26,1
217,USCHS,USCHS,JPKIJ,"Charleston, SC, USCHS","Charleston, SC, USCHS","Niigata, 15, JPKIJ",JPKIJ,ONEY,ONE,CHIM354B25,DRY,1,10/1/2025,12/31/2025,11/5/2025 9:38,1464,1464,342.26,342.26,1806.26,1806.26,1
218,USCHS,USCHS,JPKMJ,"Charleston, SC, USCHS","Charleston, SC, USCHS","Kumamoto, 43, JPKMJ",KRPUS,YMLU,YML,51625,DRY,1,10/27/2025,12/31/2025,11/5/2025 9:38,1882,1882,125.98,125.98,2007.98,2007.98,1
219,USCHS,USCHS,JPKNZ,"Charleston, SC, USCHS","Charleston, SC, USCHS","Kanazawa, 17, JPKNZ",KRPUS,YMLU,YML,51625,DRY,1,10/27/2025,12/31/2025,11/5/2025 9:38,2122,2122,125.98,125.98,2247.98,2247.98,1
220,USCHS,USCHS,JPKST,"Charleston, SC, USCHS","Charleston, SC, USCHS","Kisakata, 5, JPKST",KRPUS,YMLU,YML,51625,DRY,1,10/27/2025,12/31/2025,11/5/2025 9:38,2312,2312,125.98,125.98,2437.98,2437.98,1
221,USCHS,USCHS,JPKUH,"Charleston, SC, USCHS","Charleston, SC, USCHS","Kushiro, 1, JPKUH",KRPUS,YMLU,YML,51625,DRY,1,10/27/2025,12/31/2025,11/5/2025 9:38,2537,2537,125.98,125.98,2662.98,2662.98,1
222,USCHS,USCHS,JPKWS,"Charleston, SC, USCHS","Charleston, SC, USCHS","Kawasaki, 14, JPKWS",JPKWS,ONEY,ONE,CHIM354B25,DRY,1,10/1/2025,12/31/2025,11/5/2025 9:38,774,774,17.54,17.54,791.54,791.54,1
223,USCHS,USCHS,JPMII,"Charleston, SC, USCHS","Charleston, SC, USCHS","Miike, Fukuoka, 40, JPMII",KRPUS,YMLU,YML,51625,DRY,1,10/27/2025,12/31/2025,11/5/2025 9:38,2252,2252,125.98,125.98,2377.98,2377.98,1
224,USCHS,USCHS,JPMIZ,"Charleston, SC, USCHS","Charleston, SC, USCHS","Mizushima, 33, JPMIZ",CNNBG,YMLU,YML,51625,DRY,1,10/27/2025,12/31/2025,11/5/2025 9:38,1052,1052,224.8,224.8,1276.8,1276.8,1
225,USCHS,USCHS,JPMOJ,"Charleston, SC, USCHS","Charleston, SC, USCHS","Moji/Kitakyushu, 40, JPMOJ",JPMOJ,ONEY,ONE,CHIM354B25,DRY,1,10/1/2025,12/31/2025,11/5/2025 9:38,1164,1164,342.26,342.26,1506.26,1506.26,1
226,USCHS,USCHS,JPNAH,"Charleston, SC, USCHS","Charleston, SC, USCHS","Naha, Okinawa, 47, JPNAH",TWKHH,YMLU,YML,51625,DRY,1,10/27/2025,12/31/2025,11/5/2025 9:38,1212,1212,227.3,227.3,1439.3,1439.3,1
227,USCHS,USCHS,JPNAO,"Charleston, SC, USCHS","Charleston, SC, USCHS","Naoetsu, 15, JPNAO",JPNAO,ONEY,ONE,CHIM354B25,DRY,1,10/1/2025,12/31/2025,11/5/2025 9:38,1774,1774,342.26,342.26,2116.26,2116.26,1
228,USCHS,USCHS,JPNAO,"Charleston, SC, USCHS","Charleston, SC, USCHS","Naoetsu, 15, JPNAO",KRPUS,YMLU,YML,51625,DRY,1,10/27/2025,12/31/2025,11/5/2025 9:38,2332,2332,125.98,125.98,2457.98,2457.98,1
229,USCHS,USCHS,JPNGO,"Charleston, SC, USCHS","Charleston, SC, USCHS","Nagoya, Aichi, 23, JPNGO",JPNGO,MAEU,Maersk,300094432,DRY,0,10/16/2025,3/31/2026,10/22/2025 19:06,380,380,0,0,380,380,1
230,USCHS,USCHS,JPNGO,"Charleston, SC, USCHS","Charleston, SC, USCHS","Nagoya, Aichi, 23, JPNGO",SGSIN,YMLU,YML,51625,DRY,1,10/27/2025,12/31/2025,11/5/2025 9:38,482,482,321.48,321.48,803.48,803.48,1
231,USCHS,USCHS,JPNGO,"Charleston, SC, USCHS","Charleston, SC, USCHS","Nagoya, Aichi, 23, JPNGO",SGSIN,YMLU,YML,51625,DRY,1,10/27/2025,12/31/2025,11/5/2025 9:38,557,557,268.95,268.95,825.95,825.95,1
232,USCHS,USCHS,JPNGO,"Charleston, SC, USCHS","Charleston, SC, USCHS","Nagoya, Aichi, 23, JPNGO",JPNGO,ONEY,ONE,CHIM354B25,DRY,1,10/1/2025,12/31/2025,11/5/2025 9:38,674,674,342.26,342.26,1016.26,1016.26,1
233,USCHS,USCHS,JPNGO,"Charleston, SC, USCHS","Charleston, SC, USCHS","Nagoya, Aichi, 23, JPNGO",NAGOYA,EGLV,EMC,SC103574,DRY,,10/1/2025,12/31/2025,11/5/2025 9:38,950,950,311.74,311.74,1261.74,1261.74,1
234,USCHS,USCHS,JPOIT,"Charleston, SC, USCHS","Charleston, SC, USCHS","Oita, 44, JPOIT",KRPUS,YMLU,YML,51625,DRY,1,10/27/2025,12/31/2025,11/5/2025 9:38,1952,1952,125.98,125.98,2077.98,2077.98,1
235,USCHS,USCHS,JPONA,"Charleston, SC, USCHS","Charleston, SC, USCHS","Onahama, 7, JPONA",KRPUS,YMLU,YML,51625,DRY,1,10/27/2025,12/31/2025,11/5/2025 9:38,2472,2472,125.98,125.98,2597.98,2597.98,1
236,USCHS,USCHS,JPOSA,"Charleston, SC, USCHS","Charleston, SC, USCHS","Osaka, 27, JPOSA","Kobe, JP",MAEU,Maersk,300094432,DRY,0,10/16/2025,3/31/2026,10/22/2025 19:06,430,430,0,0,430,430,1
237,USCHS,USCHS,JPOSA,"Charleston, SC, USCHS","Charleston, SC, USCHS","Osaka, 27, JPOSA",JPOSA,YMLU,YML,51625,DRY,1,10/27/2025,12/31/2025,11/5/2025 9:38,607,607,321.48,321.48,928.48,928.48,1
238,USCHS,USCHS,JPOSA,"Charleston, SC, USCHS","Charleston, SC, USCHS","Osaka, 27, JPOSA",JPOSA,ONEY,ONE,CHIM354B25,DRY,1,10/1/2025,12/31/2025,11/5/2025 9:38,769,769,342.26,342.26,1111.26,1111.26,1
239,USCHS,USCHS,JPOSA,"Charleston, SC, USCHS","Charleston, SC, USCHS","Osaka, 27, JPOSA",OSAKA,EGLV,EMC,SC103574,DRY,,10/1/2025,12/31/2025,11/5/2025 9:38,950,950,311.74,311.74,1261.74,1261.74,1
240,USCHS,USCHS,JPOTK,"Charleston, SC, USCHS","Charleston, SC, USCHS","Otake, 34, JPOTK",KRPUS,YMLU,YML,51625,DRY,1,10/27/2025,12/31/2025,11/5/2025 9:38,2332,2332,125.98,125.98,2457.98,2457.98,1
241,USCHS,USCHS,JPSBS,"Charleston, SC, USCHS","Charleston, SC, USCHS","Shibushi, 46, JPSBS",JPSBS,ONEY,ONE,CHIM354B25,DRY,1,10/1/2025,12/31/2025,11/5/2025 9:38,1564,1564,342.26,342.26,1906.26,1906.26,1
242,USCHS,USCHS,JPSDJ,"Charleston, SC, USCHS","Charleston, SC, USCHS","Sendai, Miyagi, 4, JPSDJ",JPSDJ,ONEY,ONE,CHIM354B25,DRY,1,10/1/2025,12/31/2025,11/5/2025 9:38,824,824,342.26,342.26,1166.26,1166.26,1
243,USCHS,USCHS,JPSDJ,"Charleston, SC, USCHS","Charleston, SC, USCHS","Sendai, Miyagi, 4, JPSDJ",KRPUS,YMLU,YML,51625,DRY,1,10/27/2025,12/31/2025,11/5/2025 9:38,2482,2482,125.98,125.98,2607.98,2607.98,1
244,USCHS,USCHS,JPSEN,"Charleston, SC, USCHS","Charleston, SC, USCHS","Satsumasendai, 46, JPSEN",KRPUS,YMLU,YML,51625,DRY,1,10/27/2025,12/31/2025,11/5/2025 9:38,2362,2362,125.98,125.98,2487.98,2487.98,1
245,USCHS,USCHS,JPSHS,"Charleston, SC, USCHS","Charleston, SC, USCHS","Shimonoseki, 35, JPSHS",KRPUS,YMLU,YML,51625,DRY,1,10/27/2025,12/31/2025,11/5/2025 9:38,2202,2202,125.98,125.98,2327.98,2327.98,1
246,USCHS,USCHS,JPSMN,"Charleston, SC, USCHS","Charleston, SC, USCHS","Sakaiminato, 31, JPSMN",JPSMN,ONEY,ONE,CHIM354B25,DRY,1,10/1/2025,12/31/2025,11/5/2025 9:38,1804,1804,0,0,1804,1804,1
247,USCHS,USCHS,JPSMZ,"Charleston, SC, USCHS","Charleston, SC, USCHS","Shimizu, 22, JPSMZ",JPSMZ,ONEY,ONE,CHIM354B25,DRY,1,10/1/2025,12/31/2025,11/5/2025 9:38,864,864,342.26,342.26,1206.26,1206.26,1
248,USCHS,USCHS,JPTAK,"Charleston, SC, USCHS","Charleston, SC, USCHS","Takamatsu, 37, JPTAK",KRPUS,YMLU,YML,51625,DRY,1,10/27/2025,12/31/2025,11/5/2025 9:38,2252,2252,125.98,125.98,2377.98,2377.98,1
249,USCHS,USCHS,JPTHS,"Charleston, SC, USCHS","Charleston, SC, USCHS","Toyohashi, 23, JPTHS",KRPUS,YMLU,YML,51625,DRY,1,10/27/2025,12/31/2025,11/5/2025 9:38,1342,1342,125.98,125.98,1467.98,1467.98,1
250,USCHS,USCHS,JPTKS,"Charleston, SC, USCHS","Charleston, SC, USCHS","Tokushima, 36, JPTKS",JPTKS,ONEY,ONE,CHIM354B25,DRY,1,10/1/2025,12/31/2025,11/5/2025 9:38,2164,2164,342.26,342.26,2506.26,2506.26,1
251,USCHS,USCHS,JPTKS,"Charleston, SC, USCHS","Charleston, SC, USCHS","Tokushima, 36, JPTKS",KRPUS,YMLU,YML,51625,DRY,1,10/27/2025,12/31/2025,11/5/2025 9:38,2232,2232,125.98,125.98,2357.98,2357.98,1
252,USCHS,USCHS,JPTKY,"Charleston, SC, USCHS","Charleston, SC, USCHS","Tokuyama, 35, JPTKY",KRPUS,YMLU,YML,51625,DRY,1,10/27/2025,12/31/2025,11/5/2025 9:38,2022,2022,125.98,125.98,2147.98,2147.98,1
253,USCHS,USCHS,JPTMK,"Charleston, SC, USCHS","Charleston, SC, USCHS","Tomakomai, 1, JPTMK",KRPUS,YMLU,YML,51625,DRY,1,10/27/2025,12/31/2025,11/5/2025 9:38,1957,1957,125.98,125.98,2082.98,2082.98,1
254,USCHS,USCHS,JPTMK,"Charleston, SC, USCHS","Charleston, SC, USCHS","Tomakomai, 1, JPTMK",JPTMK,ONEY,ONE,CHIM354B25,DRY,1,10/1/2025,12/31/2025,11/5/2025 9:38,1964,1964,342.26,342.26,2306.26,2306.26,1
255,USCHS,USCHS,JPTOY,"Charleston, SC, USCHS","Charleston, SC, USCHS","Toyama, 16, JPTOY",KRPUS,YMLU,YML,51625,DRY,1,10/27/2025,12/31/2025,11/5/2025 9:38,2172,2172,125.98,125.98,2297.98,2297.98,1
256,USCHS,USCHS,JPTRG,"Charleston, SC, USCHS","Charleston, SC, USCHS","Tsuruga, 18, JPTRG",KRPUS,YMLU,YML,51625,DRY,1,10/27/2025,12/31/2025,11/5/2025 9:38,2092,2092,125.98,125.98,2217.98,2217.98,1
257,USCHS,USCHS,JPTYO,"Charleston, SC, USCHS","Charleston, SC, USCHS","Tokyo, 13, JPTYO",JPTYO,MAEU,Maersk,300094432,DRY,0,10/16/2025,3/31/2026,10/22/2025 19:06,380,380,0,0,380,380,1
258,USCHS,USCHS,JPTYO,"Charleston, SC, USCHS","Charleston, SC, USCHS","Tokyo, 13, JPTYO",SGSIN,YMLU,YML,51625,DRY,1,10/27/2025,12/31/2025,11/5/2025 9:38,557,557,268.95,268.95,825.95,825.95,1
259,USCHS,USCHS,JPTYO,"Charleston, SC, USCHS","Charleston, SC, USCHS","Tokyo, 13, JPTYO",JPTYO,ONEY,ONE,CHIM354B25,DRY,1,10/1/2025,12/31/2025,11/5/2025 9:38,674,674,342.26,342.26,1016.26,1016.26,1
260,USCHS,USCHS,JPTYO,"Charleston, SC, USCHS","Charleston, SC, USCHS","Tokyo, 13, JPTYO",JPTYO,OOLU,OOCL,MT256104,DRY,2,10/20/2025,12/31/2025,11/5/2025 9:38,1237,1237,318.23,318.23,1555.23,1555.23,1
261,USCHS,USCHS,JPUKB,"Charleston, SC, USCHS","Charleston, SC, USCHS","Kobe, 28, JPUKB",SGSIN,YMLU,YML,51625,DRY,1,10/27/2025,12/31/2025,11/5/2025 9:38,482,482,321.48,321.48,803.48,803.48,1
262,USCHS,USCHS,JPUKB,"Charleston, SC, USCHS","Charleston, SC, USCHS","Kobe, 28, JPUKB",JPUKB,MAEU,Maersk,300094432,DRY,0,10/16/2025,3/31/2026,10/22/2025 19:06,517,517,0,0,517,517,1
263,USCHS,USCHS,JPUKB,"Charleston, SC, USCHS","Charleston, SC, USCHS","Kobe, 28, JPUKB",SGSIN,YMLU,YML,51625,DRY,1,10/27/2025,12/31/2025,11/5/2025 9:38,557,557,268.95,268.95,825.95,825.95,1
264,USCHS,USCHS,JPUKB,"Charleston, SC, USCHS","Charleston, SC, USCHS","Kobe, 28, JPUKB",JPUKB,ONEY,ONE,CHIM354B25,DRY,1,10/1/2025,12/31/2025,11/5/2025 9:38,674,674,342.26,342.26,1016.26,1016.26,1
265,USCHS,USCHS,JPUKB,"Charleston, SC, USCHS","Charleston, SC, USCHS","Kobe, 28, JPUKB",KOBE,EGLV,EMC,SC103574,DRY,,10/1/2025,12/31/2025,11/5/2025 9:38,950,950,311.74,311.74,1261.74,1261.74,1
266,USCHS,USCHS,JPYKK,"Charleston, SC, USCHS","Charleston, SC, USCHS","Yokkaichi, 24, JPYKK","Nagoya, JP",MAEU,Maersk,300094432,DRY,0,10/16/2025,3/31/2026,10/22/2025 19:06,683.64,683.64,0,0,683.64,683.64,1
267,USCHS,USCHS,JPYKK,"Charleston, SC, USCHS","Charleston, SC, USCHS","Yokkaichi, 24, JPYKK",KRPUS,YMLU,YML,51625,DRY,1,10/27/2025,12/31/2025,11/5/2025 9:38,2282,2282,125.98,125.98,2407.98,2407.98,1
268,USCHS,USCHS,JPYOK,"Charleston, SC, USCHS","Charleston, SC, USCHS","Yokohama, 14, JPYOK",JPYOK,OOLU,OOCL,MT256104,DRY,2,10/20/2025,12/31/2025,11/5/2025 9:38,467,467,318.23,318.23,785.23,785.23,1
269,USCHS,USCHS,JPYOK,"Charleston, SC, USCHS","Charleston, SC, USCHS","Yokohama, 14, JPYOK",JPYOK,ONEY,ONE,CHIM354B25,DRY,1,10/1/2025,12/31/2025,11/5/2025 9:38,664,664,342.26,342.26,1006.26,1006.26,1
270,USCHS,USCHS,JPYOK,"Charleston, SC, USCHS","Charleston, SC, USCHS","Yokohama, 14, JPYOK",JPYOK,MAEU,Maersk,300094432,DRY,0,10/16/2025,3/31/2026,10/22/2025 19:06,934,934,0,0,934,934,1
271,USCHS,USCHS,KRDDC,"Charleston, SC, USCHS","Charleston, SC, USCHS","Dongducheon, 41, KRDDC",KRPUS,YMLU,YML,51625,DRY,1,10/27/2025,12/31/2025,11/5/2025 9:38,1207,1207,125.98,125.98,1332.98,1332.98,1
272,USCHS,USCHS,KRKAN,"Charleston, SC, USCHS","Charleston, SC, USCHS","Gwangyang, 46, KRKAN",KRKAN,MAEU,Maersk,300094432,DRY,0,10/16/2025,3/31/2026,10/22/2025 19:06,407,407,0,0,407,407,1
273,USCHS,USCHS,KRKAN,"Charleston, SC, USCHS","Charleston, SC, USCHS","Gwangyang, 46, KRKAN",KRKAN,ONEY,ONE,CHIM354B25,DRY,1,10/1/2025,12/31/2025,11/5/2025 9:38,774,774,171.43,171.42,945.43,945.42,1
274,USCHS,USCHS,KRKWA,"Charleston, SC, USCHS","Charleston, SC, USCHS","Kwangyang, 49, KRKWA",KRPUS,YMLU,YML,51625,DRY,1,10/27/2025,12/31/2025,11/5/2025 9:38,657,657,125.98,125.98,782.98,782.98,1
275,USCHS,USCHS,KRPOC,"Charleston, SC, USCHS","Charleston, SC, USCHS","Pocheon, 41, KRPOC",KRPUS,YMLU,YML,51625,DRY,1,10/27/2025,12/31/2025,11/5/2025 9:38,1217,1217,125.98,125.98,1342.98,1342.98,1
276,USCHS,USCHS,KRPUS,"Charleston, SC, USCHS","Charleston, SC, USCHS","Busan, 26, KRPUS",KRPUS,YMLU,YML,51625,DRY,1,10/27/2025,12/31/2025,11/5/2025 9:38,82,82,125.98,125.98,207.98,207.98,1
277,USCHS,USCHS,KRPUS,"Charleston, SC, USCHS","Charleston, SC, USCHS","Busan, 26, KRPUS",KRPUS,MAEU,Maersk,300094432,DRY,0,10/16/2025,3/31/2026,10/22/2025 19:06,317,317,0,0,317,317,1
278,USCHS,USCHS,KRPUS,"Charleston, SC, USCHS","Charleston, SC, USCHS","Busan, 26, KRPUS",KRPUS,OOLU,OOCL,MT256104,DRY,2,10/20/2025,12/31/2025,11/5/2025 9:38,347,347,132.98,132.98,479.98,479.98,1
279,USCHS,USCHS,KRPUS,"Charleston, SC, USCHS","Charleston, SC, USCHS","Busan, 26, KRPUS",KRPUS,YMLU,YML,51625,DRY,1,10/27/2025,12/31/2025,11/5/2025 9:38,382,382,125.98,125.98,507.98,507.98,1
280,USCHS,USCHS,KRPUS,"Charleston, SC, USCHS","Charleston, SC, USCHS","Busan, 26, KRPUS",KRPUS,ONEY,ONE,CHIM354B25,DRY,1,10/1/2025,12/31/2025,11/5/2025 9:38,414,414,175.71,175.7,589.71,589.7,1
281,USCHS,USCHS,KRPUS,"Charleston, SC, USCHS","Charleston, SC, USCHS","Busan, 26, KRPUS",SGSIN,YMLU,YML,51625,DRY,1,10/27/2025,12/31/2025,11/5/2025 9:38,702,702,268.95,268.95,970.95,970.95,1
282,USCHS,USCHS,KRSEJ,"Charleston, SC, USCHS","Charleston, SC, USCHS","Seongju-gun, 47, KRSEJ",KRPUS,YMLU,YML,51625,DRY,1,10/27/2025,12/31/2025,11/5/2025 9:38,882,882,125.98,125.98,1007.98,1007.98,1
283,USCHS,USCHS,KRYSN,"Charleston, SC, USCHS","Charleston, SC, USCHS","Yangsan, 48, KRYSN",KRPUS,YMLU,YML,51625,DRY,1,10/27/2025,12/31/2025,11/5/2025 9:38,707,707,125.98,125.98,832.98,832.98,1
284,USCHS,USCHS,KRYYU,"Charleston, SC, USCHS","Charleston, SC, USCHS","Yangju, 41, KRYYU",KRPUS,YMLU,YML,51625,DRY,1,10/27/2025,12/31/2025,11/5/2025 9:38,1287,1287,125.98,125.98,1412.98,1412.98,1
285,USCHS,USCHS,LKCMB,"Charleston, SC, USCHS","Charleston, SC, USCHS","Colombo, , LKCMB",LKCMB,ONEY,ONE,CHIM354B25,DRY,1,10/1/2025,12/31/2025,11/5/2025 9:38,1364,1364,0,0,1364,1364,1
286,USCHS,USCHS,MYKCH,"Charleston, SC, USCHS","Charleston, SC, USCHS","Kuching, Sarawak, , MYKCH",SGSIN,YMLU,YML,51625,DRY,1,10/27/2025,12/31/2025,11/5/2025 9:38,1347,1347,268.95,268.95,1615.95,1615.95,1
287,USCHS,USCHS,MYPEN,"Charleston, SC, USCHS","Charleston, SC, USCHS","Penang, , MYPEN",MYPEN,YMLU,YML,51625,DRY,1,10/27/2025,12/31/2025,11/5/2025 9:38,557,557,192.69,192.69,749.69,749.69,1
288,USCHS,USCHS,MYPEN,"Charleston, SC, USCHS","Charleston, SC, USCHS","Penang, , MYPEN",MYPEN,ONEY,ONE,CHIM354B25,DRY,1,10/1/2025,12/31/2025,11/5/2025 9:38,589,589,203.44,203.44,792.44,792.44,1
289,USCHS,USCHS,MYPEN,"Charleston, SC, USCHS","Charleston, SC, USCHS","Penang, , MYPEN",MYPEN,MAEU,Maersk,300094432,DRY,0,10/16/2025,3/31/2026,10/22/2025 19:06,897,897,0,0,897,897,1
290,USCHS,USCHS,MYPEN,"Charleston, SC, USCHS","Charleston, SC, USCHS","Penang, , MYPEN",MYPEN,OOLU,OOCL,MT256104,DRY,2,10/20/2025,12/31/2025,11/5/2025 9:38,962,962,191.02,202.96,1153.02,1164.96,1
291,USCHS,USCHS,MYPEN,"Charleston, SC, USCHS","Charleston, SC, USCHS","Penang, , MYPEN",SGSIN,YMLU,YML,51625,DRY,1,10/27/2025,12/31/2025,11/5/2025 9:38,1127,1127,268.95,268.95,1395.95,1395.95,1
292,USCHS,USCHS,MYPEN,"Charleston, SC, USCHS","Charleston, SC, USCHS","Penang, , MYPEN",CNSHG,YMLU,YML,51625,DRY,1,10/27/2025,12/31/2025,11/5/2025 9:38,1127,1127,224.8,224.8,1351.8,1351.8,1
293,USCHS,USCHS,MYPGU,"Charleston, SC, USCHS","Charleston, SC, USCHS","Pasir Gudang, Johor, , MYPGU",MYPGU,YMLU,YML,51625,DRY,1,10/27/2025,12/31/2025,11/5/2025 9:38,657,657,167.62,167.62,824.62,824.62,1
294,USCHS,USCHS,MYPGU,"Charleston, SC, USCHS","Charleston, SC, USCHS","Pasir Gudang, Johor, , MYPGU",MYPGU,ONEY,ONE,CHIM354B25,DRY,1,10/1/2025,12/31/2025,11/5/2025 9:38,724,724,180.75,180.75,904.75,904.75,1
295,USCHS,USCHS,MYPGU,"Charleston, SC, USCHS","Charleston, SC, USCHS","Pasir Gudang, Johor, , MYPGU","Tanjung Pelepas, MY",MAEU,Maersk,300094432,DRY,0,10/16/2025,3/31/2026,10/22/2025 19:06,897,897,0,0,897,897,1
296,USCHS,USCHS,MYPGU,"Charleston, SC, USCHS","Charleston, SC, USCHS","Pasir Gudang, Johor, , MYPGU",MYPGU,OOLU,OOCL,MT256104,DRY,2,10/20/2025,12/31/2025,11/5/2025 9:38,962,962,162.37,162.37,1124.37,1124.37,1
297,USCHS,USCHS,MYPGU,"Charleston, SC, USCHS","Charleston, SC, USCHS","Pasir Gudang, Johor, , MYPGU",CNSHG,YMLU,YML,51625,DRY,1,10/27/2025,12/31/2025,11/5/2025 9:38,982,982,224.8,224.8,1206.8,1206.8,1
298,USCHS,USCHS,MYPGU,"Charleston, SC, USCHS","Charleston, SC, USCHS","Pasir Gudang, Johor, , MYPGU",SGSIN,YMLU,YML,51625,DRY,1,10/27/2025,12/31/2025,11/5/2025 9:38,982,982,268.95,268.95,1250.95,1250.95,1
299,USCHS,USCHS,MYPKG,"Charleston, SC, USCHS","Charleston, SC, USCHS","Port Klang, 10, MYPKG",MYPKG,OOLU,OOCL,MT256104,DRY,2,10/20/2025,12/31/2025,11/5/2025 9:38,367,367,280.08,280.08,647.08,647.08,1
300,USCHS,USCHS,MYPKG,"Charleston, SC, USCHS","Charleston, SC, USCHS","Port Klang, 10, MYPKG",MYPKG,YMLU,YML,51625,DRY,1,10/27/2025,12/31/2025,11/5/2025 9:38,707,707,170.73,170.73,877.73,877.73,1
301,USCHS,USCHS,MYPKG,"Charleston, SC, USCHS","Charleston, SC, USCHS","Port Klang, 10, MYPKG",MYPKG,ONEY,ONE,CHIM354B25,DRY,1,10/1/2025,12/31/2025,11/5/2025 9:38,764,764,179.56,179.56,943.56,943.56,1
302,USCHS,USCHS,MYPKG,"Charleston, SC, USCHS","Charleston, SC, USCHS","Port Klang, 10, MYPKG",SGSIN,YMLU,YML,51625,DRY,1,10/27/2025,12/31/2025,11/5/2025 9:38,792,792,268.95,268.95,1060.95,1060.95,1
303,USCHS,USCHS,MYPKG,"Charleston, SC, USCHS","Charleston, SC, USCHS","Port Klang, 10, MYPKG",CNNBG,YMLU,YML,51625,DRY,1,10/27/2025,12/31/2025,11/5/2025 9:38,792,792,224.8,224.8,1016.8,1016.8,1
304,USCHS,USCHS,MYPKG,"Charleston, SC, USCHS","Charleston, SC, USCHS","Port Klang, 10, MYPKG",CNSHG,YMLU,YML,51625,DRY,1,10/27/2025,12/31/2025,11/5/2025 9:38,792,792,224.8,224.8,1016.8,1016.8,1
305,USCHS,USCHS,MYPKG,"Charleston, SC, USCHS","Charleston, SC, USCHS","Port Klang, 10, MYPKG",MYPKG,MAEU,Maersk,300094432,DRY,0,10/16/2025,3/31/2026,10/22/2025 19:06,897,897,0,0,897,897,1
306,USCHS,USCHS,MYPKG,"Charleston, SC, USCHS","Charleston, SC, USCHS","Port Klang, 10, MYPKG",CNSHG,YMLU,YML,51625,DRY,1,10/27/2025,12/31/2025,11/5/2025 9:38,982,982,224.8,224.8,1206.8,1206.8,1
307,USCHS,USCHS,MYPKG,"Charleston, SC, USCHS","Charleston, SC, USCHS","Port Klang, 10, MYPKG",SGSIN,YMLU,YML,51625,DRY,1,10/27/2025,12/31/2025,11/5/2025 9:38,982,982,268.95,268.95,1250.95,1250.95,1
308,USCHS,USCHS,MYTPP,"Charleston, SC, USCHS","Charleston, SC, USCHS","Tanjung Pelepas, 1, MYTPP",MYTPP,MAEU,Maersk,300094432,DRY,0,10/16/2025,3/31/2026,10/22/2025 19:06,697,697,0,0,697,697,1
309,USCHS,USCHS,NIMGA,"Charleston, SC, USCHS","Charleston, SC, USCHS","Managua, , NIMGA",NIMGA,ONEY,ONE,CHIM354B25,DRY,1,10/1/2025,12/31/2025,11/5/2025 9:38,3788,3788,405,405,4193,4193,1
310,USCHS,USCHS,PECLL,"Charleston, SC, USCHS","Charleston, SC, USCHS","Callao, , PECLL",CALLAO,EGLV,EMC,SC103574,DRY,,10/31/2025,11/30/2025,11/5/2025 9:38,1200,1200,80,80,1280,1280,1
311,USCHS,USCHS,PHCEB,"Charleston, SC, USCHS","Charleston, SC, USCHS","Cebu, , PHCEB",PHCEB,MAEU,Maersk,300094432,DRY,0,10/16/2025,3/31/2026,10/22/2025 19:06,1228,1228,0,0,1228,1228,1
312,USCHS,USCHS,PHCEB,"Charleston, SC, USCHS","Charleston, SC, USCHS","Cebu, , PHCEB",TWKHH,YMLU,YML,51625,DRY,1,10/27/2025,12/31/2025,11/5/2025 9:38,1762,1762,227.3,227.3,1989.3,1989.3,1
313,USCHS,USCHS,PHDVO,"Charleston, SC, USCHS","Charleston, SC, USCHS","Davao, Mindanao, , PHDVO",DAVAO,EGLV,EMC,SC103574,DRY,,10/1/2025,12/31/2025,11/5/2025 9:38,1050,1050,253,286,1303,1336,1
314,USCHS,USCHS,PHDVO,"Charleston, SC, USCHS","Charleston, SC, USCHS","Davao, Mindanao, , PHDVO",CNSHG,YMLU,YML,51625,DRY,1,10/27/2025,12/31/2025,11/5/2025 9:38,1517,1517,224.8,224.8,1741.8,1741.8,1
315,USCHS,USCHS,PHDVO,"Charleston, SC, USCHS","Charleston, SC, USCHS","Davao, Mindanao, , PHDVO",SGSIN,YMLU,YML,51625,DRY,1,10/27/2025,12/31/2025,11/5/2025 9:38,1517,1517,268.95,268.95,1785.95,1785.95,1
316,USCHS,USCHS,PHMNL,"Charleston, SC, USCHS","Charleston, SC, USCHS","Manila, , PHMNL",TWKHH,YMLU,YML,51625,DRY,1,10/27/2025,12/31/2025,11/5/2025 9:38,882,882,227.3,227.3,1109.3,1109.3,1
317,USCHS,USCHS,PHMNL,"Charleston, SC, USCHS","Charleston, SC, USCHS","Manila, , PHMNL",PHMNL,MAEU,Maersk,300094432,DRY,0,10/16/2025,3/31/2026,10/22/2025 19:06,890,890,0,0,890,890,1
318,USCHS,USCHS,PHMNL,"Charleston, SC, USCHS","Charleston, SC, USCHS","Manila, , PHMNL",PHMNL,ONEY,ONE,CHIM354B25,DRY,1,10/1/2025,12/31/2025,11/5/2025 9:38,934,934,265,265,1199,1199,1
319,USCHS,USCHS,PHMNL,"Charleston, SC, USCHS","Charleston, SC, USCHS","Manila, , PHMNL",MANILA (NORTH PORT),EGLV,EMC,SC103574,DRY,,10/1/2025,12/31/2025,11/5/2025 9:38,950,950,230,260,1180,1210,1
320,USCHS,USCHS,PHMNL,"Charleston, SC, USCHS","Charleston, SC, USCHS","Manila, , PHMNL",PHMNL,OOLU,OOCL,MT256104,DRY,2,10/20/2025,12/31/2025,11/5/2025 9:38,952,952,236,236,1188,1188,1
321,USCHS,USCHS,PHMNS,"Charleston, SC, USCHS","Charleston, SC, USCHS","Manila South Harbour, , PHMNS",MANILA SOUTH PORT,EGLV,EMC,SC103574,DRY,,10/1/2025,12/31/2025,11/5/2025 9:38,950,950,306,336,1256,1286,1
322,USCHS,USCHS,PKBQM,"Charleston, SC, USCHS","Charleston, SC, USCHS","Port Qasim/Karachi, SD, PKBQM",PKBQM,MAEU,Maersk,300094432,DRY,0,10/16/2025,3/31/2026,10/22/2025 19:06,1424,1424,0,0,1424,1424,1
323,USCHS,USCHS,PKKHI,"Charleston, SC, USCHS","Charleston, SC, USCHS","Karachi, SD, PKKHI",KARACHI,EGLV,EMC,SC103574,DRY,,10/1/2025,12/31/2025,11/5/2025 9:38,1300,1300,170,170,1470,1470,1
324,USCHS,USCHS,PKKHI,"Charleston, SC, USCHS","Charleston, SC, USCHS","Karachi, SD, PKKHI","Keamari Karachi, PK",MAEU,Maersk,300094432,DRY,0,10/16/2025,3/31/2026,10/22/2025 19:06,1424,1424,0,0,1424,1424,1
325,USCHS,USCHS,PKKHI,"Charleston, SC, USCHS","Charleston, SC, USCHS","Karachi, SD, PKKHI",PKKHI,ONEY,ONE,CHIM354B25,DRY,1,10/1/2025,12/31/2025,11/5/2025 9:38,1974,1974,428,428,2402,2402,1
326,USCHS,USCHS,PKQCT,"Charleston, SC, USCHS","Charleston, SC, USCHS","Qasim Container Terminal/Karachi, , PKQCT",PKQCT,OOLU,OOCL,MT256104,DRY,2,10/20/2025,12/31/2025,11/5/2025 9:38,947,947,155,155,1102,1102,1
327,USCHS,USCHS,PTLEI,"Charleston, SC, USCHS","Charleston, SC, USCHS","Leixoes, 13, PTLEI",PTLEI,MAEU,Maersk,300094432,DRY,0,10/16/2025,3/31/2026,10/22/2025 19:06,1636,1636,0,0,1636,1636,1
328,USCHS,USCHS,PTLEI,"Charleston, SC, USCHS","Charleston, SC, USCHS","Leixoes, 13, PTLEI",PTLEI,ONEY,ONE,CHIM354B25,DRY,1,10/1/2025,12/31/2025,11/5/2025 9:38,2264,2264,345.67,345.67,2609.67,2609.67,1
329,USCHS,USCHS,SGSIN,"Charleston, SC, USCHS","Charleston, SC, USCHS","Singapore, , SGSIN",SGSIN,YMLU,YML,51625,DRY,1,10/27/2025,12/31/2025,11/5/2025 9:38,332,332,268.95,268.95,600.95,600.95,1
330,USCHS,USCHS,SGSIN,"Charleston, SC, USCHS","Charleston, SC, USCHS","Singapore, , SGSIN",SGSIN,OOLU,OOCL,MT256104,DRY,2,10/20/2025,12/31/2025,11/5/2025 4:10,367,367,299.69,299.69,666.69,666.69,1
331,USCHS,USCHS,SGSIN,"Charleston, SC, USCHS","Charleston, SC, USCHS","Singapore, , SGSIN",SGSIN,YMLU,YML,51625,DRY,1,10/27/2025,12/31/2025,11/5/2025 9:38,382,382,268.95,268.95,650.95,650.95,1
332,USCHS,USCHS,SGSIN,"Charleston, SC, USCHS","Charleston, SC, USCHS","Singapore, , SGSIN",CNSHG,YMLU,YML,51625,DRY,1,10/27/2025,12/31/2025,11/5/2025 9:38,512,512,224.8,224.8,736.8,736.8,1
333,USCHS,USCHS,SGSIN,"Charleston, SC, USCHS","Charleston, SC, USCHS","Singapore, , SGSIN",CNNBG,YMLU,YML,51625,DRY,1,10/27/2025,12/31/2025,11/5/2025 9:38,512,512,224.8,224.8,736.8,736.8,1
334,USCHS,USCHS,SGSIN,"Charleston, SC, USCHS","Charleston, SC, USCHS","Singapore, , SGSIN",SGSIN,ONEY,ONE,CHIM354B25,DRY,1,10/1/2025,12/31/2025,11/5/2025 9:38,514,514,339.65,339.65,853.65,853.65,1
335,USCHS,USCHS,SGSIN,"Charleston, SC, USCHS","Charleston, SC, USCHS","Singapore, , SGSIN",SGSIN,MAEU,Maersk,300094432,DRY,0,10/16/2025,3/31/2026,10/22/2025 19:06,611,611,0,0,611,611,1
336,USCHS,USCHS,THBKK,"Charleston, SC, USCHS","Charleston, SC, USCHS","Bangkok, , THBKK",THBKK,OOLU,OOCL,MT256104,DRY,2,10/20/2025,12/31/2025,11/5/2025 9:38,472,472,134.3,134.3,606.3,606.3,1
337,USCHS,USCHS,THBKK,"Charleston, SC, USCHS","Charleston, SC, USCHS","Bangkok, , THBKK",THLCH,YMLU,YML,51625,DRY,1,10/27/2025,12/31/2025,11/5/2025 9:38,557,557,135.84,135.84,692.84,692.84,1
338,USCHS,USCHS,THBKK,"Charleston, SC, USCHS","Charleston, SC, USCHS","Bangkok, , THBKK",THLCH,YMLU,YML,51625,DRY,1,10/27/2025,12/31/2025,11/5/2025 9:38,562,562,135.84,135.84,697.84,697.84,1
339,USCHS,USCHS,THBKK,"Charleston, SC, USCHS","Charleston, SC, USCHS","Bangkok, , THBKK",THBKK,ONEY,ONE,CHIM354B25,DRY,1,10/1/2025,12/31/2025,11/5/2025 9:38,624,624,191.42,191.42,815.42,815.42,1
340,USCHS,USCHS,THBKK,"Charleston, SC, USCHS","Charleston, SC, USCHS","Bangkok, , THBKK",CNNBG,YMLU,YML,51625,DRY,1,10/27/2025,12/31/2025,11/5/2025 9:38,632,632,224.8,224.8,856.8,856.8,1
341,USCHS,USCHS,THBKK,"Charleston, SC, USCHS","Charleston, SC, USCHS","Bangkok, , THBKK",SGSIN,YMLU,YML,51625,DRY,1,10/27/2025,12/31/2025,11/5/2025 9:38,632,632,268.95,268.95,900.95,900.95,1
342,USCHS,USCHS,THBKK,"Charleston, SC, USCHS","Charleston, SC, USCHS","Bangkok, , THBKK",CNSHG,YMLU,YML,51625,DRY,1,10/27/2025,12/31/2025,11/5/2025 9:38,632,632,224.8,224.8,856.8,856.8,1
343,USCHS,USCHS,THBKK,"Charleston, SC, USCHS","Charleston, SC, USCHS","Bangkok, , THBKK","Laem Chabang, TH",MAEU,Maersk,300094432,DRY,0,10/16/2025,3/31/2026,10/22/2025 19:06,640,640,0,0,640,640,1
344,USCHS,USCHS,THBKK,"Charleston, SC, USCHS","Charleston, SC, USCHS","Bangkok, , THBKK",BANGKOK,EGLV,EMC,SC103574,DRY,,10/1/2025,12/31/2025,11/5/2025 9:38,1000,1000,132.76,132.76,1132.76,1132.76,1
345,USCHS,USCHS,THBMT,"Charleston, SC, USCHS","Charleston, SC, USCHS","Bangkok Modern Terminals, , THBMT",THLCH,YMLU,YML,51625,DRY,1,10/27/2025,12/31/2025,11/5/2025 9:38,557,557,135.84,135.84,692.84,692.84,1
346,USCHS,USCHS,THLCH,"Charleston, SC, USCHS","Charleston, SC, USCHS","Laem Chabang, 20, THLCH",THLCH,YMLU,YML,51625,DRY,1,10/27/2025,12/31/2025,11/5/2025 9:38,107,107,135.84,135.84,242.84,242.84,1
347,USCHS,USCHS,THLCH,"Charleston, SC, USCHS","Charleston, SC, USCHS","Laem Chabang, 20, THLCH",THLCH,OOLU,OOCL,MT256104,DRY,2,10/20/2025,12/31/2025,11/5/2025 9:38,272,272,134.3,134.3,406.3,406.3,1
348,USCHS,USCHS,THLCH,"Charleston, SC, USCHS","Charleston, SC, USCHS","Laem Chabang, 20, THLCH",THLCH,YMLU,YML,51625,DRY,1,10/27/2025,12/31/2025,11/5/2025 9:38,307,307,135.84,135.84,442.84,442.84,1
349,USCHS,USCHS,THLCH,"Charleston, SC, USCHS","Charleston, SC, USCHS","Laem Chabang, 20, THLCH",THLCH,ONEY,ONE,CHIM354B25,DRY,1,10/1/2025,12/31/2025,11/5/2025 9:38,414,414,251.93,251.93,665.93,665.93,1
350,USCHS,USCHS,THLCH,"Charleston, SC, USCHS","Charleston, SC, USCHS","Laem Chabang, 20, THLCH",SGSIN,YMLU,YML,51625,DRY,1,10/27/2025,12/31/2025,11/5/2025 9:38,552,552,268.95,268.95,820.95,820.95,1
351,USCHS,USCHS,THLCH,"Charleston, SC, USCHS","Charleston, SC, USCHS","Laem Chabang, 20, THLCH",THLCH,MAEU,Maersk,300094432,DRY,0,10/16/2025,3/31/2026,10/22/2025 19:06,616,616,0,0,616,616,1
352,USCHS,USCHS,THLCH,"Charleston, SC, USCHS","Charleston, SC, USCHS","Laem Chabang, 20, THLCH",CNSHG,YMLU,YML,51625,DRY,1,10/27/2025,12/31/2025,11/5/2025 9:38,702,702,224.8,224.8,926.8,926.8,1
353,USCHS,USCHS,THLCH,"Charleston, SC, USCHS","Charleston, SC, USCHS","Laem Chabang, 20, THLCH",CNNBG,YMLU,YML,51625,DRY,1,10/27/2025,12/31/2025,11/5/2025 9:38,702,702,224.8,224.8,926.8,926.8,1
354,USCHS,USCHS,THLCH,"Charleston, SC, USCHS","Charleston, SC, USCHS","Laem Chabang, 20, THLCH",LAEM CHABANG,EGLV,EMC,SC103574,DRY,,10/1/2025,12/31/2025,11/5/2025 9:38,800,800,132.76,132.76,932.76,932.76,1
355,USCHS,USCHS,THLKR,"Charleston, SC, USCHS","Charleston, SC, USCHS","Lat Krabang, 10, THLKR",THLCH,YMLU,YML,51625,DRY,1,10/27/2025,12/31/2025,11/5/2025 9:38,432,432,135.84,135.84,567.84,567.84,1
356,USCHS,USCHS,THLKR,"Charleston, SC, USCHS","Charleston, SC, USCHS","Lat Krabang, 10, THLKR",THLCH,YMLU,YML,51625,DRY,1,10/27/2025,12/31/2025,11/5/2025 9:38,457,457,135.84,135.84,592.84,592.84,1
357,USCHS,USCHS,THLKR,"Charleston, SC, USCHS","Charleston, SC, USCHS","Lat Krabang, 10, THLKR",THLKR,OOLU,OOCL,MT256104,DRY,2,10/20/2025,12/31/2025,11/5/2025 9:38,472,472,134.3,134.3,606.3,606.3,1
358,USCHS,USCHS,THLKR,"Charleston, SC, USCHS","Charleston, SC, USCHS","Lat Krabang, 10, THLKR",THLKR,ONEY,ONE,CHIM354B25,DRY,1,10/1/2025,12/31/2025,11/5/2025 9:38,564,564,251.93,251.93,815.93,815.93,1
359,USCHS,USCHS,THSBP,"Charleston, SC, USCHS","Charleston, SC, USCHS","Siam Bangkok Port, , THSBP",VNCMT,YMLU,YML,51625,DRY,1,10/27/2025,12/31/2025,11/5/2025 9:38,317,317,135.84,135.84,452.84,452.84,1
360,USCHS,USCHS,THSCT,"Charleston, SC, USCHS","Charleston, SC, USCHS","Siam Container Terminal, 11, THSCT",THLCH,YMLU,YML,51625,DRY,1,10/27/2025,12/31/2025,11/5/2025 9:38,597,597,135.84,135.84,732.84,732.84,1
361,USCHS,USCHS,THSGZ,"Charleston, SC, USCHS","Charleston, SC, USCHS","Songkhla, 90, THSGZ",SGSIN,YMLU,YML,51625,DRY,1,10/27/2025,12/31/2025,11/5/2025 9:38,1502,1502,268.95,268.95,1770.95,1770.95,1
362,USCHS,USCHS,THSPS,"Charleston, SC, USCHS","Charleston, SC, USCHS","Samut Prakan Sahathai Terminal, 11, THSPS",THLCH,YMLU,YML,51625,DRY,1,10/27/2025,12/31/2025,11/5/2025 9:38,562,562,135.84,135.84,697.84,697.84,1
363,USCHS,USCHS,TRGEM,"Charleston, SC, USCHS","Charleston, SC, USCHS","Gemlik, 16, TRGEM",TRGEM,MAEU,Maersk,300094432,DRY,0,10/16/2025,3/31/2026,10/22/2025 19:06,1449,1449,0,0,1449,1449,1
364,USCHS,USCHS,TRISK,"Charleston, SC, USCHS","Charleston, SC, USCHS","Iskenderun, 31, TRISK",TRISK,MAEU,Maersk,300094432,DRY,0,10/16/2025,3/31/2026,10/22/2025 19:06,1096,1096,0,0,1096,1096,1
365,USCHS,USCHS,TRIST,"Charleston, SC, USCHS","Charleston, SC, USCHS","Istanbul, 34, TRIST",TRIST,MAEU,Maersk,300094432,DRY,0,10/16/2025,3/31/2026,10/22/2025 19:06,684,684,0,0,684,684,1
366,USCHS,USCHS,TRIZM,"Charleston, SC, USCHS","Charleston, SC, USCHS","Izmir, 35, TRIZM",TRIZM,MAEU,Maersk,300094432,DRY,0,10/16/2025,3/31/2026,10/22/2025 19:06,1349,1349,0,0,1349,1349,1
367,USCHS,USCHS,TRIZT,"Charleston, SC, USCHS","Charleston, SC, USCHS","Izmit, 41, TRIZT",TRIZT,MAEU,Maersk,300094432,DRY,0,10/16/2025,3/31/2026,10/22/2025 19:06,1259,1259,0,0,1259,1259,1
368,USCHS,USCHS,TRMER,"Charleston, SC, USCHS","Charleston, SC, USCHS","Mersin, 33, TRMER",TRMER,MAEU,Maersk,300094432,DRY,0,10/16/2025,3/31/2026,10/22/2025 19:06,1220,1220,0,0,1220,1220,1
369,USCHS,USCHS,TWKEL,"Charleston, SC, USCHS","Charleston, SC, USCHS","Keelung, , TWKEL",TWKHH,YMLU,YML,51625,DRY,1,10/27/2025,12/31/2025,11/5/2025 9:38,732,732,227.3,227.3,959.3,959.3,1
370,USCHS,USCHS,TWKEL,"Charleston, SC, USCHS","Charleston, SC, USCHS","Keelung, , TWKEL",TWKEL,ONEY,ONE,CHIM354B25,DRY,1,10/1/2025,12/31/2025,11/5/2025 9:38,779,779,227.3,255.71,1006.3,1034.71,1
371,USCHS,USCHS,TWKEL,"Charleston, SC, USCHS","Charleston, SC, USCHS","Keelung, , TWKEL",TWKEL,MAEU,Maersk,300094432,DRY,0,10/16/2025,3/31/2026,10/22/2025 19:06,867,867,0,0,867,867,1
372,USCHS,USCHS,TWKHH,"Charleston, SC, USCHS","Charleston, SC, USCHS","Kaohsiung, , TWKHH",TWKHH,YMLU,YML,51625,DRY,1,10/27/2025,12/31/2025,11/5/2025 9:38,307,307,227.3,227.3,534.3,534.3,1
373,USCHS,USCHS,TWKHH,"Charleston, SC, USCHS","Charleston, SC, USCHS","Kaohsiung, , TWKHH",TWKHH,YMLU,YML,51625,DRY,1,10/27/2025,12/31/2025,11/5/2025 9:38,382,382,227.3,227.3,609.3,609.3,1
374,USCHS,USCHS,TWKHH,"Charleston, SC, USCHS","Charleston, SC, USCHS","Kaohsiung, , TWKHH",TWKHH,ONEY,ONE,CHIM354B25,DRY,1,10/1/2025,12/31/2025,11/5/2025 9:38,509,509,227.3,255.71,736.3,764.71,1
375,USCHS,USCHS,TWKHH,"Charleston, SC, USCHS","Charleston, SC, USCHS","Kaohsiung, , TWKHH",KAOHSIUNG,EGLV,EMC,SC103574,DRY,,10/1/2025,12/31/2025,11/5/2025 9:38,650,650,227.3,227.3,877.3,877.3,1
376,USCHS,USCHS,TWKHH,"Charleston, SC, USCHS","Charleston, SC, USCHS","Kaohsiung, , TWKHH",TWKHH,MAEU,Maersk,300094432,DRY,0,10/16/2025,3/31/2026,10/22/2025 19:06,717,717,0,0,717,717,1
377,USCHS,USCHS,TWTPE,"Charleston, SC, USCHS","Charleston, SC, USCHS","Taipei, TPE, TWTPE",TAIPEI,EGLV,EMC,SC103574,DRY,,10/1/2025,12/31/2025,11/5/2025 9:38,800,800,227.3,227.3,1027.3,1027.3,1
378,USCHS,USCHS,TWTPE,"Charleston, SC, USCHS","Charleston, SC, USCHS","Taipei, TPE, TWTPE",TWTPE,ONEY,ONE,CHIM354B25,DRY,1,10/1/2025,12/31/2025,11/5/2025 9:38,814,814,227.3,255.71,1041.3,1069.71,1
379,USCHS,USCHS,TWTXG,"Charleston, SC, USCHS","Charleston, SC, USCHS","Taichung, , TWTXG",TWKHH,YMLU,YML,51625,DRY,1,10/27/2025,12/31/2025,11/5/2025 9:38,482,482,227.3,227.3,709.3,709.3,1
380,USCHS,USCHS,TWTXG,"Charleston, SC, USCHS","Charleston, SC, USCHS","Taichung, , TWTXG",TWTXG,ONEY,ONE,CHIM354B25,DRY,1,10/1/2025,12/31/2025,11/5/2025 9:38,619,619,227.3,255.71,846.3,874.71,1
381,USCHS,USCHS,TWTXG,"Charleston, SC, USCHS","Charleston, SC, USCHS","Taichung, , TWTXG",TWTXG,MAEU,Maersk,300094432,DRY,0,10/16/2025,3/31/2026,10/22/2025 19:06,953,953,0,0,953,953,1
382,USCHS,USCHS,TWTYN,"Charleston, SC, USCHS","Charleston, SC, USCHS","Taoyuan, , TWTYN",TWKHH,YMLU,YML,51625,DRY,1,10/27/2025,12/31/2025,11/5/2025 9:38,532,532,227.3,227.3,759.3,759.3,1
383,USCHS,USCHS,TWTYN,"Charleston, SC, USCHS","Charleston, SC, USCHS","Taoyuan, , TWTYN",TWTYN,ONEY,ONE,CHIM354B25,DRY,1,10/1/2025,12/31/2025,11/5/2025 9:38,724,724,227.3,255.71,951.3,979.71,1
384,USCHS,USCHS,TWTYN,"Charleston, SC, USCHS","Charleston, SC, USCHS","Taoyuan, , TWTYN","Keelung, TW",MAEU,Maersk,300094432,DRY,0,10/16/2025,3/31/2026,10/22/2025 19:06,1169,1169,0,0,1169,1169,1
385,USCHS,USCHS,VNBDG,"Charleston, SC, USCHS","Charleston, SC, USCHS","Binh Duong Terminal, 39, VNBDG",VNCMT,YMLU,YML,51625,DRY,1,10/27/2025,12/31/2025,11/5/2025 9:38,562,562,177.38,177.38,739.38,739.38,1
386,USCHS,USCHS,VNCLI,"Charleston, SC, USCHS","Charleston, SC, USCHS","Cat Lai, 65, VNCLI",VNCMT,YMLU,YML,51625,DRY,1,10/27/2025,12/31/2025,11/5/2025 9:38,57,57,177.38,177.38,234.38,234.38,1
387,USCHS,USCHS,VNCLI,"Charleston, SC, USCHS","Charleston, SC, USCHS","Cat Lai, 65, VNCLI",TWKHH,YMLU,YML,51625,DRY,1,10/27/2025,12/31/2025,11/5/2025 9:38,532,532,227.3,227.3,759.3,759.3,1
388,USCHS,USCHS,VNCLI,"Charleston, SC, USCHS","Charleston, SC, USCHS","Cat Lai, 65, VNCLI",VNCMT,YMLU,YML,51625,DRY,1,10/27/2025,12/31/2025,11/5/2025 9:38,532,532,177.38,177.38,709.38,709.38,1
389,USCHS,USCHS,VNCMT,"Charleston, SC, USCHS","Charleston, SC, USCHS","Cai Mep Terminal, 43, VNCMT",VNCMT,YMLU,YML,51625,DRY,1,10/27/2025,12/31/2025,11/5/2025 9:38,57,57,177.38,177.38,234.38,234.38,1
390,USCHS,USCHS,VNCMT,"Charleston, SC, USCHS","Charleston, SC, USCHS","Cai Mep Terminal, 43, VNCMT",VNCMT,YMLU,YML,51625,DRY,1,10/27/2025,12/31/2025,11/5/2025 9:38,382,382,177.38,177.38,559.38,559.38,1
391,USCHS,USCHS,VNCMT,"Charleston, SC, USCHS","Charleston, SC, USCHS","Cai Mep Terminal, 43, VNCMT",VNCMT,ONEY,ONE,CHIM354B25,DRY,1,10/1/2025,12/31/2025,11/5/2025 9:38,524,524,182.41,182.41,706.41,706.41,1
392,USCHS,USCHS,VNCMT,"Charleston, SC, USCHS","Charleston, SC, USCHS","Cai Mep Terminal, 43, VNCMT",SGSIN,YMLU,YML,51625,DRY,1,10/27/2025,12/31/2025,11/5/2025 9:38,602,602,268.95,268.95,870.95,870.95,1
393,USCHS,USCHS,VNDAD,"Charleston, SC, USCHS","Charleston, SC, USCHS","Da Nang, , VNDAD",DA NANG,EGLV,EMC,SC103574,DRY,,10/1/2025,12/31/2025,11/5/2025 9:38,600,600,167.59,167.59,767.59,767.59,1
394,USCHS,USCHS,VNDAD,"Charleston, SC, USCHS","Charleston, SC, USCHS","Da Nang, , VNDAD",VNDAD,MAEU,Maersk,300094432,DRY,0,10/16/2025,3/31/2026,11/3/2025 4:10,652,652,199.51,199.51,851.51,851.51,1
395,USCHS,USCHS,VNDAD,"Charleston, SC, USCHS","Charleston, SC, USCHS","Da Nang, , VNDAD",VNCMT,YMLU,YML,51625,DRY,1,10/27/2025,12/31/2025,11/5/2025 9:38,912,912,177.38,177.38,1089.38,1089.38,1
396,USCHS,USCHS,VNDAD,"Charleston, SC, USCHS","Charleston, SC, USCHS","Da Nang, , VNDAD",TWKHH,YMLU,YML,51625,DRY,1,10/27/2025,12/31/2025,11/5/2025 9:38,912,912,227.3,227.3,1139.3,1139.3,1
397,USCHS,USCHS,VNDAD,"Charleston, SC, USCHS","Charleston, SC, USCHS","Da Nang, , VNDAD",VNDAD,ONEY,ONE,CHIM354B25,DRY,1,10/1/2025,12/31/2025,11/5/2025 9:38,914,914,182.41,182.41,1096.41,1096.41,1
398,USCHS,USCHS,VNDNA,"Charleston, SC, USCHS","Charleston, SC, USCHS","Dong Nai, , VNDNA",VNCMT,YMLU,YML,51625,DRY,1,10/27/2025,12/31/2025,11/5/2025 9:38,562,562,177.38,177.38,739.38,739.38,1
399,USCHS,USCHS,VNHPH,"Charleston, SC, USCHS","Charleston, SC, USCHS","Haiphong, , VNHPH",VNHPH,YMLU,YML,51625,DRY,1,10/27/2025,12/31/2025,11/5/2025 9:38,157,157,177.38,177.38,334.38,334.38,1
400,USCHS,USCHS,VNHPH,"Charleston, SC, USCHS","Charleston, SC, USCHS","Haiphong, , VNHPH",VNHPH,OOLU,OOCL,MT256104,DRY,2,10/20/2025,12/31/2025,11/5/2025 9:38,367,367,143,143,510,510,1
401,USCHS,USCHS,VNHPH,"Charleston, SC, USCHS","Charleston, SC, USCHS","Haiphong, , VNHPH",HAIPHONG,EGLV,EMC,SC103574,DRY,,10/1/2025,12/31/2025,11/5/2025 9:38,600,600,167.59,167.59,767.59,767.59,1
402,USCHS,USCHS,VNHPH,"Charleston, SC, USCHS","Charleston, SC, USCHS","Haiphong, , VNHPH",VNHPH,MAEU,Maersk,300094432,DRY,0,10/16/2025,3/31/2026,10/22/2025 19:06,617,617,0,0,617,617,1
403,USCHS,USCHS,VNHPH,"Charleston, SC, USCHS","Charleston, SC, USCHS","Haiphong, , VNHPH",VNHPH,ONEY,ONE,CHIM354B25,DRY,1,10/1/2025,12/31/2025,11/5/2025 9:38,664,664,182.41,182.41,846.41,846.41,1
404,USCHS,USCHS,VNHPH,"Charleston, SC, USCHS","Charleston, SC, USCHS","Haiphong, , VNHPH",CNSHG,YMLU,YML,51625,DRY,1,10/27/2025,12/31/2025,11/5/2025 9:38,1082,1082,224.8,224.8,1306.8,1306.8,1
405,USCHS,USCHS,VNHPH,"Charleston, SC, USCHS","Charleston, SC, USCHS","Haiphong, , VNHPH",SGSIN,YMLU,YML,51625,DRY,1,10/27/2025,12/31/2025,11/5/2025 9:38,1082,1082,268.95,268.95,1350.95,1350.95,1
406,USCHS,USCHS,VNHPH,"Charleston, SC, USCHS","Charleston, SC, USCHS","Haiphong, , VNHPH",CNNBG,YMLU,YML,51625,DRY,1,10/27/2025,12/31/2025,11/5/2025 9:38,1082,1082,224.8,224.8,1306.8,1306.8,1
407,USCHS,USCHS,VNHPH,"Charleston, SC, USCHS","Charleston, SC, USCHS","Haiphong, , VNHPH",VNCMT,YMLU,YML,51625,DRY,1,10/27/2025,12/31/2025,11/5/2025 9:38,1082,1082,177.38,177.38,1259.38,1259.38,1
408,USCHS,USCHS,VNIPH,"Charleston, SC, USCHS","Charleston, SC, USCHS","Phuoc Long ICD, , VNIPH",VNCMT,YMLU,YML,51625,DRY,1,10/27/2025,12/31/2025,11/5/2025 9:38,527,527,177.38,177.38,704.38,704.38,1
409,USCHS,USCHS,VNSGN,"Charleston, SC, USCHS","Charleston, SC, USCHS","Ho Chi Minh City, , VNSGN",VNCMT,YMLU,YML,51625,DRY,1,10/27/2025,12/31/2025,11/5/2025 9:38,337,337,177.38,177.38,514.38,514.38,1
410,USCHS,USCHS,VNSGN,"Charleston, SC, USCHS","Charleston, SC, USCHS","Ho Chi Minh City, , VNSGN",VNSGN,OOLU,OOCL,MT256104,DRY,2,10/20/2025,12/31/2025,11/5/2025 9:38,342,342,143,143,485,485,1
411,USCHS,USCHS,VNSGN,"Charleston, SC, USCHS","Charleston, SC, USCHS","Ho Chi Minh City, , VNSGN",VNCMT,YMLU,YML,51625,DRY,1,10/27/2025,12/31/2025,11/5/2025 9:38,462,462,177.38,177.38,639.38,639.38,1
412,USCHS,USCHS,VNSGN,"Charleston, SC, USCHS","Charleston, SC, USCHS","Ho Chi Minh City, , VNSGN",VNSGN,ONEY,ONE,CHIM354B25,DRY,1,10/1/2025,12/31/2025,11/5/2025 9:38,524,524,182.41,182.41,706.41,706.41,1
413,USCHS,USCHS,VNSGN,"Charleston, SC, USCHS","Charleston, SC, USCHS","Ho Chi Minh City, , VNSGN",VNSGN,MAEU,Maersk,300094432,DRY,0,10/16/2025,3/31/2026,10/22/2025 19:06,597,597,0,0,597,597,1
414,USCHS,USCHS,VNSGN,"Charleston, SC, USCHS","Charleston, SC, USCHS","Ho Chi Minh City, , VNSGN",HO CHI MINH,EGLV,EMC,SC103574,DRY,,10/1/2025,12/31/2025,11/5/2025 9:38,600,600,167.59,167.59,767.59,767.59,1
415,USCHS,USCHS,VNTOT,"Charleston, SC, USCHS","Charleston, SC, USCHS","Cai Mep, 43, VNTOT",CAI MEP,EGLV,EMC,SC103574,DRY,,10/1/2025,12/31/2025,11/5/2025 9:38,600,600,167.59,167.59,767.59,767.59,1
416,USCHS,USCHS,VNTTH,"Charleston, SC, USCHS","Charleston, SC, USCHS","Tan Thanh, 43, VNTTH",VNTTH,OOLU,OOCL,MT256104,DRY,2,10/20/2025,12/31/2025,11/5/2025 9:38,367,367,143,143,510,510,1
417,USCHS,USCHS,VNVUT,"Charleston, SC, USCHS","Charleston, SC, USCHS","Vung Tau, 43, VNVUT",VNVUT,MAEU,Maersk,300094432,DRY,0,10/16/2025,3/31/2026,10/22/2025 19:06,667,667,0,0,667,667,1
418,USCHS,USCHS,ZACPT,"Charleston, SC, USCHS","Charleston, SC, USCHS","Cape Town, , ZACPT",ZACPT,ONEY,ONE,CHIM354B25,DRY,1,10/1/2025,12/31/2025,11/5/2025 4:10,2620,2620,371.98,371.98,2991.98,2991.98,1
419,USCHS,USCHS,ZADUR,"Charleston, SC, USCHS","Charleston, SC, USCHS","Durban, , ZADUR",ZADUR,ONEY,ONE,CHIM354B25,DRY,1,10/1/2025,12/31/2025,11/5/2025 4:10,2620,2620,371.98,371.98,2991.98,2991.98,1
420,USDAL,USLAX,AEJEA,"Dallas, TX, USDAL",LALB,"Jebel Ali, , AEJEA",CNSHG,YMLU,YML,51625,DRY,1,10/27/2025,12/31/2025,11/5/2025 9:38,3040,3040,224.8,224.8,3264.8,3264.8,1
421,USDAL,USLAX,AEJEA,"Dallas, TX, USDAL",LALB,"Jebel Ali, , AEJEA",CNNBG,YMLU,YML,51625,DRY,1,10/27/2025,12/31/2025,11/5/2025 9:38,3040,3040,224.8,224.8,3264.8,3264.8,1
422,USDAL,USLAX,AEJEA,"Dallas, TX, USDAL",LALB,"Jebel Ali, , AEJEA",AEJEA,YMLU,YML,51625,DRY,1,10/27/2025,12/31/2025,11/5/2025 9:38,3044,3044,326.75,326.75,3370.75,3370.75,1
423,USDAL,USLAX,BDCGP,"Dallas, TX, USDAL",LALB,"Chattogram/Chittagong, , BDCGP",CHATTOGRAM,EGLV,EMC,SC103574,DRY,,10/1/2025,12/31/2025,11/5/2025 9:38,2400,2400,0,0,2400,2400,1
424,USDAL,USLAX,BDCGP,"Dallas, TX, USDAL",LALB,"Chattogram/Chittagong, , BDCGP",BDCGP,ONEY,ONE,CHIM354B25,DRY,1,10/1/2025,12/31/2025,11/5/2025 9:38,3526,3526,150,150,3676,3676,1
425,USDAL,USLAX,CLARI,"Dallas, TX, USDAL",LALB,"Arica, TA, CLARI",CLARI,ONEY,ONE,CHIM354B25,DRY,1,10/1/2025,12/31/2025,11/5/2025 9:38,3183,3183,150,150,3333,3333,1
426,USDAL,USLAX,CLSAI,"Dallas, TX, USDAL",LALB,"San Antonio, VS, CLSAI",CLSAI,ONEY,ONE,CHIM354B25,DRY,1,10/1/2025,12/31/2025,11/5/2025 9:38,2683,2683,150,150,2833,2833,1
427,USDAL,USLAX,CLVAP,"Dallas, TX, USDAL",LALB,"Valparaiso, VS, CLVAP",CLVAP,ONEY,ONE,CHIM354B25,DRY,1,10/1/2025,12/31/2025,11/5/2025 9:38,2683,2683,150,150,2833,2833,1
428,USDAL,USLAX,CNAQG,"Dallas, TX, USDAL",LALB,"Anqing Pt, 34, CNAQG",CNAQG,ONEY,ONE,CHIM354B25,DRY,1,10/1/2025,12/31/2025,11/5/2025 9:38,1206,1206,120.97,120.97,1326.97,1326.97,1
429,USDAL,USLAX,CNAQG,"Dallas, TX, USDAL",LALB,"Anqing Pt, 34, CNAQG",CNSHG,YMLU,YML,51625,DRY,1,10/27/2025,12/31/2025,11/5/2025 9:38,1340,1340,224.8,224.8,1564.8,1564.8,1
430,USDAL,USLAX,CNBIH,"Dallas, TX, USDAL",LALB,"Beihai Pt, 32, CNBIH",CNBIH,YMLU,YML,51625,DRY,1,10/27/2025,12/31/2025,11/5/2025 9:38,1500,1500,0,0,1500,1500,1
431,USDAL,USLAX,CNCAN,"Dallas, TX, USDAL",LALB,"Guangzhou Baiyun, 44, CNCAN",CNCAN,ONEY,ONE,CHIM354B25,DRY,1,10/1/2025,12/31/2025,11/5/2025 9:38,1566,1566,170.85,170.85,1736.85,1736.85,1
432,USDAL,USLAX,CNCGS,"Dallas, TX, USDAL",LALB,"Changshu Pt, 37, CNCGS",CNSHG,YMLU,YML,51625,DRY,1,10/27/2025,12/31/2025,11/5/2025 9:38,1330,1330,224.8,224.8,1554.8,1554.8,1
433,USDAL,USLAX,CNCGU,"Dallas, TX, USDAL",LALB,"Changshu, 32, CNCGU",CNCGU,ONEY,ONE,CHIM354B25,DRY,1,10/1/2025,12/31/2025,11/5/2025 9:38,1466,1466,116.33,116.33,1582.33,1582.33,1
434,USDAL,USLAX,CNCHQ,"Dallas, TX, USDAL",LALB,"Chongqing Pt, 50, CNCHQ",CNSHG,YMLU,YML,51625,DRY,1,10/27/2025,12/31/2025,11/5/2025 9:38,1900,1900,224.8,224.8,2124.8,2124.8,1
435,USDAL,USLAX,CNCKG,"Dallas, TX, USDAL",LALB,"Chongqing Jiangbei, 51, CNCKG",CNCKG,ONEY,ONE,CHIM354B25,DRY,1,10/1/2025,12/31/2025,11/5/2025 9:38,1776,1776,116.33,116.33,1892.33,1892.33,1
436,USDAL,USLAX,CNCNA,"Dallas, TX, USDAL",LALB,"Changsha, 44, CNCNA",CNCNA,YMLU,YML,51625,DRY,1,10/27/2025,12/31/2025,11/5/2025 9:38,1050,1050,0,0,1050,1050,1
437,USDAL,USLAX,CNCNA,"Dallas, TX, USDAL",LALB,"Changsha, 44, CNCNA",CNSHG,YMLU,YML,51625,DRY,1,10/27/2025,12/31/2025,11/5/2025 9:38,1945,1945,224.8,224.8,2169.8,2169.8,1
438,USDAL,USLAX,CNCZX,"Dallas, TX, USDAL",LALB,"Changzhou Pt, 32, CNCZX",CNSHG,YMLU,YML,51625,DRY,1,10/27/2025,12/31/2025,11/5/2025 9:38,1330,1330,224.8,224.8,1554.8,1554.8,1
439,USDAL,USLAX,CNDAG,"Dallas, TX, USDAL",LALB,"Dalian Pt, 34, CNDAG",CNDAG,OOLU,OOCL,MT256104,DRY,2,10/20/2025,12/31/2025,11/5/2025 9:38,1029,1029,159.19,159.19,1188.19,1188.19,1
440,USDAL,USLGB,CNDAG,"Dallas, TX, USDAL",LALB,"Dalian Pt, 34, CNDAG",CNDAG,OOLU,OOCL,MT256104,DRY,2,10/20/2025,12/31/2025,11/5/2025 9:38,1029,1029,159.19,159.19,1188.19,1188.19,1
441,USDAL,USLAX,CNDAG,"Dallas, TX, USDAL",LALB,"Dalian Pt, 34, CNDAG",CNQDG,YMLU,YML,51625,DRY,1,10/27/2025,12/31/2025,11/5/2025 9:38,1520,1520,224.8,224.8,1744.8,1744.8,1
442,USDAL,USLAX,CNDAG,"Dallas, TX, USDAL",LALB,"Dalian Pt, 34, CNDAG",KRPUS,YMLU,YML,51625,DRY,1,10/27/2025,12/31/2025,11/5/2025 9:38,1520,1520,125.98,125.98,1645.98,1645.98,1
443,USDAL,USLAX,CNDFG,"Dallas, TX, USDAL",LALB,"Dafeng Pt, 22, CNDFG",CNSHG,YMLU,YML,51625,DRY,1,10/27/2025,12/31/2025,11/5/2025 9:38,1410,1410,224.8,224.8,1634.8,1634.8,1
444,USDAL,USLAX,CNDOU,"Dallas, TX, USDAL",LALB,"Doumen Pt, 44, CNDOU",CNDOU,ONEY,ONE,CHIM354B25,DRY,1,10/1/2025,12/31/2025,11/5/2025 9:38,1491,1491,170.85,170.85,1661.85,1661.85,1
445,USDAL,USLAX,CNFOC,"Dallas, TX, USDAL",LALB,"Fuzhou Changle, 35, CNFOC",CNFOC,ONEY,ONE,CHIM354B25,DRY,1,10/1/2025,12/31/2025,11/5/2025 9:38,1386,1386,116.19,116.19,1502.19,1502.19,1
446,USDAL,USLAX,CNFZG,"Dallas, TX, USDAL",LALB,"Fuzhou Pt, 23, CNFZG",CNNBG,YMLU,YML,51625,DRY,1,10/27/2025,12/31/2025,11/5/2025 9:38,1500,1500,224.8,224.8,1724.8,1724.8,1
447,USDAL,USLAX,CNGON,"Dallas, TX, USDAL",LALB,"Gaolan, 44, CNGON",CNGON,ONEY,ONE,CHIM354B25,DRY,1,10/1/2025,12/31/2025,11/5/2025 9:38,1516,1516,170.85,170.85,1686.85,1686.85,1
448,USDAL,USLAX,CNGZG,"Dallas, TX, USDAL",LALB,"Guangzhou Pt, 22, CNGZG",CNGZG,YMLU,YML,51625,DRY,1,10/27/2025,12/31/2025,11/5/2025 9:38,1050,1050,224.8,224.8,1274.8,1274.8,1
449,USDAL,USLAX,CNHFI,"Dallas, TX, USDAL",LALB,"Hefei, 34, CNHFI",CNSHG,YMLU,YML,51625,DRY,1,10/27/2025,12/31/2025,11/5/2025 9:38,2390,2390,224.8,224.8,2614.8,2614.8,1
450,USDAL,USLAX,CNHSI,"Dallas, TX, USDAL",LALB,"Huangshi Pt, 42, CNHSI",CNSHG,YMLU,YML,51625,DRY,1,10/27/2025,12/31/2025,11/5/2025 9:38,1470,1470,224.8,224.8,1694.8,1694.8,1
451,USDAL,USLAX,CNHUA,"Dallas, TX, USDAL",LALB,"Huangpu Pt, 44, CNHUA",CNHUA,OOLU,OOCL,MT256104,DRY,2,10/20/2025,12/31/2025,11/5/2025 9:38,959,959,159.19,159.19,1118.19,1118.19,1
452,USDAL,USLGB,CNHUA,"Dallas, TX, USDAL",LALB,"Huangpu Pt, 44, CNHUA",CNHUA,OOLU,OOCL,MT256104,DRY,2,10/20/2025,12/31/2025,11/5/2025 9:38,959,959,159.19,159.19,1118.19,1118.19,1
453,USDAL,USLAX,CNHUA,"Dallas, TX, USDAL",LALB,"Huangpu Pt, 44, CNHUA",CNHUA,YMLU,YML,51625,DRY,1,10/27/2025,12/31/2025,11/5/2025 9:38,1050,1050,224.8,224.8,1274.8,1274.8,1
454,USDAL,USLAX,CNHUA,"Dallas, TX, USDAL",LALB,"Huangpu Pt, 44, CNHUA",CNHUA,ONEY,ONE,CHIM354B25,DRY,1,10/1/2025,12/31/2025,11/5/2025 9:38,1251,1251,170.85,170.85,1421.85,1421.85,1
455,USDAL,USLAX,CNHZH,"Dallas, TX, USDAL",LALB,"Huzhou Pt, 33, CNHZH",CNSHG,YMLU,YML,51625,DRY,1,10/27/2025,12/31/2025,11/5/2025 9:38,1265,1265,224.8,224.8,1489.8,1489.8,1
456,USDAL,USLAX,CNJIA,"Dallas, TX, USDAL",LALB,"Jiangyin Pt, 32, CNJIA",CNSHG,YMLU,YML,51625,DRY,1,10/27/2025,12/31/2025,11/5/2025 9:38,1330,1330,224.8,224.8,1554.8,1554.8,1
457,USDAL,USLAX,CNJIU,"Dallas, TX, USDAL",LALB,"Jiujiang Pt, 36, CNJIU",CNSHG,YMLU,YML,51625,DRY,1,10/27/2025,12/31/2025,11/5/2025 9:38,1460,1460,224.8,224.8,1684.8,1684.8,1
458,USDAL,USLAX,CNJNZ,"Dallas, TX, USDAL",LALB,"Jinzhou Pt, 21, CNJNZ",KRPUS,YMLU,YML,51625,DRY,1,10/27/2025,12/31/2025,11/5/2025 9:38,2020,2020,125.98,125.98,2145.98,2145.98,1
459,USDAL,USLAX,CNJZK,"Dallas, TX, USDAL",LALB,"Jingzhou Pt, 42, CNJZK",CNSHG,YMLU,YML,51625,DRY,1,10/27/2025,12/31/2025,11/5/2025 9:38,1480,1480,224.8,224.8,1704.8,1704.8,1
460,USDAL,USLAX,CNKHN,"Dallas, TX, USDAL",LALB,"Nanchang Changbei, 36, CNKHN",CNSHG,YMLU,YML,51625,DRY,1,10/27/2025,12/31/2025,11/5/2025 9:38,1540,1540,224.8,224.8,1764.8,1764.8,1
461,USDAL,USLGB,CNKPN,"Dallas, TX, USDAL",LALB,"Kaiping, 13, CNKPN",CNKPN,OOLU,OOCL,MT256104,DRY,2,10/20/2025,12/31/2025,11/5/2025 9:38,989,989,0,0,989,989,1
462,USDAL,USLAX,CNKPN,"Dallas, TX, USDAL",LALB,"Kaiping, 13, CNKPN",CNKPN,OOLU,OOCL,MT256104,DRY,2,10/20/2025,12/31/2025,11/5/2025 9:38,989,989,0,0,989,989,1
463,USDAL,USLAX,CNKUS,"Dallas, TX, USDAL",LALB,"Kunshan, 32, CNKUS",CNSHG,YMLU,YML,51625,DRY,1,10/27/2025,12/31/2025,11/5/2025 9:38,1490,1490,224.8,224.8,1714.8,1714.8,1
464,USDAL,USLAX,CNLYG,"Dallas, TX, USDAL",LALB,"Lianyungang, 32, CNLYG",CNLYG,ONEY,ONE,CHIM354B25,DRY,1,10/1/2025,12/31/2025,11/5/2025 9:38,1396,1396,117.04,117.04,1513.04,1513.04,1
465,USDAL,USLAX,CNLYG,"Dallas, TX, USDAL",LALB,"Lianyungang, 32, CNLYG",CNNBG,YMLU,YML,51625,DRY,1,10/27/2025,12/31/2025,11/5/2025 9:38,1415,1415,224.8,224.8,1639.8,1639.8,1
466,USDAL,USLAX,CNLYG,"Dallas, TX, USDAL",LALB,"Lianyungang, 32, CNLYG",CNSHG,YMLU,YML,51625,DRY,1,10/27/2025,12/31/2025,11/5/2025 9:38,1415,1415,224.8,224.8,1639.8,1639.8,1
467,USDAL,USLGB,CNLYG,"Dallas, TX, USDAL",LALB,"Lianyungang, 32, CNLYG",CNLYG,OOLU,OOCL,MT256104,DRY,2,10/20/2025,12/31/2025,11/5/2025 9:38,1559,1559,159.19,159.19,1718.19,1718.19,1
468,USDAL,USLAX,CNLYG,"Dallas, TX, USDAL",LALB,"Lianyungang, 32, CNLYG",CNLYG,OOLU,OOCL,MT256104,DRY,2,10/20/2025,12/31/2025,11/5/2025 9:38,1559,1559,159.19,159.19,1718.19,1718.19,1
469,USDAL,USLAX,CNLZU,"Dallas, TX, USDAL",LALB,"Luzhou, 51, CNLZU",CNSHG,YMLU,YML,51625,DRY,1,10/27/2025,12/31/2025,11/5/2025 9:38,1940,1940,224.8,224.8,2164.8,2164.8,1
470,USDAL,USLAX,CNMAA,"Dallas, TX, USDAL",LALB,"Maanshan Pt, 34, CNMAA",CNSHG,YMLU,YML,51625,DRY,1,10/27/2025,12/31/2025,11/5/2025 9:38,1340,1340,224.8,224.8,1564.8,1564.8,1
471,USDAL,USLAX,CNNBG,"Dallas, TX, USDAL",LALB,"Ningbo Pt, 33, CNNBG",CNNBG,YMLU,YML,51625,DRY,1,10/27/2025,12/31/2025,11/5/2025 9:38,600,600,224.8,224.8,824.8,824.8,1
472,USDAL,USLAX,CNNBG,"Dallas, TX, USDAL",LALB,"Ningbo Pt, 33, CNNBG",CNNBG,OOLU,OOCL,MT256104,DRY,2,10/20/2025,12/31/2025,11/5/2025 9:38,669,669,160.87,160.87,829.87,829.87,1
473,USDAL,USLGB,CNNBG,"Dallas, TX, USDAL",LALB,"Ningbo Pt, 33, CNNBG",CNNBG,OOLU,OOCL,MT256104,DRY,2,10/20/2025,12/31/2025,11/5/2025 9:38,669,669,160.87,160.87,829.87,829.87,1
474,USDAL,USLAX,CNNBG,"Dallas, TX, USDAL",LALB,"Ningbo Pt, 33, CNNBG",CNNBG,YMLU,YML,51625,DRY,1,10/27/2025,12/31/2025,11/5/2025 9:38,1000,1000,224.8,224.8,1224.8,1224.8,1
475,USDAL,USLAX,CNNBG,"Dallas, TX, USDAL",LALB,"Ningbo Pt, 33, CNNBG",CNNBG,ONEY,ONE,CHIM354B25,DRY,1,10/1/2025,12/31/2025,11/5/2025 9:38,1096,1096,120.69,120.69,1216.69,1216.69,1
476,USDAL,USLAX,CNNBG,"Dallas, TX, USDAL",LALB,"Ningbo Pt, 33, CNNBG","NINGBO, CHINA",EGLV,EMC,SC103574,DRY,,10/1/2025,12/31/2025,11/5/2025 9:38,1150,1150,0,0,1150,1150,1
477,USDAL,USLAX,CNNBG,"Dallas, TX, USDAL",LALB,"Ningbo Pt, 33, CNNBG",KRPUS,YMLU,YML,51625,DRY,1,10/27/2025,12/31/2025,11/5/2025 9:38,1220,1220,125.98,125.98,1345.98,1345.98,1
478,USDAL,USLAX,CNNBG,"Dallas, TX, USDAL",LALB,"Ningbo Pt, 33, CNNBG",SGSIN,YMLU,YML,51625,DRY,1,10/27/2025,12/31/2025,11/5/2025 9:38,1260,1260,268.95,268.95,1528.95,1528.95,1
479,USDAL,USLAX,CNNJG,"Dallas, TX, USDAL",LALB,"Nanjing Pt, 35, CNNJG",CNSHG,YMLU,YML,51625,DRY,1,10/27/2025,12/31/2025,11/5/2025 9:38,1330,1330,224.8,224.8,1554.8,1554.8,1
480,USDAL,USLAX,CNNJP,"Dallas, TX, USDAL",LALB,"Nanjing Pt, 32, CNNJP",CNSHG,YMLU,YML,51625,DRY,1,10/27/2025,12/31/2025,11/5/2025 9:38,1330,1330,224.8,224.8,1554.8,1554.8,1
481,USDAL,USLAX,CNNKG,"Dallas, TX, USDAL",LALB,"Nanjing Lukou, 32, CNNKG",CNSHG,YMLU,YML,51625,DRY,1,10/27/2025,12/31/2025,11/5/2025 9:38,1330,1330,224.8,224.8,1554.8,1554.8,1
482,USDAL,USLAX,CNNKG,"Dallas, TX, USDAL",LALB,"Nanjing Lukou, 32, CNNKG",CNNKG,ONEY,ONE,CHIM354B25,DRY,1,10/1/2025,12/31/2025,11/5/2025 9:38,1351,1351,116.33,116.33,1467.33,1467.33,1
483,USDAL,USLAX,CNNSA,"Dallas, TX, USDAL",LALB,"Nansha Pt, 44, CNNSA",CNNSA,OOLU,OOCL,MT256104,DRY,2,10/20/2025,12/31/2025,11/5/2025 9:38,919,919,159.19,159.19,1078.19,1078.19,1
484,USDAL,USLGB,CNNSA,"Dallas, TX, USDAL",LALB,"Nansha Pt, 44, CNNSA",CNNSA,OOLU,OOCL,MT256104,DRY,2,10/20/2025,12/31/2025,11/5/2025 9:38,919,919,159.19,159.19,1078.19,1078.19,1
485,USDAL,USLAX,CNNSA,"Dallas, TX, USDAL",LALB,"Nansha Pt, 44, CNNSA",CNNSA,ONEY,ONE,CHIM354B25,DRY,1,10/1/2025,12/31/2025,11/5/2025 9:38,1441,1441,170.85,170.85,1611.85,1611.85,1
486,USDAL,USLAX,CNNTG,"Dallas, TX, USDAL",LALB,"Nantong Pt, 32, CNNTG",CNNTG,ONEY,ONE,CHIM354B25,DRY,1,10/1/2025,12/31/2025,11/5/2025 9:38,1271,1271,116.33,116.33,1387.33,1387.33,1
487,USDAL,USLAX,CNNTG,"Dallas, TX, USDAL",LALB,"Nantong Pt, 32, CNNTG",CNSHG,YMLU,YML,51625,DRY,1,10/27/2025,12/31/2025,11/5/2025 9:38,1330,1330,224.8,224.8,1554.8,1554.8,1
488,USDAL,USLAX,CNPUT,"Dallas, TX, USDAL",LALB,"Putian, 35, CNPUT",CNXMG,YMLU,YML,51625,DRY,1,10/27/2025,12/31/2025,11/5/2025 9:38,1310,1310,224.8,224.8,1534.8,1534.8,1
489,USDAL,USLAX,CNQDG,"Dallas, TX, USDAL",LALB,"Qingdao Pt, 32, CNQDG",CNQDG,YMLU,YML,51625,DRY,1,10/27/2025,12/31/2025,11/5/2025 9:38,600,600,224.8,224.8,824.8,824.8,1
490,USDAL,USLGB,CNQDG,"Dallas, TX, USDAL",LALB,"Qingdao Pt, 32, CNQDG",CNQDG,OOLU,OOCL,MT256104,DRY,2,10/20/2025,12/31/2025,11/5/2025 9:38,669,669,190.8,190.8,859.8,859.8,1
491,USDAL,USLAX,CNQDG,"Dallas, TX, USDAL",LALB,"Qingdao Pt, 32, CNQDG",CNQDG,OOLU,OOCL,MT256104,DRY,2,10/20/2025,12/31/2025,11/5/2025 9:38,669,669,190.8,190.8,859.8,859.8,1
492,USDAL,USLAX,CNQDG,"Dallas, TX, USDAL",LALB,"Qingdao Pt, 32, CNQDG",CNQDG,YMLU,YML,51625,DRY,1,10/27/2025,12/31/2025,11/5/2025 9:38,1000,1000,224.8,224.8,1224.8,1224.8,1
493,USDAL,USLAX,CNQDG,"Dallas, TX, USDAL",LALB,"Qingdao Pt, 32, CNQDG","QINGDAO, CHINA",EGLV,EMC,SC103574,DRY,,10/1/2025,12/31/2025,11/5/2025 9:38,1150,1150,0,0,1150,1150,1
494,USDAL,USLAX,CNQDG,"Dallas, TX, USDAL",LALB,"Qingdao Pt, 32, CNQDG",CNQDG,ONEY,ONE,CHIM354B25,DRY,1,10/1/2025,12/31/2025,11/5/2025 9:38,1176,1176,117.04,117.04,1293.04,1293.04,1
495,USDAL,USLAX,CNQDG,"Dallas, TX, USDAL",LALB,"Qingdao Pt, 32, CNQDG",KRPUS,YMLU,YML,51625,DRY,1,10/27/2025,12/31/2025,11/5/2025 9:38,1330,1330,125.98,125.98,1455.98,1455.98,1
496,USDAL,USLAX,CNQDG,"Dallas, TX, USDAL",LALB,"Qingdao Pt, 32, CNQDG",SGSIN,YMLU,YML,51625,DRY,1,10/27/2025,12/31/2025,11/5/2025 9:38,1375,1375,268.95,268.95,1643.95,1643.95,1
497,USDAL,USLAX,CNRZH,"Dallas, TX, USDAL",LALB,"Rizhao Pt, 37, CNRZH",CNQDG,YMLU,YML,51625,DRY,1,10/27/2025,12/31/2025,11/5/2025 9:38,1280,1280,224.8,224.8,1504.8,1504.8,1
498,USDAL,USLGB,CNSBU,"Dallas, TX, USDAL",LALB,"Sanbu Pt, 44, CNSBU",CNSBU,OOLU,OOCL,MT256104,DRY,2,10/20/2025,12/31/2025,11/5/2025 9:38,989,989,0,0,989,989,1
499,USDAL,USLAX,CNSBU,"Dallas, TX, USDAL",LALB,"Sanbu Pt, 44, CNSBU",CNSBU,OOLU,OOCL,MT256104,DRY,2,10/20/2025,12/31/2025,11/5/2025 9:38,989,989,0,0,989,989,1
500,USDAL,USLAX,CNSBU,"Dallas, TX, USDAL",LALB,"Sanbu Pt, 44, CNSBU",CNSBU,ONEY,ONE,CHIM354B25,DRY,1,10/1/2025,12/31/2025,11/5/2025 9:38,1976,1976,170.85,170.85,2146.85,2146.85,1
501,USDAL,USLAX,CNSHG,"Dallas, TX, USDAL",LALB,"Shanghai Pt, 44, CNSHG",CNSHG,YMLU,YML,51625,DRY,1,10/27/2025,12/31/2025,11/5/2025 9:38,600,600,224.8,224.8,824.8,824.8,1
502,USDAL,USLAX,CNSHG,"Dallas, TX, USDAL",LALB,"Shanghai Pt, 44, CNSHG",CNSHG,OOLU,OOCL,MT256104,DRY,2,10/20/2025,12/31/2025,11/5/2025 9:38,669,669,160.87,160.87,829.87,829.87,1
503,USDAL,USLGB,CNSHG,"Dallas, TX, USDAL",LALB,"Shanghai Pt, 44, CNSHG",CNSHG,OOLU,OOCL,MT256104,DRY,2,10/20/2025,12/31/2025,11/5/2025 9:38,669,669,160.87,160.87,829.87,829.87,1
504,USDAL,USLAX,CNSHG,"Dallas, TX, USDAL",LALB,"Shanghai Pt, 44, CNSHG",CNSHG,YMLU,YML,51625,DRY,1,10/27/2025,12/31/2025,11/5/2025 9:38,1000,1000,224.8,224.8,1224.8,1224.8,1
505,USDAL,USLAX,CNSHG,"Dallas, TX, USDAL",LALB,"Shanghai Pt, 44, CNSHG",CNSHG,ONEY,ONE,CHIM354B25,DRY,1,10/1/2025,12/31/2025,11/5/2025 9:38,1096,1096,116.33,116.33,1212.33,1212.33,1
506,USDAL,USLAX,CNSHG,"Dallas, TX, USDAL",LALB,"Shanghai Pt, 44, CNSHG",SHANGHAI,EGLV,EMC,SC103574,DRY,,10/1/2025,12/31/2025,11/5/2025 9:38,1150,1150,0,0,1150,1150,1
507,USDAL,USLAX,CNSHG,"Dallas, TX, USDAL",LALB,"Shanghai Pt, 44, CNSHG",SGSIN,YMLU,YML,51625,DRY,1,10/27/2025,12/31/2025,11/5/2025 9:38,1260,1260,268.95,268.95,1528.95,1528.95,1
508,USDAL,USLAX,CNSHK,"Dallas, TX, USDAL",LALB,"Shekou Pt, 44, CNSHK",CNSHK,YMLU,YML,51625,DRY,1,10/27/2025,12/31/2025,11/5/2025 9:38,1000,1000,224.8,224.8,1224.8,1224.8,1
509,USDAL,USLAX,CNSHK,"Dallas, TX, USDAL",LALB,"Shekou Pt, 44, CNSHK",CNSHK,ONEY,ONE,CHIM354B25,DRY,1,10/1/2025,12/31/2025,11/5/2025 9:38,1181,1181,170.85,170.85,1351.85,1351.85,1
510,USDAL,USLAX,CNSHK,"Dallas, TX, USDAL",LALB,"Shekou Pt, 44, CNSHK",SGSIN,YMLU,YML,51625,DRY,1,10/27/2025,12/31/2025,11/5/2025 9:38,1205,1205,268.95,268.95,1473.95,1473.95,1
511,USDAL,USLAX,CNSHK,"Dallas, TX, USDAL",LALB,"Shekou Pt, 44, CNSHK",CNSHK,OOLU,OOCL,MT256104,DRY,2,10/20/2025,12/31/2025,11/5/2025 9:38,1389,1389,0,0,1389,1389,1
512,USDAL,USLGB,CNSHK,"Dallas, TX, USDAL",LALB,"Shekou Pt, 44, CNSHK",CNSHK,OOLU,OOCL,MT256104,DRY,2,10/20/2025,12/31/2025,11/5/2025 9:38,1389,1389,0,0,1389,1389,1
513,USDAL,USLAX,CNSZG,"Dallas, TX, USDAL",LALB,"Suzhou Pt, 32, CNSZG",CNSHG,YMLU,YML,51625,DRY,1,10/27/2025,12/31/2025,11/5/2025 9:38,1490,1490,224.8,224.8,1714.8,1714.8,1
514,USDAL,USLAX,CNTAC,"Dallas, TX, USDAL",LALB,"Taicang Pt, 32, CNTAC",CNSHG,YMLU,YML,51625,DRY,1,10/27/2025,12/31/2025,11/5/2025 9:38,1100,1100,224.8,224.8,1324.8,1324.8,1
515,USDAL,USLAX,CNTAG,"Dallas, TX, USDAL",LALB,"Taicang, 32, CNTAG",CNSHG,YMLU,YML,51625,DRY,1,10/27/2025,12/31/2025,11/5/2025 9:38,1100,1100,224.8,224.8,1324.8,1324.8,1
516,USDAL,USLAX,CNTAZ,"Dallas, TX, USDAL",LALB,"Taizhou Pt, 33, CNTAZ",CNSHG,YMLU,YML,51625,DRY,1,10/27/2025,12/31/2025,11/5/2025 9:38,1330,1330,224.8,224.8,1554.8,1554.8,1
517,USDAL,USLAX,CNTOL,"Dallas, TX, USDAL",LALB,"Tongling Pt, 34, CNTOL",CNSHG,YMLU,YML,51625,DRY,1,10/27/2025,12/31/2025,11/5/2025 9:38,1370,1370,224.8,224.8,1594.8,1594.8,1
518,USDAL,USLAX,CNTXG,"Dallas, TX, USDAL",LALB,"Tianjin Xingang Pt, 12, CNTXG",CNTXG,YMLU,YML,51625,DRY,1,10/27/2025,12/31/2025,11/5/2025 9:38,800,800,224.8,224.8,1024.8,1024.8,1
519,USDAL,USLAX,CNTXG,"Dallas, TX, USDAL",LALB,"Tianjin Xingang Pt, 12, CNTXG",CNTXG,OOLU,OOCL,MT256104,DRY,2,10/20/2025,12/31/2025,11/5/2025 9:38,919,919,159.19,159.19,1078.19,1078.19,1
520,USDAL,USLGB,CNTXG,"Dallas, TX, USDAL",LALB,"Tianjin Xingang Pt, 12, CNTXG",CNTXG,OOLU,OOCL,MT256104,DRY,2,10/20/2025,12/31/2025,11/5/2025 9:38,919,919,159.19,159.19,1078.19,1078.19,1
521,USDAL,USLAX,CNTXG,"Dallas, TX, USDAL",LALB,"Tianjin Xingang Pt, 12, CNTXG",CNTXG,ONEY,ONE,CHIM354B25,DRY,1,10/1/2025,12/31/2025,11/5/2025 9:38,1156,1156,114.37,114.37,1270.37,1270.37,1
522,USDAL,USLAX,CNTXG,"Dallas, TX, USDAL",LALB,"Tianjin Xingang Pt, 12, CNTXG",KRPUS,YMLU,YML,51625,DRY,1,10/27/2025,12/31/2025,11/5/2025 9:38,1350,1350,125.98,125.98,1475.98,1475.98,1
523,USDAL,USLAX,CNTXG,"Dallas, TX, USDAL",LALB,"Tianjin Xingang Pt, 12, CNTXG",TWKHH,YMLU,YML,51625,DRY,1,10/27/2025,12/31/2025,11/5/2025 9:38,1435,1435,227.3,227.3,1662.3,1662.3,1
524,USDAL,USLAX,CNWEI,"Dallas, TX, USDAL",LALB,"Weihai, 37, CNWEI",CNQDG,YMLU,YML,51625,DRY,1,10/27/2025,12/31/2025,11/5/2025 9:38,1410,1410,224.8,224.8,1634.8,1634.8,1
525,USDAL,USLAX,CNWHG,"Dallas, TX, USDAL",LALB,"Wuhan Pt, 42, CNWHG",CNSHG,YMLU,YML,51625,DRY,1,10/27/2025,12/31/2025,11/5/2025 9:38,1470,1470,224.8,224.8,1694.8,1694.8,1
526,USDAL,USLAX,CNWHI,"Dallas, TX, USDAL",LALB,"Wuhu Pt, 34, CNWHI",CNSHG,YMLU,YML,51625,DRY,1,10/27/2025,12/31/2025,11/5/2025 9:38,1330,1330,224.8,224.8,1554.8,1554.8,1
527,USDAL,USLAX,CNWJA,"Dallas, TX, USDAL",LALB,"Wujiang, 32, CNWJA",CNSHG,YMLU,YML,51625,DRY,1,10/27/2025,12/31/2025,11/5/2025 9:38,1510,1510,224.8,224.8,1734.8,1734.8,1
528,USDAL,USLAX,CNWNZ,"Dallas, TX, USDAL",LALB,"Wenzhou Longwan, 33, CNWNZ",CNNBG,YMLU,YML,51625,DRY,1,10/27/2025,12/31/2025,11/5/2025 9:38,1370,1370,224.8,224.8,1594.8,1594.8,1
529,USDAL,USLAX,CNWNZ,"Dallas, TX, USDAL",LALB,"Wenzhou Longwan, 33, CNWNZ",CNSHG,YMLU,YML,51625,DRY,1,10/27/2025,12/31/2025,11/5/2025 9:38,1370,1370,224.8,224.8,1594.8,1594.8,1
530,USDAL,USLAX,CNWUH,"Dallas, TX, USDAL",LALB,"Wuhan Tianhe, 42, CNWUH",CNWUH,ONEY,ONE,CHIM354B25,DRY,1,10/1/2025,12/31/2025,11/5/2025 9:38,1251,1251,116.33,116.33,1367.33,1367.33,1
531,USDAL,USLAX,CNWUZ,"Dallas, TX, USDAL",LALB,"Wuzhou Pt, 45, CNWUZ",CNWUZ,ONEY,ONE,CHIM354B25,DRY,1,10/1/2025,12/31/2025,11/5/2025 9:38,1756,1756,170.85,170.85,1926.85,1926.85,1
532,USDAL,USLAX,CNXIA,"Dallas, TX, USDAL",LALB,"Xian, 33, CNXIA",CNSHG,YMLU,YML,51625,DRY,1,10/27/2025,12/31/2025,11/5/2025 9:38,3275,3275,224.8,224.8,3499.8,3499.8,1
533,USDAL,USLAX,CNXMG,"Dallas, TX, USDAL",LALB,"Xiamen Pt, 35, CNXMG",CNXMG,OOLU,OOCL,MT256104,DRY,2,10/20/2025,12/31/2025,11/5/2025 9:38,669,669,159.19,159.19,828.19,828.19,1
534,USDAL,USLGB,CNXMG,"Dallas, TX, USDAL",LALB,"Xiamen Pt, 35, CNXMG",CNXMG,OOLU,OOCL,MT256104,DRY,2,10/20/2025,12/31/2025,11/5/2025 9:38,669,669,159.19,159.19,828.19,828.19,1
535,USDAL,USLAX,CNXMG,"Dallas, TX, USDAL",LALB,"Xiamen Pt, 35, CNXMG",CNXMG,YMLU,YML,51625,DRY,1,10/27/2025,12/31/2025,11/5/2025 9:38,700,700,224.8,224.8,924.8,924.8,1
536,USDAL,USLAX,CNXMG,"Dallas, TX, USDAL",LALB,"Xiamen Pt, 35, CNXMG",CNXMG,YMLU,YML,51625,DRY,1,10/27/2025,12/31/2025,11/5/2025 9:38,1000,1000,224.8,224.8,1224.8,1224.8,1
537,USDAL,USLAX,CNXMG,"Dallas, TX, USDAL",LALB,"Xiamen Pt, 35, CNXMG","XIAMEN, CHINA",EGLV,EMC,SC103574,DRY,,10/1/2025,12/31/2025,11/5/2025 9:38,1300,1300,0,0,1300,1300,1
538,USDAL,USLAX,CNXMG,"Dallas, TX, USDAL",LALB,"Xiamen Pt, 35, CNXMG",CNXMG,ONEY,ONE,CHIM354B25,DRY,1,10/1/2025,12/31/2025,11/5/2025 9:38,1426,1426,114.37,114.37,1540.37,1540.37,1
539,USDAL,USLAX,CNYBN,"Dallas, TX, USDAL",LALB,"Yibin, 51, CNYBN",CNSHG,YMLU,YML,51625,DRY,1,10/27/2025,12/31/2025,11/5/2025 9:38,2000,2000,224.8,224.8,2224.8,2224.8,1
540,USDAL,USLAX,CNYIC,"Dallas, TX, USDAL",LALB,"Yichang, 42, CNYIC",CNSHG,YMLU,YML,51625,DRY,1,10/27/2025,12/31/2025,11/5/2025 9:38,1580,1580,224.8,224.8,1804.8,1804.8,1
541,USDAL,USLAX,CNYNT,"Dallas, TX, USDAL",LALB,"Yantai Laishan, 37, CNYNT",CNQDG,YMLU,YML,51625,DRY,1,10/27/2025,12/31/2025,11/5/2025 9:38,1330,1330,224.8,224.8,1554.8,1554.8,1
542,USDAL,USLAX,CNYNT,"Dallas, TX, USDAL",LALB,"Yantai Laishan, 37, CNYNT",CNYNT,ONEY,ONE,CHIM354B25,DRY,1,10/1/2025,12/31/2025,11/5/2025 9:38,1391,1391,117.04,117.04,1508.04,1508.04,1
543,USDAL,USLAX,CNYPG,"Dallas, TX, USDAL",LALB,"Yangpu Pt, 46, CNYPG",CNYPG,OOLU,OOCL,MT256104,DRY,2,10/20/2025,12/31/2025,11/5/2025 9:38,669,669,0,0,669,669,1
544,USDAL,USLGB,CNYPG,"Dallas, TX, USDAL",LALB,"Yangpu Pt, 46, CNYPG",CNYPG,OOLU,OOCL,MT256104,DRY,2,10/20/2025,12/31/2025,11/5/2025 9:38,669,669,0,0,669,669,1
545,USDAL,USLGB,CNYTN,"Dallas, TX, USDAL",LALB,"Yantian Pt, 44, CNYTN",CNYTN,OOLU,OOCL,MT256104,DRY,2,10/20/2025,12/31/2025,11/5/2025 9:38,669,669,159.19,159.19,828.19,828.19,1
546,USDAL,USLAX,CNYTN,"Dallas, TX, USDAL",LALB,"Yantian Pt, 44, CNYTN",CNYTN,OOLU,OOCL,MT256104,DRY,2,10/20/2025,12/31/2025,11/5/2025 9:38,669,669,159.19,159.19,828.19,828.19,1
547,USDAL,USLAX,CNYTN,"Dallas, TX, USDAL",LALB,"Yantian Pt, 44, CNYTN",CNYTN,YMLU,YML,51625,DRY,1,10/27/2025,12/31/2025,11/5/2025 9:38,700,700,224.8,224.8,924.8,924.8,1
548,USDAL,USLAX,CNYTN,"Dallas, TX, USDAL",LALB,"Yantian Pt, 44, CNYTN",CNYTN,YMLU,YML,51625,DRY,1,10/27/2025,12/31/2025,11/5/2025 9:38,1000,1000,224.8,224.8,1224.8,1224.8,1
549,USDAL,USLAX,CNYTN,"Dallas, TX, USDAL",LALB,"Yantian Pt, 44, CNYTN",CNYTN,ONEY,ONE,CHIM354B25,DRY,1,10/1/2025,12/31/2025,11/5/2025 9:38,1166,1166,170.85,170.85,1336.85,1336.85,1
550,USDAL,USLAX,CNYTN,"Dallas, TX, USDAL",LALB,"Yantian Pt, 44, CNYTN",KRPUS,YMLU,YML,51625,DRY,1,10/27/2025,12/31/2025,11/5/2025 9:38,1180,1180,125.98,125.98,1305.98,1305.98,1
551,USDAL,USLAX,CNYTN,"Dallas, TX, USDAL",LALB,"Yantian Pt, 44, CNYTN","YANTIAN, CHINA",EGLV,EMC,SC103574,DRY,,10/1/2025,12/31/2025,11/5/2025 9:38,1300,1300,0,0,1300,1300,1
552,USDAL,USLAX,CNYYA,"Dallas, TX, USDAL",LALB,"Yueyang, 50, CNYYA",CNYYA,ONEY,ONE,CHIM354B25,DRY,1,10/1/2025,12/31/2025,11/5/2025 9:38,1426,1426,120.97,120.97,1546.97,1546.97,1
553,USDAL,USLAX,CNYYA,"Dallas, TX, USDAL",LALB,"Yueyang, 50, CNYYA",CNSHG,YMLU,YML,51625,DRY,1,10/27/2025,12/31/2025,11/5/2025 9:38,1580,1580,224.8,224.8,1804.8,1804.8,1
554,USDAL,USLAX,CNYZH,"Dallas, TX, USDAL",LALB,"Yangzhou Pt, 32, CNYZH",CNSHG,YMLU,YML,51625,DRY,1,10/27/2025,12/31/2025,11/5/2025 9:38,1330,1330,224.8,224.8,1554.8,1554.8,1
555,USDAL,USLAX,CNZAP,"Dallas, TX, USDAL",LALB,"Zhapu, 33, CNZAP",CNNBG,YMLU,YML,51625,DRY,1,10/27/2025,12/31/2025,11/5/2025 9:38,1280,1280,224.8,224.8,1504.8,1504.8,1
556,USDAL,USLAX,CNZHE,"Dallas, TX, USDAL",LALB,"Zhenjiang Pt, 32, CNZHE",CNSHG,YMLU,YML,51625,DRY,1,10/27/2025,12/31/2025,11/5/2025 9:38,1300,1300,224.8,224.8,1524.8,1524.8,1
557,USDAL,USLAX,CNZJG,"Dallas, TX, USDAL",LALB,"Zhangjiagang, 32, CNZJG",CNZJG,ONEY,ONE,CHIM354B25,DRY,1,10/1/2025,12/31/2025,11/5/2025 9:38,1236,1236,116.33,116.33,1352.33,1352.33,1
558,USDAL,USLAX,CNZJG,"Dallas, TX, USDAL",LALB,"Zhangjiagang, 32, CNZJG",CNSHG,YMLU,YML,51625,DRY,1,10/27/2025,12/31/2025,11/5/2025 9:38,1330,1330,224.8,224.8,1554.8,1554.8,1
559,USDAL,USLAX,CNZSN,"Dallas, TX, USDAL",LALB,"Zhongshan Pt, 44, CNZSN",CNZSN,ONEY,ONE,CHIM354B25,DRY,1,10/1/2025,12/31/2025,11/5/2025 9:38,1341,1341,170.85,170.85,1511.85,1511.85,1
560,USDAL,USLAX,CNZUH,"Dallas, TX, USDAL",LALB,"Zhuhai Pt, 44, CNZUH",CNZUH,ONEY,ONE,CHIM354B25,DRY,1,10/1/2025,12/31/2025,11/5/2025 9:38,1806,1806,170.85,170.85,1976.85,1976.85,1
561,USDAL,USLAX,COBUN,"Dallas, TX, USDAL",LALB,"Buenaventura, , COBUN",COBUN,ONEY,ONE,CHIM354B25,DRY,1,10/1/2025,12/31/2025,11/5/2025 9:38,2683,2683,141,141,2824,2824,1
562,USDAL,USLAX,CRCAL,"Dallas, TX, USDAL",LALB,"Caldera, P, CRCAL",CRCAL,ONEY,ONE,CHIM354B25,DRY,1,10/1/2025,12/31/2025,11/5/2025 9:38,3113,3113,245,245,3358,3358,1
563,USDAL,USHOU,DZALG,"Dallas, TX, USDAL","Houston, TX, USHOU","Alger (Algiers), 16, DZALG",DZALG,MAEU,Maersk,300094432,DRY,0,10/16/2025,3/31/2026,11/5/2025 9:38,3242,3242,0,0,3242,3242,1
564,USDAL,USLAX,ECGYE,"Dallas, TX, USDAL",LALB,"Guayaquil, G, ECGYE",ECGYE,ONEY,ONE,CHIM354B25,DRY,1,10/1/2025,12/31/2025,11/5/2025 9:38,1668,1668,410,310,2078,1978,1
565,USDAL,USSAV,EGALY,"Dallas, TX, USDAL","Savannah, GA, USSAV","Alexandria, , EGALY",EGALY,ONEY,ONE,CHIM354B25,DRY,1,10/1/2025,12/31/2025,11/5/2025 9:38,3786,3786,0,0,3786,3786,1
566,USDAL,USSAV,EGDAM,"Dallas, TX, USDAL","Savannah, GA, USSAV","Damietta, , EGDAM",EGDAM,ONEY,ONE,CHIM354B25,DRY,1,10/1/2025,12/31/2025,11/5/2025 9:38,3786,3786,0,0,3786,3786,1
567,USDAL,USSAV,ESALG,"Dallas, TX, USDAL","Savannah, GA, USSAV","Algeciras, , ESALG",ESALG,ONEY,ONE,CHIM354B25,DRY,1,10/1/2025,12/31/2025,11/5/2025 9:38,2754,2754,386.41,386.41,3140.41,3140.41,1
568,USDAL,USSAV,ESBCN,"Dallas, TX, USDAL","Savannah, GA, USSAV","Barcelona, , ESBCN",ESBCN,ONEY,ONE,CHIM354B25,DRY,1,10/1/2025,12/31/2025,11/5/2025 9:38,3104,3104,416.14,416.14,3520.14,3520.14,1
569,USDAL,USSAV,ESVLC,"Dallas, TX, USDAL","Savannah, GA, USSAV","Valencia, , ESVLC",ESVLC,ONEY,ONE,CHIM354B25,DRY,1,10/1/2025,12/31/2025,11/5/2025 9:38,3229,3229,420.75,420.75,3649.75,3649.75,1
570,USDAL,USLAX,GTPRQ,"Dallas, TX, USDAL",LALB,"Puerto Quetzal, , GTPRQ",GTPRQ,ONEY,ONE,CHIM354B25,DRY,1,10/1/2025,12/31/2025,11/5/2025 9:38,2288,2288,683,683,2971,2971,1
571,USDAL,USLAX,IDBLW,"Dallas, TX, USDAL",LALB,"Belawan, , IDBLW",IDBLW,OOLU,OOCL,MT256104,DRY,2,10/20/2025,12/31/2025,11/5/2025 9:38,1144,1144,145,145,1289,1289,1
572,USDAL,USLGB,IDBLW,"Dallas, TX, USDAL",LALB,"Belawan, , IDBLW",IDBLW,OOLU,OOCL,MT256104,DRY,2,10/20/2025,12/31/2025,11/5/2025 9:38,1144,1144,145,145,1289,1289,1
573,USDAL,USLAX,IDBLW,"Dallas, TX, USDAL",LALB,"Belawan, , IDBLW",BELAWAN,EGLV,EMC,SC103574,DRY,,10/1/2025,12/31/2025,11/5/2025 9:38,1500,1500,145,145,1645,1645,1
574,USDAL,USLAX,IDBLW,"Dallas, TX, USDAL",LALB,"Belawan, , IDBLW",IDBLW,ONEY,ONE,CHIM354B25,DRY,1,10/1/2025,12/31/2025,11/5/2025 9:38,1751,1751,505.63,505.63,2256.63,2256.63,1
575,USDAL,USLAX,IDBLW,"Dallas, TX, USDAL",LALB,"Belawan, , IDBLW",SGSIN,YMLU,YML,51625,DRY,1,10/27/2025,12/31/2025,11/5/2025 9:38,1905,1905,268.95,268.95,2173.95,2173.95,1
576,USDAL,USLAX,IDBLW,"Dallas, TX, USDAL",LALB,"Belawan, , IDBLW",CNSHG,YMLU,YML,51625,DRY,1,10/27/2025,12/31/2025,11/5/2025 9:38,1905,1905,224.8,224.8,2129.8,2129.8,1
577,USDAL,USLAX,IDCKR,"Dallas, TX, USDAL",LALB,"Cikarang, JB, IDCKR",IDCKR,OOLU,OOCL,MT256104,DRY,2,10/20/2025,12/31/2025,11/5/2025 9:38,1344,1344,145,145,1489,1489,1
578,USDAL,USLGB,IDCKR,"Dallas, TX, USDAL",LALB,"Cikarang, JB, IDCKR",IDCKR,OOLU,OOCL,MT256104,DRY,2,10/20/2025,12/31/2025,11/5/2025 9:38,1344,1344,145,145,1489,1489,1
579,USDAL,USLAX,IDCKR,"Dallas, TX, USDAL",LALB,"Cikarang, JB, IDCKR",IDCKR,ONEY,ONE,CHIM354B25,DRY,1,10/1/2025,12/31/2025,11/5/2025 9:38,2026,2026,505.63,505.63,2531.63,2531.63,1
580,USDAL,USLAX,IDJKT,"Dallas, TX, USDAL",LALB,"Jakarta, JK, IDJKT",IDJKT,YMLU,YML,51625,DRY,1,10/27/2025,12/31/2025,11/5/2025 9:38,1000,1000,145,145,1145,1145,1
581,USDAL,USLAX,IDJKT,"Dallas, TX, USDAL",LALB,"Jakarta, JK, IDJKT",IDJKT,YMLU,YML,51625,DRY,1,10/27/2025,12/31/2025,11/5/2025 9:38,1000,1000,0,0,1000,1000,1
582,USDAL,USLGB,IDJKT,"Dallas, TX, USDAL",LALB,"Jakarta, JK, IDJKT",IDJKT,OOLU,OOCL,MT256104,DRY,2,10/20/2025,12/31/2025,11/5/2025 9:38,1144,1144,145,145,1289,1289,1
583,USDAL,USLAX,IDJKT,"Dallas, TX, USDAL",LALB,"Jakarta, JK, IDJKT",IDJKT,OOLU,OOCL,MT256104,DRY,2,10/20/2025,12/31/2025,11/5/2025 9:38,1144,1144,145,145,1289,1289,1
584,USDAL,USLAX,IDJKT,"Dallas, TX, USDAL",LALB,"Jakarta, JK, IDJKT",JAKARTA,EGLV,EMC,SC103574,DRY,,10/1/2025,12/31/2025,11/5/2025 9:38,1500,1500,145,145,1645,1645,1
585,USDAL,USLAX,IDJKT,"Dallas, TX, USDAL",LALB,"Jakarta, JK, IDJKT",IDJKT,ONEY,ONE,CHIM354B25,DRY,1,10/1/2025,12/31/2025,11/5/2025 9:38,1526,1526,505.63,505.63,2031.63,2031.63,1
586,USDAL,USLAX,IDJKT,"Dallas, TX, USDAL",LALB,"Jakarta, JK, IDJKT",CNSHG,YMLU,YML,51625,DRY,1,10/27/2025,12/31/2025,11/5/2025 9:38,1600,1600,224.8,224.8,1824.8,1824.8,1
587,USDAL,USLAX,IDJKT,"Dallas, TX, USDAL",LALB,"Jakarta, JK, IDJKT",SGSIN,YMLU,YML,51625,DRY,1,10/27/2025,12/31/2025,11/5/2025 9:38,1600,1600,268.95,268.95,1868.95,1868.95,1
588,USDAL,USSAV,IDJKT,"Dallas, TX, USDAL","Savannah, GA, USSAV","Jakarta, JK, IDJKT",IDJKT,ONEY,ONE,CHIM354B25,DRY,1,10/1/2025,12/31/2025,11/5/2025 9:38,2824,2824,505.63,505.63,3329.63,3329.63,1
589,USDAL,USLAX,IDPLM,"Dallas, TX, USDAL",LALB,"Palembang, Sumatra, , IDPLM",SGSIN,YMLU,YML,51625,DRY,1,10/27/2025,12/31/2025,11/5/2025 9:38,2050,2050,268.95,268.95,2318.95,2318.95,1
590,USDAL,USLGB,IDSRG,"Dallas, TX, USDAL",LALB,"Semarang, JT, IDSRG",IDSRG,OOLU,OOCL,MT256104,DRY,2,10/20/2025,12/31/2025,11/5/2025 9:38,1144,1144,145,145,1289,1289,1
591,USDAL,USLAX,IDSRG,"Dallas, TX, USDAL",LALB,"Semarang, JT, IDSRG",IDSRG,OOLU,OOCL,MT256104,DRY,2,10/20/2025,12/31/2025,11/5/2025 9:38,1144,1144,145,145,1289,1289,1
592,USDAL,USLAX,IDSRG,"Dallas, TX, USDAL",LALB,"Semarang, JT, IDSRG",SEMARANG,EGLV,EMC,SC103574,DRY,,10/1/2025,12/31/2025,11/5/2025 9:38,1500,1500,145,145,1645,1645,1
593,USDAL,USLAX,IDSRG,"Dallas, TX, USDAL",LALB,"Semarang, JT, IDSRG",IDSRG,ONEY,ONE,CHIM354B25,DRY,1,10/1/2025,12/31/2025,11/5/2025 9:38,1526,1526,505.63,505.63,2031.63,2031.63,1
594,USDAL,USLAX,IDSRG,"Dallas, TX, USDAL",LALB,"Semarang, JT, IDSRG",SGSIN,YMLU,YML,51625,DRY,1,10/27/2025,12/31/2025,11/5/2025 9:38,1650,1650,268.95,268.95,1918.95,1918.95,1
595,USDAL,USSAV,IDSRG,"Dallas, TX, USDAL","Savannah, GA, USSAV","Semarang, JT, IDSRG",IDSRG,ONEY,ONE,CHIM354B25,DRY,1,10/1/2025,12/31/2025,11/5/2025 9:38,2824,2824,505.63,505.63,3329.63,3329.63,1
596,USDAL,USLGB,IDSUB,"Dallas, TX, USDAL",LALB,"Surabaya, JI, IDSUB",IDSUB,OOLU,OOCL,MT256104,DRY,2,10/20/2025,12/31/2025,11/5/2025 9:38,1144,1144,145,145,1289,1289,1
597,USDAL,USLAX,IDSUB,"Dallas, TX, USDAL",LALB,"Surabaya, JI, IDSUB",IDSUB,OOLU,OOCL,MT256104,DRY,2,10/20/2025,12/31/2025,11/5/2025 9:38,1144,1144,145,145,1289,1289,1
598,USDAL,USLAX,IDSUB,"Dallas, TX, USDAL",LALB,"Surabaya, JI, IDSUB",IDSUB,YMLU,YML,51625,DRY,1,10/27/2025,12/31/2025,11/5/2025 9:38,1300,1300,0,0,1300,1300,1
599,USDAL,USLAX,IDSUB,"Dallas, TX, USDAL",LALB,"Surabaya, JI, IDSUB",SURABAYA,EGLV,EMC,SC103574,DRY,,10/1/2025,12/31/2025,11/5/2025 9:38,1500,1500,145,145,1645,1645,1
600,USDAL,USLAX,IDSUB,"Dallas, TX, USDAL",LALB,"Surabaya, JI, IDSUB",IDSUB,ONEY,ONE,CHIM354B25,DRY,1,10/1/2025,12/31/2025,11/5/2025 9:38,1526,1526,505.63,505.63,2031.63,2031.63,1
601,USDAL,USLAX,IDSUB,"Dallas, TX, USDAL",LALB,"Surabaya, JI, IDSUB",SGSIN,YMLU,YML,51625,DRY,1,10/27/2025,12/31/2025,11/5/2025 9:38,1600,1600,268.95,268.95,1868.95,1868.95,1
602,USDAL,USLAX,IDSUB,"Dallas, TX, USDAL",LALB,"Surabaya, JI, IDSUB",CNSHG,YMLU,YML,51625,DRY,1,10/27/2025,12/31/2025,11/5/2025 9:38,1600,1600,224.8,224.8,1824.8,1824.8,1
603,USDAL,USSAV,IDSUB,"Dallas, TX, USDAL","Savannah, GA, USSAV","Surabaya, JI, IDSUB",IDSUB,ONEY,ONE,CHIM354B25,DRY,1,10/1/2025,12/31/2025,11/5/2025 9:38,2824,2824,505.63,505.63,3329.63,3329.63,1
604,USDAL,USLAX,INCCU,"Dallas, TX, USDAL",LALB,"Kolkata (ex Calcutta), WB, INCCU",CNNBG,YMLU,YML,51625,DRY,1,10/27/2025,12/31/2025,11/5/2025 9:38,2650,2650,224.8,224.8,2874.8,2874.8,1
605,USDAL,USLAX,INCCU,"Dallas, TX, USDAL",LALB,"Kolkata (ex Calcutta), WB, INCCU",SGSIN,YMLU,YML,51625,DRY,1,10/27/2025,12/31/2025,11/5/2025 9:38,2650,2650,268.95,268.95,2918.95,2918.95,1
606,USDAL,USLAX,INCCU,"Dallas, TX, USDAL",LALB,"Kolkata (ex Calcutta), WB, INCCU",CNSHG,YMLU,YML,51625,DRY,1,10/27/2025,12/31/2025,11/5/2025 9:38,2650,2650,224.8,224.8,2874.8,2874.8,1
607,USDAL,USLAX,INCCU,"Dallas, TX, USDAL",LALB,"Kolkata (ex Calcutta), WB, INCCU",INCCU,ONEY,ONE,CHIM354B25,DRY,1,10/1/2025,12/31/2025,11/5/2025 9:38,2651,2651,280.64,280.64,2931.64,2931.64,1
608,USDAL,USLAX,INCOK,"Dallas, TX, USDAL",LALB,"Cochin, KL, INCOK",INCOK,ONEY,ONE,CHIM354B25,DRY,1,10/1/2025,12/31/2025,11/5/2025 9:38,2651,2651,249.51,249.51,2900.51,2900.51,1
609,USDAL,USSAV,INCOK,"Dallas, TX, USDAL","Savannah, GA, USSAV","Cochin, KL, INCOK",INCOK,ONEY,ONE,CHIM354B25,DRY,1,10/1/2025,12/31/2025,11/5/2025 9:38,3574,3574,249.51,249.51,3823.51,3823.51,1
610,USDAL,USLGB,INHAL,"Dallas, TX, USDAL",LALB,"Haldia, WB, INHAL",INHAL,OOLU,OOCL,MT256104,DRY,2,10/20/2025,12/31/2025,11/5/2025 9:38,2819,2819,0,0,2819,2819,1
611,USDAL,USLAX,INHAL,"Dallas, TX, USDAL",LALB,"Haldia, WB, INHAL",INHAL,OOLU,OOCL,MT256104,DRY,2,10/20/2025,12/31/2025,11/5/2025 9:38,2819,2819,0,0,2819,2819,1
612,USDAL,USCHS,INHZA,"Dallas, TX, USDAL","Charleston, SC, USCHS","Hazira Port/Surat, GJ, INHZA",INHZA,ONEY,ONE,CHIM354B25,DRY,1,10/1/2025,12/31/2025,11/5/2025 9:38,3339,3339,262.63,262.63,3601.63,3601.63,1
613,USDAL,USLGB,INKOC,"Dallas, TX, USDAL",LALB,"Kochi, , INKOC",INKOC,OOLU,OOCL,MT256104,DRY,2,10/20/2025,12/31/2025,11/5/2025 9:38,2374,2374,270.35,270.35,2644.35,2644.35,1
614,USDAL,USLAX,INKOC,"Dallas, TX, USDAL",LALB,"Kochi, , INKOC",INKOC,OOLU,OOCL,MT256104,DRY,2,10/20/2025,12/31/2025,11/5/2025 9:38,2374,2374,270.35,270.35,2644.35,2644.35,1
615,USDAL,USLAX,INKOC,"Dallas, TX, USDAL",LALB,"Kochi, , INKOC",KRPUS,YMLU,YML,51625,DRY,1,10/27/2025,12/31/2025,11/5/2025 9:38,3040,3040,125.98,125.98,3165.98,3165.98,1
616,USDAL,USLGB,INKTP,"Dallas, TX, USDAL",LALB,"Kattupalli Port, TN, INKTP",INKTP,OOLU,OOCL,MT256104,DRY,2,10/20/2025,12/31/2025,11/5/2025 9:38,1644,1644,0,0,1644,1644,1
617,USDAL,USLAX,INKTP,"Dallas, TX, USDAL",LALB,"Kattupalli Port, TN, INKTP",INKTP,OOLU,OOCL,MT256104,DRY,2,10/20/2025,12/31/2025,11/5/2025 9:38,1644,1644,0,0,1644,1644,1
618,USDAL,USLAX,INMAA,"Dallas, TX, USDAL",LALB,"Chennai (ex Madras), TN, INMAA",INMAA,ONEY,ONE,CHIM354B25,DRY,1,10/1/2025,12/31/2025,11/5/2025 9:38,2376,2376,227.54,227.54,2603.54,2603.54,1
619,USDAL,USLAX,INMAA,"Dallas, TX, USDAL",LALB,"Chennai (ex Madras), TN, INMAA",CNNBG,YMLU,YML,51625,DRY,1,10/27/2025,12/31/2025,11/5/2025 9:38,2400,2400,224.8,224.8,2624.8,2624.8,1
620,USDAL,USLAX,INMAA,"Dallas, TX, USDAL",LALB,"Chennai (ex Madras), TN, INMAA",SGSIN,YMLU,YML,51625,DRY,1,10/27/2025,12/31/2025,11/5/2025 9:38,2400,2400,268.95,268.95,2668.95,2668.95,1
621,USDAL,USLAX,INMAA,"Dallas, TX, USDAL",LALB,"Chennai (ex Madras), TN, INMAA",CNSHG,YMLU,YML,51625,DRY,1,10/27/2025,12/31/2025,11/5/2025 9:38,2400,2400,224.8,224.8,2624.8,2624.8,1
622,USDAL,USSAV,INMAA,"Dallas, TX, USDAL","Savannah, GA, USSAV","Chennai (ex Madras), TN, INMAA",INMAA,ONEY,ONE,CHIM354B25,DRY,1,10/1/2025,12/31/2025,11/5/2025 9:38,3864,3864,227.54,227.54,4091.54,4091.54,1
623,USDAL,USSAV,INMUN,"Dallas, TX, USDAL","Savannah, GA, USSAV","Mundra, GJ, INMUN",INMUN,ONEY,ONE,CHIM354B25,DRY,1,10/1/2025,12/31/2025,11/5/2025 9:38,2424,2424,324.41,324.41,2748.41,2748.41,1
624,USDAL,USLAX,INMUN,"Dallas, TX, USDAL",LALB,"Mundra, GJ, INMUN",INMUN,ONEY,ONE,CHIM354B25,DRY,1,10/1/2025,12/31/2025,11/5/2025 9:38,2566,2566,324.41,324.41,2890.41,2890.41,1
625,USDAL,USCHS,INMUN,"Dallas, TX, USDAL","Charleston, SC, USCHS","Mundra, GJ, INMUN",INMUN,ONEY,ONE,CHIM354B25,DRY,1,10/1/2025,12/31/2025,11/5/2025 9:38,3139,3139,324.41,324.41,3463.41,3463.41,1
626,USDAL,USLGB,INNSA,"Dallas, TX, USDAL",LALB,"Nhava Sheva, MH, INNSA",INNSA,OOLU,OOCL,MT256104,DRY,2,10/20/2025,12/31/2025,11/5/2025 9:38,1224,1224,157.7,157.7,1381.7,1381.7,1
627,USDAL,USLAX,INNSA,"Dallas, TX, USDAL",LALB,"Nhava Sheva, MH, INNSA",INNSA,OOLU,OOCL,MT256104,DRY,2,10/20/2025,12/31/2025,11/5/2025 9:38,1224,1224,157.7,157.7,1381.7,1381.7,1
628,USDAL,USLAX,INNSA,"Dallas, TX, USDAL",LALB,"Nhava Sheva, MH, INNSA",NHAVA SHEVA,EGLV,EMC,SC103574,DRY,,10/1/2025,12/31/2025,11/5/2025 9:38,2050,2050,199.65,199.65,2249.65,2249.65,1
629,USDAL,USLAX,INNSA,"Dallas, TX, USDAL",LALB,"Nhava Sheva, MH, INNSA",INNSA,YMLU,YML,51625,DRY,1,10/27/2025,12/31/2025,11/5/2025 9:38,2225,2225,157.7,157.7,2382.7,2382.7,1
630,USDAL,USLAX,INNSA,"Dallas, TX, USDAL",LALB,"Nhava Sheva, MH, INNSA",INNSA,ONEY,ONE,CHIM354B25,DRY,1,10/1/2025,12/31/2025,11/5/2025 9:38,2416,2416,290.62,290.62,2706.62,2706.62,1
631,USDAL,USSAV,INNSA,"Dallas, TX, USDAL","Savannah, GA, USSAV","Nhava Sheva, MH, INNSA",INNSA,ONEY,ONE,CHIM354B25,DRY,1,10/1/2025,12/31/2025,11/5/2025 9:38,2424,2424,290.62,290.62,2714.62,2714.62,1
632,USDAL,USCHS,INNSA,"Dallas, TX, USDAL","Charleston, SC, USCHS","Nhava Sheva, MH, INNSA",INNSA,ONEY,ONE,CHIM354B25,DRY,1,10/1/2025,12/31/2025,11/5/2025 9:38,3139,3139,290.62,290.62,3429.62,3429.62,1
633,USDAL,USLAX,INPAV,"Dallas, TX, USDAL",LALB,"Pipavav (Victor) Port, GJ, INPAV",INPAV,ONEY,ONE,CHIM354B25,DRY,1,10/1/2025,12/31/2025,11/5/2025 9:38,1416,1416,279.98,279.98,1695.98,1695.98,1
634,USDAL,USLAX,INPAV,"Dallas, TX, USDAL",LALB,"Pipavav (Victor) Port, GJ, INPAV",INPAV,YMLU,YML,51625,DRY,1,10/27/2025,12/31/2025,11/5/2025 9:38,2225,2225,152.07,152.07,2377.07,2377.07,1
635,USDAL,USLGB,INRJU,"Dallas, TX, USDAL",LALB,"Rajula, GJ, INRJU",INRJU,OOLU,OOCL,MT256104,DRY,2,10/20/2025,12/31/2025,11/5/2025 9:38,1644,1644,0,0,1644,1644,1
636,USDAL,USLAX,INRJU,"Dallas, TX, USDAL",LALB,"Rajula, GJ, INRJU",INRJU,OOLU,OOCL,MT256104,DRY,2,10/20/2025,12/31/2025,11/5/2025 9:38,1644,1644,0,0,1644,1644,1
637,USDAL,USLGB,INTUT,"Dallas, TX, USDAL",LALB,"Tuticorin, TN, INTUT",INTUT,OOLU,OOCL,MT256104,DRY,2,10/20/2025,12/31/2025,11/5/2025 9:38,1344,1344,78.85,78.85,1422.85,1422.85,1
638,USDAL,USLAX,INTUT,"Dallas, TX, USDAL",LALB,"Tuticorin, TN, INTUT",INTUT,OOLU,OOCL,MT256104,DRY,2,10/20/2025,12/31/2025,11/5/2025 9:38,1344,1344,78.85,78.85,1422.85,1422.85,1
639,USDAL,USLAX,INTUT,"Dallas, TX, USDAL",LALB,"Tuticorin, TN, INTUT",INTUT,ONEY,ONE,CHIM354B25,DRY,1,10/1/2025,12/31/2025,11/5/2025 9:38,2651,2651,211.77,211.77,2862.77,2862.77,1
640,USDAL,USSAV,INTUT,"Dallas, TX, USDAL","Savannah, GA, USSAV","Tuticorin, TN, INTUT",INTUT,ONEY,ONE,CHIM354B25,DRY,1,10/1/2025,12/31/2025,11/5/2025 9:38,3874,3874,211.77,211.77,4085.77,4085.77,1
641,USDAL,USCHS,INTUT,"Dallas, TX, USDAL","Charleston, SC, USCHS","Tuticorin, TN, INTUT",INTUT,ONEY,ONE,CHIM354B25,DRY,1,10/1/2025,12/31/2025,11/5/2025 9:38,4239,4239,211.77,211.77,4450.77,4450.77,1
642,USDAL,USSAV,ITSPE,"Dallas, TX, USDAL","Savannah, GA, USSAV","La Spezia, , ITSPE",ITSPE,ONEY,ONE,CHIM354B25,DRY,1,10/1/2025,12/31/2025,11/5/2025 9:38,3014,3014,380.47,380.47,3394.47,3394.47,1
643,USDAL,USLAX,JPABU,"Dallas, TX, USDAL",LALB,"Aburatsu, 45, JPABU",KRPUS,YMLU,YML,51625,DRY,1,10/27/2025,12/31/2025,11/5/2025 9:38,2550,2550,125.98,125.98,2675.98,2675.98,1
644,USDAL,USLAX,JPAXT,"Dallas, TX, USDAL",LALB,"Akita, 5, JPAXT",KRPUS,YMLU,YML,51625,DRY,1,10/27/2025,12/31/2025,11/5/2025 9:38,2550,2550,125.98,125.98,2675.98,2675.98,1
645,USDAL,USLAX,JPFKY,"Dallas, TX, USDAL",LALB,"Fukuyama, Hiroshima, 34, JPFKY",KRPUS,YMLU,YML,51625,DRY,1,10/27/2025,12/31/2025,11/5/2025 9:38,2870,2870,125.98,125.98,2995.98,2995.98,1
646,USDAL,USLAX,JPHHE,"Dallas, TX, USDAL",LALB,"Hachinohe, 2, JPHHE",KRPUS,YMLU,YML,51625,DRY,1,10/27/2025,12/31/2025,11/5/2025 9:38,3350,3350,125.98,125.98,3475.98,3475.98,1
647,USDAL,USLAX,JPHIJ,"Dallas, TX, USDAL",LALB,"Hiroshima, 34, JPHIJ",JPHIJ,ONEY,ONE,CHIM354B25,DRY,1,10/1/2025,12/31/2025,11/5/2025 9:38,1726,1726,324.73,324.73,2050.73,2050.73,1
648,USDAL,USLAX,JPHIJ,"Dallas, TX, USDAL",LALB,"Hiroshima, 34, JPHIJ",KRPUS,YMLU,YML,51625,DRY,1,10/27/2025,12/31/2025,11/5/2025 9:38,2160,2160,125.98,125.98,2285.98,2285.98,1
649,USDAL,USLAX,JPHKD,"Dallas, TX, USDAL",LALB,"Hakodate, 1, JPHKD",KRPUS,YMLU,YML,51625,DRY,1,10/27/2025,12/31/2025,11/5/2025 9:38,2800,2800,125.98,125.98,2925.98,2925.98,1
650,USDAL,USLAX,JPHMD,"Dallas, TX, USDAL",LALB,"Hamada, 32, JPHMD",KRPUS,YMLU,YML,51625,DRY,1,10/27/2025,12/31/2025,11/5/2025 9:38,3070,3070,125.98,125.98,3195.98,3195.98,1
651,USDAL,USLGB,JPHTD,"Dallas, TX, USDAL",LALB,"Hakata, 38, JPHTD",JPHTD,OOLU,OOCL,MT256104,DRY,2,10/20/2025,12/31/2025,11/5/2025 9:38,1524,1524,318.23,318.23,1842.23,1842.23,1
652,USDAL,USLAX,JPHTD,"Dallas, TX, USDAL",LALB,"Hakata, 38, JPHTD",JPHTD,OOLU,OOCL,MT256104,DRY,2,10/20/2025,12/31/2025,11/5/2025 9:38,1524,1524,318.23,318.23,1842.23,1842.23,1
653,USDAL,USLAX,JPHTD,"Dallas, TX, USDAL",LALB,"Hakata, 38, JPHTD",HAKATA,EGLV,EMC,SC103574,DRY,,10/1/2025,12/31/2025,11/5/2025 9:38,1600,1600,311.74,311.74,1911.74,1911.74,1
654,USDAL,USLAX,JPIMB,"Dallas, TX, USDAL",LALB,"Imabari, 38, JPIMB",KRPUS,YMLU,YML,51625,DRY,1,10/27/2025,12/31/2025,11/5/2025 9:38,2610,2610,125.98,125.98,2735.98,2735.98,1
655,USDAL,USLAX,JPIMI,"Dallas, TX, USDAL",LALB,"Imari, 41, JPIMI",CNSHG,YMLU,YML,51625,DRY,1,10/27/2025,12/31/2025,11/5/2025 9:38,1970,1970,224.8,224.8,2194.8,2194.8,1
656,USDAL,USLAX,JPISI,"Dallas, TX, USDAL",LALB,"Ishikari, 1, JPISI",KRPUS,YMLU,YML,51625,DRY,1,10/27/2025,12/31/2025,11/5/2025 9:38,2930,2930,125.98,125.98,3055.98,3055.98,1
657,USDAL,USLAX,JPIWK,"Dallas, TX, USDAL",LALB,"Iwakuni, 35, JPIWK",KRPUS,YMLU,YML,51625,DRY,1,10/27/2025,12/31/2025,11/5/2025 9:38,2810,2810,125.98,125.98,2935.98,2935.98,1
658,USDAL,USLAX,JPIYM,"Dallas, TX, USDAL",LALB,"Iyomishima, 38, JPIYM",CNSHG,YMLU,YML,51625,DRY,1,10/27/2025,12/31/2025,11/5/2025 9:38,1800,1800,224.8,224.8,2024.8,2024.8,1
659,USDAL,USLAX,JPIYM,"Dallas, TX, USDAL",LALB,"Iyomishima, 38, JPIYM",JPIYM,ONEY,ONE,CHIM354B25,DRY,1,10/1/2025,12/31/2025,11/5/2025 9:38,2001,2001,342.26,342.26,2343.26,2343.26,1
660,USDAL,USLAX,JPKCZ,"Dallas, TX, USDAL",LALB,"Kochi, 39, JPKCZ",JPKCZ,ONEY,ONE,CHIM354B25,DRY,1,10/1/2025,12/31/2025,11/5/2025 9:38,2141,2141,342.26,342.26,2483.26,2483.26,1
661,USDAL,USLAX,JPKIJ,"Dallas, TX, USDAL",LALB,"Niigata, 15, JPKIJ",JPKIJ,ONEY,ONE,CHIM354B25,DRY,1,10/1/2025,12/31/2025,11/5/2025 9:38,1901,1901,342.26,342.26,2243.26,2243.26,1
662,USDAL,USLAX,JPKMJ,"Dallas, TX, USDAL",LALB,"Kumamoto, 43, JPKMJ",KRPUS,YMLU,YML,51625,DRY,1,10/27/2025,12/31/2025,11/5/2025 9:38,2500,2500,125.98,125.98,2625.98,2625.98,1
663,USDAL,USLAX,JPKNZ,"Dallas, TX, USDAL",LALB,"Kanazawa, 17, JPKNZ",KRPUS,YMLU,YML,51625,DRY,1,10/27/2025,12/31/2025,11/5/2025 9:38,2740,2740,125.98,125.98,2865.98,2865.98,1
664,USDAL,USLAX,JPKST,"Dallas, TX, USDAL",LALB,"Kisakata, 5, JPKST",KRPUS,YMLU,YML,51625,DRY,1,10/27/2025,12/31/2025,11/5/2025 9:38,2930,2930,125.98,125.98,3055.98,3055.98,1
665,USDAL,USLAX,JPKUH,"Dallas, TX, USDAL",LALB,"Kushiro, 1, JPKUH",KRPUS,YMLU,YML,51625,DRY,1,10/27/2025,12/31/2025,11/5/2025 9:38,3155,3155,125.98,125.98,3280.98,3280.98,1
666,USDAL,USLAX,JPMII,"Dallas, TX, USDAL",LALB,"Miike, Fukuoka, 40, JPMII",KRPUS,YMLU,YML,51625,DRY,1,10/27/2025,12/31/2025,11/5/2025 9:38,2870,2870,125.98,125.98,2995.98,2995.98,1
667,USDAL,USLAX,JPMIZ,"Dallas, TX, USDAL",LALB,"Mizushima, 33, JPMIZ",CNNBG,YMLU,YML,51625,DRY,1,10/27/2025,12/31/2025,11/5/2025 9:38,1670,1670,224.8,224.8,1894.8,1894.8,1
668,USDAL,USLGB,JPMOJ,"Dallas, TX, USDAL",LALB,"Moji/Kitakyushu, 40, JPMOJ",JPMOJ,OOLU,OOCL,MT256104,DRY,2,10/20/2025,12/31/2025,11/5/2025 9:38,1099,1099,0,0,1099,1099,1
669,USDAL,USLAX,JPMOJ,"Dallas, TX, USDAL",LALB,"Moji/Kitakyushu, 40, JPMOJ",JPMOJ,OOLU,OOCL,MT256104,DRY,2,10/20/2025,12/31/2025,11/5/2025 9:38,1099,1099,0,0,1099,1099,1
670,USDAL,USLAX,JPMOJ,"Dallas, TX, USDAL",LALB,"Moji/Kitakyushu, 40, JPMOJ",JPMOJ,ONEY,ONE,CHIM354B25,DRY,1,10/1/2025,12/31/2025,11/5/2025 9:38,1601,1601,342.26,342.26,1943.26,1943.26,1
671,USDAL,USLAX,JPMYJ,"Dallas, TX, USDAL",LALB,"Matsuyama, 38, JPMYJ",JPMYJ,ONEY,ONE,CHIM354B25,DRY,1,10/1/2025,12/31/2025,11/5/2025 9:38,1871,1871,342.26,342.26,2213.26,2213.26,1
672,USDAL,USLAX,JPNAH,"Dallas, TX, USDAL",LALB,"Naha, Okinawa, 47, JPNAH",TWKHH,YMLU,YML,51625,DRY,1,10/27/2025,12/31/2025,11/5/2025 9:38,1830,1830,227.3,227.3,2057.3,2057.3,1
673,USDAL,USLAX,JPNAO,"Dallas, TX, USDAL",LALB,"Naoetsu, 15, JPNAO",JPNAO,ONEY,ONE,CHIM354B25,DRY,1,10/1/2025,12/31/2025,11/5/2025 9:38,2211,2211,342.26,342.26,2553.26,2553.26,1
674,USDAL,USLAX,JPNAO,"Dallas, TX, USDAL",LALB,"Naoetsu, 15, JPNAO",KRPUS,YMLU,YML,51625,DRY,1,10/27/2025,12/31/2025,11/5/2025 9:38,2950,2950,125.98,125.98,3075.98,3075.98,1
675,USDAL,USLAX,JPNGO,"Dallas, TX, USDAL",LALB,"Nagoya, Aichi, 23, JPNGO",JPNGO,YMLU,YML,51625,DRY,1,10/27/2025,12/31/2025,11/5/2025 9:38,800,800,321.48,321.48,1121.48,1121.48,1
676,USDAL,USLGB,JPNGO,"Dallas, TX, USDAL",LALB,"Nagoya, Aichi, 23, JPNGO",JPNGO,OOLU,OOCL,MT256104,DRY,2,10/20/2025,12/31/2025,11/5/2025 9:38,869,869,318.23,318.23,1187.23,1187.23,1
677,USDAL,USLAX,JPNGO,"Dallas, TX, USDAL",LALB,"Nagoya, Aichi, 23, JPNGO",JPNGO,OOLU,OOCL,MT256104,DRY,2,10/20/2025,12/31/2025,11/5/2025 9:38,869,869,318.23,318.23,1187.23,1187.23,1
678,USDAL,USLAX,JPNGO,"Dallas, TX, USDAL",LALB,"Nagoya, Aichi, 23, JPNGO",JPNGO,YMLU,YML,51625,DRY,1,10/27/2025,12/31/2025,11/5/2025 9:38,1000,1000,321.48,321.48,1321.48,1321.48,1
679,USDAL,USLAX,JPNGO,"Dallas, TX, USDAL",LALB,"Nagoya, Aichi, 23, JPNGO",JPNGO,ONEY,ONE,CHIM354B25,DRY,1,10/1/2025,12/31/2025,11/5/2025 9:38,1101,1101,342.26,342.26,1443.26,1443.26,1
680,USDAL,USLAX,JPNGO,"Dallas, TX, USDAL",LALB,"Nagoya, Aichi, 23, JPNGO",SGSIN,YMLU,YML,51625,DRY,1,10/27/2025,12/31/2025,11/5/2025 9:38,1175,1175,268.95,268.95,1443.95,1443.95,1
681,USDAL,USLAX,JPNGO,"Dallas, TX, USDAL",LALB,"Nagoya, Aichi, 23, JPNGO",NAGOYA,EGLV,EMC,SC103574,DRY,,10/1/2025,12/31/2025,11/5/2025 9:38,1600,1600,311.74,311.74,1911.74,1911.74,1
682,USDAL,USLAX,JPNKO,"Dallas, TX, USDAL",LALB,"Nanko, 27, JPNKO",JPUKB,YMLU,YML,51625,DRY,1,10/27/2025,12/31/2025,11/5/2025 9:38,1520,1520,321.48,321.48,1841.48,1841.48,1
683,USDAL,USLAX,JPOIT,"Dallas, TX, USDAL",LALB,"Oita, 44, JPOIT",KRPUS,YMLU,YML,51625,DRY,1,10/27/2025,12/31/2025,11/5/2025 9:38,2570,2570,125.98,125.98,2695.98,2695.98,1
684,USDAL,USLAX,JPONA,"Dallas, TX, USDAL",LALB,"Onahama, 7, JPONA",KRPUS,YMLU,YML,51625,DRY,1,10/27/2025,12/31/2025,11/5/2025 9:38,3090,3090,125.98,125.98,3215.98,3215.98,1
685,USDAL,USLAX,JPOSA,"Dallas, TX, USDAL",LALB,"Osaka, 27, JPOSA",JPOSA,OOLU,OOCL,MT256104,DRY,2,10/20/2025,12/31/2025,11/5/2025 9:38,994,994,318.23,318.23,1312.23,1312.23,1
686,USDAL,USLGB,JPOSA,"Dallas, TX, USDAL",LALB,"Osaka, 27, JPOSA",JPOSA,OOLU,OOCL,MT256104,DRY,2,10/20/2025,12/31/2025,11/5/2025 9:38,994,994,318.23,318.23,1312.23,1312.23,1
687,USDAL,USLAX,JPOSA,"Dallas, TX, USDAL",LALB,"Osaka, 27, JPOSA",JPUKB,YMLU,YML,51625,DRY,1,10/27/2025,12/31/2025,11/5/2025 9:38,1000,1000,321.48,321.48,1321.48,1321.48,1
688,USDAL,USLAX,JPOSA,"Dallas, TX, USDAL",LALB,"Osaka, 27, JPOSA",JPUKB,YMLU,YML,51625,DRY,1,10/27/2025,12/31/2025,11/5/2025 9:38,1280,1280,321.48,321.48,1601.48,1601.48,1
689,USDAL,USLAX,JPOSA,"Dallas, TX, USDAL",LALB,"Osaka, 27, JPOSA",JPOSA,ONEY,ONE,CHIM354B25,DRY,1,10/1/2025,12/31/2025,11/5/2025 9:38,1296,1296,342.26,342.26,1638.26,1638.26,1
690,USDAL,USLAX,JPOSA,"Dallas, TX, USDAL",LALB,"Osaka, 27, JPOSA",OSAKA,EGLV,EMC,SC103574,DRY,,10/1/2025,12/31/2025,11/5/2025 9:38,1600,1600,311.74,311.74,1911.74,1911.74,1
691,USDAL,USLAX,JPOTK,"Dallas, TX, USDAL",LALB,"Otake, 34, JPOTK",KRPUS,YMLU,YML,51625,DRY,1,10/27/2025,12/31/2025,11/5/2025 9:38,2950,2950,125.98,125.98,3075.98,3075.98,1
692,USDAL,USLAX,JPSBS,"Dallas, TX, USDAL",LALB,"Shibushi, 46, JPSBS",JPSBS,ONEY,ONE,CHIM354B25,DRY,1,10/1/2025,12/31/2025,11/5/2025 9:38,2001,2001,342.26,342.26,2343.26,2343.26,1
693,USDAL,USLAX,JPSDJ,"Dallas, TX, USDAL",LALB,"Sendai, Miyagi, 4, JPSDJ",JPSDJ,ONEY,ONE,CHIM354B25,DRY,1,10/1/2025,12/31/2025,11/5/2025 9:38,1931,1931,342.26,342.26,2273.26,2273.26,1
694,USDAL,USLAX,JPSDJ,"Dallas, TX, USDAL",LALB,"Sendai, Miyagi, 4, JPSDJ",KRPUS,YMLU,YML,51625,DRY,1,10/27/2025,12/31/2025,11/5/2025 9:38,3100,3100,125.98,125.98,3225.98,3225.98,1
695,USDAL,USLAX,JPSEB,"Dallas, TX, USDAL",LALB,"Seibu, 13, JPSEB",JPNGO,YMLU,YML,51625,DRY,1,10/27/2025,12/31/2025,11/5/2025 9:38,1320,1320,321.48,321.48,1641.48,1641.48,1
696,USDAL,USLAX,JPSEN,"Dallas, TX, USDAL",LALB,"Satsumasendai, 46, JPSEN",KRPUS,YMLU,YML,51625,DRY,1,10/27/2025,12/31/2025,11/5/2025 9:38,2980,2980,125.98,125.98,3105.98,3105.98,1
697,USDAL,USLAX,JPSHS,"Dallas, TX, USDAL",LALB,"Shimonoseki, 35, JPSHS",KRPUS,YMLU,YML,51625,DRY,1,10/27/2025,12/31/2025,11/5/2025 9:38,2820,2820,125.98,125.98,2945.98,2945.98,1
698,USDAL,USLAX,JPSMN,"Dallas, TX, USDAL",LALB,"Sakaiminato, 31, JPSMN",JPSMN,ONEY,ONE,CHIM354B25,DRY,1,10/1/2025,12/31/2025,11/5/2025 9:38,2241,2241,0,0,2241,2241,1
699,USDAL,USLAX,JPSMZ,"Dallas, TX, USDAL",LALB,"Shimizu, 22, JPSMZ",JPSMZ,YMLU,YML,51625,DRY,1,10/27/2025,12/31/2025,11/5/2025 9:38,800,800,321.48,321.48,1121.48,1121.48,1
700,USDAL,USLGB,JPSMZ,"Dallas, TX, USDAL",LALB,"Shimizu, 22, JPSMZ",JPSMZ,OOLU,OOCL,MT256104,DRY,2,10/20/2025,12/31/2025,11/5/2025 9:38,869,869,0,0,869,869,1
701,USDAL,USLAX,JPSMZ,"Dallas, TX, USDAL",LALB,"Shimizu, 22, JPSMZ",JPSMZ,OOLU,OOCL,MT256104,DRY,2,10/20/2025,12/31/2025,11/5/2025 9:38,869,869,0,0,869,869,1
702,USDAL,USLAX,JPSMZ,"Dallas, TX, USDAL",LALB,"Shimizu, 22, JPSMZ",JPSMZ,YMLU,YML,51625,DRY,1,10/27/2025,12/31/2025,11/5/2025 9:38,1000,1000,321.48,321.48,1321.48,1321.48,1
703,USDAL,USLAX,JPSMZ,"Dallas, TX, USDAL",LALB,"Shimizu, 22, JPSMZ",JPSMZ,ONEY,ONE,CHIM354B25,DRY,1,10/1/2025,12/31/2025,11/5/2025 9:38,1101,1101,342.26,342.26,1443.26,1443.26,1
704,USDAL,USLAX,JPTAK,"Dallas, TX, USDAL",LALB,"Takamatsu, 37, JPTAK",KRPUS,YMLU,YML,51625,DRY,1,10/27/2025,12/31/2025,11/5/2025 9:38,2870,2870,125.98,125.98,2995.98,2995.98,1
705,USDAL,USLAX,JPTHS,"Dallas, TX, USDAL",LALB,"Toyohashi, 23, JPTHS",KRPUS,YMLU,YML,51625,DRY,1,10/27/2025,12/31/2025,11/5/2025 9:38,1960,1960,125.98,125.98,2085.98,2085.98,1
706,USDAL,USLAX,JPTKS,"Dallas, TX, USDAL",LALB,"Tokushima, 36, JPTKS",JPTKS,ONEY,ONE,CHIM354B25,DRY,1,10/1/2025,12/31/2025,11/5/2025 9:38,2601,2601,342.26,342.26,2943.26,2943.26,1
707,USDAL,USLAX,JPTKS,"Dallas, TX, USDAL",LALB,"Tokushima, 36, JPTKS",KRPUS,YMLU,YML,51625,DRY,1,10/27/2025,12/31/2025,11/5/2025 9:38,2850,2850,125.98,125.98,2975.98,2975.98,1
708,USDAL,USLAX,JPTKY,"Dallas, TX, USDAL",LALB,"Tokuyama, 35, JPTKY",KRPUS,YMLU,YML,51625,DRY,1,10/27/2025,12/31/2025,11/5/2025 9:38,2640,2640,125.98,125.98,2765.98,2765.98,1
709,USDAL,USLAX,JPTMK,"Dallas, TX, USDAL",LALB,"Tomakomai, 1, JPTMK",JPTMK,ONEY,ONE,CHIM354B25,DRY,1,10/1/2025,12/31/2025,11/5/2025 9:38,2401,2401,342.26,342.26,2743.26,2743.26,1
710,USDAL,USLAX,JPTMK,"Dallas, TX, USDAL",LALB,"Tomakomai, 1, JPTMK",KRPUS,YMLU,YML,51625,DRY,1,10/27/2025,12/31/2025,11/5/2025 9:38,2575,2575,125.98,125.98,2700.98,2700.98,1
711,USDAL,USLAX,JPTOY,"Dallas, TX, USDAL",LALB,"Toyama, 16, JPTOY",KRPUS,YMLU,YML,51625,DRY,1,10/27/2025,12/31/2025,11/5/2025 9:38,2790,2790,125.98,125.98,2915.98,2915.98,1
712,USDAL,USLAX,JPTRG,"Dallas, TX, USDAL",LALB,"Tsuruga, 18, JPTRG",KRPUS,YMLU,YML,51625,DRY,1,10/27/2025,12/31/2025,11/5/2025 9:38,2710,2710,125.98,125.98,2835.98,2835.98,1
713,USDAL,USLAX,JPTYO,"Dallas, TX, USDAL",LALB,"Tokyo, 13, JPTYO",JPTYO,YMLU,YML,51625,DRY,1,10/27/2025,12/31/2025,11/5/2025 9:38,800,800,321.48,321.48,1121.48,1121.48,1
714,USDAL,USLGB,JPTYO,"Dallas, TX, USDAL",LALB,"Tokyo, 13, JPTYO",JPTYO,OOLU,OOCL,MT256104,DRY,2,10/20/2025,12/31/2025,11/5/2025 9:38,869,869,318.23,318.23,1187.23,1187.23,1
715,USDAL,USLAX,JPTYO,"Dallas, TX, USDAL",LALB,"Tokyo, 13, JPTYO",JPTYO,OOLU,OOCL,MT256104,DRY,2,10/20/2025,12/31/2025,11/5/2025 9:38,869,869,318.23,318.23,1187.23,1187.23,1
716,USDAL,USLAX,JPTYO,"Dallas, TX, USDAL",LALB,"Tokyo, 13, JPTYO",JPTYO,YMLU,YML,51625,DRY,1,10/27/2025,12/31/2025,11/5/2025 9:38,1000,1000,321.48,321.48,1321.48,1321.48,1
717,USDAL,USLAX,JPTYO,"Dallas, TX, USDAL",LALB,"Tokyo, 13, JPTYO",JPTYO,ONEY,ONE,CHIM354B25,DRY,1,10/1/2025,12/31/2025,11/5/2025 9:38,1131,1131,342.26,342.26,1473.26,1473.26,1
718,USDAL,USLAX,JPTYO,"Dallas, TX, USDAL",LALB,"Tokyo, 13, JPTYO",SGSIN,YMLU,YML,51625,DRY,1,10/27/2025,12/31/2025,11/5/2025 9:38,1175,1175,268.95,268.95,1443.95,1443.95,1
719,USDAL,USLAX,JPUKB,"Dallas, TX, USDAL",LALB,"Kobe, 28, JPUKB",JPUKB,YMLU,YML,51625,DRY,1,10/27/2025,12/31/2025,11/5/2025 9:38,800,800,321.48,321.48,1121.48,1121.48,1
720,USDAL,USLAX,JPUKB,"Dallas, TX, USDAL",LALB,"Kobe, 28, JPUKB",JPUKB,OOLU,OOCL,MT256104,DRY,2,10/20/2025,12/31/2025,11/5/2025 9:38,869,869,318.23,318.23,1187.23,1187.23,1
721,USDAL,USLGB,JPUKB,"Dallas, TX, USDAL",LALB,"Kobe, 28, JPUKB",JPUKB,OOLU,OOCL,MT256104,DRY,2,10/20/2025,12/31/2025,11/5/2025 9:38,869,869,318.23,318.23,1187.23,1187.23,1
722,USDAL,USLAX,JPUKB,"Dallas, TX, USDAL",LALB,"Kobe, 28, JPUKB",JPUKB,YMLU,YML,51625,DRY,1,10/27/2025,12/31/2025,11/5/2025 9:38,1000,1000,321.48,321.48,1321.48,1321.48,1
723,USDAL,USLAX,JPUKB,"Dallas, TX, USDAL",LALB,"Kobe, 28, JPUKB",JPUKB,ONEY,ONE,CHIM354B25,DRY,1,10/1/2025,12/31/2025,11/5/2025 9:38,1101,1101,342.26,342.26,1443.26,1443.26,1
724,USDAL,USLAX,JPUKB,"Dallas, TX, USDAL",LALB,"Kobe, 28, JPUKB",SGSIN,YMLU,YML,51625,DRY,1,10/27/2025,12/31/2025,11/5/2025 9:38,1175,1175,268.95,268.95,1443.95,1443.95,1
725,USDAL,USLAX,JPUKB,"Dallas, TX, USDAL",LALB,"Kobe, 28, JPUKB",KOBE,EGLV,EMC,SC103574,DRY,,10/1/2025,12/31/2025,11/5/2025 9:38,1600,1600,311.74,311.74,1911.74,1911.74,1
726,USDAL,USLAX,JPYKK,"Dallas, TX, USDAL",LALB,"Yokkaichi, 24, JPYKK",KRPUS,YMLU,YML,51625,DRY,1,10/27/2025,12/31/2025,11/5/2025 9:38,2900,2900,125.98,125.98,3025.98,3025.98,1
727,USDAL,USLAX,JPYOK,"Dallas, TX, USDAL",LALB,"Yokohama, 14, JPYOK",JPYOK,OOLU,OOCL,MT256104,DRY,2,10/20/2025,12/31/2025,11/5/2025 9:38,994,994,318.23,318.23,1312.23,1312.23,1
728,USDAL,USLGB,JPYOK,"Dallas, TX, USDAL",LALB,"Yokohama, 14, JPYOK",JPYOK,OOLU,OOCL,MT256104,DRY,2,10/20/2025,12/31/2025,11/5/2025 9:38,994,994,318.23,318.23,1312.23,1312.23,1
729,USDAL,USLAX,JPYOK,"Dallas, TX, USDAL",LALB,"Yokohama, 14, JPYOK",JPYOK,ONEY,ONE,CHIM354B25,DRY,1,10/1/2025,12/31/2025,11/5/2025 9:38,1401,1401,342.26,342.26,1743.26,1743.26,1
730,USDAL,USLAX,KRDDC,"Dallas, TX, USDAL",LALB,"Dongducheon, 41, KRDDC",KRPUS,YMLU,YML,51625,DRY,1,10/27/2025,12/31/2025,11/5/2025 9:38,1825,1825,125.98,125.98,1950.98,1950.98,1
731,USDAL,USLAX,KRINC,"Dallas, TX, USDAL",LALB,"Incheon, 28, KRINC",KRINC,YMLU,YML,51625,DRY,1,10/27/2025,12/31/2025,11/5/2025 9:38,800,800,125.98,125.98,925.98,925.98,1
732,USDAL,USLAX,KRINC,"Dallas, TX, USDAL",LALB,"Incheon, 28, KRINC",KRINC,ONEY,ONE,CHIM354B25,DRY,1,10/1/2025,12/31/2025,11/5/2025 9:38,1101,1101,175.39,175.38,1276.39,1276.38,1
733,USDAL,USLAX,KRINC,"Dallas, TX, USDAL",LALB,"Incheon, 28, KRINC",KRINC,YMLU,YML,51625,DRY,1,10/27/2025,12/31/2025,11/5/2025 9:38,1125,1125,125.98,125.98,1250.98,1250.98,1
734,USDAL,USLAX,KRINC,"Dallas, TX, USDAL",LALB,"Incheon, 28, KRINC",KRKWA,YMLU,YML,51625,DRY,1,10/27/2025,12/31/2025,11/5/2025 9:38,1410,1410,125.98,125.98,1535.98,1535.98,1
735,USDAL,USLAX,KRINC,"Dallas, TX, USDAL",LALB,"Incheon, 28, KRINC",KRKWA,YMLU,YML,51625,DRY,1,10/27/2025,12/31/2025,11/5/2025 9:38,1930,1930,125.98,125.98,2055.98,2055.98,1
736,USDAL,USLAX,KRINC,"Dallas, TX, USDAL",LALB,"Incheon, 28, KRINC",KRPUS,YMLU,YML,51625,DRY,1,10/27/2025,12/31/2025,11/5/2025 9:38,1930,1930,125.98,125.98,2055.98,2055.98,1
737,USDAL,USLAX,KRKAN,"Dallas, TX, USDAL",LALB,"Gwangyang, 46, KRKAN",KRKAN,ONEY,ONE,CHIM354B25,DRY,1,10/1/2025,12/31/2025,11/5/2025 9:38,1326,1326,171.43,171.42,1497.43,1497.42,1
738,USDAL,USLAX,KRKWA,"Dallas, TX, USDAL",LALB,"Kwangyang, 49, KRKWA",KRKWA,YMLU,YML,51625,DRY,1,10/27/2025,12/31/2025,11/5/2025 9:38,800,800,125.98,125.98,925.98,925.98,1
739,USDAL,USLAX,KRKWA,"Dallas, TX, USDAL",LALB,"Kwangyang, 49, KRKWA",KRKWA,YMLU,YML,51625,DRY,1,10/27/2025,12/31/2025,11/5/2025 9:38,1125,1125,125.98,125.98,1250.98,1250.98,1
740,USDAL,USLAX,KRKWA,"Dallas, TX, USDAL",LALB,"Kwangyang, 49, KRKWA",KRPUS,YMLU,YML,51625,DRY,1,10/27/2025,12/31/2025,11/5/2025 9:38,1275,1275,125.98,125.98,1400.98,1400.98,1
741,USDAL,USLAX,KRPOC,"Dallas, TX, USDAL",LALB,"Pocheon, 41, KRPOC",KRPUS,YMLU,YML,51625,DRY,1,10/27/2025,12/31/2025,11/5/2025 9:38,1835,1835,125.98,125.98,1960.98,1960.98,1
742,USDAL,USLAX,KRPUS,"Dallas, TX, USDAL",LALB,"Busan, 26, KRPUS",KRPUS,OOLU,OOCL,MT256104,DRY,2,10/20/2025,12/31/2025,11/5/2025 9:38,744,744,132.98,132.98,876.98,876.98,1
743,USDAL,USLGB,KRPUS,"Dallas, TX, USDAL",LALB,"Busan, 26, KRPUS",KRPUS,OOLU,OOCL,MT256104,DRY,2,10/20/2025,12/31/2025,11/5/2025 9:38,744,744,132.98,132.98,876.98,876.98,1
744,USDAL,USLAX,KRPUS,"Dallas, TX, USDAL",LALB,"Busan, 26, KRPUS",KRPUS,YMLU,YML,51625,DRY,1,10/27/2025,12/31/2025,11/5/2025 9:38,800,800,125.98,125.98,925.98,925.98,1
745,USDAL,USLAX,KRPUS,"Dallas, TX, USDAL",LALB,"Busan, 26, KRPUS",KRPUS,YMLU,YML,51625,DRY,1,10/27/2025,12/31/2025,11/5/2025 9:38,1000,1000,125.98,125.98,1125.98,1125.98,1
746,USDAL,USLAX,KRPUS,"Dallas, TX, USDAL",LALB,"Busan, 26, KRPUS",KRPUS,ONEY,ONE,CHIM354B25,DRY,1,10/1/2025,12/31/2025,11/5/2025 9:38,1041,1041,175.71,175.7,1216.71,1216.7,1
747,USDAL,USLAX,KRPUS,"Dallas, TX, USDAL",LALB,"Busan, 26, KRPUS",SGSIN,YMLU,YML,51625,DRY,1,10/27/2025,12/31/2025,11/5/2025 9:38,1320,1320,268.95,268.95,1588.95,1588.95,1
748,USDAL,USLAX,KRSEJ,"Dallas, TX, USDAL",LALB,"Seongju-gun, 47, KRSEJ",KRPUS,YMLU,YML,51625,DRY,1,10/27/2025,12/31/2025,11/5/2025 9:38,1500,1500,125.98,125.98,1625.98,1625.98,1
749,USDAL,USLAX,KRYSN,"Dallas, TX, USDAL",LALB,"Yangsan, 48, KRYSN",KRPUS,YMLU,YML,51625,DRY,1,10/27/2025,12/31/2025,11/5/2025 9:38,1325,1325,125.98,125.98,1450.98,1450.98,1
750,USDAL,USLAX,KRYYU,"Dallas, TX, USDAL",LALB,"Yangju, 41, KRYYU",KRPUS,YMLU,YML,51625,DRY,1,10/27/2025,12/31/2025,11/5/2025 9:38,1905,1905,125.98,125.98,2030.98,2030.98,1
751,USDAL,USLAX,LKCMB,"Dallas, TX, USDAL",LALB,"Colombo, , LKCMB",LKCMB,YMLU,YML,51625,DRY,1,10/27/2025,12/31/2025,11/5/2025 9:38,2325,2325,0,0,2325,2325,1
752,USDAL,USLAX,LKCMB,"Dallas, TX, USDAL",LALB,"Colombo, , LKCMB",LKCMB,ONEY,ONE,CHIM354B25,DRY,1,10/1/2025,12/31/2025,11/5/2025 9:38,2651,2651,0,0,2651,2651,1
753,USDAL,USSAV,LKCMB,"Dallas, TX, USDAL","Savannah, GA, USSAV","Colombo, , LKCMB",LKCMB,ONEY,ONE,CHIM354B25,DRY,1,10/1/2025,12/31/2025,11/5/2025 9:38,2899,2899,0,0,2899,2899,1
754,USDAL,USLAX,MXLZC,"Dallas, TX, USDAL",LALB,"Lazaro Cardenas, MIC, MXLZC",MXLZC,ONEY,ONE,CHIM354B25,DRY,1,10/1/2025,12/31/2025,11/5/2025 9:38,2383,2383,250,250,2633,2633,1
755,USDAL,USLAX,MXZLO,"Dallas, TX, USDAL",LALB,"Manzanillo, COL, MXZLO",MXZLO,ONEY,ONE,CHIM354B25,DRY,1,10/1/2025,12/31/2025,11/5/2025 9:38,2383,2383,250,250,2633,2633,1
756,USDAL,USLAX,MYKCH,"Dallas, TX, USDAL",LALB,"Kuching, Sarawak, , MYKCH",SGSIN,YMLU,YML,51625,DRY,1,10/27/2025,12/31/2025,11/5/2025 9:38,1965,1965,268.95,268.95,2233.95,2233.95,1
757,USDAL,USLAX,MYPEN,"Dallas, TX, USDAL",LALB,"Penang, , MYPEN",MYPEN,YMLU,YML,51625,DRY,1,10/27/2025,12/31/2025,11/5/2025 9:38,925,925,192.69,192.69,1117.69,1117.69,1
758,USDAL,USLGB,MYPEN,"Dallas, TX, USDAL",LALB,"Penang, , MYPEN",MYPEN,OOLU,OOCL,MT256104,DRY,2,10/20/2025,12/31/2025,11/5/2025 9:38,1288,1288,191.02,202.96,1479.02,1490.96,1
759,USDAL,USLAX,MYPEN,"Dallas, TX, USDAL",LALB,"Penang, , MYPEN",MYPEN,OOLU,OOCL,MT256104,DRY,2,10/20/2025,12/31/2025,11/5/2025 9:38,1288,1288,191.02,202.96,1479.02,1490.96,1
760,USDAL,USLAX,MYPEN,"Dallas, TX, USDAL",LALB,"Penang, , MYPEN",MYPEN,ONEY,ONE,CHIM354B25,DRY,1,10/1/2025,12/31/2025,11/5/2025 9:38,1451,1451,203.44,203.44,1654.44,1654.44,1
761,USDAL,USLAX,MYPEN,"Dallas, TX, USDAL",LALB,"Penang, , MYPEN",SGSIN,YMLU,YML,51625,DRY,1,10/27/2025,12/31/2025,11/5/2025 9:38,1745,1745,268.95,268.95,2013.95,2013.95,1
762,USDAL,USLAX,MYPEN,"Dallas, TX, USDAL",LALB,"Penang, , MYPEN",CNSHG,YMLU,YML,51625,DRY,1,10/27/2025,12/31/2025,11/5/2025 9:38,1745,1745,224.8,224.8,1969.8,1969.8,1
763,USDAL,USSAV,MYPEN,"Dallas, TX, USDAL","Savannah, GA, USSAV","Penang, , MYPEN",MYPEN,ONEY,ONE,CHIM354B25,DRY,1,10/1/2025,12/31/2025,11/5/2025 9:38,2064,2064,203.44,203.44,2267.44,2267.44,1
764,USDAL,USLAX,MYPGU,"Dallas, TX, USDAL",LALB,"Pasir Gudang, Johor, , MYPGU",MYPGU,OOLU,OOCL,MT256104,DRY,2,10/20/2025,12/31/2025,11/5/2025 9:38,1288,1288,162.37,162.37,1450.37,1450.37,1
765,USDAL,USLGB,MYPGU,"Dallas, TX, USDAL",LALB,"Pasir Gudang, Johor, , MYPGU",MYPGU,OOLU,OOCL,MT256104,DRY,2,10/20/2025,12/31/2025,11/5/2025 9:38,1288,1288,162.37,162.37,1450.37,1450.37,1
766,USDAL,USLAX,MYPGU,"Dallas, TX, USDAL",LALB,"Pasir Gudang, Johor, , MYPGU",MYPGU,ONEY,ONE,CHIM354B25,DRY,1,10/1/2025,12/31/2025,11/5/2025 9:38,1451,1451,180.75,180.75,1631.75,1631.75,1
767,USDAL,USLAX,MYPGU,"Dallas, TX, USDAL",LALB,"Pasir Gudang, Johor, , MYPGU",SGSIN,YMLU,YML,51625,DRY,1,10/27/2025,12/31/2025,11/5/2025 9:38,1600,1600,268.95,268.95,1868.95,1868.95,1
768,USDAL,USLAX,MYPGU,"Dallas, TX, USDAL",LALB,"Pasir Gudang, Johor, , MYPGU",CNSHG,YMLU,YML,51625,DRY,1,10/27/2025,12/31/2025,11/5/2025 9:38,1600,1600,224.8,224.8,1824.8,1824.8,1
769,USDAL,USSAV,MYPGU,"Dallas, TX, USDAL","Savannah, GA, USSAV","Pasir Gudang, Johor, , MYPGU",MYPGU,ONEY,ONE,CHIM354B25,DRY,1,10/1/2025,12/31/2025,11/5/2025 9:38,2064,2064,180.75,180.75,2244.75,2244.75,1
770,USDAL,USLAX,MYPKG,"Dallas, TX, USDAL",LALB,"Port Klang, 10, MYPKG",MYPKG,OOLU,OOCL,MT256104,DRY,2,10/20/2025,12/31/2025,11/5/2025 9:38,784,784,280.08,280.08,1064.08,1064.08,1
771,USDAL,USLGB,MYPKG,"Dallas, TX, USDAL",LALB,"Port Klang, 10, MYPKG",MYPKG,OOLU,OOCL,MT256104,DRY,2,10/20/2025,12/31/2025,11/5/2025 9:38,784,784,280.08,280.08,1064.08,1064.08,1
772,USDAL,USLAX,MYPKG,"Dallas, TX, USDAL",LALB,"Port Klang, 10, MYPKG",MYPKG,YMLU,YML,51625,DRY,1,10/27/2025,12/31/2025,11/5/2025 9:38,925,925,170.73,170.73,1095.73,1095.73,1
773,USDAL,USLAX,MYPKG,"Dallas, TX, USDAL",LALB,"Port Klang, 10, MYPKG",CNSHG,YMLU,YML,51625,DRY,1,10/27/2025,12/31/2025,11/5/2025 9:38,1410,1410,224.8,224.8,1634.8,1634.8,1
774,USDAL,USLAX,MYPKG,"Dallas, TX, USDAL",LALB,"Port Klang, 10, MYPKG",CNNBG,YMLU,YML,51625,DRY,1,10/27/2025,12/31/2025,11/5/2025 9:38,1410,1410,224.8,224.8,1634.8,1634.8,1
775,USDAL,USLAX,MYPKG,"Dallas, TX, USDAL",LALB,"Port Klang, 10, MYPKG",SGSIN,YMLU,YML,51625,DRY,1,10/27/2025,12/31/2025,11/5/2025 9:38,1410,1410,268.95,268.95,1678.95,1678.95,1
776,USDAL,USLAX,MYPKG,"Dallas, TX, USDAL",LALB,"Port Klang, 10, MYPKG",MYPKG,ONEY,ONE,CHIM354B25,DRY,1,10/1/2025,12/31/2025,11/5/2025 9:38,1591,1591,179.56,179.56,1770.56,1770.56,1
777,USDAL,USLAX,MYPKG,"Dallas, TX, USDAL",LALB,"Port Klang, 10, MYPKG",SGSIN,YMLU,YML,51625,DRY,1,10/27/2025,12/31/2025,11/5/2025 9:38,1600,1600,268.95,268.95,1868.95,1868.95,1
778,USDAL,USLAX,MYPKG,"Dallas, TX, USDAL",LALB,"Port Klang, 10, MYPKG",CNSHG,YMLU,YML,51625,DRY,1,10/27/2025,12/31/2025,11/5/2025 9:38,1600,1600,224.8,224.8,1824.8,1824.8,1
779,USDAL,USSAV,MYPKG,"Dallas, TX, USDAL","Savannah, GA, USSAV","Port Klang, 10, MYPKG",MYPKG,ONEY,ONE,CHIM354B25,DRY,1,10/1/2025,12/31/2025,11/5/2025 9:38,2064,2064,179.56,179.56,2243.56,2243.56,1
780,USDAL,USLAX,PAMIT,"Dallas, TX, USDAL",LALB,"Manzanillo, , PAMIT",PAMIT,ONEY,ONE,CHIM354B25,DRY,1,10/1/2025,12/31/2025,11/5/2025 9:38,2313,2313,317,317,2630,2630,1
781,USDAL,USLAX,PAROD,"Dallas, TX, USDAL",LALB,"Rodman, 8, PAROD",PAROD,ONEY,ONE,CHIM354B25,DRY,1,10/1/2025,12/31/2025,11/5/2025 9:38,2513,2513,292,292,2805,2805,1
782,USDAL,USLAX,PECLL,"Dallas, TX, USDAL",LALB,"Callao, , PECLL",PECLL,ONEY,ONE,CHIM354B25,DRY,1,10/1/2025,12/31/2025,11/5/2025 9:38,1918,1918,105,105,2023,2023,1
783,USDAL,USLAX,PEPAI,"Dallas, TX, USDAL",LALB,"Paita, , PEPAI",PEPAI,ONEY,ONE,CHIM354B25,DRY,1,10/1/2025,12/31/2025,11/5/2025 9:38,2968,2968,105,105,3073,3073,1
784,USDAL,USLAX,PHCEB,"Dallas, TX, USDAL",LALB,"Cebu, , PHCEB",PHCEB,OOLU,OOCL,MT256104,DRY,2,10/20/2025,12/31/2025,11/5/2025 9:38,1329,1329,236,236,1565,1565,1
785,USDAL,USLGB,PHCEB,"Dallas, TX, USDAL",LALB,"Cebu, , PHCEB",PHCEB,OOLU,OOCL,MT256104,DRY,2,10/20/2025,12/31/2025,11/5/2025 9:38,1329,1329,236,236,1565,1565,1
786,USDAL,USLAX,PHCEB,"Dallas, TX, USDAL",LALB,"Cebu, , PHCEB",TWKHH,YMLU,YML,51625,DRY,1,10/27/2025,12/31/2025,11/5/2025 9:38,2380,2380,227.3,227.3,2607.3,2607.3,1
787,USDAL,USLAX,PHDVO,"Dallas, TX, USDAL",LALB,"Davao, Mindanao, , PHDVO",DAVAO,EGLV,EMC,SC103574,DRY,,10/1/2025,12/31/2025,11/5/2025 9:38,1350,1350,253,286,1603,1636,1
788,USDAL,USLAX,PHDVO,"Dallas, TX, USDAL",LALB,"Davao, Mindanao, , PHDVO",SGSIN,YMLU,YML,51625,DRY,1,10/27/2025,12/31/2025,11/5/2025 9:38,2135,2135,268.95,268.95,2403.95,2403.95,1
789,USDAL,USLAX,PHDVO,"Dallas, TX, USDAL",LALB,"Davao, Mindanao, , PHDVO",CNSHG,YMLU,YML,51625,DRY,1,10/27/2025,12/31/2025,11/5/2025 9:38,2135,2135,224.8,224.8,2359.8,2359.8,1
790,USDAL,USLAX,PHMNL,"Dallas, TX, USDAL",LALB,"Manila, , PHMNL",PHMNL,OOLU,OOCL,MT256104,DRY,2,10/20/2025,12/31/2025,11/5/2025 9:38,1329,1329,236,236,1565,1565,1
791,USDAL,USLGB,PHMNL,"Dallas, TX, USDAL",LALB,"Manila, , PHMNL",PHMNL,OOLU,OOCL,MT256104,DRY,2,10/20/2025,12/31/2025,11/5/2025 9:38,1329,1329,236,236,1565,1565,1
792,USDAL,USLAX,PHMNL,"Dallas, TX, USDAL",LALB,"Manila, , PHMNL",PHMNL,ONEY,ONE,CHIM354B25,DRY,1,10/1/2025,12/31/2025,11/5/2025 9:38,1351,1351,265,265,1616,1616,1
793,USDAL,USLAX,PHMNL,"Dallas, TX, USDAL",LALB,"Manila, , PHMNL",TWKHH,YMLU,YML,51625,DRY,1,10/27/2025,12/31/2025,11/5/2025 9:38,1500,1500,227.3,227.3,1727.3,1727.3,1
794,USDAL,USLAX,PHMNL,"Dallas, TX, USDAL",LALB,"Manila, , PHMNL",MANILA (NORTH PORT),EGLV,EMC,SC103574,DRY,,10/1/2025,12/31/2025,11/5/2025 9:38,1550,1550,230,260,1780,1810,1
795,USDAL,USLAX,PHMNS,"Dallas, TX, USDAL",LALB,"Manila South Harbour, , PHMNS",MANILA SOUTH PORT,EGLV,EMC,SC103574,DRY,,10/1/2025,12/31/2025,11/5/2025 9:38,1550,1550,306,336,1856,1886,1
796,USDAL,USLAX,PKKHI,"Dallas, TX, USDAL",LALB,"Karachi, SD, PKKHI",KARACHI,EGLV,EMC,SC103574,DRY,,10/1/2025,12/31/2025,11/5/2025 9:38,2000,2000,170,170,2170,2170,1
797,USDAL,USLAX,PKKHI,"Dallas, TX, USDAL",LALB,"Karachi, SD, PKKHI",PKKHI,ONEY,ONE,CHIM354B25,DRY,1,10/1/2025,12/31/2025,11/5/2025 9:38,2076,2076,428,428,2504,2504,1
798,USDAL,USSAV,PKKHI,"Dallas, TX, USDAL","Savannah, GA, USSAV","Karachi, SD, PKKHI",PKKHI,ONEY,ONE,CHIM354B25,DRY,1,10/1/2025,12/31/2025,11/5/2025 9:38,3734,3734,428,428,4162,4162,1
799,USDAL,USLAX,PTLEI,"Dallas, TX, USDAL",LALB,"Leixoes, 13, PTLEI",PTLEI,ONEY,ONE,CHIM354B25,DRY,1,6/10/2025,3/31/2026,11/5/2025 9:38,3385,3385,345.67,345.67,3730.67,3730.67,1
800,USDAL,USCHS,PTLEI,"Dallas, TX, USDAL","Charleston, SC, USCHS","Leixoes, 13, PTLEI",PTLEI,ONEY,ONE,CHIM354B25,DRY,1,10/1/2025,12/31/2025,11/5/2025 9:38,3654,3654,345.67,345.67,3999.67,3999.67,1
801,USDAL,USSAV,PTLEI,"Dallas, TX, USDAL","Savannah, GA, USSAV","Leixoes, 13, PTLEI",PTLEI,ONEY,ONE,CHIM354B25,DRY,1,10/1/2025,12/31/2025,11/5/2025 9:38,3679,3679,345.67,345.67,4024.67,4024.67,1
802,USDAL,USLAX,PTLIS,"Dallas, TX, USDAL",LALB,"Lisboa, 11, PTLIS",PTLIS,ONEY,ONE,CHIM354B25,DRY,1,6/10/2025,3/31/2026,11/5/2025 9:38,3735,3735,345.67,345.67,4080.67,4080.67,1
803,USDAL,USSAV,PTLIS,"Dallas, TX, USDAL","Savannah, GA, USSAV","Lisboa, 11, PTLIS",PTLIS,ONEY,ONE,CHIM354B25,DRY,1,10/1/2025,12/31/2025,11/5/2025 9:38,4029,4029,345.67,345.67,4374.67,4374.67,1
804,USDAL,USLAX,SGSIN,"Dallas, TX, USDAL",LALB,"Singapore, , SGSIN",SGSIN,YMLU,YML,51625,DRY,1,10/27/2025,12/31/2025,11/5/2025 9:38,800,800,268.95,268.95,1068.95,1068.95,1
805,USDAL,USLAX,SGSIN,"Dallas, TX, USDAL",LALB,"Singapore, , SGSIN",SGSIN,OOLU,OOCL,MT256104,DRY,2,10/20/2025,12/31/2025,11/5/2025 4:10,844,844,299.69,299.69,1143.69,1143.69,1
806,USDAL,USLGB,SGSIN,"Dallas, TX, USDAL",LALB,"Singapore, , SGSIN",SGSIN,OOLU,OOCL,MT256104,DRY,2,10/20/2025,12/31/2025,11/5/2025 4:10,844,844,299.69,299.69,1143.69,1143.69,1
807,USDAL,USLAX,SGSIN,"Dallas, TX, USDAL",LALB,"Singapore, , SGSIN",SGSIN,YMLU,YML,51625,DRY,1,10/27/2025,12/31/2025,11/5/2025 9:38,1000,1000,268.95,268.95,1268.95,1268.95,1
808,USDAL,USLAX,SGSIN,"Dallas, TX, USDAL",LALB,"Singapore, , SGSIN",CNSHG,YMLU,YML,51625,DRY,1,10/27/2025,12/31/2025,11/5/2025 9:38,1130,1130,224.8,224.8,1354.8,1354.8,1
809,USDAL,USLAX,SGSIN,"Dallas, TX, USDAL",LALB,"Singapore, , SGSIN",CNNBG,YMLU,YML,51625,DRY,1,10/27/2025,12/31/2025,11/5/2025 9:38,1130,1130,224.8,224.8,1354.8,1354.8,1
810,USDAL,USLAX,SGSIN,"Dallas, TX, USDAL",LALB,"Singapore, , SGSIN",SGSIN,ONEY,ONE,CHIM354B25,DRY,1,10/1/2025,12/31/2025,11/5/2025 9:38,1266,1266,339.65,339.65,1605.65,1605.65,1
811,USDAL,USLAX,THBKK,"Dallas, TX, USDAL",LALB,"Bangkok, , THBKK",THBKK,YMLU,YML,51625,DRY,1,10/27/2025,12/31/2025,11/5/2025 9:38,950,950,135.84,135.84,1085.84,1085.84,1
812,USDAL,USLGB,THBKK,"Dallas, TX, USDAL",LALB,"Bangkok, , THBKK",THBKK,OOLU,OOCL,MT256104,DRY,2,10/20/2025,12/31/2025,11/5/2025 9:38,1094,1094,134.3,134.3,1228.3,1228.3,1
813,USDAL,USLAX,THBKK,"Dallas, TX, USDAL",LALB,"Bangkok, , THBKK",THBKK,OOLU,OOCL,MT256104,DRY,2,10/20/2025,12/31/2025,11/5/2025 9:38,1094,1094,134.3,134.3,1228.3,1228.3,1
814,USDAL,USLAX,THBKK,"Dallas, TX, USDAL",LALB,"Bangkok, , THBKK",CNSHG,YMLU,YML,51625,DRY,1,10/27/2025,12/31/2025,11/5/2025 9:38,1250,1250,224.8,224.8,1474.8,1474.8,1
815,USDAL,USLAX,THBKK,"Dallas, TX, USDAL",LALB,"Bangkok, , THBKK",SGSIN,YMLU,YML,51625,DRY,1,10/27/2025,12/31/2025,11/5/2025 9:38,1250,1250,268.95,268.95,1518.95,1518.95,1
816,USDAL,USLAX,THBKK,"Dallas, TX, USDAL",LALB,"Bangkok, , THBKK",CNNBG,YMLU,YML,51625,DRY,1,10/27/2025,12/31/2025,11/5/2025 9:38,1250,1250,224.8,224.8,1474.8,1474.8,1
817,USDAL,USLAX,THBKK,"Dallas, TX, USDAL",LALB,"Bangkok, , THBKK",THBKK,ONEY,ONE,CHIM354B25,DRY,1,10/1/2025,12/31/2025,11/5/2025 9:38,1491,1491,191.42,191.42,1682.42,1682.42,1
818,USDAL,USLAX,THBKK,"Dallas, TX, USDAL",LALB,"Bangkok, , THBKK",BANGKOK,EGLV,EMC,SC103574,DRY,,10/1/2025,12/31/2025,11/5/2025 9:38,1750,1750,132.76,132.76,1882.76,1882.76,1
819,USDAL,USLAX,THLCH,"Dallas, TX, USDAL",LALB,"Laem Chabang, 20, THLCH",THLCH,OOLU,OOCL,MT256104,DRY,2,10/20/2025,12/31/2025,11/5/2025 9:38,744,744,134.3,134.3,878.3,878.3,1
820,USDAL,USLGB,THLCH,"Dallas, TX, USDAL",LALB,"Laem Chabang, 20, THLCH",THLCH,OOLU,OOCL,MT256104,DRY,2,10/20/2025,12/31/2025,11/5/2025 9:38,744,744,134.3,134.3,878.3,878.3,1
821,USDAL,USLAX,THLCH,"Dallas, TX, USDAL",LALB,"Laem Chabang, 20, THLCH",THLCH,YMLU,YML,51625,DRY,1,10/27/2025,12/31/2025,11/5/2025 9:38,1000,1000,135.84,135.84,1135.84,1135.84,1
822,USDAL,USLAX,THLCH,"Dallas, TX, USDAL",LALB,"Laem Chabang, 20, THLCH",SGSIN,YMLU,YML,51625,DRY,1,10/27/2025,12/31/2025,11/5/2025 9:38,1170,1170,268.95,268.95,1438.95,1438.95,1
823,USDAL,USLAX,THLCH,"Dallas, TX, USDAL",LALB,"Laem Chabang, 20, THLCH",THLCH,ONEY,ONE,CHIM354B25,DRY,1,10/1/2025,12/31/2025,11/5/2025 9:38,1296,1296,251.93,251.93,1547.93,1547.93,1
824,USDAL,USLAX,THLCH,"Dallas, TX, USDAL",LALB,"Laem Chabang, 20, THLCH",CNNBG,YMLU,YML,51625,DRY,1,10/27/2025,12/31/2025,11/5/2025 9:38,1320,1320,224.8,224.8,1544.8,1544.8,1
825,USDAL,USLAX,THLCH,"Dallas, TX, USDAL",LALB,"Laem Chabang, 20, THLCH",CNSHG,YMLU,YML,51625,DRY,1,10/27/2025,12/31/2025,11/5/2025 9:38,1320,1320,224.8,224.8,1544.8,1544.8,1
826,USDAL,USLAX,THLCH,"Dallas, TX, USDAL",LALB,"Laem Chabang, 20, THLCH",LAEM CHABANG,EGLV,EMC,SC103574,DRY,,10/1/2025,12/31/2025,11/5/2025 9:38,1750,1750,132.76,132.76,1882.76,1882.76,1
827,USDAL,USLAX,THLKR,"Dallas, TX, USDAL",LALB,"Lat Krabang, 10, THLKR",THLKR,YMLU,YML,51625,DRY,1,10/27/2025,12/31/2025,11/5/2025 9:38,950,950,135.84,135.84,1085.84,1085.84,1
828,USDAL,USLAX,THLKR,"Dallas, TX, USDAL",LALB,"Lat Krabang, 10, THLKR",THLKR,OOLU,OOCL,MT256104,DRY,2,10/20/2025,12/31/2025,11/5/2025 9:38,1094,1094,134.3,134.3,1228.3,1228.3,1
829,USDAL,USLGB,THLKR,"Dallas, TX, USDAL",LALB,"Lat Krabang, 10, THLKR",THLKR,OOLU,OOCL,MT256104,DRY,2,10/20/2025,12/31/2025,11/5/2025 9:38,1094,1094,134.3,134.3,1228.3,1228.3,1
830,USDAL,USLAX,THLKR,"Dallas, TX, USDAL",LALB,"Lat Krabang, 10, THLKR",THLKR,ONEY,ONE,CHIM354B25,DRY,1,10/1/2025,12/31/2025,11/5/2025 9:38,1296,1296,251.93,251.93,1547.93,1547.93,1
831,USDAL,USLAX,THSBP,"Dallas, TX, USDAL",LALB,"Siam Bangkok Port, , THSBP",THSBP,YMLU,YML,51625,DRY,1,10/27/2025,12/31/2025,11/5/2025 9:38,1000,1000,135.84,135.84,1135.84,1135.84,1
832,USDAL,USLAX,THSGZ,"Dallas, TX, USDAL",LALB,"Songkhla, 90, THSGZ",SGSIN,YMLU,YML,51625,DRY,1,10/27/2025,12/31/2025,11/5/2025 9:38,2120,2120,268.95,268.95,2388.95,2388.95,1
833,USDAL,USSAV,TRALI,"Dallas, TX, USDAL","Savannah, GA, USSAV","Aliaga, 35, TRALI",TRALI,ONEY,ONE,CHIM354B25,DRY,1,10/1/2025,12/31/2025,11/5/2025 9:38,2336,2336,400,400,2736,2736,1
834,USDAL,USSAV,TRALI,"Dallas, TX, USDAL","Savannah, GA, USSAV","Aliaga, 35, TRALI",TRALI,OOLU,OOCL,MT256104,DRY,2,10/20/2025,12/31/2025,11/5/2025 9:38,3290,3290,377,377,3667,3667,1
835,USDAL,USSAV,TRGEB,"Dallas, TX, USDAL","Savannah, GA, USSAV","Gebze, 41, TRGEB",TRGEB,OOLU,OOCL,MT256104,DRY,2,10/20/2025,12/31/2025,11/5/2025 9:38,3440,3440,0,0,3440,3440,1
836,USDAL,USSAV,TRGEM,"Dallas, TX, USDAL","Savannah, GA, USSAV","Gemlik, 16, TRGEM",TRGEM,OOLU,OOCL,MT256104,DRY,2,10/20/2025,12/31/2025,11/5/2025 9:38,3440,3440,0,0,3440,3440,1
837,USDAL,USSAV,TRISK,"Dallas, TX, USDAL","Savannah, GA, USSAV","Iskenderun, 31, TRISK",TRISK,ONEY,ONE,CHIM354B25,DRY,1,10/1/2025,12/31/2025,11/5/2025 9:38,2336,2336,350,350,2686,2686,1
838,USDAL,USSAV,TRISK,"Dallas, TX, USDAL","Savannah, GA, USSAV","Iskenderun, 31, TRISK",TRISK,OOLU,OOCL,MT256104,DRY,2,10/20/2025,12/31/2025,11/5/2025 9:38,3290,3290,275,275,3565,3565,1
839,USDAL,USSAV,TRIST,"Dallas, TX, USDAL","Savannah, GA, USSAV","Istanbul, 34, TRIST",TRIST,ONEY,ONE,CHIM354B25,DRY,1,10/1/2025,12/31/2025,11/5/2025 9:38,2336,2336,400,400,2736,2736,1
840,USDAL,USSAV,TRIZM,"Dallas, TX, USDAL","Savannah, GA, USSAV","Izmir, 35, TRIZM",TRIZM,OOLU,OOCL,MT256104,DRY,2,10/20/2025,12/31/2025,11/5/2025 9:38,3440,3440,275,275,3715,3715,1
841,USDAL,USSAV,TRMER,"Dallas, TX, USDAL","Savannah, GA, USSAV","Mersin, 33, TRMER",TRMER,OOLU,OOCL,MT256104,DRY,2,10/20/2025,12/31/2025,11/5/2025 9:38,3440,3440,272,272,3712,3712,1
842,USDAL,USLAX,TWKEL,"Dallas, TX, USDAL",LALB,"Keelung, , TWKEL",TWKEL,YMLU,YML,51625,DRY,1,10/27/2025,12/31/2025,11/5/2025 9:38,800,800,227.3,227.3,1027.3,1027.3,1
843,USDAL,USLGB,TWKEL,"Dallas, TX, USDAL",LALB,"Keelung, , TWKEL",TWKEL,OOLU,OOCL,MT256104,DRY,2,10/20/2025,12/31/2025,11/5/2025 9:38,849,849,227.3,255.71,1076.3,1104.71,1
844,USDAL,USLAX,TWKEL,"Dallas, TX, USDAL",LALB,"Keelung, , TWKEL",TWKEL,OOLU,OOCL,MT256104,DRY,2,10/20/2025,12/31/2025,11/5/2025 9:38,849,849,227.3,255.71,1076.3,1104.71,1
845,USDAL,USLAX,TWKEL,"Dallas, TX, USDAL",LALB,"Keelung, , TWKEL",TWKEL,YMLU,YML,51625,DRY,1,10/27/2025,12/31/2025,11/5/2025 9:38,1000,1000,227.3,227.3,1227.3,1227.3,1
846,USDAL,USLAX,TWKEL,"Dallas, TX, USDAL",LALB,"Keelung, , TWKEL",TWKEL,ONEY,ONE,CHIM354B25,DRY,1,10/1/2025,12/31/2025,11/5/2025 9:38,1066,1066,227.3,255.71,1293.3,1321.71,1
847,USDAL,USLAX,TWKEL,"Dallas, TX, USDAL",LALB,"Keelung, , TWKEL",TWKHH,YMLU,YML,51625,DRY,1,10/27/2025,12/31/2025,11/5/2025 9:38,1350,1350,227.3,227.3,1577.3,1577.3,1
848,USDAL,USLGB,TWKHH,"Dallas, TX, USDAL",LALB,"Kaohsiung, , TWKHH",TWKHH,OOLU,OOCL,MT256104,DRY,2,10/20/2025,12/31/2025,11/5/2025 9:38,744,744,227.3,255.71,971.3,999.71,1
849,USDAL,USLAX,TWKHH,"Dallas, TX, USDAL",LALB,"Kaohsiung, , TWKHH",TWKHH,OOLU,OOCL,MT256104,DRY,2,10/20/2025,12/31/2025,11/5/2025 9:38,744,744,227.3,255.71,971.3,999.71,1
850,USDAL,USLAX,TWKHH,"Dallas, TX, USDAL",LALB,"Kaohsiung, , TWKHH",TWKHH,YMLU,YML,51625,DRY,1,10/27/2025,12/31/2025,11/5/2025 9:38,800,800,227.3,227.3,1027.3,1027.3,1
851,USDAL,USLAX,TWKHH,"Dallas, TX, USDAL",LALB,"Kaohsiung, , TWKHH",TWKHH,YMLU,YML,51625,DRY,1,10/27/2025,12/31/2025,11/5/2025 9:38,1000,1000,227.3,227.3,1227.3,1227.3,1
852,USDAL,USLAX,TWKHH,"Dallas, TX, USDAL",LALB,"Kaohsiung, , TWKHH",TWKHH,ONEY,ONE,CHIM354B25,DRY,1,10/1/2025,12/31/2025,11/5/2025 9:38,1066,1066,227.3,255.71,1293.3,1321.71,1
853,USDAL,USLAX,TWKHH,"Dallas, TX, USDAL",LALB,"Kaohsiung, , TWKHH",KAOHSIUNG,EGLV,EMC,SC103574,DRY,,10/1/2025,12/31/2025,11/5/2025 9:38,1300,1300,227.3,227.3,1527.3,1527.3,1
854,USDAL,USLGB,TWTPE,"Dallas, TX, USDAL",LALB,"Taipei, TPE, TWTPE",TWTPE,OOLU,OOCL,MT256104,DRY,2,10/20/2025,12/31/2025,11/5/2025 9:38,769,769,0,0,769,769,1
855,USDAL,USLAX,TWTPE,"Dallas, TX, USDAL",LALB,"Taipei, TPE, TWTPE",TWTPE,OOLU,OOCL,MT256104,DRY,2,10/20/2025,12/31/2025,11/5/2025 9:38,769,769,0,0,769,769,1
856,USDAL,USLAX,TWTPE,"Dallas, TX, USDAL",LALB,"Taipei, TPE, TWTPE",TWTPE,ONEY,ONE,CHIM354B25,DRY,1,10/1/2025,12/31/2025,11/5/2025 9:38,1271,1271,227.3,255.71,1498.3,1526.71,1
857,USDAL,USLAX,TWTPE,"Dallas, TX, USDAL",LALB,"Taipei, TPE, TWTPE",TAIPEI,EGLV,EMC,SC103574,DRY,,10/1/2025,12/31/2025,11/5/2025 9:38,1500,1500,227.3,227.3,1727.3,1727.3,1
858,USDAL,USLAX,TWTXG,"Dallas, TX, USDAL",LALB,"Taichung, , TWTXG",TWTXG,OOLU,OOCL,MT256104,DRY,2,10/20/2025,12/31/2025,11/5/2025 9:38,849,849,227.3,255.71,1076.3,1104.71,1
859,USDAL,USLGB,TWTXG,"Dallas, TX, USDAL",LALB,"Taichung, , TWTXG",TWTXG,OOLU,OOCL,MT256104,DRY,2,10/20/2025,12/31/2025,11/5/2025 9:38,849,849,227.3,255.71,1076.3,1104.71,1
860,USDAL,USLAX,TWTXG,"Dallas, TX, USDAL",LALB,"Taichung, , TWTXG",TWTXG,YMLU,YML,51625,DRY,1,10/27/2025,12/31/2025,11/5/2025 9:38,900,900,227.3,227.3,1127.3,1127.3,1
861,USDAL,USLAX,TWTXG,"Dallas, TX, USDAL",LALB,"Taichung, , TWTXG",TWKHH,YMLU,YML,51625,DRY,1,10/27/2025,12/31/2025,11/5/2025 9:38,1100,1100,227.3,227.3,1327.3,1327.3,1
862,USDAL,USLAX,TWTXG,"Dallas, TX, USDAL",LALB,"Taichung, , TWTXG",TWTXG,ONEY,ONE,CHIM354B25,DRY,1,10/1/2025,12/31/2025,11/5/2025 9:38,1156,1156,227.3,255.71,1383.3,1411.71,1
863,USDAL,USLAX,TWTYN,"Dallas, TX, USDAL",LALB,"Taoyuan, , TWTYN",TWTYN,YMLU,YML,51625,DRY,1,10/27/2025,12/31/2025,11/5/2025 9:38,900,900,227.3,227.3,1127.3,1127.3,1
864,USDAL,USLAX,TWTYN,"Dallas, TX, USDAL",LALB,"Taoyuan, , TWTYN",TWKEL,YMLU,YML,51625,DRY,1,10/27/2025,12/31/2025,11/5/2025 9:38,1100,1100,227.3,227.3,1327.3,1327.3,1
865,USDAL,USLAX,TWTYN,"Dallas, TX, USDAL",LALB,"Taoyuan, , TWTYN",TWKHH,YMLU,YML,51625,DRY,1,10/27/2025,12/31/2025,11/5/2025 9:38,1150,1150,227.3,227.3,1377.3,1377.3,1
866,USDAL,USLAX,TWTYN,"Dallas, TX, USDAL",LALB,"Taoyuan, , TWTYN",TWKEL,ONEY,ONE,CHIM354B25,DRY,1,10/1/2025,12/31/2025,11/5/2025 9:38,1376,1376,227.3,255.71,1603.3,1631.71,1
867,USDAL,USLAX,VNBDG,"Dallas, TX, USDAL",LALB,"Binh Duong Terminal, 39, VNBDG",VNCMT,YMLU,YML,51625,DRY,1,10/27/2025,12/31/2025,11/5/2025 9:38,1180,1180,177.38,177.38,1357.38,1357.38,1
868,USDAL,USLAX,VNCLI,"Dallas, TX, USDAL",LALB,"Cat Lai, 65, VNCLI",VNCLI,YMLU,YML,51625,DRY,1,10/27/2025,12/31/2025,11/5/2025 9:38,825,825,177.38,177.38,1002.38,1002.38,1
869,USDAL,USLAX,VNCLI,"Dallas, TX, USDAL",LALB,"Cat Lai, 65, VNCLI",TWKHH,YMLU,YML,51625,DRY,1,10/27/2025,12/31/2025,11/5/2025 9:38,1150,1150,227.3,227.3,1377.3,1377.3,1
870,USDAL,USLAX,VNCLI,"Dallas, TX, USDAL",LALB,"Cat Lai, 65, VNCLI",VNCMT,YMLU,YML,51625,DRY,1,10/27/2025,12/31/2025,11/5/2025 9:38,1150,1150,177.38,177.38,1327.38,1327.38,1
871,USDAL,USLAX,VNCMT,"Dallas, TX, USDAL",LALB,"Cai Mep Terminal, 43, VNCMT",VNCMT,YMLU,YML,51625,DRY,1,10/27/2025,12/31/2025,11/5/2025 9:38,800,800,177.38,177.38,977.38,977.38,1
872,USDAL,USLAX,VNCMT,"Dallas, TX, USDAL",LALB,"Cai Mep Terminal, 43, VNCMT",VNCMT,YMLU,YML,51625,DRY,1,10/27/2025,12/31/2025,11/5/2025 9:38,1000,1000,177.38,177.38,1177.38,1177.38,1
873,USDAL,USLAX,VNCMT,"Dallas, TX, USDAL",LALB,"Cai Mep Terminal, 43, VNCMT",VNCMT,ONEY,ONE,CHIM354B25,DRY,1,10/1/2025,12/31/2025,11/5/2025 9:38,1116,1116,182.41,182.41,1298.41,1298.41,1
874,USDAL,USLAX,VNCMT,"Dallas, TX, USDAL",LALB,"Cai Mep Terminal, 43, VNCMT",SGSIN,YMLU,YML,51625,DRY,1,10/27/2025,12/31/2025,11/5/2025 9:38,1220,1220,268.95,268.95,1488.95,1488.95,1
875,USDAL,USLAX,VNDAD,"Dallas, TX, USDAL",LALB,"Da Nang, , VNDAD",VNDAD,YMLU,YML,51625,DRY,1,10/27/2025,12/31/2025,11/5/2025 9:38,1230,1230,177.38,177.38,1407.38,1407.38,1
876,USDAL,USLAX,VNDAD,"Dallas, TX, USDAL",LALB,"Da Nang, , VNDAD",VNDAD,ONEY,ONE,CHIM354B25,DRY,1,10/1/2025,12/31/2025,11/5/2025 9:38,1416,1416,182.41,182.41,1598.41,1598.41,1
877,USDAL,USLAX,VNDAD,"Dallas, TX, USDAL",LALB,"Da Nang, , VNDAD",DA NANG,EGLV,EMC,SC103574,DRY,,10/1/2025,12/31/2025,11/5/2025 9:38,1500,1500,167.59,167.59,1667.59,1667.59,1
878,USDAL,USLAX,VNDAD,"Dallas, TX, USDAL",LALB,"Da Nang, , VNDAD",VNCMT,YMLU,YML,51625,DRY,1,10/27/2025,12/31/2025,11/5/2025 9:38,1530,1530,177.38,177.38,1707.38,1707.38,1
879,USDAL,USLAX,VNDAD,"Dallas, TX, USDAL",LALB,"Da Nang, , VNDAD",TWKHH,YMLU,YML,51625,DRY,1,10/27/2025,12/31/2025,11/5/2025 9:38,1530,1530,227.3,227.3,1757.3,1757.3,1
880,USDAL,USLAX,VNDNA,"Dallas, TX, USDAL",LALB,"Dong Nai, , VNDNA",VNCMT,YMLU,YML,51625,DRY,1,10/27/2025,12/31/2025,11/5/2025 9:38,1180,1180,177.38,177.38,1357.38,1357.38,1
881,USDAL,USLGB,VNHPH,"Dallas, TX, USDAL",LALB,"Haiphong, , VNHPH",VNHPH,OOLU,OOCL,MT256104,DRY,2,10/20/2025,12/31/2025,11/5/2025 9:38,744,744,143,143,887,887,1
882,USDAL,USLAX,VNHPH,"Dallas, TX, USDAL",LALB,"Haiphong, , VNHPH",VNHPH,OOLU,OOCL,MT256104,DRY,2,10/20/2025,12/31/2025,11/5/2025 9:38,744,744,143,143,887,887,1
883,USDAL,USLAX,VNHPH,"Dallas, TX, USDAL",LALB,"Haiphong, , VNHPH",VNHPH,YMLU,YML,51625,DRY,1,10/27/2025,12/31/2025,11/5/2025 9:38,900,900,177.38,177.38,1077.38,1077.38,1
884,USDAL,USLAX,VNHPH,"Dallas, TX, USDAL",LALB,"Haiphong, , VNHPH",VNHPH,ONEY,ONE,CHIM354B25,DRY,1,10/1/2025,12/31/2025,11/5/2025 9:38,1216,1216,182.41,182.41,1398.41,1398.41,1
885,USDAL,USLAX,VNHPH,"Dallas, TX, USDAL",LALB,"Haiphong, , VNHPH",HAIPHONG,EGLV,EMC,SC103574,DRY,,10/1/2025,12/31/2025,11/5/2025 9:38,1500,1500,167.59,167.59,1667.59,1667.59,1
886,USDAL,USLAX,VNHPH,"Dallas, TX, USDAL",LALB,"Haiphong, , VNHPH",CNSHG,YMLU,YML,51625,DRY,1,10/27/2025,12/31/2025,11/5/2025 9:38,1700,1700,224.8,224.8,1924.8,1924.8,1
887,USDAL,USLAX,VNHPH,"Dallas, TX, USDAL",LALB,"Haiphong, , VNHPH",CNNBG,YMLU,YML,51625,DRY,1,10/27/2025,12/31/2025,11/5/2025 9:38,1700,1700,224.8,224.8,1924.8,1924.8,1
888,USDAL,USLAX,VNHPH,"Dallas, TX, USDAL",LALB,"Haiphong, , VNHPH",SGSIN,YMLU,YML,51625,DRY,1,10/27/2025,12/31/2025,11/5/2025 9:38,1700,1700,268.95,268.95,1968.95,1968.95,1
889,USDAL,USLAX,VNHPH,"Dallas, TX, USDAL",LALB,"Haiphong, , VNHPH",VNCMT,YMLU,YML,51625,DRY,1,10/27/2025,12/31/2025,11/5/2025 9:38,1700,1700,177.38,177.38,1877.38,1877.38,1
890,USDAL,USLAX,VNIPH,"Dallas, TX, USDAL",LALB,"Phuoc Long ICD, , VNIPH",VNCMT,YMLU,YML,51625,DRY,1,10/27/2025,12/31/2025,11/5/2025 9:38,1145,1145,177.38,177.38,1322.38,1322.38,1
891,USDAL,USLAX,VNNHD,"Dallas, TX, USDAL",LALB,"Nam Hai Dinh Vu Port, HP, VNNHD",VNNHD,YMLU,YML,51625,DRY,1,10/27/2025,12/31/2025,11/5/2025 9:38,800,800,0,0,800,800,1
892,USDAL,USLAX,VNSGN,"Dallas, TX, USDAL",LALB,"Ho Chi Minh City, , VNSGN",VNSGN,OOLU,OOCL,MT256104,DRY,2,10/20/2025,12/31/2025,11/5/2025 9:38,769,769,143,143,912,912,1
893,USDAL,USLGB,VNSGN,"Dallas, TX, USDAL",LALB,"Ho Chi Minh City, , VNSGN",VNSGN,OOLU,OOCL,MT256104,DRY,2,10/20/2025,12/31/2025,11/5/2025 9:38,769,769,143,143,912,912,1
894,USDAL,USLAX,VNSGN,"Dallas, TX, USDAL",LALB,"Ho Chi Minh City, , VNSGN",VNSGN,YMLU,YML,51625,DRY,1,10/27/2025,12/31/2025,11/5/2025 9:38,825,825,177.38,177.38,1002.38,1002.38,1
895,USDAL,USLAX,VNSGN,"Dallas, TX, USDAL",LALB,"Ho Chi Minh City, , VNSGN",VNCMT,YMLU,YML,51625,DRY,1,10/27/2025,12/31/2025,11/5/2025 9:38,1080,1080,177.38,177.38,1257.38,1257.38,1
896,USDAL,USLAX,VNSGN,"Dallas, TX, USDAL",LALB,"Ho Chi Minh City, , VNSGN",VNSGN,ONEY,ONE,CHIM354B25,DRY,1,10/1/2025,12/31/2025,11/5/2025 9:38,1116,1116,182.41,182.41,1298.41,1298.41,1
897,USDAL,USLAX,VNSGN,"Dallas, TX, USDAL",LALB,"Ho Chi Minh City, , VNSGN",HO CHI MINH,EGLV,EMC,SC103574,DRY,,10/1/2025,12/31/2025,11/5/2025 9:38,1500,1500,167.59,167.59,1667.59,1667.59,1
898,USDAL,USLAX,VNTOT,"Dallas, TX, USDAL",LALB,"Cai Mep, 43, VNTOT",CAI MEP,EGLV,EMC,SC103574,DRY,,10/1/2025,12/31/2025,11/5/2025 9:38,1500,1500,167.59,167.59,1667.59,1667.59,1
899,USDAL,USLAX,VNTTH,"Dallas, TX, USDAL",LALB,"Tan Thanh, 43, VNTTH",VNTTH,OOLU,OOCL,MT256104,DRY,2,10/20/2025,12/31/2025,11/5/2025 9:38,744,744,143,143,887,887,1
900,USDAL,USLGB,VNTTH,"Dallas, TX, USDAL",LALB,"Tan Thanh, 43, VNTTH",VNTTH,OOLU,OOCL,MT256104,DRY,2,10/20/2025,12/31/2025,11/5/2025 9:38,744,744,143,143,887,887,1
901,USDAL,USSAV,ZACPT,"Dallas, TX, USDAL","Savannah, GA, USSAV","Cape Town, , ZACPT",ZACPT,ONEY,ONE,CHIM354B25,DRY,1,10/1/2025,12/31/2025,11/5/2025 4:10,4920,4920,371.98,371.98,5291.98,5291.98,1
902,USDAL,USLAX,ZACPT,"Dallas, TX, USDAL",LALB,"Cape Town, , ZACPT",ZACPT,ONEY,ONE,CHIM354B25,DRY,1,6/10/2025,3/31/2026,11/5/2025 4:10,5560,5560,371.98,371.98,5931.98,5931.98,1
903,USDAL,USSAV,ZADUR,"Dallas, TX, USDAL","Savannah, GA, USSAV","Durban, , ZADUR",ZADUR,ONEY,ONE,CHIM354B25,DRY,1,10/1/2025,12/31/2025,11/5/2025 4:10,4920,4920,371.98,371.98,5291.98,5291.98,1
904,USDAL,USLAX,ZADUR,"Dallas, TX, USDAL",LALB,"Durban, , ZADUR",ZADUR,ONEY,ONE,CHIM354B25,DRY,1,6/10/2025,3/31/2026,11/5/2025 4:10,5560,5560,371.98,371.98,5931.98,5931.98,1
905,USHOU,USHOU,AEJEA,"Houston, TX, USHOU","Houston, TX, USHOU","Jebel Ali, , AEJEA",CNSHG,YMLU,YML,51625,DRY,1,10/27/2025,12/31/2025,11/5/2025 9:38,2490,2490,224.8,224.8,2714.8,2714.8,1
906,USHOU,USHOU,AEJEA,"Houston, TX, USHOU","Houston, TX, USHOU","Jebel Ali, , AEJEA",CNNBG,YMLU,YML,51625,DRY,1,10/27/2025,12/31/2025,11/5/2025 9:38,2490,2490,224.8,224.8,2714.8,2714.8,1
907,USHOU,USHOU,BDCGP,"Houston, TX, USHOU","Houston, TX, USHOU","Chattogram/Chittagong, , BDCGP",CHATTOGRAM,EGLV,EMC,SC103574,DRY,,10/1/2025,12/31/2025,11/5/2025 9:38,2150,2150,0,0,2150,2150,1
908,USHOU,USHOU,BDCGP,"Houston, TX, USHOU","Houston, TX, USHOU","Chattogram/Chittagong, , BDCGP",BDCGP,MAEU,Maersk,300094432,DRY,0,10/16/2025,3/31/2026,11/5/2025 9:38,2947,2947,0,0,2947,2947,1
909,USHOU,USLAX,BDCGP,"Houston, TX, USHOU",LALB,"Chattogram/Chittagong, , BDCGP",BDCGP,ONEY,ONE,CHIM354B25,DRY,1,10/1/2025,12/31/2025,11/5/2025 9:38,3601,3601,150,150,3751,3751,1
910,USHOU,USHOU,CLARI,"Houston, TX, USHOU","Houston, TX, USHOU","Arica, TA, CLARI",CLARI,ONEY,ONE,CHIM354B25,DRY,1,10/1/2025,12/31/2025,11/5/2025 9:38,2568,2568,150,150,2718,2718,1
911,USHOU,USHOU,CLSAI,"Houston, TX, USHOU","Houston, TX, USHOU","San Antonio, VS, CLSAI",CLSAI,ONEY,ONE,CHIM354B25,DRY,1,10/1/2025,12/31/2025,11/5/2025 9:38,1758,1758,150,150,1908,1908,1
912,USHOU,USLAX,CLSAI,"Houston, TX, USHOU",LALB,"San Antonio, VS, CLSAI",CLSAI,ONEY,ONE,CHIM354B25,DRY,1,10/1/2025,12/31/2025,11/5/2025 9:38,3368,3368,150,150,3518,3518,1
913,USHOU,USHOU,CNAQG,"Houston, TX, USHOU","Houston, TX, USHOU","Anqing Pt, 34, CNAQG",CNAQG,ONEY,ONE,CHIM354B25,DRY,1,10/1/2025,12/31/2025,11/5/2025 9:38,664,664,120.97,120.97,784.97,784.97,1
914,USHOU,USHOU,CNAQG,"Houston, TX, USHOU","Houston, TX, USHOU","Anqing Pt, 34, CNAQG",CNSHG,YMLU,YML,51625,DRY,1,10/27/2025,12/31/2025,11/5/2025 9:38,790,790,224.8,224.8,1014.8,1014.8,1
915,USHOU,USHOU,CNAQG,"Houston, TX, USHOU","Houston, TX, USHOU","Anqing Pt, 34, CNAQG",CNAQG,MAEU,Maersk,300094432,DRY,0,10/16/2025,3/31/2026,11/5/2025 9:38,1146.73,1146.73,0,0,1146.73,1146.73,1
916,USHOU,USHOU,CNBHY,"Houston, TX, USHOU","Houston, TX, USHOU","Beihai Fucheng Apt, 45, CNBHY",CNBHY,MAEU,Maersk,300094432,DRY,0,10/16/2025,3/31/2026,11/5/2025 9:38,1754.05,1754.05,0,0,1754.05,1754.05,1
917,USHOU,USHOU,CNCAN,"Houston, TX, USHOU","Houston, TX, USHOU","Guangzhou Baiyun, 44, CNCAN",CNCAN,ONEY,ONE,CHIM354B25,DRY,1,10/1/2025,12/31/2025,11/5/2025 9:38,1064,1064,170.85,170.85,1234.85,1234.85,1
918,USHOU,USHOU,CNCGS,"Houston, TX, USHOU","Houston, TX, USHOU","Changshu Pt, 37, CNCGS",CNSHG,YMLU,YML,51625,DRY,1,10/27/2025,12/31/2025,11/5/2025 9:38,780,780,224.8,224.8,1004.8,1004.8,1
919,USHOU,USHOU,CNCGU,"Houston, TX, USHOU","Houston, TX, USHOU","Changshu, 32, CNCGU",CNCGU,ONEY,ONE,CHIM354B25,DRY,1,10/1/2025,12/31/2025,11/5/2025 9:38,1014,1014,116.33,116.33,1130.33,1130.33,1
920,USHOU,USHOU,CNCHQ,"Houston, TX, USHOU","Houston, TX, USHOU","Chongqing Pt, 50, CNCHQ",CNCHQ,MAEU,Maersk,300094432,DRY,0,10/16/2025,3/31/2026,11/5/2025 9:38,850.73,850.73,0,0,850.73,850.73,1
921,USHOU,USHOU,CNCHQ,"Houston, TX, USHOU","Houston, TX, USHOU","Chongqing Pt, 50, CNCHQ",CNSHG,YMLU,YML,51625,DRY,1,10/27/2025,12/31/2025,11/5/2025 9:38,1350,1350,224.8,224.8,1574.8,1574.8,1
922,USHOU,USHOU,CNCKG,"Houston, TX, USHOU","Houston, TX, USHOU","Chongqing Jiangbei, 51, CNCKG",CNCKG,ONEY,ONE,CHIM354B25,DRY,1,10/1/2025,12/31/2025,11/5/2025 9:38,1239,1239,116.33,116.33,1355.33,1355.33,1
923,USHOU,USLAX,CNCKG,"Houston, TX, USHOU",LALB,"Chongqing Jiangbei, 51, CNCKG",CNCKG,ONEY,ONE,CHIM354B25,DRY,1,10/1/2025,12/31/2025,11/5/2025 9:38,2526,2526,116.33,116.33,2642.33,2642.33,1
924,USHOU,USHOU,CNCNA,"Houston, TX, USHOU","Houston, TX, USHOU","Changsha, 44, CNCNA",CNSHG,YMLU,YML,51625,DRY,1,10/27/2025,12/31/2025,11/5/2025 9:38,1395,1395,224.8,224.8,1619.8,1619.8,1
925,USHOU,USHOU,CNCZX,"Houston, TX, USHOU","Houston, TX, USHOU","Changzhou Pt, 32, CNCZX",CNSHG,YMLU,YML,51625,DRY,1,10/27/2025,12/31/2025,11/5/2025 9:38,780,780,224.8,224.8,1004.8,1004.8,1
926,USHOU,USHOU,CNDAG,"Houston, TX, USHOU","Houston, TX, USHOU","Dalian Pt, 34, CNDAG",CNDAG,MAEU,Maersk,300094432,DRY,0,10/16/2025,3/31/2026,11/5/2025 9:38,788.05,788.05,0,0,788.05,788.05,1
927,USHOU,USLAX,CNDAG,"Houston, TX, USHOU",LALB,"Dalian Pt, 34, CNDAG",CNDAG,OOLU,OOCL,MT256104,DRY,2,10/20/2025,12/31/2025,11/5/2025 9:38,1354,1354,159.19,159.19,1513.19,1513.19,1
928,USHOU,USLGB,CNDAG,"Houston, TX, USHOU",LALB,"Dalian Pt, 34, CNDAG",CNDAG,OOLU,OOCL,MT256104,DRY,2,10/20/2025,12/31/2025,11/5/2025 9:38,1354,1354,159.19,159.19,1513.19,1513.19,1
929,USHOU,USLAX,CNDAG,"Houston, TX, USHOU",LALB,"Dalian Pt, 34, CNDAG",CNQDG,YMLU,YML,51625,DRY,1,10/27/2025,12/31/2025,11/5/2025 9:38,1620,1620,224.8,224.8,1844.8,1844.8,1
930,USHOU,USLAX,CNDAG,"Houston, TX, USHOU",LALB,"Dalian Pt, 34, CNDAG",KRPUS,YMLU,YML,51625,DRY,1,10/27/2025,12/31/2025,11/5/2025 9:38,1620,1620,125.98,125.98,1745.98,1745.98,1
931,USHOU,USHOU,CNDFG,"Houston, TX, USHOU","Houston, TX, USHOU","Dafeng Pt, 22, CNDFG",CNDFG,MAEU,Maersk,300094432,DRY,0,10/16/2025,3/31/2026,11/5/2025 9:38,795.73,795.73,0,0,795.73,795.73,1
932,USHOU,USHOU,CNDFG,"Houston, TX, USHOU","Houston, TX, USHOU","Dafeng Pt, 22, CNDFG",CNSHG,YMLU,YML,51625,DRY,1,10/27/2025,12/31/2025,11/5/2025 9:38,860,860,224.8,224.8,1084.8,1084.8,1
933,USHOU,USHOU,CNDOU,"Houston, TX, USHOU","Houston, TX, USHOU","Doumen Pt, 44, CNDOU",CNDOU,ONEY,ONE,CHIM354B25,DRY,1,10/1/2025,12/31/2025,11/5/2025 9:38,964,964,170.85,170.85,1134.85,1134.85,1
934,USHOU,USHOU,CNFOC,"Houston, TX, USHOU","Houston, TX, USHOU","Fuzhou Changle, 35, CNFOC",CNFOC,ONEY,ONE,CHIM354B25,DRY,1,10/1/2025,12/31/2025,11/5/2025 9:38,1089,1089,116.19,116.19,1205.19,1205.19,1
935,USHOU,USHOU,CNFZG,"Houston, TX, USHOU","Houston, TX, USHOU","Fuzhou Pt, 23, CNFZG",CNFZG,MAEU,Maersk,300094432,DRY,0,10/16/2025,3/31/2026,11/5/2025 9:38,788.05,788.05,0,0,788.05,788.05,1
936,USHOU,USHOU,CNFZG,"Houston, TX, USHOU","Houston, TX, USHOU","Fuzhou Pt, 23, CNFZG",CNNBG,YMLU,YML,51625,DRY,1,10/27/2025,12/31/2025,11/5/2025 9:38,950,950,224.8,224.8,1174.8,1174.8,1
937,USHOU,USHOU,CNGOM,"Houston, TX, USHOU","Houston, TX, USHOU","Gaoming Pt, 44, CNGOM",CNGOM,MAEU,Maersk,300094432,DRY,0,10/16/2025,3/31/2026,11/5/2025 9:38,924.05,924.05,0,0,924.05,924.05,1
938,USHOU,USHOU,CNGON,"Houston, TX, USHOU","Houston, TX, USHOU","Gaolan, 44, CNGON",CNGON,ONEY,ONE,CHIM354B25,DRY,1,10/1/2025,12/31/2025,11/5/2025 9:38,1014,1014,170.85,170.85,1184.85,1184.85,1
939,USHOU,USHOU,CNGZG,"Houston, TX, USHOU","Houston, TX, USHOU","Guangzhou Pt, 22, CNGZG",CNGZG,YMLU,YML,51625,DRY,1,10/27/2025,12/31/2025,11/5/2025 9:38,500,500,224.8,224.8,724.8,724.8,1
940,USHOU,USHOU,CNHFI,"Houston, TX, USHOU","Houston, TX, USHOU","Hefei, 34, CNHFI",CNSHG,YMLU,YML,51625,DRY,1,10/27/2025,12/31/2025,11/5/2025 9:38,1840,1840,224.8,224.8,2064.8,2064.8,1
941,USHOU,USHOU,CNHSI,"Houston, TX, USHOU","Houston, TX, USHOU","Huangshi Pt, 42, CNHSI",CNSHG,YMLU,YML,51625,DRY,1,10/27/2025,12/31/2025,11/5/2025 9:38,920,920,224.8,224.8,1144.8,1144.8,1
942,USHOU,USHOU,CNHUA,"Houston, TX, USHOU","Houston, TX, USHOU","Huangpu Pt, 44, CNHUA",CNHUA,YMLU,YML,51625,DRY,1,10/27/2025,12/31/2025,11/5/2025 9:38,500,500,224.8,224.8,724.8,724.8,1
943,USHOU,USHOU,CNHUA,"Houston, TX, USHOU","Houston, TX, USHOU","Huangpu Pt, 44, CNHUA",CNHUA,MAEU,Maersk,300094432,DRY,0,10/16/2025,3/31/2026,11/5/2025 9:38,601.05,601.05,0,0,601.05,601.05,1
944,USHOU,USHOU,CNHUA,"Houston, TX, USHOU","Houston, TX, USHOU","Huangpu Pt, 44, CNHUA",CNHUA,OOLU,OOCL,MT256104,DRY,2,10/20/2025,12/31/2025,11/5/2025 9:38,624,624,159.19,159.19,783.19,783.19,1
945,USHOU,USHOU,CNHUA,"Houston, TX, USHOU","Houston, TX, USHOU","Huangpu Pt, 44, CNHUA",CNHUA,ONEY,ONE,CHIM354B25,DRY,1,10/1/2025,12/31/2025,11/5/2025 9:38,864,864,170.85,170.85,1034.85,1034.85,1
946,USHOU,USLAX,CNHUA,"Houston, TX, USHOU",LALB,"Huangpu Pt, 44, CNHUA",CNHUA,OOLU,OOCL,MT256104,DRY,2,10/20/2025,12/31/2025,11/5/2025 9:38,1284,1284,159.19,159.19,1443.19,1443.19,1
947,USHOU,USLGB,CNHUA,"Houston, TX, USHOU",LALB,"Huangpu Pt, 44, CNHUA",CNHUA,OOLU,OOCL,MT256104,DRY,2,10/20/2025,12/31/2025,11/5/2025 9:38,1284,1284,159.19,159.19,1443.19,1443.19,1
948,USHOU,USLAX,CNHUA,"Houston, TX, USHOU",LALB,"Huangpu Pt, 44, CNHUA",CNHUA,ONEY,ONE,CHIM354B25,DRY,1,10/1/2025,12/31/2025,11/5/2025 9:38,2226,2226,170.85,170.85,2396.85,2396.85,1
949,USHOU,USHOU,CNHZH,"Houston, TX, USHOU","Houston, TX, USHOU","Huzhou Pt, 33, CNHZH",CNSHG,YMLU,YML,51625,DRY,1,10/27/2025,12/31/2025,11/5/2025 9:38,715,715,224.8,224.8,939.8,939.8,1
950,USHOU,USHOU,CNJIA,"Houston, TX, USHOU","Houston, TX, USHOU","Jiangyin Pt, 32, CNJIA",CNSHG,YMLU,YML,51625,DRY,1,10/27/2025,12/31/2025,11/5/2025 9:38,780,780,224.8,224.8,1004.8,1004.8,1
951,USHOU,USHOU,CNJIA,"Houston, TX, USHOU","Houston, TX, USHOU","Jiangyin Pt, 32, CNJIA",CNJIA,MAEU,Maersk,300094432,DRY,0,10/16/2025,3/31/2026,11/5/2025 9:38,1026.73,1026.73,0,0,1026.73,1026.73,1
952,USHOU,USHOU,CNJIU,"Houston, TX, USHOU","Houston, TX, USHOU","Jiujiang Pt, 36, CNJIU",CNSHG,YMLU,YML,51625,DRY,1,10/27/2025,12/31/2025,11/5/2025 9:38,910,910,224.8,224.8,1134.8,1134.8,1
953,USHOU,USHOU,CNJIU,"Houston, TX, USHOU","Houston, TX, USHOU","Jiujiang Pt, 36, CNJIU",CNJIU,MAEU,Maersk,300094432,DRY,0,10/16/2025,3/31/2026,11/5/2025 9:38,1834.78,1834.78,0,0,1834.78,1834.78,1
954,USHOU,USHOU,CNJMN,"Houston, TX, USHOU","Houston, TX, USHOU","Jiangmen Pt, 44, CNJMN",CNJMN,MAEU,Maersk,300094432,DRY,0,10/16/2025,3/31/2026,11/5/2025 9:38,894.05,894.05,0,0,894.05,894.05,1
955,USHOU,USLAX,CNJNZ,"Houston, TX, USHOU",LALB,"Jinzhou Pt, 21, CNJNZ",KRPUS,YMLU,YML,51625,DRY,1,10/27/2025,12/31/2025,11/5/2025 9:38,2120,2120,125.98,125.98,2245.98,2245.98,1
956,USHOU,USHOU,CNJZK,"Houston, TX, USHOU","Houston, TX, USHOU","Jingzhou Pt, 42, CNJZK",CNSHG,YMLU,YML,51625,DRY,1,10/27/2025,12/31/2025,11/5/2025 9:38,930,930,224.8,224.8,1154.8,1154.8,1
957,USHOU,USHOU,CNKHN,"Houston, TX, USHOU","Houston, TX, USHOU","Nanchang Changbei, 36, CNKHN",CNSHG,YMLU,YML,51625,DRY,1,10/27/2025,12/31/2025,11/5/2025 9:38,990,990,224.8,224.8,1214.8,1214.8,1
958,USHOU,USHOU,CNKPN,"Houston, TX, USHOU","Houston, TX, USHOU","Kaiping, 13, CNKPN",CNKPN,OOLU,OOCL,MT256104,DRY,2,10/20/2025,12/31/2025,11/5/2025 9:38,717,717,0,0,717,717,1
959,USHOU,USLAX,CNKPN,"Houston, TX, USHOU",LALB,"Kaiping, 13, CNKPN",CNKPN,OOLU,OOCL,MT256104,DRY,2,10/20/2025,12/31/2025,11/5/2025 9:38,1314,1314,0,0,1314,1314,1
960,USHOU,USLGB,CNKPN,"Houston, TX, USHOU",LALB,"Kaiping, 13, CNKPN",CNKPN,OOLU,OOCL,MT256104,DRY,2,10/20/2025,12/31/2025,11/5/2025 9:38,1314,1314,0,0,1314,1314,1
961,USHOU,USHOU,CNKUS,"Houston, TX, USHOU","Houston, TX, USHOU","Kunshan, 32, CNKUS",CNSHG,YMLU,YML,51625,DRY,1,10/27/2025,12/31/2025,11/5/2025 9:38,940,940,224.8,224.8,1164.8,1164.8,1
962,USHOU,USHOU,CNLYG,"Houston, TX, USHOU","Houston, TX, USHOU","Lianyungang, 32, CNLYG",CNLYG,MAEU,Maersk,300094432,DRY,0,10/16/2025,3/31/2026,11/5/2025 9:38,551.05,551.05,0,0,551.05,551.05,1
963,USHOU,USHOU,CNLYG,"Houston, TX, USHOU","Houston, TX, USHOU","Lianyungang, 32, CNLYG",CNLYG,ONEY,ONE,CHIM354B25,DRY,1,10/1/2025,12/31/2025,11/5/2025 9:38,864,864,117.04,117.04,981.04,981.04,1
964,USHOU,USHOU,CNLYG,"Houston, TX, USHOU","Houston, TX, USHOU","Lianyungang, 32, CNLYG",CNNBG,YMLU,YML,51625,DRY,1,10/27/2025,12/31/2025,11/5/2025 9:38,865,865,224.8,224.8,1089.8,1089.8,1
965,USHOU,USHOU,CNLYG,"Houston, TX, USHOU","Houston, TX, USHOU","Lianyungang, 32, CNLYG",CNSHG,YMLU,YML,51625,DRY,1,10/27/2025,12/31/2025,11/5/2025 9:38,865,865,224.8,224.8,1089.8,1089.8,1
966,USHOU,USLAX,CNLYG,"Houston, TX, USHOU",LALB,"Lianyungang, 32, CNLYG",CNLYG,OOLU,OOCL,MT256104,DRY,2,10/20/2025,12/31/2025,11/5/2025 9:38,1974,1974,159.19,159.19,2133.19,2133.19,1
967,USHOU,USLGB,CNLYG,"Houston, TX, USHOU",LALB,"Lianyungang, 32, CNLYG",CNLYG,OOLU,OOCL,MT256104,DRY,2,10/20/2025,12/31/2025,11/5/2025 9:38,1974,1974,159.19,159.19,2133.19,2133.19,1
968,USHOU,USLAX,CNLYG,"Houston, TX, USHOU",LALB,"Lianyungang, 32, CNLYG",CNLYG,ONEY,ONE,CHIM354B25,DRY,1,10/1/2025,12/31/2025,11/5/2025 9:38,2101,2101,117.04,117.04,2218.04,2218.04,1
969,USHOU,USHOU,CNLZU,"Houston, TX, USHOU","Houston, TX, USHOU","Luzhou, 51, CNLZU",CNSHG,YMLU,YML,51625,DRY,1,10/27/2025,12/31/2025,11/5/2025 9:38,1390,1390,224.8,224.8,1614.8,1614.8,1
970,USHOU,USHOU,CNMAA,"Houston, TX, USHOU","Houston, TX, USHOU","Maanshan Pt, 34, CNMAA",CNSHG,YMLU,YML,51625,DRY,1,10/27/2025,12/31/2025,11/5/2025 9:38,790,790,224.8,224.8,1014.8,1014.8,1
971,USHOU,USHOU,CNMAA,"Houston, TX, USHOU","Houston, TX, USHOU","Maanshan Pt, 34, CNMAA",CNMAA,MAEU,Maersk,300094432,DRY,0,10/16/2025,3/31/2026,11/5/2025 9:38,1036.73,1036.73,0,0,1036.73,1036.73,1
972,USHOU,USHOU,CNNBG,"Houston, TX, USHOU","Houston, TX, USHOU","Ningbo Pt, 33, CNNBG",CNNBG,YMLU,YML,51625,DRY,1,10/27/2025,12/31/2025,11/5/2025 9:38,300,300,224.8,224.8,524.8,524.8,1
973,USHOU,USHOU,CNNBG,"Houston, TX, USHOU","Houston, TX, USHOU","Ningbo Pt, 33, CNNBG",CNNBG,OOLU,OOCL,MT256104,DRY,2,10/20/2025,12/31/2025,11/5/2025 9:38,397,397,160.87,160.87,557.87,557.87,1
974,USHOU,USHOU,CNNBG,"Houston, TX, USHOU","Houston, TX, USHOU","Ningbo Pt, 33, CNNBG",CNNBG,YMLU,YML,51625,DRY,1,10/27/2025,12/31/2025,11/5/2025 9:38,450,450,224.8,224.8,674.8,674.8,1
975,USHOU,USHOU,CNNBG,"Houston, TX, USHOU","Houston, TX, USHOU","Ningbo Pt, 33, CNNBG",CNNBG,MAEU,Maersk,300094432,DRY,0,10/16/2025,3/31/2026,11/5/2025 9:38,501.05,501.05,0,0,501.05,501.05,1
976,USHOU,USHOU,CNNBG,"Houston, TX, USHOU","Houston, TX, USHOU","Ningbo Pt, 33, CNNBG",CNNBG,ONEY,ONE,CHIM354B25,DRY,1,10/1/2025,12/31/2025,11/5/2025 9:38,614,614,120.69,120.69,734.69,734.69,1
977,USHOU,USHOU,CNNBG,"Houston, TX, USHOU","Houston, TX, USHOU","Ningbo Pt, 33, CNNBG","NINGBO, CHINA",EGLV,EMC,SC103574,DRY,,10/1/2025,12/31/2025,11/5/2025 9:38,800,800,0,0,800,800,1
978,USHOU,USLAX,CNNBG,"Houston, TX, USHOU",LALB,"Ningbo Pt, 33, CNNBG",CNNBG,OOLU,OOCL,MT256104,DRY,2,10/20/2025,12/31/2025,11/5/2025 9:38,994,994,160.87,160.87,1154.87,1154.87,1
979,USHOU,USLGB,CNNBG,"Houston, TX, USHOU",LALB,"Ningbo Pt, 33, CNNBG",CNNBG,OOLU,OOCL,MT256104,DRY,2,10/20/2025,12/31/2025,11/5/2025 9:38,994,994,160.87,160.87,1154.87,1154.87,1
980,USHOU,USLAX,CNNBG,"Houston, TX, USHOU",LALB,"Ningbo Pt, 33, CNNBG",KRPUS,YMLU,YML,51625,DRY,1,10/27/2025,12/31/2025,11/5/2025 9:38,1320,1320,125.98,125.98,1445.98,1445.98,1
981,USHOU,USLAX,CNNBG,"Houston, TX, USHOU",LALB,"Ningbo Pt, 33, CNNBG",SGSIN,YMLU,YML,51625,DRY,1,10/27/2025,12/31/2025,11/5/2025 9:38,1360,1360,268.95,268.95,1628.95,1628.95,1
982,USHOU,USLAX,CNNBG,"Houston, TX, USHOU",LALB,"Ningbo Pt, 33, CNNBG",CNNBG,ONEY,ONE,CHIM354B25,DRY,1,10/1/2025,12/31/2025,11/5/2025 9:38,1976,1976,120.69,120.69,2096.69,2096.69,1
983,USHOU,USHOU,CNNJG,"Houston, TX, USHOU","Houston, TX, USHOU","Nanjing Pt, 35, CNNJG",CNSHG,YMLU,YML,51625,DRY,1,10/27/2025,12/31/2025,11/5/2025 9:38,780,780,224.8,224.8,1004.8,1004.8,1
984,USHOU,USHOU,CNNJG,"Houston, TX, USHOU","Houston, TX, USHOU","Nanjing Pt, 35, CNNJG",CNNJG,MAEU,Maersk,300094432,DRY,0,10/16/2025,3/31/2026,11/5/2025 9:38,1036.73,1036.73,0,0,1036.73,1036.73,1
985,USHOU,USHOU,CNNJP,"Houston, TX, USHOU","Houston, TX, USHOU","Nanjing Pt, 32, CNNJP",CNSHG,YMLU,YML,51625,DRY,1,10/27/2025,12/31/2025,11/5/2025 9:38,780,780,224.8,224.8,1004.8,1004.8,1
986,USHOU,USHOU,CNNKG,"Houston, TX, USHOU","Houston, TX, USHOU","Nanjing Lukou, 32, CNNKG",CNSHG,YMLU,YML,51625,DRY,1,10/27/2025,12/31/2025,11/5/2025 9:38,780,780,224.8,224.8,1004.8,1004.8,1
987,USHOU,USHOU,CNNKG,"Houston, TX, USHOU","Houston, TX, USHOU","Nanjing Lukou, 32, CNNKG",CNNKG,ONEY,ONE,CHIM354B25,DRY,1,10/1/2025,12/31/2025,11/5/2025 9:38,899,899,116.33,116.33,1015.33,1015.33,1
988,USHOU,USHOU,CNNSA,"Houston, TX, USHOU","Houston, TX, USHOU","Nansha Pt, 44, CNNSA",CNNSA,OOLU,OOCL,MT256104,DRY,2,10/20/2025,12/31/2025,11/5/2025 9:38,484,484,159.19,159.19,643.19,643.19,1
989,USHOU,USHOU,CNNSA,"Houston, TX, USHOU","Houston, TX, USHOU","Nansha Pt, 44, CNNSA",CNNSA,YMLU,YML,51625,DRY,1,10/27/2025,12/31/2025,11/5/2025 9:38,650,650,224.8,224.8,874.8,874.8,1
990,USHOU,USHOU,CNNSA,"Houston, TX, USHOU","Houston, TX, USHOU","Nansha Pt, 44, CNNSA",CNNSA,ONEY,ONE,CHIM354B25,DRY,1,10/1/2025,12/31/2025,11/5/2025 9:38,939,939,170.85,170.85,1109.85,1109.85,1
991,USHOU,USLAX,CNNSA,"Houston, TX, USHOU",LALB,"Nansha Pt, 44, CNNSA",CNNSA,OOLU,OOCL,MT256104,DRY,2,10/20/2025,12/31/2025,11/5/2025 9:38,1244,1244,159.19,159.19,1403.19,1403.19,1
992,USHOU,USLGB,CNNSA,"Houston, TX, USHOU",LALB,"Nansha Pt, 44, CNNSA",CNNSA,OOLU,OOCL,MT256104,DRY,2,10/20/2025,12/31/2025,11/5/2025 9:38,1244,1244,159.19,159.19,1403.19,1403.19,1
993,USHOU,USHOU,CNNTG,"Houston, TX, USHOU","Houston, TX, USHOU","Nantong Pt, 32, CNNTG",CNNTG,MAEU,Maersk,300094432,DRY,0,10/16/2025,3/31/2026,11/5/2025 9:38,650.73,650.73,0,0,650.73,650.73,1
994,USHOU,USHOU,CNNTG,"Houston, TX, USHOU","Houston, TX, USHOU","Nantong Pt, 32, CNNTG",CNSHG,YMLU,YML,51625,DRY,1,10/27/2025,12/31/2025,11/5/2025 9:38,780,780,224.8,224.8,1004.8,1004.8,1
995,USHOU,USHOU,CNNTG,"Houston, TX, USHOU","Houston, TX, USHOU","Nantong Pt, 32, CNNTG",CNNTG,ONEY,ONE,CHIM354B25,DRY,1,10/1/2025,12/31/2025,11/5/2025 9:38,1074,1074,116.33,116.33,1190.33,1190.33,1
996,USHOU,USLAX,CNNTG,"Houston, TX, USHOU",LALB,"Nantong Pt, 32, CNNTG",CNNTG,ONEY,ONE,CHIM354B25,DRY,1,10/1/2025,12/31/2025,11/5/2025 9:38,2226,2226,116.33,116.33,2342.33,2342.33,1
997,USHOU,USLAX,CNPUT,"Houston, TX, USHOU",LALB,"Putian, 35, CNPUT",CNXMG,YMLU,YML,51625,DRY,1,10/27/2025,12/31/2025,11/5/2025 9:38,1410,1410,224.8,224.8,1634.8,1634.8,1
998,USHOU,USHOU,CNQDG,"Houston, TX, USHOU","Houston, TX, USHOU","Qingdao Pt, 32, CNQDG",CNQDG,MAEU,Maersk,300094432,DRY,0,10/16/2025,3/31/2026,11/5/2025 9:38,521.05,521.05,0,0,521.05,521.05,1
999,USHOU,USHOU,CNQDG,"Houston, TX, USHOU","Houston, TX, USHOU","Qingdao Pt, 32, CNQDG",CNQDG,ONEY,ONE,CHIM354B25,DRY,1,10/1/2025,12/31/2025,11/5/2025 9:38,719,719,117.04,117.04,836.04,836.04,1
1000,USHOU,USHOU,CNQDG,"Houston, TX, USHOU","Houston, TX, USHOU","Qingdao Pt, 32, CNQDG","QINGDAO, CHINA",EGLV,EMC,SC103574,DRY,,10/1/2025,12/31/2025,11/5/2025 9:38,800,800,0,0,800,800,1
1001,USHOU,USLGB,CNQDG,"Houston, TX, USHOU",LALB,"Qingdao Pt, 32, CNQDG",CNQDG,OOLU,OOCL,MT256104,DRY,2,10/20/2025,12/31/2025,11/5/2025 9:38,994,994,190.8,190.8,1184.8,1184.8,1
1002,USHOU,USLAX,CNQDG,"Houston, TX, USHOU",LALB,"Qingdao Pt, 32, CNQDG",CNQDG,OOLU,OOCL,MT256104,DRY,2,10/20/2025,12/31/2025,11/5/2025 9:38,994,994,190.8,190.8,1184.8,1184.8,1
1003,USHOU,USLAX,CNQDG,"Houston, TX, USHOU",LALB,"Qingdao Pt, 32, CNQDG",CNQDG,YMLU,YML,51625,DRY,1,10/27/2025,12/31/2025,11/5/2025 9:38,1100,1100,224.8,224.8,1324.8,1324.8,1
1004,USHOU,USLAX,CNQDG,"Houston, TX, USHOU",LALB,"Qingdao Pt, 32, CNQDG",KRPUS,YMLU,YML,51625,DRY,1,10/27/2025,12/31/2025,11/5/2025 9:38,1430,1430,125.98,125.98,1555.98,1555.98,1
1005,USHOU,USLAX,CNQDG,"Houston, TX, USHOU",LALB,"Qingdao Pt, 32, CNQDG",SGSIN,YMLU,YML,51625,DRY,1,10/27/2025,12/31/2025,11/5/2025 9:38,1475,1475,268.95,268.95,1743.95,1743.95,1
1006,USHOU,USLAX,CNQDG,"Houston, TX, USHOU",LALB,"Qingdao Pt, 32, CNQDG",CNQDG,ONEY,ONE,CHIM354B25,DRY,1,10/1/2025,12/31/2025,11/5/2025 9:38,1976,1976,117.04,117.04,2093.04,2093.04,1
1007,USHOU,USHOU,CNQZH,"Houston, TX, USHOU","Houston, TX, USHOU","Qinzhou Pt, 45, CNQZH",CNQZH,MAEU,Maersk,300094432,DRY,0,10/16/2025,3/31/2026,11/5/2025 9:38,988.05,988.05,0,0,988.05,988.05,1
1008,USHOU,USHOU,CNRUG,"Houston, TX, USHOU","Houston, TX, USHOU","Rugao Pt, 32, CNRUG",CNRUG,MAEU,Maersk,300094432,DRY,0,10/16/2025,3/31/2026,11/5/2025 9:38,650.73,650.73,0,0,650.73,650.73,1
1009,USHOU,USLAX,CNRZH,"Houston, TX, USHOU",LALB,"Rizhao Pt, 37, CNRZH",CNQDG,YMLU,YML,51625,DRY,1,10/27/2025,12/31/2025,11/5/2025 9:38,1380,1380,224.8,224.8,1604.8,1604.8,1
1010,USHOU,USHOU,CNSBU,"Houston, TX, USHOU","Houston, TX, USHOU","Sanbu Pt, 44, CNSBU",CNSBU,OOLU,OOCL,MT256104,DRY,2,10/20/2025,12/31/2025,11/5/2025 9:38,717,717,0,0,717,717,1
1011,USHOU,USHOU,CNSBU,"Houston, TX, USHOU","Houston, TX, USHOU","Sanbu Pt, 44, CNSBU",CNSBU,ONEY,ONE,CHIM354B25,DRY,1,10/1/2025,12/31/2025,11/5/2025 9:38,1174,1174,170.85,170.85,1344.85,1344.85,1
1012,USHOU,USLGB,CNSBU,"Houston, TX, USHOU",LALB,"Sanbu Pt, 44, CNSBU",CNSBU,OOLU,OOCL,MT256104,DRY,2,10/20/2025,12/31/2025,11/5/2025 9:38,1314,1314,0,0,1314,1314,1
1013,USHOU,USLAX,CNSBU,"Houston, TX, USHOU",LALB,"Sanbu Pt, 44, CNSBU",CNSBU,OOLU,OOCL,MT256104,DRY,2,10/20/2025,12/31/2025,11/5/2025 9:38,1314,1314,0,0,1314,1314,1
1014,USHOU,USHOU,CNSHG,"Houston, TX, USHOU","Houston, TX, USHOU","Shanghai Pt, 44, CNSHG",CNSHG,YMLU,YML,51625,DRY,1,10/27/2025,12/31/2025,11/5/2025 9:38,300,300,224.8,224.8,524.8,524.8,1
1015,USHOU,USHOU,CNSHG,"Houston, TX, USHOU","Houston, TX, USHOU","Shanghai Pt, 44, CNSHG",CNSHG,OOLU,OOCL,MT256104,DRY,2,10/20/2025,12/31/2025,11/5/2025 9:38,397,397,160.87,160.87,557.87,557.87,1
1016,USHOU,USHOU,CNSHG,"Houston, TX, USHOU","Houston, TX, USHOU","Shanghai Pt, 44, CNSHG",CNSHG,YMLU,YML,51625,DRY,1,10/27/2025,12/31/2025,11/5/2025 9:38,450,450,224.8,224.8,674.8,674.8,1
1017,USHOU,USHOU,CNSHG,"Houston, TX, USHOU","Houston, TX, USHOU","Shanghai Pt, 44, CNSHG",CNSHG,ONEY,ONE,CHIM354B25,DRY,1,10/1/2025,12/31/2025,11/5/2025 9:38,614,614,116.33,116.33,730.33,730.33,1
1018,USHOU,USHOU,CNSHG,"Houston, TX, USHOU","Houston, TX, USHOU","Shanghai Pt, 44, CNSHG",CNSHG,MAEU,Maersk,300094432,DRY,0,10/16/2025,3/31/2026,11/5/2025 9:38,658.05,658.05,0,0,658.05,658.05,1
1019,USHOU,USHOU,CNSHG,"Houston, TX, USHOU","Houston, TX, USHOU","Shanghai Pt, 44, CNSHG",SHANGHAI,EGLV,EMC,SC103574,DRY,,10/1/2025,12/31/2025,11/5/2025 9:38,800,800,0,0,800,800,1
1020,USHOU,USLAX,CNSHG,"Houston, TX, USHOU",LALB,"Shanghai Pt, 44, CNSHG",CNSHG,OOLU,OOCL,MT256104,DRY,2,10/20/2025,12/31/2025,11/5/2025 9:38,994,994,160.87,160.87,1154.87,1154.87,1
1021,USHOU,USLGB,CNSHG,"Houston, TX, USHOU",LALB,"Shanghai Pt, 44, CNSHG",CNSHG,OOLU,OOCL,MT256104,DRY,2,10/20/2025,12/31/2025,11/5/2025 9:38,994,994,160.87,160.87,1154.87,1154.87,1
1022,USHOU,USLAX,CNSHG,"Houston, TX, USHOU",LALB,"Shanghai Pt, 44, CNSHG",SGSIN,YMLU,YML,51625,DRY,1,10/27/2025,12/31/2025,11/5/2025 9:38,1360,1360,268.95,268.95,1628.95,1628.95,1
1023,USHOU,USLAX,CNSHG,"Houston, TX, USHOU",LALB,"Shanghai Pt, 44, CNSHG",CNSHG,ONEY,ONE,CHIM354B25,DRY,1,10/1/2025,12/31/2025,11/5/2025 9:38,1976,1976,116.33,116.33,2092.33,2092.33,1
1024,USHOU,USHOU,CNSHK,"Houston, TX, USHOU","Houston, TX, USHOU","Shekou Pt, 44, CNSHK",CNSHK,OOLU,OOCL,MT256104,DRY,2,10/20/2025,12/31/2025,11/5/2025 9:38,397,397,0,0,397,397,1
1025,USHOU,USHOU,CNSHK,"Houston, TX, USHOU","Houston, TX, USHOU","Shekou Pt, 44, CNSHK",CNSHK,ONEY,ONE,CHIM354B25,DRY,1,10/1/2025,12/31/2025,11/5/2025 9:38,989,989,170.85,170.85,1159.85,1159.85,1
1026,USHOU,USLAX,CNSHK,"Houston, TX, USHOU",LALB,"Shekou Pt, 44, CNSHK",CNSHK,YMLU,YML,51625,DRY,1,10/27/2025,12/31/2025,11/5/2025 9:38,1100,1100,224.8,224.8,1324.8,1324.8,1
1027,USHOU,USLAX,CNSHK,"Houston, TX, USHOU",LALB,"Shekou Pt, 44, CNSHK",SGSIN,YMLU,YML,51625,DRY,1,10/27/2025,12/31/2025,11/5/2025 9:38,1305,1305,268.95,268.95,1573.95,1573.95,1
1028,USHOU,USLGB,CNSHK,"Houston, TX, USHOU",LALB,"Shekou Pt, 44, CNSHK",CNSHK,OOLU,OOCL,MT256104,DRY,2,10/20/2025,12/31/2025,11/5/2025 9:38,1724,1724,0,0,1724,1724,1
1029,USHOU,USLAX,CNSHK,"Houston, TX, USHOU",LALB,"Shekou Pt, 44, CNSHK",CNSHK,OOLU,OOCL,MT256104,DRY,2,10/20/2025,12/31/2025,11/5/2025 9:38,1724,1724,0,0,1724,1724,1
1030,USHOU,USLAX,CNSHP,"Houston, TX, USHOU",LALB,"Qinhuangdao Pt, 13, CNSHP",CNTXG,YMLU,YML,51625,DRY,1,10/27/2025,12/31/2025,11/5/2025 9:38,1520,1520,224.8,224.8,1744.8,1744.8,1
1031,USHOU,USHOU,CNSZG,"Houston, TX, USHOU","Houston, TX, USHOU","Suzhou Pt, 32, CNSZG",CNSHG,YMLU,YML,51625,DRY,1,10/27/2025,12/31/2025,11/5/2025 9:38,940,940,224.8,224.8,1164.8,1164.8,1
1032,USHOU,USHOU,CNTAC,"Houston, TX, USHOU","Houston, TX, USHOU","Taicang Pt, 32, CNTAC",CNSHG,YMLU,YML,51625,DRY,1,10/27/2025,12/31/2025,11/5/2025 9:38,550,550,224.8,224.8,774.8,774.8,1
1033,USHOU,USHOU,CNTAC,"Houston, TX, USHOU","Houston, TX, USHOU","Taicang Pt, 32, CNTAC",CNTAC,MAEU,Maersk,300094432,DRY,0,10/16/2025,3/31/2026,11/5/2025 9:38,941.73,941.73,0,0,941.73,941.73,1
1034,USHOU,USHOU,CNTAG,"Houston, TX, USHOU","Houston, TX, USHOU","Taicang, 32, CNTAG",CNSHG,YMLU,YML,51625,DRY,1,10/27/2025,12/31/2025,11/5/2025 9:38,550,550,224.8,224.8,774.8,774.8,1
1035,USHOU,USHOU,CNTAG,"Houston, TX, USHOU","Houston, TX, USHOU","Taicang, 32, CNTAG",CNTAG,MAEU,Maersk,300094432,DRY,0,10/16/2025,3/31/2026,11/5/2025 9:38,941.73,941.73,0,0,941.73,941.73,1
1036,USHOU,USHOU,CNTAZ,"Houston, TX, USHOU","Houston, TX, USHOU","Taizhou Pt, 33, CNTAZ",CNSHG,YMLU,YML,51625,DRY,1,10/27/2025,12/31/2025,11/5/2025 9:38,780,780,224.8,224.8,1004.8,1004.8,1
1037,USHOU,USHOU,CNTOL,"Houston, TX, USHOU","Houston, TX, USHOU","Tongling Pt, 34, CNTOL",CNSHG,YMLU,YML,51625,DRY,1,10/27/2025,12/31/2025,11/5/2025 9:38,820,820,224.8,224.8,1044.8,1044.8,1
1038,USHOU,USHOU,CNTXG,"Houston, TX, USHOU","Houston, TX, USHOU","Tianjin Xingang Pt, 12, CNTXG",CNTXG,MAEU,Maersk,300094432,DRY,0,10/16/2025,3/31/2026,11/5/2025 9:38,501.05,501.05,0,0,501.05,501.05,1
1039,USHOU,USHOU,CNTXG,"Houston, TX, USHOU","Houston, TX, USHOU","Tianjin Xingang Pt, 12, CNTXG",CNTXG,ONEY,ONE,CHIM354B25,DRY,1,10/1/2025,12/31/2025,11/5/2025 9:38,664,664,114.37,114.37,778.37,778.37,1
1040,USHOU,USHOU,CNTXG,"Houston, TX, USHOU","Houston, TX, USHOU","Tianjin Xingang Pt, 12, CNTXG",TWKHH,YMLU,YML,51625,DRY,1,10/27/2025,12/31/2025,11/5/2025 9:38,835,835,227.3,227.3,1062.3,1062.3,1
1041,USHOU,USLAX,CNTXG,"Houston, TX, USHOU",LALB,"Tianjin Xingang Pt, 12, CNTXG",CNTXG,YMLU,YML,51625,DRY,1,10/27/2025,12/31/2025,11/5/2025 9:38,1100,1100,224.8,224.8,1324.8,1324.8,1
1042,USHOU,USLAX,CNTXG,"Houston, TX, USHOU",LALB,"Tianjin Xingang Pt, 12, CNTXG",CNTXG,OOLU,OOCL,MT256104,DRY,2,10/20/2025,12/31/2025,11/5/2025 9:38,1244,1244,159.19,159.19,1403.19,1403.19,1
1043,USHOU,USLGB,CNTXG,"Houston, TX, USHOU",LALB,"Tianjin Xingang Pt, 12, CNTXG",CNTXG,OOLU,OOCL,MT256104,DRY,2,10/20/2025,12/31/2025,11/5/2025 9:38,1244,1244,159.19,159.19,1403.19,1403.19,1
1044,USHOU,USLAX,CNTXG,"Houston, TX, USHOU",LALB,"Tianjin Xingang Pt, 12, CNTXG",KRPUS,YMLU,YML,51625,DRY,1,10/27/2025,12/31/2025,11/5/2025 9:38,1450,1450,125.98,125.98,1575.98,1575.98,1
1045,USHOU,USLAX,CNTXG,"Houston, TX, USHOU",LALB,"Tianjin Xingang Pt, 12, CNTXG",CNTXG,ONEY,ONE,CHIM354B25,DRY,1,10/1/2025,12/31/2025,11/5/2025 9:38,2101,2101,114.37,114.37,2215.37,2215.37,1
1046,USHOU,USLAX,CNWEI,"Houston, TX, USHOU",LALB,"Weihai, 37, CNWEI",CNQDG,YMLU,YML,51625,DRY,1,10/27/2025,12/31/2025,11/5/2025 9:38,1510,1510,224.8,224.8,1734.8,1734.8,1
1047,USHOU,USHOU,CNWHG,"Houston, TX, USHOU","Houston, TX, USHOU","Wuhan Pt, 42, CNWHG",CNWHG,MAEU,Maersk,300094432,DRY,0,10/16/2025,3/31/2026,11/5/2025 9:38,650.73,650.73,0,0,650.73,650.73,1
1048,USHOU,USHOU,CNWHG,"Houston, TX, USHOU","Houston, TX, USHOU","Wuhan Pt, 42, CNWHG",CNSHG,YMLU,YML,51625,DRY,1,10/27/2025,12/31/2025,11/5/2025 9:38,920,920,224.8,224.8,1144.8,1144.8,1
1049,USHOU,USHOU,CNWHI,"Houston, TX, USHOU","Houston, TX, USHOU","Wuhu Pt, 34, CNWHI",CNSHG,YMLU,YML,51625,DRY,1,10/27/2025,12/31/2025,11/5/2025 9:38,780,780,224.8,224.8,1004.8,1004.8,1
1050,USHOU,USHOU,CNWJA,"Houston, TX, USHOU","Houston, TX, USHOU","Wujiang, 32, CNWJA",CNSHG,YMLU,YML,51625,DRY,1,10/27/2025,12/31/2025,11/5/2025 9:38,960,960,224.8,224.8,1184.8,1184.8,1
1051,USHOU,USHOU,CNWNZ,"Houston, TX, USHOU","Houston, TX, USHOU","Wenzhou Longwan, 33, CNWNZ",CNSHG,YMLU,YML,51625,DRY,1,10/27/2025,12/31/2025,11/5/2025 9:38,820,820,224.8,224.8,1044.8,1044.8,1
1052,USHOU,USHOU,CNWNZ,"Houston, TX, USHOU","Houston, TX, USHOU","Wenzhou Longwan, 33, CNWNZ",CNNBG,YMLU,YML,51625,DRY,1,10/27/2025,12/31/2025,11/5/2025 9:38,820,820,224.8,224.8,1044.8,1044.8,1
1053,USHOU,USHOU,CNWUH,"Houston, TX, USHOU","Houston, TX, USHOU","Wuhan Tianhe, 42, CNWUH",CNWUH,ONEY,ONE,CHIM354B25,DRY,1,10/1/2025,12/31/2025,11/5/2025 9:38,1049,1049,116.33,116.33,1165.33,1165.33,1
1054,USHOU,USLAX,CNWUH,"Houston, TX, USHOU",LALB,"Wuhan Tianhe, 42, CNWUH",CNWUH,ONEY,ONE,CHIM354B25,DRY,1,10/1/2025,12/31/2025,11/5/2025 9:38,2351,2351,116.33,116.33,2467.33,2467.33,1
1055,USHOU,USHOU,CNWUZ,"Houston, TX, USHOU","Houston, TX, USHOU","Wuzhou Pt, 45, CNWUZ",CNWUZ,ONEY,ONE,CHIM354B25,DRY,1,10/1/2025,12/31/2025,11/5/2025 9:38,939,939,170.85,170.85,1109.85,1109.85,1
1056,USHOU,USHOU,CNXIA,"Houston, TX, USHOU","Houston, TX, USHOU","Xian, 33, CNXIA",CNSHG,YMLU,YML,51625,DRY,1,10/27/2025,12/31/2025,11/5/2025 9:38,2725,2725,224.8,224.8,2949.8,2949.8,1
1057,USHOU,USHOU,CNXIN,"Houston, TX, USHOU","Houston, TX, USHOU","Xinhui Pt, 44, CNXIN",CNXIN,MAEU,Maersk,300094432,DRY,0,10/16/2025,3/31/2026,11/5/2025 9:38,924.05,924.05,0,0,924.05,924.05,1
1058,USHOU,USHOU,CNXMG,"Houston, TX, USHOU","Houston, TX, USHOU","Xiamen Pt, 35, CNXMG",CNXMG,OOLU,OOCL,MT256104,DRY,2,10/20/2025,12/31/2025,11/5/2025 9:38,397,397,159.19,159.19,556.19,556.19,1
1059,USHOU,USHOU,CNXMG,"Houston, TX, USHOU","Houston, TX, USHOU","Xiamen Pt, 35, CNXMG",CNXMG,MAEU,Maersk,300094432,DRY,0,10/16/2025,3/31/2026,11/5/2025 9:38,501.05,501.05,0,0,501.05,501.05,1
1060,USHOU,USHOU,CNXMG,"Houston, TX, USHOU","Houston, TX, USHOU","Xiamen Pt, 35, CNXMG",CNXMG,ONEY,ONE,CHIM354B25,DRY,1,10/1/2025,12/31/2025,11/5/2025 9:38,979,979,114.37,114.37,1093.37,1093.37,1
1061,USHOU,USLAX,CNXMG,"Houston, TX, USHOU",LALB,"Xiamen Pt, 35, CNXMG",CNXMG,OOLU,OOCL,MT256104,DRY,2,10/20/2025,12/31/2025,11/5/2025 9:38,994,994,159.19,159.19,1153.19,1153.19,1
1062,USHOU,USLGB,CNXMG,"Houston, TX, USHOU",LALB,"Xiamen Pt, 35, CNXMG",CNXMG,OOLU,OOCL,MT256104,DRY,2,10/20/2025,12/31/2025,11/5/2025 9:38,994,994,159.19,159.19,1153.19,1153.19,1
1063,USHOU,USHOU,CNXMG,"Houston, TX, USHOU","Houston, TX, USHOU","Xiamen Pt, 35, CNXMG","XIAMEN, CHINA",EGLV,EMC,SC103574,DRY,,10/1/2025,12/31/2025,11/5/2025 9:38,1000,1000,0,0,1000,1000,1
1064,USHOU,USLAX,CNXMG,"Houston, TX, USHOU",LALB,"Xiamen Pt, 35, CNXMG",CNXMG,YMLU,YML,51625,DRY,1,10/27/2025,12/31/2025,11/5/2025 9:38,1100,1100,224.8,224.8,1324.8,1324.8,1
1065,USHOU,USLAX,CNXMG,"Houston, TX, USHOU",LALB,"Xiamen Pt, 35, CNXMG",CNXMG,ONEY,ONE,CHIM354B25,DRY,1,10/1/2025,12/31/2025,11/5/2025 9:38,2551,2551,114.37,114.37,2665.37,2665.37,1
1066,USHOU,USLAX,CNXNJ,"Houston, TX, USHOU",LALB,"Xinji, 13, CNXNJ",CNTXG,YMLU,YML,51625,DRY,1,10/27/2025,12/31/2025,11/5/2025 9:38,1770,1770,224.8,224.8,1994.8,1994.8,1
1067,USHOU,USHOU,CNYBN,"Houston, TX, USHOU","Houston, TX, USHOU","Yibin, 51, CNYBN",CNSHG,YMLU,YML,51625,DRY,1,10/27/2025,12/31/2025,11/5/2025 9:38,1450,1450,224.8,224.8,1674.8,1674.8,1
1068,USHOU,USHOU,CNYIC,"Houston, TX, USHOU","Houston, TX, USHOU","Yichang, 42, CNYIC",CNSHG,YMLU,YML,51625,DRY,1,10/27/2025,12/31/2025,11/5/2025 9:38,1030,1030,224.8,224.8,1254.8,1254.8,1
1069,USHOU,USHOU,CNYNT,"Houston, TX, USHOU","Houston, TX, USHOU","Yantai Laishan, 37, CNYNT",CNYNT,ONEY,ONE,CHIM354B25,DRY,1,10/1/2025,12/31/2025,11/5/2025 9:38,1214,1214,117.04,117.04,1331.04,1331.04,1
1070,USHOU,USLAX,CNYNT,"Houston, TX, USHOU",LALB,"Yantai Laishan, 37, CNYNT",CNQDG,YMLU,YML,51625,DRY,1,10/27/2025,12/31/2025,11/5/2025 9:38,1430,1430,224.8,224.8,1654.8,1654.8,1
1071,USHOU,USLAX,CNYPG,"Houston, TX, USHOU",LALB,"Yangpu Pt, 46, CNYPG",CNYPG,OOLU,OOCL,MT256104,DRY,2,10/20/2025,12/31/2025,11/5/2025 9:38,994,994,0,0,994,994,1
1072,USHOU,USLGB,CNYPG,"Houston, TX, USHOU",LALB,"Yangpu Pt, 46, CNYPG",CNYPG,OOLU,OOCL,MT256104,DRY,2,10/20/2025,12/31/2025,11/5/2025 9:38,994,994,0,0,994,994,1
1073,USHOU,USHOU,CNYTN,"Houston, TX, USHOU","Houston, TX, USHOU","Yantian Pt, 44, CNYTN",CNYTN,YMLU,YML,51625,DRY,1,10/27/2025,12/31/2025,11/5/2025 9:38,300,300,224.8,224.8,524.8,524.8,1
1074,USHOU,USHOU,CNYTN,"Houston, TX, USHOU","Houston, TX, USHOU","Yantian Pt, 44, CNYTN",CNYTN,OOLU,OOCL,MT256104,DRY,2,10/20/2025,12/31/2025,11/5/2025 9:38,397,397,159.19,159.19,556.19,556.19,1
1075,USHOU,USHOU,CNYTN,"Houston, TX, USHOU","Houston, TX, USHOU","Yantian Pt, 44, CNYTN",CNYTN,YMLU,YML,51625,DRY,1,10/27/2025,12/31/2025,11/5/2025 9:38,400,400,224.8,224.8,624.8,624.8,1
1076,USHOU,USHOU,CNYTN,"Houston, TX, USHOU","Houston, TX, USHOU","Yantian Pt, 44, CNYTN",CNYTN,ONEY,ONE,CHIM354B25,DRY,1,10/1/2025,12/31/2025,11/5/2025 9:38,614,614,170.85,170.85,784.85,784.85,1
1077,USHOU,USHOU,CNYTN,"Houston, TX, USHOU","Houston, TX, USHOU","Yantian Pt, 44, CNYTN",CNYTN,MAEU,Maersk,300094432,DRY,0,10/16/2025,3/31/2026,11/5/2025 9:38,814.05,814.05,0,0,814.05,814.05,1
1078,USHOU,USLAX,CNYTN,"Houston, TX, USHOU",LALB,"Yantian Pt, 44, CNYTN",CNYTN,OOLU,OOCL,MT256104,DRY,2,10/20/2025,12/31/2025,11/5/2025 9:38,994,994,159.19,159.19,1153.19,1153.19,1
1079,USHOU,USLGB,CNYTN,"Houston, TX, USHOU",LALB,"Yantian Pt, 44, CNYTN",CNYTN,OOLU,OOCL,MT256104,DRY,2,10/20/2025,12/31/2025,11/5/2025 9:38,994,994,159.19,159.19,1153.19,1153.19,1
1080,USHOU,USHOU,CNYTN,"Houston, TX, USHOU","Houston, TX, USHOU","Yantian Pt, 44, CNYTN","YANTIAN, CHINA",EGLV,EMC,SC103574,DRY,,10/1/2025,12/31/2025,11/5/2025 9:38,1000,1000,0,0,1000,1000,1
1081,USHOU,USLAX,CNYTN,"Houston, TX, USHOU",LALB,"Yantian Pt, 44, CNYTN",KRPUS,YMLU,YML,51625,DRY,1,10/27/2025,12/31/2025,11/5/2025 9:38,1280,1280,125.98,125.98,1405.98,1405.98,1
1082,USHOU,USHOU,CNYYA,"Houston, TX, USHOU","Houston, TX, USHOU","Yueyang, 50, CNYYA",CNYYA,MAEU,Maersk,300094432,DRY,0,10/16/2025,3/31/2026,11/5/2025 9:38,902.73,902.73,0,0,902.73,902.73,1
1083,USHOU,USHOU,CNYYA,"Houston, TX, USHOU","Houston, TX, USHOU","Yueyang, 50, CNYYA",CNSHG,YMLU,YML,51625,DRY,1,10/27/2025,12/31/2025,11/5/2025 9:38,1030,1030,224.8,224.8,1254.8,1254.8,1
1084,USHOU,USHOU,CNYYA,"Houston, TX, USHOU","Houston, TX, USHOU","Yueyang, 50, CNYYA",CNYYA,ONEY,ONE,CHIM354B25,DRY,1,10/1/2025,12/31/2025,11/5/2025 9:38,1074,1074,120.97,120.97,1194.97,1194.97,1
1085,USHOU,USLAX,CNYYA,"Houston, TX, USHOU",LALB,"Yueyang, 50, CNYYA",CNYYA,ONEY,ONE,CHIM354B25,DRY,1,10/1/2025,12/31/2025,11/5/2025 9:38,2426,2426,120.97,120.97,2546.97,2546.97,1
1086,USHOU,USHOU,CNYZH,"Houston, TX, USHOU","Houston, TX, USHOU","Yangzhou Pt, 32, CNYZH",CNSHG,YMLU,YML,51625,DRY,1,10/27/2025,12/31/2025,11/5/2025 9:38,780,780,224.8,224.8,1004.8,1004.8,1
1087,USHOU,USHOU,CNZAP,"Houston, TX, USHOU","Houston, TX, USHOU","Zhapu, 33, CNZAP",CNNBG,YMLU,YML,51625,DRY,1,10/27/2025,12/31/2025,11/5/2025 9:38,730,730,224.8,224.8,954.8,954.8,1
1088,USHOU,USHOU,CNZGA,"Houston, TX, USHOU","Houston, TX, USHOU","Zhongshan, 45, CNZGA",CNZGA,MAEU,Maersk,300094432,DRY,0,10/16/2025,3/31/2026,11/5/2025 9:38,914.05,914.05,0,0,914.05,914.05,1
1089,USHOU,USHOU,CNZHE,"Houston, TX, USHOU","Houston, TX, USHOU","Zhenjiang Pt, 32, CNZHE",CNSHG,YMLU,YML,51625,DRY,1,10/27/2025,12/31/2025,11/5/2025 9:38,750,750,224.8,224.8,974.8,974.8,1
1090,USHOU,USHOU,CNZHU,"Houston, TX, USHOU","Houston, TX, USHOU","Zhuao, 41, CNZHU",CNZHU,MAEU,Maersk,300094432,DRY,0,10/16/2025,3/31/2026,11/5/2025 9:38,884.05,884.05,0,0,884.05,884.05,1
1091,USHOU,USHOU,CNZJG,"Houston, TX, USHOU","Houston, TX, USHOU","Zhangjiagang, 32, CNZJG",CNSHG,YMLU,YML,51625,DRY,1,10/27/2025,12/31/2025,11/5/2025 9:38,780,780,224.8,224.8,1004.8,1004.8,1
1092,USHOU,USHOU,CNZJG,"Houston, TX, USHOU","Houston, TX, USHOU","Zhangjiagang, 32, CNZJG",CNZJG,MAEU,Maersk,300094432,DRY,0,10/16/2025,3/31/2026,11/5/2025 9:38,900.73,900.73,0,0,900.73,900.73,1
1093,USHOU,USHOU,CNZJG,"Houston, TX, USHOU","Houston, TX, USHOU","Zhangjiagang, 32, CNZJG",CNZJG,ONEY,ONE,CHIM354B25,DRY,1,10/1/2025,12/31/2025,11/5/2025 9:38,999,999,116.33,116.33,1115.33,1115.33,1
1094,USHOU,USLAX,CNZJG,"Houston, TX, USHOU",LALB,"Zhangjiagang, 32, CNZJG",CNZJG,ONEY,ONE,CHIM354B25,DRY,1,10/1/2025,12/31/2025,11/5/2025 9:38,2226,2226,116.33,116.33,2342.33,2342.33,1
1095,USHOU,USHOU,CNZNG,"Houston, TX, USHOU","Houston, TX, USHOU","Zhanjiang Pt, 44, CNZNG",CNZNG,MAEU,Maersk,300094432,DRY,0,10/16/2025,3/31/2026,11/5/2025 9:38,1008.05,1008.05,0,0,1008.05,1008.05,1
1096,USHOU,USHOU,CNZSN,"Houston, TX, USHOU","Houston, TX, USHOU","Zhongshan Pt, 44, CNZSN",CNZSN,ONEY,ONE,CHIM354B25,DRY,1,10/1/2025,12/31/2025,11/5/2025 9:38,839,839,170.85,170.85,1009.85,1009.85,1
1097,USHOU,USHOU,CNZUH,"Houston, TX, USHOU","Houston, TX, USHOU","Zhuhai Pt, 44, CNZUH",CNZUH,ONEY,ONE,CHIM354B25,DRY,1,10/1/2025,12/31/2025,11/5/2025 9:38,1074,1074,170.85,170.85,1244.85,1244.85,1
1098,USHOU,USLAX,CNZUH,"Houston, TX, USHOU",LALB,"Zhuhai Pt, 44, CNZUH",CNZUH,ONEY,ONE,CHIM354B25,DRY,1,10/1/2025,12/31/2025,11/5/2025 9:38,2101,2101,170.85,170.85,2271.85,2271.85,1
1099,USHOU,USHOU,COBUN,"Houston, TX, USHOU","Houston, TX, USHOU","Buenaventura, , COBUN",COBUN,ONEY,ONE,CHIM354B25,DRY,1,10/1/2025,12/31/2025,11/5/2025 9:38,1858,1858,141,141,1999,1999,1
1100,USHOU,USLAX,COBUN,"Houston, TX, USHOU",LALB,"Buenaventura, , COBUN",COBUN,ONEY,ONE,CHIM354B25,DRY,1,10/1/2025,12/31/2025,11/5/2025 9:38,3393,3393,141,141,3534,3534,1
1101,USHOU,USHOU,COCTG,"Houston, TX, USHOU","Houston, TX, USHOU","Cartagena, , COCTG",COCTG,ONEY,ONE,CHIM354B25,DRY,1,10/1/2025,12/31/2025,11/5/2025 9:38,1188,1188,141,141,1329,1329,1
1102,USHOU,USHOU,DZALG,"Houston, TX, USHOU","Houston, TX, USHOU","Alger (Algiers), 16, DZALG",DZALG,MAEU,Maersk,300094432,DRY,0,10/16/2025,3/31/2026,11/5/2025 9:38,3038,3038,0,0,3038,3038,1
1103,USHOU,USHOU,ECGYE,"Houston, TX, USHOU","Houston, TX, USHOU","Guayaquil, G, ECGYE",ECGYE,ONEY,ONE,CHIM354B25,DRY,1,10/1/2025,12/31/2025,11/5/2025 9:38,1358,1358,410,310,1768,1668,1
1104,USHOU,USHOU,ECGYE,"Houston, TX, USHOU","Houston, TX, USHOU","Guayaquil, G, ECGYE",ECGYE,MSCU,MSC,25-348WCSA,DRY,0,11/3/2025,12/31/2025,11/4/2025 4:10,2571,2571,200,200,2771,2771,1
1105,USHOU,USHOU,EGALY,"Houston, TX, USHOU","Houston, TX, USHOU","Alexandria, , EGALY",EGALY,ONEY,ONE,CHIM354B25,DRY,1,10/1/2025,12/31/2025,11/5/2025 9:38,1686,1686,0,0,1686,1686,1
1106,USHOU,USHOU,EGALY,"Houston, TX, USHOU","Houston, TX, USHOU","Alexandria, , EGALY",EGALY,MAEU,Maersk,300094432,DRY,0,10/16/2025,3/31/2026,11/5/2025 9:38,2346,2346,0,0,2346,2346,1
1107,USHOU,USHOU,EGDAM,"Houston, TX, USHOU","Houston, TX, USHOU","Damietta, , EGDAM",EGDAM,ONEY,ONE,CHIM354B25,DRY,1,10/1/2025,12/31/2025,11/5/2025 9:38,1686,1686,0,0,1686,1686,1
1108,USHOU,USHOU,EGDAM,"Houston, TX, USHOU","Houston, TX, USHOU","Damietta, , EGDAM",EGDAM,MAEU,Maersk,300094432,DRY,0,10/16/2025,3/31/2026,11/5/2025 9:38,2346,2346,0,0,2346,2346,1
1109,USHOU,USHOU,GTPBR,"Houston, TX, USHOU","Houston, TX, USHOU","Puerto Barrios, , GTPBR",GTPBR,ONEY,ONE,CHIM354B25,DRY,1,10/1/2025,12/31/2025,11/5/2025 9:38,2388,2388,530,530,2918,2918,1
1110,USHOU,USHOU,IDBLW,"Houston, TX, USHOU","Houston, TX, USHOU","Belawan, , IDBLW",IDBLW,OOLU,OOCL,MT256104,DRY,2,10/20/2025,12/31/2025,11/5/2025 9:38,687,687,145,145,832,832,1
1111,USHOU,USHOU,IDBLW,"Houston, TX, USHOU","Houston, TX, USHOU","Belawan, , IDBLW",BELAWAN,EGLV,EMC,SC103574,DRY,,10/1/2025,12/31/2025,11/5/2025 9:38,1300,1300,145,145,1445,1445,1
1112,USHOU,USHOU,IDBLW,"Houston, TX, USHOU","Houston, TX, USHOU","Belawan, , IDBLW",CNSHG,YMLU,YML,51625,DRY,1,10/27/2025,12/31/2025,11/5/2025 9:38,1355,1355,224.8,224.8,1579.8,1579.8,1
1113,USHOU,USLGB,IDBLW,"Houston, TX, USHOU",LALB,"Belawan, , IDBLW",IDBLW,OOLU,OOCL,MT256104,DRY,2,10/20/2025,12/31/2025,11/5/2025 9:38,1469,1469,145,145,1614,1614,1
1114,USHOU,USLAX,IDBLW,"Houston, TX, USHOU",LALB,"Belawan, , IDBLW",IDBLW,OOLU,OOCL,MT256104,DRY,2,10/20/2025,12/31/2025,11/5/2025 9:38,1469,1469,145,145,1614,1614,1
1115,USHOU,USLAX,IDBLW,"Houston, TX, USHOU",LALB,"Belawan, , IDBLW",SGSIN,YMLU,YML,51625,DRY,1,10/27/2025,12/31/2025,11/5/2025 9:38,2005,2005,268.95,268.95,2273.95,2273.95,1
1116,USHOU,USHOU,IDCKR,"Houston, TX, USHOU","Houston, TX, USHOU","Cikarang, JB, IDCKR",IDCKR,ONEY,ONE,CHIM354B25,DRY,1,10/1/2025,12/31/2025,11/5/2025 9:38,1464,1464,505.63,505.63,1969.63,1969.63,1
1117,USHOU,USLAX,IDCKR,"Houston, TX, USHOU",LALB,"Cikarang, JB, IDCKR",IDCKR,ONEY,ONE,CHIM354B25,DRY,1,10/1/2025,12/31/2025,11/5/2025 9:38,2526,2526,505.63,505.63,3031.63,3031.63,1
1118,USHOU,USHOU,IDJKT,"Houston, TX, USHOU","Houston, TX, USHOU","Jakarta, JK, IDJKT",IDJKT,OOLU,OOCL,MT256104,DRY,2,10/20/2025,12/31/2025,11/5/2025 9:38,687,687,145,145,832,832,1
1119,USHOU,USHOU,IDJKT,"Houston, TX, USHOU","Houston, TX, USHOU","Jakarta, JK, IDJKT",IDJKT,MAEU,Maersk,300094432,DRY,0,10/16/2025,3/31/2026,11/5/2025 9:38,940,940,0,0,940,940,1
1120,USHOU,USHOU,IDJKT,"Houston, TX, USHOU","Houston, TX, USHOU","Jakarta, JK, IDJKT",CNSHG,YMLU,YML,51625,DRY,1,10/27/2025,12/31/2025,11/5/2025 9:38,1050,1050,224.8,224.8,1274.8,1274.8,1
1121,USHOU,USHOU,IDJKT,"Houston, TX, USHOU","Houston, TX, USHOU","Jakarta, JK, IDJKT",IDJKT,ONEY,ONE,CHIM354B25,DRY,1,10/1/2025,12/31/2025,11/5/2025 9:38,1264,1264,505.63,505.63,1769.63,1769.63,1
1122,USHOU,USHOU,IDJKT,"Houston, TX, USHOU","Houston, TX, USHOU","Jakarta, JK, IDJKT",JAKARTA,EGLV,EMC,SC103574,DRY,,10/1/2025,12/31/2025,11/5/2025 9:38,1300,1300,145,145,1445,1445,1
1123,USHOU,USLAX,IDJKT,"Houston, TX, USHOU",LALB,"Jakarta, JK, IDJKT",IDJKT,OOLU,OOCL,MT256104,DRY,2,10/20/2025,12/31/2025,11/5/2025 9:38,1469,1469,145,145,1614,1614,1
1124,USHOU,USLGB,IDJKT,"Houston, TX, USHOU",LALB,"Jakarta, JK, IDJKT",IDJKT,OOLU,OOCL,MT256104,DRY,2,10/20/2025,12/31/2025,11/5/2025 9:38,1469,1469,145,145,1614,1614,1
1125,USHOU,USHOU,IDJKT,"Houston, TX, USHOU","Houston, TX, USHOU","Jakarta, JK, IDJKT",IDJKT,YMLU,YML,51625,DRY,1,10/27/2025,12/31/2025,11/5/2025 9:38,1650,1650,0,0,1650,1650,1
1126,USHOU,USLAX,IDJKT,"Houston, TX, USHOU",LALB,"Jakarta, JK, IDJKT",SGSIN,YMLU,YML,51625,DRY,1,10/27/2025,12/31/2025,11/5/2025 9:38,1700,1700,268.95,268.95,1968.95,1968.95,1
1127,USHOU,USLAX,IDJKT,"Houston, TX, USHOU",LALB,"Jakarta, JK, IDJKT",IDJKT,ONEY,ONE,CHIM354B25,DRY,1,10/1/2025,12/31/2025,11/5/2025 9:38,2626,2626,505.63,505.63,3131.63,3131.63,1
1128,USHOU,USLAX,IDPLM,"Houston, TX, USHOU",LALB,"Palembang, Sumatra, , IDPLM",SGSIN,YMLU,YML,51625,DRY,1,10/27/2025,12/31/2025,11/5/2025 9:38,2150,2150,268.95,268.95,2418.95,2418.95,1
1129,USHOU,USHOU,IDSRG,"Houston, TX, USHOU","Houston, TX, USHOU","Semarang, JT, IDSRG",IDSRG,OOLU,OOCL,MT256104,DRY,2,10/20/2025,12/31/2025,11/5/2025 9:38,687,687,145,145,832,832,1
1130,USHOU,USHOU,IDSRG,"Houston, TX, USHOU","Houston, TX, USHOU","Semarang, JT, IDSRG",IDSRG,MAEU,Maersk,300094432,DRY,0,10/16/2025,3/31/2026,11/5/2025 9:38,940,940,0,0,940,940,1
1131,USHOU,USHOU,IDSRG,"Houston, TX, USHOU","Houston, TX, USHOU","Semarang, JT, IDSRG",SEMARANG,EGLV,EMC,SC103574,DRY,,10/1/2025,12/31/2025,11/5/2025 9:38,1300,1300,145,145,1445,1445,1
1132,USHOU,USHOU,IDSRG,"Houston, TX, USHOU","Houston, TX, USHOU","Semarang, JT, IDSRG",IDSRG,ONEY,ONE,CHIM354B25,DRY,1,10/1/2025,12/31/2025,11/5/2025 9:38,1374,1374,505.63,505.63,1879.63,1879.63,1
1133,USHOU,USLAX,IDSRG,"Houston, TX, USHOU",LALB,"Semarang, JT, IDSRG",IDSRG,OOLU,OOCL,MT256104,DRY,2,10/20/2025,12/31/2025,11/5/2025 9:38,1469,1469,145,145,1614,1614,1
1134,USHOU,USLGB,IDSRG,"Houston, TX, USHOU",LALB,"Semarang, JT, IDSRG",IDSRG,OOLU,OOCL,MT256104,DRY,2,10/20/2025,12/31/2025,11/5/2025 9:38,1469,1469,145,145,1614,1614,1
1135,USHOU,USLAX,IDSRG,"Houston, TX, USHOU",LALB,"Semarang, JT, IDSRG",SGSIN,YMLU,YML,51625,DRY,1,10/27/2025,12/31/2025,11/5/2025 9:38,1750,1750,268.95,268.95,2018.95,2018.95,1
1136,USHOU,USLAX,IDSRG,"Houston, TX, USHOU",LALB,"Semarang, JT, IDSRG",IDSRG,ONEY,ONE,CHIM354B25,DRY,1,10/1/2025,12/31/2025,11/5/2025 9:38,2326,2326,505.63,505.63,2831.63,2831.63,1
1137,USHOU,USHOU,IDSUB,"Houston, TX, USHOU","Houston, TX, USHOU","Surabaya, JI, IDSUB",IDSUB,OOLU,OOCL,MT256104,DRY,2,10/20/2025,12/31/2025,11/5/2025 9:38,687,687,145,145,832,832,1
1138,USHOU,USHOU,IDSUB,"Houston, TX, USHOU","Houston, TX, USHOU","Surabaya, JI, IDSUB",IDSUB,MAEU,Maersk,300094432,DRY,0,10/16/2025,3/31/2026,11/5/2025 9:38,940,940,0,0,940,940,1
1139,USHOU,USHOU,IDSUB,"Houston, TX, USHOU","Houston, TX, USHOU","Surabaya, JI, IDSUB",CNSHG,YMLU,YML,51625,DRY,1,10/27/2025,12/31/2025,11/5/2025 9:38,1050,1050,224.8,224.8,1274.8,1274.8,1
1140,USHOU,USHOU,IDSUB,"Houston, TX, USHOU","Houston, TX, USHOU","Surabaya, JI, IDSUB",SURABAYA,EGLV,EMC,SC103574,DRY,,10/1/2025,12/31/2025,11/5/2025 9:38,1300,1300,145,145,1445,1445,1
1141,USHOU,USHOU,IDSUB,"Houston, TX, USHOU","Houston, TX, USHOU","Surabaya, JI, IDSUB",IDSUB,YMLU,YML,51625,DRY,1,10/27/2025,12/31/2025,11/5/2025 9:38,1300,1300,0,0,1300,1300,1
1142,USHOU,USHOU,IDSUB,"Houston, TX, USHOU","Houston, TX, USHOU","Surabaya, JI, IDSUB",IDSUB,ONEY,ONE,CHIM354B25,DRY,1,10/1/2025,12/31/2025,11/5/2025 9:38,1374,1374,505.63,505.63,1879.63,1879.63,1
1143,USHOU,USLAX,IDSUB,"Houston, TX, USHOU",LALB,"Surabaya, JI, IDSUB",IDSUB,OOLU,OOCL,MT256104,DRY,2,10/20/2025,12/31/2025,11/5/2025 9:38,1469,1469,145,145,1614,1614,1
1144,USHOU,USLGB,IDSUB,"Houston, TX, USHOU",LALB,"Surabaya, JI, IDSUB",IDSUB,OOLU,OOCL,MT256104,DRY,2,10/20/2025,12/31/2025,11/5/2025 9:38,1469,1469,145,145,1614,1614,1
1145,USHOU,USLAX,IDSUB,"Houston, TX, USHOU",LALB,"Surabaya, JI, IDSUB",SGSIN,YMLU,YML,51625,DRY,1,10/27/2025,12/31/2025,11/5/2025 9:38,1700,1700,268.95,268.95,1968.95,1968.95,1
1146,USHOU,USLAX,IDSUB,"Houston, TX, USHOU",LALB,"Surabaya, JI, IDSUB",IDSUB,ONEY,ONE,CHIM354B25,DRY,1,10/1/2025,12/31/2025,11/5/2025 9:38,2326,2326,505.63,505.63,2831.63,2831.63,1
1147,USHOU,USHOU,INCCU,"Houston, TX, USHOU","Houston, TX, USHOU","Kolkata (ex Calcutta), WB, INCCU",CNSHG,YMLU,YML,51625,DRY,1,10/27/2025,12/31/2025,11/5/2025 9:38,2100,2100,224.8,224.8,2324.8,2324.8,1
1148,USHOU,USHOU,INCCU,"Houston, TX, USHOU","Houston, TX, USHOU","Kolkata (ex Calcutta), WB, INCCU",CNNBG,YMLU,YML,51625,DRY,1,10/27/2025,12/31/2025,11/5/2025 9:38,2100,2100,224.8,224.8,2324.8,2324.8,1
1149,USHOU,USLAX,INCCU,"Houston, TX, USHOU",LALB,"Kolkata (ex Calcutta), WB, INCCU",SGSIN,YMLU,YML,51625,DRY,1,10/27/2025,12/31/2025,11/5/2025 9:38,2750,2750,268.95,268.95,3018.95,3018.95,1
1150,USHOU,USHOU,INCOK,"Houston, TX, USHOU","Houston, TX, USHOU","Cochin, KL, INCOK",INCOK,MAEU,Maersk,300094432,DRY,0,10/16/2025,3/31/2026,11/5/2025 9:38,2037,2037,0,0,2037,2037,1
1151,USHOU,USHOU,INHAL,"Houston, TX, USHOU","Houston, TX, USHOU","Haldia, WB, INHAL",INHAL,OOLU,OOCL,MT256104,DRY,2,10/20/2025,12/31/2025,11/5/2025 9:38,3482,3482,0,0,3482,3482,1
1152,USHOU,USLAX,INHAL,"Houston, TX, USHOU",LALB,"Haldia, WB, INHAL",INHAL,OOLU,OOCL,MT256104,DRY,2,10/20/2025,12/31/2025,11/5/2025 9:38,3849,3849,0,0,3849,3849,1
1153,USHOU,USLGB,INHAL,"Houston, TX, USHOU",LALB,"Haldia, WB, INHAL",INHAL,OOLU,OOCL,MT256104,DRY,2,10/20/2025,12/31/2025,11/5/2025 9:38,3849,3849,0,0,3849,3849,1
1154,USHOU,USLGB,INKOC,"Houston, TX, USHOU",LALB,"Kochi, , INKOC",INKOC,OOLU,OOCL,MT256104,DRY,2,10/20/2025,12/31/2025,11/5/2025 9:38,2919,2919,270.35,270.35,3189.35,3189.35,1
1155,USHOU,USLAX,INKOC,"Houston, TX, USHOU",LALB,"Kochi, , INKOC",INKOC,OOLU,OOCL,MT256104,DRY,2,10/20/2025,12/31/2025,11/5/2025 9:38,2919,2919,270.35,270.35,3189.35,3189.35,1
1156,USHOU,USLAX,INKOC,"Houston, TX, USHOU",LALB,"Kochi, , INKOC",KRPUS,YMLU,YML,51625,DRY,1,10/27/2025,12/31/2025,11/5/2025 9:38,3140,3140,125.98,125.98,3265.98,3265.98,1
1157,USHOU,USHOU,INKOC,"Houston, TX, USHOU","Houston, TX, USHOU","Kochi, , INKOC",INKOC,OOLU,OOCL,MT256104,DRY,2,10/20/2025,12/31/2025,11/5/2025 9:38,3337,3337,270.35,270.35,3607.35,3607.35,1
1158,USHOU,USHOU,INKTP,"Houston, TX, USHOU","Houston, TX, USHOU","Kattupalli Port, TN, INKTP",INKTP,OOLU,OOCL,MT256104,DRY,2,10/20/2025,12/31/2025,11/5/2025 9:38,1687,1687,0,0,1687,1687,1
1159,USHOU,USLGB,INKTP,"Houston, TX, USHOU",LALB,"Kattupalli Port, TN, INKTP",INKTP,OOLU,OOCL,MT256104,DRY,2,10/20/2025,12/31/2025,11/5/2025 9:38,2069,2069,0,0,2069,2069,1
1160,USHOU,USLAX,INKTP,"Houston, TX, USHOU",LALB,"Kattupalli Port, TN, INKTP",INKTP,OOLU,OOCL,MT256104,DRY,2,10/20/2025,12/31/2025,11/5/2025 9:38,2069,2069,0,0,2069,2069,1
1161,USHOU,USHOU,INMAA,"Houston, TX, USHOU","Houston, TX, USHOU","Chennai (ex Madras), TN, INMAA",CNSHG,YMLU,YML,51625,DRY,1,10/27/2025,12/31/2025,11/5/2025 9:38,1850,1850,224.8,224.8,2074.8,2074.8,1
1162,USHOU,USHOU,INMAA,"Houston, TX, USHOU","Houston, TX, USHOU","Chennai (ex Madras), TN, INMAA",CNNBG,YMLU,YML,51625,DRY,1,10/27/2025,12/31/2025,11/5/2025 9:38,1850,1850,224.8,224.8,2074.8,2074.8,1
1163,USHOU,USHOU,INMAA,"Houston, TX, USHOU","Houston, TX, USHOU","Chennai (ex Madras), TN, INMAA",INMAA,MAEU,Maersk,300094432,DRY,0,10/16/2025,3/31/2026,11/5/2025 9:38,2037,2037,0,0,2037,2037,1
1164,USHOU,USLAX,INMAA,"Houston, TX, USHOU",LALB,"Chennai (ex Madras), TN, INMAA",SGSIN,YMLU,YML,51625,DRY,1,10/27/2025,12/31/2025,11/5/2025 9:38,2500,2500,268.95,268.95,2768.95,2768.95,1
1165,USHOU,USLAX,INMAA,"Houston, TX, USHOU",LALB,"Chennai (ex Madras), TN, INMAA",INMAA,ONEY,ONE,CHIM354B25,DRY,1,10/1/2025,12/31/2025,11/5/2025 9:38,3376,3376,227.54,227.54,3603.54,3603.54,1
1166,USHOU,USHOU,INMUN,"Houston, TX, USHOU","Houston, TX, USHOU","Mundra, GJ, INMUN",INMUN,MAEU,Maersk,300094432,DRY,0,10/16/2025,3/31/2026,11/5/2025 9:38,1671,1671,0,0,1671,1671,1
1167,USHOU,USLAX,INMUN,"Houston, TX, USHOU",LALB,"Mundra, GJ, INMUN",INMUN,ONEY,ONE,CHIM354B25,DRY,1,10/1/2025,12/31/2025,11/5/2025 9:38,2316,2316,324.41,324.41,2640.41,2640.41,1
1168,USHOU,USLGB,INNSA,"Houston, TX, USHOU",LALB,"Nhava Sheva, MH, INNSA",INNSA,OOLU,OOCL,MT256104,DRY,2,10/20/2025,12/31/2025,11/5/2025 9:38,1549,1549,157.7,157.7,1706.7,1706.7,1
1169,USHOU,USLAX,INNSA,"Houston, TX, USHOU",LALB,"Nhava Sheva, MH, INNSA",INNSA,OOLU,OOCL,MT256104,DRY,2,10/20/2025,12/31/2025,11/5/2025 9:38,1549,1549,157.7,157.7,1706.7,1706.7,1
1170,USHOU,USHOU,INNSA,"Houston, TX, USHOU","Houston, TX, USHOU","Nhava Sheva, MH, INNSA",INNSA,MAEU,Maersk,300094432,DRY,0,10/16/2025,3/31/2026,11/5/2025 9:38,1671,1671,0,0,1671,1671,1
1171,USHOU,USHOU,INNSA,"Houston, TX, USHOU","Houston, TX, USHOU","Nhava Sheva, MH, INNSA",NHAVA SHEVA,EGLV,EMC,SC103574,DRY,,10/1/2025,12/31/2025,11/5/2025 9:38,1900,1900,199.65,199.65,2099.65,2099.65,1
1172,USHOU,USHOU,INNSA,"Houston, TX, USHOU","Houston, TX, USHOU","Nhava Sheva, MH, INNSA",INNSA,OOLU,OOCL,MT256104,DRY,2,10/20/2025,12/31/2025,11/5/2025 9:38,2217,2217,157.7,157.7,2374.7,2374.7,1
1173,USHOU,USLAX,INNSA,"Houston, TX, USHOU",LALB,"Nhava Sheva, MH, INNSA",INNSA,ONEY,ONE,CHIM354B25,DRY,1,10/1/2025,12/31/2025,11/5/2025 9:38,2316,2316,290.62,290.62,2606.62,2606.62,1
1174,USHOU,USLAX,INPAV,"Houston, TX, USHOU",LALB,"Pipavav (Victor) Port, GJ, INPAV",INPAV,ONEY,ONE,CHIM354B25,DRY,1,10/1/2025,12/31/2025,11/5/2025 9:38,2416,2416,279.98,279.98,2695.98,2695.98,1
1175,USHOU,USLGB,INRJU,"Houston, TX, USHOU",LALB,"Rajula, GJ, INRJU",INRJU,OOLU,OOCL,MT256104,DRY,2,10/20/2025,12/31/2025,11/5/2025 9:38,2044,2044,0,0,2044,2044,1
1176,USHOU,USLAX,INRJU,"Houston, TX, USHOU",LALB,"Rajula, GJ, INRJU",INRJU,OOLU,OOCL,MT256104,DRY,2,10/20/2025,12/31/2025,11/5/2025 9:38,2044,2044,0,0,2044,2044,1
1177,USHOU,USHOU,INRJU,"Houston, TX, USHOU","Houston, TX, USHOU","Rajula, GJ, INRJU",INRJU,OOLU,OOCL,MT256104,DRY,2,10/20/2025,12/31/2025,11/5/2025 9:38,4257,4257,0,0,4257,4257,1
1178,USHOU,USLGB,INTUT,"Houston, TX, USHOU",LALB,"Tuticorin, TN, INTUT",INTUT,OOLU,OOCL,MT256104,DRY,2,10/20/2025,12/31/2025,11/5/2025 9:38,1669,1669,78.85,78.85,1747.85,1747.85,1
1179,USHOU,USLAX,INTUT,"Houston, TX, USHOU",LALB,"Tuticorin, TN, INTUT",INTUT,OOLU,OOCL,MT256104,DRY,2,10/20/2025,12/31/2025,11/5/2025 9:38,1669,1669,78.85,78.85,1747.85,1747.85,1
1180,USHOU,USHOU,INTUT,"Houston, TX, USHOU","Houston, TX, USHOU","Tuticorin, TN, INTUT",INTUT,MAEU,Maersk,300094432,DRY,0,10/16/2025,3/31/2026,11/5/2025 9:38,1871,1871,0,0,1871,1871,1
1181,USHOU,USHOU,INTUT,"Houston, TX, USHOU","Houston, TX, USHOU","Tuticorin, TN, INTUT",INTUT,OOLU,OOCL,MT256104,DRY,2,10/20/2025,12/31/2025,11/5/2025 9:38,2517,2517,78.85,78.85,2595.85,2595.85,1
1182,USHOU,USLAX,JPABU,"Houston, TX, USHOU",LALB,"Aburatsu, 45, JPABU",KRPUS,YMLU,YML,51625,DRY,1,10/27/2025,12/31/2025,11/5/2025 9:38,2650,2650,125.98,125.98,2775.98,2775.98,1
1183,USHOU,USLAX,JPAXT,"Houston, TX, USHOU",LALB,"Akita, 5, JPAXT",KRPUS,YMLU,YML,51625,DRY,1,10/27/2025,12/31/2025,11/5/2025 9:38,2650,2650,125.98,125.98,2775.98,2775.98,1
1184,USHOU,USLAX,JPFKY,"Houston, TX, USHOU",LALB,"Fukuyama, Hiroshima, 34, JPFKY",KRPUS,YMLU,YML,51625,DRY,1,10/27/2025,12/31/2025,11/5/2025 9:38,2970,2970,125.98,125.98,3095.98,3095.98,1
1185,USHOU,USLAX,JPHHE,"Houston, TX, USHOU",LALB,"Hachinohe, 2, JPHHE",KRPUS,YMLU,YML,51625,DRY,1,10/27/2025,12/31/2025,11/5/2025 9:38,3450,3450,125.98,125.98,3575.98,3575.98,1
1186,USHOU,USHOU,JPHIJ,"Houston, TX, USHOU","Houston, TX, USHOU","Hiroshima, 34, JPHIJ",JPHIJ,ONEY,ONE,CHIM354B25,DRY,1,10/1/2025,12/31/2025,11/5/2025 9:38,1374,1374,324.73,324.73,1698.73,1698.73,1
1187,USHOU,USLAX,JPHIJ,"Houston, TX, USHOU",LALB,"Hiroshima, 34, JPHIJ",JPUKB,ONEY,ONE,CHIM354B25,DRY,1,10/1/2025,12/31/2025,11/5/2025 9:38,1951,1951,324.73,324.73,2275.73,2275.73,1
1188,USHOU,USLAX,JPHIJ,"Houston, TX, USHOU",LALB,"Hiroshima, 34, JPHIJ",KRPUS,YMLU,YML,51625,DRY,1,10/27/2025,12/31/2025,11/5/2025 9:38,2260,2260,125.98,125.98,2385.98,2385.98,1
1189,USHOU,USLAX,JPHKD,"Houston, TX, USHOU",LALB,"Hakodate, 1, JPHKD",KRPUS,YMLU,YML,51625,DRY,1,10/27/2025,12/31/2025,11/5/2025 9:38,2900,2900,125.98,125.98,3025.98,3025.98,1
1190,USHOU,USLAX,JPHMD,"Houston, TX, USHOU",LALB,"Hamada, 32, JPHMD",KRPUS,YMLU,YML,51625,DRY,1,10/27/2025,12/31/2025,11/5/2025 9:38,3170,3170,125.98,125.98,3295.98,3295.98,1
1191,USHOU,USHOU,JPHSM,"Houston, TX, USHOU","Houston, TX, USHOU","Hososhima, 45, JPHSM",JPHSM,ONEY,ONE,CHIM354B25,DRY,1,10/1/2025,12/31/2025,11/5/2025 9:38,1374,1374,342.26,342.26,1716.26,1716.26,1
1192,USHOU,USHOU,JPHTD,"Houston, TX, USHOU","Houston, TX, USHOU","Hakata, 38, JPHTD",HAKATA,EGLV,EMC,SC103574,DRY,,10/1/2025,12/31/2025,11/5/2025 9:38,900,900,311.74,311.74,1211.74,1211.74,1
1193,USHOU,USLAX,JPHTD,"Houston, TX, USHOU",LALB,"Hakata, 38, JPHTD",JPHTD,OOLU,OOCL,MT256104,DRY,2,10/20/2025,12/31/2025,11/5/2025 9:38,1849,1849,318.23,318.23,2167.23,2167.23,1
1194,USHOU,USLGB,JPHTD,"Houston, TX, USHOU",LALB,"Hakata, 38, JPHTD",JPHTD,OOLU,OOCL,MT256104,DRY,2,10/20/2025,12/31/2025,11/5/2025 9:38,1849,1849,318.23,318.23,2167.23,2167.23,1
1195,USHOU,USLAX,JPIMB,"Houston, TX, USHOU",LALB,"Imabari, 38, JPIMB",KRPUS,YMLU,YML,51625,DRY,1,10/27/2025,12/31/2025,11/5/2025 9:38,2710,2710,125.98,125.98,2835.98,2835.98,1
1196,USHOU,USHOU,JPIMI,"Houston, TX, USHOU","Houston, TX, USHOU","Imari, 41, JPIMI",CNSHG,YMLU,YML,51625,DRY,1,10/27/2025,12/31/2025,11/5/2025 9:38,1420,1420,224.8,224.8,1644.8,1644.8,1
1197,USHOU,USLAX,JPISI,"Houston, TX, USHOU",LALB,"Ishikari, 1, JPISI",KRPUS,YMLU,YML,51625,DRY,1,10/27/2025,12/31/2025,11/5/2025 9:38,3030,3030,125.98,125.98,3155.98,3155.98,1
1198,USHOU,USLAX,JPIWK,"Houston, TX, USHOU",LALB,"Iwakuni, 35, JPIWK",KRPUS,YMLU,YML,51625,DRY,1,10/27/2025,12/31/2025,11/5/2025 9:38,2910,2910,125.98,125.98,3035.98,3035.98,1
1199,USHOU,USHOU,JPIYM,"Houston, TX, USHOU","Houston, TX, USHOU","Iyomishima, 38, JPIYM",CNSHG,YMLU,YML,51625,DRY,1,10/27/2025,12/31/2025,11/5/2025 9:38,1250,1250,224.8,224.8,1474.8,1474.8,1
1200,USHOU,USHOU,JPIYM,"Houston, TX, USHOU","Houston, TX, USHOU","Iyomishima, 38, JPIYM",JPIYM,ONEY,ONE,CHIM354B25,DRY,1,10/1/2025,12/31/2025,11/5/2025 9:38,1814,1814,342.26,342.26,2156.26,2156.26,1
1201,USHOU,USHOU,JPKCZ,"Houston, TX, USHOU","Houston, TX, USHOU","Kochi, 39, JPKCZ",JPKCZ,ONEY,ONE,CHIM354B25,DRY,1,10/1/2025,12/31/2025,11/5/2025 9:38,1954,1954,342.26,342.26,2296.26,2296.26,1
1202,USHOU,USHOU,JPKIJ,"Houston, TX, USHOU","Houston, TX, USHOU","Niigata, 15, JPKIJ",JPKIJ,ONEY,ONE,CHIM354B25,DRY,1,10/1/2025,12/31/2025,11/5/2025 9:38,1714,1714,342.26,342.26,2056.26,2056.26,1
1203,USHOU,USLAX,JPKMJ,"Houston, TX, USHOU",LALB,"Kumamoto, 43, JPKMJ",KRPUS,YMLU,YML,51625,DRY,1,10/27/2025,12/31/2025,11/5/2025 9:38,2600,2600,125.98,125.98,2725.98,2725.98,1
1204,USHOU,USLAX,JPKNZ,"Houston, TX, USHOU",LALB,"Kanazawa, 17, JPKNZ",KRPUS,YMLU,YML,51625,DRY,1,10/27/2025,12/31/2025,11/5/2025 9:38,2840,2840,125.98,125.98,2965.98,2965.98,1
1205,USHOU,USLAX,JPKST,"Houston, TX, USHOU",LALB,"Kisakata, 5, JPKST",KRPUS,YMLU,YML,51625,DRY,1,10/27/2025,12/31/2025,11/5/2025 9:38,3030,3030,125.98,125.98,3155.98,3155.98,1
1206,USHOU,USLAX,JPKUH,"Houston, TX, USHOU",LALB,"Kushiro, 1, JPKUH",KRPUS,YMLU,YML,51625,DRY,1,10/27/2025,12/31/2025,11/5/2025 9:38,3255,3255,125.98,125.98,3380.98,3380.98,1
1207,USHOU,USHOU,JPKWS,"Houston, TX, USHOU","Houston, TX, USHOU","Kawasaki, 14, JPKWS",JPKWS,ONEY,ONE,CHIM354B25,DRY,1,10/1/2025,12/31/2025,11/5/2025 9:38,1074,1074,17.54,17.54,1091.54,1091.54,1
1208,USHOU,USLAX,JPMII,"Houston, TX, USHOU",LALB,"Miike, Fukuoka, 40, JPMII",KRPUS,YMLU,YML,51625,DRY,1,10/27/2025,12/31/2025,11/5/2025 9:38,2970,2970,125.98,125.98,3095.98,3095.98,1
1209,USHOU,USHOU,JPMIZ,"Houston, TX, USHOU","Houston, TX, USHOU","Mizushima, 33, JPMIZ",CNNBG,YMLU,YML,51625,DRY,1,10/27/2025,12/31/2025,11/5/2025 9:38,1120,1120,224.8,224.8,1344.8,1344.8,1
1210,USHOU,USHOU,JPMOJ,"Houston, TX, USHOU","Houston, TX, USHOU","Moji/Kitakyushu, 40, JPMOJ",JPMOJ,MAEU,Maersk,300094432,DRY,0,10/16/2025,3/31/2026,10/22/2025 19:06,1314,1314,0,0,1314,1314,1
1211,USHOU,USHOU,JPMOJ,"Houston, TX, USHOU","Houston, TX, USHOU","Moji/Kitakyushu, 40, JPMOJ",JPMOJ,ONEY,ONE,CHIM354B25,DRY,1,10/1/2025,12/31/2025,11/5/2025 9:38,1414,1414,342.26,342.26,1756.26,1756.26,1
1212,USHOU,USLGB,JPMOJ,"Houston, TX, USHOU",LALB,"Moji/Kitakyushu, 40, JPMOJ",JPMOJ,OOLU,OOCL,MT256104,DRY,2,10/20/2025,12/31/2025,11/5/2025 9:38,1424,1424,0,0,1424,1424,1
1213,USHOU,USLAX,JPMOJ,"Houston, TX, USHOU",LALB,"Moji/Kitakyushu, 40, JPMOJ",JPMOJ,OOLU,OOCL,MT256104,DRY,2,10/20/2025,12/31/2025,11/5/2025 9:38,1424,1424,0,0,1424,1424,1
1214,USHOU,USLAX,JPMOJ,"Houston, TX, USHOU",LALB,"Moji/Kitakyushu, 40, JPMOJ",JPUKB,ONEY,ONE,CHIM354B25,DRY,1,10/1/2025,12/31/2025,11/5/2025 9:38,2451,2451,342.26,342.26,2793.26,2793.26,1
1215,USHOU,USLAX,JPMYJ,"Houston, TX, USHOU",LALB,"Matsuyama, 38, JPMYJ",JPMYJ,ONEY,ONE,CHIM354B25,DRY,1,10/1/2025,12/31/2025,11/5/2025 9:38,2126,2126,342.26,342.26,2468.26,2468.26,1
1216,USHOU,USHOU,JPNAH,"Houston, TX, USHOU","Houston, TX, USHOU","Naha, Okinawa, 47, JPNAH",TWKHH,YMLU,YML,51625,DRY,1,10/27/2025,12/31/2025,11/5/2025 9:38,1230,1230,227.3,227.3,1457.3,1457.3,1
1217,USHOU,USHOU,JPNAO,"Houston, TX, USHOU","Houston, TX, USHOU","Naoetsu, 15, JPNAO",JPNAO,ONEY,ONE,CHIM354B25,DRY,1,10/1/2025,12/31/2025,11/5/2025 9:38,2024,2024,342.26,342.26,2366.26,2366.26,1
1218,USHOU,USLAX,JPNAO,"Houston, TX, USHOU",LALB,"Naoetsu, 15, JPNAO",KRPUS,YMLU,YML,51625,DRY,1,10/27/2025,12/31/2025,11/5/2025 9:38,3050,3050,125.98,125.98,3175.98,3175.98,1
1219,USHOU,USHOU,JPNGO,"Houston, TX, USHOU","Houston, TX, USHOU","Nagoya, Aichi, 23, JPNGO",NAGOYA,EGLV,EMC,SC103574,DRY,,10/1/2025,12/31/2025,11/5/2025 9:38,900,900,311.74,311.74,1211.74,1211.74,1
1220,USHOU,USHOU,JPNGO,"Houston, TX, USHOU","Houston, TX, USHOU","Nagoya, Aichi, 23, JPNGO",JPNGO,ONEY,ONE,CHIM354B25,DRY,1,10/1/2025,12/31/2025,11/5/2025 9:38,1074,1074,342.26,342.26,1416.26,1416.26,1
1221,USHOU,USLAX,JPNGO,"Houston, TX, USHOU",LALB,"Nagoya, Aichi, 23, JPNGO",JPNGO,YMLU,YML,51625,DRY,1,10/27/2025,12/31/2025,11/5/2025 9:38,1100,1100,321.48,321.48,1421.48,1421.48,1
1222,USHOU,USLAX,JPNGO,"Houston, TX, USHOU",LALB,"Nagoya, Aichi, 23, JPNGO",JPNGO,OOLU,OOCL,MT256104,DRY,2,10/20/2025,12/31/2025,11/5/2025 9:38,1194,1194,318.23,318.23,1512.23,1512.23,1
1223,USHOU,USLGB,JPNGO,"Houston, TX, USHOU",LALB,"Nagoya, Aichi, 23, JPNGO",JPNGO,OOLU,OOCL,MT256104,DRY,2,10/20/2025,12/31/2025,11/5/2025 9:38,1194,1194,318.23,318.23,1512.23,1512.23,1
1224,USHOU,USHOU,JPNGO,"Houston, TX, USHOU","Houston, TX, USHOU","Nagoya, Aichi, 23, JPNGO",JPNGO,MAEU,Maersk,300094432,DRY,0,10/16/2025,3/31/2026,10/22/2025 19:06,1220,1220,0,0,1220,1220,1
1225,USHOU,USLAX,JPNGO,"Houston, TX, USHOU",LALB,"Nagoya, Aichi, 23, JPNGO",SGSIN,YMLU,YML,51625,DRY,1,10/27/2025,12/31/2025,11/5/2025 9:38,1275,1275,268.95,268.95,1543.95,1543.95,1
1226,USHOU,USLAX,JPNGO,"Houston, TX, USHOU",LALB,"Nagoya, Aichi, 23, JPNGO",JPNGO,ONEY,ONE,CHIM354B25,DRY,1,10/1/2025,12/31/2025,11/5/2025 9:38,1776,1776,342.26,342.26,2118.26,2118.26,1
1227,USHOU,USLAX,JPNKO,"Houston, TX, USHOU",LALB,"Nanko, 27, JPNKO",JPUKB,YMLU,YML,51625,DRY,1,10/27/2025,12/31/2025,11/5/2025 9:38,1620,1620,321.48,321.48,1941.48,1941.48,1
1228,USHOU,USLAX,JPOIT,"Houston, TX, USHOU",LALB,"Oita, 44, JPOIT",KRPUS,YMLU,YML,51625,DRY,1,10/27/2025,12/31/2025,11/5/2025 9:38,2670,2670,125.98,125.98,2795.98,2795.98,1
1229,USHOU,USLAX,JPONA,"Houston, TX, USHOU",LALB,"Onahama, 7, JPONA",KRPUS,YMLU,YML,51625,DRY,1,10/27/2025,12/31/2025,11/5/2025 9:38,3190,3190,125.98,125.98,3315.98,3315.98,1
1230,USHOU,USHOU,JPOSA,"Houston, TX, USHOU","Houston, TX, USHOU","Osaka, 27, JPOSA",OSAKA,EGLV,EMC,SC103574,DRY,,10/1/2025,12/31/2025,11/5/2025 9:38,900,900,311.74,311.74,1211.74,1211.74,1
1231,USHOU,USHOU,JPOSA,"Houston, TX, USHOU","Houston, TX, USHOU","Osaka, 27, JPOSA","Kobe, JP",MAEU,Maersk,300094432,DRY,0,10/16/2025,3/31/2026,10/22/2025 19:06,1010,1010,0,0,1010,1010,1
1232,USHOU,USHOU,JPOSA,"Houston, TX, USHOU","Houston, TX, USHOU","Osaka, 27, JPOSA",JPOSA,ONEY,ONE,CHIM354B25,DRY,1,10/1/2025,12/31/2025,11/5/2025 9:38,1074,1074,342.26,342.26,1416.26,1416.26,1
1233,USHOU,USLAX,JPOSA,"Houston, TX, USHOU",LALB,"Osaka, 27, JPOSA",JPOSA,OOLU,OOCL,MT256104,DRY,2,10/20/2025,12/31/2025,11/5/2025 9:38,1319,1319,318.23,318.23,1637.23,1637.23,1
1234,USHOU,USLGB,JPOSA,"Houston, TX, USHOU",LALB,"Osaka, 27, JPOSA",JPOSA,OOLU,OOCL,MT256104,DRY,2,10/20/2025,12/31/2025,11/5/2025 9:38,1319,1319,318.23,318.23,1637.23,1637.23,1
1235,USHOU,USLAX,JPOSA,"Houston, TX, USHOU",LALB,"Osaka, 27, JPOSA",JPUKB,YMLU,YML,51625,DRY,1,10/27/2025,12/31/2025,11/5/2025 9:38,1380,1380,321.48,321.48,1701.48,1701.48,1
1236,USHOU,USLAX,JPOSA,"Houston, TX, USHOU",LALB,"Osaka, 27, JPOSA",JPUKB,ONEY,ONE,CHIM354B25,DRY,1,10/1/2025,12/31/2025,11/5/2025 9:38,1776,1776,342.26,342.26,2118.26,2118.26,1
1237,USHOU,USLAX,JPOTK,"Houston, TX, USHOU",LALB,"Otake, 34, JPOTK",KRPUS,YMLU,YML,51625,DRY,1,10/27/2025,12/31/2025,11/5/2025 9:38,3050,3050,125.98,125.98,3175.98,3175.98,1
1238,USHOU,USHOU,JPSBS,"Houston, TX, USHOU","Houston, TX, USHOU","Shibushi, 46, JPSBS",JPSBS,ONEY,ONE,CHIM354B25,DRY,1,10/1/2025,12/31/2025,11/5/2025 9:38,1814,1814,342.26,342.26,2156.26,2156.26,1
1239,USHOU,USHOU,JPSDJ,"Houston, TX, USHOU","Houston, TX, USHOU","Sendai, Miyagi, 4, JPSDJ",JPSDJ,ONEY,ONE,CHIM354B25,DRY,1,10/1/2025,12/31/2025,11/5/2025 9:38,1744,1744,342.26,342.26,2086.26,2086.26,1
1240,USHOU,USLAX,JPSDJ,"Houston, TX, USHOU",LALB,"Sendai, Miyagi, 4, JPSDJ",KRPUS,YMLU,YML,51625,DRY,1,10/27/2025,12/31/2025,11/5/2025 9:38,3200,3200,125.98,125.98,3325.98,3325.98,1
1241,USHOU,USLAX,JPSEB,"Houston, TX, USHOU",LALB,"Seibu, 13, JPSEB",JPNGO,YMLU,YML,51625,DRY,1,10/27/2025,12/31/2025,11/5/2025 9:38,1420,1420,321.48,321.48,1741.48,1741.48,1
1242,USHOU,USLAX,JPSEN,"Houston, TX, USHOU",LALB,"Satsumasendai, 46, JPSEN",KRPUS,YMLU,YML,51625,DRY,1,10/27/2025,12/31/2025,11/5/2025 9:38,3080,3080,125.98,125.98,3205.98,3205.98,1
1243,USHOU,USLAX,JPSHS,"Houston, TX, USHOU",LALB,"Shimonoseki, 35, JPSHS",KRPUS,YMLU,YML,51625,DRY,1,10/27/2025,12/31/2025,11/5/2025 9:38,2920,2920,125.98,125.98,3045.98,3045.98,1
1244,USHOU,USHOU,JPSMN,"Houston, TX, USHOU","Houston, TX, USHOU","Sakaiminato, 31, JPSMN",JPSMN,ONEY,ONE,CHIM354B25,DRY,1,10/1/2025,12/31/2025,11/5/2025 9:38,2054,2054,0,0,2054,2054,1
1245,USHOU,USHOU,JPSMZ,"Houston, TX, USHOU","Houston, TX, USHOU","Shimizu, 22, JPSMZ",JPSMZ,ONEY,ONE,CHIM354B25,DRY,1,10/1/2025,12/31/2025,11/5/2025 9:38,914,914,342.26,342.26,1256.26,1256.26,1
1246,USHOU,USLAX,JPSMZ,"Houston, TX, USHOU",LALB,"Shimizu, 22, JPSMZ",JPSMZ,YMLU,YML,51625,DRY,1,10/27/2025,12/31/2025,11/5/2025 9:38,1100,1100,321.48,321.48,1421.48,1421.48,1
1247,USHOU,USLAX,JPSMZ,"Houston, TX, USHOU",LALB,"Shimizu, 22, JPSMZ",JPSMZ,OOLU,OOCL,MT256104,DRY,2,10/20/2025,12/31/2025,11/5/2025 9:38,1194,1194,0,0,1194,1194,1
1248,USHOU,USLGB,JPSMZ,"Houston, TX, USHOU",LALB,"Shimizu, 22, JPSMZ",JPSMZ,OOLU,OOCL,MT256104,DRY,2,10/20/2025,12/31/2025,11/5/2025 9:38,1194,1194,0,0,1194,1194,1
1249,USHOU,USLAX,JPTAK,"Houston, TX, USHOU",LALB,"Takamatsu, 37, JPTAK",KRPUS,YMLU,YML,51625,DRY,1,10/27/2025,12/31/2025,11/5/2025 9:38,2970,2970,125.98,125.98,3095.98,3095.98,1
1250,USHOU,USLAX,JPTHS,"Houston, TX, USHOU",LALB,"Toyohashi, 23, JPTHS",KRPUS,YMLU,YML,51625,DRY,1,10/27/2025,12/31/2025,11/5/2025 9:38,2060,2060,125.98,125.98,2185.98,2185.98,1
1251,USHOU,USHOU,JPTKS,"Houston, TX, USHOU","Houston, TX, USHOU","Tokushima, 36, JPTKS",JPTKS,ONEY,ONE,CHIM354B25,DRY,1,10/1/2025,12/31/2025,11/5/2025 9:38,2414,2414,342.26,342.26,2756.26,2756.26,1
1252,USHOU,USLAX,JPTKS,"Houston, TX, USHOU",LALB,"Tokushima, 36, JPTKS",KRPUS,YMLU,YML,51625,DRY,1,10/27/2025,12/31/2025,11/5/2025 9:38,2950,2950,125.98,125.98,3075.98,3075.98,1
1253,USHOU,USLAX,JPTKY,"Houston, TX, USHOU",LALB,"Tokuyama, 35, JPTKY",KRPUS,YMLU,YML,51625,DRY,1,10/27/2025,12/31/2025,11/5/2025 9:38,2740,2740,125.98,125.98,2865.98,2865.98,1
1254,USHOU,USHOU,JPTMK,"Houston, TX, USHOU","Houston, TX, USHOU","Tomakomai, 1, JPTMK",JPTMK,ONEY,ONE,CHIM354B25,DRY,1,10/1/2025,12/31/2025,11/5/2025 9:38,2214,2214,342.26,342.26,2556.26,2556.26,1
1255,USHOU,USLAX,JPTMK,"Houston, TX, USHOU",LALB,"Tomakomai, 1, JPTMK",KRPUS,YMLU,YML,51625,DRY,1,10/27/2025,12/31/2025,11/5/2025 9:38,2675,2675,125.98,125.98,2800.98,2800.98,1
1256,USHOU,USLAX,JPTOY,"Houston, TX, USHOU",LALB,"Toyama, 16, JPTOY",KRPUS,YMLU,YML,51625,DRY,1,10/27/2025,12/31/2025,11/5/2025 9:38,2890,2890,125.98,125.98,3015.98,3015.98,1
1257,USHOU,USLAX,JPTRG,"Houston, TX, USHOU",LALB,"Tsuruga, 18, JPTRG",KRPUS,YMLU,YML,51625,DRY,1,10/27/2025,12/31/2025,11/5/2025 9:38,2810,2810,125.98,125.98,2935.98,2935.98,1
1258,USHOU,USHOU,JPTYO,"Houston, TX, USHOU","Houston, TX, USHOU","Tokyo, 13, JPTYO",JPTYO,ONEY,ONE,CHIM354B25,DRY,1,10/1/2025,12/31/2025,11/5/2025 9:38,1074,1074,342.26,342.26,1416.26,1416.26,1
1259,USHOU,USLAX,JPTYO,"Houston, TX, USHOU",LALB,"Tokyo, 13, JPTYO",JPTYO,YMLU,YML,51625,DRY,1,10/27/2025,12/31/2025,11/5/2025 9:38,1100,1100,321.48,321.48,1421.48,1421.48,1
1260,USHOU,USLGB,JPTYO,"Houston, TX, USHOU",LALB,"Tokyo, 13, JPTYO",JPTYO,OOLU,OOCL,MT256104,DRY,2,10/20/2025,12/31/2025,11/5/2025 9:38,1194,1194,318.23,318.23,1512.23,1512.23,1
1261,USHOU,USLAX,JPTYO,"Houston, TX, USHOU",LALB,"Tokyo, 13, JPTYO",JPTYO,OOLU,OOCL,MT256104,DRY,2,10/20/2025,12/31/2025,11/5/2025 9:38,1194,1194,318.23,318.23,1512.23,1512.23,1
1262,USHOU,USHOU,JPTYO,"Houston, TX, USHOU","Houston, TX, USHOU","Tokyo, 13, JPTYO",JPTYO,MAEU,Maersk,300094432,DRY,0,10/16/2025,3/31/2026,10/22/2025 19:06,1220,1220,0,0,1220,1220,1
1263,USHOU,USLAX,JPTYO,"Houston, TX, USHOU",LALB,"Tokyo, 13, JPTYO",SGSIN,YMLU,YML,51625,DRY,1,10/27/2025,12/31/2025,11/5/2025 9:38,1275,1275,268.95,268.95,1543.95,1543.95,1
1264,USHOU,USLAX,JPTYO,"Houston, TX, USHOU",LALB,"Tokyo, 13, JPTYO",JPTYO,ONEY,ONE,CHIM354B25,DRY,1,10/1/2025,12/31/2025,11/5/2025 9:38,1776,1776,342.26,342.26,2118.26,2118.26,1
1265,USHOU,USHOU,JPUKB,"Houston, TX, USHOU","Houston, TX, USHOU","Kobe, 28, JPUKB",KOBE,EGLV,EMC,SC103574,DRY,,10/1/2025,12/31/2025,11/5/2025 9:38,900,900,311.74,311.74,1211.74,1211.74,1
1266,USHOU,USHOU,JPUKB,"Houston, TX, USHOU","Houston, TX, USHOU","Kobe, 28, JPUKB",JPUKB,MAEU,Maersk,300094432,DRY,0,10/16/2025,3/31/2026,10/22/2025 19:06,1055,1055,0,0,1055,1055,1
1267,USHOU,USHOU,JPUKB,"Houston, TX, USHOU","Houston, TX, USHOU","Kobe, 28, JPUKB",JPUKB,ONEY,ONE,CHIM354B25,DRY,1,10/1/2025,12/31/2025,11/5/2025 9:38,1074,1074,342.26,342.26,1416.26,1416.26,1
1268,USHOU,USLAX,JPUKB,"Houston, TX, USHOU",LALB,"Kobe, 28, JPUKB",JPUKB,YMLU,YML,51625,DRY,1,10/27/2025,12/31/2025,11/5/2025 9:38,1100,1100,321.48,321.48,1421.48,1421.48,1
1269,USHOU,USLGB,JPUKB,"Houston, TX, USHOU",LALB,"Kobe, 28, JPUKB",JPUKB,OOLU,OOCL,MT256104,DRY,2,10/20/2025,12/31/2025,11/5/2025 9:38,1194,1194,318.23,318.23,1512.23,1512.23,1
1270,USHOU,USLAX,JPUKB,"Houston, TX, USHOU",LALB,"Kobe, 28, JPUKB",JPUKB,OOLU,OOCL,MT256104,DRY,2,10/20/2025,12/31/2025,11/5/2025 9:38,1194,1194,318.23,318.23,1512.23,1512.23,1
1271,USHOU,USLAX,JPUKB,"Houston, TX, USHOU",LALB,"Kobe, 28, JPUKB",SGSIN,YMLU,YML,51625,DRY,1,10/27/2025,12/31/2025,11/5/2025 9:38,1275,1275,268.95,268.95,1543.95,1543.95,1
1272,USHOU,USLAX,JPUKB,"Houston, TX, USHOU",LALB,"Kobe, 28, JPUKB",JPUKB,ONEY,ONE,CHIM354B25,DRY,1,10/1/2025,12/31/2025,11/5/2025 9:38,1776,1776,342.26,342.26,2118.26,2118.26,1
1273,USHOU,USHOU,JPYKK,"Houston, TX, USHOU","Houston, TX, USHOU","Yokkaichi, 24, JPYKK","Nagoya, JP",MAEU,Maersk,300094432,DRY,0,10/16/2025,3/31/2026,10/22/2025 19:06,1523.64,1523.64,0,0,1523.64,1523.64,1
1274,USHOU,USLAX,JPYKK,"Houston, TX, USHOU",LALB,"Yokkaichi, 24, JPYKK",KRPUS,YMLU,YML,51625,DRY,1,10/27/2025,12/31/2025,11/5/2025 9:38,3000,3000,125.98,125.98,3125.98,3125.98,1
1275,USHOU,USHOU,JPYOK,"Houston, TX, USHOU","Houston, TX, USHOU","Yokohama, 14, JPYOK",JPYOK,ONEY,ONE,CHIM354B25,DRY,1,10/1/2025,12/31/2025,11/5/2025 9:38,914,914,342.26,342.26,1256.26,1256.26,1
1276,USHOU,USLGB,JPYOK,"Houston, TX, USHOU",LALB,"Yokohama, 14, JPYOK",JPYOK,OOLU,OOCL,MT256104,DRY,2,10/20/2025,12/31/2025,11/5/2025 9:38,1319,1319,318.23,318.23,1637.23,1637.23,1
1277,USHOU,USLAX,JPYOK,"Houston, TX, USHOU",LALB,"Yokohama, 14, JPYOK",JPYOK,OOLU,OOCL,MT256104,DRY,2,10/20/2025,12/31/2025,11/5/2025 9:38,1319,1319,318.23,318.23,1637.23,1637.23,1
1278,USHOU,USLAX,KRDDC,"Houston, TX, USHOU",LALB,"Dongducheon, 41, KRDDC",KRPUS,YMLU,YML,51625,DRY,1,10/27/2025,12/31/2025,11/5/2025 9:38,1925,1925,125.98,125.98,2050.98,2050.98,1
1279,USHOU,USLAX,KRINC,"Houston, TX, USHOU",LALB,"Incheon, 28, KRINC",KRINC,YMLU,YML,51625,DRY,1,10/27/2025,12/31/2025,11/5/2025 9:38,1100,1100,125.98,125.98,1225.98,1225.98,1
1280,USHOU,USLAX,KRINC,"Houston, TX, USHOU",LALB,"Incheon, 28, KRINC",KRKWA,YMLU,YML,51625,DRY,1,10/27/2025,12/31/2025,11/5/2025 9:38,1385,1385,125.98,125.98,1510.98,1510.98,1
1281,USHOU,USLAX,KRINC,"Houston, TX, USHOU",LALB,"Incheon, 28, KRINC",KRPUS,YMLU,YML,51625,DRY,1,10/27/2025,12/31/2025,11/5/2025 9:38,1905,1905,125.98,125.98,2030.98,2030.98,1
1282,USHOU,USLAX,KRINC,"Houston, TX, USHOU",LALB,"Incheon, 28, KRINC",KRKWA,YMLU,YML,51625,DRY,1,10/27/2025,12/31/2025,11/5/2025 9:38,1905,1905,125.98,125.98,2030.98,2030.98,1
1283,USHOU,USHOU,KRKAN,"Houston, TX, USHOU","Houston, TX, USHOU","Gwangyang, 46, KRKAN",KRKAN,MAEU,Maersk,300094432,DRY,0,10/16/2025,3/31/2026,10/22/2025 19:06,742,742,0,0,742,742,1
1284,USHOU,USHOU,KRKAN,"Houston, TX, USHOU","Houston, TX, USHOU","Gwangyang, 46, KRKAN",KRKAN,ONEY,ONE,CHIM354B25,DRY,1,10/1/2025,12/31/2025,11/5/2025 9:38,764,764,171.43,171.42,935.43,935.42,1
1285,USHOU,USLAX,KRKAN,"Houston, TX, USHOU",LALB,"Gwangyang, 46, KRKAN",KRKAN,ONEY,ONE,CHIM354B25,DRY,1,10/1/2025,12/31/2025,11/5/2025 9:38,2226,2226,171.43,171.42,2397.43,2397.42,1
1286,USHOU,USLAX,KRKWA,"Houston, TX, USHOU",LALB,"Kwangyang, 49, KRKWA",KRKWA,YMLU,YML,51625,DRY,1,10/27/2025,12/31/2025,11/5/2025 9:38,1100,1100,125.98,125.98,1225.98,1225.98,1
1287,USHOU,USLAX,KRKWA,"Houston, TX, USHOU",LALB,"Kwangyang, 49, KRKWA",KRPUS,YMLU,YML,51625,DRY,1,10/27/2025,12/31/2025,11/5/2025 9:38,1375,1375,125.98,125.98,1500.98,1500.98,1
1288,USHOU,USLAX,KRPOC,"Houston, TX, USHOU",LALB,"Pocheon, 41, KRPOC",KRPUS,YMLU,YML,51625,DRY,1,10/27/2025,12/31/2025,11/5/2025 9:38,1935,1935,125.98,125.98,2060.98,2060.98,1
1289,USHOU,USHOU,KRPUS,"Houston, TX, USHOU","Houston, TX, USHOU","Busan, 26, KRPUS",KRPUS,OOLU,OOCL,MT256104,DRY,2,10/20/2025,12/31/2025,11/5/2025 9:38,397,397,132.98,132.98,529.98,529.98,1
1290,USHOU,USHOU,KRPUS,"Houston, TX, USHOU","Houston, TX, USHOU","Busan, 26, KRPUS",KRPUS,YMLU,YML,51625,DRY,1,10/27/2025,12/31/2025,11/5/2025 9:38,600,600,125.98,125.98,725.98,725.98,1
1291,USHOU,USHOU,KRPUS,"Houston, TX, USHOU","Houston, TX, USHOU","Busan, 26, KRPUS",KRPUS,MAEU,Maersk,300094432,DRY,0,10/16/2025,3/31/2026,10/22/2025 19:06,667,667,0,0,667,667,1
1292,USHOU,USHOU,KRPUS,"Houston, TX, USHOU","Houston, TX, USHOU","Busan, 26, KRPUS",KRPUS,ONEY,ONE,CHIM354B25,DRY,1,10/1/2025,12/31/2025,11/5/2025 9:38,674,674,175.71,175.7,849.71,849.7,1
1293,USHOU,USLGB,KRPUS,"Houston, TX, USHOU",LALB,"Busan, 26, KRPUS",KRPUS,OOLU,OOCL,MT256104,DRY,2,10/20/2025,12/31/2025,11/5/2025 9:38,1069,1069,132.98,132.98,1201.98,1201.98,1
1294,USHOU,USLAX,KRPUS,"Houston, TX, USHOU",LALB,"Busan, 26, KRPUS",KRPUS,OOLU,OOCL,MT256104,DRY,2,10/20/2025,12/31/2025,11/5/2025 9:38,1069,1069,132.98,132.98,1201.98,1201.98,1
1295,USHOU,USLAX,KRPUS,"Houston, TX, USHOU",LALB,"Busan, 26, KRPUS",KRPUS,YMLU,YML,51625,DRY,1,10/27/2025,12/31/2025,11/5/2025 9:38,1100,1100,125.98,125.98,1225.98,1225.98,1
1296,USHOU,USLAX,KRPUS,"Houston, TX, USHOU",LALB,"Busan, 26, KRPUS",SGSIN,YMLU,YML,51625,DRY,1,10/27/2025,12/31/2025,11/5/2025 9:38,1420,1420,268.95,268.95,1688.95,1688.95,1
1297,USHOU,USLAX,KRPUS,"Houston, TX, USHOU",LALB,"Busan, 26, KRPUS",KRPUS,ONEY,ONE,CHIM354B25,DRY,1,10/1/2025,12/31/2025,11/5/2025 9:38,2026,2026,175.71,175.7,2201.71,2201.7,1
1298,USHOU,USLAX,KRSEJ,"Houston, TX, USHOU",LALB,"Seongju-gun, 47, KRSEJ",KRPUS,YMLU,YML,51625,DRY,1,10/27/2025,12/31/2025,11/5/2025 9:38,1600,1600,125.98,125.98,1725.98,1725.98,1
1299,USHOU,USLAX,KRYSN,"Houston, TX, USHOU",LALB,"Yangsan, 48, KRYSN",KRPUS,YMLU,YML,51625,DRY,1,10/27/2025,12/31/2025,11/5/2025 9:38,1425,1425,125.98,125.98,1550.98,1550.98,1
1300,USHOU,USLAX,KRYYU,"Houston, TX, USHOU",LALB,"Yangju, 41, KRYYU",KRPUS,YMLU,YML,51625,DRY,1,10/27/2025,12/31/2025,11/5/2025 9:38,2005,2005,125.98,125.98,2130.98,2130.98,1
1301,USHOU,USLAX,LKCMB,"Houston, TX, USHOU",LALB,"Colombo, , LKCMB",LKCMB,ONEY,ONE,CHIM354B25,DRY,1,10/1/2025,12/31/2025,11/5/2025 9:38,2476,2476,0,0,2476,2476,1
1302,USHOU,USLAX,MYKCH,"Houston, TX, USHOU",LALB,"Kuching, Sarawak, , MYKCH",SGSIN,YMLU,YML,51625,DRY,1,10/27/2025,12/31/2025,11/5/2025 9:38,2065,2065,268.95,268.95,2333.95,2333.95,1
1303,USHOU,USHOU,MYPEN,"Houston, TX, USHOU","Houston, TX, USHOU","Penang, , MYPEN",MYPEN,MAEU,Maersk,300094432,DRY,0,10/16/2025,3/31/2026,10/22/2025 19:06,1087,1087,0,0,1087,1087,1
1304,USHOU,USHOU,MYPEN,"Houston, TX, USHOU","Houston, TX, USHOU","Penang, , MYPEN",CNSHG,YMLU,YML,51625,DRY,1,10/27/2025,12/31/2025,11/5/2025 9:38,1195,1195,224.8,224.8,1419.8,1419.8,1
1305,USHOU,USHOU,MYPEN,"Houston, TX, USHOU","Houston, TX, USHOU","Penang, , MYPEN",MYPEN,ONEY,ONE,CHIM354B25,DRY,1,10/1/2025,12/31/2025,11/5/2025 9:38,1514,1514,203.44,203.44,1717.44,1717.44,1
1306,USHOU,USLAX,MYPEN,"Houston, TX, USHOU",LALB,"Penang, , MYPEN",MYPEN,OOLU,OOCL,MT256104,DRY,2,10/20/2025,12/31/2025,11/5/2025 9:38,1649,1649,191.02,202.96,1840.02,1851.96,1
1307,USHOU,USLGB,MYPEN,"Houston, TX, USHOU",LALB,"Penang, , MYPEN",MYPEN,OOLU,OOCL,MT256104,DRY,2,10/20/2025,12/31/2025,11/5/2025 9:38,1649,1649,191.02,202.96,1840.02,1851.96,1
1308,USHOU,USLAX,MYPEN,"Houston, TX, USHOU",LALB,"Penang, , MYPEN",SGSIN,YMLU,YML,51625,DRY,1,10/27/2025,12/31/2025,11/5/2025 9:38,1845,1845,268.95,268.95,2113.95,2113.95,1
1309,USHOU,USHOU,MYPEN,"Houston, TX, USHOU","Houston, TX, USHOU","Penang, , MYPEN",MYPEN,OOLU,OOCL,MT256104,DRY,2,10/20/2025,12/31/2025,11/5/2025 9:38,1912,1912,191.02,202.96,2103.02,2114.96,1
1310,USHOU,USLAX,MYPEN,"Houston, TX, USHOU",LALB,"Penang, , MYPEN",MYPEN,ONEY,ONE,CHIM354B25,DRY,1,10/1/2025,12/31/2025,11/5/2025 9:38,2326,2326,203.44,203.44,2529.44,2529.44,1
1311,USHOU,USHOU,MYPGU,"Houston, TX, USHOU","Houston, TX, USHOU","Pasir Gudang, Johor, , MYPGU",CNSHG,YMLU,YML,51625,DRY,1,10/27/2025,12/31/2025,11/5/2025 9:38,1050,1050,224.8,224.8,1274.8,1274.8,1
1312,USHOU,USHOU,MYPGU,"Houston, TX, USHOU","Houston, TX, USHOU","Pasir Gudang, Johor, , MYPGU","Tanjung Pelepas, MY",MAEU,Maersk,300094432,DRY,0,10/16/2025,3/31/2026,10/22/2025 19:06,1087,1087,0,0,1087,1087,1
1313,USHOU,USHOU,MYPGU,"Houston, TX, USHOU","Houston, TX, USHOU","Pasir Gudang, Johor, , MYPGU",MYPGU,ONEY,ONE,CHIM354B25,DRY,1,10/1/2025,12/31/2025,11/5/2025 9:38,1514,1514,180.75,180.75,1694.75,1694.75,1
1314,USHOU,USLGB,MYPGU,"Houston, TX, USHOU",LALB,"Pasir Gudang, Johor, , MYPGU",MYPGU,OOLU,OOCL,MT256104,DRY,2,10/20/2025,12/31/2025,11/5/2025 9:38,1649,1649,162.37,162.37,1811.37,1811.37,1
1315,USHOU,USLAX,MYPGU,"Houston, TX, USHOU",LALB,"Pasir Gudang, Johor, , MYPGU",MYPGU,OOLU,OOCL,MT256104,DRY,2,10/20/2025,12/31/2025,11/5/2025 9:38,1649,1649,162.37,162.37,1811.37,1811.37,1
1316,USHOU,USLAX,MYPGU,"Houston, TX, USHOU",LALB,"Pasir Gudang, Johor, , MYPGU",SGSIN,YMLU,YML,51625,DRY,1,10/27/2025,12/31/2025,11/5/2025 9:38,1700,1700,268.95,268.95,1968.95,1968.95,1
1317,USHOU,USHOU,MYPGU,"Houston, TX, USHOU","Houston, TX, USHOU","Pasir Gudang, Johor, , MYPGU",MYPGU,OOLU,OOCL,MT256104,DRY,2,10/20/2025,12/31/2025,11/5/2025 9:38,1912,1912,162.37,162.37,2074.37,2074.37,1
1318,USHOU,USLAX,MYPGU,"Houston, TX, USHOU",LALB,"Pasir Gudang, Johor, , MYPGU",MYPGU,ONEY,ONE,CHIM354B25,DRY,1,10/1/2025,12/31/2025,11/5/2025 9:38,2326,2326,180.75,180.75,2506.75,2506.75,1
1319,USHOU,USHOU,MYPKG,"Houston, TX, USHOU","Houston, TX, USHOU","Port Klang, 10, MYPKG",MYPKG,OOLU,OOCL,MT256104,DRY,2,10/20/2025,12/31/2025,11/5/2025 9:38,722,722,280.08,280.08,1002.08,1002.08,1
1320,USHOU,USHOU,MYPKG,"Houston, TX, USHOU","Houston, TX, USHOU","Port Klang, 10, MYPKG",MYPKG,ONEY,ONE,CHIM354B25,DRY,1,10/1/2025,12/31/2025,11/5/2025 9:38,764,764,179.56,179.56,943.56,943.56,1
1321,USHOU,USHOU,MYPKG,"Houston, TX, USHOU","Houston, TX, USHOU","Port Klang, 10, MYPKG",CNNBG,YMLU,YML,51625,DRY,1,10/27/2025,12/31/2025,11/5/2025 9:38,860,860,224.8,224.8,1084.8,1084.8,1
1322,USHOU,USHOU,MYPKG,"Houston, TX, USHOU","Houston, TX, USHOU","Port Klang, 10, MYPKG",CNSHG,YMLU,YML,51625,DRY,1,10/27/2025,12/31/2025,11/5/2025 9:38,860,860,224.8,224.8,1084.8,1084.8,1
1323,USHOU,USHOU,MYPKG,"Houston, TX, USHOU","Houston, TX, USHOU","Port Klang, 10, MYPKG",MYPKG,MAEU,Maersk,300094432,DRY,0,10/16/2025,3/31/2026,10/22/2025 19:06,1006,1006,0,0,1006,1006,1
1324,USHOU,USHOU,MYPKG,"Houston, TX, USHOU","Houston, TX, USHOU","Port Klang, 10, MYPKG",CNSHG,YMLU,YML,51625,DRY,1,10/27/2025,12/31/2025,11/5/2025 9:38,1050,1050,224.8,224.8,1274.8,1274.8,1
1325,USHOU,USLGB,MYPKG,"Houston, TX, USHOU",LALB,"Port Klang, 10, MYPKG",MYPKG,OOLU,OOCL,MT256104,DRY,2,10/20/2025,12/31/2025,11/5/2025 9:38,1109,1109,280.08,280.08,1389.08,1389.08,1
1326,USHOU,USLAX,MYPKG,"Houston, TX, USHOU",LALB,"Port Klang, 10, MYPKG",MYPKG,OOLU,OOCL,MT256104,DRY,2,10/20/2025,12/31/2025,11/5/2025 9:38,1109,1109,280.08,280.08,1389.08,1389.08,1
1327,USHOU,USLAX,MYPKG,"Houston, TX, USHOU",LALB,"Port Klang, 10, MYPKG",SGSIN,YMLU,YML,51625,DRY,1,10/27/2025,12/31/2025,11/5/2025 9:38,1510,1510,268.95,268.95,1778.95,1778.95,1
1328,USHOU,USLAX,MYPKG,"Houston, TX, USHOU",LALB,"Port Klang, 10, MYPKG",SGSIN,YMLU,YML,51625,DRY,1,10/27/2025,12/31/2025,11/5/2025 9:38,1700,1700,268.95,268.95,1968.95,1968.95,1
1329,USHOU,USLAX,MYPKG,"Houston, TX, USHOU",LALB,"Port Klang, 10, MYPKG",MYPKG,ONEY,ONE,CHIM354B25,DRY,1,10/1/2025,12/31/2025,11/5/2025 9:38,2326,2326,179.56,179.56,2505.56,2505.56,1
1330,USHOU,USHOU,MYTPP,"Houston, TX, USHOU","Houston, TX, USHOU","Tanjung Pelepas, 1, MYTPP",MYTPP,MAEU,Maersk,300094432,DRY,0,10/16/2025,3/31/2026,10/22/2025 19:06,966,966,0,0,966,966,1
1331,USHOU,USHOU,NIMGA,"Houston, TX, USHOU","Houston, TX, USHOU","Managua, , NIMGA",NIMGA,ONEY,ONE,CHIM354B25,DRY,1,10/1/2025,12/31/2025,11/5/2025 9:38,3938,3938,405,405,4343,4343,1
1332,USHOU,USHOU,PAROD,"Houston, TX, USHOU","Houston, TX, USHOU","Rodman, 8, PAROD",PAROD,ONEY,ONE,CHIM354B25,DRY,1,10/1/2025,12/31/2025,11/5/2025 9:38,1388,1388,292,292,1680,1680,1
1333,USHOU,USHOU,PECLL,"Houston, TX, USHOU","Houston, TX, USHOU","Callao, , PECLL",PECLL,ONEY,ONE,CHIM354B25,DRY,1,10/1/2025,12/31/2025,11/5/2025 9:38,1358,1358,105,105,1463,1463,1
1334,USHOU,USHOU,PECLL,"Houston, TX, USHOU","Houston, TX, USHOU","Callao, , PECLL",PECLL,MSCU,MSC,25-348WCSA,DRY,0,11/3/2025,12/31/2025,11/5/2025 9:38,2571,2571,65,65,2636,2636,1
1335,USHOU,USHOU,PHCEB,"Houston, TX, USHOU","Houston, TX, USHOU","Cebu, , PHCEB",PHCEB,MAEU,Maersk,300094432,DRY,0,10/16/2025,3/31/2026,10/22/2025 19:06,1579,1579,0,0,1579,1579,1
1336,USHOU,USLAX,PHCEB,"Houston, TX, USHOU",LALB,"Cebu, , PHCEB",PHCEB,OOLU,OOCL,MT256104,DRY,2,10/20/2025,12/31/2025,11/5/2025 9:38,1654,1654,236,236,1890,1890,1
1337,USHOU,USLGB,PHCEB,"Houston, TX, USHOU",LALB,"Cebu, , PHCEB",PHCEB,OOLU,OOCL,MT256104,DRY,2,10/20/2025,12/31/2025,11/5/2025 9:38,1654,1654,236,236,1890,1890,1
1338,USHOU,USHOU,PHCEB,"Houston, TX, USHOU","Houston, TX, USHOU","Cebu, , PHCEB",TWKHH,YMLU,YML,51625,DRY,1,10/27/2025,12/31/2025,11/5/2025 9:38,1780,1780,227.3,227.3,2007.3,2007.3,1
1339,USHOU,USHOU,PHDVO,"Houston, TX, USHOU","Houston, TX, USHOU","Davao, Mindanao, , PHDVO",DAVAO,EGLV,EMC,SC103574,DRY,,10/1/2025,12/31/2025,11/5/2025 9:38,1200,1200,253,286,1453,1486,1
1340,USHOU,USHOU,PHDVO,"Houston, TX, USHOU","Houston, TX, USHOU","Davao, Mindanao, , PHDVO",CNSHG,YMLU,YML,51625,DRY,1,10/27/2025,12/31/2025,11/5/2025 9:38,1585,1585,224.8,224.8,1809.8,1809.8,1
1341,USHOU,USLAX,PHDVO,"Houston, TX, USHOU",LALB,"Davao, Mindanao, , PHDVO",SGSIN,YMLU,YML,51625,DRY,1,10/27/2025,12/31/2025,11/5/2025 9:38,2235,2235,268.95,268.95,2503.95,2503.95,1
1342,USHOU,USHOU,PHMNL,"Houston, TX, USHOU","Houston, TX, USHOU","Manila, , PHMNL",PHMNL,ONEY,ONE,CHIM354B25,DRY,1,10/1/2025,12/31/2025,11/5/2025 9:38,864,864,265,265,1129,1129,1
1343,USHOU,USHOU,PHMNL,"Houston, TX, USHOU","Houston, TX, USHOU","Manila, , PHMNL",TWKHH,YMLU,YML,51625,DRY,1,10/27/2025,12/31/2025,11/5/2025 9:38,900,900,227.3,227.3,1127.3,1127.3,1
1344,USHOU,USHOU,PHMNL,"Houston, TX, USHOU","Houston, TX, USHOU","Manila, , PHMNL",PHMNL,MAEU,Maersk,300094432,DRY,0,10/16/2025,3/31/2026,10/22/2025 19:06,1261,1261,0,0,1261,1261,1
1345,USHOU,USHOU,PHMNL,"Houston, TX, USHOU","Houston, TX, USHOU","Manila, , PHMNL",MANILA (NORTH PORT),EGLV,EMC,SC103574,DRY,,10/1/2025,12/31/2025,11/5/2025 9:38,1350,1350,230,260,1580,1610,1
1346,USHOU,USLGB,PHMNL,"Houston, TX, USHOU",LALB,"Manila, , PHMNL",PHMNL,OOLU,OOCL,MT256104,DRY,2,10/20/2025,12/31/2025,11/5/2025 9:38,1654,1654,236,236,1890,1890,1
1347,USHOU,USLAX,PHMNL,"Houston, TX, USHOU",LALB,"Manila, , PHMNL",PHMNL,OOLU,OOCL,MT256104,DRY,2,10/20/2025,12/31/2025,11/5/2025 9:38,1654,1654,236,236,1890,1890,1
1348,USHOU,USLAX,PHMNL,"Houston, TX, USHOU",LALB,"Manila, , PHMNL",PHMNL,ONEY,ONE,CHIM354B25,DRY,1,10/1/2025,12/31/2025,11/5/2025 9:38,2276,2276,265,265,2541,2541,1
1349,USHOU,USHOU,PHMNS,"Houston, TX, USHOU","Houston, TX, USHOU","Manila South Harbour, , PHMNS",MANILA SOUTH PORT,EGLV,EMC,SC103574,DRY,,10/1/2025,12/31/2025,11/5/2025 9:38,1350,1350,306,336,1656,1686,1
1350,USHOU,USHOU,PKBQM,"Houston, TX, USHOU","Houston, TX, USHOU","Port Qasim/Karachi, SD, PKBQM",PKBQM,MAEU,Maersk,300094432,DRY,0,10/16/2025,3/31/2026,10/22/2025 19:06,1829,1829,0,0,1829,1829,1
1351,USHOU,USHOU,PKKHI,"Houston, TX, USHOU","Houston, TX, USHOU","Karachi, SD, PKKHI",KARACHI,EGLV,EMC,SC103574,DRY,,10/1/2025,12/31/2025,11/5/2025 9:38,1700,1700,170,170,1870,1870,1
1352,USHOU,USHOU,PKKHI,"Houston, TX, USHOU","Houston, TX, USHOU","Karachi, SD, PKKHI","Keamari Karachi, PK",MAEU,Maersk,300094432,DRY,0,10/16/2025,3/31/2026,10/22/2025 19:06,1829,1829,0,0,1829,1829,1
1353,USHOU,USLAX,PKKHI,"Houston, TX, USHOU",LALB,"Karachi, SD, PKKHI",PKKHI,ONEY,ONE,CHIM354B25,DRY,1,10/1/2025,12/31/2025,11/5/2025 9:38,2976,2976,428,428,3404,3404,1
1354,USHOU,USHOU,PTLEI,"Houston, TX, USHOU","Houston, TX, USHOU","Leixoes, 13, PTLEI",PTLEI,ONEY,ONE,CHIM354B25,DRY,1,10/1/2025,12/31/2025,11/5/2025 9:38,1924,1924,345.67,345.67,2269.67,2269.67,1
1355,USHOU,USHOU,PTLEI,"Houston, TX, USHOU","Houston, TX, USHOU","Leixoes, 13, PTLEI",PTLEI,MAEU,Maersk,300094432,DRY,0,10/16/2025,3/31/2026,10/22/2025 19:06,2196,2196,0,0,2196,2196,1
1356,USHOU,USHOU,PTLIS,"Houston, TX, USHOU","Houston, TX, USHOU","Lisboa, 11, PTLIS",PTLIS,ONEY,ONE,CHIM354B25,DRY,1,10/1/2025,12/31/2025,11/5/2025 9:38,2004,2004,345.67,345.67,2349.67,2349.67,1
1357,USHOU,USHOU,SGSIN,"Houston, TX, USHOU","Houston, TX, USHOU","Singapore, , SGSIN",SGSIN,OOLU,OOCL,MT256104,DRY,2,10/20/2025,12/31/2025,11/5/2025 4:10,397,397,299.69,299.69,696.69,696.69,1
1358,USHOU,USHOU,SGSIN,"Houston, TX, USHOU","Houston, TX, USHOU","Singapore, , SGSIN",CNSHG,YMLU,YML,51625,DRY,1,10/27/2025,12/31/2025,11/5/2025 9:38,580,580,224.8,224.8,804.8,804.8,1
1359,USHOU,USHOU,SGSIN,"Houston, TX, USHOU","Houston, TX, USHOU","Singapore, , SGSIN",CNNBG,YMLU,YML,51625,DRY,1,10/27/2025,12/31/2025,11/5/2025 9:38,580,580,224.8,224.8,804.8,804.8,1
1360,USHOU,USHOU,SGSIN,"Houston, TX, USHOU","Houston, TX, USHOU","Singapore, , SGSIN",SGSIN,MAEU,Maersk,300094432,DRY,0,10/16/2025,3/31/2026,10/22/2025 19:06,1011,1011,0,0,1011,1011,1
1361,USHOU,USHOU,SGSIN,"Houston, TX, USHOU","Houston, TX, USHOU","Singapore, , SGSIN",SGSIN,ONEY,ONE,CHIM354B25,DRY,1,10/1/2025,12/31/2025,11/5/2025 9:38,1014,1014,339.65,339.65,1353.65,1353.65,1
1362,USHOU,USLAX,SGSIN,"Houston, TX, USHOU",LALB,"Singapore, , SGSIN",SGSIN,YMLU,YML,51625,DRY,1,10/27/2025,12/31/2025,11/5/2025 9:38,1100,1100,268.95,268.95,1368.95,1368.95,1
1363,USHOU,USLAX,SGSIN,"Houston, TX, USHOU",LALB,"Singapore, , SGSIN",SGSIN,OOLU,OOCL,MT256104,DRY,2,10/20/2025,12/31/2025,11/5/2025 4:10,1169,1169,299.69,299.69,1468.69,1468.69,1
1364,USHOU,USLGB,SGSIN,"Houston, TX, USHOU",LALB,"Singapore, , SGSIN",SGSIN,OOLU,OOCL,MT256104,DRY,2,10/20/2025,12/31/2025,11/5/2025 4:10,1169,1169,299.69,299.69,1468.69,1468.69,1
1365,USHOU,USHOU,THBKK,"Houston, TX, USHOU","Houston, TX, USHOU","Bangkok, , THBKK",CNSHG,YMLU,YML,51625,DRY,1,10/27/2025,12/31/2025,11/5/2025 9:38,700,700,224.8,224.8,924.8,924.8,1
1366,USHOU,USHOU,THBKK,"Houston, TX, USHOU","Houston, TX, USHOU","Bangkok, , THBKK",CNNBG,YMLU,YML,51625,DRY,1,10/27/2025,12/31/2025,11/5/2025 9:38,700,700,224.8,224.8,924.8,924.8,1
1367,USHOU,USHOU,THBKK,"Houston, TX, USHOU","Houston, TX, USHOU","Bangkok, , THBKK",THBKK,OOLU,OOCL,MT256104,DRY,2,10/20/2025,12/31/2025,11/5/2025 9:38,857,857,134.3,134.3,991.3,991.3,1
1368,USHOU,USHOU,THBKK,"Houston, TX, USHOU","Houston, TX, USHOU","Bangkok, , THBKK",THBKK,ONEY,ONE,CHIM354B25,DRY,1,10/1/2025,12/31/2025,11/5/2025 9:38,924,924,191.42,191.42,1115.42,1115.42,1
1369,USHOU,USHOU,THBKK,"Houston, TX, USHOU","Houston, TX, USHOU","Bangkok, , THBKK","Laem Chabang, TH",MAEU,Maersk,300094432,DRY,0,10/16/2025,3/31/2026,10/22/2025 19:06,990,990,0,0,990,990,1
1370,USHOU,USLAX,THBKK,"Houston, TX, USHOU",LALB,"Bangkok, , THBKK",SGSIN,YMLU,YML,51625,DRY,1,10/27/2025,12/31/2025,11/5/2025 9:38,1350,1350,268.95,268.95,1618.95,1618.95,1
1371,USHOU,USLAX,THBKK,"Houston, TX, USHOU",LALB,"Bangkok, , THBKK",THBKK,OOLU,OOCL,MT256104,DRY,2,10/20/2025,12/31/2025,11/5/2025 9:38,1419,1419,134.3,134.3,1553.3,1553.3,1
1372,USHOU,USLGB,THBKK,"Houston, TX, USHOU",LALB,"Bangkok, , THBKK",THBKK,OOLU,OOCL,MT256104,DRY,2,10/20/2025,12/31/2025,11/5/2025 9:38,1419,1419,134.3,134.3,1553.3,1553.3,1
1373,USHOU,USHOU,THBKK,"Houston, TX, USHOU","Houston, TX, USHOU","Bangkok, , THBKK",BANGKOK,EGLV,EMC,SC103574,DRY,,10/1/2025,12/31/2025,11/5/2025 9:38,1600,1600,132.76,132.76,1732.76,1732.76,1
1374,USHOU,USLAX,THBKK,"Houston, TX, USHOU",LALB,"Bangkok, , THBKK",THBKK,ONEY,ONE,CHIM354B25,DRY,1,10/1/2025,12/31/2025,11/5/2025 9:38,2301,2301,191.42,191.42,2492.42,2492.42,1
1375,USHOU,USHOU,THLCH,"Houston, TX, USHOU","Houston, TX, USHOU","Laem Chabang, 20, THLCH",THLCH,YMLU,YML,51625,DRY,1,10/27/2025,12/31/2025,11/5/2025 9:38,500,500,135.84,135.84,635.84,635.84,1
1376,USHOU,USHOU,THLCH,"Houston, TX, USHOU","Houston, TX, USHOU","Laem Chabang, 20, THLCH",THLCH,OOLU,OOCL,MT256104,DRY,2,10/20/2025,12/31/2025,11/5/2025 9:38,567,567,134.3,134.3,701.3,701.3,1
1377,USHOU,USHOU,THLCH,"Houston, TX, USHOU","Houston, TX, USHOU","Laem Chabang, 20, THLCH",CNSHG,YMLU,YML,51625,DRY,1,10/27/2025,12/31/2025,11/5/2025 9:38,770,770,224.8,224.8,994.8,994.8,1
1378,USHOU,USHOU,THLCH,"Houston, TX, USHOU","Houston, TX, USHOU","Laem Chabang, 20, THLCH",CNNBG,YMLU,YML,51625,DRY,1,10/27/2025,12/31/2025,11/5/2025 9:38,770,770,224.8,224.8,994.8,994.8,1
1379,USHOU,USHOU,THLCH,"Houston, TX, USHOU","Houston, TX, USHOU","Laem Chabang, 20, THLCH",THLCH,ONEY,ONE,CHIM354B25,DRY,1,10/1/2025,12/31/2025,11/5/2025 9:38,864,864,251.93,251.93,1115.93,1115.93,1
1380,USHOU,USHOU,THLCH,"Houston, TX, USHOU","Houston, TX, USHOU","Laem Chabang, 20, THLCH",THLCH,MAEU,Maersk,300094432,DRY,0,10/16/2025,3/31/2026,10/22/2025 19:06,920,920,0,0,920,920,1
1381,USHOU,USLAX,THLCH,"Houston, TX, USHOU",LALB,"Laem Chabang, 20, THLCH",THLCH,OOLU,OOCL,MT256104,DRY,2,10/20/2025,12/31/2025,11/5/2025 9:38,1069,1069,134.3,134.3,1203.3,1203.3,1
1382,USHOU,USLGB,THLCH,"Houston, TX, USHOU",LALB,"Laem Chabang, 20, THLCH",THLCH,OOLU,OOCL,MT256104,DRY,2,10/20/2025,12/31/2025,11/5/2025 9:38,1069,1069,134.3,134.3,1203.3,1203.3,1
1383,USHOU,USLAX,THLCH,"Houston, TX, USHOU",LALB,"Laem Chabang, 20, THLCH",SGSIN,YMLU,YML,51625,DRY,1,10/27/2025,12/31/2025,11/5/2025 9:38,1270,1270,268.95,268.95,1538.95,1538.95,1
1384,USHOU,USHOU,THLCH,"Houston, TX, USHOU","Houston, TX, USHOU","Laem Chabang, 20, THLCH",LAEM CHABANG,EGLV,EMC,SC103574,DRY,,10/1/2025,12/31/2025,11/5/2025 9:38,1600,1600,132.76,132.76,1732.76,1732.76,1
1385,USHOU,USLAX,THLCH,"Houston, TX, USHOU",LALB,"Laem Chabang, 20, THLCH",THLCH,ONEY,ONE,CHIM354B25,DRY,1,10/1/2025,12/31/2025,11/5/2025 9:38,2016,2016,251.93,251.93,2267.93,2267.93,1
1386,USHOU,USHOU,THLKR,"Houston, TX, USHOU","Houston, TX, USHOU","Lat Krabang, 10, THLKR",THLKR,OOLU,OOCL,MT256104,DRY,2,10/20/2025,12/31/2025,11/5/2025 9:38,857,857,134.3,134.3,991.3,991.3,1
1387,USHOU,USHOU,THLKR,"Houston, TX, USHOU","Houston, TX, USHOU","Lat Krabang, 10, THLKR",THLKR,ONEY,ONE,CHIM354B25,DRY,1,10/1/2025,12/31/2025,11/5/2025 9:38,864,864,251.93,251.93,1115.93,1115.93,1
1388,USHOU,USLAX,THLKR,"Houston, TX, USHOU",LALB,"Lat Krabang, 10, THLKR",THLKR,OOLU,OOCL,MT256104,DRY,2,10/20/2025,12/31/2025,11/5/2025 9:38,1419,1419,134.3,134.3,1553.3,1553.3,1
1389,USHOU,USLGB,THLKR,"Houston, TX, USHOU",LALB,"Lat Krabang, 10, THLKR",THLKR,OOLU,OOCL,MT256104,DRY,2,10/20/2025,12/31/2025,11/5/2025 9:38,1419,1419,134.3,134.3,1553.3,1553.3,1
1390,USHOU,USLAX,THLKR,"Houston, TX, USHOU",LALB,"Lat Krabang, 10, THLKR",THLKR,ONEY,ONE,CHIM354B25,DRY,1,10/1/2025,12/31/2025,11/5/2025 9:38,2241,2241,251.93,251.93,2492.93,2492.93,1
1391,USHOU,USLAX,THSGZ,"Houston, TX, USHOU",LALB,"Songkhla, 90, THSGZ",SGSIN,YMLU,YML,51625,DRY,1,10/27/2025,12/31/2025,11/5/2025 9:38,2220,2220,268.95,268.95,2488.95,2488.95,1
1392,USHOU,USHOU,TRISK,"Houston, TX, USHOU","Houston, TX, USHOU","Iskenderun, 31, TRISK",TRISK,MAEU,Maersk,300094432,DRY,0,10/16/2025,3/31/2026,10/22/2025 19:06,1869,1869,0,0,1869,1869,1
1393,USHOU,USHOU,TRIST,"Houston, TX, USHOU","Houston, TX, USHOU","Istanbul, 34, TRIST",TRIST,MAEU,Maersk,300094432,DRY,0,10/16/2025,3/31/2026,10/22/2025 19:06,1544,1544,0,0,1544,1544,1
1394,USHOU,USHOU,TRIZM,"Houston, TX, USHOU","Houston, TX, USHOU","Izmir, 35, TRIZM",TRIZM,MAEU,Maersk,300094432,DRY,0,10/16/2025,3/31/2026,10/22/2025 19:06,1699,1699,0,0,1699,1699,1
1395,USHOU,USHOU,TRMER,"Houston, TX, USHOU","Houston, TX, USHOU","Mersin, 33, TRMER",TRMER,ONEY,ONE,CHIM354B25,DRY,1,10/1/2025,12/31/2025,11/5/2025 9:38,1486,1486,400,400,1886,1886,1
1396,USHOU,USHOU,TRMER,"Houston, TX, USHOU","Houston, TX, USHOU","Mersin, 33, TRMER",TRMER,MAEU,Maersk,300094432,DRY,0,10/16/2025,3/31/2026,10/22/2025 19:06,1939,1939,0,0,1939,1939,1
1397,USHOU,USHOU,TWKEL,"Houston, TX, USHOU","Houston, TX, USHOU","Keelung, , TWKEL",TWKEL,YMLU,YML,51625,DRY,1,10/27/2025,12/31/2025,11/5/2025 9:38,400,400,227.3,227.3,627.3,627.3,1
1398,USHOU,USHOU,TWKEL,"Houston, TX, USHOU","Houston, TX, USHOU","Keelung, , TWKEL",TWKHH,YMLU,YML,51625,DRY,1,10/27/2025,12/31/2025,11/5/2025 9:38,700,700,227.3,227.3,927.3,927.3,1
1399,USHOU,USHOU,TWKEL,"Houston, TX, USHOU","Houston, TX, USHOU","Keelung, , TWKEL",TWKHH,YMLU,YML,51625,DRY,1,10/27/2025,12/31/2025,11/5/2025 9:38,750,750,227.3,227.3,977.3,977.3,1
1400,USHOU,USHOU,TWKEL,"Houston, TX, USHOU","Houston, TX, USHOU","Keelung, , TWKEL",TWKEL,ONEY,ONE,CHIM354B25,DRY,1,10/1/2025,12/31/2025,11/5/2025 9:38,864,864,227.3,255.71,1091.3,1119.71,1
1401,USHOU,USHOU,TWKEL,"Houston, TX, USHOU","Houston, TX, USHOU","Keelung, , TWKEL",TWKEL,MAEU,Maersk,300094432,DRY,0,10/16/2025,3/31/2026,10/22/2025 19:06,1057,1057,0,0,1057,1057,1
1402,USHOU,USLGB,TWKEL,"Houston, TX, USHOU",LALB,"Keelung, , TWKEL",TWKEL,OOLU,OOCL,MT256104,DRY,2,10/20/2025,12/31/2025,11/5/2025 9:38,1174,1174,227.3,255.71,1401.3,1429.71,1
1403,USHOU,USLAX,TWKEL,"Houston, TX, USHOU",LALB,"Keelung, , TWKEL",TWKEL,OOLU,OOCL,MT256104,DRY,2,10/20/2025,12/31/2025,11/5/2025 9:38,1174,1174,227.3,255.71,1401.3,1429.71,1
1404,USHOU,USLAX,TWKEL,"Houston, TX, USHOU",LALB,"Keelung, , TWKEL",TWKEL,ONEY,ONE,CHIM354B25,DRY,1,10/1/2025,12/31/2025,11/5/2025 9:38,1651,1651,227.3,255.71,1878.3,1906.71,1
1405,USHOU,USHOU,TWKHH,"Houston, TX, USHOU","Houston, TX, USHOU","Kaohsiung, , TWKHH",TWKHH,YMLU,YML,51625,DRY,1,10/27/2025,12/31/2025,11/5/2025 9:38,300,300,227.3,227.3,527.3,527.3,1
1406,USHOU,USHOU,TWKHH,"Houston, TX, USHOU","Houston, TX, USHOU","Kaohsiung, , TWKHH",TWKHH,YMLU,YML,51625,DRY,1,10/27/2025,12/31/2025,11/5/2025 9:38,400,400,227.3,227.3,627.3,627.3,1
1407,USHOU,USHOU,TWKHH,"Houston, TX, USHOU","Houston, TX, USHOU","Kaohsiung, , TWKHH",TWKHH,YMLU,YML,51625,DRY,1,10/27/2025,12/31/2025,11/5/2025 9:38,550,550,227.3,227.3,777.3,777.3,1
1408,USHOU,USHOU,TWKHH,"Houston, TX, USHOU","Houston, TX, USHOU","Kaohsiung, , TWKHH",TWKHH,ONEY,ONE,CHIM354B25,DRY,1,10/1/2025,12/31/2025,11/5/2025 9:38,864,864,227.3,255.71,1091.3,1119.71,1
1409,USHOU,USHOU,TWKHH,"Houston, TX, USHOU","Houston, TX, USHOU","Kaohsiung, , TWKHH",TWKHH,MAEU,Maersk,300094432,DRY,0,10/16/2025,3/31/2026,10/22/2025 19:06,907,907,0,0,907,907,1
1410,USHOU,USLGB,TWKHH,"Houston, TX, USHOU",LALB,"Kaohsiung, , TWKHH",TWKHH,OOLU,OOCL,MT256104,DRY,2,10/20/2025,12/31/2025,11/5/2025 9:38,1069,1069,227.3,255.71,1296.3,1324.71,1
1411,USHOU,USLAX,TWKHH,"Houston, TX, USHOU",LALB,"Kaohsiung, , TWKHH",TWKHH,OOLU,OOCL,MT256104,DRY,2,10/20/2025,12/31/2025,11/5/2025 9:38,1069,1069,227.3,255.71,1296.3,1324.71,1
1412,USHOU,USHOU,TWKHH,"Houston, TX, USHOU","Houston, TX, USHOU","Kaohsiung, , TWKHH",KAOHSIUNG,EGLV,EMC,SC103574,DRY,,10/1/2025,12/31/2025,11/5/2025 9:38,1150,1150,227.3,227.3,1377.3,1377.3,1
1413,USHOU,USLAX,TWKHH,"Houston, TX, USHOU",LALB,"Kaohsiung, , TWKHH",TWKHH,ONEY,ONE,CHIM354B25,DRY,1,10/1/2025,12/31/2025,11/5/2025 9:38,1651,1651,227.3,255.71,1878.3,1906.71,1
1414,USHOU,USHOU,TWTPE,"Houston, TX, USHOU","Houston, TX, USHOU","Taipei, TPE, TWTPE",TWTPE,ONEY,ONE,CHIM354B25,DRY,1,10/1/2025,12/31/2025,11/5/2025 9:38,914,914,227.3,255.71,1141.3,1169.71,1
1415,USHOU,USLGB,TWTPE,"Houston, TX, USHOU",LALB,"Taipei, TPE, TWTPE",TWTPE,OOLU,OOCL,MT256104,DRY,2,10/20/2025,12/31/2025,11/5/2025 9:38,1094,1094,0,0,1094,1094,1
1416,USHOU,USLAX,TWTPE,"Houston, TX, USHOU",LALB,"Taipei, TPE, TWTPE",TWTPE,OOLU,OOCL,MT256104,DRY,2,10/20/2025,12/31/2025,11/5/2025 9:38,1094,1094,0,0,1094,1094,1
1417,USHOU,USHOU,TWTPE,"Houston, TX, USHOU","Houston, TX, USHOU","Taipei, TPE, TWTPE",TAIPEI,EGLV,EMC,SC103574,DRY,,10/1/2025,12/31/2025,11/5/2025 9:38,1700,1700,227.3,227.3,1927.3,1927.3,1
1418,USHOU,USHOU,TWTXG,"Houston, TX, USHOU","Houston, TX, USHOU","Taichung, , TWTXG",TWTXG,YMLU,YML,51625,DRY,1,10/27/2025,12/31/2025,11/5/2025 9:38,300,300,227.3,227.3,527.3,527.3,1
1419,USHOU,USHOU,TWTXG,"Houston, TX, USHOU","Houston, TX, USHOU","Taichung, , TWTXG",TWKHH,YMLU,YML,51625,DRY,1,10/27/2025,12/31/2025,11/5/2025 9:38,500,500,227.3,227.3,727.3,727.3,1
1420,USHOU,USHOU,TWTXG,"Houston, TX, USHOU","Houston, TX, USHOU","Taichung, , TWTXG",TWTXG,ONEY,ONE,CHIM354B25,DRY,1,10/1/2025,12/31/2025,11/5/2025 9:38,864,864,227.3,255.71,1091.3,1119.71,1
1421,USHOU,USHOU,TWTXG,"Houston, TX, USHOU","Houston, TX, USHOU","Taichung, , TWTXG",TWTXG,MAEU,Maersk,300094432,DRY,0,10/16/2025,3/31/2026,10/22/2025 19:06,1084,1084,0,0,1084,1084,1
1422,USHOU,USLAX,TWTXG,"Houston, TX, USHOU",LALB,"Taichung, , TWTXG",TWTXG,OOLU,OOCL,MT256104,DRY,2,10/20/2025,12/31/2025,11/5/2025 9:38,1174,1174,227.3,255.71,1401.3,1429.71,1
1423,USHOU,USLGB,TWTXG,"Houston, TX, USHOU",LALB,"Taichung, , TWTXG",TWTXG,OOLU,OOCL,MT256104,DRY,2,10/20/2025,12/31/2025,11/5/2025 9:38,1174,1174,227.3,255.71,1401.3,1429.71,1
1424,USHOU,USLAX,TWTXG,"Houston, TX, USHOU",LALB,"Taichung, , TWTXG",TWTXG,ONEY,ONE,CHIM354B25,DRY,1,10/1/2025,12/31/2025,11/5/2025 9:38,1901,1901,227.3,255.71,2128.3,2156.71,1
1425,USHOU,USHOU,TWTYN,"Houston, TX, USHOU","Houston, TX, USHOU","Taoyuan, , TWTYN",TWKHH,YMLU,YML,51625,DRY,1,10/27/2025,12/31/2025,11/5/2025 9:38,550,550,227.3,227.3,777.3,777.3,1
1426,USHOU,USHOU,TWTYN,"Houston, TX, USHOU","Houston, TX, USHOU","Taoyuan, , TWTYN",TWTYN,YMLU,YML,51625,DRY,1,10/27/2025,12/31/2025,11/5/2025 9:38,750,750,227.3,227.3,977.3,977.3,1
1427,USHOU,USHOU,TWTYN,"Houston, TX, USHOU","Houston, TX, USHOU","Taoyuan, , TWTYN","Keelung, TW",MAEU,Maersk,300094432,DRY,0,10/16/2025,3/31/2026,10/22/2025 19:06,817,817,0,0,817,817,1
1428,USHOU,USHOU,TWTYN,"Houston, TX, USHOU","Houston, TX, USHOU","Taoyuan, , TWTYN",TWTYN,ONEY,ONE,CHIM354B25,DRY,1,10/1/2025,12/31/2025,11/5/2025 9:38,864,864,227.3,255.71,1091.3,1119.71,1
1429,USHOU,USLAX,TWTYN,"Houston, TX, USHOU",LALB,"Taoyuan, , TWTYN",TWTYN,ONEY,ONE,CHIM354B25,DRY,1,10/1/2025,12/31/2025,11/5/2025 9:38,1901,1901,227.3,255.71,2128.3,2156.71,1
1430,USHOU,USLAX,VNBDG,"Houston, TX, USHOU",LALB,"Binh Duong Terminal, 39, VNBDG",VNCMT,YMLU,YML,51625,DRY,1,10/27/2025,12/31/2025,11/5/2025 9:38,1280,1280,177.38,177.38,1457.38,1457.38,1
1431,USHOU,USHOU,VNCLI,"Houston, TX, USHOU","Houston, TX, USHOU","Cat Lai, 65, VNCLI",VNCLI,YMLU,YML,51625,DRY,1,10/27/2025,12/31/2025,11/5/2025 9:38,450,450,177.38,177.38,627.38,627.38,1
1432,USHOU,USHOU,VNCLI,"Houston, TX, USHOU","Houston, TX, USHOU","Cat Lai, 65, VNCLI",TWKHH,YMLU,YML,51625,DRY,1,10/27/2025,12/31/2025,11/5/2025 9:38,550,550,227.3,227.3,777.3,777.3,1
1433,USHOU,USLAX,VNCLI,"Houston, TX, USHOU",LALB,"Cat Lai, 65, VNCLI",VNCMT,YMLU,YML,51625,DRY,1,10/27/2025,12/31/2025,11/5/2025 9:38,1250,1250,177.38,177.38,1427.38,1427.38,1
1434,USHOU,USHOU,VNCMT,"Houston, TX, USHOU","Houston, TX, USHOU","Cai Mep Terminal, 43, VNCMT",VNCMT,ONEY,ONE,CHIM354B25,DRY,1,10/1/2025,12/31/2025,11/5/2025 9:38,764,764,182.41,182.41,946.41,946.41,1
1435,USHOU,USLAX,VNCMT,"Houston, TX, USHOU",LALB,"Cai Mep Terminal, 43, VNCMT",VNCMT,YMLU,YML,51625,DRY,1,10/27/2025,12/31/2025,11/5/2025 9:38,1100,1100,177.38,177.38,1277.38,1277.38,1
1436,USHOU,USLAX,VNCMT,"Houston, TX, USHOU",LALB,"Cai Mep Terminal, 43, VNCMT",SGSIN,YMLU,YML,51625,DRY,1,10/27/2025,12/31/2025,11/5/2025 9:38,1320,1320,268.95,268.95,1588.95,1588.95,1
1437,USHOU,USLAX,VNCMT,"Houston, TX, USHOU",LALB,"Cai Mep Terminal, 43, VNCMT",VNCMT,ONEY,ONE,CHIM354B25,DRY,1,10/1/2025,12/31/2025,11/5/2025 9:38,2276,2276,182.41,182.41,2458.41,2458.41,1
1438,USHOU,USHOU,VNDAD,"Houston, TX, USHOU","Houston, TX, USHOU","Da Nang, , VNDAD",TWKHH,YMLU,YML,51625,DRY,1,10/27/2025,12/31/2025,11/5/2025 9:38,800,800,177.38,177.38,977.38,977.38,1
1439,USHOU,USHOU,VNDAD,"Houston, TX, USHOU","Houston, TX, USHOU","Da Nang, , VNDAD",TWKHH,YMLU,YML,51625,DRY,1,10/27/2025,12/31/2025,11/5/2025 9:38,930,930,227.3,227.3,1157.3,1157.3,1
1440,USHOU,USHOU,VNDAD,"Houston, TX, USHOU","Houston, TX, USHOU","Da Nang, , VNDAD",VNDAD,MAEU,Maersk,300094432,DRY,0,10/16/2025,3/31/2026,11/3/2025 4:10,957,957,199.51,199.51,1156.51,1156.51,1
1441,USHOU,USHOU,VNDAD,"Houston, TX, USHOU","Houston, TX, USHOU","Da Nang, , VNDAD",VNDAD,ONEY,ONE,CHIM354B25,DRY,1,10/1/2025,12/31/2025,11/5/2025 9:38,964,964,182.41,182.41,1146.41,1146.41,1
1442,USHOU,USHOU,VNDAD,"Houston, TX, USHOU","Houston, TX, USHOU","Da Nang, , VNDAD",DA NANG,EGLV,EMC,SC103574,DRY,,10/1/2025,12/31/2025,11/5/2025 9:38,1200,1200,167.59,167.59,1367.59,1367.59,1
1443,USHOU,USLAX,VNDAD,"Houston, TX, USHOU",LALB,"Da Nang, , VNDAD",VNCMT,YMLU,YML,51625,DRY,1,10/27/2025,12/31/2025,11/5/2025 9:38,1630,1630,177.38,177.38,1807.38,1807.38,1
1444,USHOU,USLAX,VNDAD,"Houston, TX, USHOU",LALB,"Da Nang, , VNDAD",VNDAD,ONEY,ONE,CHIM354B25,DRY,1,10/1/2025,12/31/2025,11/5/2025 9:38,2966,2966,182.41,182.41,3148.41,3148.41,1
1445,USHOU,USLAX,VNDNA,"Houston, TX, USHOU",LALB,"Dong Nai, , VNDNA",VNCMT,YMLU,YML,51625,DRY,1,10/27/2025,12/31/2025,11/5/2025 9:38,1280,1280,177.38,177.38,1457.38,1457.38,1
1446,USHOU,USHOU,VNHPH,"Houston, TX, USHOU","Houston, TX, USHOU","Haiphong, , VNHPH",VNHPH,YMLU,YML,51625,DRY,1,10/27/2025,12/31/2025,11/5/2025 9:38,400,400,177.38,177.38,577.38,577.38,1
1447,USHOU,USHOU,VNHPH,"Houston, TX, USHOU","Houston, TX, USHOU","Haiphong, , VNHPH",VNHPH,ONEY,ONE,CHIM354B25,DRY,1,10/1/2025,12/31/2025,11/5/2025 9:38,964,964,182.41,182.41,1146.41,1146.41,1
1448,USHOU,USLGB,VNHPH,"Houston, TX, USHOU",LALB,"Haiphong, , VNHPH",VNHPH,OOLU,OOCL,MT256104,DRY,2,10/20/2025,12/31/2025,11/5/2025 9:38,1069,1069,143,143,1212,1212,1
1449,USHOU,USLAX,VNHPH,"Houston, TX, USHOU",LALB,"Haiphong, , VNHPH",VNHPH,OOLU,OOCL,MT256104,DRY,2,10/20/2025,12/31/2025,11/5/2025 9:38,1069,1069,143,143,1212,1212,1
1450,USHOU,USHOU,VNHPH,"Houston, TX, USHOU","Houston, TX, USHOU","Haiphong, , VNHPH",CNNBG,YMLU,YML,51625,DRY,1,10/27/2025,12/31/2025,11/5/2025 9:38,1150,1150,224.8,224.8,1374.8,1374.8,1
1451,USHOU,USHOU,VNHPH,"Houston, TX, USHOU","Houston, TX, USHOU","Haiphong, , VNHPH",CNSHG,YMLU,YML,51625,DRY,1,10/27/2025,12/31/2025,11/5/2025 9:38,1150,1150,224.8,224.8,1374.8,1374.8,1
1452,USHOU,USHOU,VNHPH,"Houston, TX, USHOU","Houston, TX, USHOU","Haiphong, , VNHPH",HAIPHONG,EGLV,EMC,SC103574,DRY,,10/1/2025,12/31/2025,11/5/2025 9:38,1200,1200,167.59,167.59,1367.59,1367.59,1
1453,USHOU,USLAX,VNHPH,"Houston, TX, USHOU",LALB,"Haiphong, , VNHPH",SGSIN,YMLU,YML,51625,DRY,1,10/27/2025,12/31/2025,11/5/2025 9:38,1800,1800,268.95,268.95,2068.95,2068.95,1
1454,USHOU,USLAX,VNHPH,"Houston, TX, USHOU",LALB,"Haiphong, , VNHPH",VNCMT,YMLU,YML,51625,DRY,1,10/27/2025,12/31/2025,11/5/2025 9:38,1800,1800,177.38,177.38,1977.38,1977.38,1
1455,USHOU,USHOU,VNHPH,"Houston, TX, USHOU","Houston, TX, USHOU","Haiphong, , VNHPH",VNHPH,OOLU,OOCL,MT256104,DRY,2,10/20/2025,12/31/2025,11/5/2025 9:38,1937,1937,143,143,2080,2080,1
1456,USHOU,USLAX,VNHPH,"Houston, TX, USHOU",LALB,"Haiphong, , VNHPH",VNHPH,ONEY,ONE,CHIM354B25,DRY,1,10/1/2025,12/31/2025,11/5/2025 9:38,2526,2526,182.41,182.41,2708.41,2708.41,1
1457,USHOU,USLAX,VNIPH,"Houston, TX, USHOU",LALB,"Phuoc Long ICD, , VNIPH",VNCMT,YMLU,YML,51625,DRY,1,10/27/2025,12/31/2025,11/5/2025 9:38,1245,1245,177.38,177.38,1422.38,1422.38,1
1458,USHOU,USLAX,VNNHD,"Houston, TX, USHOU",LALB,"Nam Hai Dinh Vu Port, HP, VNNHD",VNNHD,YMLU,YML,51625,DRY,1,10/27/2025,12/31/2025,11/5/2025 9:38,1100,1100,0,0,1100,1100,1
1459,USHOU,USHOU,VNSGN,"Houston, TX, USHOU","Houston, TX, USHOU","Ho Chi Minh City, , VNSGN",VNSGN,OOLU,OOCL,MT256104,DRY,2,10/20/2025,12/31/2025,11/5/2025 9:38,572,572,143,143,715,715,1
1460,USHOU,USHOU,VNSGN,"Houston, TX, USHOU","Houston, TX, USHOU","Ho Chi Minh City, , VNSGN",VNSGN,ONEY,ONE,CHIM354B25,DRY,1,10/1/2025,12/31/2025,11/5/2025 9:38,764,764,182.41,182.41,946.41,946.41,1
1461,USHOU,USHOU,VNSGN,"Houston, TX, USHOU","Houston, TX, USHOU","Ho Chi Minh City, , VNSGN",VNSGN,MAEU,Maersk,300094432,DRY,0,10/16/2025,3/31/2026,10/22/2025 19:06,792,792,0,0,792,792,1
1462,USHOU,USLAX,VNSGN,"Houston, TX, USHOU",LALB,"Ho Chi Minh City, , VNSGN",VNSGN,OOLU,OOCL,MT256104,DRY,2,10/20/2025,12/31/2025,11/5/2025 9:38,1119,1119,143,143,1262,1262,1
1463,USHOU,USLGB,VNSGN,"Houston, TX, USHOU",LALB,"Ho Chi Minh City, , VNSGN",VNSGN,OOLU,OOCL,MT256104,DRY,2,10/20/2025,12/31/2025,11/5/2025 9:38,1119,1119,143,143,1262,1262,1
1464,USHOU,USLAX,VNSGN,"Houston, TX, USHOU",LALB,"Ho Chi Minh City, , VNSGN",VNCMT,YMLU,YML,51625,DRY,1,10/27/2025,12/31/2025,11/5/2025 9:38,1180,1180,177.38,177.38,1357.38,1357.38,1
1465,USHOU,USHOU,VNSGN,"Houston, TX, USHOU","Houston, TX, USHOU","Ho Chi Minh City, , VNSGN",HO CHI MINH,EGLV,EMC,SC103574,DRY,,10/1/2025,12/31/2025,11/5/2025 9:38,1200,1200,167.59,167.59,1367.59,1367.59,1
1466,USHOU,USLAX,VNSGN,"Houston, TX, USHOU",LALB,"Ho Chi Minh City, , VNSGN",VNSGN,ONEY,ONE,CHIM354B25,DRY,1,10/1/2025,12/31/2025,11/5/2025 9:38,2276,2276,182.41,182.41,2458.41,2458.41,1
1467,USHOU,USHOU,VNTOT,"Houston, TX, USHOU","Houston, TX, USHOU","Cai Mep, 43, VNTOT",CAI MEP,EGLV,EMC,SC103574,DRY,,10/1/2025,12/31/2025,11/5/2025 9:38,1200,1200,167.59,167.59,1367.59,1367.59,1
1468,USHOU,USHOU,VNTTH,"Houston, TX, USHOU","Houston, TX, USHOU","Tan Thanh, 43, VNTTH",VNTTH,OOLU,OOCL,MT256104,DRY,2,10/20/2025,12/31/2025,11/5/2025 9:38,397,397,143,143,540,540,1
1469,USHOU,USLGB,VNTTH,"Houston, TX, USHOU",LALB,"Tan Thanh, 43, VNTTH",VNTTH,OOLU,OOCL,MT256104,DRY,2,10/20/2025,12/31/2025,11/5/2025 9:38,1069,1069,143,143,1212,1212,1
1470,USHOU,USLAX,VNTTH,"Houston, TX, USHOU",LALB,"Tan Thanh, 43, VNTTH",VNTTH,OOLU,OOCL,MT256104,DRY,2,10/20/2025,12/31/2025,11/5/2025 9:38,1069,1069,143,143,1212,1212,1
1471,USHOU,USHOU,VNVUT,"Houston, TX, USHOU","Houston, TX, USHOU","Vung Tau, 43, VNVUT",VNVUT,MAEU,Maersk,300094432,DRY,0,10/16/2025,3/31/2026,10/22/2025 19:06,900,900,0,0,900,900,1
1472,USHOU,USHOU,ZACPT,"Houston, TX, USHOU","Houston, TX, USHOU","Cape Town, , ZACPT",ZACPT,ONEY,ONE,CHIM354B25,DRY,1,10/1/2025,12/31/2025,11/5/2025 4:10,2620,2620,371.98,371.98,2991.98,2991.98,1
1473,USHOU,USHOU,ZADUR,"Houston, TX, USHOU","Houston, TX, USHOU","Durban, , ZADUR",ZADUR,ONEY,ONE,CHIM354B25,DRY,1,10/1/2025,12/31/2025,11/5/2025 4:10,2620,2620,371.98,371.98,2991.98,2991.98,1
1474,USMEM,USLAX,AEJEA,"Memphis, TN, USMEM",LALB,"Jebel Ali, , AEJEA",CNNBG,YMLU,YML,51625,DRY,1,10/27/2025,12/31/2025,11/5/2025 9:38,2940,2940,224.8,224.8,3164.8,3164.8,1
1475,USMEM,USLAX,AEJEA,"Memphis, TN, USMEM",LALB,"Jebel Ali, , AEJEA",CNSHG,YMLU,YML,51625,DRY,1,10/27/2025,12/31/2025,11/5/2025 9:38,2940,2940,224.8,224.8,3164.8,3164.8,1
1476,USMEM,USORF,BDCGP,"Memphis, TN, USMEM","Norfolk, VA, USORF","Chattogram/Chittagong, , BDCGP",CHATTOGRAM,EGLV,EMC,SC103574,DRY,,10/1/2025,12/31/2025,11/5/2025 9:38,1950,1950,0,0,1950,1950,1
1477,USMEM,USSAV,BDCGP,"Memphis, TN, USMEM","Savannah, GA, USSAV","Chattogram/Chittagong, , BDCGP",CHATTOGRAM,EGLV,EMC,SC103574,DRY,,10/1/2025,12/31/2025,11/5/2025 9:38,1950,1950,0,0,1950,1950,1
1478,USMEM,USCHS,BDCGP,"Memphis, TN, USMEM","Charleston, SC, USCHS","Chattogram/Chittagong, , BDCGP",CHATTOGRAM,EGLV,EMC,SC103574,DRY,,10/1/2025,12/31/2025,11/5/2025 9:38,1950,1950,0,0,1950,1950,1
1479,USMEM,USCHS,BDCGP,"Memphis, TN, USMEM","Charleston, SC, USCHS","Chattogram/Chittagong, , BDCGP",BDCGP,OOLU,OOCL,MT256104,DRY,2,10/20/2025,12/31/2025,11/5/2025 9:38,2167,2167,65,65,2232,2232,1
1480,USMEM,USCHS,BDCGP,"Memphis, TN, USMEM","Charleston, SC, USCHS","Chattogram/Chittagong, , BDCGP",BDCGP,ONEY,ONE,CHIM354B25,DRY,1,10/1/2025,12/31/2025,11/5/2025 9:38,2264,2264,150,150,2414,2414,1
1481,USMEM,USSAV,BDCGP,"Memphis, TN, USMEM","Savannah, GA, USSAV","Chattogram/Chittagong, , BDCGP",BDCGP,ONEY,ONE,CHIM354B25,DRY,1,10/1/2025,12/31/2025,11/5/2025 9:38,2264,2264,150,150,2414,2414,1
1482,USMEM,USCHS,BDCGP,"Memphis, TN, USMEM","Charleston, SC, USCHS","Chattogram/Chittagong, , BDCGP",BDCGP,MAEU,Maersk,300094432,DRY,0,10/16/2025,3/31/2026,11/5/2025 9:38,2332,2332,0,0,2332,2332,1
1483,USMEM,USLAX,BDCGP,"Memphis, TN, USMEM",LALB,"Chattogram/Chittagong, , BDCGP",CHATTOGRAM,EGLV,EMC,SC103574,DRY,,10/1/2025,12/31/2025,11/5/2025 9:38,2500,2500,0,0,2500,2500,1
1484,USMEM,USLAX,BDCGP,"Memphis, TN, USMEM",LALB,"Chattogram/Chittagong, , BDCGP",BDCGP,ONEY,ONE,CHIM354B25,DRY,1,10/1/2025,12/31/2025,11/5/2025 9:38,2976,2976,150,150,3126,3126,1
1485,USMEM,USLAX,CLARI,"Memphis, TN, USMEM",LALB,"Arica, TA, CLARI",CLARI,ONEY,ONE,CHIM354B25,DRY,1,10/1/2025,12/31/2025,11/5/2025 9:38,3583,3583,150,150,3733,3733,1
1486,USMEM,USLAX,CLSAI,"Memphis, TN, USMEM",LALB,"San Antonio, VS, CLSAI",CLSAI,ONEY,ONE,CHIM354B25,DRY,1,10/1/2025,12/31/2025,11/5/2025 9:38,3083,3083,150,150,3233,3233,1
1487,USMEM,USLAX,CLVAP,"Memphis, TN, USMEM",LALB,"Valparaiso, VS, CLVAP",CLVAP,ONEY,ONE,CHIM354B25,DRY,1,10/1/2025,12/31/2025,11/5/2025 9:38,3083,3083,150,150,3233,3233,1
1488,USMEM,USLAX,CNAQG,"Memphis, TN, USMEM",LALB,"Anqing Pt, 34, CNAQG",CNSHG,YMLU,YML,51625,DRY,1,10/27/2025,12/31/2025,11/5/2025 9:38,1240,1240,224.8,224.8,1464.8,1464.8,1
1489,USMEM,USSAV,CNAQG,"Memphis, TN, USMEM","Savannah, GA, USSAV","Anqing Pt, 34, CNAQG",CNAQG,MAEU,Maersk,300094432,DRY,0,10/16/2025,3/31/2026,11/5/2025 9:38,1337.73,1337.73,0,0,1337.73,1337.73,1
1490,USMEM,USLAX,CNAQG,"Memphis, TN, USMEM",LALB,"Anqing Pt, 34, CNAQG",CNAQG,ONEY,ONE,CHIM354B25,DRY,1,10/1/2025,12/31/2025,11/5/2025 9:38,1376,1376,120.97,120.97,1496.97,1496.97,1
1491,USMEM,USLAX,CNAQG,"Memphis, TN, USMEM",LALB,"Anqing Pt, 34, CNAQG",CNAQG,MAEU,Maersk,300094432,DRY,0,10/16/2025,3/31/2026,11/5/2025 9:38,1408.73,1408.73,0,0,1408.73,1408.73,1
1492,USMEM,USLAX,CNCAN,"Memphis, TN, USMEM",LALB,"Guangzhou Baiyun, 44, CNCAN",CNCAN,ONEY,ONE,CHIM354B25,DRY,1,10/1/2025,12/31/2025,11/5/2025 9:38,1966,1966,170.85,170.85,2136.85,2136.85,1
1493,USMEM,USLAX,CNCGS,"Memphis, TN, USMEM",LALB,"Changshu Pt, 37, CNCGS",CNSHG,YMLU,YML,51625,DRY,1,10/27/2025,12/31/2025,11/5/2025 9:38,1230,1230,224.8,224.8,1454.8,1454.8,1
1494,USMEM,USLAX,CNCGU,"Memphis, TN, USMEM",LALB,"Changshu, 32, CNCGU",CNCGU,ONEY,ONE,CHIM354B25,DRY,1,10/1/2025,12/31/2025,11/5/2025 9:38,1866,1866,116.33,116.33,1982.33,1982.33,1
1495,USMEM,USSAV,CNCHQ,"Memphis, TN, USMEM","Savannah, GA, USSAV","Chongqing Pt, 50, CNCHQ",CNCHQ,MAEU,Maersk,300094432,DRY,0,10/16/2025,3/31/2026,11/5/2025 9:38,1032.73,1032.73,0,0,1032.73,1032.73,1
1496,USMEM,USLAX,CNCHQ,"Memphis, TN, USMEM",LALB,"Chongqing Pt, 50, CNCHQ",CNCHQ,MAEU,Maersk,300094432,DRY,0,10/16/2025,3/31/2026,11/5/2025 9:38,1103.73,1103.73,0,0,1103.73,1103.73,1
1497,USMEM,USLAX,CNCHQ,"Memphis, TN, USMEM",LALB,"Chongqing Pt, 50, CNCHQ",CNSHG,YMLU,YML,51625,DRY,1,10/27/2025,12/31/2025,11/5/2025 9:38,1800,1800,224.8,224.8,2024.8,2024.8,1
1498,USMEM,USLAX,CNCKG,"Memphis, TN, USMEM",LALB,"Chongqing Jiangbei, 51, CNCKG",CNCKG,ONEY,ONE,CHIM354B25,DRY,1,10/1/2025,12/31/2025,11/5/2025 9:38,1871,1871,116.33,116.33,1987.33,1987.33,1
1499,USMEM,USLAX,CNCNA,"Memphis, TN, USMEM",LALB,"Changsha, 44, CNCNA",CNSHG,YMLU,YML,51625,DRY,1,10/27/2025,12/31/2025,11/5/2025 9:38,1845,1845,224.8,224.8,2069.8,2069.8,1
1500,USMEM,USLAX,CNCZX,"Memphis, TN, USMEM",LALB,"Changzhou Pt, 32, CNCZX",CNSHG,YMLU,YML,51625,DRY,1,10/27/2025,12/31/2025,11/5/2025 9:38,1230,1230,224.8,224.8,1454.8,1454.8,1
1501,USMEM,USSAV,CNCZX,"Memphis, TN, USMEM","Savannah, GA, USSAV","Changzhou Pt, 32, CNCZX",CNCZX,MAEU,Maersk,300094432,DRY,0,10/16/2025,3/31/2026,11/5/2025 9:38,1245.73,1245.73,0,0,1245.73,1245.73,1
1502,USMEM,USLAX,CNCZX,"Memphis, TN, USMEM",LALB,"Changzhou Pt, 32, CNCZX",CNCZX,MAEU,Maersk,300094432,DRY,0,10/16/2025,3/31/2026,11/5/2025 9:38,1316.73,1316.73,0,0,1316.73,1316.73,1
1503,USMEM,USLGB,CNDAG,"Memphis, TN, USMEM",LALB,"Dalian Pt, 34, CNDAG",CNDAG,OOLU,OOCL,MT256104,DRY,2,10/20/2025,12/31/2025,11/5/2025 9:38,1079,1079,159.19,159.19,1238.19,1238.19,1
1504,USMEM,USLAX,CNDAG,"Memphis, TN, USMEM",LALB,"Dalian Pt, 34, CNDAG",CNDAG,OOLU,OOCL,MT256104,DRY,2,10/20/2025,12/31/2025,11/5/2025 9:38,1079,1079,159.19,159.19,1238.19,1238.19,1
1505,USMEM,USLAX,CNDAG,"Memphis, TN, USMEM",LALB,"Dalian Pt, 34, CNDAG",CNDAG,MAEU,Maersk,300094432,DRY,0,10/16/2025,3/31/2026,11/5/2025 9:38,1097.05,1097.05,0,0,1097.05,1097.05,1
1506,USMEM,USSAV,CNDAG,"Memphis, TN, USMEM","Savannah, GA, USSAV","Dalian Pt, 34, CNDAG",CNDAG,MAEU,Maersk,300094432,DRY,0,10/16/2025,3/31/2026,11/5/2025 9:38,1226.05,1226.05,0,0,1226.05,1226.05,1
1507,USMEM,USLAX,CNDAG,"Memphis, TN, USMEM",LALB,"Dalian Pt, 34, CNDAG",KRPUS,YMLU,YML,51625,DRY,1,10/27/2025,12/31/2025,11/5/2025 9:38,1320,1320,125.98,125.98,1445.98,1445.98,1
1508,USMEM,USSAV,CNDAG,"Memphis, TN, USMEM","Savannah, GA, USSAV","Dalian Pt, 34, CNDAG",CNDAG,OOLU,OOCL,MT256104,DRY,2,10/20/2025,12/31/2025,11/5/2025 9:38,1417,1417,159.19,159.19,1576.19,1576.19,1
1509,USMEM,USCHS,CNDAG,"Memphis, TN, USMEM","Charleston, SC, USCHS","Dalian Pt, 34, CNDAG",CNDAG,OOLU,OOCL,MT256104,DRY,2,10/20/2025,12/31/2025,11/5/2025 9:38,1417,1417,159.19,159.19,1576.19,1576.19,1
1510,USMEM,USLAX,CNDAG,"Memphis, TN, USMEM",LALB,"Dalian Pt, 34, CNDAG",CNQDG,YMLU,YML,51625,DRY,1,10/27/2025,12/31/2025,11/5/2025 9:38,1420,1420,224.8,224.8,1644.8,1644.8,1
1511,USMEM,USSAV,CNDFG,"Memphis, TN, USMEM","Savannah, GA, USSAV","Dafeng Pt, 22, CNDFG",CNDFG,MAEU,Maersk,300094432,DRY,0,10/16/2025,3/31/2026,11/5/2025 9:38,807.73,807.73,0,0,807.73,807.73,1
1512,USMEM,USLAX,CNDFG,"Memphis, TN, USMEM",LALB,"Dafeng Pt, 22, CNDFG",CNDFG,MAEU,Maersk,300094432,DRY,0,10/16/2025,3/31/2026,11/5/2025 9:38,878.73,878.73,0,0,878.73,878.73,1
1513,USMEM,USLAX,CNDFG,"Memphis, TN, USMEM",LALB,"Dafeng Pt, 22, CNDFG",CNSHG,YMLU,YML,51625,DRY,1,10/27/2025,12/31/2025,11/5/2025 9:38,1310,1310,224.8,224.8,1534.8,1534.8,1
1514,USMEM,USLAX,CNDOU,"Memphis, TN, USMEM",LALB,"Doumen Pt, 44, CNDOU",CNDOU,ONEY,ONE,CHIM354B25,DRY,1,10/1/2025,12/31/2025,11/5/2025 9:38,1866,1866,170.85,170.85,2036.85,2036.85,1
1515,USMEM,USLAX,CNFOC,"Memphis, TN, USMEM",LALB,"Fuzhou Changle, 35, CNFOC",CNFOC,ONEY,ONE,CHIM354B25,DRY,1,10/1/2025,12/31/2025,11/5/2025 9:38,1991,1991,116.19,116.19,2107.19,2107.19,1
1516,USMEM,USSAV,CNFZG,"Memphis, TN, USMEM","Savannah, GA, USSAV","Fuzhou Pt, 23, CNFZG",CNFZG,MAEU,Maersk,300094432,DRY,0,10/16/2025,3/31/2026,11/5/2025 9:38,1026.05,1026.05,0,0,1026.05,1026.05,1
1517,USMEM,USLAX,CNFZG,"Memphis, TN, USMEM",LALB,"Fuzhou Pt, 23, CNFZG",CNFZG,MAEU,Maersk,300094432,DRY,0,10/16/2025,3/31/2026,11/5/2025 9:38,1097.05,1097.05,0,0,1097.05,1097.05,1
1518,USMEM,USLAX,CNFZG,"Memphis, TN, USMEM",LALB,"Fuzhou Pt, 23, CNFZG",CNNBG,YMLU,YML,51625,DRY,1,10/27/2025,12/31/2025,11/5/2025 9:38,1400,1400,224.8,224.8,1624.8,1624.8,1
1519,USMEM,USLAX,CNGOM,"Memphis, TN, USMEM",LALB,"Gaoming Pt, 44, CNGOM",CNGOM,MAEU,Maersk,300094432,DRY,0,10/16/2025,3/31/2026,11/5/2025 9:38,1194.05,1194.05,0,0,1194.05,1194.05,1
1520,USMEM,USSAV,CNGOM,"Memphis, TN, USMEM","Savannah, GA, USSAV","Gaoming Pt, 44, CNGOM",CNGOM,MAEU,Maersk,300094432,DRY,0,10/16/2025,3/31/2026,11/5/2025 9:38,1323.05,1323.05,0,0,1323.05,1323.05,1
1521,USMEM,USLAX,CNGON,"Memphis, TN, USMEM",LALB,"Gaolan, 44, CNGON",CNGON,ONEY,ONE,CHIM354B25,DRY,1,10/1/2025,12/31/2025,11/5/2025 9:38,1916,1916,170.85,170.85,2086.85,2086.85,1
1522,USMEM,USLAX,CNGZG,"Memphis, TN, USMEM",LALB,"Guangzhou Pt, 22, CNGZG",CNGZG,YMLU,YML,51625,DRY,1,10/27/2025,12/31/2025,11/5/2025 9:38,1300,1300,224.8,224.8,1524.8,1524.8,1
1523,USMEM,USLAX,CNHFI,"Memphis, TN, USMEM",LALB,"Hefei, 34, CNHFI",CNSHG,YMLU,YML,51625,DRY,1,10/27/2025,12/31/2025,11/5/2025 9:38,2290,2290,224.8,224.8,2514.8,2514.8,1
1524,USMEM,USLAX,CNHSI,"Memphis, TN, USMEM",LALB,"Huangshi Pt, 42, CNHSI",CNSHG,YMLU,YML,51625,DRY,1,10/27/2025,12/31/2025,11/5/2025 9:38,1370,1370,224.8,224.8,1594.8,1594.8,1
1525,USMEM,USLAX,CNHUA,"Memphis, TN, USMEM",LALB,"Huangpu Pt, 44, CNHUA",CNHUA,MAEU,Maersk,300094432,DRY,0,10/16/2025,3/31/2026,11/5/2025 9:38,814.05,814.05,0,0,814.05,814.05,1
1526,USMEM,USSAV,CNHUA,"Memphis, TN, USMEM","Savannah, GA, USSAV","Huangpu Pt, 44, CNHUA",CNHUA,MAEU,Maersk,300094432,DRY,0,10/16/2025,3/31/2026,11/5/2025 9:38,943.05,943.05,0,0,943.05,943.05,1
1527,USMEM,USLGB,CNHUA,"Memphis, TN, USMEM",LALB,"Huangpu Pt, 44, CNHUA",CNHUA,OOLU,OOCL,MT256104,DRY,2,10/20/2025,12/31/2025,11/5/2025 9:38,1009,1009,159.19,159.19,1168.19,1168.19,1
1528,USMEM,USLAX,CNHUA,"Memphis, TN, USMEM",LALB,"Huangpu Pt, 44, CNHUA",CNHUA,OOLU,OOCL,MT256104,DRY,2,10/20/2025,12/31/2025,11/5/2025 9:38,1009,1009,159.19,159.19,1168.19,1168.19,1
1529,USMEM,USLAX,CNHUA,"Memphis, TN, USMEM",LALB,"Huangpu Pt, 44, CNHUA",CNHUA,YMLU,YML,51625,DRY,1,10/27/2025,12/31/2025,11/5/2025 9:38,1300,1300,224.8,224.8,1524.8,1524.8,1
1530,USMEM,USLAX,CNHUA,"Memphis, TN, USMEM",LALB,"Huangpu Pt, 44, CNHUA",CNHUA,ONEY,ONE,CHIM354B25,DRY,1,10/1/2025,12/31/2025,11/5/2025 9:38,1316,1316,170.85,170.85,1486.85,1486.85,1
1531,USMEM,USCHS,CNHUA,"Memphis, TN, USMEM","Charleston, SC, USCHS","Huangpu Pt, 44, CNHUA",CNHUA,OOLU,OOCL,MT256104,DRY,2,10/20/2025,12/31/2025,11/5/2025 9:38,1422,1422,159.19,159.19,1581.19,1581.19,1
1532,USMEM,USSAV,CNHUA,"Memphis, TN, USMEM","Savannah, GA, USSAV","Huangpu Pt, 44, CNHUA",CNHUA,OOLU,OOCL,MT256104,DRY,2,10/20/2025,12/31/2025,11/5/2025 9:38,1422,1422,159.19,159.19,1581.19,1581.19,1
1533,USMEM,USLAX,CNHZH,"Memphis, TN, USMEM",LALB,"Huzhou Pt, 33, CNHZH",CNSHG,YMLU,YML,51625,DRY,1,10/27/2025,12/31/2025,11/5/2025 9:38,1165,1165,224.8,224.8,1389.8,1389.8,1
1534,USMEM,USSAV,CNJIA,"Memphis, TN, USMEM","Savannah, GA, USSAV","Jiangyin Pt, 32, CNJIA",CNJIA,MAEU,Maersk,300094432,DRY,0,10/16/2025,3/31/2026,11/5/2025 9:38,1225.73,1225.73,0,0,1225.73,1225.73,1
1535,USMEM,USLAX,CNJIA,"Memphis, TN, USMEM",LALB,"Jiangyin Pt, 32, CNJIA",CNSHG,YMLU,YML,51625,DRY,1,10/27/2025,12/31/2025,11/5/2025 9:38,1230,1230,224.8,224.8,1454.8,1454.8,1
1536,USMEM,USLAX,CNJIA,"Memphis, TN, USMEM",LALB,"Jiangyin Pt, 32, CNJIA",CNJIA,MAEU,Maersk,300094432,DRY,0,10/16/2025,3/31/2026,11/5/2025 9:38,1296.73,1296.73,0,0,1296.73,1296.73,1
1537,USMEM,USLAX,CNJIU,"Memphis, TN, USMEM",LALB,"Jiujiang Pt, 36, CNJIU",CNSHG,YMLU,YML,51625,DRY,1,10/27/2025,12/31/2025,11/5/2025 9:38,1360,1360,224.8,224.8,1584.8,1584.8,1
1538,USMEM,USLAX,CNJIU,"Memphis, TN, USMEM",LALB,"Jiujiang Pt, 36, CNJIU",CNJIU,MAEU,Maersk,300094432,DRY,0,10/16/2025,3/31/2026,11/5/2025 9:38,2320.78,2320.78,0,0,2320.78,2320.78,1
1539,USMEM,USSAV,CNJIU,"Memphis, TN, USMEM","Savannah, GA, USSAV","Jiujiang Pt, 36, CNJIU",CNJIU,MAEU,Maersk,300094432,DRY,0,10/16/2025,3/31/2026,11/5/2025 9:38,2578.78,2578.78,0,0,2578.78,2578.78,1
1540,USMEM,USLAX,CNJMN,"Memphis, TN, USMEM",LALB,"Jiangmen Pt, 44, CNJMN",CNJMN,MAEU,Maersk,300094432,DRY,0,10/16/2025,3/31/2026,11/5/2025 9:38,1417.05,1417.05,0,0,1417.05,1417.05,1
1541,USMEM,USSAV,CNJMN,"Memphis, TN, USMEM","Savannah, GA, USSAV","Jiangmen Pt, 44, CNJMN",CNJMN,MAEU,Maersk,300094432,DRY,0,10/16/2025,3/31/2026,11/5/2025 9:38,1546.05,1546.05,0,0,1546.05,1546.05,1
1542,USMEM,USLAX,CNJNZ,"Memphis, TN, USMEM",LALB,"Jinzhou Pt, 21, CNJNZ",KRPUS,YMLU,YML,51625,DRY,1,10/27/2025,12/31/2025,11/5/2025 9:38,1820,1820,125.98,125.98,1945.98,1945.98,1
1543,USMEM,USLAX,CNJZK,"Memphis, TN, USMEM",LALB,"Jingzhou Pt, 42, CNJZK",CNSHG,YMLU,YML,51625,DRY,1,10/27/2025,12/31/2025,11/5/2025 9:38,1380,1380,224.8,224.8,1604.8,1604.8,1
1544,USMEM,USLAX,CNKHN,"Memphis, TN, USMEM",LALB,"Nanchang Changbei, 36, CNKHN",CNSHG,YMLU,YML,51625,DRY,1,10/27/2025,12/31/2025,11/5/2025 9:38,1440,1440,224.8,224.8,1664.8,1664.8,1
1545,USMEM,USLGB,CNKPN,"Memphis, TN, USMEM",LALB,"Kaiping, 13, CNKPN",CNKPN,OOLU,OOCL,MT256104,DRY,2,10/20/2025,12/31/2025,11/5/2025 9:38,1039,1039,0,0,1039,1039,1
1546,USMEM,USLAX,CNKPN,"Memphis, TN, USMEM",LALB,"Kaiping, 13, CNKPN",CNKPN,OOLU,OOCL,MT256104,DRY,2,10/20/2025,12/31/2025,11/5/2025 9:38,1039,1039,0,0,1039,1039,1
1547,USMEM,USLAX,CNKUS,"Memphis, TN, USMEM",LALB,"Kunshan, 32, CNKUS",CNSHG,YMLU,YML,51625,DRY,1,10/27/2025,12/31/2025,11/5/2025 9:38,1390,1390,224.8,224.8,1614.8,1614.8,1
1548,USMEM,USSAV,CNLYG,"Memphis, TN, USMEM","Savannah, GA, USSAV","Lianyungang, 32, CNLYG",CNLYG,MAEU,Maersk,300094432,DRY,0,10/16/2025,3/31/2026,11/5/2025 9:38,693.05,693.05,0,0,693.05,693.05,1
1549,USMEM,USLAX,CNLYG,"Memphis, TN, USMEM",LALB,"Lianyungang, 32, CNLYG",CNLYG,MAEU,Maersk,300094432,DRY,0,10/16/2025,3/31/2026,11/5/2025 9:38,764.05,764.05,0,0,764.05,764.05,1
1550,USMEM,USLAX,CNLYG,"Memphis, TN, USMEM",LALB,"Lianyungang, 32, CNLYG",CNNBG,YMLU,YML,51625,DRY,1,10/27/2025,12/31/2025,11/5/2025 9:38,1315,1315,224.8,224.8,1539.8,1539.8,1
1551,USMEM,USLAX,CNLYG,"Memphis, TN, USMEM",LALB,"Lianyungang, 32, CNLYG",CNSHG,YMLU,YML,51625,DRY,1,10/27/2025,12/31/2025,11/5/2025 9:38,1315,1315,224.8,224.8,1539.8,1539.8,1
1552,USMEM,USLAX,CNLYG,"Memphis, TN, USMEM",LALB,"Lianyungang, 32, CNLYG",CNLYG,ONEY,ONE,CHIM354B25,DRY,1,10/1/2025,12/31/2025,11/5/2025 9:38,1641,1641,117.04,117.04,1758.04,1758.04,1
1553,USMEM,USLGB,CNLYG,"Memphis, TN, USMEM",LALB,"Lianyungang, 32, CNLYG",CNLYG,OOLU,OOCL,MT256104,DRY,2,10/20/2025,12/31/2025,11/5/2025 9:38,1699,1699,159.19,159.19,1858.19,1858.19,1
1554,USMEM,USLAX,CNLYG,"Memphis, TN, USMEM",LALB,"Lianyungang, 32, CNLYG",CNLYG,OOLU,OOCL,MT256104,DRY,2,10/20/2025,12/31/2025,11/5/2025 9:38,1699,1699,159.19,159.19,1858.19,1858.19,1
1555,USMEM,USLAX,CNLZU,"Memphis, TN, USMEM",LALB,"Luzhou, 51, CNLZU",CNSHG,YMLU,YML,51625,DRY,1,10/27/2025,12/31/2025,11/5/2025 9:38,1840,1840,224.8,224.8,2064.8,2064.8,1
1556,USMEM,USLAX,CNMAA,"Memphis, TN, USMEM",LALB,"Maanshan Pt, 34, CNMAA",CNSHG,YMLU,YML,51625,DRY,1,10/27/2025,12/31/2025,11/5/2025 9:38,1240,1240,224.8,224.8,1464.8,1464.8,1
1557,USMEM,USSAV,CNNBG,"Memphis, TN, USMEM","Savannah, GA, USSAV","Ningbo Pt, 33, CNNBG",CNNBG,MAEU,Maersk,300094432,DRY,0,10/16/2025,3/31/2026,11/5/2025 9:38,553.05,553.05,0,0,553.05,553.05,1
1558,USMEM,USLAX,CNNBG,"Memphis, TN, USMEM",LALB,"Ningbo Pt, 33, CNNBG",CNNBG,MAEU,Maersk,300094432,DRY,0,10/16/2025,3/31/2026,11/5/2025 9:38,614.05,614.05,0,0,614.05,614.05,1
1559,USMEM,USLAX,CNNBG,"Memphis, TN, USMEM",LALB,"Ningbo Pt, 33, CNNBG",CNNBG,OOLU,OOCL,MT256104,DRY,2,10/20/2025,12/31/2025,11/5/2025 9:38,719,719,160.87,160.87,879.87,879.87,1
1560,USMEM,USLGB,CNNBG,"Memphis, TN, USMEM",LALB,"Ningbo Pt, 33, CNNBG",CNNBG,OOLU,OOCL,MT256104,DRY,2,10/20/2025,12/31/2025,11/5/2025 9:38,719,719,160.87,160.87,879.87,879.87,1
1561,USMEM,USORF,CNNBG,"Memphis, TN, USMEM","Norfolk, VA, USORF","Ningbo Pt, 33, CNNBG","NINGBO, CHINA",EGLV,EMC,SC103574,DRY,,10/1/2025,12/31/2025,11/5/2025 9:38,750,750,0,0,750,750,1
1562,USMEM,USCHS,CNNBG,"Memphis, TN, USMEM","Charleston, SC, USCHS","Ningbo Pt, 33, CNNBG","NINGBO, CHINA",EGLV,EMC,SC103574,DRY,,10/1/2025,12/31/2025,11/5/2025 9:38,750,750,0,0,750,750,1
1563,USMEM,USSAV,CNNBG,"Memphis, TN, USMEM","Savannah, GA, USSAV","Ningbo Pt, 33, CNNBG","NINGBO, CHINA",EGLV,EMC,SC103574,DRY,,10/1/2025,12/31/2025,11/5/2025 9:38,750,750,0,0,750,750,1
1564,USMEM,USLAX,CNNBG,"Memphis, TN, USMEM",LALB,"Ningbo Pt, 33, CNNBG",CNNBG,YMLU,YML,51625,DRY,1,10/27/2025,12/31/2025,11/5/2025 9:38,775,775,224.8,224.8,999.8,999.8,1
1565,USMEM,USLAX,CNNBG,"Memphis, TN, USMEM",LALB,"Ningbo Pt, 33, CNNBG",CNNBG,YMLU,YML,51625,DRY,1,10/27/2025,12/31/2025,11/5/2025 9:38,900,900,224.8,224.8,1124.8,1124.8,1
1566,USMEM,USLAX,CNNBG,"Memphis, TN, USMEM",LALB,"Ningbo Pt, 33, CNNBG",KRPUS,YMLU,YML,51625,DRY,1,10/27/2025,12/31/2025,11/5/2025 9:38,1020,1020,125.98,125.98,1145.98,1145.98,1
1567,USMEM,USSAV,CNNBG,"Memphis, TN, USMEM","Savannah, GA, USSAV","Ningbo Pt, 33, CNNBG",CNNBG,OOLU,OOCL,MT256104,DRY,2,10/20/2025,12/31/2025,11/5/2025 9:38,1067,1067,160.87,160.87,1227.87,1227.87,1
1568,USMEM,USCHS,CNNBG,"Memphis, TN, USMEM","Charleston, SC, USCHS","Ningbo Pt, 33, CNNBG",CNNBG,OOLU,OOCL,MT256104,DRY,2,10/20/2025,12/31/2025,11/5/2025 9:38,1067,1067,160.87,160.87,1227.87,1227.87,1
1569,USMEM,USLAX,CNNBG,"Memphis, TN, USMEM",LALB,"Ningbo Pt, 33, CNNBG",SGSIN,YMLU,YML,51625,DRY,1,10/27/2025,12/31/2025,11/5/2025 9:38,1260,1260,268.95,268.95,1528.95,1528.95,1
1570,USMEM,USLAX,CNNBG,"Memphis, TN, USMEM",LALB,"Ningbo Pt, 33, CNNBG","NINGBO, CHINA",EGLV,EMC,SC103574,DRY,,10/1/2025,12/31/2025,11/5/2025 9:38,1400,1400,0,0,1400,1400,1
1571,USMEM,USLAX,CNNBG,"Memphis, TN, USMEM",LALB,"Ningbo Pt, 33, CNNBG",CNNBG,ONEY,ONE,CHIM354B25,DRY,1,10/1/2025,12/31/2025,11/5/2025 9:38,1491,1491,120.69,120.69,1611.69,1611.69,1
1572,USMEM,USLAX,CNNJG,"Memphis, TN, USMEM",LALB,"Nanjing Pt, 35, CNNJG",CNSHG,YMLU,YML,51625,DRY,1,10/27/2025,12/31/2025,11/5/2025 9:38,1230,1230,224.8,224.8,1454.8,1454.8,1
1573,USMEM,USSAV,CNNJG,"Memphis, TN, USMEM","Savannah, GA, USSAV","Nanjing Pt, 35, CNNJG",CNNJG,MAEU,Maersk,300094432,DRY,0,10/16/2025,3/31/2026,11/5/2025 9:38,1235.73,1235.73,0,0,1235.73,1235.73,1
1574,USMEM,USLAX,CNNJG,"Memphis, TN, USMEM",LALB,"Nanjing Pt, 35, CNNJG",CNNJG,MAEU,Maersk,300094432,DRY,0,10/16/2025,3/31/2026,11/5/2025 9:38,1306.73,1306.73,0,0,1306.73,1306.73,1
1575,USMEM,USLAX,CNNJP,"Memphis, TN, USMEM",LALB,"Nanjing Pt, 32, CNNJP",CNSHG,YMLU,YML,51625,DRY,1,10/27/2025,12/31/2025,11/5/2025 9:38,1230,1230,224.8,224.8,1454.8,1454.8,1
1576,USMEM,USLAX,CNNKG,"Memphis, TN, USMEM",LALB,"Nanjing Lukou, 32, CNNKG",CNSHG,YMLU,YML,51625,DRY,1,10/27/2025,12/31/2025,11/5/2025 9:38,1230,1230,224.8,224.8,1454.8,1454.8,1
1577,USMEM,USLAX,CNNKG,"Memphis, TN, USMEM",LALB,"Nanjing Lukou, 32, CNNKG",CNNKG,ONEY,ONE,CHIM354B25,DRY,1,10/1/2025,12/31/2025,11/5/2025 9:38,1751,1751,116.33,116.33,1867.33,1867.33,1
1578,USMEM,USLAX,CNNSA,"Memphis, TN, USMEM",LALB,"Nansha Pt, 44, CNNSA",CNNSA,OOLU,OOCL,MT256104,DRY,2,10/20/2025,12/31/2025,11/5/2025 9:38,969,969,159.19,159.19,1128.19,1128.19,1
1579,USMEM,USLGB,CNNSA,"Memphis, TN, USMEM",LALB,"Nansha Pt, 44, CNNSA",CNNSA,OOLU,OOCL,MT256104,DRY,2,10/20/2025,12/31/2025,11/5/2025 9:38,969,969,159.19,159.19,1128.19,1128.19,1
1580,USMEM,USLAX,CNNSA,"Memphis, TN, USMEM",LALB,"Nansha Pt, 44, CNNSA",CNNSA,ONEY,ONE,CHIM354B25,DRY,1,10/1/2025,12/31/2025,11/5/2025 9:38,1841,1841,170.85,170.85,2011.85,2011.85,1
1581,USMEM,USSAV,CNNTG,"Memphis, TN, USMEM","Savannah, GA, USSAV","Nantong Pt, 32, CNNTG",CNNTG,MAEU,Maersk,300094432,DRY,0,10/16/2025,3/31/2026,11/5/2025 9:38,642.73,642.73,0,0,642.73,642.73,1
1582,USMEM,USLAX,CNNTG,"Memphis, TN, USMEM",LALB,"Nantong Pt, 32, CNNTG",CNNTG,MAEU,Maersk,300094432,DRY,0,10/16/2025,3/31/2026,11/5/2025 9:38,713.73,713.73,0,0,713.73,713.73,1
1583,USMEM,USLAX,CNNTG,"Memphis, TN, USMEM",LALB,"Nantong Pt, 32, CNNTG",CNSHG,YMLU,YML,51625,DRY,1,10/27/2025,12/31/2025,11/5/2025 9:38,1230,1230,224.8,224.8,1454.8,1454.8,1
1584,USMEM,USLAX,CNNTG,"Memphis, TN, USMEM",LALB,"Nantong Pt, 32, CNNTG",CNNTG,ONEY,ONE,CHIM354B25,DRY,1,10/1/2025,12/31/2025,11/5/2025 9:38,1566,1566,116.33,116.33,1682.33,1682.33,1
1585,USMEM,USLAX,CNPUT,"Memphis, TN, USMEM",LALB,"Putian, 35, CNPUT",CNXMG,YMLU,YML,51625,DRY,1,10/27/2025,12/31/2025,11/5/2025 9:38,1210,1210,224.8,224.8,1434.8,1434.8,1
1586,USMEM,USSAV,CNQDG,"Memphis, TN, USMEM","Savannah, GA, USSAV","Qingdao Pt, 32, CNQDG",CNQDG,MAEU,Maersk,300094432,DRY,0,10/16/2025,3/31/2026,11/5/2025 9:38,454.05,454.05,0,0,454.05,454.05,1
1587,USMEM,USLAX,CNQDG,"Memphis, TN, USMEM",LALB,"Qingdao Pt, 32, CNQDG",CNQDG,MAEU,Maersk,300094432,DRY,0,10/16/2025,3/31/2026,11/5/2025 9:38,525.05,525.05,0,0,525.05,525.05,1
1588,USMEM,USLGB,CNQDG,"Memphis, TN, USMEM",LALB,"Qingdao Pt, 32, CNQDG",CNQDG,OOLU,OOCL,MT256104,DRY,2,10/20/2025,12/31/2025,11/5/2025 9:38,719,719,190.8,190.8,909.8,909.8,1
1589,USMEM,USLAX,CNQDG,"Memphis, TN, USMEM",LALB,"Qingdao Pt, 32, CNQDG",CNQDG,OOLU,OOCL,MT256104,DRY,2,10/20/2025,12/31/2025,11/5/2025 9:38,719,719,190.8,190.8,909.8,909.8,1
1590,USMEM,USSAV,CNQDG,"Memphis, TN, USMEM","Savannah, GA, USSAV","Qingdao Pt, 32, CNQDG","QINGDAO, CHINA",EGLV,EMC,SC103574,DRY,,10/1/2025,12/31/2025,11/5/2025 9:38,750,750,0,0,750,750,1
1591,USMEM,USCHS,CNQDG,"Memphis, TN, USMEM","Charleston, SC, USCHS","Qingdao Pt, 32, CNQDG","QINGDAO, CHINA",EGLV,EMC,SC103574,DRY,,10/1/2025,12/31/2025,11/5/2025 9:38,750,750,0,0,750,750,1
1592,USMEM,USORF,CNQDG,"Memphis, TN, USMEM","Norfolk, VA, USORF","Qingdao Pt, 32, CNQDG","QINGDAO, CHINA",EGLV,EMC,SC103574,DRY,,10/1/2025,12/31/2025,11/5/2025 9:38,750,750,0,0,750,750,1
1593,USMEM,USLAX,CNQDG,"Memphis, TN, USMEM",LALB,"Qingdao Pt, 32, CNQDG",CNQDG,YMLU,YML,51625,DRY,1,10/27/2025,12/31/2025,11/5/2025 9:38,900,900,224.8,224.8,1124.8,1124.8,1
1594,USMEM,USCHS,CNQDG,"Memphis, TN, USMEM","Charleston, SC, USCHS","Qingdao Pt, 32, CNQDG",CNQDG,OOLU,OOCL,MT256104,DRY,2,10/20/2025,12/31/2025,11/5/2025 9:38,1127,1127,190.8,190.8,1317.8,1317.8,1
1595,USMEM,USSAV,CNQDG,"Memphis, TN, USMEM","Savannah, GA, USSAV","Qingdao Pt, 32, CNQDG",CNQDG,OOLU,OOCL,MT256104,DRY,2,10/20/2025,12/31/2025,11/5/2025 9:38,1127,1127,190.8,190.8,1317.8,1317.8,1
1596,USMEM,USLAX,CNQDG,"Memphis, TN, USMEM",LALB,"Qingdao Pt, 32, CNQDG",KRPUS,YMLU,YML,51625,DRY,1,10/27/2025,12/31/2025,11/5/2025 9:38,1130,1130,125.98,125.98,1255.98,1255.98,1
1597,USMEM,USLAX,CNQDG,"Memphis, TN, USMEM",LALB,"Qingdao Pt, 32, CNQDG",SGSIN,YMLU,YML,51625,DRY,1,10/27/2025,12/31/2025,11/5/2025 9:38,1375,1375,268.95,268.95,1643.95,1643.95,1
1598,USMEM,USLAX,CNQDG,"Memphis, TN, USMEM",LALB,"Qingdao Pt, 32, CNQDG","QINGDAO, CHINA",EGLV,EMC,SC103574,DRY,,10/1/2025,12/31/2025,11/5/2025 9:38,1400,1400,0,0,1400,1400,1
1599,USMEM,USLAX,CNQDG,"Memphis, TN, USMEM",LALB,"Qingdao Pt, 32, CNQDG",CNQDG,ONEY,ONE,CHIM354B25,DRY,1,10/1/2025,12/31/2025,11/5/2025 9:38,1491,1491,117.04,117.04,1608.04,1608.04,1
1600,USMEM,USLAX,CNQZH,"Memphis, TN, USMEM",LALB,"Qinzhou Pt, 45, CNQZH",CNQZH,MAEU,Maersk,300094432,DRY,0,10/16/2025,3/31/2026,11/5/2025 9:38,1207.05,1207.05,0,0,1207.05,1207.05,1
1601,USMEM,USSAV,CNQZH,"Memphis, TN, USMEM","Savannah, GA, USSAV","Qinzhou Pt, 45, CNQZH",CNQZH,MAEU,Maersk,300094432,DRY,0,10/16/2025,3/31/2026,11/5/2025 9:38,1336.05,1336.05,0,0,1336.05,1336.05,1
1602,USMEM,USSAV,CNRUG,"Memphis, TN, USMEM","Savannah, GA, USSAV","Rugao Pt, 32, CNRUG",CNRUG,MAEU,Maersk,300094432,DRY,0,10/16/2025,3/31/2026,11/5/2025 9:38,632.73,632.73,0,0,632.73,632.73,1
1603,USMEM,USLAX,CNRUG,"Memphis, TN, USMEM",LALB,"Rugao Pt, 32, CNRUG",CNRUG,MAEU,Maersk,300094432,DRY,0,10/16/2025,3/31/2026,11/5/2025 9:38,703.73,703.73,0,0,703.73,703.73,1
1604,USMEM,USLAX,CNRZH,"Memphis, TN, USMEM",LALB,"Rizhao Pt, 37, CNRZH",CNQDG,YMLU,YML,51625,DRY,1,10/27/2025,12/31/2025,11/5/2025 9:38,1180,1180,224.8,224.8,1404.8,1404.8,1
1605,USMEM,USLGB,CNSBU,"Memphis, TN, USMEM",LALB,"Sanbu Pt, 44, CNSBU",CNSBU,OOLU,OOCL,MT256104,DRY,2,10/20/2025,12/31/2025,11/5/2025 9:38,1039,1039,0,0,1039,1039,1
1606,USMEM,USLAX,CNSBU,"Memphis, TN, USMEM",LALB,"Sanbu Pt, 44, CNSBU",CNSBU,OOLU,OOCL,MT256104,DRY,2,10/20/2025,12/31/2025,11/5/2025 9:38,1039,1039,0,0,1039,1039,1
1607,USMEM,USSAV,CNSBU,"Memphis, TN, USMEM","Savannah, GA, USSAV","Sanbu Pt, 44, CNSBU",CNSBU,ONEY,ONE,CHIM354B25,DRY,1,10/1/2025,12/31/2025,11/5/2025 9:38,1639,1639,170.85,170.85,1809.85,1809.85,1
1608,USMEM,USLAX,CNSHG,"Memphis, TN, USMEM",LALB,"Shanghai Pt, 44, CNSHG",CNSHG,OOLU,OOCL,MT256104,DRY,2,10/20/2025,12/31/2025,11/5/2025 9:38,719,719,160.87,160.87,879.87,879.87,1
1609,USMEM,USLGB,CNSHG,"Memphis, TN, USMEM",LALB,"Shanghai Pt, 44, CNSHG",CNSHG,OOLU,OOCL,MT256104,DRY,2,10/20/2025,12/31/2025,11/5/2025 9:38,719,719,160.87,160.87,879.87,879.87,1
1610,USMEM,USSAV,CNSHG,"Memphis, TN, USMEM","Savannah, GA, USSAV","Shanghai Pt, 44, CNSHG",SHANGHAI,EGLV,EMC,SC103574,DRY,,10/1/2025,12/31/2025,11/5/2025 9:38,750,750,0,0,750,750,1
1611,USMEM,USCHS,CNSHG,"Memphis, TN, USMEM","Charleston, SC, USCHS","Shanghai Pt, 44, CNSHG",SHANGHAI,EGLV,EMC,SC103574,DRY,,10/1/2025,12/31/2025,11/5/2025 9:38,750,750,0,0,750,750,1
1612,USMEM,USORF,CNSHG,"Memphis, TN, USMEM","Norfolk, VA, USORF","Shanghai Pt, 44, CNSHG",SHANGHAI,EGLV,EMC,SC103574,DRY,,10/1/2025,12/31/2025,11/5/2025 9:38,750,750,0,0,750,750,1
1613,USMEM,USSAV,CNSHG,"Memphis, TN, USMEM","Savannah, GA, USSAV","Shanghai Pt, 44, CNSHG",CNSHG,MAEU,Maersk,300094432,DRY,0,10/16/2025,3/31/2026,11/5/2025 9:38,786.05,786.05,0,0,786.05,786.05,1
1614,USMEM,USLAX,CNSHG,"Memphis, TN, USMEM",LALB,"Shanghai Pt, 44, CNSHG",CNSHG,MAEU,Maersk,300094432,DRY,0,10/16/2025,3/31/2026,11/5/2025 9:38,857.05,857.05,0,0,857.05,857.05,1
1615,USMEM,USLAX,CNSHG,"Memphis, TN, USMEM",LALB,"Shanghai Pt, 44, CNSHG",CNSHG,YMLU,YML,51625,DRY,1,10/27/2025,12/31/2025,11/5/2025 9:38,900,900,224.8,224.8,1124.8,1124.8,1
1616,USMEM,USSAV,CNSHG,"Memphis, TN, USMEM","Savannah, GA, USSAV","Shanghai Pt, 44, CNSHG",CNSHG,OOLU,OOCL,MT256104,DRY,2,10/20/2025,12/31/2025,11/5/2025 9:38,1067,1067,160.87,160.87,1227.87,1227.87,1
1617,USMEM,USCHS,CNSHG,"Memphis, TN, USMEM","Charleston, SC, USCHS","Shanghai Pt, 44, CNSHG",CNSHG,OOLU,OOCL,MT256104,DRY,2,10/20/2025,12/31/2025,11/5/2025 9:38,1067,1067,160.87,160.87,1227.87,1227.87,1
1618,USMEM,USLAX,CNSHG,"Memphis, TN, USMEM",LALB,"Shanghai Pt, 44, CNSHG",SGSIN,YMLU,YML,51625,DRY,1,10/27/2025,12/31/2025,11/5/2025 9:38,1260,1260,268.95,268.95,1528.95,1528.95,1
1619,USMEM,USLAX,CNSHG,"Memphis, TN, USMEM",LALB,"Shanghai Pt, 44, CNSHG",SHANGHAI,EGLV,EMC,SC103574,DRY,,10/1/2025,12/31/2025,11/5/2025 9:38,1400,1400,0,0,1400,1400,1
1620,USMEM,USLAX,CNSHG,"Memphis, TN, USMEM",LALB,"Shanghai Pt, 44, CNSHG",CNSHG,ONEY,ONE,CHIM354B25,DRY,1,10/1/2025,12/31/2025,11/5/2025 9:38,1466,1466,116.33,116.33,1582.33,1582.33,1
1621,USMEM,USLAX,CNSHK,"Memphis, TN, USMEM",LALB,"Shekou Pt, 44, CNSHK",CNSHK,YMLU,YML,51625,DRY,1,10/27/2025,12/31/2025,11/5/2025 9:38,900,900,224.8,224.8,1124.8,1124.8,1
1622,USMEM,USLAX,CNSHK,"Memphis, TN, USMEM",LALB,"Shekou Pt, 44, CNSHK",SGSIN,YMLU,YML,51625,DRY,1,10/27/2025,12/31/2025,11/5/2025 9:38,1205,1205,268.95,268.95,1473.95,1473.95,1
1623,USMEM,USLGB,CNSHK,"Memphis, TN, USMEM",LALB,"Shekou Pt, 44, CNSHK",CNSHK,OOLU,OOCL,MT256104,DRY,2,10/20/2025,12/31/2025,11/5/2025 9:38,1449,1449,0,0,1449,1449,1
1624,USMEM,USLAX,CNSHK,"Memphis, TN, USMEM",LALB,"Shekou Pt, 44, CNSHK",CNSHK,OOLU,OOCL,MT256104,DRY,2,10/20/2025,12/31/2025,11/5/2025 9:38,1449,1449,0,0,1449,1449,1
1625,USMEM,USLAX,CNSHK,"Memphis, TN, USMEM",LALB,"Shekou Pt, 44, CNSHK",CNSHK,ONEY,ONE,CHIM354B25,DRY,1,10/1/2025,12/31/2025,11/5/2025 9:38,1491,1491,170.85,170.85,1661.85,1661.85,1
1626,USMEM,USLAX,CNSHP,"Memphis, TN, USMEM",LALB,"Qinhuangdao Pt, 13, CNSHP",CNTXG,YMLU,YML,51625,DRY,1,10/27/2025,12/31/2025,11/5/2025 9:38,1320,1320,224.8,224.8,1544.8,1544.8,1
1627,USMEM,USLAX,CNSZG,"Memphis, TN, USMEM",LALB,"Suzhou Pt, 32, CNSZG",CNSHG,YMLU,YML,51625,DRY,1,10/27/2025,12/31/2025,11/5/2025 9:38,1390,1390,224.8,224.8,1614.8,1614.8,1
1628,USMEM,USLAX,CNTAC,"Memphis, TN, USMEM",LALB,"Taicang Pt, 32, CNTAC",CNSHG,YMLU,YML,51625,DRY,1,10/27/2025,12/31/2025,11/5/2025 9:38,1000,1000,224.8,224.8,1224.8,1224.8,1
1629,USMEM,USLAX,CNTAG,"Memphis, TN, USMEM",LALB,"Taicang, 32, CNTAG",CNSHG,YMLU,YML,51625,DRY,1,10/27/2025,12/31/2025,11/5/2025 9:38,1000,1000,224.8,224.8,1224.8,1224.8,1
1630,USMEM,USLAX,CNTAZ,"Memphis, TN, USMEM",LALB,"Taizhou Pt, 33, CNTAZ",CNSHG,YMLU,YML,51625,DRY,1,10/27/2025,12/31/2025,11/5/2025 9:38,1230,1230,224.8,224.8,1454.8,1454.8,1
1631,USMEM,USLAX,CNTOL,"Memphis, TN, USMEM",LALB,"Tongling Pt, 34, CNTOL",CNSHG,YMLU,YML,51625,DRY,1,10/27/2025,12/31/2025,11/5/2025 9:38,1270,1270,224.8,224.8,1494.8,1494.8,1
1632,USMEM,USSAV,CNTXG,"Memphis, TN, USMEM","Savannah, GA, USSAV","Tianjin Xingang Pt, 12, CNTXG",CNTXG,MAEU,Maersk,300094432,DRY,0,10/16/2025,3/31/2026,11/5/2025 9:38,433.05,433.05,0,0,433.05,433.05,1
1633,USMEM,USLAX,CNTXG,"Memphis, TN, USMEM",LALB,"Tianjin Xingang Pt, 12, CNTXG",CNTXG,MAEU,Maersk,300094432,DRY,0,10/16/2025,3/31/2026,11/5/2025 9:38,604.05,604.05,0,0,604.05,604.05,1
1634,USMEM,USLAX,CNTXG,"Memphis, TN, USMEM",LALB,"Tianjin Xingang Pt, 12, CNTXG",CNTXG,YMLU,YML,51625,DRY,1,10/27/2025,12/31/2025,11/5/2025 9:38,900,900,224.8,224.8,1124.8,1124.8,1
1635,USMEM,USLAX,CNTXG,"Memphis, TN, USMEM",LALB,"Tianjin Xingang Pt, 12, CNTXG",CNTXG,OOLU,OOCL,MT256104,DRY,2,10/20/2025,12/31/2025,11/5/2025 9:38,969,969,159.19,159.19,1128.19,1128.19,1
1636,USMEM,USLGB,CNTXG,"Memphis, TN, USMEM",LALB,"Tianjin Xingang Pt, 12, CNTXG",CNTXG,OOLU,OOCL,MT256104,DRY,2,10/20/2025,12/31/2025,11/5/2025 9:38,969,969,159.19,159.19,1128.19,1128.19,1
1637,USMEM,USLAX,CNTXG,"Memphis, TN, USMEM",LALB,"Tianjin Xingang Pt, 12, CNTXG",KRPUS,YMLU,YML,51625,DRY,1,10/27/2025,12/31/2025,11/5/2025 9:38,1150,1150,125.98,125.98,1275.98,1275.98,1
1638,USMEM,USCHS,CNTXG,"Memphis, TN, USMEM","Charleston, SC, USCHS","Tianjin Xingang Pt, 12, CNTXG",CNTXG,OOLU,OOCL,MT256104,DRY,2,10/20/2025,12/31/2025,11/5/2025 9:38,1227,1227,159.19,159.19,1386.19,1386.19,1
1639,USMEM,USSAV,CNTXG,"Memphis, TN, USMEM","Savannah, GA, USSAV","Tianjin Xingang Pt, 12, CNTXG",CNTXG,OOLU,OOCL,MT256104,DRY,2,10/20/2025,12/31/2025,11/5/2025 9:38,1227,1227,159.19,159.19,1386.19,1386.19,1
1640,USMEM,USLAX,CNTXG,"Memphis, TN, USMEM",LALB,"Tianjin Xingang Pt, 12, CNTXG",TWKHH,YMLU,YML,51625,DRY,1,10/27/2025,12/31/2025,11/5/2025 9:38,1335,1335,227.3,227.3,1562.3,1562.3,1
1641,USMEM,USLAX,CNTXG,"Memphis, TN, USMEM",LALB,"Tianjin Xingang Pt, 12, CNTXG",CNTXG,ONEY,ONE,CHIM354B25,DRY,1,10/1/2025,12/31/2025,11/5/2025 9:38,1516,1516,114.37,114.37,1630.37,1630.37,1
1642,USMEM,USLAX,CNWEI,"Memphis, TN, USMEM",LALB,"Weihai, 37, CNWEI",CNQDG,YMLU,YML,51625,DRY,1,10/27/2025,12/31/2025,11/5/2025 9:38,1310,1310,224.8,224.8,1534.8,1534.8,1
1643,USMEM,USSAV,CNWHG,"Memphis, TN, USMEM","Savannah, GA, USSAV","Wuhan Pt, 42, CNWHG",CNWHG,MAEU,Maersk,300094432,DRY,0,10/16/2025,3/31/2026,11/5/2025 9:38,732.73,732.73,0,0,732.73,732.73,1
1644,USMEM,USLAX,CNWHG,"Memphis, TN, USMEM",LALB,"Wuhan Pt, 42, CNWHG",CNWHG,MAEU,Maersk,300094432,DRY,0,10/16/2025,3/31/2026,11/5/2025 9:38,803.73,803.73,0,0,803.73,803.73,1
1645,USMEM,USLAX,CNWHG,"Memphis, TN, USMEM",LALB,"Wuhan Pt, 42, CNWHG",CNSHG,YMLU,YML,51625,DRY,1,10/27/2025,12/31/2025,11/5/2025 9:38,1370,1370,224.8,224.8,1594.8,1594.8,1
1646,USMEM,USLAX,CNWHI,"Memphis, TN, USMEM",LALB,"Wuhu Pt, 34, CNWHI",CNSHG,YMLU,YML,51625,DRY,1,10/27/2025,12/31/2025,11/5/2025 9:38,1230,1230,224.8,224.8,1454.8,1454.8,1
1647,USMEM,USLAX,CNWJA,"Memphis, TN, USMEM",LALB,"Wujiang, 32, CNWJA",CNSHG,YMLU,YML,51625,DRY,1,10/27/2025,12/31/2025,11/5/2025 9:38,1410,1410,224.8,224.8,1634.8,1634.8,1
1648,USMEM,USLAX,CNWNZ,"Memphis, TN, USMEM",LALB,"Wenzhou Longwan, 33, CNWNZ",CNNBG,YMLU,YML,51625,DRY,1,10/27/2025,12/31/2025,11/5/2025 9:38,1270,1270,224.8,224.8,1494.8,1494.8,1
1649,USMEM,USLAX,CNWNZ,"Memphis, TN, USMEM",LALB,"Wenzhou Longwan, 33, CNWNZ",CNSHG,YMLU,YML,51625,DRY,1,10/27/2025,12/31/2025,11/5/2025 9:38,1270,1270,224.8,224.8,1494.8,1494.8,1
1650,USMEM,USLAX,CNWUH,"Memphis, TN, USMEM",LALB,"Wuhan Tianhe, 42, CNWUH",CNWUH,ONEY,ONE,CHIM354B25,DRY,1,10/1/2025,12/31/2025,11/5/2025 9:38,1816,1816,116.33,116.33,1932.33,1932.33,1
1651,USMEM,USSAV,CNWUZ,"Memphis, TN, USMEM","Savannah, GA, USSAV","Wuzhou Pt, 45, CNWUZ",CNWUZ,MAEU,Maersk,300094432,DRY,0,10/16/2025,3/31/2026,11/5/2025 9:38,1236.05,1236.05,0,0,1236.05,1236.05,1
1652,USMEM,USLAX,CNWUZ,"Memphis, TN, USMEM",LALB,"Wuzhou Pt, 45, CNWUZ",CNWUZ,MAEU,Maersk,300094432,DRY,0,10/16/2025,3/31/2026,11/5/2025 9:38,1307.05,1307.05,0,0,1307.05,1307.05,1
1653,USMEM,USLAX,CNWUZ,"Memphis, TN, USMEM",LALB,"Wuzhou Pt, 45, CNWUZ",CNWUZ,ONEY,ONE,CHIM354B25,DRY,1,10/1/2025,12/31/2025,11/5/2025 9:38,1616,1616,170.85,170.85,1786.85,1786.85,1
1654,USMEM,USLAX,CNXIA,"Memphis, TN, USMEM",LALB,"Xian, 33, CNXIA",CNSHG,YMLU,YML,51625,DRY,1,10/27/2025,12/31/2025,11/5/2025 9:38,3175,3175,224.8,224.8,3399.8,3399.8,1
1655,USMEM,USLAX,CNXMG,"Memphis, TN, USMEM",LALB,"Xiamen Pt, 35, CNXMG",CNXMG,MAEU,Maersk,300094432,DRY,0,10/16/2025,3/31/2026,11/5/2025 9:38,614.05,614.05,0,0,614.05,614.05,1
1656,USMEM,USSAV,CNXMG,"Memphis, TN, USMEM","Savannah, GA, USSAV","Xiamen Pt, 35, CNXMG",CNXMG,MAEU,Maersk,300094432,DRY,0,10/16/2025,3/31/2026,11/5/2025 9:38,633.05,633.05,0,0,633.05,633.05,1
1657,USMEM,USLAX,CNXMG,"Memphis, TN, USMEM",LALB,"Xiamen Pt, 35, CNXMG",CNXMG,OOLU,OOCL,MT256104,DRY,2,10/20/2025,12/31/2025,11/5/2025 9:38,719,719,159.19,159.19,878.19,878.19,1
1658,USMEM,USLGB,CNXMG,"Memphis, TN, USMEM",LALB,"Xiamen Pt, 35, CNXMG",CNXMG,OOLU,OOCL,MT256104,DRY,2,10/20/2025,12/31/2025,11/5/2025 9:38,719,719,159.19,159.19,878.19,878.19,1
1659,USMEM,USORF,CNXMG,"Memphis, TN, USMEM","Norfolk, VA, USORF","Xiamen Pt, 35, CNXMG","XIAMEN, CHINA",EGLV,EMC,SC103574,DRY,,10/1/2025,12/31/2025,11/5/2025 9:38,800,800,0,0,800,800,1
1660,USMEM,USCHS,CNXMG,"Memphis, TN, USMEM","Charleston, SC, USCHS","Xiamen Pt, 35, CNXMG","XIAMEN, CHINA",EGLV,EMC,SC103574,DRY,,10/1/2025,12/31/2025,11/5/2025 9:38,800,800,0,0,800,800,1
1661,USMEM,USSAV,CNXMG,"Memphis, TN, USMEM","Savannah, GA, USSAV","Xiamen Pt, 35, CNXMG","XIAMEN, CHINA",EGLV,EMC,SC103574,DRY,,10/1/2025,12/31/2025,11/5/2025 9:38,800,800,0,0,800,800,1
1662,USMEM,USLAX,CNXMG,"Memphis, TN, USMEM",LALB,"Xiamen Pt, 35, CNXMG",CNXMG,YMLU,YML,51625,DRY,1,10/27/2025,12/31/2025,11/5/2025 9:38,900,900,224.8,224.8,1124.8,1124.8,1
1663,USMEM,USCHS,CNXMG,"Memphis, TN, USMEM","Charleston, SC, USCHS","Xiamen Pt, 35, CNXMG",CNXMG,OOLU,OOCL,MT256104,DRY,2,10/20/2025,12/31/2025,11/5/2025 9:38,1067,1067,159.19,159.19,1226.19,1226.19,1
1664,USMEM,USSAV,CNXMG,"Memphis, TN, USMEM","Savannah, GA, USSAV","Xiamen Pt, 35, CNXMG",CNXMG,OOLU,OOCL,MT256104,DRY,2,10/20/2025,12/31/2025,11/5/2025 9:38,1067,1067,159.19,159.19,1226.19,1226.19,1
1665,USMEM,USLAX,CNXMG,"Memphis, TN, USMEM",LALB,"Xiamen Pt, 35, CNXMG","XIAMEN, CHINA",EGLV,EMC,SC103574,DRY,,10/1/2025,12/31/2025,11/5/2025 9:38,1450,1450,0,0,1450,1450,1
1666,USMEM,USLAX,CNXMG,"Memphis, TN, USMEM",LALB,"Xiamen Pt, 35, CNXMG",CNXMG,ONEY,ONE,CHIM354B25,DRY,1,10/1/2025,12/31/2025,11/5/2025 9:38,1566,1566,114.37,114.37,1680.37,1680.37,1
1667,USMEM,USLAX,CNXNJ,"Memphis, TN, USMEM",LALB,"Xinji, 13, CNXNJ",CNTXG,YMLU,YML,51625,DRY,1,10/27/2025,12/31/2025,11/5/2025 9:38,1570,1570,224.8,224.8,1794.8,1794.8,1
1668,USMEM,USLAX,CNYBN,"Memphis, TN, USMEM",LALB,"Yibin, 51, CNYBN",CNSHG,YMLU,YML,51625,DRY,1,10/27/2025,12/31/2025,11/5/2025 9:38,1900,1900,224.8,224.8,2124.8,2124.8,1
1669,USMEM,USLAX,CNYIC,"Memphis, TN, USMEM",LALB,"Yichang, 42, CNYIC",CNSHG,YMLU,YML,51625,DRY,1,10/27/2025,12/31/2025,11/5/2025 9:38,1480,1480,224.8,224.8,1704.8,1704.8,1
1670,USMEM,USLAX,CNYNT,"Memphis, TN, USMEM",LALB,"Yantai Laishan, 37, CNYNT",CNQDG,YMLU,YML,51625,DRY,1,10/27/2025,12/31/2025,11/5/2025 9:38,1230,1230,224.8,224.8,1454.8,1454.8,1
1671,USMEM,USLAX,CNYNT,"Memphis, TN, USMEM",LALB,"Yantai Laishan, 37, CNYNT",CNYNT,ONEY,ONE,CHIM354B25,DRY,1,10/1/2025,12/31/2025,11/5/2025 9:38,1791,1791,117.04,117.04,1908.04,1908.04,1
1672,USMEM,USLAX,CNYPG,"Memphis, TN, USMEM",LALB,"Yangpu Pt, 46, CNYPG",CNYPG,OOLU,OOCL,MT256104,DRY,2,10/20/2025,12/31/2025,11/5/2025 9:38,719,719,0,0,719,719,1
1673,USMEM,USLGB,CNYPG,"Memphis, TN, USMEM",LALB,"Yangpu Pt, 46, CNYPG",CNYPG,OOLU,OOCL,MT256104,DRY,2,10/20/2025,12/31/2025,11/5/2025 9:38,719,719,0,0,719,719,1
1674,USMEM,USSAV,CNYPG,"Memphis, TN, USMEM","Savannah, GA, USSAV","Yangpu Pt, 46, CNYPG",CNYPG,OOLU,OOCL,MT256104,DRY,2,10/20/2025,12/31/2025,11/5/2025 9:38,1067,1067,0,0,1067,1067,1
1675,USMEM,USCHS,CNYPG,"Memphis, TN, USMEM","Charleston, SC, USCHS","Yangpu Pt, 46, CNYPG",CNYPG,OOLU,OOCL,MT256104,DRY,2,10/20/2025,12/31/2025,11/5/2025 9:38,1067,1067,0,0,1067,1067,1
1676,USMEM,USLAX,CNYTN,"Memphis, TN, USMEM",LALB,"Yantian Pt, 44, CNYTN",CNYTN,OOLU,OOCL,MT256104,DRY,2,10/20/2025,12/31/2025,11/5/2025 9:38,719,719,159.19,159.19,878.19,878.19,1
1677,USMEM,USLGB,CNYTN,"Memphis, TN, USMEM",LALB,"Yantian Pt, 44, CNYTN",CNYTN,OOLU,OOCL,MT256104,DRY,2,10/20/2025,12/31/2025,11/5/2025 9:38,719,719,159.19,159.19,878.19,878.19,1
1678,USMEM,USLAX,CNYTN,"Memphis, TN, USMEM",LALB,"Yantian Pt, 44, CNYTN",CNYTN,YMLU,YML,51625,DRY,1,10/27/2025,12/31/2025,11/5/2025 9:38,925,925,224.8,224.8,1149.8,1149.8,1
1679,USMEM,USLAX,CNYTN,"Memphis, TN, USMEM",LALB,"Yantian Pt, 44, CNYTN",KRPUS,YMLU,YML,51625,DRY,1,10/27/2025,12/31/2025,11/5/2025 9:38,980,980,125.98,125.98,1105.98,1105.98,1
1680,USMEM,USLAX,CNYTN,"Memphis, TN, USMEM",LALB,"Yantian Pt, 44, CNYTN",CNYTN,MAEU,Maersk,300094432,DRY,0,10/16/2025,3/31/2026,11/5/2025 9:38,1007.05,1007.05,0,0,1007.05,1007.05,1
1681,USMEM,USSAV,CNYTN,"Memphis, TN, USMEM","Savannah, GA, USSAV","Yantian Pt, 44, CNYTN",CNYTN,OOLU,OOCL,MT256104,DRY,2,10/20/2025,12/31/2025,11/5/2025 9:38,1067,1067,159.19,159.19,1226.19,1226.19,1
1682,USMEM,USCHS,CNYTN,"Memphis, TN, USMEM","Charleston, SC, USCHS","Yantian Pt, 44, CNYTN",CNYTN,OOLU,OOCL,MT256104,DRY,2,10/20/2025,12/31/2025,11/5/2025 9:38,1067,1067,159.19,159.19,1226.19,1226.19,1
1683,USMEM,USSAV,CNYTN,"Memphis, TN, USMEM","Savannah, GA, USSAV","Yantian Pt, 44, CNYTN",CNYTN,MAEU,Maersk,300094432,DRY,0,10/16/2025,3/31/2026,11/5/2025 9:38,1136.05,1136.05,0,0,1136.05,1136.05,1
1684,USMEM,USCHS,CNYTN,"Memphis, TN, USMEM","Charleston, SC, USCHS","Yantian Pt, 44, CNYTN","YANTIAN, CHINA",EGLV,EMC,SC103574,DRY,,10/1/2025,12/31/2025,11/5/2025 9:38,1500,1500,0,0,1500,1500,1
1685,USMEM,USORF,CNYTN,"Memphis, TN, USMEM","Norfolk, VA, USORF","Yantian Pt, 44, CNYTN","YANTIAN, CHINA",EGLV,EMC,SC103574,DRY,,10/1/2025,12/31/2025,11/5/2025 9:38,1500,1500,0,0,1500,1500,1
1686,USMEM,USSAV,CNYTN,"Memphis, TN, USMEM","Savannah, GA, USSAV","Yantian Pt, 44, CNYTN","YANTIAN, CHINA",EGLV,EMC,SC103574,DRY,,10/1/2025,12/31/2025,11/5/2025 9:38,1500,1500,0,0,1500,1500,1
1687,USMEM,USLAX,CNYTN,"Memphis, TN, USMEM",LALB,"Yantian Pt, 44, CNYTN",CNYTN,ONEY,ONE,CHIM354B25,DRY,1,10/1/2025,12/31/2025,11/5/2025 9:38,1516,1516,170.85,170.85,1686.85,1686.85,1
1688,USMEM,USLAX,CNYTN,"Memphis, TN, USMEM",LALB,"Yantian Pt, 44, CNYTN","YANTIAN, CHINA",EGLV,EMC,SC103574,DRY,,10/1/2025,12/31/2025,11/5/2025 9:38,2100,2100,0,0,2100,2100,1
1689,USMEM,USSAV,CNYYA,"Memphis, TN, USMEM","Savannah, GA, USSAV","Yueyang, 50, CNYYA",CNYYA,MAEU,Maersk,300094432,DRY,0,10/16/2025,3/31/2026,11/5/2025 9:38,842.73,842.73,0,0,842.73,842.73,1
1690,USMEM,USLAX,CNYYA,"Memphis, TN, USMEM",LALB,"Yueyang, 50, CNYYA",CNYYA,MAEU,Maersk,300094432,DRY,0,10/16/2025,3/31/2026,11/5/2025 9:38,913.73,913.73,0,0,913.73,913.73,1
1691,USMEM,USLAX,CNYYA,"Memphis, TN, USMEM",LALB,"Yueyang, 50, CNYYA",CNSHG,YMLU,YML,51625,DRY,1,10/27/2025,12/31/2025,11/5/2025 9:38,1480,1480,224.8,224.8,1704.8,1704.8,1
1692,USMEM,USLAX,CNYYA,"Memphis, TN, USMEM",LALB,"Yueyang, 50, CNYYA",CNYYA,ONEY,ONE,CHIM354B25,DRY,1,10/1/2025,12/31/2025,11/5/2025 9:38,1816,1816,120.97,120.97,1936.97,1936.97,1
1693,USMEM,USLAX,CNYZH,"Memphis, TN, USMEM",LALB,"Yangzhou Pt, 32, CNYZH",CNSHG,YMLU,YML,51625,DRY,1,10/27/2025,12/31/2025,11/5/2025 9:38,1230,1230,224.8,224.8,1454.8,1454.8,1
1694,USMEM,USLAX,CNZAP,"Memphis, TN, USMEM",LALB,"Zhapu, 33, CNZAP",CNNBG,YMLU,YML,51625,DRY,1,10/27/2025,12/31/2025,11/5/2025 9:38,1180,1180,224.8,224.8,1404.8,1404.8,1
1695,USMEM,USLAX,CNZHE,"Memphis, TN, USMEM",LALB,"Zhenjiang Pt, 32, CNZHE",CNSHG,YMLU,YML,51625,DRY,1,10/27/2025,12/31/2025,11/5/2025 9:38,1200,1200,224.8,224.8,1424.8,1424.8,1
1696,USMEM,USLAX,CNZHU,"Memphis, TN, USMEM",LALB,"Zhuao, 41, CNZHU",CNZHU,MAEU,Maersk,300094432,DRY,0,10/16/2025,3/31/2026,11/5/2025 9:38,1417.05,1417.05,0,0,1417.05,1417.05,1
1697,USMEM,USSAV,CNZHU,"Memphis, TN, USMEM","Savannah, GA, USSAV","Zhuao, 41, CNZHU",CNZHU,MAEU,Maersk,300094432,DRY,0,10/16/2025,3/31/2026,11/5/2025 9:38,1546.05,1546.05,0,0,1546.05,1546.05,1
1698,USMEM,USSAV,CNZJG,"Memphis, TN, USMEM","Savannah, GA, USSAV","Zhangjiagang, 32, CNZJG",CNZJG,MAEU,Maersk,300094432,DRY,0,10/16/2025,3/31/2026,11/5/2025 9:38,982.73,982.73,0,0,982.73,982.73,1
1699,USMEM,USLAX,CNZJG,"Memphis, TN, USMEM",LALB,"Zhangjiagang, 32, CNZJG",CNZJG,MAEU,Maersk,300094432,DRY,0,10/16/2025,3/31/2026,11/5/2025 9:38,1053.73,1053.73,0,0,1053.73,1053.73,1
1700,USMEM,USLAX,CNZJG,"Memphis, TN, USMEM",LALB,"Zhangjiagang, 32, CNZJG",CNSHG,YMLU,YML,51625,DRY,1,10/27/2025,12/31/2025,11/5/2025 9:38,1230,1230,224.8,224.8,1454.8,1454.8,1
1701,USMEM,USLAX,CNZJG,"Memphis, TN, USMEM",LALB,"Zhangjiagang, 32, CNZJG",CNZJG,ONEY,ONE,CHIM354B25,DRY,1,10/1/2025,12/31/2025,11/5/2025 9:38,1466,1466,116.33,116.33,1582.33,1582.33,1
1702,USMEM,USLAX,CNZNG,"Memphis, TN, USMEM",LALB,"Zhanjiang Pt, 44, CNZNG",CNZNG,MAEU,Maersk,300094432,DRY,0,10/16/2025,3/31/2026,11/5/2025 9:38,1467.05,1467.05,0,0,1467.05,1467.05,1
1703,USMEM,USSAV,CNZNG,"Memphis, TN, USMEM","Savannah, GA, USSAV","Zhanjiang Pt, 44, CNZNG",CNZNG,MAEU,Maersk,300094432,DRY,0,10/16/2025,3/31/2026,11/5/2025 9:38,1596.05,1596.05,0,0,1596.05,1596.05,1
1704,USMEM,USLAX,CNZSN,"Memphis, TN, USMEM",LALB,"Zhongshan Pt, 44, CNZSN",CNZSN,ONEY,ONE,CHIM354B25,DRY,1,10/1/2025,12/31/2025,11/5/2025 9:38,1741,1741,170.85,170.85,1911.85,1911.85,1
1705,USMEM,USLAX,CNZUH,"Memphis, TN, USMEM",LALB,"Zhuhai Pt, 44, CNZUH",CNZUH,ONEY,ONE,CHIM354B25,DRY,1,10/1/2025,12/31/2025,11/5/2025 9:38,1566,1566,170.85,170.85,1736.85,1736.85,1
1706,USMEM,USLAX,COBUN,"Memphis, TN, USMEM",LALB,"Buenaventura, , COBUN",COBUN,ONEY,ONE,CHIM354B25,DRY,1,10/1/2025,12/31/2025,11/5/2025 9:38,3083,3083,141,141,3224,3224,1
1707,USMEM,USLAX,CRCAL,"Memphis, TN, USMEM",LALB,"Caldera, P, CRCAL",CRCAL,ONEY,ONE,CHIM354B25,DRY,1,10/1/2025,12/31/2025,11/5/2025 9:38,3513,3513,245,245,3758,3758,1
1708,USMEM,USCHS,DJJIB,"Memphis, TN, USMEM","Charleston, SC, USCHS","Djibouti, , DJJIB",DJJIB,MAEU,Maersk,300094432,DRY,0,10/16/2025,3/31/2026,11/5/2025 9:38,2524,2524,0,0,2524,2524,1
1709,USMEM,USLAX,ECGYE,"Memphis, TN, USMEM",LALB,"Guayaquil, G, ECGYE",ECGYE,ONEY,ONE,CHIM354B25,DRY,1,10/1/2025,12/31/2025,11/5/2025 9:38,2068,2068,410,310,2478,2378,1
1710,USMEM,USSAV,ECGYE,"Memphis, TN, USMEM","Savannah, GA, USSAV","Guayaquil, G, ECGYE",ECGYE,ONEY,ONE,CHIM354B25,DRY,1,10/1/2025,12/31/2025,11/5/2025 9:38,2533,2533,410,310,2943,2843,1
1711,USMEM,USSAV,EGALY,"Memphis, TN, USMEM","Savannah, GA, USSAV","Alexandria, , EGALY",EGALY,ONEY,ONE,CHIM354B25,DRY,1,10/1/2025,12/31/2025,11/5/2025 9:38,1736,1736,0,0,1736,1736,1
1712,USMEM,USCHS,EGALY,"Memphis, TN, USMEM","Charleston, SC, USCHS","Alexandria, , EGALY",EGALY,MAEU,Maersk,300094432,DRY,0,10/16/2025,3/31/2026,11/5/2025 9:38,3996,3996,0,0,3996,3996,1
1713,USMEM,USSAV,EGALY,"Memphis, TN, USMEM","Savannah, GA, USSAV","Alexandria, , EGALY",EGALY,MAEU,Maersk,300094432,DRY,0,10/16/2025,3/31/2026,11/5/2025 9:38,3996,3996,0,0,3996,3996,1
1714,USMEM,USSAV,EGDAM,"Memphis, TN, USMEM","Savannah, GA, USSAV","Damietta, , EGDAM",EGDAM,ONEY,ONE,CHIM354B25,DRY,1,10/1/2025,12/31/2025,11/5/2025 9:38,1786,1786,0,0,1786,1786,1
1715,USMEM,USCHS,EGDAM,"Memphis, TN, USMEM","Charleston, SC, USCHS","Damietta, , EGDAM",EGDAM,MAEU,Maersk,300094432,DRY,0,10/16/2025,3/31/2026,11/5/2025 9:38,1998,1998,0,0,1998,1998,1
1716,USMEM,USSAV,EGDAM,"Memphis, TN, USMEM","Savannah, GA, USSAV","Damietta, , EGDAM",EGDAM,MAEU,Maersk,300094432,DRY,0,10/16/2025,3/31/2026,11/5/2025 9:38,1998,1998,0,0,1998,1998,1
1717,USMEM,USSAV,EGPSD,"Memphis, TN, USMEM","Savannah, GA, USSAV","Port Said, , EGPSD",EGPSD,ONEY,ONE,CHIM354B25,DRY,1,10/1/2025,12/31/2025,11/5/2025 9:38,2086,2086,0,0,2086,2086,1
1718,USMEM,USSAV,ESALG,"Memphis, TN, USMEM","Savannah, GA, USSAV","Algeciras, , ESALG",ESALG,ONEY,ONE,CHIM354B25,DRY,1,10/1/2025,12/31/2025,11/5/2025 9:38,1454,1454,386.41,386.41,1840.41,1840.41,1
1719,USMEM,USCHS,ESALG,"Memphis, TN, USMEM","Charleston, SC, USCHS","Algeciras, , ESALG",ESALG,ONEY,ONE,CHIM354B25,DRY,1,10/1/2025,12/31/2025,11/5/2025 9:38,1944,1944,386.41,386.41,2330.41,2330.41,1
1720,USMEM,USSAV,ESBCN,"Memphis, TN, USMEM","Savannah, GA, USSAV","Barcelona, , ESBCN",ESBCN,ONEY,ONE,CHIM354B25,DRY,1,10/1/2025,12/31/2025,11/5/2025 9:38,2214,2214,416.14,416.14,2630.14,2630.14,1
1721,USMEM,USSAV,ESVLC,"Memphis, TN, USMEM","Savannah, GA, USSAV","Valencia, , ESVLC",ESVLC,ONEY,ONE,CHIM354B25,DRY,1,10/1/2025,12/31/2025,11/5/2025 9:38,1704,1704,420.75,420.75,2124.75,2124.75,1
1722,USMEM,USSAV,GTGUA,"Memphis, TN, USMEM","Savannah, GA, USSAV","Guatemala City, , GTGUA",PUERTO SANTO TOMAS DE CASTILLA,EGLV,EMC,SC103574,DRY,,10/31/2025,11/30/2025,11/5/2025 9:38,3500,3500,0,0,3500,3500,1
1723,USMEM,USLAX,GTPRQ,"Memphis, TN, USMEM",LALB,"Puerto Quetzal, , GTPRQ",GTPRQ,ONEY,ONE,CHIM354B25,DRY,1,10/1/2025,12/31/2025,11/5/2025 9:38,3513,3513,683,683,4196,4196,1
1724,USMEM,USSAV,HNPCR,"Memphis, TN, USMEM","Savannah, GA, USSAV","Puerto Cortes, , HNPCR",PUERTO CORTES,EGLV,EMC,SC103574,DRY,,10/31/2025,11/30/2025,11/5/2025 9:38,3000,3000,190,190,3190,3190,1
1725,USMEM,USCHS,IDBLW,"Memphis, TN, USMEM","Charleston, SC, USCHS","Belawan, , IDBLW",BELAWAN,EGLV,EMC,SC103574,DRY,,10/1/2025,12/31/2025,11/5/2025 9:38,900,900,145,145,1045,1045,1
1726,USMEM,USSAV,IDBLW,"Memphis, TN, USMEM","Savannah, GA, USSAV","Belawan, , IDBLW",BELAWAN,EGLV,EMC,SC103574,DRY,,10/1/2025,12/31/2025,11/5/2025 9:38,900,900,145,145,1045,1045,1
1727,USMEM,USORF,IDBLW,"Memphis, TN, USMEM","Norfolk, VA, USORF","Belawan, , IDBLW",BELAWAN,EGLV,EMC,SC103574,DRY,,10/1/2025,12/31/2025,11/5/2025 9:38,900,900,145,145,1045,1045,1
1728,USMEM,USLGB,IDBLW,"Memphis, TN, USMEM",LALB,"Belawan, , IDBLW",IDBLW,OOLU,OOCL,MT256104,DRY,2,10/20/2025,12/31/2025,11/5/2025 9:38,1194,1194,145,145,1339,1339,1
1729,USMEM,USLAX,IDBLW,"Memphis, TN, USMEM",LALB,"Belawan, , IDBLW",IDBLW,OOLU,OOCL,MT256104,DRY,2,10/20/2025,12/31/2025,11/5/2025 9:38,1194,1194,145,145,1339,1339,1
1730,USMEM,USLAX,IDBLW,"Memphis, TN, USMEM",LALB,"Belawan, , IDBLW",IDBLW,MAEU,Maersk,300094432,DRY,0,10/16/2025,3/31/2026,11/5/2025 9:38,1447,1447,0,0,1447,1447,1
1731,USMEM,USSAV,IDBLW,"Memphis, TN, USMEM","Savannah, GA, USSAV","Belawan, , IDBLW",IDBLW,OOLU,OOCL,MT256104,DRY,2,10/20/2025,12/31/2025,11/5/2025 9:38,1467,1467,145,145,1612,1612,1
1732,USMEM,USCHS,IDBLW,"Memphis, TN, USMEM","Charleston, SC, USCHS","Belawan, , IDBLW",IDBLW,OOLU,OOCL,MT256104,DRY,2,10/20/2025,12/31/2025,11/5/2025 9:38,1467,1467,145,145,1612,1612,1
1733,USMEM,USLAX,IDBLW,"Memphis, TN, USMEM",LALB,"Belawan, , IDBLW",BELAWAN,EGLV,EMC,SC103574,DRY,,10/1/2025,12/31/2025,11/5/2025 9:38,1550,1550,145,145,1695,1695,1
1734,USMEM,USSAV,IDBLW,"Memphis, TN, USMEM","Savannah, GA, USSAV","Belawan, , IDBLW",IDBLW,MAEU,Maersk,300094432,DRY,0,10/16/2025,3/31/2026,11/5/2025 9:38,1576,1576,0,0,1576,1576,1
1735,USMEM,USLAX,IDBLW,"Memphis, TN, USMEM",LALB,"Belawan, , IDBLW",CNSHG,YMLU,YML,51625,DRY,1,10/27/2025,12/31/2025,11/5/2025 9:38,1805,1805,224.8,224.8,2029.8,2029.8,1
1736,USMEM,USLAX,IDBLW,"Memphis, TN, USMEM",LALB,"Belawan, , IDBLW",SGSIN,YMLU,YML,51625,DRY,1,10/27/2025,12/31/2025,11/5/2025 9:38,1905,1905,268.95,268.95,2173.95,2173.95,1
1737,USMEM,USLAX,IDBLW,"Memphis, TN, USMEM",LALB,"Belawan, , IDBLW",IDBLW,YMLU,YML,51625,DRY,1,10/27/2025,12/31/2025,11/5/2025 9:38,2150,2150,0,0,2150,2150,1
1738,USMEM,USLAX,IDBLW,"Memphis, TN, USMEM",LALB,"Belawan, , IDBLW",IDBLW,ONEY,ONE,CHIM354B25,DRY,1,10/1/2025,12/31/2025,11/5/2025 9:38,2151,2151,505.63,505.63,2656.63,2656.63,1
1739,USMEM,USLAX,IDCKR,"Memphis, TN, USMEM",LALB,"Cikarang, JB, IDCKR",IDCKR,OOLU,OOCL,MT256104,DRY,2,10/20/2025,12/31/2025,11/5/2025 9:38,1394,1394,145,145,1539,1539,1
1740,USMEM,USLGB,IDCKR,"Memphis, TN, USMEM",LALB,"Cikarang, JB, IDCKR",IDCKR,OOLU,OOCL,MT256104,DRY,2,10/20/2025,12/31/2025,11/5/2025 9:38,1394,1394,145,145,1539,1539,1
1741,USMEM,USCHS,IDCKR,"Memphis, TN, USMEM","Charleston, SC, USCHS","Cikarang, JB, IDCKR",IDCKR,ONEY,ONE,CHIM354B25,DRY,1,10/1/2025,12/31/2025,11/5/2025 9:38,1714,1714,505.63,505.63,2219.63,2219.63,1
1742,USMEM,USSAV,IDCKR,"Memphis, TN, USMEM","Savannah, GA, USSAV","Cikarang, JB, IDCKR",IDCKR,ONEY,ONE,CHIM354B25,DRY,1,10/1/2025,12/31/2025,11/5/2025 9:38,1714,1714,505.63,505.63,2219.63,2219.63,1
1743,USMEM,USLAX,IDCKR,"Memphis, TN, USMEM",LALB,"Cikarang, JB, IDCKR",IDCKR,ONEY,ONE,CHIM354B25,DRY,1,10/1/2025,12/31/2025,11/5/2025 9:38,1876,1876,505.63,505.63,2381.63,2381.63,1
1744,USMEM,USSAV,IDJKT,"Memphis, TN, USMEM","Savannah, GA, USSAV","Jakarta, JK, IDJKT",JAKARTA,EGLV,EMC,SC103574,DRY,,10/1/2025,12/31/2025,11/5/2025 9:38,900,900,145,145,1045,1045,1
1745,USMEM,USORF,IDJKT,"Memphis, TN, USMEM","Norfolk, VA, USORF","Jakarta, JK, IDJKT",JAKARTA,EGLV,EMC,SC103574,DRY,,10/1/2025,12/31/2025,11/5/2025 9:38,900,900,145,145,1045,1045,1
1746,USMEM,USCHS,IDJKT,"Memphis, TN, USMEM","Charleston, SC, USCHS","Jakarta, JK, IDJKT",JAKARTA,EGLV,EMC,SC103574,DRY,,10/1/2025,12/31/2025,11/5/2025 9:38,900,900,145,145,1045,1045,1
1747,USMEM,USLAX,IDJKT,"Memphis, TN, USMEM",LALB,"Jakarta, JK, IDJKT",IDJKT,MAEU,Maersk,300094432,DRY,0,10/16/2025,3/31/2026,11/5/2025 9:38,1152,1152,0,0,1152,1152,1
1748,USMEM,USLAX,IDJKT,"Memphis, TN, USMEM",LALB,"Jakarta, JK, IDJKT",IDJKT,OOLU,OOCL,MT256104,DRY,2,10/20/2025,12/31/2025,11/5/2025 9:38,1194,1194,145,145,1339,1339,1
1749,USMEM,USLGB,IDJKT,"Memphis, TN, USMEM",LALB,"Jakarta, JK, IDJKT",IDJKT,OOLU,OOCL,MT256104,DRY,2,10/20/2025,12/31/2025,11/5/2025 9:38,1194,1194,145,145,1339,1339,1
1750,USMEM,USSAV,IDJKT,"Memphis, TN, USMEM","Savannah, GA, USSAV","Jakarta, JK, IDJKT",IDJKT,MAEU,Maersk,300094432,DRY,0,10/16/2025,3/31/2026,11/5/2025 9:38,1281,1281,0,0,1281,1281,1
1751,USMEM,USLAX,IDJKT,"Memphis, TN, USMEM",LALB,"Jakarta, JK, IDJKT",IDJKT,YMLU,YML,51625,DRY,1,10/27/2025,12/31/2025,11/5/2025 9:38,1340,1340,145,145,1485,1485,1
1752,USMEM,USLAX,IDJKT,"Memphis, TN, USMEM",LALB,"Jakarta, JK, IDJKT",IDJKT,YMLU,YML,51625,DRY,1,10/27/2025,12/31/2025,11/5/2025 9:38,1340,1340,0,0,1340,1340,1
1753,USMEM,USSAV,IDJKT,"Memphis, TN, USMEM","Savannah, GA, USSAV","Jakarta, JK, IDJKT",IDJKT,OOLU,OOCL,MT256104,DRY,2,10/20/2025,12/31/2025,11/5/2025 9:38,1467,1467,145,145,1612,1612,1
1754,USMEM,USCHS,IDJKT,"Memphis, TN, USMEM","Charleston, SC, USCHS","Jakarta, JK, IDJKT",IDJKT,OOLU,OOCL,MT256104,DRY,2,10/20/2025,12/31/2025,11/5/2025 9:38,1467,1467,145,145,1612,1612,1
1755,USMEM,USLAX,IDJKT,"Memphis, TN, USMEM",LALB,"Jakarta, JK, IDJKT",CNSHG,YMLU,YML,51625,DRY,1,10/27/2025,12/31/2025,11/5/2025 9:38,1500,1500,224.8,224.8,1724.8,1724.8,1
1756,USMEM,USSAV,IDJKT,"Memphis, TN, USMEM","Savannah, GA, USSAV","Jakarta, JK, IDJKT",IDJKT,ONEY,ONE,CHIM354B25,DRY,1,10/1/2025,12/31/2025,11/5/2025 9:38,1514,1514,505.63,505.63,2019.63,2019.63,1
1757,USMEM,USLAX,IDJKT,"Memphis, TN, USMEM",LALB,"Jakarta, JK, IDJKT",JAKARTA,EGLV,EMC,SC103574,DRY,,10/1/2025,12/31/2025,11/5/2025 9:38,1550,1550,145,145,1695,1695,1
1758,USMEM,USCHS,IDJKT,"Memphis, TN, USMEM","Charleston, SC, USCHS","Jakarta, JK, IDJKT",IDJKT,ONEY,ONE,CHIM354B25,DRY,1,10/1/2025,12/31/2025,11/5/2025 9:38,1574,1574,505.63,505.63,2079.63,2079.63,1
1759,USMEM,USLAX,IDJKT,"Memphis, TN, USMEM",LALB,"Jakarta, JK, IDJKT",SGSIN,YMLU,YML,51625,DRY,1,10/27/2025,12/31/2025,11/5/2025 9:38,1600,1600,268.95,268.95,1868.95,1868.95,1
1760,USMEM,USLAX,IDJKT,"Memphis, TN, USMEM",LALB,"Jakarta, JK, IDJKT",IDJKT,ONEY,ONE,CHIM354B25,DRY,1,10/1/2025,12/31/2025,11/5/2025 9:38,1636,1636,505.63,505.63,2141.63,2141.63,1
1761,USMEM,USLAX,IDPLM,"Memphis, TN, USMEM",LALB,"Palembang, Sumatra, , IDPLM",SGSIN,YMLU,YML,51625,DRY,1,10/27/2025,12/31/2025,11/5/2025 9:38,2050,2050,268.95,268.95,2318.95,2318.95,1
1762,USMEM,USCHS,IDSRG,"Memphis, TN, USMEM","Charleston, SC, USCHS","Semarang, JT, IDSRG",SEMARANG,EGLV,EMC,SC103574,DRY,,10/1/2025,12/31/2025,11/5/2025 9:38,900,900,145,145,1045,1045,1
1763,USMEM,USSAV,IDSRG,"Memphis, TN, USMEM","Savannah, GA, USSAV","Semarang, JT, IDSRG",SEMARANG,EGLV,EMC,SC103574,DRY,,10/1/2025,12/31/2025,11/5/2025 9:38,900,900,145,145,1045,1045,1
1764,USMEM,USORF,IDSRG,"Memphis, TN, USMEM","Norfolk, VA, USORF","Semarang, JT, IDSRG",SEMARANG,EGLV,EMC,SC103574,DRY,,10/1/2025,12/31/2025,11/5/2025 9:38,900,900,145,145,1045,1045,1
1765,USMEM,USLAX,IDSRG,"Memphis, TN, USMEM",LALB,"Semarang, JT, IDSRG",IDSRG,MAEU,Maersk,300094432,DRY,0,10/16/2025,3/31/2026,11/5/2025 9:38,1152,1152,0,0,1152,1152,1
1766,USMEM,USLAX,IDSRG,"Memphis, TN, USMEM",LALB,"Semarang, JT, IDSRG",IDSRG,OOLU,OOCL,MT256104,DRY,2,10/20/2025,12/31/2025,11/5/2025 9:38,1194,1194,145,145,1339,1339,1
1767,USMEM,USLGB,IDSRG,"Memphis, TN, USMEM",LALB,"Semarang, JT, IDSRG",IDSRG,OOLU,OOCL,MT256104,DRY,2,10/20/2025,12/31/2025,11/5/2025 9:38,1194,1194,145,145,1339,1339,1
1768,USMEM,USSAV,IDSRG,"Memphis, TN, USMEM","Savannah, GA, USSAV","Semarang, JT, IDSRG",IDSRG,MAEU,Maersk,300094432,DRY,0,10/16/2025,3/31/2026,11/5/2025 9:38,1281,1281,0,0,1281,1281,1
1769,USMEM,USCHS,IDSRG,"Memphis, TN, USMEM","Charleston, SC, USCHS","Semarang, JT, IDSRG",IDSRG,OOLU,OOCL,MT256104,DRY,2,10/20/2025,12/31/2025,11/5/2025 9:38,1467,1467,145,145,1612,1612,1
1770,USMEM,USSAV,IDSRG,"Memphis, TN, USMEM","Savannah, GA, USSAV","Semarang, JT, IDSRG",IDSRG,OOLU,OOCL,MT256104,DRY,2,10/20/2025,12/31/2025,11/5/2025 9:38,1467,1467,145,145,1612,1612,1
1771,USMEM,USLAX,IDSRG,"Memphis, TN, USMEM",LALB,"Semarang, JT, IDSRG",SEMARANG,EGLV,EMC,SC103574,DRY,,10/1/2025,12/31/2025,11/5/2025 9:38,1550,1550,145,145,1695,1695,1
1772,USMEM,USLAX,IDSRG,"Memphis, TN, USMEM",LALB,"Semarang, JT, IDSRG",IDSRG,ONEY,ONE,CHIM354B25,DRY,1,10/1/2025,12/31/2025,11/5/2025 9:38,1636,1636,505.63,505.63,2141.63,2141.63,1
1773,USMEM,USLAX,IDSRG,"Memphis, TN, USMEM",LALB,"Semarang, JT, IDSRG",SGSIN,YMLU,YML,51625,DRY,1,10/27/2025,12/31/2025,11/5/2025 9:38,1650,1650,268.95,268.95,1918.95,1918.95,1
1774,USMEM,USLAX,IDSRG,"Memphis, TN, USMEM",LALB,"Semarang, JT, IDSRG",IDSRG,YMLU,YML,51625,DRY,1,10/27/2025,12/31/2025,11/5/2025 9:38,1700,1700,0,0,1700,1700,1
1775,USMEM,USCHS,IDSRG,"Memphis, TN, USMEM","Charleston, SC, USCHS","Semarang, JT, IDSRG",IDSRG,ONEY,ONE,CHIM354B25,DRY,1,10/1/2025,12/31/2025,11/5/2025 9:38,1784,1784,505.63,505.63,2289.63,2289.63,1
1776,USMEM,USSAV,IDSRG,"Memphis, TN, USMEM","Savannah, GA, USSAV","Semarang, JT, IDSRG",IDSRG,ONEY,ONE,CHIM354B25,DRY,1,10/1/2025,12/31/2025,11/5/2025 9:38,1784,1784,505.63,505.63,2289.63,2289.63,1
1777,USMEM,USCHS,IDSUB,"Memphis, TN, USMEM","Charleston, SC, USCHS","Surabaya, JI, IDSUB",SURABAYA,EGLV,EMC,SC103574,DRY,,10/1/2025,12/31/2025,11/5/2025 9:38,900,900,145,145,1045,1045,1
1778,USMEM,USSAV,IDSUB,"Memphis, TN, USMEM","Savannah, GA, USSAV","Surabaya, JI, IDSUB",SURABAYA,EGLV,EMC,SC103574,DRY,,10/1/2025,12/31/2025,11/5/2025 9:38,900,900,145,145,1045,1045,1
1779,USMEM,USORF,IDSUB,"Memphis, TN, USMEM","Norfolk, VA, USORF","Surabaya, JI, IDSUB",SURABAYA,EGLV,EMC,SC103574,DRY,,10/1/2025,12/31/2025,11/5/2025 9:38,900,900,145,145,1045,1045,1
1780,USMEM,USLAX,IDSUB,"Memphis, TN, USMEM",LALB,"Surabaya, JI, IDSUB",IDSUB,MAEU,Maersk,300094432,DRY,0,10/16/2025,3/31/2026,11/5/2025 9:38,1152,1152,0,0,1152,1152,1
1781,USMEM,USLGB,IDSUB,"Memphis, TN, USMEM",LALB,"Surabaya, JI, IDSUB",IDSUB,OOLU,OOCL,MT256104,DRY,2,10/20/2025,12/31/2025,11/5/2025 9:38,1194,1194,145,145,1339,1339,1
1782,USMEM,USLAX,IDSUB,"Memphis, TN, USMEM",LALB,"Surabaya, JI, IDSUB",IDSUB,OOLU,OOCL,MT256104,DRY,2,10/20/2025,12/31/2025,11/5/2025 9:38,1194,1194,145,145,1339,1339,1
1783,USMEM,USSAV,IDSUB,"Memphis, TN, USMEM","Savannah, GA, USSAV","Surabaya, JI, IDSUB",IDSUB,MAEU,Maersk,300094432,DRY,0,10/16/2025,3/31/2026,11/5/2025 9:38,1281,1281,0,0,1281,1281,1
1784,USMEM,USLAX,IDSUB,"Memphis, TN, USMEM",LALB,"Surabaya, JI, IDSUB",IDSUB,YMLU,YML,51625,DRY,1,10/27/2025,12/31/2025,11/5/2025 9:38,1300,1300,0,0,1300,1300,1
1785,USMEM,USSAV,IDSUB,"Memphis, TN, USMEM","Savannah, GA, USSAV","Surabaya, JI, IDSUB",IDSUB,OOLU,OOCL,MT256104,DRY,2,10/20/2025,12/31/2025,11/5/2025 9:38,1467,1467,145,145,1612,1612,1
1786,USMEM,USCHS,IDSUB,"Memphis, TN, USMEM","Charleston, SC, USCHS","Surabaya, JI, IDSUB",IDSUB,OOLU,OOCL,MT256104,DRY,2,10/20/2025,12/31/2025,11/5/2025 9:38,1467,1467,145,145,1612,1612,1
1787,USMEM,USLAX,IDSUB,"Memphis, TN, USMEM",LALB,"Surabaya, JI, IDSUB",CNSHG,YMLU,YML,51625,DRY,1,10/27/2025,12/31/2025,11/5/2025 9:38,1500,1500,224.8,224.8,1724.8,1724.8,1
1788,USMEM,USLAX,IDSUB,"Memphis, TN, USMEM",LALB,"Surabaya, JI, IDSUB",SURABAYA,EGLV,EMC,SC103574,DRY,,10/1/2025,12/31/2025,11/5/2025 9:38,1550,1550,145,145,1695,1695,1
1789,USMEM,USLAX,IDSUB,"Memphis, TN, USMEM",LALB,"Surabaya, JI, IDSUB",SGSIN,YMLU,YML,51625,DRY,1,10/27/2025,12/31/2025,11/5/2025 9:38,1600,1600,268.95,268.95,1868.95,1868.95,1
1790,USMEM,USLAX,IDSUB,"Memphis, TN, USMEM",LALB,"Surabaya, JI, IDSUB",IDSUB,ONEY,ONE,CHIM354B25,DRY,1,10/1/2025,12/31/2025,11/5/2025 9:38,1636,1636,505.63,505.63,2141.63,2141.63,1
1791,USMEM,USCHS,IDSUB,"Memphis, TN, USMEM","Charleston, SC, USCHS","Surabaya, JI, IDSUB",IDSUB,ONEY,ONE,CHIM354B25,DRY,1,10/1/2025,12/31/2025,11/5/2025 9:38,1784,1784,505.63,505.63,2289.63,2289.63,1
1792,USMEM,USSAV,IDSUB,"Memphis, TN, USMEM","Savannah, GA, USSAV","Surabaya, JI, IDSUB",IDSUB,ONEY,ONE,CHIM354B25,DRY,1,10/1/2025,12/31/2025,11/5/2025 9:38,1784,1784,505.63,505.63,2289.63,2289.63,1
1793,USMEM,USCHS,INCCU,"Memphis, TN, USMEM","Charleston, SC, USCHS","Kolkata (ex Calcutta), WB, INCCU",INCCU,MAEU,Maersk,300094432,DRY,0,10/16/2025,3/31/2026,11/5/2025 9:38,2233,2233,0,0,2233,2233,1
1794,USMEM,USLAX,INCCU,"Memphis, TN, USMEM",LALB,"Kolkata (ex Calcutta), WB, INCCU",CNSHG,YMLU,YML,51625,DRY,1,10/27/2025,12/31/2025,11/5/2025 9:38,2550,2550,224.8,224.8,2774.8,2774.8,1
1795,USMEM,USLAX,INCCU,"Memphis, TN, USMEM",LALB,"Kolkata (ex Calcutta), WB, INCCU",CNNBG,YMLU,YML,51625,DRY,1,10/27/2025,12/31/2025,11/5/2025 9:38,2550,2550,224.8,224.8,2774.8,2774.8,1
1796,USMEM,USLAX,INCCU,"Memphis, TN, USMEM",LALB,"Kolkata (ex Calcutta), WB, INCCU",SGSIN,YMLU,YML,51625,DRY,1,10/27/2025,12/31/2025,11/5/2025 9:38,2650,2650,268.95,268.95,2918.95,2918.95,1
1797,USMEM,USSAV,INCCU,"Memphis, TN, USMEM","Savannah, GA, USSAV","Kolkata (ex Calcutta), WB, INCCU",INCCU,ONEY,ONE,CHIM354B25,DRY,1,10/1/2025,12/31/2025,11/5/2025 9:38,2739,2739,280.64,280.64,3019.64,3019.64,1
1798,USMEM,USLAX,INCCU,"Memphis, TN, USMEM",LALB,"Kolkata (ex Calcutta), WB, INCCU",INCCU,ONEY,ONE,CHIM354B25,DRY,1,10/1/2025,12/31/2025,11/5/2025 9:38,3051,3051,280.64,280.64,3331.64,3331.64,1
1799,USMEM,USCHS,INCOK,"Memphis, TN, USMEM","Charleston, SC, USCHS","Cochin, KL, INCOK",INCOK,MAEU,Maersk,300094432,DRY,0,10/16/2025,3/31/2026,11/5/2025 9:38,2233,2233,0,0,2233,2233,1
1800,USMEM,USORF,INCOK,"Memphis, TN, USMEM","Norfolk, VA, USORF","Cochin, KL, INCOK",INCOK,ONEY,ONE,CHIM354B25,DRY,1,10/1/2025,12/31/2025,11/5/2025 9:38,2464,2464,249.51,249.51,2713.51,2713.51,1
1801,USMEM,USCHS,INCOK,"Memphis, TN, USMEM","Charleston, SC, USCHS","Cochin, KL, INCOK",INCOK,ONEY,ONE,CHIM354B25,DRY,1,10/1/2025,12/31/2025,11/5/2025 9:38,2464,2464,249.51,249.51,2713.51,2713.51,1
1802,USMEM,USSAV,INCOK,"Memphis, TN, USMEM","Savannah, GA, USSAV","Cochin, KL, INCOK",INCOK,ONEY,ONE,CHIM354B25,DRY,1,10/1/2025,12/31/2025,11/5/2025 9:38,2464,2464,249.51,249.51,2713.51,2713.51,1
1803,USMEM,USLAX,INCOK,"Memphis, TN, USMEM",LALB,"Cochin, KL, INCOK",INCOK,ONEY,ONE,CHIM354B25,DRY,1,10/1/2025,12/31/2025,11/5/2025 9:38,3051,3051,249.51,249.51,3300.51,3300.51,1
1804,USMEM,USLAX,INHAL,"Memphis, TN, USMEM",LALB,"Haldia, WB, INHAL",INHAL,OOLU,OOCL,MT256104,DRY,2,10/20/2025,12/31/2025,11/5/2025 9:38,3574,3574,0,0,3574,3574,1
1805,USMEM,USLGB,INHAL,"Memphis, TN, USMEM",LALB,"Haldia, WB, INHAL",INHAL,OOLU,OOCL,MT256104,DRY,2,10/20/2025,12/31/2025,11/5/2025 9:38,3574,3574,0,0,3574,3574,1
1806,USMEM,USCHS,INHAL,"Memphis, TN, USMEM","Charleston, SC, USCHS","Haldia, WB, INHAL",INHAL,OOLU,OOCL,MT256104,DRY,2,10/20/2025,12/31/2025,11/5/2025 9:38,3757,3757,0,0,3757,3757,1
1807,USMEM,USSAV,INHAL,"Memphis, TN, USMEM","Savannah, GA, USSAV","Haldia, WB, INHAL",INHAL,OOLU,OOCL,MT256104,DRY,2,10/20/2025,12/31/2025,11/5/2025 9:38,3757,3757,0,0,3757,3757,1
1808,USMEM,USSAV,INHZA,"Memphis, TN, USMEM","Savannah, GA, USSAV","Hazira Port/Surat, GJ, INHZA",INHZA,ONEY,ONE,CHIM354B25,DRY,1,10/1/2025,12/31/2025,11/5/2025 9:38,1839,1839,262.63,262.63,2101.63,2101.63,1
1809,USMEM,USLAX,INKOC,"Memphis, TN, USMEM",LALB,"Kochi, , INKOC",INKOC,OOLU,OOCL,MT256104,DRY,2,10/20/2025,12/31/2025,11/5/2025 9:38,2644,2644,270.35,270.35,2914.35,2914.35,1
1810,USMEM,USLGB,INKOC,"Memphis, TN, USMEM",LALB,"Kochi, , INKOC",INKOC,OOLU,OOCL,MT256104,DRY,2,10/20/2025,12/31/2025,11/5/2025 9:38,2644,2644,270.35,270.35,2914.35,2914.35,1
1811,USMEM,USLAX,INKOC,"Memphis, TN, USMEM",LALB,"Kochi, , INKOC",KRPUS,YMLU,YML,51625,DRY,1,10/27/2025,12/31/2025,11/5/2025 9:38,2840,2840,125.98,125.98,2965.98,2965.98,1
1812,USMEM,USCHS,INKOC,"Memphis, TN, USMEM","Charleston, SC, USCHS","Kochi, , INKOC",INKOC,OOLU,OOCL,MT256104,DRY,2,10/20/2025,12/31/2025,11/5/2025 9:38,3987,3987,270.35,270.35,4257.35,4257.35,1
1813,USMEM,USSAV,INKOC,"Memphis, TN, USMEM","Savannah, GA, USSAV","Kochi, , INKOC",INKOC,OOLU,OOCL,MT256104,DRY,2,10/20/2025,12/31/2025,11/5/2025 9:38,3987,3987,270.35,270.35,4257.35,4257.35,1
1814,USMEM,USLAX,INKTP,"Memphis, TN, USMEM",LALB,"Kattupalli Port, TN, INKTP",INKTP,OOLU,OOCL,MT256104,DRY,2,10/20/2025,12/31/2025,11/5/2025 9:38,1794,1794,0,0,1794,1794,1
1815,USMEM,USLGB,INKTP,"Memphis, TN, USMEM",LALB,"Kattupalli Port, TN, INKTP",INKTP,OOLU,OOCL,MT256104,DRY,2,10/20/2025,12/31/2025,11/5/2025 9:38,1794,1794,0,0,1794,1794,1
1816,USMEM,USSAV,INKTP,"Memphis, TN, USMEM","Savannah, GA, USSAV","Kattupalli Port, TN, INKTP",INKTP,OOLU,OOCL,MT256104,DRY,2,10/20/2025,12/31/2025,11/5/2025 9:38,2137,2137,0,0,2137,2137,1
1817,USMEM,USCHS,INKTP,"Memphis, TN, USMEM","Charleston, SC, USCHS","Kattupalli Port, TN, INKTP",INKTP,OOLU,OOCL,MT256104,DRY,2,10/20/2025,12/31/2025,11/5/2025 9:38,2137,2137,0,0,2137,2137,1
1818,USMEM,USCHS,INMAA,"Memphis, TN, USMEM","Charleston, SC, USCHS","Chennai (ex Madras), TN, INMAA",INMAA,MAEU,Maersk,300094432,DRY,0,10/16/2025,3/31/2026,11/5/2025 9:38,2233,2233,0,0,2233,2233,1
1819,USMEM,USLAX,INMAA,"Memphis, TN, USMEM",LALB,"Chennai (ex Madras), TN, INMAA",CNSHG,YMLU,YML,51625,DRY,1,10/27/2025,12/31/2025,11/5/2025 9:38,2300,2300,224.8,224.8,2524.8,2524.8,1
1820,USMEM,USLAX,INMAA,"Memphis, TN, USMEM",LALB,"Chennai (ex Madras), TN, INMAA",CNNBG,YMLU,YML,51625,DRY,1,10/27/2025,12/31/2025,11/5/2025 9:38,2300,2300,224.8,224.8,2524.8,2524.8,1
1821,USMEM,USLAX,INMAA,"Memphis, TN, USMEM",LALB,"Chennai (ex Madras), TN, INMAA",SGSIN,YMLU,YML,51625,DRY,1,10/27/2025,12/31/2025,11/5/2025 9:38,2400,2400,268.95,268.95,2668.95,2668.95,1
1822,USMEM,USLAX,INMAA,"Memphis, TN, USMEM",LALB,"Chennai (ex Madras), TN, INMAA",INMAA,ONEY,ONE,CHIM354B25,DRY,1,10/1/2025,12/31/2025,11/5/2025 9:38,2626,2626,227.54,227.54,2853.54,2853.54,1
1823,USMEM,USSAV,INMAA,"Memphis, TN, USMEM","Savannah, GA, USSAV","Chennai (ex Madras), TN, INMAA",INMAA,ONEY,ONE,CHIM354B25,DRY,1,10/1/2025,12/31/2025,11/5/2025 9:38,2714,2714,227.54,227.54,2941.54,2941.54,1
1824,USMEM,USCHS,INMAA,"Memphis, TN, USMEM","Charleston, SC, USCHS","Chennai (ex Madras), TN, INMAA",INMAA,ONEY,ONE,CHIM354B25,DRY,1,10/1/2025,12/31/2025,11/5/2025 9:38,2714,2714,227.54,227.54,2941.54,2941.54,1
1825,USMEM,USCHS,INMUN,"Memphis, TN, USMEM","Charleston, SC, USCHS","Mundra, GJ, INMUN",INMUN,ONEY,ONE,CHIM354B25,DRY,1,10/1/2025,12/31/2025,11/5/2025 9:38,1424,1424,324.41,324.41,1748.41,1748.41,1
1826,USMEM,USCHS,INMUN,"Memphis, TN, USMEM","Charleston, SC, USCHS","Mundra, GJ, INMUN",INMUN,OOLU,OOCL,MT256104,DRY,2,10/20/2025,12/31/2025,11/5/2025 9:38,1547,1547,180.23,180.23,1727.23,1727.23,1
1827,USMEM,USSAV,INMUN,"Memphis, TN, USMEM","Savannah, GA, USSAV","Mundra, GJ, INMUN",INMUN,OOLU,OOCL,MT256104,DRY,2,10/20/2025,12/31/2025,11/5/2025 9:38,1547,1547,180.23,180.23,1727.23,1727.23,1
1828,USMEM,USSAV,INMUN,"Memphis, TN, USMEM","Savannah, GA, USSAV","Mundra, GJ, INMUN",INMUN,ONEY,ONE,CHIM354B25,DRY,1,10/1/2025,12/31/2025,11/5/2025 9:38,1639,1639,324.41,324.41,1963.41,1963.41,1
1829,USMEM,USCHS,INMUN,"Memphis, TN, USMEM","Charleston, SC, USCHS","Mundra, GJ, INMUN",INMUN,MAEU,Maersk,300094432,DRY,0,10/16/2025,3/31/2026,11/5/2025 9:38,1869,1869,0,0,1869,1869,1
1830,USMEM,USLAX,INMUN,"Memphis, TN, USMEM",LALB,"Mundra, GJ, INMUN",INMUN,ONEY,ONE,CHIM354B25,DRY,1,10/1/2025,12/31/2025,11/5/2025 9:38,2516,2516,324.41,324.41,2840.41,2840.41,1
1831,USMEM,USLAX,INNSA,"Memphis, TN, USMEM",LALB,"Nhava Sheva, MH, INNSA",INNSA,OOLU,OOCL,MT256104,DRY,2,10/20/2025,12/31/2025,11/5/2025 9:38,1274,1274,157.7,157.7,1431.7,1431.7,1
1832,USMEM,USLGB,INNSA,"Memphis, TN, USMEM",LALB,"Nhava Sheva, MH, INNSA",INNSA,OOLU,OOCL,MT256104,DRY,2,10/20/2025,12/31/2025,11/5/2025 9:38,1274,1274,157.7,157.7,1431.7,1431.7,1
1833,USMEM,USCHS,INNSA,"Memphis, TN, USMEM","Charleston, SC, USCHS","Nhava Sheva, MH, INNSA",INNSA,ONEY,ONE,CHIM354B25,DRY,1,10/1/2025,12/31/2025,11/5/2025 9:38,1424,1424,290.62,290.62,1714.62,1714.62,1
1834,USMEM,USORF,INNSA,"Memphis, TN, USMEM","Norfolk, VA, USORF","Nhava Sheva, MH, INNSA",NHAVA SHEVA,EGLV,EMC,SC103574,DRY,,10/1/2025,12/31/2025,11/5/2025 9:38,1500,1500,199.65,199.65,1699.65,1699.65,1
1835,USMEM,USCHS,INNSA,"Memphis, TN, USMEM","Charleston, SC, USCHS","Nhava Sheva, MH, INNSA",NHAVA SHEVA,EGLV,EMC,SC103574,DRY,,10/1/2025,12/31/2025,11/5/2025 9:38,1500,1500,199.65,199.65,1699.65,1699.65,1
1836,USMEM,USSAV,INNSA,"Memphis, TN, USMEM","Savannah, GA, USSAV","Nhava Sheva, MH, INNSA",NHAVA SHEVA,EGLV,EMC,SC103574,DRY,,10/1/2025,12/31/2025,11/5/2025 9:38,1500,1500,199.65,199.65,1699.65,1699.65,1
1837,USMEM,USSAV,INNSA,"Memphis, TN, USMEM","Savannah, GA, USSAV","Nhava Sheva, MH, INNSA",INNSA,OOLU,OOCL,MT256104,DRY,2,10/20/2025,12/31/2025,11/5/2025 9:38,1547,1547,157.7,157.7,1704.7,1704.7,1
1838,USMEM,USCHS,INNSA,"Memphis, TN, USMEM","Charleston, SC, USCHS","Nhava Sheva, MH, INNSA",INNSA,OOLU,OOCL,MT256104,DRY,2,10/20/2025,12/31/2025,11/5/2025 9:38,1547,1547,157.7,157.7,1704.7,1704.7,1
1839,USMEM,USSAV,INNSA,"Memphis, TN, USMEM","Savannah, GA, USSAV","Nhava Sheva, MH, INNSA",INNSA,ONEY,ONE,CHIM354B25,DRY,1,10/1/2025,12/31/2025,11/5/2025 9:38,1639,1639,290.62,290.62,1929.62,1929.62,1
1840,USMEM,USCHS,INNSA,"Memphis, TN, USMEM","Charleston, SC, USCHS","Nhava Sheva, MH, INNSA",INNSA,MAEU,Maersk,300094432,DRY,0,10/16/2025,3/31/2026,11/5/2025 9:38,1869,1869,0,0,1869,1869,1
1841,USMEM,USLAX,INNSA,"Memphis, TN, USMEM",LALB,"Nhava Sheva, MH, INNSA",NHAVA SHEVA,EGLV,EMC,SC103574,DRY,,10/1/2025,12/31/2025,11/5/2025 9:38,2050,2050,199.65,199.65,2249.65,2249.65,1
1842,USMEM,USLAX,INNSA,"Memphis, TN, USMEM",LALB,"Nhava Sheva, MH, INNSA",INNSA,YMLU,YML,51625,DRY,1,10/27/2025,12/31/2025,11/5/2025 9:38,2325,2325,157.7,157.7,2482.7,2482.7,1
1843,USMEM,USLAX,INNSA,"Memphis, TN, USMEM",LALB,"Nhava Sheva, MH, INNSA",INNSA,ONEY,ONE,CHIM354B25,DRY,1,10/1/2025,12/31/2025,11/5/2025 9:38,2516,2516,290.62,290.62,2806.62,2806.62,1
1844,USMEM,USSAV,INPAV,"Memphis, TN, USMEM","Savannah, GA, USSAV","Pipavav (Victor) Port, GJ, INPAV",INPAV,MAEU,Maersk,300094432,DRY,0,10/16/2025,3/31/2026,11/5/2025 9:38,1869,1869,0,0,1869,1869,1
1845,USMEM,USCHS,INPAV,"Memphis, TN, USMEM","Charleston, SC, USCHS","Pipavav (Victor) Port, GJ, INPAV",INPAV,MAEU,Maersk,300094432,DRY,0,10/16/2025,3/31/2026,11/5/2025 9:38,1869,1869,0,0,1869,1869,1
1846,USMEM,USLAX,INPAV,"Memphis, TN, USMEM",LALB,"Pipavav (Victor) Port, GJ, INPAV",INPAV,ONEY,ONE,CHIM354B25,DRY,1,10/1/2025,12/31/2025,11/5/2025 9:38,2216,2216,279.98,279.98,2495.98,2495.98,1
1847,USMEM,USLAX,INPAV,"Memphis, TN, USMEM",LALB,"Pipavav (Victor) Port, GJ, INPAV",INPAV,YMLU,YML,51625,DRY,1,10/27/2025,12/31/2025,11/5/2025 9:38,2325,2325,152.07,152.07,2477.07,2477.07,1
1848,USMEM,USSAV,INPAV,"Memphis, TN, USMEM","Savannah, GA, USSAV","Pipavav (Victor) Port, GJ, INPAV",INPAV,ONEY,ONE,CHIM354B25,DRY,1,10/1/2025,12/31/2025,11/5/2025 9:38,2739,2739,279.98,279.98,3018.98,3018.98,1
1849,USMEM,USLGB,INRJU,"Memphis, TN, USMEM",LALB,"Rajula, GJ, INRJU",INRJU,OOLU,OOCL,MT256104,DRY,2,10/20/2025,12/31/2025,11/5/2025 9:38,1769,1769,0,0,1769,1769,1
1850,USMEM,USLAX,INRJU,"Memphis, TN, USMEM",LALB,"Rajula, GJ, INRJU",INRJU,OOLU,OOCL,MT256104,DRY,2,10/20/2025,12/31/2025,11/5/2025 9:38,1769,1769,0,0,1769,1769,1
1851,USMEM,USLGB,INTUT,"Memphis, TN, USMEM",LALB,"Tuticorin, TN, INTUT",INTUT,OOLU,OOCL,MT256104,DRY,2,10/20/2025,12/31/2025,11/5/2025 9:38,1719,1719,78.85,78.85,1797.85,1797.85,1
1852,USMEM,USLAX,INTUT,"Memphis, TN, USMEM",LALB,"Tuticorin, TN, INTUT",INTUT,OOLU,OOCL,MT256104,DRY,2,10/20/2025,12/31/2025,11/5/2025 9:38,1719,1719,78.85,78.85,1797.85,1797.85,1
1853,USMEM,USCHS,INTUT,"Memphis, TN, USMEM","Charleston, SC, USCHS","Tuticorin, TN, INTUT",INTUT,MAEU,Maersk,300094432,DRY,0,10/16/2025,3/31/2026,11/5/2025 9:38,1869,1869,0,0,1869,1869,1
1854,USMEM,USCHS,INTUT,"Memphis, TN, USMEM","Charleston, SC, USCHS","Tuticorin, TN, INTUT",INTUT,ONEY,ONE,CHIM354B25,DRY,1,10/1/2025,12/31/2025,11/5/2025 9:38,2464,2464,211.77,211.77,2675.77,2675.77,1
1855,USMEM,USSAV,INTUT,"Memphis, TN, USMEM","Savannah, GA, USSAV","Tuticorin, TN, INTUT",INTUT,ONEY,ONE,CHIM354B25,DRY,1,10/1/2025,12/31/2025,11/5/2025 9:38,2464,2464,211.77,211.77,2675.77,2675.77,1
1856,USMEM,USORF,INTUT,"Memphis, TN, USMEM","Norfolk, VA, USORF","Tuticorin, TN, INTUT",INTUT,ONEY,ONE,CHIM354B25,DRY,1,10/1/2025,12/31/2025,11/5/2025 9:38,2464,2464,211.77,211.77,2675.77,2675.77,1
1857,USMEM,USSAV,INTUT,"Memphis, TN, USMEM","Savannah, GA, USSAV","Tuticorin, TN, INTUT",INTUT,OOLU,OOCL,MT256104,DRY,2,10/20/2025,12/31/2025,11/5/2025 9:38,2917,2917,78.85,78.85,2995.85,2995.85,1
1858,USMEM,USCHS,INTUT,"Memphis, TN, USMEM","Charleston, SC, USCHS","Tuticorin, TN, INTUT",INTUT,OOLU,OOCL,MT256104,DRY,2,10/20/2025,12/31/2025,11/5/2025 9:38,2917,2917,78.85,78.85,2995.85,2995.85,1
1859,USMEM,USLAX,INTUT,"Memphis, TN, USMEM",LALB,"Tuticorin, TN, INTUT",INTUT,ONEY,ONE,CHIM354B25,DRY,1,10/1/2025,12/31/2025,11/5/2025 9:38,3051,3051,211.77,211.77,3262.77,3262.77,1
1860,USMEM,USSAV,ITSPE,"Memphis, TN, USMEM","Savannah, GA, USSAV","La Spezia, , ITSPE",ITSPE,ONEY,ONE,CHIM354B25,DRY,1,10/1/2025,12/31/2025,11/5/2025 9:38,1489,1489,380.47,380.47,1869.47,1869.47,1
1861,USMEM,USLAX,JPABU,"Memphis, TN, USMEM",LALB,"Aburatsu, 45, JPABU",KRPUS,YMLU,YML,51625,DRY,1,10/27/2025,12/31/2025,11/5/2025 9:38,2350,2350,125.98,125.98,2475.98,2475.98,1
1862,USMEM,USLAX,JPAXT,"Memphis, TN, USMEM",LALB,"Akita, 5, JPAXT",KRPUS,YMLU,YML,51625,DRY,1,10/27/2025,12/31/2025,11/5/2025 9:38,2350,2350,125.98,125.98,2475.98,2475.98,1
1863,USMEM,USLAX,JPFKY,"Memphis, TN, USMEM",LALB,"Fukuyama, Hiroshima, 34, JPFKY",KRPUS,YMLU,YML,51625,DRY,1,10/27/2025,12/31/2025,11/5/2025 9:38,2670,2670,125.98,125.98,2795.98,2795.98,1
1864,USMEM,USLAX,JPHHE,"Memphis, TN, USMEM",LALB,"Hachinohe, 2, JPHHE",KRPUS,YMLU,YML,51625,DRY,1,10/27/2025,12/31/2025,11/5/2025 9:38,3150,3150,125.98,125.98,3275.98,3275.98,1
1865,USMEM,USLAX,JPHIJ,"Memphis, TN, USMEM",LALB,"Hiroshima, 34, JPHIJ",KRPUS,YMLU,YML,51625,DRY,1,10/27/2025,12/31/2025,11/5/2025 9:38,1960,1960,125.98,125.98,2085.98,2085.98,1
1866,USMEM,USLAX,JPHIJ,"Memphis, TN, USMEM",LALB,"Hiroshima, 34, JPHIJ",JPHIJ,ONEY,ONE,CHIM354B25,DRY,1,10/1/2025,12/31/2025,11/5/2025 9:38,2241,2241,324.73,324.73,2565.73,2565.73,1
1867,USMEM,USLAX,JPHKD,"Memphis, TN, USMEM",LALB,"Hakodate, 1, JPHKD",KRPUS,YMLU,YML,51625,DRY,1,10/27/2025,12/31/2025,11/5/2025 9:38,2600,2600,125.98,125.98,2725.98,2725.98,1
1868,USMEM,USLAX,JPHMD,"Memphis, TN, USMEM",LALB,"Hamada, 32, JPHMD",KRPUS,YMLU,YML,51625,DRY,1,10/27/2025,12/31/2025,11/5/2025 9:38,2870,2870,125.98,125.98,2995.98,2995.98,1
1869,USMEM,USCHS,JPHTD,"Memphis, TN, USMEM","Charleston, SC, USCHS","Hakata, 38, JPHTD",HAKATA,EGLV,EMC,SC103574,DRY,,10/1/2025,12/31/2025,11/5/2025 9:38,900,900,311.74,311.74,1211.74,1211.74,1
1870,USMEM,USORF,JPHTD,"Memphis, TN, USMEM","Norfolk, VA, USORF","Hakata, 38, JPHTD",HAKATA,EGLV,EMC,SC103574,DRY,,10/1/2025,12/31/2025,11/5/2025 9:38,900,900,311.74,311.74,1211.74,1211.74,1
1871,USMEM,USSAV,JPHTD,"Memphis, TN, USMEM","Savannah, GA, USSAV","Hakata, 38, JPHTD",HAKATA,EGLV,EMC,SC103574,DRY,,10/1/2025,12/31/2025,11/5/2025 9:38,900,900,311.74,311.74,1211.74,1211.74,1
1872,USMEM,USLAX,JPHTD,"Memphis, TN, USMEM",LALB,"Hakata, 38, JPHTD",HAKATA,EGLV,EMC,SC103574,DRY,,10/1/2025,12/31/2025,11/5/2025 9:38,1400,1400,311.74,311.74,1711.74,1711.74,1
1873,USMEM,USLGB,JPHTD,"Memphis, TN, USMEM",LALB,"Hakata, 38, JPHTD",JPHTD,OOLU,OOCL,MT256104,DRY,2,10/20/2025,12/31/2025,11/5/2025 9:38,1574,1574,318.23,318.23,1892.23,1892.23,1
1874,USMEM,USLAX,JPHTD,"Memphis, TN, USMEM",LALB,"Hakata, 38, JPHTD",JPHTD,OOLU,OOCL,MT256104,DRY,2,10/20/2025,12/31/2025,11/5/2025 9:38,1574,1574,318.23,318.23,1892.23,1892.23,1
1875,USMEM,USCHS,JPHTD,"Memphis, TN, USMEM","Charleston, SC, USCHS","Hakata, 38, JPHTD",JPHTD,OOLU,OOCL,MT256104,DRY,2,10/20/2025,12/31/2025,11/5/2025 9:38,1782,1782,318.23,318.23,2100.23,2100.23,1
1876,USMEM,USSAV,JPHTD,"Memphis, TN, USMEM","Savannah, GA, USSAV","Hakata, 38, JPHTD",JPHTD,OOLU,OOCL,MT256104,DRY,2,10/20/2025,12/31/2025,11/5/2025 9:38,1782,1782,318.23,318.23,2100.23,2100.23,1
1877,USMEM,USLAX,JPIMB,"Memphis, TN, USMEM",LALB,"Imabari, 38, JPIMB",KRPUS,YMLU,YML,51625,DRY,1,10/27/2025,12/31/2025,11/5/2025 9:38,2410,2410,125.98,125.98,2535.98,2535.98,1
1878,USMEM,USLAX,JPIMI,"Memphis, TN, USMEM",LALB,"Imari, 41, JPIMI",CNSHG,YMLU,YML,51625,DRY,1,10/27/2025,12/31/2025,11/5/2025 9:38,1870,1870,224.8,224.8,2094.8,2094.8,1
1879,USMEM,USLAX,JPISI,"Memphis, TN, USMEM",LALB,"Ishikari, 1, JPISI",KRPUS,YMLU,YML,51625,DRY,1,10/27/2025,12/31/2025,11/5/2025 9:38,2730,2730,125.98,125.98,2855.98,2855.98,1
1880,USMEM,USLAX,JPIWK,"Memphis, TN, USMEM",LALB,"Iwakuni, 35, JPIWK",KRPUS,YMLU,YML,51625,DRY,1,10/27/2025,12/31/2025,11/5/2025 9:38,2610,2610,125.98,125.98,2735.98,2735.98,1
1881,USMEM,USLAX,JPIYM,"Memphis, TN, USMEM",LALB,"Iyomishima, 38, JPIYM",CNSHG,YMLU,YML,51625,DRY,1,10/27/2025,12/31/2025,11/5/2025 9:38,1700,1700,224.8,224.8,1924.8,1924.8,1
1882,USMEM,USLAX,JPIYM,"Memphis, TN, USMEM",LALB,"Iyomishima, 38, JPIYM",JPIYM,ONEY,ONE,CHIM354B25,DRY,1,10/1/2025,12/31/2025,11/5/2025 9:38,2401,2401,342.26,342.26,2743.26,2743.26,1
1883,USMEM,USLAX,JPKCZ,"Memphis, TN, USMEM",LALB,"Kochi, 39, JPKCZ",JPKCZ,ONEY,ONE,CHIM354B25,DRY,1,10/1/2025,12/31/2025,11/5/2025 9:38,2541,2541,342.26,342.26,2883.26,2883.26,1
1884,USMEM,USLAX,JPKIJ,"Memphis, TN, USMEM",LALB,"Niigata, 15, JPKIJ",JPKIJ,ONEY,ONE,CHIM354B25,DRY,1,10/1/2025,12/31/2025,11/5/2025 9:38,2301,2301,342.26,342.26,2643.26,2643.26,1
1885,USMEM,USLAX,JPKMJ,"Memphis, TN, USMEM",LALB,"Kumamoto, 43, JPKMJ",KRPUS,YMLU,YML,51625,DRY,1,10/27/2025,12/31/2025,11/5/2025 9:38,2300,2300,125.98,125.98,2425.98,2425.98,1
1886,USMEM,USLAX,JPKNZ,"Memphis, TN, USMEM",LALB,"Kanazawa, 17, JPKNZ",KRPUS,YMLU,YML,51625,DRY,1,10/27/2025,12/31/2025,11/5/2025 9:38,2540,2540,125.98,125.98,2665.98,2665.98,1
1887,USMEM,USLAX,JPKST,"Memphis, TN, USMEM",LALB,"Kisakata, 5, JPKST",KRPUS,YMLU,YML,51625,DRY,1,10/27/2025,12/31/2025,11/5/2025 9:38,2730,2730,125.98,125.98,2855.98,2855.98,1
1888,USMEM,USLAX,JPKUH,"Memphis, TN, USMEM",LALB,"Kushiro, 1, JPKUH",KRPUS,YMLU,YML,51625,DRY,1,10/27/2025,12/31/2025,11/5/2025 9:38,2955,2955,125.98,125.98,3080.98,3080.98,1
1889,USMEM,USLAX,JPMII,"Memphis, TN, USMEM",LALB,"Miike, Fukuoka, 40, JPMII",KRPUS,YMLU,YML,51625,DRY,1,10/27/2025,12/31/2025,11/5/2025 9:38,2670,2670,125.98,125.98,2795.98,2795.98,1
1890,USMEM,USLAX,JPMIZ,"Memphis, TN, USMEM",LALB,"Mizushima, 33, JPMIZ",CNNBG,YMLU,YML,51625,DRY,1,10/27/2025,12/31/2025,11/5/2025 9:38,1570,1570,224.8,224.8,1794.8,1794.8,1
1891,USMEM,USLGB,JPMOJ,"Memphis, TN, USMEM",LALB,"Moji/Kitakyushu, 40, JPMOJ",JPMOJ,OOLU,OOCL,MT256104,DRY,2,10/20/2025,12/31/2025,11/5/2025 9:38,1149,1149,0,0,1149,1149,1
1892,USMEM,USLAX,JPMOJ,"Memphis, TN, USMEM",LALB,"Moji/Kitakyushu, 40, JPMOJ",JPMOJ,OOLU,OOCL,MT256104,DRY,2,10/20/2025,12/31/2025,11/5/2025 9:38,1149,1149,0,0,1149,1149,1
1893,USMEM,USSAV,JPMOJ,"Memphis, TN, USMEM","Savannah, GA, USSAV","Moji/Kitakyushu, 40, JPMOJ",JPMOJ,MAEU,Maersk,300094432,DRY,0,10/16/2025,3/31/2026,10/22/2025 19:06,1491,1491,0,0,1491,1491,1
1894,USMEM,USLAX,JPMOJ,"Memphis, TN, USMEM",LALB,"Moji/Kitakyushu, 40, JPMOJ",JPMOJ,MAEU,Maersk,300094432,DRY,0,10/16/2025,3/31/2026,10/22/2025 19:06,1562,1562,0,0,1562,1562,1
1895,USMEM,USLAX,JPMOJ,"Memphis, TN, USMEM",LALB,"Moji/Kitakyushu, 40, JPMOJ",JPMOJ,ONEY,ONE,CHIM354B25,DRY,1,10/1/2025,12/31/2025,11/5/2025 9:38,1976,1976,342.26,342.26,2318.26,2318.26,1
1896,USMEM,USLAX,JPNAH,"Memphis, TN, USMEM",LALB,"Naha, Okinawa, 47, JPNAH",TWKHH,YMLU,YML,51625,DRY,1,10/27/2025,12/31/2025,11/5/2025 9:38,1730,1730,227.3,227.3,1957.3,1957.3,1
1897,USMEM,USLAX,JPNAO,"Memphis, TN, USMEM",LALB,"Naoetsu, 15, JPNAO",JPNAO,ONEY,ONE,CHIM354B25,DRY,1,10/1/2025,12/31/2025,11/5/2025 9:38,2611,2611,342.26,342.26,2953.26,2953.26,1
1898,USMEM,USLAX,JPNAO,"Memphis, TN, USMEM",LALB,"Naoetsu, 15, JPNAO",KRPUS,YMLU,YML,51625,DRY,1,10/27/2025,12/31/2025,11/5/2025 9:38,2750,2750,125.98,125.98,2875.98,2875.98,1
1899,USMEM,USSAV,JPNGO,"Memphis, TN, USMEM","Savannah, GA, USSAV","Nagoya, Aichi, 23, JPNGO",JPNGO,MAEU,Maersk,300094432,DRY,0,10/16/2025,3/31/2026,10/22/2025 19:06,771,771,0,0,771,771,1
1900,USMEM,USLAX,JPNGO,"Memphis, TN, USMEM",LALB,"Nagoya, Aichi, 23, JPNGO",JPNGO,MAEU,Maersk,300094432,DRY,0,10/16/2025,3/31/2026,10/22/2025 19:06,842,842,0,0,842,842,1
1901,USMEM,USSAV,JPNGO,"Memphis, TN, USMEM","Savannah, GA, USSAV","Nagoya, Aichi, 23, JPNGO",NAGOYA,EGLV,EMC,SC103574,DRY,,10/1/2025,12/31/2025,11/5/2025 9:38,900,900,311.74,311.74,1211.74,1211.74,1
1902,USMEM,USORF,JPNGO,"Memphis, TN, USMEM","Norfolk, VA, USORF","Nagoya, Aichi, 23, JPNGO",NAGOYA,EGLV,EMC,SC103574,DRY,,10/1/2025,12/31/2025,11/5/2025 9:38,900,900,311.74,311.74,1211.74,1211.74,1
1903,USMEM,USLAX,JPNGO,"Memphis, TN, USMEM",LALB,"Nagoya, Aichi, 23, JPNGO",JPNGO,YMLU,YML,51625,DRY,1,10/27/2025,12/31/2025,11/5/2025 9:38,900,900,321.48,321.48,1221.48,1221.48,1
1904,USMEM,USCHS,JPNGO,"Memphis, TN, USMEM","Charleston, SC, USCHS","Nagoya, Aichi, 23, JPNGO",NAGOYA,EGLV,EMC,SC103574,DRY,,10/1/2025,12/31/2025,11/5/2025 9:38,900,900,311.74,311.74,1211.74,1211.74,1
1905,USMEM,USLAX,JPNGO,"Memphis, TN, USMEM",LALB,"Nagoya, Aichi, 23, JPNGO",JPNGO,OOLU,OOCL,MT256104,DRY,2,10/20/2025,12/31/2025,11/5/2025 9:38,919,919,318.23,318.23,1237.23,1237.23,1
1906,USMEM,USLGB,JPNGO,"Memphis, TN, USMEM",LALB,"Nagoya, Aichi, 23, JPNGO",JPNGO,OOLU,OOCL,MT256104,DRY,2,10/20/2025,12/31/2025,11/5/2025 9:38,919,919,318.23,318.23,1237.23,1237.23,1
1907,USMEM,USLAX,JPNGO,"Memphis, TN, USMEM",LALB,"Nagoya, Aichi, 23, JPNGO",SGSIN,YMLU,YML,51625,DRY,1,10/27/2025,12/31/2025,11/5/2025 9:38,1175,1175,268.95,268.95,1443.95,1443.95,1
1908,USMEM,USLAX,JPNGO,"Memphis, TN, USMEM",LALB,"Nagoya, Aichi, 23, JPNGO",NAGOYA,EGLV,EMC,SC103574,DRY,,10/1/2025,12/31/2025,11/5/2025 9:38,1350,1350,311.74,311.74,1661.74,1661.74,1
1909,USMEM,USLAX,JPNGO,"Memphis, TN, USMEM",LALB,"Nagoya, Aichi, 23, JPNGO",JPNGO,ONEY,ONE,CHIM354B25,DRY,1,10/1/2025,12/31/2025,11/5/2025 9:38,1501,1501,342.26,342.26,1843.26,1843.26,1
1910,USMEM,USSAV,JPNGO,"Memphis, TN, USMEM","Savannah, GA, USSAV","Nagoya, Aichi, 23, JPNGO",JPNGO,OOLU,OOCL,MT256104,DRY,2,10/20/2025,12/31/2025,11/5/2025 9:38,1782,1782,318.23,318.23,2100.23,2100.23,1
1911,USMEM,USCHS,JPNGO,"Memphis, TN, USMEM","Charleston, SC, USCHS","Nagoya, Aichi, 23, JPNGO",JPNGO,OOLU,OOCL,MT256104,DRY,2,10/20/2025,12/31/2025,11/5/2025 9:38,1782,1782,318.23,318.23,2100.23,2100.23,1
1912,USMEM,USLAX,JPNKO,"Memphis, TN, USMEM",LALB,"Nanko, 27, JPNKO",JPUKB,YMLU,YML,51625,DRY,1,10/27/2025,12/31/2025,11/5/2025 9:38,1470,1470,321.48,321.48,1791.48,1791.48,1
1913,USMEM,USLAX,JPOIT,"Memphis, TN, USMEM",LALB,"Oita, 44, JPOIT",KRPUS,YMLU,YML,51625,DRY,1,10/27/2025,12/31/2025,11/5/2025 9:38,2370,2370,125.98,125.98,2495.98,2495.98,1
1914,USMEM,USLAX,JPONA,"Memphis, TN, USMEM",LALB,"Onahama, 7, JPONA",KRPUS,YMLU,YML,51625,DRY,1,10/27/2025,12/31/2025,11/5/2025 9:38,2890,2890,125.98,125.98,3015.98,3015.98,1
1915,USMEM,USORF,JPOSA,"Memphis, TN, USMEM","Norfolk, VA, USORF","Osaka, 27, JPOSA",OSAKA,EGLV,EMC,SC103574,DRY,,10/1/2025,12/31/2025,11/5/2025 9:38,900,900,311.74,311.74,1211.74,1211.74,1
1916,USMEM,USSAV,JPOSA,"Memphis, TN, USMEM","Savannah, GA, USSAV","Osaka, 27, JPOSA",OSAKA,EGLV,EMC,SC103574,DRY,,10/1/2025,12/31/2025,11/5/2025 9:38,900,900,311.74,311.74,1211.74,1211.74,1
1917,USMEM,USCHS,JPOSA,"Memphis, TN, USMEM","Charleston, SC, USCHS","Osaka, 27, JPOSA",OSAKA,EGLV,EMC,SC103574,DRY,,10/1/2025,12/31/2025,11/5/2025 9:38,900,900,311.74,311.74,1211.74,1211.74,1
1918,USMEM,USLGB,JPOSA,"Memphis, TN, USMEM",LALB,"Osaka, 27, JPOSA",JPOSA,OOLU,OOCL,MT256104,DRY,2,10/20/2025,12/31/2025,11/5/2025 9:38,1044,1044,318.23,318.23,1362.23,1362.23,1
1919,USMEM,USLAX,JPOSA,"Memphis, TN, USMEM",LALB,"Osaka, 27, JPOSA",JPOSA,OOLU,OOCL,MT256104,DRY,2,10/20/2025,12/31/2025,11/5/2025 9:38,1044,1044,318.23,318.23,1362.23,1362.23,1
1920,USMEM,USLAX,JPOSA,"Memphis, TN, USMEM",LALB,"Osaka, 27, JPOSA",JPUKB,YMLU,YML,51625,DRY,1,10/27/2025,12/31/2025,11/5/2025 9:38,1150,1150,321.48,321.48,1471.48,1471.48,1
1921,USMEM,USLAX,JPOSA,"Memphis, TN, USMEM",LALB,"Osaka, 27, JPOSA",JPUKB,YMLU,YML,51625,DRY,1,10/27/2025,12/31/2025,11/5/2025 9:38,1230,1230,321.48,321.48,1551.48,1551.48,1
1922,USMEM,USLAX,JPOSA,"Memphis, TN, USMEM",LALB,"Osaka, 27, JPOSA","Yokohama, JP",MAEU,Maersk,300094432,DRY,0,10/16/2025,3/31/2026,10/22/2025 19:06,1232,1232,0,0,1232,1232,1
1923,USMEM,USLAX,JPOSA,"Memphis, TN, USMEM",LALB,"Osaka, 27, JPOSA",OSAKA,EGLV,EMC,SC103574,DRY,,10/1/2025,12/31/2025,11/5/2025 9:38,1350,1350,311.74,311.74,1661.74,1661.74,1
1924,USMEM,USSAV,JPOSA,"Memphis, TN, USMEM","Savannah, GA, USSAV","Osaka, 27, JPOSA","Yokohama, JP",MAEU,Maersk,300094432,DRY,0,10/16/2025,3/31/2026,10/22/2025 19:06,1361,1361,0,0,1361,1361,1
1925,USMEM,USLAX,JPOSA,"Memphis, TN, USMEM",LALB,"Osaka, 27, JPOSA",JPOSA,ONEY,ONE,CHIM354B25,DRY,1,10/1/2025,12/31/2025,11/5/2025 9:38,1396,1396,342.26,342.26,1738.26,1738.26,1
1926,USMEM,USLAX,JPOTK,"Memphis, TN, USMEM",LALB,"Otake, 34, JPOTK",KRPUS,YMLU,YML,51625,DRY,1,10/27/2025,12/31/2025,11/5/2025 9:38,2750,2750,125.98,125.98,2875.98,2875.98,1
1927,USMEM,USLAX,JPSBS,"Memphis, TN, USMEM",LALB,"Shibushi, 46, JPSBS",JPSBS,ONEY,ONE,CHIM354B25,DRY,1,10/1/2025,12/31/2025,11/5/2025 9:38,2401,2401,342.26,342.26,2743.26,2743.26,1
1928,USMEM,USLAX,JPSDJ,"Memphis, TN, USMEM",LALB,"Sendai, Miyagi, 4, JPSDJ",JPSDJ,ONEY,ONE,CHIM354B25,DRY,1,10/1/2025,12/31/2025,11/5/2025 9:38,2331,2331,342.26,342.26,2673.26,2673.26,1
1929,USMEM,USLAX,JPSDJ,"Memphis, TN, USMEM",LALB,"Sendai, Miyagi, 4, JPSDJ",KRPUS,YMLU,YML,51625,DRY,1,10/27/2025,12/31/2025,11/5/2025 9:38,2900,2900,125.98,125.98,3025.98,3025.98,1
1930,USMEM,USLAX,JPSEB,"Memphis, TN, USMEM",LALB,"Seibu, 13, JPSEB",JPNGO,YMLU,YML,51625,DRY,1,10/27/2025,12/31/2025,11/5/2025 9:38,1220,1220,321.48,321.48,1541.48,1541.48,1
1931,USMEM,USLAX,JPSEN,"Memphis, TN, USMEM",LALB,"Satsumasendai, 46, JPSEN",KRPUS,YMLU,YML,51625,DRY,1,10/27/2025,12/31/2025,11/5/2025 9:38,2780,2780,125.98,125.98,2905.98,2905.98,1
1932,USMEM,USLAX,JPSHS,"Memphis, TN, USMEM",LALB,"Shimonoseki, 35, JPSHS",KRPUS,YMLU,YML,51625,DRY,1,10/27/2025,12/31/2025,11/5/2025 9:38,2620,2620,125.98,125.98,2745.98,2745.98,1
1933,USMEM,USLAX,JPSMN,"Memphis, TN, USMEM",LALB,"Sakaiminato, 31, JPSMN",JPSMN,ONEY,ONE,CHIM354B25,DRY,1,10/1/2025,12/31/2025,11/5/2025 9:38,2641,2641,0,0,2641,2641,1
1934,USMEM,USLAX,JPSMZ,"Memphis, TN, USMEM",LALB,"Shimizu, 22, JPSMZ",JPSMZ,YMLU,YML,51625,DRY,1,10/27/2025,12/31/2025,11/5/2025 9:38,900,900,321.48,321.48,1221.48,1221.48,1
1935,USMEM,USLAX,JPSMZ,"Memphis, TN, USMEM",LALB,"Shimizu, 22, JPSMZ",JPSMZ,OOLU,OOCL,MT256104,DRY,2,10/20/2025,12/31/2025,11/5/2025 9:38,919,919,0,0,919,919,1
1936,USMEM,USLGB,JPSMZ,"Memphis, TN, USMEM",LALB,"Shimizu, 22, JPSMZ",JPSMZ,OOLU,OOCL,MT256104,DRY,2,10/20/2025,12/31/2025,11/5/2025 9:38,919,919,0,0,919,919,1
1937,USMEM,USLAX,JPSMZ,"Memphis, TN, USMEM",LALB,"Shimizu, 22, JPSMZ",JPSMZ,ONEY,ONE,CHIM354B25,DRY,1,10/1/2025,12/31/2025,11/5/2025 9:38,1501,1501,342.26,342.26,1843.26,1843.26,1
1938,USMEM,USLAX,JPTAK,"Memphis, TN, USMEM",LALB,"Takamatsu, 37, JPTAK",KRPUS,YMLU,YML,51625,DRY,1,10/27/2025,12/31/2025,11/5/2025 9:38,2670,2670,125.98,125.98,2795.98,2795.98,1
1939,USMEM,USLAX,JPTHS,"Memphis, TN, USMEM",LALB,"Toyohashi, 23, JPTHS",KRPUS,YMLU,YML,51625,DRY,1,10/27/2025,12/31/2025,11/5/2025 9:38,1760,1760,125.98,125.98,1885.98,1885.98,1
1940,USMEM,USLAX,JPTKS,"Memphis, TN, USMEM",LALB,"Tokushima, 36, JPTKS",KRPUS,YMLU,YML,51625,DRY,1,10/27/2025,12/31/2025,11/5/2025 9:38,2650,2650,125.98,125.98,2775.98,2775.98,1
1941,USMEM,USLAX,JPTKS,"Memphis, TN, USMEM",LALB,"Tokushima, 36, JPTKS",JPTKS,ONEY,ONE,CHIM354B25,DRY,1,10/1/2025,12/31/2025,11/5/2025 9:38,3001,3001,342.26,342.26,3343.26,3343.26,1
1942,USMEM,USLAX,JPTKY,"Memphis, TN, USMEM",LALB,"Tokuyama, 35, JPTKY",KRPUS,YMLU,YML,51625,DRY,1,10/27/2025,12/31/2025,11/5/2025 9:38,2440,2440,125.98,125.98,2565.98,2565.98,1
1943,USMEM,USLAX,JPTMK,"Memphis, TN, USMEM",LALB,"Tomakomai, 1, JPTMK",KRPUS,YMLU,YML,51625,DRY,1,10/27/2025,12/31/2025,11/5/2025 9:38,2375,2375,125.98,125.98,2500.98,2500.98,1
1944,USMEM,USLAX,JPTMK,"Memphis, TN, USMEM",LALB,"Tomakomai, 1, JPTMK",JPTMK,ONEY,ONE,CHIM354B25,DRY,1,10/1/2025,12/31/2025,11/5/2025 9:38,2801,2801,342.26,342.26,3143.26,3143.26,1
1945,USMEM,USLAX,JPTOY,"Memphis, TN, USMEM",LALB,"Toyama, 16, JPTOY",KRPUS,YMLU,YML,51625,DRY,1,10/27/2025,12/31/2025,11/5/2025 9:38,2590,2590,125.98,125.98,2715.98,2715.98,1
1946,USMEM,USLAX,JPTRG,"Memphis, TN, USMEM",LALB,"Tsuruga, 18, JPTRG",KRPUS,YMLU,YML,51625,DRY,1,10/27/2025,12/31/2025,11/5/2025 9:38,2510,2510,125.98,125.98,2635.98,2635.98,1
1947,USMEM,USLGB,JPTYO,"Memphis, TN, USMEM",LALB,"Tokyo, 13, JPTYO",JPTYO,OOLU,OOCL,MT256104,DRY,2,10/20/2025,12/31/2025,11/5/2025 9:38,919,919,318.23,318.23,1237.23,1237.23,1
1948,USMEM,USLAX,JPTYO,"Memphis, TN, USMEM",LALB,"Tokyo, 13, JPTYO",JPTYO,OOLU,OOCL,MT256104,DRY,2,10/20/2025,12/31/2025,11/5/2025 9:38,919,919,318.23,318.23,1237.23,1237.23,1
1949,USMEM,USLAX,JPTYO,"Memphis, TN, USMEM",LALB,"Tokyo, 13, JPTYO",JPTYO,YMLU,YML,51625,DRY,1,10/27/2025,12/31/2025,11/5/2025 9:38,1000,1000,321.48,321.48,1321.48,1321.48,1
1950,USMEM,USSAV,JPTYO,"Memphis, TN, USMEM","Savannah, GA, USSAV","Tokyo, 13, JPTYO",JPTYO,MAEU,Maersk,300094432,DRY,0,10/16/2025,3/31/2026,10/22/2025 19:06,1061,1061,0,0,1061,1061,1
1951,USMEM,USLAX,JPTYO,"Memphis, TN, USMEM",LALB,"Tokyo, 13, JPTYO",JPTYO,MAEU,Maersk,300094432,DRY,0,10/16/2025,3/31/2026,10/22/2025 19:06,1132,1132,0,0,1132,1132,1
1952,USMEM,USLAX,JPTYO,"Memphis, TN, USMEM",LALB,"Tokyo, 13, JPTYO",SGSIN,YMLU,YML,51625,DRY,1,10/27/2025,12/31/2025,11/5/2025 9:38,1175,1175,268.95,268.95,1443.95,1443.95,1
1953,USMEM,USLAX,JPTYO,"Memphis, TN, USMEM",LALB,"Tokyo, 13, JPTYO",JPTYO,ONEY,ONE,CHIM354B25,DRY,1,10/1/2025,12/31/2025,11/5/2025 9:38,1501,1501,342.26,342.26,1843.26,1843.26,1
1954,USMEM,USSAV,JPTYO,"Memphis, TN, USMEM","Savannah, GA, USSAV","Tokyo, 13, JPTYO",JPTYO,OOLU,OOCL,MT256104,DRY,2,10/20/2025,12/31/2025,11/5/2025 9:38,2037,2037,318.23,318.23,2355.23,2355.23,1
1955,USMEM,USCHS,JPTYO,"Memphis, TN, USMEM","Charleston, SC, USCHS","Tokyo, 13, JPTYO",JPTYO,OOLU,OOCL,MT256104,DRY,2,10/20/2025,12/31/2025,11/5/2025 9:38,2037,2037,318.23,318.23,2355.23,2355.23,1
1956,USMEM,USSAV,JPUKB,"Memphis, TN, USMEM","Savannah, GA, USSAV","Kobe, 28, JPUKB",KOBE,EGLV,EMC,SC103574,DRY,,10/1/2025,12/31/2025,11/5/2025 9:38,900,900,311.74,311.74,1211.74,1211.74,1
1957,USMEM,USCHS,JPUKB,"Memphis, TN, USMEM","Charleston, SC, USCHS","Kobe, 28, JPUKB",KOBE,EGLV,EMC,SC103574,DRY,,10/1/2025,12/31/2025,11/5/2025 9:38,900,900,311.74,311.74,1211.74,1211.74,1
1958,USMEM,USORF,JPUKB,"Memphis, TN, USMEM","Norfolk, VA, USORF","Kobe, 28, JPUKB",KOBE,EGLV,EMC,SC103574,DRY,,10/1/2025,12/31/2025,11/5/2025 9:38,900,900,311.74,311.74,1211.74,1211.74,1
1959,USMEM,USLGB,JPUKB,"Memphis, TN, USMEM",LALB,"Kobe, 28, JPUKB",JPUKB,OOLU,OOCL,MT256104,DRY,2,10/20/2025,12/31/2025,11/5/2025 9:38,919,919,318.23,318.23,1237.23,1237.23,1
1960,USMEM,USLAX,JPUKB,"Memphis, TN, USMEM",LALB,"Kobe, 28, JPUKB",JPUKB,OOLU,OOCL,MT256104,DRY,2,10/20/2025,12/31/2025,11/5/2025 9:38,919,919,318.23,318.23,1237.23,1237.23,1
1961,USMEM,USLAX,JPUKB,"Memphis, TN, USMEM",LALB,"Kobe, 28, JPUKB",JPUKB,YMLU,YML,51625,DRY,1,10/27/2025,12/31/2025,11/5/2025 9:38,950,950,321.48,321.48,1271.48,1271.48,1
1962,USMEM,USLAX,JPUKB,"Memphis, TN, USMEM",LALB,"Kobe, 28, JPUKB",JPUKB,MAEU,Maersk,300094432,DRY,0,10/16/2025,3/31/2026,10/22/2025 19:06,979,979,0,0,979,979,1
1963,USMEM,USSAV,JPUKB,"Memphis, TN, USMEM","Savannah, GA, USSAV","Kobe, 28, JPUKB",JPUKB,MAEU,Maersk,300094432,DRY,0,10/16/2025,3/31/2026,10/22/2025 19:06,1108,1108,0,0,1108,1108,1
1964,USMEM,USLAX,JPUKB,"Memphis, TN, USMEM",LALB,"Kobe, 28, JPUKB",JPUKB,ONEY,ONE,CHIM354B25,DRY,1,10/1/2025,12/31/2025,11/5/2025 9:38,1151,1151,342.26,342.26,1493.26,1493.26,1
1965,USMEM,USLAX,JPUKB,"Memphis, TN, USMEM",LALB,"Kobe, 28, JPUKB",SGSIN,YMLU,YML,51625,DRY,1,10/27/2025,12/31/2025,11/5/2025 9:38,1175,1175,268.95,268.95,1443.95,1443.95,1
1966,USMEM,USLAX,JPUKB,"Memphis, TN, USMEM",LALB,"Kobe, 28, JPUKB",KOBE,EGLV,EMC,SC103574,DRY,,10/1/2025,12/31/2025,11/5/2025 9:38,1350,1350,311.74,311.74,1661.74,1661.74,1
1967,USMEM,USSAV,JPUKB,"Memphis, TN, USMEM","Savannah, GA, USSAV","Kobe, 28, JPUKB",JPUKB,OOLU,OOCL,MT256104,DRY,2,10/20/2025,12/31/2025,11/5/2025 9:38,1782,1782,318.23,318.23,2100.23,2100.23,1
1968,USMEM,USCHS,JPUKB,"Memphis, TN, USMEM","Charleston, SC, USCHS","Kobe, 28, JPUKB",JPUKB,OOLU,OOCL,MT256104,DRY,2,10/20/2025,12/31/2025,11/5/2025 9:38,1782,1782,318.23,318.23,2100.23,2100.23,1
1969,USMEM,USSAV,JPYKK,"Memphis, TN, USMEM","Savannah, GA, USSAV","Yokkaichi, 24, JPYKK","Nagoya, JP",MAEU,Maersk,300094432,DRY,0,10/16/2025,3/31/2026,10/22/2025 19:06,1074.64,1074.64,0,0,1074.64,1074.64,1
1970,USMEM,USLAX,JPYKK,"Memphis, TN, USMEM",LALB,"Yokkaichi, 24, JPYKK","Nagoya, JP",MAEU,Maersk,300094432,DRY,0,10/16/2025,3/31/2026,10/22/2025 19:06,1145.64,1145.64,0,0,1145.64,1145.64,1
1971,USMEM,USLAX,JPYKK,"Memphis, TN, USMEM",LALB,"Yokkaichi, 24, JPYKK",KRPUS,YMLU,YML,51625,DRY,1,10/27/2025,12/31/2025,11/5/2025 9:38,2700,2700,125.98,125.98,2825.98,2825.98,1
1972,USMEM,USLGB,JPYOK,"Memphis, TN, USMEM",LALB,"Yokohama, 14, JPYOK",JPYOK,OOLU,OOCL,MT256104,DRY,2,10/20/2025,12/31/2025,11/5/2025 9:38,1044,1044,318.23,318.23,1362.23,1362.23,1
1973,USMEM,USLAX,JPYOK,"Memphis, TN, USMEM",LALB,"Yokohama, 14, JPYOK",JPYOK,OOLU,OOCL,MT256104,DRY,2,10/20/2025,12/31/2025,11/5/2025 9:38,1044,1044,318.23,318.23,1362.23,1362.23,1
1974,USMEM,USCHS,JPYOK,"Memphis, TN, USMEM","Charleston, SC, USCHS","Yokohama, 14, JPYOK",JPYOK,OOLU,OOCL,MT256104,DRY,2,10/20/2025,12/31/2025,11/5/2025 9:38,1267,1267,318.23,318.23,1585.23,1585.23,1
1975,USMEM,USSAV,JPYOK,"Memphis, TN, USMEM","Savannah, GA, USSAV","Yokohama, 14, JPYOK",JPYOK,OOLU,OOCL,MT256104,DRY,2,10/20/2025,12/31/2025,11/5/2025 9:38,1267,1267,318.23,318.23,1585.23,1585.23,1
1976,USMEM,USSAV,JPYOK,"Memphis, TN, USMEM","Savannah, GA, USSAV","Yokohama, 14, JPYOK",JPYOK,MAEU,Maersk,300094432,DRY,0,10/16/2025,3/31/2026,10/22/2025 19:06,1346,1346,0,0,1346,1346,1
1977,USMEM,USLAX,JPYOK,"Memphis, TN, USMEM",LALB,"Yokohama, 14, JPYOK",JPYOK,MAEU,Maersk,300094432,DRY,0,10/16/2025,3/31/2026,10/22/2025 19:06,1417,1417,0,0,1417,1417,1
1978,USMEM,USLAX,JPYOK,"Memphis, TN, USMEM",LALB,"Yokohama, 14, JPYOK",JPYOK,ONEY,ONE,CHIM354B25,DRY,1,10/1/2025,12/31/2025,11/5/2025 9:38,1801,1801,342.26,342.26,2143.26,2143.26,1
1979,USMEM,USLAX,KRDDC,"Memphis, TN, USMEM",LALB,"Dongducheon, 41, KRDDC",KRPUS,YMLU,YML,51625,DRY,1,10/27/2025,12/31/2025,11/5/2025 9:38,1625,1625,125.98,125.98,1750.98,1750.98,1
1980,USMEM,USLAX,KRINC,"Memphis, TN, USMEM",LALB,"Incheon, 28, KRINC",KRINC,YMLU,YML,51625,DRY,1,10/27/2025,12/31/2025,11/5/2025 9:38,975,975,125.98,125.98,1100.98,1100.98,1
1981,USMEM,USLAX,KRINC,"Memphis, TN, USMEM",LALB,"Incheon, 28, KRINC",KRKWA,YMLU,YML,51625,DRY,1,10/27/2025,12/31/2025,11/5/2025 9:38,1235,1235,125.98,125.98,1360.98,1360.98,1
1982,USMEM,USLAX,KRINC,"Memphis, TN, USMEM",LALB,"Incheon, 28, KRINC",KRINC,ONEY,ONE,CHIM354B25,DRY,1,10/1/2025,12/31/2025,11/5/2025 9:38,1501,1501,175.39,175.38,1676.39,1676.38,1
1983,USMEM,USLAX,KRINC,"Memphis, TN, USMEM",LALB,"Incheon, 28, KRINC",KRPUS,YMLU,YML,51625,DRY,1,10/27/2025,12/31/2025,11/5/2025 9:38,2130,2130,125.98,125.98,2255.98,2255.98,1
1984,USMEM,USLAX,KRINC,"Memphis, TN, USMEM",LALB,"Incheon, 28, KRINC",KRKWA,YMLU,YML,51625,DRY,1,10/27/2025,12/31/2025,11/5/2025 9:38,2130,2130,125.98,125.98,2255.98,2255.98,1
1985,USMEM,USSAV,KRKAN,"Memphis, TN, USMEM","Savannah, GA, USSAV","Gwangyang, 46, KRKAN",KRKAN,MAEU,Maersk,300094432,DRY,0,10/16/2025,3/31/2026,10/22/2025 19:06,945,945,0,0,945,945,1
1986,USMEM,USLAX,KRKAN,"Memphis, TN, USMEM",LALB,"Gwangyang, 46, KRKAN",KRKAN,MAEU,Maersk,300094432,DRY,0,10/16/2025,3/31/2026,10/22/2025 19:06,1016,1016,0,0,1016,1016,1
1987,USMEM,USLAX,KRKAN,"Memphis, TN, USMEM",LALB,"Gwangyang, 46, KRKAN",KRKAN,ONEY,ONE,CHIM354B25,DRY,1,10/1/2025,12/31/2025,11/5/2025 9:38,1201,1201,171.43,171.42,1372.43,1372.42,1
1988,USMEM,USSAV,KRKAN,"Memphis, TN, USMEM","Savannah, GA, USSAV","Gwangyang, 46, KRKAN",KRKAN,ONEY,ONE,CHIM354B25,DRY,1,10/1/2025,12/31/2025,11/5/2025 9:38,1464,1464,171.43,171.42,1635.43,1635.42,1
1989,USMEM,USCHS,KRKAN,"Memphis, TN, USMEM","Charleston, SC, USCHS","Gwangyang, 46, KRKAN",KRKAN,ONEY,ONE,CHIM354B25,DRY,1,10/1/2025,12/31/2025,11/5/2025 9:38,1464,1464,171.43,171.42,1635.43,1635.42,1
1990,USMEM,USLAX,KRKWA,"Memphis, TN, USMEM",LALB,"Kwangyang, 49, KRKWA",KRKWA,YMLU,YML,51625,DRY,1,10/27/2025,12/31/2025,11/5/2025 9:38,950,950,125.98,125.98,1075.98,1075.98,1
1991,USMEM,USLAX,KRKWA,"Memphis, TN, USMEM",LALB,"Kwangyang, 49, KRKWA",KRPUS,YMLU,YML,51625,DRY,1,10/27/2025,12/31/2025,11/5/2025 9:38,1075,1075,125.98,125.98,1200.98,1200.98,1
1992,USMEM,USCHS,KRKWA,"Memphis, TN, USMEM","Charleston, SC, USCHS","Kwangyang, 49, KRKWA",KRKWA,YMLU,YML,51625,DRY,1,10/27/2025,12/31/2025,11/5/2025 9:38,1707,1707,125.98,125.98,1832.98,1832.98,1
1993,USMEM,USSAV,KRKWA,"Memphis, TN, USMEM","Savannah, GA, USSAV","Kwangyang, 49, KRKWA",KRKWA,YMLU,YML,51625,DRY,1,10/27/2025,12/31/2025,11/5/2025 9:38,1708,1708,125.98,125.98,1833.98,1833.98,1
1994,USMEM,USLAX,KRPOC,"Memphis, TN, USMEM",LALB,"Pocheon, 41, KRPOC",KRPUS,YMLU,YML,51625,DRY,1,10/27/2025,12/31/2025,11/5/2025 9:38,1635,1635,125.98,125.98,1760.98,1760.98,1
1995,USMEM,USLGB,KRPUS,"Memphis, TN, USMEM",LALB,"Busan, 26, KRPUS",KRPUS,OOLU,OOCL,MT256104,DRY,2,10/20/2025,12/31/2025,11/5/2025 9:38,794,794,132.98,132.98,926.98,926.98,1
1996,USMEM,USLAX,KRPUS,"Memphis, TN, USMEM",LALB,"Busan, 26, KRPUS",KRPUS,OOLU,OOCL,MT256104,DRY,2,10/20/2025,12/31/2025,11/5/2025 9:38,794,794,132.98,132.98,926.98,926.98,1
1997,USMEM,USLAX,KRPUS,"Memphis, TN, USMEM",LALB,"Busan, 26, KRPUS",KRPUS,YMLU,YML,51625,DRY,1,10/27/2025,12/31/2025,11/5/2025 9:38,800,800,125.98,125.98,925.98,925.98,1
1998,USMEM,USSAV,KRPUS,"Memphis, TN, USMEM","Savannah, GA, USSAV","Busan, 26, KRPUS",KRPUS,MAEU,Maersk,300094432,DRY,0,10/16/2025,3/31/2026,10/22/2025 19:06,983,983,0,0,983,983,1
1999,USMEM,USLAX,KRPUS,"Memphis, TN, USMEM",LALB,"Busan, 26, KRPUS",KRPUS,MAEU,Maersk,300094432,DRY,0,10/16/2025,3/31/2026,10/22/2025 19:06,1054,1054,0,0,1054,1054,1
2000,USMEM,USSAV,KRPUS,"Memphis, TN, USMEM","Savannah, GA, USSAV","Busan, 26, KRPUS",KRPUS,OOLU,OOCL,MT256104,DRY,2,10/20/2025,12/31/2025,11/5/2025 9:38,1117,1117,132.98,132.98,1249.98,1249.98,1
2001,USMEM,USCHS,KRPUS,"Memphis, TN, USMEM","Charleston, SC, USCHS","Busan, 26, KRPUS",KRPUS,OOLU,OOCL,MT256104,DRY,2,10/20/2025,12/31/2025,11/5/2025 9:38,1117,1117,132.98,132.98,1249.98,1249.98,1
2002,USMEM,USSAV,KRPUS,"Memphis, TN, USMEM","Savannah, GA, USSAV","Busan, 26, KRPUS",KRPUS,ONEY,ONE,CHIM354B25,DRY,1,10/1/2025,12/31/2025,11/5/2025 9:38,1214,1214,175.71,175.7,1389.71,1389.7,1
2003,USMEM,USCHS,KRPUS,"Memphis, TN, USMEM","Charleston, SC, USCHS","Busan, 26, KRPUS",KRPUS,ONEY,ONE,CHIM354B25,DRY,1,10/1/2025,12/31/2025,11/5/2025 9:38,1214,1214,175.71,175.7,1389.71,1389.7,1
2004,USMEM,USLAX,KRPUS,"Memphis, TN, USMEM",LALB,"Busan, 26, KRPUS",SGSIN,YMLU,YML,51625,DRY,1,10/27/2025,12/31/2025,11/5/2025 9:38,1320,1320,268.95,268.95,1588.95,1588.95,1
2005,USMEM,USLAX,KRPUS,"Memphis, TN, USMEM",LALB,"Busan, 26, KRPUS",KRPUS,ONEY,ONE,CHIM354B25,DRY,1,10/1/2025,12/31/2025,11/5/2025 9:38,1441,1441,175.71,175.7,1616.71,1616.7,1
2006,USMEM,USLAX,KRSEJ,"Memphis, TN, USMEM",LALB,"Seongju-gun, 47, KRSEJ",KRPUS,YMLU,YML,51625,DRY,1,10/27/2025,12/31/2025,11/5/2025 9:38,1300,1300,125.98,125.98,1425.98,1425.98,1
2007,USMEM,USLAX,KRYSN,"Memphis, TN, USMEM",LALB,"Yangsan, 48, KRYSN",KRPUS,YMLU,YML,51625,DRY,1,10/27/2025,12/31/2025,11/5/2025 9:38,1125,1125,125.98,125.98,1250.98,1250.98,1
2008,USMEM,USLAX,KRYYU,"Memphis, TN, USMEM",LALB,"Yangju, 41, KRYYU",KRPUS,YMLU,YML,51625,DRY,1,10/27/2025,12/31/2025,11/5/2025 9:38,1705,1705,125.98,125.98,1830.98,1830.98,1
2009,USMEM,USCHS,LKCMB,"Memphis, TN, USMEM","Charleston, SC, USCHS","Colombo, , LKCMB",LKCMB,ONEY,ONE,CHIM354B25,DRY,1,10/1/2025,12/31/2025,11/5/2025 9:38,1774,1774,0,0,1774,1774,1
2010,USMEM,USSAV,LKCMB,"Memphis, TN, USMEM","Savannah, GA, USSAV","Colombo, , LKCMB",LKCMB,ONEY,ONE,CHIM354B25,DRY,1,10/1/2025,12/31/2025,11/5/2025 9:38,1774,1774,0,0,1774,1774,1
2011,USMEM,USLAX,LKCMB,"Memphis, TN, USMEM",LALB,"Colombo, , LKCMB",LKCMB,YMLU,YML,51625,DRY,1,10/27/2025,12/31/2025,11/5/2025 9:38,2425,2425,0,0,2425,2425,1
2012,USMEM,USLAX,LKCMB,"Memphis, TN, USMEM",LALB,"Colombo, , LKCMB",LKCMB,ONEY,ONE,CHIM354B25,DRY,1,10/1/2025,12/31/2025,11/5/2025 9:38,2926,2926,0,0,2926,2926,1
2013,USMEM,USLAX,MXLZC,"Memphis, TN, USMEM",LALB,"Lazaro Cardenas, MIC, MXLZC",MXLZC,ONEY,ONE,CHIM354B25,DRY,1,10/1/2025,12/31/2025,11/5/2025 9:38,2783,2783,250,250,3033,3033,1
2014,USMEM,USLAX,MXZLO,"Memphis, TN, USMEM",LALB,"Manzanillo, COL, MXZLO",MXZLO,ONEY,ONE,CHIM354B25,DRY,1,10/1/2025,12/31/2025,11/5/2025 9:38,2783,2783,250,250,3033,3033,1
2015,USMEM,USLAX,MYKCH,"Memphis, TN, USMEM",LALB,"Kuching, Sarawak, , MYKCH",SGSIN,YMLU,YML,51625,DRY,1,10/27/2025,12/31/2025,11/5/2025 9:38,1965,1965,268.95,268.95,2233.95,2233.95,1
2016,USMEM,USLGB,MYPEN,"Memphis, TN, USMEM",LALB,"Penang, , MYPEN",MYPEN,OOLU,OOCL,MT256104,DRY,2,10/20/2025,12/31/2025,11/5/2025 9:38,1374,1374,191.02,202.96,1565.02,1576.96,1
2017,USMEM,USLAX,MYPEN,"Memphis, TN, USMEM",LALB,"Penang, , MYPEN",MYPEN,OOLU,OOCL,MT256104,DRY,2,10/20/2025,12/31/2025,11/5/2025 9:38,1374,1374,191.02,202.96,1565.02,1576.96,1
2018,USMEM,USLAX,MYPEN,"Memphis, TN, USMEM",LALB,"Penang, , MYPEN",MYPEN,MAEU,Maersk,300094432,DRY,0,10/16/2025,3/31/2026,10/22/2025 19:06,1409,1409,0,0,1409,1409,1
2019,USMEM,USSAV,MYPEN,"Memphis, TN, USMEM","Savannah, GA, USSAV","Penang, , MYPEN",MYPEN,MAEU,Maersk,300094432,DRY,0,10/16/2025,3/31/2026,10/22/2025 19:06,1538,1538,0,0,1538,1538,1
2020,USMEM,USLAX,MYPEN,"Memphis, TN, USMEM",LALB,"Penang, , MYPEN",CNSHG,YMLU,YML,51625,DRY,1,10/27/2025,12/31/2025,11/5/2025 9:38,1645,1645,224.8,224.8,1869.8,1869.8,1
2021,USMEM,USCHS,MYPEN,"Memphis, TN, USMEM","Charleston, SC, USCHS","Penang, , MYPEN",MYPEN,ONEY,ONE,CHIM354B25,DRY,1,10/1/2025,12/31/2025,11/5/2025 9:38,1699,1699,203.44,203.44,1902.44,1902.44,1
2022,USMEM,USSAV,MYPEN,"Memphis, TN, USMEM","Savannah, GA, USSAV","Penang, , MYPEN",MYPEN,ONEY,ONE,CHIM354B25,DRY,1,10/1/2025,12/31/2025,11/5/2025 9:38,1699,1699,203.44,203.44,1902.44,1902.44,1
2023,USMEM,USLAX,MYPEN,"Memphis, TN, USMEM",LALB,"Penang, , MYPEN",SGSIN,YMLU,YML,51625,DRY,1,10/27/2025,12/31/2025,11/5/2025 9:38,1745,1745,268.95,268.95,2013.95,2013.95,1
2024,USMEM,USCHS,MYPEN,"Memphis, TN, USMEM","Charleston, SC, USCHS","Penang, , MYPEN",MYPEN,OOLU,OOCL,MT256104,DRY,2,10/20/2025,12/31/2025,11/5/2025 9:38,1762,1762,191.02,202.96,1953.02,1964.96,1
2025,USMEM,USSAV,MYPEN,"Memphis, TN, USMEM","Savannah, GA, USSAV","Penang, , MYPEN",MYPEN,OOLU,OOCL,MT256104,DRY,2,10/20/2025,12/31/2025,11/5/2025 9:38,1762,1762,191.02,202.96,1953.02,1964.96,1
2026,USMEM,USLAX,MYPEN,"Memphis, TN, USMEM",LALB,"Penang, , MYPEN",MYPEN,ONEY,ONE,CHIM354B25,DRY,1,10/1/2025,12/31/2025,11/5/2025 9:38,1851,1851,203.44,203.44,2054.44,2054.44,1
2027,USMEM,USLGB,MYPGU,"Memphis, TN, USMEM",LALB,"Pasir Gudang, Johor, , MYPGU",MYPGU,OOLU,OOCL,MT256104,DRY,2,10/20/2025,12/31/2025,11/5/2025 9:38,1374,1374,162.37,162.37,1536.37,1536.37,1
2028,USMEM,USLAX,MYPGU,"Memphis, TN, USMEM",LALB,"Pasir Gudang, Johor, , MYPGU",MYPGU,OOLU,OOCL,MT256104,DRY,2,10/20/2025,12/31/2025,11/5/2025 9:38,1374,1374,162.37,162.37,1536.37,1536.37,1
2029,USMEM,USLAX,MYPGU,"Memphis, TN, USMEM",LALB,"Pasir Gudang, Johor, , MYPGU","Tanjung Pelepas, MY",MAEU,Maersk,300094432,DRY,0,10/16/2025,3/31/2026,10/22/2025 19:06,1409,1409,0,0,1409,1409,1
2030,USMEM,USLAX,MYPGU,"Memphis, TN, USMEM",LALB,"Pasir Gudang, Johor, , MYPGU",CNSHG,YMLU,YML,51625,DRY,1,10/27/2025,12/31/2025,11/5/2025 9:38,1500,1500,224.8,224.8,1724.8,1724.8,1
2031,USMEM,USSAV,MYPGU,"Memphis, TN, USMEM","Savannah, GA, USSAV","Pasir Gudang, Johor, , MYPGU","Tanjung Pelepas, MY",MAEU,Maersk,300094432,DRY,0,10/16/2025,3/31/2026,10/22/2025 19:06,1538,1538,0,0,1538,1538,1
2032,USMEM,USLAX,MYPGU,"Memphis, TN, USMEM",LALB,"Pasir Gudang, Johor, , MYPGU",SGSIN,YMLU,YML,51625,DRY,1,10/27/2025,12/31/2025,11/5/2025 9:38,1600,1600,268.95,268.95,1868.95,1868.95,1
2033,USMEM,USCHS,MYPGU,"Memphis, TN, USMEM","Charleston, SC, USCHS","Pasir Gudang, Johor, , MYPGU",MYPGU,ONEY,ONE,CHIM354B25,DRY,1,10/1/2025,12/31/2025,11/5/2025 9:38,1699,1699,180.75,180.75,1879.75,1879.75,1
2034,USMEM,USSAV,MYPGU,"Memphis, TN, USMEM","Savannah, GA, USSAV","Pasir Gudang, Johor, , MYPGU",MYPGU,ONEY,ONE,CHIM354B25,DRY,1,10/1/2025,12/31/2025,11/5/2025 9:38,1699,1699,180.75,180.75,1879.75,1879.75,1
2035,USMEM,USCHS,MYPGU,"Memphis, TN, USMEM","Charleston, SC, USCHS","Pasir Gudang, Johor, , MYPGU",MYPGU,OOLU,OOCL,MT256104,DRY,2,10/20/2025,12/31/2025,11/5/2025 9:38,1762,1762,162.37,162.37,1924.37,1924.37,1
2036,USMEM,USSAV,MYPGU,"Memphis, TN, USMEM","Savannah, GA, USSAV","Pasir Gudang, Johor, , MYPGU",MYPGU,OOLU,OOCL,MT256104,DRY,2,10/20/2025,12/31/2025,11/5/2025 9:38,1762,1762,162.37,162.37,1924.37,1924.37,1
2037,USMEM,USLAX,MYPGU,"Memphis, TN, USMEM",LALB,"Pasir Gudang, Johor, , MYPGU",MYPGU,ONEY,ONE,CHIM354B25,DRY,1,10/1/2025,12/31/2025,11/5/2025 9:38,1851,1851,180.75,180.75,2031.75,2031.75,1
2038,USMEM,USLAX,MYPKG,"Memphis, TN, USMEM",LALB,"Port Klang, 10, MYPKG",MYPKG,OOLU,OOCL,MT256104,DRY,2,10/20/2025,12/31/2025,11/5/2025 9:38,834,834,280.08,280.08,1114.08,1114.08,1
2039,USMEM,USLGB,MYPKG,"Memphis, TN, USMEM",LALB,"Port Klang, 10, MYPKG",MYPKG,OOLU,OOCL,MT256104,DRY,2,10/20/2025,12/31/2025,11/5/2025 9:38,834,834,280.08,280.08,1114.08,1114.08,1
2040,USMEM,USSAV,MYPKG,"Memphis, TN, USMEM","Savannah, GA, USSAV","Port Klang, 10, MYPKG",MYPKG,OOLU,OOCL,MT256104,DRY,2,10/20/2025,12/31/2025,11/5/2025 9:38,1167,1167,280.08,280.08,1447.08,1447.08,1
2041,USMEM,USCHS,MYPKG,"Memphis, TN, USMEM","Charleston, SC, USCHS","Port Klang, 10, MYPKG",MYPKG,OOLU,OOCL,MT256104,DRY,2,10/20/2025,12/31/2025,11/5/2025 9:38,1167,1167,280.08,280.08,1447.08,1447.08,1
2042,USMEM,USLAX,MYPKG,"Memphis, TN, USMEM",LALB,"Port Klang, 10, MYPKG",MYPKG,MAEU,Maersk,300094432,DRY,0,10/16/2025,3/31/2026,10/22/2025 19:06,1289,1289,0,0,1289,1289,1
2043,USMEM,USLAX,MYPKG,"Memphis, TN, USMEM",LALB,"Port Klang, 10, MYPKG",CNSHG,YMLU,YML,51625,DRY,1,10/27/2025,12/31/2025,11/5/2025 9:38,1310,1310,224.8,224.8,1534.8,1534.8,1
2044,USMEM,USLAX,MYPKG,"Memphis, TN, USMEM",LALB,"Port Klang, 10, MYPKG",CNNBG,YMLU,YML,51625,DRY,1,10/27/2025,12/31/2025,11/5/2025 9:38,1310,1310,224.8,224.8,1534.8,1534.8,1
2045,USMEM,USLAX,MYPKG,"Memphis, TN, USMEM",LALB,"Port Klang, 10, MYPKG",MYPKG,YMLU,YML,51625,DRY,1,10/27/2025,12/31/2025,11/5/2025 9:38,1350,1350,170.73,170.73,1520.73,1520.73,1
2046,USMEM,USLAX,MYPKG,"Memphis, TN, USMEM",LALB,"Port Klang, 10, MYPKG",SGSIN,YMLU,YML,51625,DRY,1,10/27/2025,12/31/2025,11/5/2025 9:38,1410,1410,268.95,268.95,1678.95,1678.95,1
2047,USMEM,USSAV,MYPKG,"Memphis, TN, USMEM","Savannah, GA, USSAV","Port Klang, 10, MYPKG",MYPKG,MAEU,Maersk,300094432,DRY,0,10/16/2025,3/31/2026,10/22/2025 19:06,1418,1418,0,0,1418,1418,1
2048,USMEM,USLAX,MYPKG,"Memphis, TN, USMEM",LALB,"Port Klang, 10, MYPKG",CNSHG,YMLU,YML,51625,DRY,1,10/27/2025,12/31/2025,11/5/2025 9:38,1500,1500,224.8,224.8,1724.8,1724.8,1
2049,USMEM,USLAX,MYPKG,"Memphis, TN, USMEM",LALB,"Port Klang, 10, MYPKG",SGSIN,YMLU,YML,51625,DRY,1,10/27/2025,12/31/2025,11/5/2025 9:38,1600,1600,268.95,268.95,1868.95,1868.95,1
2050,USMEM,USSAV,MYPKG,"Memphis, TN, USMEM","Savannah, GA, USSAV","Port Klang, 10, MYPKG",MYPKG,ONEY,ONE,CHIM354B25,DRY,1,10/1/2025,12/31/2025,11/5/2025 9:38,1699,1699,179.56,179.56,1878.56,1878.56,1
2051,USMEM,USCHS,MYPKG,"Memphis, TN, USMEM","Charleston, SC, USCHS","Port Klang, 10, MYPKG",MYPKG,ONEY,ONE,CHIM354B25,DRY,1,10/1/2025,12/31/2025,11/5/2025 9:38,1699,1699,179.56,179.56,1878.56,1878.56,1
2052,USMEM,USLAX,MYPKG,"Memphis, TN, USMEM",LALB,"Port Klang, 10, MYPKG",MYPKG,ONEY,ONE,CHIM354B25,DRY,1,10/1/2025,12/31/2025,11/5/2025 9:38,1851,1851,179.56,179.56,2030.56,2030.56,1
2053,USMEM,USLAX,MYTPP,"Memphis, TN, USMEM",LALB,"Tanjung Pelepas, 1, MYTPP",MYTPP,MAEU,Maersk,300094432,DRY,0,10/16/2025,3/31/2026,10/22/2025 19:06,1119,1119,0,0,1119,1119,1
2054,USMEM,USSAV,MYTPP,"Memphis, TN, USMEM","Savannah, GA, USSAV","Tanjung Pelepas, 1, MYTPP",MYTPP,MAEU,Maersk,300094432,DRY,0,10/16/2025,3/31/2026,10/22/2025 19:06,1248,1248,0,0,1248,1248,1
2055,USMEM,USLAX,PAMIT,"Memphis, TN, USMEM",LALB,"Manzanillo, , PAMIT",PAMIT,ONEY,ONE,CHIM354B25,DRY,1,10/1/2025,12/31/2025,11/5/2025 9:38,2713,2713,317,317,3030,3030,1
2056,USMEM,USLAX,PAROD,"Memphis, TN, USMEM",LALB,"Rodman, 8, PAROD",PAROD,ONEY,ONE,CHIM354B25,DRY,1,10/1/2025,12/31/2025,11/5/2025 9:38,2913,2913,292,292,3205,3205,1
2057,USMEM,USSAV,PECLL,"Memphis, TN, USMEM","Savannah, GA, USSAV","Callao, , PECLL",CALLAO,EGLV,EMC,SC103574,DRY,,10/31/2025,11/30/2025,11/5/2025 9:38,1400,1400,80,80,1480,1480,1
2058,USMEM,USSAV,PECLL,"Memphis, TN, USMEM","Savannah, GA, USSAV","Callao, , PECLL",PECLL,ONEY,ONE,CHIM354B25,DRY,1,10/1/2025,12/31/2025,11/5/2025 9:38,1758,1758,105,105,1863,1863,1
2059,USMEM,USLAX,PECLL,"Memphis, TN, USMEM",LALB,"Callao, , PECLL",PECLL,ONEY,ONE,CHIM354B25,DRY,1,10/1/2025,12/31/2025,11/5/2025 9:38,2318,2318,105,105,2423,2423,1
2060,USMEM,USLAX,PEPAI,"Memphis, TN, USMEM",LALB,"Paita, , PEPAI",PEPAI,ONEY,ONE,CHIM354B25,DRY,1,10/1/2025,12/31/2025,11/5/2025 9:38,3368,3368,105,105,3473,3473,1
2061,USMEM,USLGB,PHCEB,"Memphis, TN, USMEM",LALB,"Cebu, , PHCEB",PHCEB,OOLU,OOCL,MT256104,DRY,2,10/20/2025,12/31/2025,11/5/2025 9:38,1379,1379,236,236,1615,1615,1
2062,USMEM,USLAX,PHCEB,"Memphis, TN, USMEM",LALB,"Cebu, , PHCEB",PHCEB,OOLU,OOCL,MT256104,DRY,2,10/20/2025,12/31/2025,11/5/2025 9:38,1379,1379,236,236,1615,1615,1
2063,USMEM,USCHS,PHCEB,"Memphis, TN, USMEM","Charleston, SC, USCHS","Cebu, , PHCEB",PHCEB,OOLU,OOCL,MT256104,DRY,2,10/20/2025,12/31/2025,11/5/2025 9:38,1752,1752,236,236,1988,1988,1
2064,USMEM,USSAV,PHCEB,"Memphis, TN, USMEM","Savannah, GA, USSAV","Cebu, , PHCEB",PHCEB,OOLU,OOCL,MT256104,DRY,2,10/20/2025,12/31/2025,11/5/2025 9:38,1752,1752,236,236,1988,1988,1
2065,USMEM,USLAX,PHCEB,"Memphis, TN, USMEM",LALB,"Cebu, , PHCEB",PHCEB,MAEU,Maersk,300094432,DRY,0,10/16/2025,3/31/2026,10/22/2025 19:06,1849,1849,0,0,1849,1849,1
2066,USMEM,USSAV,PHCEB,"Memphis, TN, USMEM","Savannah, GA, USSAV","Cebu, , PHCEB",PHCEB,MAEU,Maersk,300094432,DRY,0,10/16/2025,3/31/2026,10/22/2025 19:06,1978,1978,0,0,1978,1978,1
2067,USMEM,USLAX,PHCEB,"Memphis, TN, USMEM",LALB,"Cebu, , PHCEB",TWKHH,YMLU,YML,51625,DRY,1,10/27/2025,12/31/2025,11/5/2025 9:38,2280,2280,227.3,227.3,2507.3,2507.3,1
2068,USMEM,USORF,PHDVO,"Memphis, TN, USMEM","Norfolk, VA, USORF","Davao, Mindanao, , PHDVO",DAVAO,EGLV,EMC,SC103574,DRY,,10/1/2025,12/31/2025,11/5/2025 9:38,800,800,253,286,1053,1086,1
2069,USMEM,USCHS,PHDVO,"Memphis, TN, USMEM","Charleston, SC, USCHS","Davao, Mindanao, , PHDVO",DAVAO,EGLV,EMC,SC103574,DRY,,10/1/2025,12/31/2025,11/5/2025 9:38,800,800,253,286,1053,1086,1
2070,USMEM,USSAV,PHDVO,"Memphis, TN, USMEM","Savannah, GA, USSAV","Davao, Mindanao, , PHDVO",DAVAO,EGLV,EMC,SC103574,DRY,,10/1/2025,12/31/2025,11/5/2025 9:38,800,800,253,286,1053,1086,1
2071,USMEM,USLAX,PHDVO,"Memphis, TN, USMEM",LALB,"Davao, Mindanao, , PHDVO",DAVAO,EGLV,EMC,SC103574,DRY,,10/1/2025,12/31/2025,11/5/2025 9:38,1350,1350,253,286,1603,1636,1
2072,USMEM,USLAX,PHDVO,"Memphis, TN, USMEM",LALB,"Davao, Mindanao, , PHDVO",CNSHG,YMLU,YML,51625,DRY,1,10/27/2025,12/31/2025,11/5/2025 9:38,2035,2035,224.8,224.8,2259.8,2259.8,1
2073,USMEM,USLAX,PHDVO,"Memphis, TN, USMEM",LALB,"Davao, Mindanao, , PHDVO",SGSIN,YMLU,YML,51625,DRY,1,10/27/2025,12/31/2025,11/5/2025 9:38,2135,2135,268.95,268.95,2403.95,2403.95,1
2074,USMEM,USCHS,PHMNL,"Memphis, TN, USMEM","Charleston, SC, USCHS","Manila, , PHMNL",MANILA (NORTH PORT),EGLV,EMC,SC103574,DRY,,10/1/2025,12/31/2025,11/5/2025 9:38,1000,1000,230,260,1230,1260,1
2075,USMEM,USORF,PHMNL,"Memphis, TN, USMEM","Norfolk, VA, USORF","Manila, , PHMNL",MANILA (NORTH PORT),EGLV,EMC,SC103574,DRY,,10/1/2025,12/31/2025,11/5/2025 9:38,1000,1000,230,260,1230,1260,1
2076,USMEM,USSAV,PHMNL,"Memphis, TN, USMEM","Savannah, GA, USSAV","Manila, , PHMNL",MANILA (NORTH PORT),EGLV,EMC,SC103574,DRY,,10/1/2025,12/31/2025,11/5/2025 9:38,1000,1000,230,260,1230,1260,1
2077,USMEM,USLAX,PHMNL,"Memphis, TN, USMEM",LALB,"Manila, , PHMNL",PHMNL,MAEU,Maersk,300094432,DRY,0,10/16/2025,3/31/2026,10/22/2025 19:06,1373,1373,0,0,1373,1373,1
2078,USMEM,USLGB,PHMNL,"Memphis, TN, USMEM",LALB,"Manila, , PHMNL",PHMNL,OOLU,OOCL,MT256104,DRY,2,10/20/2025,12/31/2025,11/5/2025 9:38,1379,1379,236,236,1615,1615,1
2079,USMEM,USLAX,PHMNL,"Memphis, TN, USMEM",LALB,"Manila, , PHMNL",PHMNL,OOLU,OOCL,MT256104,DRY,2,10/20/2025,12/31/2025,11/5/2025 9:38,1379,1379,236,236,1615,1615,1
2080,USMEM,USLAX,PHMNL,"Memphis, TN, USMEM",LALB,"Manila, , PHMNL",TWKHH,YMLU,YML,51625,DRY,1,10/27/2025,12/31/2025,11/5/2025 9:38,1400,1400,227.3,227.3,1627.3,1627.3,1
2081,USMEM,USSAV,PHMNL,"Memphis, TN, USMEM","Savannah, GA, USSAV","Manila, , PHMNL",PHMNL,MAEU,Maersk,300094432,DRY,0,10/16/2025,3/31/2026,10/22/2025 19:06,1502,1502,0,0,1502,1502,1
2082,USMEM,USLAX,PHMNL,"Memphis, TN, USMEM",LALB,"Manila, , PHMNL",MANILA (NORTH PORT),EGLV,EMC,SC103574,DRY,,10/1/2025,12/31/2025,11/5/2025 9:38,1550,1550,230,260,1780,1810,1
2083,USMEM,USSAV,PHMNL,"Memphis, TN, USMEM","Savannah, GA, USSAV","Manila, , PHMNL",PHMNL,OOLU,OOCL,MT256104,DRY,2,10/20/2025,12/31/2025,11/5/2025 9:38,1752,1752,236,236,1988,1988,1
2084,USMEM,USCHS,PHMNL,"Memphis, TN, USMEM","Charleston, SC, USCHS","Manila, , PHMNL",PHMNL,OOLU,OOCL,MT256104,DRY,2,10/20/2025,12/31/2025,11/5/2025 9:38,1752,1752,236,236,1988,1988,1
2085,USMEM,USLAX,PHMNL,"Memphis, TN, USMEM",LALB,"Manila, , PHMNL",PHMNL,ONEY,ONE,CHIM354B25,DRY,1,10/1/2025,12/31/2025,11/5/2025 9:38,1766,1766,265,265,2031,2031,1
2086,USMEM,USSAV,PHMNL,"Memphis, TN, USMEM","Savannah, GA, USSAV","Manila, , PHMNL",PHMNL,ONEY,ONE,CHIM354B25,DRY,1,10/1/2025,12/31/2025,11/5/2025 9:38,1814,1814,265,265,2079,2079,1
2087,USMEM,USCHS,PHMNL,"Memphis, TN, USMEM","Charleston, SC, USCHS","Manila, , PHMNL",PHMNL,ONEY,ONE,CHIM354B25,DRY,1,10/1/2025,12/31/2025,11/5/2025 9:38,1814,1814,265,265,2079,2079,1
2088,USMEM,USSAV,PHMNS,"Memphis, TN, USMEM","Savannah, GA, USSAV","Manila South Harbour, , PHMNS",MANILA SOUTH PORT,EGLV,EMC,SC103574,DRY,,10/1/2025,12/31/2025,11/5/2025 9:38,1000,1000,306,336,1306,1336,1
2089,USMEM,USORF,PHMNS,"Memphis, TN, USMEM","Norfolk, VA, USORF","Manila South Harbour, , PHMNS",MANILA SOUTH PORT,EGLV,EMC,SC103574,DRY,,10/1/2025,12/31/2025,11/5/2025 9:38,1000,1000,306,336,1306,1336,1
2090,USMEM,USCHS,PHMNS,"Memphis, TN, USMEM","Charleston, SC, USCHS","Manila South Harbour, , PHMNS",MANILA SOUTH PORT,EGLV,EMC,SC103574,DRY,,10/1/2025,12/31/2025,11/5/2025 9:38,1000,1000,306,336,1306,1336,1
2091,USMEM,USLAX,PHMNS,"Memphis, TN, USMEM",LALB,"Manila South Harbour, , PHMNS",MANILA SOUTH PORT,EGLV,EMC,SC103574,DRY,,10/1/2025,12/31/2025,11/5/2025 9:38,1550,1550,306,336,1856,1886,1
2092,USMEM,USLAX,PKBQM,"Memphis, TN, USMEM",LALB,"Port Qasim/Karachi, SD, PKBQM",PKBQM,MAEU,Maersk,300094432,DRY,0,10/16/2025,3/31/2026,10/22/2025 19:06,1713,1713,0,0,1713,1713,1
2093,USMEM,USCHS,PKBQM,"Memphis, TN, USMEM","Charleston, SC, USCHS","Port Qasim/Karachi, SD, PKBQM",PKBQM,MAEU,Maersk,300094432,DRY,0,10/16/2025,3/31/2026,10/22/2025 19:06,1713,1713,0,0,1713,1713,1
2094,USMEM,USSAV,PKBQM,"Memphis, TN, USMEM","Savannah, GA, USSAV","Port Qasim/Karachi, SD, PKBQM",PKBQM,MAEU,Maersk,300094432,DRY,0,10/16/2025,3/31/2026,10/22/2025 19:06,1713,1713,0,0,1713,1713,1
2095,USMEM,USCHS,PKKHI,"Memphis, TN, USMEM","Charleston, SC, USCHS","Karachi, SD, PKKHI",KARACHI,EGLV,EMC,SC103574,DRY,,10/1/2025,12/31/2025,11/5/2025 9:38,1400,1400,170,170,1570,1570,1
2096,USMEM,USSAV,PKKHI,"Memphis, TN, USMEM","Savannah, GA, USSAV","Karachi, SD, PKKHI",KARACHI,EGLV,EMC,SC103574,DRY,,10/1/2025,12/31/2025,11/5/2025 9:38,1400,1400,170,170,1570,1570,1
2097,USMEM,USORF,PKKHI,"Memphis, TN, USMEM","Norfolk, VA, USORF","Karachi, SD, PKKHI",KARACHI,EGLV,EMC,SC103574,DRY,,10/1/2025,12/31/2025,11/5/2025 9:38,1400,1400,170,170,1570,1570,1
2098,USMEM,USSAV,PKKHI,"Memphis, TN, USMEM","Savannah, GA, USSAV","Karachi, SD, PKKHI","Keamari Karachi, PK",MAEU,Maersk,300094432,DRY,0,10/16/2025,3/31/2026,10/22/2025 19:06,1713,1713,0,0,1713,1713,1
2099,USMEM,USCHS,PKKHI,"Memphis, TN, USMEM","Charleston, SC, USCHS","Karachi, SD, PKKHI","Keamari Karachi, PK",MAEU,Maersk,300094432,DRY,0,10/16/2025,3/31/2026,10/22/2025 19:06,1713,1713,0,0,1713,1713,1
2100,USMEM,USLAX,PKKHI,"Memphis, TN, USMEM",LALB,"Karachi, SD, PKKHI",KARACHI,EGLV,EMC,SC103574,DRY,,10/1/2025,12/31/2025,11/5/2025 9:38,1800,1800,170,170,1970,1970,1
2101,USMEM,USSAV,PKKHI,"Memphis, TN, USMEM","Savannah, GA, USSAV","Karachi, SD, PKKHI",PKKHI,ONEY,ONE,CHIM354B25,DRY,1,10/1/2025,12/31/2025,11/5/2025 9:38,2674,2674,428,428,3102,3102,1
2102,USMEM,USCHS,PKKHI,"Memphis, TN, USMEM","Charleston, SC, USCHS","Karachi, SD, PKKHI",PKKHI,ONEY,ONE,CHIM354B25,DRY,1,10/1/2025,12/31/2025,11/5/2025 9:38,2674,2674,428,428,3102,3102,1
2103,USMEM,USLAX,PKKHI,"Memphis, TN, USMEM",LALB,"Karachi, SD, PKKHI",PKKHI,ONEY,ONE,CHIM354B25,DRY,1,10/1/2025,12/31/2025,11/5/2025 9:38,3076,3076,428,428,3504,3504,1
2104,USMEM,USSAV,PKQCT,"Memphis, TN, USMEM","Savannah, GA, USSAV","Qasim Container Terminal/Karachi, , PKQCT",PKQCT,OOLU,OOCL,MT256104,DRY,2,10/20/2025,12/31/2025,11/5/2025 9:38,1497,1497,155,155,1652,1652,1
2105,USMEM,USCHS,PTLEI,"Memphis, TN, USMEM","Charleston, SC, USCHS","Leixoes, 13, PTLEI",PTLEI,MAEU,Maersk,300094432,DRY,0,10/16/2025,3/31/2026,10/22/2025 19:06,1571,1571,0,0,1571,1571,1
2106,USMEM,USSAV,PTLEI,"Memphis, TN, USMEM","Savannah, GA, USSAV","Leixoes, 13, PTLEI",PTLEI,MAEU,Maersk,300094432,DRY,0,10/16/2025,3/31/2026,10/22/2025 19:06,1571,1571,0,0,1571,1571,1
2107,USMEM,USSAV,PTLEI,"Memphis, TN, USMEM","Savannah, GA, USSAV","Leixoes, 13, PTLEI",PTLEI,ONEY,ONE,CHIM354B25,DRY,1,10/1/2025,12/31/2025,11/5/2025 9:38,2429,2429,345.67,345.67,2774.67,2774.67,1
2108,USMEM,USCHS,PTLEI,"Memphis, TN, USMEM","Charleston, SC, USCHS","Leixoes, 13, PTLEI",PTLEI,ONEY,ONE,CHIM354B25,DRY,1,10/1/2025,12/31/2025,11/5/2025 9:38,2459,2459,345.67,345.67,2804.67,2804.67,1
2109,USMEM,USSAV,PTLIS,"Memphis, TN, USMEM","Savannah, GA, USSAV","Lisboa, 11, PTLIS",PTLIS,ONEY,ONE,CHIM354B25,DRY,1,10/1/2025,12/31/2025,11/5/2025 9:38,2504,2504,345.67,345.67,2849.67,2849.67,1
2110,USMEM,USLAX,SGSIN,"Memphis, TN, USMEM",LALB,"Singapore, , SGSIN",SGSIN,OOLU,OOCL,MT256104,DRY,2,10/20/2025,12/31/2025,11/5/2025 4:10,894,894,299.69,299.69,1193.69,1193.69,1
2111,USMEM,USLGB,SGSIN,"Memphis, TN, USMEM",LALB,"Singapore, , SGSIN",SGSIN,OOLU,OOCL,MT256104,DRY,2,10/20/2025,12/31/2025,11/5/2025 4:10,894,894,299.69,299.69,1193.69,1193.69,1
2112,USMEM,USLAX,SGSIN,"Memphis, TN, USMEM",LALB,"Singapore, , SGSIN",SGSIN,YMLU,YML,51625,DRY,1,10/27/2025,12/31/2025,11/5/2025 9:38,1000,1000,268.95,268.95,1268.95,1268.95,1
2113,USMEM,USLAX,SGSIN,"Memphis, TN, USMEM",LALB,"Singapore, , SGSIN",CNNBG,YMLU,YML,51625,DRY,1,10/27/2025,12/31/2025,11/5/2025 9:38,1030,1030,224.8,224.8,1254.8,1254.8,1
2114,USMEM,USLAX,SGSIN,"Memphis, TN, USMEM",LALB,"Singapore, , SGSIN",CNSHG,YMLU,YML,51625,DRY,1,10/27/2025,12/31/2025,11/5/2025 9:38,1030,1030,224.8,224.8,1254.8,1254.8,1
2115,USMEM,USSAV,SGSIN,"Memphis, TN, USMEM","Savannah, GA, USSAV","Singapore, , SGSIN",SGSIN,OOLU,OOCL,MT256104,DRY,2,10/20/2025,12/31/2025,11/5/2025 4:10,1167,1167,299.69,299.69,1466.69,1466.69,1
2116,USMEM,USCHS,SGSIN,"Memphis, TN, USMEM","Charleston, SC, USCHS","Singapore, , SGSIN",SGSIN,OOLU,OOCL,MT256104,DRY,2,10/20/2025,12/31/2025,11/5/2025 4:10,1167,1167,299.69,299.69,1466.69,1466.69,1
2117,USMEM,USSAV,SGSIN,"Memphis, TN, USMEM","Savannah, GA, USSAV","Singapore, , SGSIN",SGSIN,MAEU,Maersk,300094432,DRY,0,10/16/2025,3/31/2026,10/22/2025 19:06,1255,1255,0,0,1255,1255,1
2118,USMEM,USLAX,SGSIN,"Memphis, TN, USMEM",LALB,"Singapore, , SGSIN",SGSIN,MAEU,Maersk,300094432,DRY,0,10/16/2025,3/31/2026,10/22/2025 19:06,1326,1326,0,0,1326,1326,1
2119,USMEM,USSAV,SGSIN,"Memphis, TN, USMEM","Savannah, GA, USSAV","Singapore, , SGSIN",SGSIN,ONEY,ONE,CHIM354B25,DRY,1,10/1/2025,12/31/2025,11/5/2025 9:38,1474,1474,339.65,339.65,1813.65,1813.65,1
2120,USMEM,USCHS,SGSIN,"Memphis, TN, USMEM","Charleston, SC, USCHS","Singapore, , SGSIN",SGSIN,ONEY,ONE,CHIM354B25,DRY,1,10/1/2025,12/31/2025,11/5/2025 9:38,1474,1474,339.65,339.65,1813.65,1813.65,1
2121,USMEM,USLAX,SGSIN,"Memphis, TN, USMEM",LALB,"Singapore, , SGSIN",SGSIN,ONEY,ONE,CHIM354B25,DRY,1,10/1/2025,12/31/2025,11/5/2025 9:38,1666,1666,339.65,339.65,2005.65,2005.65,1
2122,USMEM,USLAX,THBKK,"Memphis, TN, USMEM",LALB,"Bangkok, , THBKK","Laem Chabang, TH",MAEU,Maersk,300094432,DRY,0,10/16/2025,3/31/2026,10/22/2025 19:06,952,952,0,0,952,952,1
2123,USMEM,USSAV,THBKK,"Memphis, TN, USMEM","Savannah, GA, USSAV","Bangkok, , THBKK","Laem Chabang, TH",MAEU,Maersk,300094432,DRY,0,10/16/2025,3/31/2026,10/22/2025 19:06,1081,1081,0,0,1081,1081,1
2124,USMEM,USLGB,THBKK,"Memphis, TN, USMEM",LALB,"Bangkok, , THBKK",THBKK,OOLU,OOCL,MT256104,DRY,2,10/20/2025,12/31/2025,11/5/2025 9:38,1144,1144,134.3,134.3,1278.3,1278.3,1
2125,USMEM,USLAX,THBKK,"Memphis, TN, USMEM",LALB,"Bangkok, , THBKK",THBKK,OOLU,OOCL,MT256104,DRY,2,10/20/2025,12/31/2025,11/5/2025 9:38,1144,1144,134.3,134.3,1278.3,1278.3,1
2126,USMEM,USLAX,THBKK,"Memphis, TN, USMEM",LALB,"Bangkok, , THBKK",CNNBG,YMLU,YML,51625,DRY,1,10/27/2025,12/31/2025,11/5/2025 9:38,1150,1150,224.8,224.8,1374.8,1374.8,1
2127,USMEM,USORF,THBKK,"Memphis, TN, USMEM","Norfolk, VA, USORF","Bangkok, , THBKK",BANGKOK,EGLV,EMC,SC103574,DRY,,10/1/2025,12/31/2025,11/5/2025 9:38,1150,1150,132.76,132.76,1282.76,1282.76,1
2128,USMEM,USSAV,THBKK,"Memphis, TN, USMEM","Savannah, GA, USSAV","Bangkok, , THBKK",BANGKOK,EGLV,EMC,SC103574,DRY,,10/1/2025,12/31/2025,11/5/2025 9:38,1150,1150,132.76,132.76,1282.76,1282.76,1
2129,USMEM,USLAX,THBKK,"Memphis, TN, USMEM",LALB,"Bangkok, , THBKK",CNSHG,YMLU,YML,51625,DRY,1,10/27/2025,12/31/2025,11/5/2025 9:38,1150,1150,224.8,224.8,1374.8,1374.8,1
2130,USMEM,USCHS,THBKK,"Memphis, TN, USMEM","Charleston, SC, USCHS","Bangkok, , THBKK",BANGKOK,EGLV,EMC,SC103574,DRY,,10/1/2025,12/31/2025,11/5/2025 9:38,1150,1150,132.76,132.76,1282.76,1282.76,1
2131,USMEM,USLAX,THBKK,"Memphis, TN, USMEM",LALB,"Bangkok, , THBKK",SGSIN,YMLU,YML,51625,DRY,1,10/27/2025,12/31/2025,11/5/2025 9:38,1250,1250,268.95,268.95,1518.95,1518.95,1
2132,USMEM,USSAV,THBKK,"Memphis, TN, USMEM","Savannah, GA, USSAV","Bangkok, , THBKK",THBKK,OOLU,OOCL,MT256104,DRY,2,10/20/2025,12/31/2025,11/5/2025 9:38,1272,1272,134.3,134.3,1406.3,1406.3,1
2133,USMEM,USCHS,THBKK,"Memphis, TN, USMEM","Charleston, SC, USCHS","Bangkok, , THBKK",THBKK,OOLU,OOCL,MT256104,DRY,2,10/20/2025,12/31/2025,11/5/2025 9:38,1272,1272,134.3,134.3,1406.3,1406.3,1
2134,USMEM,USCHS,THBKK,"Memphis, TN, USMEM","Charleston, SC, USCHS","Bangkok, , THBKK",THBKK,ONEY,ONE,CHIM354B25,DRY,1,10/1/2025,12/31/2025,11/5/2025 9:38,1289,1289,191.42,191.42,1480.42,1480.42,1
2135,USMEM,USSAV,THBKK,"Memphis, TN, USMEM","Savannah, GA, USSAV","Bangkok, , THBKK",THBKK,ONEY,ONE,CHIM354B25,DRY,1,10/1/2025,12/31/2025,11/5/2025 9:38,1289,1289,191.42,191.42,1480.42,1480.42,1
2136,USMEM,USLAX,THBKK,"Memphis, TN, USMEM",LALB,"Bangkok, , THBKK",THBKK,ONEY,ONE,CHIM354B25,DRY,1,10/1/2025,12/31/2025,11/5/2025 9:38,1591,1591,191.42,191.42,1782.42,1782.42,1
2137,USMEM,USLAX,THBKK,"Memphis, TN, USMEM",LALB,"Bangkok, , THBKK",BANGKOK,EGLV,EMC,SC103574,DRY,,10/1/2025,12/31/2025,11/5/2025 9:38,1750,1750,132.76,132.76,1882.76,1882.76,1
2138,USMEM,USLAX,THLCH,"Memphis, TN, USMEM",LALB,"Laem Chabang, 20, THLCH",THLCH,OOLU,OOCL,MT256104,DRY,2,10/20/2025,12/31/2025,11/5/2025 9:38,794,794,134.3,134.3,928.3,928.3,1
2139,USMEM,USLGB,THLCH,"Memphis, TN, USMEM",LALB,"Laem Chabang, 20, THLCH",THLCH,OOLU,OOCL,MT256104,DRY,2,10/20/2025,12/31/2025,11/5/2025 9:38,794,794,134.3,134.3,928.3,928.3,1
2140,USMEM,USLAX,THLCH,"Memphis, TN, USMEM",LALB,"Laem Chabang, 20, THLCH",THLCH,YMLU,YML,51625,DRY,1,10/27/2025,12/31/2025,11/5/2025 9:38,900,900,135.84,135.84,1035.84,1035.84,1
2141,USMEM,USLAX,THLCH,"Memphis, TN, USMEM",LALB,"Laem Chabang, 20, THLCH",THLCH,MAEU,Maersk,300094432,DRY,0,10/16/2025,3/31/2026,10/22/2025 19:06,964,964,0,0,964,964,1
2142,USMEM,USORF,THLCH,"Memphis, TN, USMEM","Norfolk, VA, USORF","Laem Chabang, 20, THLCH",LAEM CHABANG,EGLV,EMC,SC103574,DRY,,10/1/2025,12/31/2025,11/5/2025 9:38,1000,1000,132.76,132.76,1132.76,1132.76,1
2143,USMEM,USCHS,THLCH,"Memphis, TN, USMEM","Charleston, SC, USCHS","Laem Chabang, 20, THLCH",LAEM CHABANG,EGLV,EMC,SC103574,DRY,,10/1/2025,12/31/2025,11/5/2025 9:38,1000,1000,132.76,132.76,1132.76,1132.76,1
2144,USMEM,USSAV,THLCH,"Memphis, TN, USMEM","Savannah, GA, USSAV","Laem Chabang, 20, THLCH",LAEM CHABANG,EGLV,EMC,SC103574,DRY,,10/1/2025,12/31/2025,11/5/2025 9:38,1000,1000,132.76,132.76,1132.76,1132.76,1
2145,USMEM,USCHS,THLCH,"Memphis, TN, USMEM","Charleston, SC, USCHS","Laem Chabang, 20, THLCH",THLCH,OOLU,OOCL,MT256104,DRY,2,10/20/2025,12/31/2025,11/5/2025 9:38,1072,1072,134.3,134.3,1206.3,1206.3,1
2146,USMEM,USSAV,THLCH,"Memphis, TN, USMEM","Savannah, GA, USSAV","Laem Chabang, 20, THLCH",THLCH,OOLU,OOCL,MT256104,DRY,2,10/20/2025,12/31/2025,11/5/2025 9:38,1072,1072,134.3,134.3,1206.3,1206.3,1
2147,USMEM,USSAV,THLCH,"Memphis, TN, USMEM","Savannah, GA, USSAV","Laem Chabang, 20, THLCH",THLCH,MAEU,Maersk,300094432,DRY,0,10/16/2025,3/31/2026,10/22/2025 19:06,1093,1093,0,0,1093,1093,1
2148,USMEM,USSAV,THLCH,"Memphis, TN, USMEM","Savannah, GA, USSAV","Laem Chabang, 20, THLCH",THLCH,ONEY,ONE,CHIM354B25,DRY,1,10/1/2025,12/31/2025,11/5/2025 9:38,1114,1114,251.93,251.93,1365.93,1365.93,1
2149,USMEM,USLAX,THLCH,"Memphis, TN, USMEM",LALB,"Laem Chabang, 20, THLCH",SGSIN,YMLU,YML,51625,DRY,1,10/27/2025,12/31/2025,11/5/2025 9:38,1170,1170,268.95,268.95,1438.95,1438.95,1
2150,USMEM,USLAX,THLCH,"Memphis, TN, USMEM",LALB,"Laem Chabang, 20, THLCH",CNNBG,YMLU,YML,51625,DRY,1,10/27/2025,12/31/2025,11/5/2025 9:38,1220,1220,224.8,224.8,1444.8,1444.8,1
2151,USMEM,USLAX,THLCH,"Memphis, TN, USMEM",LALB,"Laem Chabang, 20, THLCH",CNSHG,YMLU,YML,51625,DRY,1,10/27/2025,12/31/2025,11/5/2025 9:38,1220,1220,224.8,224.8,1444.8,1444.8,1
2152,USMEM,USLAX,THLCH,"Memphis, TN, USMEM",LALB,"Laem Chabang, 20, THLCH",LAEM CHABANG,EGLV,EMC,SC103574,DRY,,10/1/2025,12/31/2025,11/5/2025 9:38,1600,1600,132.76,132.76,1732.76,1732.76,1
2153,USMEM,USLAX,THLCH,"Memphis, TN, USMEM",LALB,"Laem Chabang, 20, THLCH",THLCH,ONEY,ONE,CHIM354B25,DRY,1,10/1/2025,12/31/2025,11/5/2025 9:38,1766,1766,251.93,251.93,2017.93,2017.93,1
2154,USMEM,USLAX,THLKR,"Memphis, TN, USMEM",LALB,"Lat Krabang, 10, THLKR",THLKR,OOLU,OOCL,MT256104,DRY,2,10/20/2025,12/31/2025,11/5/2025 9:38,1144,1144,134.3,134.3,1278.3,1278.3,1
2155,USMEM,USLGB,THLKR,"Memphis, TN, USMEM",LALB,"Lat Krabang, 10, THLKR",THLKR,OOLU,OOCL,MT256104,DRY,2,10/20/2025,12/31/2025,11/5/2025 9:38,1144,1144,134.3,134.3,1278.3,1278.3,1
2156,USMEM,USSAV,THLKR,"Memphis, TN, USMEM","Savannah, GA, USSAV","Lat Krabang, 10, THLKR",THLKR,ONEY,ONE,CHIM354B25,DRY,1,10/1/2025,12/31/2025,11/5/2025 9:38,1189,1189,251.93,251.93,1440.93,1440.93,1
2157,USMEM,USCHS,THLKR,"Memphis, TN, USMEM","Charleston, SC, USCHS","Lat Krabang, 10, THLKR",THLKR,OOLU,OOCL,MT256104,DRY,2,10/20/2025,12/31/2025,11/5/2025 9:38,1272,1272,134.3,134.3,1406.3,1406.3,1
2158,USMEM,USSAV,THLKR,"Memphis, TN, USMEM","Savannah, GA, USSAV","Lat Krabang, 10, THLKR",THLKR,OOLU,OOCL,MT256104,DRY,2,10/20/2025,12/31/2025,11/5/2025 9:38,1272,1272,134.3,134.3,1406.3,1406.3,1
2159,USMEM,USLAX,THLKR,"Memphis, TN, USMEM",LALB,"Lat Krabang, 10, THLKR",THLKR,ONEY,ONE,CHIM354B25,DRY,1,10/1/2025,12/31/2025,11/5/2025 9:38,1466,1466,251.93,251.93,1717.93,1717.93,1
2160,USMEM,USLAX,THSBP,"Memphis, TN, USMEM",LALB,"Siam Bangkok Port, , THSBP",THSBP,YMLU,YML,51625,DRY,1,10/27/2025,12/31/2025,11/5/2025 9:38,1460,1460,135.84,135.84,1595.84,1595.84,1
2161,USMEM,USLAX,THSGZ,"Memphis, TN, USMEM",LALB,"Songkhla, 90, THSGZ",SGSIN,YMLU,YML,51625,DRY,1,10/27/2025,12/31/2025,11/5/2025 9:38,2120,2120,268.95,268.95,2388.95,2388.95,1
2162,USMEM,USSAV,TRALI,"Memphis, TN, USMEM","Savannah, GA, USSAV","Aliaga, 35, TRALI",TRALI,ONEY,ONE,CHIM354B25,DRY,1,10/1/2025,12/31/2025,11/5/2025 9:38,1436,1436,400,400,1836,1836,1
2163,USMEM,USCHS,TRALI,"Memphis, TN, USMEM","Charleston, SC, USCHS","Aliaga, 35, TRALI",TRALI,OOLU,OOCL,MT256104,DRY,2,10/20/2025,12/31/2025,11/5/2025 9:38,1490,1490,377,377,1867,1867,1
2164,USMEM,USSAV,TRALI,"Memphis, TN, USMEM","Savannah, GA, USSAV","Aliaga, 35, TRALI",TRALI,OOLU,OOCL,MT256104,DRY,2,10/20/2025,12/31/2025,11/5/2025 9:38,1490,1490,377,377,1867,1867,1
2165,USMEM,USCHS,TRGEB,"Memphis, TN, USMEM","Charleston, SC, USCHS","Gebze, 41, TRGEB",TRGEB,OOLU,OOCL,MT256104,DRY,2,10/20/2025,12/31/2025,11/5/2025 9:38,1490,1490,0,0,1490,1490,1
2166,USMEM,USSAV,TRGEB,"Memphis, TN, USMEM","Savannah, GA, USSAV","Gebze, 41, TRGEB",TRGEB,OOLU,OOCL,MT256104,DRY,2,10/20/2025,12/31/2025,11/5/2025 9:38,1490,1490,0,0,1490,1490,1
2167,USMEM,USCHS,TRGEM,"Memphis, TN, USMEM","Charleston, SC, USCHS","Gemlik, 16, TRGEM",TRGEM,OOLU,OOCL,MT256104,DRY,2,10/20/2025,12/31/2025,11/5/2025 9:38,1340,1340,0,0,1340,1340,1
2168,USMEM,USSAV,TRGEM,"Memphis, TN, USMEM","Savannah, GA, USSAV","Gemlik, 16, TRGEM",TRGEM,OOLU,OOCL,MT256104,DRY,2,10/20/2025,12/31/2025,11/5/2025 9:38,1340,1340,0,0,1340,1340,1
2169,USMEM,USCHS,TRGEM,"Memphis, TN, USMEM","Charleston, SC, USCHS","Gemlik, 16, TRGEM",TRGEM,MAEU,Maersk,300094432,DRY,0,10/16/2025,3/31/2026,10/22/2025 19:06,2059,2059,0,0,2059,2059,1
2170,USMEM,USSAV,TRGEM,"Memphis, TN, USMEM","Savannah, GA, USSAV","Gemlik, 16, TRGEM",TRGEM,MAEU,Maersk,300094432,DRY,0,10/16/2025,3/31/2026,10/22/2025 19:06,2059,2059,0,0,2059,2059,1
2171,USMEM,USSAV,TRISK,"Memphis, TN, USMEM","Savannah, GA, USSAV","Iskenderun, 31, TRISK",TRISK,OOLU,OOCL,MT256104,DRY,2,10/20/2025,12/31/2025,11/5/2025 9:38,1340,1340,275,275,1615,1615,1
2172,USMEM,USCHS,TRISK,"Memphis, TN, USMEM","Charleston, SC, USCHS","Iskenderun, 31, TRISK",TRISK,OOLU,OOCL,MT256104,DRY,2,10/20/2025,12/31/2025,11/5/2025 9:38,1340,1340,275,275,1615,1615,1
2173,USMEM,USSAV,TRISK,"Memphis, TN, USMEM","Savannah, GA, USSAV","Iskenderun, 31, TRISK",TRISK,ONEY,ONE,CHIM354B25,DRY,1,10/1/2025,12/31/2025,11/5/2025 9:38,1436,1436,350,350,1786,1786,1
2174,USMEM,USSAV,TRISK,"Memphis, TN, USMEM","Savannah, GA, USSAV","Iskenderun, 31, TRISK",TRISK,MAEU,Maersk,300094432,DRY,0,10/16/2025,3/31/2026,10/22/2025 19:06,1754,1754,0,0,1754,1754,1
2175,USMEM,USCHS,TRISK,"Memphis, TN, USMEM","Charleston, SC, USCHS","Iskenderun, 31, TRISK",TRISK,MAEU,Maersk,300094432,DRY,0,10/16/2025,3/31/2026,10/22/2025 19:06,1754,1754,0,0,1754,1754,1
2176,USMEM,USSAV,TRIST,"Memphis, TN, USMEM","Savannah, GA, USSAV","Istanbul, 34, TRIST",TRIST,MAEU,Maersk,300094432,DRY,0,10/16/2025,3/31/2026,10/22/2025 19:06,1344,1344,0,0,1344,1344,1
2177,USMEM,USCHS,TRIST,"Memphis, TN, USMEM","Charleston, SC, USCHS","Istanbul, 34, TRIST",TRIST,MAEU,Maersk,300094432,DRY,0,10/16/2025,3/31/2026,10/22/2025 19:06,1344,1344,0,0,1344,1344,1
2178,USMEM,USSAV,TRIST,"Memphis, TN, USMEM","Savannah, GA, USSAV","Istanbul, 34, TRIST",TRIST,ONEY,ONE,CHIM354B25,DRY,1,10/1/2025,12/31/2025,11/5/2025 9:38,1436,1436,400,400,1836,1836,1
2179,USMEM,USSAV,TRIZM,"Memphis, TN, USMEM","Savannah, GA, USSAV","Izmir, 35, TRIZM",TRIZM,OOLU,OOCL,MT256104,DRY,2,10/20/2025,12/31/2025,11/5/2025 9:38,1490,1490,275,275,1765,1765,1
2180,USMEM,USCHS,TRIZM,"Memphis, TN, USMEM","Charleston, SC, USCHS","Izmir, 35, TRIZM",TRIZM,OOLU,OOCL,MT256104,DRY,2,10/20/2025,12/31/2025,11/5/2025 9:38,1490,1490,275,275,1765,1765,1
2181,USMEM,USSAV,TRIZM,"Memphis, TN, USMEM","Savannah, GA, USSAV","Izmir, 35, TRIZM",TRIZM,MAEU,Maersk,300094432,DRY,0,10/16/2025,3/31/2026,10/22/2025 19:06,1859,1859,0,0,1859,1859,1
2182,USMEM,USCHS,TRIZM,"Memphis, TN, USMEM","Charleston, SC, USCHS","Izmir, 35, TRIZM",TRIZM,MAEU,Maersk,300094432,DRY,0,10/16/2025,3/31/2026,10/22/2025 19:06,1859,1859,0,0,1859,1859,1
2183,USMEM,USSAV,TRIZT,"Memphis, TN, USMEM","Savannah, GA, USSAV","Izmit, 41, TRIZT",TRIZT,MAEU,Maersk,300094432,DRY,0,10/16/2025,3/31/2026,10/22/2025 19:06,1959,1959,0,0,1959,1959,1
2184,USMEM,USCHS,TRIZT,"Memphis, TN, USMEM","Charleston, SC, USCHS","Izmit, 41, TRIZT",TRIZT,MAEU,Maersk,300094432,DRY,0,10/16/2025,3/31/2026,10/22/2025 19:06,1959,1959,0,0,1959,1959,1
2185,USMEM,USSAV,TRMER,"Memphis, TN, USMEM","Savannah, GA, USSAV","Mersin, 33, TRMER",TRMER,OOLU,OOCL,MT256104,DRY,2,10/20/2025,12/31/2025,11/5/2025 9:38,1490,1490,272,272,1762,1762,1
2186,USMEM,USCHS,TRMER,"Memphis, TN, USMEM","Charleston, SC, USCHS","Mersin, 33, TRMER",TRMER,OOLU,OOCL,MT256104,DRY,2,10/20/2025,12/31/2025,11/5/2025 9:38,1490,1490,272,272,1762,1762,1
2187,USMEM,USCHS,TRMER,"Memphis, TN, USMEM","Charleston, SC, USCHS","Mersin, 33, TRMER",TRMER,MAEU,Maersk,300094432,DRY,0,10/16/2025,3/31/2026,10/22/2025 19:06,1659,1659,0,0,1659,1659,1
2188,USMEM,USSAV,TRMER,"Memphis, TN, USMEM","Savannah, GA, USSAV","Mersin, 33, TRMER",TRMER,MAEU,Maersk,300094432,DRY,0,10/16/2025,3/31/2026,10/22/2025 19:06,1659,1659,0,0,1659,1659,1
2189,USMEM,USLAX,TWKEL,"Memphis, TN, USMEM",LALB,"Keelung, , TWKEL",TWKEL,OOLU,OOCL,MT256104,DRY,2,10/20/2025,12/31/2025,11/5/2025 9:38,899,899,227.3,255.71,1126.3,1154.71,1
2190,USMEM,USLGB,TWKEL,"Memphis, TN, USMEM",LALB,"Keelung, , TWKEL",TWKEL,OOLU,OOCL,MT256104,DRY,2,10/20/2025,12/31/2025,11/5/2025 9:38,899,899,227.3,255.71,1126.3,1154.71,1
2191,USMEM,USLAX,TWKEL,"Memphis, TN, USMEM",LALB,"Keelung, , TWKEL",TWKEL,YMLU,YML,51625,DRY,1,10/27/2025,12/31/2025,11/5/2025 9:38,1000,1000,227.3,227.3,1227.3,1227.3,1
2192,USMEM,USLAX,TWKEL,"Memphis, TN, USMEM",LALB,"Keelung, , TWKEL",TWKHH,YMLU,YML,51625,DRY,1,10/27/2025,12/31/2025,11/5/2025 9:38,1250,1250,227.3,227.3,1477.3,1477.3,1
2193,USMEM,USSAV,TWKEL,"Memphis, TN, USMEM","Savannah, GA, USSAV","Keelung, , TWKEL",TWKEL,ONEY,ONE,CHIM354B25,DRY,1,10/1/2025,12/31/2025,11/5/2025 9:38,1324,1324,227.3,255.71,1551.3,1579.71,1
2194,USMEM,USCHS,TWKEL,"Memphis, TN, USMEM","Charleston, SC, USCHS","Keelung, , TWKEL",TWKEL,ONEY,ONE,CHIM354B25,DRY,1,10/1/2025,12/31/2025,11/5/2025 9:38,1324,1324,227.3,255.71,1551.3,1579.71,1
2195,USMEM,USLAX,TWKEL,"Memphis, TN, USMEM",LALB,"Keelung, , TWKEL",TWKEL,ONEY,ONE,CHIM354B25,DRY,1,10/1/2025,12/31/2025,11/5/2025 9:38,1341,1341,227.3,255.71,1568.3,1596.71,1
2196,USMEM,USCHS,TWKEL,"Memphis, TN, USMEM","Charleston, SC, USCHS","Keelung, , TWKEL",TWKEL,OOLU,OOCL,MT256104,DRY,2,10/20/2025,12/31/2025,11/5/2025 9:38,1372,1372,227.3,255.71,1599.3,1627.71,1
2197,USMEM,USSAV,TWKEL,"Memphis, TN, USMEM","Savannah, GA, USSAV","Keelung, , TWKEL",TWKEL,OOLU,OOCL,MT256104,DRY,2,10/20/2025,12/31/2025,11/5/2025 9:38,1372,1372,227.3,255.71,1599.3,1627.71,1
2198,USMEM,USLAX,TWKEL,"Memphis, TN, USMEM",LALB,"Keelung, , TWKEL",TWKEL,MAEU,Maersk,300094432,DRY,0,10/16/2025,3/31/2026,10/22/2025 19:06,1397,1397,0,0,1397,1397,1
2199,USMEM,USSAV,TWKEL,"Memphis, TN, USMEM","Savannah, GA, USSAV","Keelung, , TWKEL",TWKEL,MAEU,Maersk,300094432,DRY,0,10/16/2025,3/31/2026,10/22/2025 19:06,1526,1526,0,0,1526,1526,1
2200,USMEM,USCHS,TWKHH,"Memphis, TN, USMEM","Charleston, SC, USCHS","Kaohsiung, , TWKHH",KAOHSIUNG,EGLV,EMC,SC103574,DRY,,10/1/2025,12/31/2025,11/5/2025 9:38,700,700,227.3,227.3,927.3,927.3,1
2201,USMEM,USORF,TWKHH,"Memphis, TN, USMEM","Norfolk, VA, USORF","Kaohsiung, , TWKHH",KAOHSIUNG,EGLV,EMC,SC103574,DRY,,10/1/2025,12/31/2025,11/5/2025 9:38,700,700,227.3,227.3,927.3,927.3,1
2202,USMEM,USSAV,TWKHH,"Memphis, TN, USMEM","Savannah, GA, USSAV","Kaohsiung, , TWKHH",KAOHSIUNG,EGLV,EMC,SC103574,DRY,,10/1/2025,12/31/2025,11/5/2025 9:38,700,700,227.3,227.3,927.3,927.3,1
2203,USMEM,USLGB,TWKHH,"Memphis, TN, USMEM",LALB,"Kaohsiung, , TWKHH",TWKHH,OOLU,OOCL,MT256104,DRY,2,10/20/2025,12/31/2025,11/5/2025 9:38,794,794,227.3,255.71,1021.3,1049.71,1
2204,USMEM,USLAX,TWKHH,"Memphis, TN, USMEM",LALB,"Kaohsiung, , TWKHH",TWKHH,OOLU,OOCL,MT256104,DRY,2,10/20/2025,12/31/2025,11/5/2025 9:38,794,794,227.3,255.71,1021.3,1049.71,1
2205,USMEM,USLAX,TWKHH,"Memphis, TN, USMEM",LALB,"Kaohsiung, , TWKHH",TWKHH,YMLU,YML,51625,DRY,1,10/27/2025,12/31/2025,11/5/2025 9:38,900,900,227.3,227.3,1127.3,1127.3,1
2206,USMEM,USLAX,TWKHH,"Memphis, TN, USMEM",LALB,"Kaohsiung, , TWKHH",TWKHH,MAEU,Maersk,300094432,DRY,0,10/16/2025,3/31/2026,10/22/2025 19:06,1016,1016,0,0,1016,1016,1
2207,USMEM,USCHS,TWKHH,"Memphis, TN, USMEM","Charleston, SC, USCHS","Kaohsiung, , TWKHH",TWKHH,OOLU,OOCL,MT256104,DRY,2,10/20/2025,12/31/2025,11/5/2025 9:38,1092,1092,227.3,255.71,1319.3,1347.71,1
2208,USMEM,USSAV,TWKHH,"Memphis, TN, USMEM","Savannah, GA, USSAV","Kaohsiung, , TWKHH",TWKHH,OOLU,OOCL,MT256104,DRY,2,10/20/2025,12/31/2025,11/5/2025 9:38,1092,1092,227.3,255.71,1319.3,1347.71,1
2209,USMEM,USLAX,TWKHH,"Memphis, TN, USMEM",LALB,"Kaohsiung, , TWKHH",TWKHH,ONEY,ONE,CHIM354B25,DRY,1,10/1/2025,12/31/2025,11/5/2025 9:38,1141,1141,227.3,255.71,1368.3,1396.71,1
2210,USMEM,USSAV,TWKHH,"Memphis, TN, USMEM","Savannah, GA, USSAV","Kaohsiung, , TWKHH",TWKHH,MAEU,Maersk,300094432,DRY,0,10/16/2025,3/31/2026,10/22/2025 19:06,1145,1145,0,0,1145,1145,1
2211,USMEM,USLAX,TWKHH,"Memphis, TN, USMEM",LALB,"Kaohsiung, , TWKHH",KAOHSIUNG,EGLV,EMC,SC103574,DRY,,10/1/2025,12/31/2025,11/5/2025 9:38,1250,1250,227.3,227.3,1477.3,1477.3,1
2212,USMEM,USLAX,TWTPE,"Memphis, TN, USMEM",LALB,"Taipei, TPE, TWTPE",TWTPE,OOLU,OOCL,MT256104,DRY,2,10/20/2025,12/31/2025,11/5/2025 9:38,819,819,0,0,819,819,1
2213,USMEM,USLGB,TWTPE,"Memphis, TN, USMEM",LALB,"Taipei, TPE, TWTPE",TWTPE,OOLU,OOCL,MT256104,DRY,2,10/20/2025,12/31/2025,11/5/2025 9:38,819,819,0,0,819,819,1
2214,USMEM,USCHS,TWTPE,"Memphis, TN, USMEM","Charleston, SC, USCHS","Taipei, TPE, TWTPE",TAIPEI,EGLV,EMC,SC103574,DRY,,10/1/2025,12/31/2025,11/5/2025 9:38,900,900,227.3,227.3,1127.3,1127.3,1
2215,USMEM,USORF,TWTPE,"Memphis, TN, USMEM","Norfolk, VA, USORF","Taipei, TPE, TWTPE",TAIPEI,EGLV,EMC,SC103574,DRY,,10/1/2025,12/31/2025,11/5/2025 9:38,900,900,227.3,227.3,1127.3,1127.3,1
2216,USMEM,USSAV,TWTPE,"Memphis, TN, USMEM","Savannah, GA, USSAV","Taipei, TPE, TWTPE",TAIPEI,EGLV,EMC,SC103574,DRY,,10/1/2025,12/31/2025,11/5/2025 9:38,900,900,227.3,227.3,1127.3,1127.3,1
2217,USMEM,USLAX,TWTPE,"Memphis, TN, USMEM",LALB,"Taipei, TPE, TWTPE",TAIPEI,EGLV,EMC,SC103574,DRY,,10/1/2025,12/31/2025,11/5/2025 9:38,1400,1400,227.3,227.3,1627.3,1627.3,1
2218,USMEM,USLAX,TWTPE,"Memphis, TN, USMEM",LALB,"Taipei, TPE, TWTPE",TWTPE,ONEY,ONE,CHIM354B25,DRY,1,10/1/2025,12/31/2025,11/5/2025 9:38,1641,1641,227.3,255.71,1868.3,1896.71,1
2219,USMEM,USLAX,TWTXG,"Memphis, TN, USMEM",LALB,"Taichung, , TWTXG","Kaohsiung, TW",MAEU,Maersk,300094432,DRY,0,10/16/2025,3/31/2026,10/22/2025 19:06,806,806,0,0,806,806,1
2220,USMEM,USLGB,TWTXG,"Memphis, TN, USMEM",LALB,"Taichung, , TWTXG",TWTXG,OOLU,OOCL,MT256104,DRY,2,10/20/2025,12/31/2025,11/5/2025 9:38,899,899,227.3,255.71,1126.3,1154.71,1
2221,USMEM,USLAX,TWTXG,"Memphis, TN, USMEM",LALB,"Taichung, , TWTXG",TWTXG,OOLU,OOCL,MT256104,DRY,2,10/20/2025,12/31/2025,11/5/2025 9:38,899,899,227.3,255.71,1126.3,1154.71,1
2222,USMEM,USSAV,TWTXG,"Memphis, TN, USMEM","Savannah, GA, USSAV","Taichung, , TWTXG","Kaohsiung, TW",MAEU,Maersk,300094432,DRY,0,10/16/2025,3/31/2026,10/22/2025 19:06,935,935,0,0,935,935,1
2223,USMEM,USLAX,TWTXG,"Memphis, TN, USMEM",LALB,"Taichung, , TWTXG",TWTXG,YMLU,YML,51625,DRY,1,10/27/2025,12/31/2025,11/5/2025 9:38,1000,1000,227.3,227.3,1227.3,1227.3,1
2224,USMEM,USLAX,TWTXG,"Memphis, TN, USMEM",LALB,"Taichung, , TWTXG",TWKHH,YMLU,YML,51625,DRY,1,10/27/2025,12/31/2025,11/5/2025 9:38,1000,1000,227.3,227.3,1227.3,1227.3,1
2225,USMEM,USSAV,TWTXG,"Memphis, TN, USMEM","Savannah, GA, USSAV","Taichung, , TWTXG",TWTXG,OOLU,OOCL,MT256104,DRY,2,10/20/2025,12/31/2025,11/5/2025 9:38,1372,1372,227.3,255.71,1599.3,1627.71,1
2226,USMEM,USCHS,TWTXG,"Memphis, TN, USMEM","Charleston, SC, USCHS","Taichung, , TWTXG",TWTXG,OOLU,OOCL,MT256104,DRY,2,10/20/2025,12/31/2025,11/5/2025 9:38,1372,1372,227.3,255.71,1599.3,1627.71,1
2227,USMEM,USLAX,TWTXG,"Memphis, TN, USMEM",LALB,"Taichung, , TWTXG",TWTXG,ONEY,ONE,CHIM354B25,DRY,1,10/1/2025,12/31/2025,11/5/2025 9:38,1416,1416,227.3,255.71,1643.3,1671.71,1
2228,USMEM,USCHS,TWTXG,"Memphis, TN, USMEM","Charleston, SC, USCHS","Taichung, , TWTXG",TWTXG,ONEY,ONE,CHIM354B25,DRY,1,10/1/2025,12/31/2025,11/5/2025 9:38,1464,1464,227.3,255.71,1691.3,1719.71,1
2229,USMEM,USSAV,TWTXG,"Memphis, TN, USMEM","Savannah, GA, USSAV","Taichung, , TWTXG",TWTXG,ONEY,ONE,CHIM354B25,DRY,1,10/1/2025,12/31/2025,11/5/2025 9:38,1464,1464,227.3,255.71,1691.3,1719.71,1
2230,USMEM,USLAX,TWTYN,"Memphis, TN, USMEM",LALB,"Taoyuan, , TWTYN",TWTYN,YMLU,YML,51625,DRY,1,10/27/2025,12/31/2025,11/5/2025 9:38,1000,1000,227.3,227.3,1227.3,1227.3,1
2231,USMEM,USLAX,TWTYN,"Memphis, TN, USMEM",LALB,"Taoyuan, , TWTYN",TWKHH,YMLU,YML,51625,DRY,1,10/27/2025,12/31/2025,11/5/2025 9:38,1050,1050,227.3,227.3,1277.3,1277.3,1
2232,USMEM,USLAX,TWTYN,"Memphis, TN, USMEM",LALB,"Taoyuan, , TWTYN",TWKEL,YMLU,YML,51625,DRY,1,10/27/2025,12/31/2025,11/5/2025 9:38,1100,1100,227.3,227.3,1327.3,1327.3,1
2233,USMEM,USLAX,TWTYN,"Memphis, TN, USMEM",LALB,"Taoyuan, , TWTYN",TWTYN,ONEY,ONE,CHIM354B25,DRY,1,10/1/2025,12/31/2025,11/5/2025 9:38,1476,1476,227.3,255.71,1703.3,1731.71,1
2234,USMEM,USLAX,TWTYN,"Memphis, TN, USMEM",LALB,"Taoyuan, , TWTYN","Kaohsiung, TW",MAEU,Maersk,300094432,DRY,0,10/16/2025,3/31/2026,10/22/2025 19:06,1570,1570,0,0,1570,1570,1
2235,USMEM,USSAV,TWTYN,"Memphis, TN, USMEM","Savannah, GA, USSAV","Taoyuan, , TWTYN","Kaohsiung, TW",MAEU,Maersk,300094432,DRY,0,10/16/2025,3/31/2026,10/22/2025 19:06,1699,1699,0,0,1699,1699,1
2236,USMEM,USLAX,VNBDG,"Memphis, TN, USMEM",LALB,"Binh Duong Terminal, 39, VNBDG",VNCMT,YMLU,YML,51625,DRY,1,10/27/2025,12/31/2025,11/5/2025 9:38,1080,1080,177.38,177.38,1257.38,1257.38,1
2237,USMEM,USLAX,VNCLI,"Memphis, TN, USMEM",LALB,"Cat Lai, 65, VNCLI",VNCMT,YMLU,YML,51625,DRY,1,10/27/2025,12/31/2025,11/5/2025 9:38,850,850,177.38,177.38,1027.38,1027.38,1
2238,USMEM,USLAX,VNCLI,"Memphis, TN, USMEM",LALB,"Cat Lai, 65, VNCLI",VNCMT,YMLU,YML,51625,DRY,1,10/27/2025,12/31/2025,11/5/2025 9:38,1050,1050,177.38,177.38,1227.38,1227.38,1
2239,USMEM,USLAX,VNCLI,"Memphis, TN, USMEM",LALB,"Cat Lai, 65, VNCLI",TWKHH,YMLU,YML,51625,DRY,1,10/27/2025,12/31/2025,11/5/2025 9:38,1050,1050,227.3,227.3,1277.3,1277.3,1
2240,USMEM,USCHS,VNCLI,"Memphis, TN, USMEM","Charleston, SC, USCHS","Cat Lai, 65, VNCLI",VNCLI,YMLU,YML,51625,DRY,1,10/27/2025,12/31/2025,11/5/2025 9:38,1582,1582,177.38,177.38,1759.38,1759.38,1
2241,USMEM,USSAV,VNCLI,"Memphis, TN, USMEM","Savannah, GA, USSAV","Cat Lai, 65, VNCLI",VNCLI,YMLU,YML,51625,DRY,1,10/27/2025,12/31/2025,11/5/2025 9:38,1583,1583,177.38,177.38,1760.38,1760.38,1
2242,USMEM,USLAX,VNCMT,"Memphis, TN, USMEM",LALB,"Cai Mep Terminal, 43, VNCMT",VNCMT,YMLU,YML,51625,DRY,1,10/27/2025,12/31/2025,11/5/2025 9:38,900,900,177.38,177.38,1077.38,1077.38,1
2243,USMEM,USLAX,VNCMT,"Memphis, TN, USMEM",LALB,"Cai Mep Terminal, 43, VNCMT",VNCMT,ONEY,ONE,CHIM354B25,DRY,1,10/1/2025,12/31/2025,11/5/2025 9:38,1141,1141,182.41,182.41,1323.41,1323.41,1
2244,USMEM,USLAX,VNCMT,"Memphis, TN, USMEM",LALB,"Cai Mep Terminal, 43, VNCMT",SGSIN,YMLU,YML,51625,DRY,1,10/27/2025,12/31/2025,11/5/2025 9:38,1220,1220,268.95,268.95,1488.95,1488.95,1
2245,USMEM,USSAV,VNCMT,"Memphis, TN, USMEM","Savannah, GA, USSAV","Cai Mep Terminal, 43, VNCMT",VNCMT,ONEY,ONE,CHIM354B25,DRY,1,10/1/2025,12/31/2025,11/5/2025 9:38,1264,1264,182.41,182.41,1446.41,1446.41,1
2246,USMEM,USCHS,VNCMT,"Memphis, TN, USMEM","Charleston, SC, USCHS","Cai Mep Terminal, 43, VNCMT",VNCMT,ONEY,ONE,CHIM354B25,DRY,1,10/1/2025,12/31/2025,11/5/2025 9:38,1264,1264,182.41,182.41,1446.41,1446.41,1
2247,USMEM,USSAV,VNDAD,"Memphis, TN, USMEM","Savannah, GA, USSAV","Da Nang, , VNDAD",DA NANG,EGLV,EMC,SC103574,DRY,,10/1/2025,12/31/2025,11/5/2025 9:38,1000,1000,167.59,167.59,1167.59,1167.59,1
2248,USMEM,USCHS,VNDAD,"Memphis, TN, USMEM","Charleston, SC, USCHS","Da Nang, , VNDAD",DA NANG,EGLV,EMC,SC103574,DRY,,10/1/2025,12/31/2025,11/5/2025 9:38,1000,1000,167.59,167.59,1167.59,1167.59,1
2249,USMEM,USORF,VNDAD,"Memphis, TN, USMEM","Norfolk, VA, USORF","Da Nang, , VNDAD",DA NANG,EGLV,EMC,SC103574,DRY,,10/1/2025,12/31/2025,11/5/2025 9:38,1000,1000,167.59,167.59,1167.59,1167.59,1
2250,USMEM,USLAX,VNDAD,"Memphis, TN, USMEM",LALB,"Da Nang, , VNDAD",VNDAD,MAEU,Maersk,300094432,DRY,0,10/16/2025,3/31/2026,11/3/2025 4:10,1016,1016,199.51,199.51,1215.51,1215.51,1
2251,USMEM,USLAX,VNDAD,"Memphis, TN, USMEM",LALB,"Da Nang, , VNDAD",VNDAD,YMLU,YML,51625,DRY,1,10/27/2025,12/31/2025,11/5/2025 9:38,1025,1025,177.38,177.38,1202.38,1202.38,1
2252,USMEM,USSAV,VNDAD,"Memphis, TN, USMEM","Savannah, GA, USSAV","Da Nang, , VNDAD",VNDAD,MAEU,Maersk,300094432,DRY,0,10/16/2025,3/31/2026,11/3/2025 4:10,1145,1145,199.51,199.51,1344.51,1344.51,1
2253,USMEM,USLAX,VNDAD,"Memphis, TN, USMEM",LALB,"Da Nang, , VNDAD",VNDAD,ONEY,ONE,CHIM354B25,DRY,1,10/1/2025,12/31/2025,11/5/2025 9:38,1416,1416,182.41,182.41,1598.41,1598.41,1
2254,USMEM,USLAX,VNDAD,"Memphis, TN, USMEM",LALB,"Da Nang, , VNDAD",TWKHH,YMLU,YML,51625,DRY,1,10/27/2025,12/31/2025,11/5/2025 9:38,1430,1430,227.3,227.3,1657.3,1657.3,1
2255,USMEM,USLAX,VNDAD,"Memphis, TN, USMEM",LALB,"Da Nang, , VNDAD",VNCMT,YMLU,YML,51625,DRY,1,10/27/2025,12/31/2025,11/5/2025 9:38,1430,1430,177.38,177.38,1607.38,1607.38,1
2256,USMEM,USCHS,VNDAD,"Memphis, TN, USMEM","Charleston, SC, USCHS","Da Nang, , VNDAD",VNDAD,ONEY,ONE,CHIM354B25,DRY,1,10/1/2025,12/31/2025,11/5/2025 9:38,1489,1489,182.41,182.41,1671.41,1671.41,1
2257,USMEM,USSAV,VNDAD,"Memphis, TN, USMEM","Savannah, GA, USSAV","Da Nang, , VNDAD",VNDAD,ONEY,ONE,CHIM354B25,DRY,1,10/1/2025,12/31/2025,11/5/2025 9:38,1489,1489,182.41,182.41,1671.41,1671.41,1
2258,USMEM,USLAX,VNDAD,"Memphis, TN, USMEM",LALB,"Da Nang, , VNDAD",DA NANG,EGLV,EMC,SC103574,DRY,,10/1/2025,12/31/2025,11/5/2025 9:38,1600,1600,167.59,167.59,1767.59,1767.59,1
2259,USMEM,USLAX,VNDNA,"Memphis, TN, USMEM",LALB,"Dong Nai, , VNDNA",VNCMT,YMLU,YML,51625,DRY,1,10/27/2025,12/31/2025,11/5/2025 9:38,1080,1080,177.38,177.38,1257.38,1257.38,1
2260,USMEM,USLAX,VNHPH,"Memphis, TN, USMEM",LALB,"Haiphong, , VNHPH",VNHPH,MAEU,Maersk,300094432,DRY,0,10/16/2025,3/31/2026,10/22/2025 19:06,652,652,0,0,652,652,1
2261,USMEM,USSAV,VNHPH,"Memphis, TN, USMEM","Savannah, GA, USSAV","Haiphong, , VNHPH",VNHPH,MAEU,Maersk,300094432,DRY,0,10/16/2025,3/31/2026,10/22/2025 19:06,781,781,0,0,781,781,1
2262,USMEM,USLGB,VNHPH,"Memphis, TN, USMEM",LALB,"Haiphong, , VNHPH",VNHPH,OOLU,OOCL,MT256104,DRY,2,10/20/2025,12/31/2025,11/5/2025 9:38,794,794,143,143,937,937,1
2263,USMEM,USLAX,VNHPH,"Memphis, TN, USMEM",LALB,"Haiphong, , VNHPH",VNHPH,OOLU,OOCL,MT256104,DRY,2,10/20/2025,12/31/2025,11/5/2025 9:38,794,794,143,143,937,937,1
2264,USMEM,USLAX,VNHPH,"Memphis, TN, USMEM",LALB,"Haiphong, , VNHPH",VNHPH,YMLU,YML,51625,DRY,1,10/27/2025,12/31/2025,11/5/2025 9:38,850,850,177.38,177.38,1027.38,1027.38,1
2265,USMEM,USSAV,VNHPH,"Memphis, TN, USMEM","Savannah, GA, USSAV","Haiphong, , VNHPH",HAIPHONG,EGLV,EMC,SC103574,DRY,,10/1/2025,12/31/2025,11/5/2025 9:38,1000,1000,167.59,167.59,1167.59,1167.59,1
2266,USMEM,USORF,VNHPH,"Memphis, TN, USMEM","Norfolk, VA, USORF","Haiphong, , VNHPH",HAIPHONG,EGLV,EMC,SC103574,DRY,,10/1/2025,12/31/2025,11/5/2025 9:38,1000,1000,167.59,167.59,1167.59,1167.59,1
2267,USMEM,USCHS,VNHPH,"Memphis, TN, USMEM","Charleston, SC, USCHS","Haiphong, , VNHPH",HAIPHONG,EGLV,EMC,SC103574,DRY,,10/1/2025,12/31/2025,11/5/2025 9:38,1000,1000,167.59,167.59,1167.59,1167.59,1
2268,USMEM,USSAV,VNHPH,"Memphis, TN, USMEM","Savannah, GA, USSAV","Haiphong, , VNHPH",VNHPH,ONEY,ONE,CHIM354B25,DRY,1,10/1/2025,12/31/2025,11/5/2025 9:38,1064,1064,182.41,182.41,1246.41,1246.41,1
2269,USMEM,USCHS,VNHPH,"Memphis, TN, USMEM","Charleston, SC, USCHS","Haiphong, , VNHPH",VNHPH,ONEY,ONE,CHIM354B25,DRY,1,10/1/2025,12/31/2025,11/5/2025 9:38,1064,1064,182.41,182.41,1246.41,1246.41,1
2270,USMEM,USSAV,VNHPH,"Memphis, TN, USMEM","Savannah, GA, USSAV","Haiphong, , VNHPH",VNHPH,OOLU,OOCL,MT256104,DRY,2,10/20/2025,12/31/2025,11/5/2025 9:38,1167,1167,143,143,1310,1310,1
2271,USMEM,USCHS,VNHPH,"Memphis, TN, USMEM","Charleston, SC, USCHS","Haiphong, , VNHPH",VNHPH,OOLU,OOCL,MT256104,DRY,2,10/20/2025,12/31/2025,11/5/2025 9:38,1167,1167,143,143,1310,1310,1
2272,USMEM,USLAX,VNHPH,"Memphis, TN, USMEM",LALB,"Haiphong, , VNHPH",VNHPH,ONEY,ONE,CHIM354B25,DRY,1,10/1/2025,12/31/2025,11/5/2025 9:38,1416,1416,182.41,182.41,1598.41,1598.41,1
2273,USMEM,USCHS,VNHPH,"Memphis, TN, USMEM","Charleston, SC, USCHS","Haiphong, , VNHPH",VNHPH,YMLU,YML,51625,DRY,1,10/27/2025,12/31/2025,11/5/2025 9:38,1582,1582,177.38,177.38,1759.38,1759.38,1
2274,USMEM,USSAV,VNHPH,"Memphis, TN, USMEM","Savannah, GA, USSAV","Haiphong, , VNHPH",VNHPH,YMLU,YML,51625,DRY,1,10/27/2025,12/31/2025,11/5/2025 9:38,1583,1583,177.38,177.38,1760.38,1760.38,1
2275,USMEM,USLAX,VNHPH,"Memphis, TN, USMEM",LALB,"Haiphong, , VNHPH",VNCMT,YMLU,YML,51625,DRY,1,10/27/2025,12/31/2025,11/5/2025 9:38,1600,1600,177.38,177.38,1777.38,1777.38,1
2276,USMEM,USLAX,VNHPH,"Memphis, TN, USMEM",LALB,"Haiphong, , VNHPH",HAIPHONG,EGLV,EMC,SC103574,DRY,,10/1/2025,12/31/2025,11/5/2025 9:38,1600,1600,167.59,167.59,1767.59,1767.59,1
2277,USMEM,USLAX,VNHPH,"Memphis, TN, USMEM",LALB,"Haiphong, , VNHPH",CNNBG,YMLU,YML,51625,DRY,1,10/27/2025,12/31/2025,11/5/2025 9:38,1600,1600,224.8,224.8,1824.8,1824.8,1
2278,USMEM,USLAX,VNHPH,"Memphis, TN, USMEM",LALB,"Haiphong, , VNHPH",CNSHG,YMLU,YML,51625,DRY,1,10/27/2025,12/31/2025,11/5/2025 9:38,1600,1600,224.8,224.8,1824.8,1824.8,1
2279,USMEM,USLAX,VNHPH,"Memphis, TN, USMEM",LALB,"Haiphong, , VNHPH",SGSIN,YMLU,YML,51625,DRY,1,10/27/2025,12/31/2025,11/5/2025 9:38,1700,1700,268.95,268.95,1968.95,1968.95,1
2280,USMEM,USLAX,VNIPH,"Memphis, TN, USMEM",LALB,"Phuoc Long ICD, , VNIPH",VNCMT,YMLU,YML,51625,DRY,1,10/27/2025,12/31/2025,11/5/2025 9:38,1045,1045,177.38,177.38,1222.38,1222.38,1
2281,USMEM,USLAX,VNNHD,"Memphis, TN, USMEM",LALB,"Nam Hai Dinh Vu Port, HP, VNNHD",VNNHD,YMLU,YML,51625,DRY,1,10/27/2025,12/31/2025,11/5/2025 9:38,850,850,0,0,850,850,1
2282,USMEM,USLAX,VNSGN,"Memphis, TN, USMEM",LALB,"Ho Chi Minh City, , VNSGN",VNSGN,MAEU,Maersk,300094432,DRY,0,10/16/2025,3/31/2026,10/22/2025 19:06,652,652,0,0,652,652,1
2283,USMEM,USSAV,VNSGN,"Memphis, TN, USMEM","Savannah, GA, USSAV","Ho Chi Minh City, , VNSGN",VNSGN,MAEU,Maersk,300094432,DRY,0,10/16/2025,3/31/2026,10/22/2025 19:06,781,781,0,0,781,781,1
2284,USMEM,USLGB,VNSGN,"Memphis, TN, USMEM",LALB,"Ho Chi Minh City, , VNSGN",VNSGN,OOLU,OOCL,MT256104,DRY,2,10/20/2025,12/31/2025,11/5/2025 9:38,844,844,143,143,987,987,1
2285,USMEM,USLAX,VNSGN,"Memphis, TN, USMEM",LALB,"Ho Chi Minh City, , VNSGN",VNSGN,OOLU,OOCL,MT256104,DRY,2,10/20/2025,12/31/2025,11/5/2025 9:38,844,844,143,143,987,987,1
2286,USMEM,USSAV,VNSGN,"Memphis, TN, USMEM","Savannah, GA, USSAV","Ho Chi Minh City, , VNSGN",VNCMT,ONEY,ONE,CHIM354B25,DRY,1,10/1/2025,12/31/2025,11/5/2025 9:38,964,964,182.41,182.41,1146.41,1146.41,1
2287,USMEM,USCHS,VNSGN,"Memphis, TN, USMEM","Charleston, SC, USCHS","Ho Chi Minh City, , VNSGN",VNCMT,ONEY,ONE,CHIM354B25,DRY,1,10/1/2025,12/31/2025,11/5/2025 9:38,964,964,182.41,182.41,1146.41,1146.41,1
2288,USMEM,USLAX,VNSGN,"Memphis, TN, USMEM",LALB,"Ho Chi Minh City, , VNSGN",VNCMT,YMLU,YML,51625,DRY,1,10/27/2025,12/31/2025,11/5/2025 9:38,980,980,177.38,177.38,1157.38,1157.38,1
2289,USMEM,USLAX,VNSGN,"Memphis, TN, USMEM",LALB,"Ho Chi Minh City, , VNSGN",VNSGN,YMLU,YML,51625,DRY,1,10/27/2025,12/31/2025,11/5/2025 9:38,980,980,177.38,177.38,1157.38,1157.38,1
2290,USMEM,USCHS,VNSGN,"Memphis, TN, USMEM","Charleston, SC, USCHS","Ho Chi Minh City, , VNSGN",HO CHI MINH,EGLV,EMC,SC103574,DRY,,10/1/2025,12/31/2025,11/5/2025 9:38,1000,1000,167.59,167.59,1167.59,1167.59,1
2291,USMEM,USORF,VNSGN,"Memphis, TN, USMEM","Norfolk, VA, USORF","Ho Chi Minh City, , VNSGN",HO CHI MINH,EGLV,EMC,SC103574,DRY,,10/1/2025,12/31/2025,11/5/2025 9:38,1000,1000,167.59,167.59,1167.59,1167.59,1
2292,USMEM,USSAV,VNSGN,"Memphis, TN, USMEM","Savannah, GA, USSAV","Ho Chi Minh City, , VNSGN",HO CHI MINH,EGLV,EMC,SC103574,DRY,,10/1/2025,12/31/2025,11/5/2025 9:38,1000,1000,167.59,167.59,1167.59,1167.59,1
2293,USMEM,USLAX,VNSGN,"Memphis, TN, USMEM",LALB,"Ho Chi Minh City, , VNSGN",VNSGN,ONEY,ONE,CHIM354B25,DRY,1,10/1/2025,12/31/2025,11/5/2025 9:38,1141,1141,182.41,182.41,1323.41,1323.41,1
2294,USMEM,USCHS,VNSGN,"Memphis, TN, USMEM","Charleston, SC, USCHS","Ho Chi Minh City, , VNSGN",VNSGN,OOLU,OOCL,MT256104,DRY,2,10/20/2025,12/31/2025,11/5/2025 9:38,1142,1142,143,143,1285,1285,1
2295,USMEM,USSAV,VNSGN,"Memphis, TN, USMEM","Savannah, GA, USSAV","Ho Chi Minh City, , VNSGN",VNSGN,OOLU,OOCL,MT256104,DRY,2,10/20/2025,12/31/2025,11/5/2025 9:38,1142,1142,143,143,1285,1285,1
2296,USMEM,USLAX,VNSGN,"Memphis, TN, USMEM",LALB,"Ho Chi Minh City, , VNSGN",HO CHI MINH,EGLV,EMC,SC103574,DRY,,10/1/2025,12/31/2025,11/5/2025 9:38,1600,1600,167.59,167.59,1767.59,1767.59,1
2297,USMEM,USCHS,VNTOT,"Memphis, TN, USMEM","Charleston, SC, USCHS","Cai Mep, 43, VNTOT",CAI MEP,EGLV,EMC,SC103574,DRY,,10/1/2025,12/31/2025,11/5/2025 9:38,1000,1000,167.59,167.59,1167.59,1167.59,1
2298,USMEM,USSAV,VNTOT,"Memphis, TN, USMEM","Savannah, GA, USSAV","Cai Mep, 43, VNTOT",CAI MEP,EGLV,EMC,SC103574,DRY,,10/1/2025,12/31/2025,11/5/2025 9:38,1000,1000,167.59,167.59,1167.59,1167.59,1
2299,USMEM,USORF,VNTOT,"Memphis, TN, USMEM","Norfolk, VA, USORF","Cai Mep, 43, VNTOT",CAI MEP,EGLV,EMC,SC103574,DRY,,10/1/2025,12/31/2025,11/5/2025 9:38,1000,1000,167.59,167.59,1167.59,1167.59,1
2300,USMEM,USLAX,VNTOT,"Memphis, TN, USMEM",LALB,"Cai Mep, 43, VNTOT",CAI MEP,EGLV,EMC,SC103574,DRY,,10/1/2025,12/31/2025,11/5/2025 9:38,1600,1600,167.59,167.59,1767.59,1767.59,1
2301,USMEM,USLAX,VNTTH,"Memphis, TN, USMEM",LALB,"Tan Thanh, 43, VNTTH",VNTTH,OOLU,OOCL,MT256104,DRY,2,10/20/2025,12/31/2025,11/5/2025 9:38,794,794,143,143,937,937,1
2302,USMEM,USLGB,VNTTH,"Memphis, TN, USMEM",LALB,"Tan Thanh, 43, VNTTH",VNTTH,OOLU,OOCL,MT256104,DRY,2,10/20/2025,12/31/2025,11/5/2025 9:38,794,794,143,143,937,937,1
2303,USMEM,USSAV,VNTTH,"Memphis, TN, USMEM","Savannah, GA, USSAV","Tan Thanh, 43, VNTTH",VNTTH,OOLU,OOCL,MT256104,DRY,2,10/20/2025,12/31/2025,11/5/2025 9:38,1167,1167,143,143,1310,1310,1
2304,USMEM,USCHS,VNTTH,"Memphis, TN, USMEM","Charleston, SC, USCHS","Tan Thanh, 43, VNTTH",VNTTH,OOLU,OOCL,MT256104,DRY,2,10/20/2025,12/31/2025,11/5/2025 9:38,1167,1167,143,143,1310,1310,1
2305,USMEM,USLAX,VNVUT,"Memphis, TN, USMEM",LALB,"Vung Tau, 43, VNVUT",VNVUT,MAEU,Maersk,300094432,DRY,0,10/16/2025,3/31/2026,10/22/2025 19:06,1170,1170,0,0,1170,1170,1
2306,USMEM,USSAV,VNVUT,"Memphis, TN, USMEM","Savannah, GA, USSAV","Vung Tau, 43, VNVUT",VNVUT,MAEU,Maersk,300094432,DRY,0,10/16/2025,3/31/2026,10/22/2025 19:06,1299,1299,0,0,1299,1299,1
2307,USMEM,USSAV,ZACPT,"Memphis, TN, USMEM","Savannah, GA, USSAV","Cape Town, , ZACPT",ZACPT,ONEY,ONE,CHIM354B25,DRY,1,10/1/2025,12/31/2025,11/5/2025 4:10,3395,3395,371.98,371.98,3766.98,3766.98,1
2308,USMEM,USLAX,ZACPT,"Memphis, TN, USMEM",LALB,"Cape Town, , ZACPT",ZACPT,ONEY,ONE,CHIM354B25,DRY,1,6/10/2025,3/31/2026,11/5/2025 4:10,5960,5960,371.98,371.98,6331.98,6331.98,1
2309,USMEM,USSAV,ZADUR,"Memphis, TN, USMEM","Savannah, GA, USSAV","Durban, , ZADUR",ZADUR,ONEY,ONE,CHIM354B25,DRY,1,10/1/2025,12/31/2025,11/5/2025 4:10,3095,3095,371.98,371.98,3466.98,3466.98,1
2310,USMEM,USLAX,ZADUR,"Memphis, TN, USMEM",LALB,"Durban, , ZADUR",ZADUR,ONEY,ONE,CHIM354B25,DRY,1,6/10/2025,3/31/2026,11/5/2025 4:10,5960,5960,371.98,371.98,6331.98,6331.98,1
2311,USORF,USORF,AEJEA,"Norfolk, VA, USORF","Norfolk, VA, USORF","Jebel Ali, , AEJEA",CNSHG,YMLU,YML,51625,DRY,1,10/27/2025,12/31/2025,11/5/2025 9:38,2422.5,2422.5,224.8,224.8,2647.3,2647.3,1
2312,USORF,USORF,AEJEA,"Norfolk, VA, USORF","Norfolk, VA, USORF","Jebel Ali, , AEJEA",CNNBG,YMLU,YML,51625,DRY,1,10/27/2025,12/31/2025,11/5/2025 9:38,2422.5,2422.5,224.8,224.8,2647.3,2647.3,1
2313,USORF,USORF,BDCGP,"Norfolk, VA, USORF","Norfolk, VA, USORF","Chattogram/Chittagong, , BDCGP",CHATTOGRAM,EGLV,EMC,SC103574,DRY,,10/1/2025,12/31/2025,11/5/2025 9:38,1700,1700,0,0,1700,1700,1
2314,USORF,USORF,BDCGP,"Norfolk, VA, USORF","Norfolk, VA, USORF","Chattogram/Chittagong, , BDCGP",BDCGP,OOLU,OOCL,MT256104,DRY,2,10/20/2025,12/31/2025,11/5/2025 9:38,1717,1717,65,65,1782,1782,1
2315,USORF,USORF,BDCGP,"Norfolk, VA, USORF","Norfolk, VA, USORF","Chattogram/Chittagong, , BDCGP",BDCGP,ONEY,ONE,CHIM354B25,DRY,1,10/1/2025,12/31/2025,11/5/2025 9:38,1814,1814,150,150,1964,1964,1
2316,USORF,USORF,BDCGP,"Norfolk, VA, USORF","Norfolk, VA, USORF","Chattogram/Chittagong, , BDCGP",BDCGP,MAEU,Maersk,300094432,DRY,0,10/16/2025,3/31/2026,11/5/2025 9:38,2537,2537,0,0,2537,2537,1
2317,USORF,USORF,CLARI,"Norfolk, VA, USORF","Norfolk, VA, USORF","Arica, TA, CLARI",CLARI,ONEY,ONE,CHIM354B25,DRY,1,10/1/2025,12/31/2025,11/5/2025 9:38,2568,2568,150,150,2718,2718,1
2318,USORF,USORF,CLSAI,"Norfolk, VA, USORF","Norfolk, VA, USORF","San Antonio, VS, CLSAI",CLSAI,ONEY,ONE,CHIM354B25,DRY,1,10/1/2025,12/31/2025,11/5/2025 9:38,1968,1968,150,150,2118,2118,1
2319,USORF,USORF,CNAQG,"Norfolk, VA, USORF","Norfolk, VA, USORF","Anqing Pt, 34, CNAQG",CNSHG,YMLU,YML,51625,DRY,1,10/27/2025,12/31/2025,11/5/2025 9:38,722.5,722.5,224.8,224.8,947.3,947.3,1
2320,USORF,USORF,CNAQG,"Norfolk, VA, USORF","Norfolk, VA, USORF","Anqing Pt, 34, CNAQG",CNAQG,MAEU,Maersk,300094432,DRY,0,10/16/2025,3/31/2026,11/5/2025 9:38,872.73,872.73,0,0,872.73,872.73,1
2321,USORF,USORF,CNAQG,"Norfolk, VA, USORF","Norfolk, VA, USORF","Anqing Pt, 34, CNAQG",CNAQG,ONEY,ONE,CHIM354B25,DRY,1,10/1/2025,12/31/2025,11/5/2025 9:38,1014,1014,120.97,120.97,1134.97,1134.97,1
2322,USORF,USORF,CNCAN,"Norfolk, VA, USORF","Norfolk, VA, USORF","Guangzhou Baiyun, 44, CNCAN",CNCAN,ONEY,ONE,CHIM354B25,DRY,1,10/1/2025,12/31/2025,11/5/2025 9:38,1064,1064,170.85,170.85,1234.85,1234.85,1
2323,USORF,USORF,CNCGS,"Norfolk, VA, USORF","Norfolk, VA, USORF","Changshu Pt, 37, CNCGS",CNSHG,YMLU,YML,51625,DRY,1,10/27/2025,12/31/2025,11/5/2025 9:38,712.5,712.5,224.8,224.8,937.3,937.3,1
2324,USORF,USORF,CNCGU,"Norfolk, VA, USORF","Norfolk, VA, USORF","Changshu, 32, CNCGU",CNCGU,ONEY,ONE,CHIM354B25,DRY,1,10/1/2025,12/31/2025,11/5/2025 9:38,914,914,116.33,116.33,1030.33,1030.33,1
2325,USORF,USORF,CNCHQ,"Norfolk, VA, USORF","Norfolk, VA, USORF","Chongqing Pt, 50, CNCHQ",CNCHQ,MAEU,Maersk,300094432,DRY,0,10/16/2025,3/31/2026,11/5/2025 9:38,552.73,552.73,0,0,552.73,552.73,1
2326,USORF,USORF,CNCHQ,"Norfolk, VA, USORF","Norfolk, VA, USORF","Chongqing Pt, 50, CNCHQ",CNSHG,YMLU,YML,51625,DRY,1,10/27/2025,12/31/2025,11/5/2025 9:38,1282.5,1282.5,224.8,224.8,1507.3,1507.3,1
2327,USORF,USORF,CNCKG,"Norfolk, VA, USORF","Norfolk, VA, USORF","Chongqing Jiangbei, 51, CNCKG",CNCKG,ONEY,ONE,CHIM354B25,DRY,1,10/1/2025,12/31/2025,11/5/2025 9:38,1124,1124,116.33,116.33,1240.33,1240.33,1
2328,USORF,USORF,CNCNA,"Norfolk, VA, USORF","Norfolk, VA, USORF","Changsha, 44, CNCNA",CNSHG,YMLU,YML,51625,DRY,1,10/27/2025,12/31/2025,11/5/2025 9:38,1327.5,1327.5,224.8,224.8,1552.3,1552.3,1
2329,USORF,USORF,CNCZX,"Norfolk, VA, USORF","Norfolk, VA, USORF","Changzhou Pt, 32, CNCZX",CNSHG,YMLU,YML,51625,DRY,1,10/27/2025,12/31/2025,11/5/2025 9:38,712.5,712.5,224.8,224.8,937.3,937.3,1
2330,USORF,USORF,CNCZX,"Norfolk, VA, USORF","Norfolk, VA, USORF","Changzhou Pt, 32, CNCZX",CNCZX,MAEU,Maersk,300094432,DRY,0,10/16/2025,3/31/2026,11/5/2025 9:38,846.73,846.73,0,0,846.73,846.73,1
2331,USORF,USORF,CNDAG,"Norfolk, VA, USORF","Norfolk, VA, USORF","Dalian Pt, 34, CNDAG",CNDAG,MAEU,Maersk,300094432,DRY,0,10/16/2025,3/31/2026,11/5/2025 9:38,398.05,398.05,0,0,398.05,398.05,1
2332,USORF,USORF,CNDAG,"Norfolk, VA, USORF","Norfolk, VA, USORF","Dalian Pt, 34, CNDAG",CNDAG,YMLU,YML,51625,DRY,1,10/27/2025,12/31/2025,11/5/2025 9:38,407.5,407.5,224.8,224.8,632.3,632.3,1
2333,USORF,USORF,CNDAG,"Norfolk, VA, USORF","Norfolk, VA, USORF","Dalian Pt, 34, CNDAG",CNDAG,OOLU,OOCL,MT256104,DRY,2,10/20/2025,12/31/2025,11/5/2025 9:38,617,617,159.19,159.19,776.19,776.19,1
2334,USORF,USORF,CNDFG,"Norfolk, VA, USORF","Norfolk, VA, USORF","Dafeng Pt, 22, CNDFG",CNDFG,MAEU,Maersk,300094432,DRY,0,10/16/2025,3/31/2026,11/5/2025 9:38,490.73,490.73,0,0,490.73,490.73,1
2335,USORF,USORF,CNDFG,"Norfolk, VA, USORF","Norfolk, VA, USORF","Dafeng Pt, 22, CNDFG",CNSHG,YMLU,YML,51625,DRY,1,10/27/2025,12/31/2025,11/5/2025 9:38,792.5,792.5,224.8,224.8,1017.3,1017.3,1
2336,USORF,USORF,CNDOU,"Norfolk, VA, USORF","Norfolk, VA, USORF","Doumen Pt, 44, CNDOU",CNDOU,ONEY,ONE,CHIM354B25,DRY,1,10/1/2025,12/31/2025,11/5/2025 9:38,964,964,170.85,170.85,1134.85,1134.85,1
2337,USORF,USORF,CNFOC,"Norfolk, VA, USORF","Norfolk, VA, USORF","Fuzhou Changle, 35, CNFOC",CNFOC,ONEY,ONE,CHIM354B25,DRY,1,10/1/2025,12/31/2025,11/5/2025 9:38,1089,1089,116.19,116.19,1205.19,1205.19,1
2338,USORF,USORF,CNFZG,"Norfolk, VA, USORF","Norfolk, VA, USORF","Fuzhou Pt, 23, CNFZG",CNFZG,MAEU,Maersk,300094432,DRY,0,10/16/2025,3/31/2026,11/5/2025 9:38,398.05,398.05,0,0,398.05,398.05,1
2339,USORF,USORF,CNFZG,"Norfolk, VA, USORF","Norfolk, VA, USORF","Fuzhou Pt, 23, CNFZG",CNNBG,YMLU,YML,51625,DRY,1,10/27/2025,12/31/2025,11/5/2025 9:38,882.5,882.5,224.8,224.8,1107.3,1107.3,1
2340,USORF,USORF,CNGOM,"Norfolk, VA, USORF","Norfolk, VA, USORF","Gaoming Pt, 44, CNGOM",CNGOM,MAEU,Maersk,300094432,DRY,0,10/16/2025,3/31/2026,11/5/2025 9:38,859.05,859.05,0,0,859.05,859.05,1
2341,USORF,USORF,CNGON,"Norfolk, VA, USORF","Norfolk, VA, USORF","Gaolan, 44, CNGON",CNGON,ONEY,ONE,CHIM354B25,DRY,1,10/1/2025,12/31/2025,11/5/2025 9:38,1014,1014,170.85,170.85,1184.85,1184.85,1
2342,USORF,USORF,CNGZG,"Norfolk, VA, USORF","Norfolk, VA, USORF","Guangzhou Pt, 22, CNGZG",CNYTN,YMLU,YML,51625,DRY,1,10/27/2025,12/31/2025,11/5/2025 9:38,817.5,817.5,224.8,224.8,1042.3,1042.3,1
2343,USORF,USORF,CNHFI,"Norfolk, VA, USORF","Norfolk, VA, USORF","Hefei, 34, CNHFI",CNSHG,YMLU,YML,51625,DRY,1,10/27/2025,12/31/2025,11/5/2025 9:38,1772.5,1772.5,224.8,224.8,1997.3,1997.3,1
2344,USORF,USORF,CNHSI,"Norfolk, VA, USORF","Norfolk, VA, USORF","Huangshi Pt, 42, CNHSI",CNSHG,YMLU,YML,51625,DRY,1,10/27/2025,12/31/2025,11/5/2025 9:38,852.5,852.5,224.8,224.8,1077.3,1077.3,1
2345,USORF,USORF,CNHUA,"Norfolk, VA, USORF","Norfolk, VA, USORF","Huangpu Pt, 44, CNHUA",CNHUA,MAEU,Maersk,300094432,DRY,0,10/16/2025,3/31/2026,11/5/2025 9:38,561.05,561.05,0,0,561.05,561.05,1
2346,USORF,USORF,CNHUA,"Norfolk, VA, USORF","Norfolk, VA, USORF","Huangpu Pt, 44, CNHUA",CNHUA,OOLU,OOCL,MT256104,DRY,2,10/20/2025,12/31/2025,11/5/2025 9:38,622,622,159.19,159.19,781.19,781.19,1
2347,USORF,USORF,CNHUA,"Norfolk, VA, USORF","Norfolk, VA, USORF","Huangpu Pt, 44, CNHUA",CNHUA,ONEY,ONE,CHIM354B25,DRY,1,10/1/2025,12/31/2025,11/5/2025 9:38,624,624,170.85,170.85,794.85,794.85,1
2348,USORF,USORF,CNHUA,"Norfolk, VA, USORF","Norfolk, VA, USORF","Huangpu Pt, 44, CNHUA",CNYTN,YMLU,YML,51625,DRY,1,10/27/2025,12/31/2025,11/5/2025 9:38,817.5,817.5,224.8,224.8,1042.3,1042.3,1
2349,USORF,USORF,CNHZH,"Norfolk, VA, USORF","Norfolk, VA, USORF","Huzhou Pt, 33, CNHZH",CNSHG,YMLU,YML,51625,DRY,1,10/27/2025,12/31/2025,11/5/2025 9:38,647.5,647.5,224.8,224.8,872.3,872.3,1
2350,USORF,USORF,CNJIA,"Norfolk, VA, USORF","Norfolk, VA, USORF","Jiangyin Pt, 32, CNJIA",CNJIA,MAEU,Maersk,300094432,DRY,0,10/16/2025,3/31/2026,11/5/2025 9:38,709.73,709.73,0,0,709.73,709.73,1
2351,USORF,USORF,CNJIA,"Norfolk, VA, USORF","Norfolk, VA, USORF","Jiangyin Pt, 32, CNJIA",CNSHG,YMLU,YML,51625,DRY,1,10/27/2025,12/31/2025,11/5/2025 9:38,712.5,712.5,224.8,224.8,937.3,937.3,1
2352,USORF,USORF,CNJIU,"Norfolk, VA, USORF","Norfolk, VA, USORF","Jiujiang Pt, 36, CNJIU",CNSHG,YMLU,YML,51625,DRY,1,10/27/2025,12/31/2025,11/5/2025 9:38,842.5,842.5,224.8,224.8,1067.3,1067.3,1
2353,USORF,USORF,CNJIU,"Norfolk, VA, USORF","Norfolk, VA, USORF","Jiujiang Pt, 36, CNJIU",CNJIU,MAEU,Maersk,300094432,DRY,0,10/16/2025,3/31/2026,11/5/2025 9:38,1671.78,1671.78,0,0,1671.78,1671.78,1
2354,USORF,USORF,CNJMN,"Norfolk, VA, USORF","Norfolk, VA, USORF","Jiangmen Pt, 44, CNJMN",CNJMN,MAEU,Maersk,300094432,DRY,0,10/16/2025,3/31/2026,11/5/2025 9:38,829.05,829.05,0,0,829.05,829.05,1
2355,USORF,USORF,CNJZK,"Norfolk, VA, USORF","Norfolk, VA, USORF","Jingzhou Pt, 42, CNJZK",CNSHG,YMLU,YML,51625,DRY,1,10/27/2025,12/31/2025,11/5/2025 9:38,862.5,862.5,224.8,224.8,1087.3,1087.3,1
2356,USORF,USORF,CNKHN,"Norfolk, VA, USORF","Norfolk, VA, USORF","Nanchang Changbei, 36, CNKHN",CNSHG,YMLU,YML,51625,DRY,1,10/27/2025,12/31/2025,11/5/2025 9:38,922.5,922.5,224.8,224.8,1147.3,1147.3,1
2357,USORF,USORF,CNKUS,"Norfolk, VA, USORF","Norfolk, VA, USORF","Kunshan, 32, CNKUS",CNSHG,YMLU,YML,51625,DRY,1,10/27/2025,12/31/2025,11/5/2025 9:38,872.5,872.5,224.8,224.8,1097.3,1097.3,1
2358,USORF,USORF,CNLYG,"Norfolk, VA, USORF","Norfolk, VA, USORF","Lianyungang, 32, CNLYG",CNLYG,MAEU,Maersk,300094432,DRY,0,10/16/2025,3/31/2026,11/5/2025 9:38,361.05,361.05,0,0,361.05,361.05,1
2359,USORF,USORF,CNLYG,"Norfolk, VA, USORF","Norfolk, VA, USORF","Lianyungang, 32, CNLYG",CNLYG,ONEY,ONE,CHIM354B25,DRY,1,10/1/2025,12/31/2025,11/5/2025 9:38,639,639,117.04,117.04,756.04,756.04,1
2360,USORF,USORF,CNLYG,"Norfolk, VA, USORF","Norfolk, VA, USORF","Lianyungang, 32, CNLYG",CNSHG,YMLU,YML,51625,DRY,1,10/27/2025,12/31/2025,11/5/2025 9:38,797.5,797.5,224.8,224.8,1022.3,1022.3,1
2361,USORF,USORF,CNLYG,"Norfolk, VA, USORF","Norfolk, VA, USORF","Lianyungang, 32, CNLYG",CNNBG,YMLU,YML,51625,DRY,1,10/27/2025,12/31/2025,11/5/2025 9:38,797.5,797.5,224.8,224.8,1022.3,1022.3,1
2362,USORF,USORF,CNLZU,"Norfolk, VA, USORF","Norfolk, VA, USORF","Luzhou, 51, CNLZU",CNSHG,YMLU,YML,51625,DRY,1,10/27/2025,12/31/2025,11/5/2025 9:38,1322.5,1322.5,224.8,224.8,1547.3,1547.3,1
2363,USORF,USORF,CNMAA,"Norfolk, VA, USORF","Norfolk, VA, USORF","Maanshan Pt, 34, CNMAA",CNSHG,YMLU,YML,51625,DRY,1,10/27/2025,12/31/2025,11/5/2025 9:38,722.5,722.5,224.8,224.8,947.3,947.3,1
2364,USORF,USORF,CNNBG,"Norfolk, VA, USORF","Norfolk, VA, USORF","Ningbo Pt, 33, CNNBG",CNNBG,YMLU,YML,51625,DRY,1,10/27/2025,12/31/2025,11/5/2025 9:38,107.5,107.5,224.8,224.8,332.3,332.3,1
2365,USORF,USORF,CNNBG,"Norfolk, VA, USORF","Norfolk, VA, USORF","Ningbo Pt, 33, CNNBG",CNNBG,MAEU,Maersk,300094432,DRY,0,10/16/2025,3/31/2026,11/5/2025 9:38,221.05,221.05,0,0,221.05,221.05,1
2366,USORF,USORF,CNNBG,"Norfolk, VA, USORF","Norfolk, VA, USORF","Ningbo Pt, 33, CNNBG",CNNBG,OOLU,OOCL,MT256104,DRY,2,10/20/2025,12/31/2025,11/5/2025 9:38,267,267,160.87,160.87,427.87,427.87,1
2367,USORF,USORF,CNNBG,"Norfolk, VA, USORF","Norfolk, VA, USORF","Ningbo Pt, 33, CNNBG",CNNBG,YMLU,YML,51625,DRY,1,10/27/2025,12/31/2025,11/5/2025 9:38,382.5,382.5,224.8,224.8,607.3,607.3,1
2368,USORF,USORF,CNNBG,"Norfolk, VA, USORF","Norfolk, VA, USORF","Ningbo Pt, 33, CNNBG","NINGBO, CHINA",EGLV,EMC,SC103574,DRY,,10/1/2025,12/31/2025,11/5/2025 9:38,450,450,0,0,450,450,1
2369,USORF,USORF,CNNBG,"Norfolk, VA, USORF","Norfolk, VA, USORF","Ningbo Pt, 33, CNNBG",CNNBG,ONEY,ONE,CHIM354B25,DRY,1,10/1/2025,12/31/2025,11/5/2025 9:38,574,574,120.69,120.69,694.69,694.69,1
2370,USORF,USORF,CNNBG,"Norfolk, VA, USORF","Norfolk, VA, USORF","Ningbo Pt, 33, CNNBG",SGSIN,YMLU,YML,51625,DRY,1,10/27/2025,12/31/2025,11/5/2025 9:38,642.5,642.5,268.95,268.95,911.45,911.45,1
2371,USORF,USORF,CNNJG,"Norfolk, VA, USORF","Norfolk, VA, USORF","Nanjing Pt, 35, CNNJG",CNSHG,YMLU,YML,51625,DRY,1,10/27/2025,12/31/2025,11/5/2025 9:38,712.5,712.5,224.8,224.8,937.3,937.3,1
2372,USORF,USORF,CNNJG,"Norfolk, VA, USORF","Norfolk, VA, USORF","Nanjing Pt, 35, CNNJG",CNNJG,MAEU,Maersk,300094432,DRY,0,10/16/2025,3/31/2026,11/5/2025 9:38,713.73,713.73,0,0,713.73,713.73,1
2373,USORF,USORF,CNNJP,"Norfolk, VA, USORF","Norfolk, VA, USORF","Nanjing Pt, 32, CNNJP",CNSHG,YMLU,YML,51625,DRY,1,10/27/2025,12/31/2025,11/5/2025 9:38,712.5,712.5,224.8,224.8,937.3,937.3,1
2374,USORF,USORF,CNNKG,"Norfolk, VA, USORF","Norfolk, VA, USORF","Nanjing Lukou, 32, CNNKG",CNSHG,YMLU,YML,51625,DRY,1,10/27/2025,12/31/2025,11/5/2025 9:38,712.5,712.5,224.8,224.8,937.3,937.3,1
2375,USORF,USORF,CNNKG,"Norfolk, VA, USORF","Norfolk, VA, USORF","Nanjing Lukou, 32, CNNKG",CNNKG,ONEY,ONE,CHIM354B25,DRY,1,10/1/2025,12/31/2025,11/5/2025 9:38,799,799,116.33,116.33,915.33,915.33,1
2376,USORF,USORF,CNNSA,"Norfolk, VA, USORF","Norfolk, VA, USORF","Nansha Pt, 44, CNNSA",CNNSA,ONEY,ONE,CHIM354B25,DRY,1,10/1/2025,12/31/2025,11/5/2025 9:38,939,939,170.85,170.85,1109.85,1109.85,1
2377,USORF,USORF,CNNTG,"Norfolk, VA, USORF","Norfolk, VA, USORF","Nantong Pt, 32, CNNTG",CNNTG,MAEU,Maersk,300094432,DRY,0,10/16/2025,3/31/2026,11/5/2025 9:38,360.73,360.73,0,0,360.73,360.73,1
2378,USORF,USORF,CNNTG,"Norfolk, VA, USORF","Norfolk, VA, USORF","Nantong Pt, 32, CNNTG",CNNTG,ONEY,ONE,CHIM354B25,DRY,1,10/1/2025,12/31/2025,11/5/2025 9:38,674,674,116.33,116.33,790.33,790.33,1
2379,USORF,USORF,CNNTG,"Norfolk, VA, USORF","Norfolk, VA, USORF","Nantong Pt, 32, CNNTG",CNSHG,YMLU,YML,51625,DRY,1,10/27/2025,12/31/2025,11/5/2025 9:38,712.5,712.5,224.8,224.8,937.3,937.3,1
2380,USORF,USORF,CNQDG,"Norfolk, VA, USORF","Norfolk, VA, USORF","Qingdao Pt, 32, CNQDG",CNQDG,MAEU,Maersk,300094432,DRY,0,10/16/2025,3/31/2026,11/5/2025 9:38,121.05,121.05,0,0,121.05,121.05,1
2381,USORF,USORF,CNQDG,"Norfolk, VA, USORF","Norfolk, VA, USORF","Qingdao Pt, 32, CNQDG",CNQDG,OOLU,OOCL,MT256104,DRY,2,10/20/2025,12/31/2025,11/5/2025 9:38,327,327,190.8,190.8,517.8,517.8,1
2382,USORF,USORF,CNQDG,"Norfolk, VA, USORF","Norfolk, VA, USORF","Qingdao Pt, 32, CNQDG",CNQDG,YMLU,YML,51625,DRY,1,10/27/2025,12/31/2025,11/5/2025 9:38,382.5,382.5,224.8,224.8,607.3,607.3,1
2383,USORF,USORF,CNQDG,"Norfolk, VA, USORF","Norfolk, VA, USORF","Qingdao Pt, 32, CNQDG","QINGDAO, CHINA",EGLV,EMC,SC103574,DRY,,10/1/2025,12/31/2025,11/5/2025 9:38,450,450,0,0,450,450,1
2384,USORF,USORF,CNQDG,"Norfolk, VA, USORF","Norfolk, VA, USORF","Qingdao Pt, 32, CNQDG",CNQDG,ONEY,ONE,CHIM354B25,DRY,1,10/1/2025,12/31/2025,11/5/2025 9:38,574,574,117.04,117.04,691.04,691.04,1
2385,USORF,USORF,CNQDG,"Norfolk, VA, USORF","Norfolk, VA, USORF","Qingdao Pt, 32, CNQDG",SGSIN,YMLU,YML,51625,DRY,1,10/27/2025,12/31/2025,11/5/2025 9:38,757.5,757.5,268.95,268.95,1026.45,1026.45,1
2386,USORF,USORF,CNQZH,"Norfolk, VA, USORF","Norfolk, VA, USORF","Qinzhou Pt, 45, CNQZH",CNQZH,MAEU,Maersk,300094432,DRY,0,10/16/2025,3/31/2026,11/5/2025 9:38,783.05,783.05,0,0,783.05,783.05,1
2387,USORF,USORF,CNRUG,"Norfolk, VA, USORF","Norfolk, VA, USORF","Rugao Pt, 32, CNRUG",CNRUG,MAEU,Maersk,300094432,DRY,0,10/16/2025,3/31/2026,11/5/2025 9:38,502.73,502.73,0,0,502.73,502.73,1
2388,USORF,USORF,CNSHG,"Norfolk, VA, USORF","Norfolk, VA, USORF","Shanghai Pt, 44, CNSHG",CNSHG,YMLU,YML,51625,DRY,1,10/27/2025,12/31/2025,11/5/2025 9:38,107.5,107.5,224.8,224.8,332.3,332.3,1
2389,USORF,USORF,CNSHG,"Norfolk, VA, USORF","Norfolk, VA, USORF","Shanghai Pt, 44, CNSHG",CNSHG,MAEU,Maersk,300094432,DRY,0,10/16/2025,3/31/2026,11/5/2025 9:38,258.05,258.05,0,0,258.05,258.05,1
2390,USORF,USORF,CNSHG,"Norfolk, VA, USORF","Norfolk, VA, USORF","Shanghai Pt, 44, CNSHG",CNSHG,OOLU,OOCL,MT256104,DRY,2,10/20/2025,12/31/2025,11/5/2025 9:38,267,267,160.87,160.87,427.87,427.87,1
2391,USORF,USORF,CNSHG,"Norfolk, VA, USORF","Norfolk, VA, USORF","Shanghai Pt, 44, CNSHG",CNSHG,YMLU,YML,51625,DRY,1,10/27/2025,12/31/2025,11/5/2025 9:38,382.5,382.5,224.8,224.8,607.3,607.3,1
2392,USORF,USORF,CNSHG,"Norfolk, VA, USORF","Norfolk, VA, USORF","Shanghai Pt, 44, CNSHG",SHANGHAI,EGLV,EMC,SC103574,DRY,,10/1/2025,12/31/2025,11/5/2025 9:38,450,450,0,0,450,450,1
2393,USORF,USORF,CNSHG,"Norfolk, VA, USORF","Norfolk, VA, USORF","Shanghai Pt, 44, CNSHG",CNSHG,ONEY,ONE,CHIM354B25,DRY,1,10/1/2025,12/31/2025,11/5/2025 9:38,464,464,116.33,116.33,580.33,580.33,1
2394,USORF,USORF,CNSHG,"Norfolk, VA, USORF","Norfolk, VA, USORF","Shanghai Pt, 44, CNSHG",SGSIN,YMLU,YML,51625,DRY,1,10/27/2025,12/31/2025,11/5/2025 9:38,642.5,642.5,268.95,268.95,911.45,911.45,1
2395,USORF,USORF,CNSHK,"Norfolk, VA, USORF","Norfolk, VA, USORF","Shekou Pt, 44, CNSHK",SGSIN,YMLU,YML,51625,DRY,1,10/27/2025,12/31/2025,11/5/2025 9:38,587.5,587.5,268.95,268.95,856.45,856.45,1
2396,USORF,USORF,CNSHK,"Norfolk, VA, USORF","Norfolk, VA, USORF","Shekou Pt, 44, CNSHK",CNSHK,ONEY,ONE,CHIM354B25,DRY,1,10/1/2025,12/31/2025,11/5/2025 9:38,989,989,170.85,170.85,1159.85,1159.85,1
2397,USORF,USORF,CNSZG,"Norfolk, VA, USORF","Norfolk, VA, USORF","Suzhou Pt, 32, CNSZG",CNSHG,YMLU,YML,51625,DRY,1,10/27/2025,12/31/2025,11/5/2025 9:38,872.5,872.5,224.8,224.8,1097.3,1097.3,1
2398,USORF,USORF,CNTAC,"Norfolk, VA, USORF","Norfolk, VA, USORF","Taicang Pt, 32, CNTAC",CNSHG,YMLU,YML,51625,DRY,1,10/27/2025,12/31/2025,11/5/2025 9:38,482.5,482.5,224.8,224.8,707.3,707.3,1
2399,USORF,USORF,CNTAG,"Norfolk, VA, USORF","Norfolk, VA, USORF","Taicang, 32, CNTAG",CNSHG,YMLU,YML,51625,DRY,1,10/27/2025,12/31/2025,11/5/2025 9:38,482.5,482.5,224.8,224.8,707.3,707.3,1
2400,USORF,USORF,CNTAZ,"Norfolk, VA, USORF","Norfolk, VA, USORF","Taizhou Pt, 33, CNTAZ",CNSHG,YMLU,YML,51625,DRY,1,10/27/2025,12/31/2025,11/5/2025 9:38,712.5,712.5,224.8,224.8,937.3,937.3,1
2401,USORF,USORF,CNTOL,"Norfolk, VA, USORF","Norfolk, VA, USORF","Tongling Pt, 34, CNTOL",CNSHG,YMLU,YML,51625,DRY,1,10/27/2025,12/31/2025,11/5/2025 9:38,752.5,752.5,224.8,224.8,977.3,977.3,1
2402,USORF,USORF,CNTXG,"Norfolk, VA, USORF","Norfolk, VA, USORF","Tianjin Xingang Pt, 12, CNTXG",CNTXG,MAEU,Maersk,300094432,DRY,0,10/16/2025,3/31/2026,11/5/2025 9:38,151.05,151.05,0,0,151.05,151.05,1
2403,USORF,USORF,CNTXG,"Norfolk, VA, USORF","Norfolk, VA, USORF","Tianjin Xingang Pt, 12, CNTXG",CNTXG,YMLU,YML,51625,DRY,1,10/27/2025,12/31/2025,11/5/2025 9:38,322.5,322.5,224.8,224.8,547.3,547.3,1
2404,USORF,USORF,CNTXG,"Norfolk, VA, USORF","Norfolk, VA, USORF","Tianjin Xingang Pt, 12, CNTXG",CNTXG,OOLU,OOCL,MT256104,DRY,2,10/20/2025,12/31/2025,11/5/2025 9:38,427,427,159.19,159.19,586.19,586.19,1
2405,USORF,USORF,CNTXG,"Norfolk, VA, USORF","Norfolk, VA, USORF","Tianjin Xingang Pt, 12, CNTXG",CNTXG,ONEY,ONE,CHIM354B25,DRY,1,10/1/2025,12/31/2025,11/5/2025 9:38,549,549,114.37,114.37,663.37,663.37,1
2406,USORF,USORF,CNTXG,"Norfolk, VA, USORF","Norfolk, VA, USORF","Tianjin Xingang Pt, 12, CNTXG",CNTXG,YMLU,YML,51625,DRY,1,10/27/2025,12/31/2025,11/5/2025 9:38,557.5,557.5,224.8,224.8,782.3,782.3,1
2407,USORF,USORF,CNTXG,"Norfolk, VA, USORF","Norfolk, VA, USORF","Tianjin Xingang Pt, 12, CNTXG",TWKHH,YMLU,YML,51625,DRY,1,10/27/2025,12/31/2025,11/5/2025 9:38,817.5,817.5,227.3,227.3,1044.8,1044.8,1
2408,USORF,USORF,CNWHG,"Norfolk, VA, USORF","Norfolk, VA, USORF","Wuhan Pt, 42, CNWHG",CNWHG,MAEU,Maersk,300094432,DRY,0,10/16/2025,3/31/2026,11/5/2025 9:38,425.73,425.73,0,0,425.73,425.73,1
2409,USORF,USORF,CNWHG,"Norfolk, VA, USORF","Norfolk, VA, USORF","Wuhan Pt, 42, CNWHG",CNSHG,YMLU,YML,51625,DRY,1,10/27/2025,12/31/2025,11/5/2025 9:38,852.5,852.5,224.8,224.8,1077.3,1077.3,1
2410,USORF,USORF,CNWHI,"Norfolk, VA, USORF","Norfolk, VA, USORF","Wuhu Pt, 34, CNWHI",CNSHG,YMLU,YML,51625,DRY,1,10/27/2025,12/31/2025,11/5/2025 9:38,712.5,712.5,224.8,224.8,937.3,937.3,1
2411,USORF,USORF,CNWJA,"Norfolk, VA, USORF","Norfolk, VA, USORF","Wujiang, 32, CNWJA",CNSHG,YMLU,YML,51625,DRY,1,10/27/2025,12/31/2025,11/5/2025 9:38,892.5,892.5,224.8,224.8,1117.3,1117.3,1
2412,USORF,USORF,CNWNZ,"Norfolk, VA, USORF","Norfolk, VA, USORF","Wenzhou Longwan, 33, CNWNZ",CNSHG,YMLU,YML,51625,DRY,1,10/27/2025,12/31/2025,11/5/2025 9:38,752.5,752.5,224.8,224.8,977.3,977.3,1
2413,USORF,USORF,CNWNZ,"Norfolk, VA, USORF","Norfolk, VA, USORF","Wenzhou Longwan, 33, CNWNZ",CNNBG,YMLU,YML,51625,DRY,1,10/27/2025,12/31/2025,11/5/2025 9:38,752.5,752.5,224.8,224.8,977.3,977.3,1
2414,USORF,USORF,CNWUH,"Norfolk, VA, USORF","Norfolk, VA, USORF","Wuhan Tianhe, 42, CNWUH",CNWUH,ONEY,ONE,CHIM354B25,DRY,1,10/1/2025,12/31/2025,11/5/2025 9:38,774,774,116.33,116.33,890.33,890.33,1
2415,USORF,USORF,CNWUZ,"Norfolk, VA, USORF","Norfolk, VA, USORF","Wuzhou Pt, 45, CNWUZ",CNWUZ,ONEY,ONE,CHIM354B25,DRY,1,10/1/2025,12/31/2025,11/5/2025 9:38,939,939,170.85,170.85,1109.85,1109.85,1
2416,USORF,USORF,CNXIA,"Norfolk, VA, USORF","Norfolk, VA, USORF","Xian, 33, CNXIA",CNSHG,YMLU,YML,51625,DRY,1,10/27/2025,12/31/2025,11/5/2025 9:38,2657.5,2657.5,224.8,224.8,2882.3,2882.3,1
2417,USORF,USORF,CNXMG,"Norfolk, VA, USORF","Norfolk, VA, USORF","Xiamen Pt, 35, CNXMG",CNXMG,OOLU,OOCL,MT256104,DRY,2,10/20/2025,12/31/2025,11/5/2025 9:38,267,267,159.19,159.19,426.19,426.19,1
2418,USORF,USORF,CNXMG,"Norfolk, VA, USORF","Norfolk, VA, USORF","Xiamen Pt, 35, CNXMG",CNXMG,MAEU,Maersk,300094432,DRY,0,10/16/2025,3/31/2026,11/5/2025 9:38,301.05,301.05,0,0,301.05,301.05,1
2419,USORF,USORF,CNXMG,"Norfolk, VA, USORF","Norfolk, VA, USORF","Xiamen Pt, 35, CNXMG",CNXMG,ONEY,ONE,CHIM354B25,DRY,1,10/1/2025,12/31/2025,11/5/2025 9:38,614,614,114.37,114.37,728.37,728.37,1
2420,USORF,USORF,CNXMG,"Norfolk, VA, USORF","Norfolk, VA, USORF","Xiamen Pt, 35, CNXMG","XIAMEN, CHINA",EGLV,EMC,SC103574,DRY,,10/1/2025,12/31/2025,11/5/2025 9:38,650,650,0,0,650,650,1
2421,USORF,USORF,CNYBN,"Norfolk, VA, USORF","Norfolk, VA, USORF","Yibin, 51, CNYBN",CNSHG,YMLU,YML,51625,DRY,1,10/27/2025,12/31/2025,11/5/2025 9:38,1382.5,1382.5,224.8,224.8,1607.3,1607.3,1
2422,USORF,USORF,CNYIC,"Norfolk, VA, USORF","Norfolk, VA, USORF","Yichang, 42, CNYIC",CNSHG,YMLU,YML,51625,DRY,1,10/27/2025,12/31/2025,11/5/2025 9:38,962.5,962.5,224.8,224.8,1187.3,1187.3,1
2423,USORF,USORF,CNYNT,"Norfolk, VA, USORF","Norfolk, VA, USORF","Yantai Laishan, 37, CNYNT",CNYNT,ONEY,ONE,CHIM354B25,DRY,1,10/1/2025,12/31/2025,11/5/2025 9:38,814,814,117.04,117.04,931.04,931.04,1
2424,USORF,USORF,CNYTN,"Norfolk, VA, USORF","Norfolk, VA, USORF","Yantian Pt, 44, CNYTN",CNYTN,YMLU,YML,51625,DRY,1,10/27/2025,12/31/2025,11/5/2025 9:38,157.5,157.5,224.8,224.8,382.3,382.3,1
2425,USORF,USORF,CNYTN,"Norfolk, VA, USORF","Norfolk, VA, USORF","Yantian Pt, 44, CNYTN",CNYTN,MAEU,Maersk,300094432,DRY,0,10/16/2025,3/31/2026,11/5/2025 9:38,259.05,259.05,0,0,259.05,259.05,1
2426,USORF,USORF,CNYTN,"Norfolk, VA, USORF","Norfolk, VA, USORF","Yantian Pt, 44, CNYTN",CNYTN,OOLU,OOCL,MT256104,DRY,2,10/20/2025,12/31/2025,11/5/2025 9:38,267,267,159.19,159.19,426.19,426.19,1
2427,USORF,USORF,CNYTN,"Norfolk, VA, USORF","Norfolk, VA, USORF","Yantian Pt, 44, CNYTN",CNYTN,YMLU,YML,51625,DRY,1,10/27/2025,12/31/2025,11/5/2025 9:38,382.5,382.5,224.8,224.8,607.3,607.3,1
2428,USORF,USORF,CNYTN,"Norfolk, VA, USORF","Norfolk, VA, USORF","Yantian Pt, 44, CNYTN",CNYTN,ONEY,ONE,CHIM354B25,DRY,1,10/1/2025,12/31/2025,11/5/2025 9:38,614,614,170.85,170.85,784.85,784.85,1
2429,USORF,USORF,CNYTN,"Norfolk, VA, USORF","Norfolk, VA, USORF","Yantian Pt, 44, CNYTN","YANTIAN, CHINA",EGLV,EMC,SC103574,DRY,,10/1/2025,12/31/2025,11/5/2025 9:38,700,700,0,0,700,700,1
2430,USORF,USORF,CNYYA,"Norfolk, VA, USORF","Norfolk, VA, USORF","Yueyang, 50, CNYYA",CNYYA,MAEU,Maersk,300094432,DRY,0,10/16/2025,3/31/2026,11/5/2025 9:38,362.73,362.73,0,0,362.73,362.73,1
2431,USORF,USORF,CNYYA,"Norfolk, VA, USORF","Norfolk, VA, USORF","Yueyang, 50, CNYYA",CNYYA,ONEY,ONE,CHIM354B25,DRY,1,10/1/2025,12/31/2025,11/5/2025 9:38,824,824,120.97,120.97,944.97,944.97,1
2432,USORF,USORF,CNYYA,"Norfolk, VA, USORF","Norfolk, VA, USORF","Yueyang, 50, CNYYA",CNSHG,YMLU,YML,51625,DRY,1,10/27/2025,12/31/2025,11/5/2025 9:38,962.5,962.5,224.8,224.8,1187.3,1187.3,1
2433,USORF,USORF,CNYZH,"Norfolk, VA, USORF","Norfolk, VA, USORF","Yangzhou Pt, 32, CNYZH",CNSHG,YMLU,YML,51625,DRY,1,10/27/2025,12/31/2025,11/5/2025 9:38,712.5,712.5,224.8,224.8,937.3,937.3,1
2434,USORF,USORF,CNZAP,"Norfolk, VA, USORF","Norfolk, VA, USORF","Zhapu, 33, CNZAP",CNNBG,YMLU,YML,51625,DRY,1,10/27/2025,12/31/2025,11/5/2025 9:38,662.5,662.5,224.8,224.8,887.3,887.3,1
2435,USORF,USORF,CNZHE,"Norfolk, VA, USORF","Norfolk, VA, USORF","Zhenjiang Pt, 32, CNZHE",CNSHG,YMLU,YML,51625,DRY,1,10/27/2025,12/31/2025,11/5/2025 9:38,682.5,682.5,224.8,224.8,907.3,907.3,1
2436,USORF,USORF,CNZHU,"Norfolk, VA, USORF","Norfolk, VA, USORF","Zhuao, 41, CNZHU",CNZHU,MAEU,Maersk,300094432,DRY,0,10/16/2025,3/31/2026,11/5/2025 9:38,819.05,819.05,0,0,819.05,819.05,1
2437,USORF,USORF,CNZJG,"Norfolk, VA, USORF","Norfolk, VA, USORF","Zhangjiagang, 32, CNZJG",CNZJG,ONEY,ONE,CHIM354B25,DRY,1,10/1/2025,12/31/2025,11/5/2025 9:38,674,674,116.33,116.33,790.33,790.33,1
2438,USORF,USORF,CNZJG,"Norfolk, VA, USORF","Norfolk, VA, USORF","Zhangjiagang, 32, CNZJG",CNSHG,YMLU,YML,51625,DRY,1,10/27/2025,12/31/2025,11/5/2025 9:38,712.5,712.5,224.8,224.8,937.3,937.3,1
2439,USORF,USORF,CNZJG,"Norfolk, VA, USORF","Norfolk, VA, USORF","Zhangjiagang, 32, CNZJG",CNZJG,MAEU,Maersk,300094432,DRY,0,10/16/2025,3/31/2026,11/5/2025 9:38,750.73,750.73,0,0,750.73,750.73,1
2440,USORF,USORF,CNZNG,"Norfolk, VA, USORF","Norfolk, VA, USORF","Zhanjiang Pt, 44, CNZNG",CNZNG,MAEU,Maersk,300094432,DRY,0,10/16/2025,3/31/2026,11/5/2025 9:38,959.05,959.05,0,0,959.05,959.05,1
2441,USORF,USORF,CNZSN,"Norfolk, VA, USORF","Norfolk, VA, USORF","Zhongshan Pt, 44, CNZSN",CNZSN,ONEY,ONE,CHIM354B25,DRY,1,10/1/2025,12/31/2025,11/5/2025 9:38,839,839,170.85,170.85,1009.85,1009.85,1
2442,USORF,USORF,CNZUH,"Norfolk, VA, USORF","Norfolk, VA, USORF","Zhuhai Pt, 44, CNZUH",CNZUH,ONEY,ONE,CHIM354B25,DRY,1,10/1/2025,12/31/2025,11/5/2025 9:38,789,789,170.85,170.85,959.85,959.85,1
2443,USORF,USORF,COBUN,"Norfolk, VA, USORF","Norfolk, VA, USORF","Buenaventura, , COBUN",COBUN,ONEY,ONE,CHIM354B25,DRY,1,10/1/2025,12/31/2025,11/5/2025 9:38,1968,1968,141,141,2109,2109,1
2444,USORF,USORF,DZALG,"Norfolk, VA, USORF","Norfolk, VA, USORF","Alger (Algiers), 16, DZALG",DZALG,MAEU,Maersk,300094432,DRY,0,10/16/2025,3/31/2026,11/5/2025 9:38,2442,2442,0,0,2442,2442,1
2445,USORF,USORF,ECGYE,"Norfolk, VA, USORF","Norfolk, VA, USORF","Guayaquil, G, ECGYE",ECGYE,ONEY,ONE,CHIM354B25,DRY,1,10/1/2025,12/31/2025,11/5/2025 9:38,1658,1658,410,310,2068,1968,1
2446,USORF,USORF,EGALY,"Norfolk, VA, USORF","Norfolk, VA, USORF","Alexandria, , EGALY",EGALY,ONEY,ONE,CHIM354B25,DRY,1,10/1/2025,12/31/2025,11/5/2025 9:38,1451,1451,0,0,1451,1451,1
2447,USORF,USORF,EGALY,"Norfolk, VA, USORF","Norfolk, VA, USORF","Alexandria, , EGALY",EGALY,MAEU,Maersk,300094432,DRY,0,10/16/2025,3/31/2026,11/5/2025 9:38,1578,1578,0,0,1578,1578,1
2448,USORF,USORF,EGDAM,"Norfolk, VA, USORF","Norfolk, VA, USORF","Damietta, , EGDAM",EGDAM,ONEY,ONE,CHIM354B25,DRY,1,10/1/2025,12/31/2025,11/5/2025 9:38,1556,1556,0,0,1556,1556,1
2449,USORF,USORF,EGDAM,"Norfolk, VA, USORF","Norfolk, VA, USORF","Damietta, , EGDAM",EGDAM,MAEU,Maersk,300094432,DRY,0,10/16/2025,3/31/2026,11/5/2025 9:38,1578,1578,0,0,1578,1578,1
2450,USORF,USORF,ESALG,"Norfolk, VA, USORF","Norfolk, VA, USORF","Algeciras, , ESALG",ESALG,ONEY,ONE,CHIM354B25,DRY,1,10/1/2025,12/31/2025,11/5/2025 9:38,639,639,386.41,386.41,1025.41,1025.41,1
2451,USORF,USORF,ESVLC,"Norfolk, VA, USORF","Norfolk, VA, USORF","Valencia, , ESVLC",ESVLC,ONEY,ONE,CHIM354B25,DRY,1,10/1/2025,12/31/2025,11/5/2025 9:38,729,729,420.75,420.75,1149.75,1149.75,1
2452,USORF,USORF,IDBLW,"Norfolk, VA, USORF","Norfolk, VA, USORF","Belawan, , IDBLW",IDBLW,OOLU,OOCL,MT256104,DRY,2,10/20/2025,12/31/2025,11/5/2025 9:38,667,667,145,145,812,812,1
2453,USORF,USORF,IDBLW,"Norfolk, VA, USORF","Norfolk, VA, USORF","Belawan, , IDBLW",BELAWAN,EGLV,EMC,SC103574,DRY,,10/1/2025,12/31/2025,11/5/2025 9:38,850,850,145,145,995,995,1
2454,USORF,USORF,IDBLW,"Norfolk, VA, USORF","Norfolk, VA, USORF","Belawan, , IDBLW",IDBLW,ONEY,ONE,CHIM354B25,DRY,1,10/1/2025,12/31/2025,11/5/2025 9:38,1264,1264,505.63,505.63,1769.63,1769.63,1
2455,USORF,USORF,IDBLW,"Norfolk, VA, USORF","Norfolk, VA, USORF","Belawan, , IDBLW",SGSIN,YMLU,YML,51625,DRY,1,10/27/2025,12/31/2025,11/5/2025 9:38,1287.5,1287.5,268.95,268.95,1556.45,1556.45,1
2456,USORF,USORF,IDBLW,"Norfolk, VA, USORF","Norfolk, VA, USORF","Belawan, , IDBLW",CNSHG,YMLU,YML,51625,DRY,1,10/27/2025,12/31/2025,11/5/2025 9:38,1287.5,1287.5,224.8,224.8,1512.3,1512.3,1
2457,USORF,USORF,IDBLW,"Norfolk, VA, USORF","Norfolk, VA, USORF","Belawan, , IDBLW",IDBLW,YMLU,YML,51625,DRY,1,10/27/2025,12/31/2025,11/5/2025 9:38,1482.5,1482.5,0,0,1482.5,1482.5,1
2458,USORF,USORF,IDCKR,"Norfolk, VA, USORF","Norfolk, VA, USORF","Cikarang, JB, IDCKR",IDCKR,ONEY,ONE,CHIM354B25,DRY,1,10/1/2025,12/31/2025,11/5/2025 9:38,1724,1724,505.63,505.63,2229.63,2229.63,1
2459,USORF,USORF,IDJKT,"Norfolk, VA, USORF","Norfolk, VA, USORF","Jakarta, JK, IDJKT",IDJKT,OOLU,OOCL,MT256104,DRY,2,10/20/2025,12/31/2025,11/5/2025 9:38,667,667,145,145,812,812,1
2460,USORF,USORF,IDJKT,"Norfolk, VA, USORF","Norfolk, VA, USORF","Jakarta, JK, IDJKT",IDJKT,YMLU,YML,51625,DRY,1,10/27/2025,12/31/2025,11/5/2025 9:38,772.5,772.5,0,0,772.5,772.5,1
2461,USORF,USORF,IDJKT,"Norfolk, VA, USORF","Norfolk, VA, USORF","Jakarta, JK, IDJKT",IDJKT,YMLU,YML,51625,DRY,1,10/27/2025,12/31/2025,11/5/2025 9:38,772.5,772.5,145,145,917.5,917.5,1
2462,USORF,USORF,IDJKT,"Norfolk, VA, USORF","Norfolk, VA, USORF","Jakarta, JK, IDJKT",IDJKT,MAEU,Maersk,300094432,DRY,0,10/16/2025,3/31/2026,11/5/2025 9:38,775,775,0,0,775,775,1
2463,USORF,USORF,IDJKT,"Norfolk, VA, USORF","Norfolk, VA, USORF","Jakarta, JK, IDJKT",IDJKT,ONEY,ONE,CHIM354B25,DRY,1,10/1/2025,12/31/2025,11/5/2025 9:38,814,814,505.63,505.63,1319.63,1319.63,1
2464,USORF,USORF,IDJKT,"Norfolk, VA, USORF","Norfolk, VA, USORF","Jakarta, JK, IDJKT",JAKARTA,EGLV,EMC,SC103574,DRY,,10/1/2025,12/31/2025,11/5/2025 9:38,850,850,145,145,995,995,1
2465,USORF,USORF,IDJKT,"Norfolk, VA, USORF","Norfolk, VA, USORF","Jakarta, JK, IDJKT",CNSHG,YMLU,YML,51625,DRY,1,10/27/2025,12/31/2025,11/5/2025 9:38,982.5,982.5,224.8,224.8,1207.3,1207.3,1
2466,USORF,USORF,IDJKT,"Norfolk, VA, USORF","Norfolk, VA, USORF","Jakarta, JK, IDJKT",SGSIN,YMLU,YML,51625,DRY,1,10/27/2025,12/31/2025,11/5/2025 9:38,982.5,982.5,268.95,268.95,1251.45,1251.45,1
2467,USORF,USORF,IDPLM,"Norfolk, VA, USORF","Norfolk, VA, USORF","Palembang, Sumatra, , IDPLM",SGSIN,YMLU,YML,51625,DRY,1,10/27/2025,12/31/2025,11/5/2025 9:38,1432.5,1432.5,268.95,268.95,1701.45,1701.45,1
2468,USORF,USORF,IDSRG,"Norfolk, VA, USORF","Norfolk, VA, USORF","Semarang, JT, IDSRG",IDSRG,OOLU,OOCL,MT256104,DRY,2,10/20/2025,12/31/2025,11/5/2025 9:38,667,667,145,145,812,812,1
2469,USORF,USORF,IDSRG,"Norfolk, VA, USORF","Norfolk, VA, USORF","Semarang, JT, IDSRG",IDSRG,MAEU,Maersk,300094432,DRY,0,10/16/2025,3/31/2026,11/5/2025 9:38,775,775,0,0,775,775,1
2470,USORF,USORF,IDSRG,"Norfolk, VA, USORF","Norfolk, VA, USORF","Semarang, JT, IDSRG",SEMARANG,EGLV,EMC,SC103574,DRY,,10/1/2025,12/31/2025,11/5/2025 9:38,850,850,145,145,995,995,1
2471,USORF,USORF,IDSRG,"Norfolk, VA, USORF","Norfolk, VA, USORF","Semarang, JT, IDSRG",IDSRG,YMLU,YML,51625,DRY,1,10/27/2025,12/31/2025,11/5/2025 9:38,957.5,957.5,0,0,957.5,957.5,1
2472,USORF,USORF,IDSRG,"Norfolk, VA, USORF","Norfolk, VA, USORF","Semarang, JT, IDSRG",SGSIN,YMLU,YML,51625,DRY,1,10/27/2025,12/31/2025,11/5/2025 9:38,1032.5,1032.5,268.95,268.95,1301.45,1301.45,1
2473,USORF,USORF,IDSRG,"Norfolk, VA, USORF","Norfolk, VA, USORF","Semarang, JT, IDSRG",IDSRG,ONEY,ONE,CHIM354B25,DRY,1,10/1/2025,12/31/2025,11/5/2025 9:38,1119,1119,505.63,505.63,1624.63,1624.63,1
2474,USORF,USORF,IDSUB,"Norfolk, VA, USORF","Norfolk, VA, USORF","Surabaya, JI, IDSUB",IDSUB,YMLU,YML,51625,DRY,1,10/27/2025,12/31/2025,11/5/2025 9:38,657.5,657.5,145,145,802.5,802.5,1
2475,USORF,USORF,IDSUB,"Norfolk, VA, USORF","Norfolk, VA, USORF","Surabaya, JI, IDSUB",IDSUB,OOLU,OOCL,MT256104,DRY,2,10/20/2025,12/31/2025,11/5/2025 9:38,667,667,145,145,812,812,1
2476,USORF,USORF,IDSUB,"Norfolk, VA, USORF","Norfolk, VA, USORF","Surabaya, JI, IDSUB",IDSUB,YMLU,YML,51625,DRY,1,10/27/2025,12/31/2025,11/5/2025 9:38,757.5,757.5,0,0,757.5,757.5,1
2477,USORF,USORF,IDSUB,"Norfolk, VA, USORF","Norfolk, VA, USORF","Surabaya, JI, IDSUB",IDSUB,MAEU,Maersk,300094432,DRY,0,10/16/2025,3/31/2026,11/5/2025 9:38,775,775,0,0,775,775,1
2478,USORF,USORF,IDSUB,"Norfolk, VA, USORF","Norfolk, VA, USORF","Surabaya, JI, IDSUB",SURABAYA,EGLV,EMC,SC103574,DRY,,10/1/2025,12/31/2025,11/5/2025 9:38,850,850,145,145,995,995,1
2479,USORF,USORF,IDSUB,"Norfolk, VA, USORF","Norfolk, VA, USORF","Surabaya, JI, IDSUB",SGSIN,YMLU,YML,51625,DRY,1,10/27/2025,12/31/2025,11/5/2025 9:38,982.5,982.5,268.95,268.95,1251.45,1251.45,1
2480,USORF,USORF,IDSUB,"Norfolk, VA, USORF","Norfolk, VA, USORF","Surabaya, JI, IDSUB",CNSHG,YMLU,YML,51625,DRY,1,10/27/2025,12/31/2025,11/5/2025 9:38,982.5,982.5,224.8,224.8,1207.3,1207.3,1
2481,USORF,USORF,IDSUB,"Norfolk, VA, USORF","Norfolk, VA, USORF","Surabaya, JI, IDSUB",IDSUB,ONEY,ONE,CHIM354B25,DRY,1,10/1/2025,12/31/2025,11/5/2025 9:38,1024,1024,505.63,505.63,1529.63,1529.63,1
2482,USORF,USORF,INCCU,"Norfolk, VA, USORF","Norfolk, VA, USORF","Kolkata (ex Calcutta), WB, INCCU",INCCU,ONEY,ONE,CHIM354B25,DRY,1,10/1/2025,12/31/2025,11/5/2025 9:38,1964,1964,280.64,280.64,2244.64,2244.64,1
2483,USORF,USORF,INCCU,"Norfolk, VA, USORF","Norfolk, VA, USORF","Kolkata (ex Calcutta), WB, INCCU",SGSIN,YMLU,YML,51625,DRY,1,10/27/2025,12/31/2025,11/5/2025 9:38,2032.5,2032.5,268.95,268.95,2301.45,2301.45,1
2484,USORF,USORF,INCCU,"Norfolk, VA, USORF","Norfolk, VA, USORF","Kolkata (ex Calcutta), WB, INCCU",CNSHG,YMLU,YML,51625,DRY,1,10/27/2025,12/31/2025,11/5/2025 9:38,2032.5,2032.5,224.8,224.8,2257.3,2257.3,1
2485,USORF,USORF,INCCU,"Norfolk, VA, USORF","Norfolk, VA, USORF","Kolkata (ex Calcutta), WB, INCCU",CNNBG,YMLU,YML,51625,DRY,1,10/27/2025,12/31/2025,11/5/2025 9:38,2032.5,2032.5,224.8,224.8,2257.3,2257.3,1
2486,USORF,USORF,INCOK,"Norfolk, VA, USORF","Norfolk, VA, USORF","Cochin, KL, INCOK",INCOK,MAEU,Maersk,300094432,DRY,0,10/16/2025,3/31/2026,11/5/2025 9:38,1764,1764,0,0,1764,1764,1
2487,USORF,USORF,INCOK,"Norfolk, VA, USORF","Norfolk, VA, USORF","Cochin, KL, INCOK",INCOK,ONEY,ONE,CHIM354B25,DRY,1,10/1/2025,12/31/2025,11/5/2025 9:38,1964,1964,249.51,249.51,2213.51,2213.51,1
2488,USORF,USORF,INHAL,"Norfolk, VA, USORF","Norfolk, VA, USORF","Haldia, WB, INHAL",INHAL,OOLU,OOCL,MT256104,DRY,2,10/20/2025,12/31/2025,11/5/2025 9:38,2957,2957,0,0,2957,2957,1
2489,USORF,USORF,INHZA,"Norfolk, VA, USORF","Norfolk, VA, USORF","Hazira Port/Surat, GJ, INHZA",INHZA,ONEY,ONE,CHIM354B25,DRY,1,10/1/2025,12/31/2025,11/5/2025 9:38,1064,1064,262.63,262.63,1326.63,1326.63,1
2490,USORF,USORF,INKOC,"Norfolk, VA, USORF","Norfolk, VA, USORF","Kochi, , INKOC",INKOC,OOLU,OOCL,MT256104,DRY,2,10/20/2025,12/31/2025,11/5/2025 9:38,3187,3187,270.35,270.35,3457.35,3457.35,1
2491,USORF,USORF,INKTP,"Norfolk, VA, USORF","Norfolk, VA, USORF","Kattupalli Port, TN, INKTP",INKTP,OOLU,OOCL,MT256104,DRY,2,10/20/2025,12/31/2025,11/5/2025 9:38,1337,1337,0,0,1337,1337,1
2492,USORF,USORF,INMAA,"Norfolk, VA, USORF","Norfolk, VA, USORF","Chennai (ex Madras), TN, INMAA",INMAA,MAEU,Maersk,300094432,DRY,0,10/16/2025,3/31/2026,11/5/2025 9:38,1764,1764,0,0,1764,1764,1
2493,USORF,USORF,INMAA,"Norfolk, VA, USORF","Norfolk, VA, USORF","Chennai (ex Madras), TN, INMAA",SGSIN,YMLU,YML,51625,DRY,1,10/27/2025,12/31/2025,11/5/2025 9:38,1782.5,1782.5,268.95,268.95,2051.45,2051.45,1
2494,USORF,USORF,INMAA,"Norfolk, VA, USORF","Norfolk, VA, USORF","Chennai (ex Madras), TN, INMAA",CNSHG,YMLU,YML,51625,DRY,1,10/27/2025,12/31/2025,11/5/2025 9:38,1782.5,1782.5,224.8,224.8,2007.3,2007.3,1
2495,USORF,USORF,INMAA,"Norfolk, VA, USORF","Norfolk, VA, USORF","Chennai (ex Madras), TN, INMAA",CNNBG,YMLU,YML,51625,DRY,1,10/27/2025,12/31/2025,11/5/2025 9:38,1782.5,1782.5,224.8,224.8,2007.3,2007.3,1
2496,USORF,USORF,INMAA,"Norfolk, VA, USORF","Norfolk, VA, USORF","Chennai (ex Madras), TN, INMAA",INMAA,ONEY,ONE,CHIM354B25,DRY,1,10/1/2025,12/31/2025,11/5/2025 9:38,1964,1964,227.54,227.54,2191.54,2191.54,1
2497,USORF,USORF,INMUN,"Norfolk, VA, USORF","Norfolk, VA, USORF","Mundra, GJ, INMUN",INMUN,OOLU,OOCL,MT256104,DRY,2,10/20/2025,12/31/2025,11/5/2025 9:38,747,747,180.23,180.23,927.23,927.23,1
2498,USORF,USORF,INMUN,"Norfolk, VA, USORF","Norfolk, VA, USORF","Mundra, GJ, INMUN",INMUN,ONEY,ONE,CHIM354B25,DRY,1,10/1/2025,12/31/2025,11/5/2025 9:38,1114,1114,324.41,324.41,1438.41,1438.41,1
2499,USORF,USORF,INMUN,"Norfolk, VA, USORF","Norfolk, VA, USORF","Mundra, GJ, INMUN",INMUN,MAEU,Maersk,300094432,DRY,0,10/16/2025,3/31/2026,11/5/2025 9:38,1420,1420,0,0,1420,1420,1
2500,USORF,USORF,INNSA,"Norfolk, VA, USORF","Norfolk, VA, USORF","Nhava Sheva, MH, INNSA",INNSA,OOLU,OOCL,MT256104,DRY,2,10/20/2025,12/31/2025,11/5/2025 9:38,747,747,157.7,157.7,904.7,904.7,1
2501,USORF,USORF,INNSA,"Norfolk, VA, USORF","Norfolk, VA, USORF","Nhava Sheva, MH, INNSA",INNSA,ONEY,ONE,CHIM354B25,DRY,1,10/1/2025,12/31/2025,11/5/2025 9:38,1114,1114,290.62,290.62,1404.62,1404.62,1
2502,USORF,USORF,INNSA,"Norfolk, VA, USORF","Norfolk, VA, USORF","Nhava Sheva, MH, INNSA",NHAVA SHEVA,EGLV,EMC,SC103574,DRY,,10/1/2025,12/31/2025,11/5/2025 9:38,1300,1300,199.65,199.65,1499.65,1499.65,1
2503,USORF,USORF,INNSA,"Norfolk, VA, USORF","Norfolk, VA, USORF","Nhava Sheva, MH, INNSA",INNSA,MAEU,Maersk,300094432,DRY,0,10/16/2025,3/31/2026,11/5/2025 9:38,1420,1420,0,0,1420,1420,1
2504,USORF,USORF,INPAV,"Norfolk, VA, USORF","Norfolk, VA, USORF","Pipavav (Victor) Port, GJ, INPAV",INPAV,ONEY,ONE,CHIM354B25,DRY,1,10/1/2025,12/31/2025,11/5/2025 9:38,2164,2164,279.98,279.98,2443.98,2443.98,1
2505,USORF,USORF,INTUT,"Norfolk, VA, USORF","Norfolk, VA, USORF","Tuticorin, TN, INTUT",INTUT,MAEU,Maersk,300094432,DRY,0,10/16/2025,3/31/2026,11/5/2025 9:38,1420,1420,0,0,1420,1420,1
2506,USORF,USORF,INTUT,"Norfolk, VA, USORF","Norfolk, VA, USORF","Tuticorin, TN, INTUT",INTUT,ONEY,ONE,CHIM354B25,DRY,1,10/1/2025,12/31/2025,11/5/2025 9:38,1964,1964,211.77,211.77,2175.77,2175.77,1
2507,USORF,USORF,INTUT,"Norfolk, VA, USORF","Norfolk, VA, USORF","Tuticorin, TN, INTUT",INTUT,OOLU,OOCL,MT256104,DRY,2,10/20/2025,12/31/2025,11/5/2025 9:38,2117,2117,78.85,78.85,2195.85,2195.85,1
2508,USORF,USORF,ITSPE,"Norfolk, VA, USORF","Norfolk, VA, USORF","La Spezia, , ITSPE",ITSPE,ONEY,ONE,CHIM354B25,DRY,1,10/1/2025,12/31/2025,11/5/2025 9:38,754,754,380.47,380.47,1134.47,1134.47,1
2509,USORF,USORF,JPHIJ,"Norfolk, VA, USORF","Norfolk, VA, USORF","Hiroshima, 34, JPHIJ",JPHIJ,ONEY,ONE,CHIM354B25,DRY,1,10/1/2025,12/31/2025,11/5/2025 9:38,1404,1404,324.73,324.73,1728.73,1728.73,1
2510,USORF,USORF,JPHTD,"Norfolk, VA, USORF","Norfolk, VA, USORF","Hakata, 38, JPHTD",HAKATA,EGLV,EMC,SC103574,DRY,,10/1/2025,12/31/2025,11/5/2025 9:38,950,950,311.74,311.74,1261.74,1261.74,1
2511,USORF,USORF,JPHTD,"Norfolk, VA, USORF","Norfolk, VA, USORF","Hakata, 38, JPHTD",JPHTD,OOLU,OOCL,MT256104,DRY,2,10/20/2025,12/31/2025,11/5/2025 9:38,982,982,318.23,318.23,1300.23,1300.23,1
2512,USORF,USORF,JPIMI,"Norfolk, VA, USORF","Norfolk, VA, USORF","Imari, 41, JPIMI",CNSHG,YMLU,YML,51625,DRY,1,10/27/2025,12/31/2025,11/5/2025 9:38,1352.5,1352.5,224.8,224.8,1577.3,1577.3,1
2513,USORF,USORF,JPIYM,"Norfolk, VA, USORF","Norfolk, VA, USORF","Iyomishima, 38, JPIYM",CNSHG,YMLU,YML,51625,DRY,1,10/27/2025,12/31/2025,11/5/2025 9:38,1182.5,1182.5,224.8,224.8,1407.3,1407.3,1
2514,USORF,USORF,JPIYM,"Norfolk, VA, USORF","Norfolk, VA, USORF","Iyomishima, 38, JPIYM",JPIYM,ONEY,ONE,CHIM354B25,DRY,1,10/1/2025,12/31/2025,11/5/2025 9:38,1564,1564,342.26,342.26,1906.26,1906.26,1
2515,USORF,USORF,JPKCZ,"Norfolk, VA, USORF","Norfolk, VA, USORF","Kochi, 39, JPKCZ",JPKCZ,ONEY,ONE,CHIM354B25,DRY,1,10/1/2025,12/31/2025,11/5/2025 9:38,1704,1704,342.26,342.26,2046.26,2046.26,1
2516,USORF,USORF,JPKIJ,"Norfolk, VA, USORF","Norfolk, VA, USORF","Niigata, 15, JPKIJ",JPKIJ,ONEY,ONE,CHIM354B25,DRY,1,10/1/2025,12/31/2025,11/5/2025 9:38,1464,1464,342.26,342.26,1806.26,1806.26,1
2517,USORF,USORF,JPKWS,"Norfolk, VA, USORF","Norfolk, VA, USORF","Kawasaki, 14, JPKWS",JPKWS,ONEY,ONE,CHIM354B25,DRY,1,10/1/2025,12/31/2025,11/5/2025 9:38,674,674,17.54,17.54,691.54,691.54,1
2518,USORF,USORF,JPMIZ,"Norfolk, VA, USORF","Norfolk, VA, USORF","Mizushima, 33, JPMIZ",CNNBG,YMLU,YML,51625,DRY,1,10/27/2025,12/31/2025,11/5/2025 9:38,1052.5,1052.5,224.8,224.8,1277.3,1277.3,1
2519,USORF,USORF,JPMOJ,"Norfolk, VA, USORF","Norfolk, VA, USORF","Moji/Kitakyushu, 40, JPMOJ",JPMOJ,ONEY,ONE,CHIM354B25,DRY,1,10/1/2025,12/31/2025,11/5/2025 9:38,1164,1164,342.26,342.26,1506.26,1506.26,1
2520,USORF,USORF,JPNAH,"Norfolk, VA, USORF","Norfolk, VA, USORF","Naha, Okinawa, 47, JPNAH",TWKHH,YMLU,YML,51625,DRY,1,10/27/2025,12/31/2025,11/5/2025 9:38,1212.5,1212.5,227.3,227.3,1439.8,1439.8,1
2521,USORF,USORF,JPNAO,"Norfolk, VA, USORF","Norfolk, VA, USORF","Naoetsu, 15, JPNAO",JPNAO,ONEY,ONE,CHIM354B25,DRY,1,10/1/2025,12/31/2025,11/5/2025 9:38,1774,1774,342.26,342.26,2116.26,2116.26,1
2522,USORF,USORF,JPNGO,"Norfolk, VA, USORF","Norfolk, VA, USORF","Nagoya, Aichi, 23, JPNGO",JPNGO,MAEU,Maersk,300094432,DRY,0,10/16/2025,3/31/2026,10/22/2025 19:06,380,380,0,0,380,380,1
2523,USORF,USORF,JPNGO,"Norfolk, VA, USORF","Norfolk, VA, USORF","Nagoya, Aichi, 23, JPNGO",SGSIN,YMLU,YML,51625,DRY,1,10/27/2025,12/31/2025,11/5/2025 9:38,482.5,482.5,321.48,321.48,803.98,803.98,1
2524,USORF,USORF,JPNGO,"Norfolk, VA, USORF","Norfolk, VA, USORF","Nagoya, Aichi, 23, JPNGO",SGSIN,YMLU,YML,51625,DRY,1,10/27/2025,12/31/2025,11/5/2025 9:38,557.5,557.5,268.95,268.95,826.45,826.45,1
2525,USORF,USORF,JPNGO,"Norfolk, VA, USORF","Norfolk, VA, USORF","Nagoya, Aichi, 23, JPNGO",JPNGO,ONEY,ONE,CHIM354B25,DRY,1,10/1/2025,12/31/2025,11/5/2025 9:38,674,674,342.26,342.26,1016.26,1016.26,1
2526,USORF,USORF,JPNGO,"Norfolk, VA, USORF","Norfolk, VA, USORF","Nagoya, Aichi, 23, JPNGO",NAGOYA,EGLV,EMC,SC103574,DRY,,10/1/2025,12/31/2025,11/5/2025 9:38,950,950,311.74,311.74,1261.74,1261.74,1
2527,USORF,USORF,JPNGO,"Norfolk, VA, USORF","Norfolk, VA, USORF","Nagoya, Aichi, 23, JPNGO",JPNGO,OOLU,OOCL,MT256104,DRY,2,10/20/2025,12/31/2025,11/5/2025 9:38,982,982,318.23,318.23,1300.23,1300.23,1
2528,USORF,USORF,JPOSA,"Norfolk, VA, USORF","Norfolk, VA, USORF","Osaka, 27, JPOSA","Kobe, JP",MAEU,Maersk,300094432,DRY,0,10/16/2025,3/31/2026,10/22/2025 19:06,430,430,0,0,430,430,1
2529,USORF,USORF,JPOSA,"Norfolk, VA, USORF","Norfolk, VA, USORF","Osaka, 27, JPOSA",JPOSA,YMLU,YML,51625,DRY,1,10/27/2025,12/31/2025,11/5/2025 9:38,607.5,607.5,321.48,321.48,928.98,928.98,1
2530,USORF,USORF,JPOSA,"Norfolk, VA, USORF","Norfolk, VA, USORF","Osaka, 27, JPOSA",JPOSA,ONEY,ONE,CHIM354B25,DRY,1,10/1/2025,12/31/2025,11/5/2025 9:38,789,789,342.26,342.26,1131.26,1131.26,1
2531,USORF,USORF,JPOSA,"Norfolk, VA, USORF","Norfolk, VA, USORF","Osaka, 27, JPOSA",OSAKA,EGLV,EMC,SC103574,DRY,,10/1/2025,12/31/2025,11/5/2025 9:38,950,950,311.74,311.74,1261.74,1261.74,1
2532,USORF,USORF,JPSBS,"Norfolk, VA, USORF","Norfolk, VA, USORF","Shibushi, 46, JPSBS",JPSBS,ONEY,ONE,CHIM354B25,DRY,1,10/1/2025,12/31/2025,11/5/2025 9:38,1374,1374,342.26,342.26,1716.26,1716.26,1
2533,USORF,USORF,JPSDJ,"Norfolk, VA, USORF","Norfolk, VA, USORF","Sendai, Miyagi, 4, JPSDJ",JPSDJ,ONEY,ONE,CHIM354B25,DRY,1,10/1/2025,12/31/2025,11/5/2025 9:38,1494,1494,342.26,342.26,1836.26,1836.26,1
2534,USORF,USORF,JPSMN,"Norfolk, VA, USORF","Norfolk, VA, USORF","Sakaiminato, 31, JPSMN",JPSMN,ONEY,ONE,CHIM354B25,DRY,1,10/1/2025,12/31/2025,11/5/2025 9:38,1804,1804,0,0,1804,1804,1
2535,USORF,USORF,JPSMZ,"Norfolk, VA, USORF","Norfolk, VA, USORF","Shimizu, 22, JPSMZ",JPSMZ,ONEY,ONE,CHIM354B25,DRY,1,10/1/2025,12/31/2025,11/5/2025 9:38,864,864,342.26,342.26,1206.26,1206.26,1
2536,USORF,USORF,JPTKS,"Norfolk, VA, USORF","Norfolk, VA, USORF","Tokushima, 36, JPTKS",JPTKS,ONEY,ONE,CHIM354B25,DRY,1,10/1/2025,12/31/2025,11/5/2025 9:38,2164,2164,342.26,342.26,2506.26,2506.26,1
2537,USORF,USORF,JPTMK,"Norfolk, VA, USORF","Norfolk, VA, USORF","Tomakomai, 1, JPTMK",JPTMK,ONEY,ONE,CHIM354B25,DRY,1,10/1/2025,12/31/2025,11/5/2025 9:38,679,679,342.26,342.26,1021.26,1021.26,1
2538,USORF,USORF,JPTYO,"Norfolk, VA, USORF","Norfolk, VA, USORF","Tokyo, 13, JPTYO",JPTYO,MAEU,Maersk,300094432,DRY,0,10/16/2025,3/31/2026,10/22/2025 19:06,380,380,0,0,380,380,1
2539,USORF,USORF,JPTYO,"Norfolk, VA, USORF","Norfolk, VA, USORF","Tokyo, 13, JPTYO",SGSIN,YMLU,YML,51625,DRY,1,10/27/2025,12/31/2025,11/5/2025 9:38,557.5,557.5,268.95,268.95,826.45,826.45,1
2540,USORF,USORF,JPTYO,"Norfolk, VA, USORF","Norfolk, VA, USORF","Tokyo, 13, JPTYO",JPTYO,ONEY,ONE,CHIM354B25,DRY,1,10/1/2025,12/31/2025,11/5/2025 9:38,674,674,342.26,342.26,1016.26,1016.26,1
2541,USORF,USORF,JPTYO,"Norfolk, VA, USORF","Norfolk, VA, USORF","Tokyo, 13, JPTYO",JPTYO,OOLU,OOCL,MT256104,DRY,2,10/20/2025,12/31/2025,11/5/2025 9:38,1237,1237,318.23,318.23,1555.23,1555.23,1
2542,USORF,USORF,JPUKB,"Norfolk, VA, USORF","Norfolk, VA, USORF","Kobe, 28, JPUKB",SGSIN,YMLU,YML,51625,DRY,1,10/27/2025,12/31/2025,11/5/2025 9:38,482.5,482.5,321.48,321.48,803.98,803.98,1
2543,USORF,USORF,JPUKB,"Norfolk, VA, USORF","Norfolk, VA, USORF","Kobe, 28, JPUKB",JPUKB,MAEU,Maersk,300094432,DRY,0,10/16/2025,3/31/2026,10/22/2025 19:06,517,517,0,0,517,517,1
2544,USORF,USORF,JPUKB,"Norfolk, VA, USORF","Norfolk, VA, USORF","Kobe, 28, JPUKB",SGSIN,YMLU,YML,51625,DRY,1,10/27/2025,12/31/2025,11/5/2025 9:38,557.5,557.5,268.95,268.95,826.45,826.45,1
2545,USORF,USORF,JPUKB,"Norfolk, VA, USORF","Norfolk, VA, USORF","Kobe, 28, JPUKB",JPUKB,ONEY,ONE,CHIM354B25,DRY,1,10/1/2025,12/31/2025,11/5/2025 9:38,674,674,342.26,342.26,1016.26,1016.26,1
2546,USORF,USORF,JPUKB,"Norfolk, VA, USORF","Norfolk, VA, USORF","Kobe, 28, JPUKB",KOBE,EGLV,EMC,SC103574,DRY,,10/1/2025,12/31/2025,11/5/2025 9:38,950,950,311.74,311.74,1261.74,1261.74,1
2547,USORF,USORF,JPUKB,"Norfolk, VA, USORF","Norfolk, VA, USORF","Kobe, 28, JPUKB",JPUKB,OOLU,OOCL,MT256104,DRY,2,10/20/2025,12/31/2025,11/5/2025 9:38,982,982,318.23,318.23,1300.23,1300.23,1
2548,USORF,USORF,JPYKK,"Norfolk, VA, USORF","Norfolk, VA, USORF","Yokkaichi, 24, JPYKK","Nagoya, JP",MAEU,Maersk,300094432,DRY,0,10/16/2025,3/31/2026,10/22/2025 19:06,683.64,683.64,0,0,683.64,683.64,1
2549,USORF,USORF,JPYOK,"Norfolk, VA, USORF","Norfolk, VA, USORF","Yokohama, 14, JPYOK",JPYOK,OOLU,OOCL,MT256104,DRY,2,10/20/2025,12/31/2025,11/5/2025 9:38,467,467,318.23,318.23,785.23,785.23,1
2550,USORF,USORF,JPYOK,"Norfolk, VA, USORF","Norfolk, VA, USORF","Yokohama, 14, JPYOK",JPYOK,ONEY,ONE,CHIM354B25,DRY,1,10/1/2025,12/31/2025,11/5/2025 9:38,664,664,342.26,342.26,1006.26,1006.26,1
2551,USORF,USORF,JPYOK,"Norfolk, VA, USORF","Norfolk, VA, USORF","Yokohama, 14, JPYOK",JPYOK,MAEU,Maersk,300094432,DRY,0,10/16/2025,3/31/2026,10/22/2025 19:06,934,934,0,0,934,934,1
2552,USORF,USORF,KRKAN,"Norfolk, VA, USORF","Norfolk, VA, USORF","Gwangyang, 46, KRKAN",KRKAN,MAEU,Maersk,300094432,DRY,0,10/16/2025,3/31/2026,10/22/2025 19:06,407,407,0,0,407,407,1
2553,USORF,USORF,KRKAN,"Norfolk, VA, USORF","Norfolk, VA, USORF","Gwangyang, 46, KRKAN",KRKAN,ONEY,ONE,CHIM354B25,DRY,1,10/1/2025,12/31/2025,11/5/2025 9:38,664,664,171.43,171.42,835.43,835.42,1
2554,USORF,USORF,KRKWA,"Norfolk, VA, USORF","Norfolk, VA, USORF","Kwangyang, 49, KRKWA",KRPUS,YMLU,YML,51625,DRY,1,10/27/2025,12/31/2025,11/5/2025 9:38,657.5,657.5,125.98,125.98,783.48,783.48,1
2555,USORF,USORF,KRPUS,"Norfolk, VA, USORF","Norfolk, VA, USORF","Busan, 26, KRPUS",KRPUS,YMLU,YML,51625,DRY,1,10/27/2025,12/31/2025,11/5/2025 9:38,107.5,107.5,125.98,125.98,233.48,233.48,1
2556,USORF,USORF,KRPUS,"Norfolk, VA, USORF","Norfolk, VA, USORF","Busan, 26, KRPUS",KRPUS,OOLU,OOCL,MT256104,DRY,2,10/20/2025,12/31/2025,11/5/2025 9:38,317,317,132.98,132.98,449.98,449.98,1
2557,USORF,USORF,KRPUS,"Norfolk, VA, USORF","Norfolk, VA, USORF","Busan, 26, KRPUS",KRPUS,MAEU,Maersk,300094432,DRY,0,10/16/2025,3/31/2026,10/22/2025 19:06,317,317,0,0,317,317,1
2558,USORF,USORF,KRPUS,"Norfolk, VA, USORF","Norfolk, VA, USORF","Busan, 26, KRPUS",KRPUS,ONEY,ONE,CHIM354B25,DRY,1,10/1/2025,12/31/2025,11/5/2025 9:38,514,514,175.71,175.7,689.71,689.7,1
2559,USORF,USORF,KRPUS,"Norfolk, VA, USORF","Norfolk, VA, USORF","Busan, 26, KRPUS",SGSIN,YMLU,YML,51625,DRY,1,10/27/2025,12/31/2025,11/5/2025 9:38,702.5,702.5,268.95,268.95,971.45,971.45,1
2560,USORF,USORF,LKCMB,"Norfolk, VA, USORF","Norfolk, VA, USORF","Colombo, , LKCMB",LKCMB,ONEY,ONE,CHIM354B25,DRY,1,10/1/2025,12/31/2025,11/5/2025 9:38,1364,1364,0,0,1364,1364,1
2561,USORF,USORF,LKCMB,"Norfolk, VA, USORF","Norfolk, VA, USORF","Colombo, , LKCMB",LKCMB,YMLU,YML,51625,DRY,1,10/27/2025,12/31/2025,11/5/2025 9:38,1607.5,1607.5,0,0,1607.5,1607.5,1
2562,USORF,USORF,MYKCH,"Norfolk, VA, USORF","Norfolk, VA, USORF","Kuching, Sarawak, , MYKCH",SGSIN,YMLU,YML,51625,DRY,1,10/27/2025,12/31/2025,11/5/2025 9:38,1347.5,1347.5,268.95,268.95,1616.45,1616.45,1
2563,USORF,USORF,MYPEN,"Norfolk, VA, USORF","Norfolk, VA, USORF","Penang, , MYPEN",MYPEN,YMLU,YML,51625,DRY,1,10/27/2025,12/31/2025,11/5/2025 9:38,557.5,557.5,192.69,192.69,750.19,750.19,1
2564,USORF,USORF,MYPEN,"Norfolk, VA, USORF","Norfolk, VA, USORF","Penang, , MYPEN",MYPEN,ONEY,ONE,CHIM354B25,DRY,1,10/1/2025,12/31/2025,11/5/2025 9:38,574,574,203.44,203.44,777.44,777.44,1
2565,USORF,USORF,MYPEN,"Norfolk, VA, USORF","Norfolk, VA, USORF","Penang, , MYPEN",MYPEN,MAEU,Maersk,300094432,DRY,0,10/16/2025,3/31/2026,10/22/2025 19:06,897,897,0,0,897,897,1
2566,USORF,USORF,MYPEN,"Norfolk, VA, USORF","Norfolk, VA, USORF","Penang, , MYPEN",MYPEN,OOLU,OOCL,MT256104,DRY,2,10/20/2025,12/31/2025,11/5/2025 9:38,962,962,191.02,202.96,1153.02,1164.96,1
2567,USORF,USORF,MYPEN,"Norfolk, VA, USORF","Norfolk, VA, USORF","Penang, , MYPEN",CNSHG,YMLU,YML,51625,DRY,1,10/27/2025,12/31/2025,11/5/2025 9:38,1127.5,1127.5,224.8,224.8,1352.3,1352.3,1
2568,USORF,USORF,MYPEN,"Norfolk, VA, USORF","Norfolk, VA, USORF","Penang, , MYPEN",SGSIN,YMLU,YML,51625,DRY,1,10/27/2025,12/31/2025,11/5/2025 9:38,1127.5,1127.5,268.95,268.95,1396.45,1396.45,1
2569,USORF,USORF,MYPGU,"Norfolk, VA, USORF","Norfolk, VA, USORF","Pasir Gudang, Johor, , MYPGU",MYPGU,YMLU,YML,51625,DRY,1,10/27/2025,12/31/2025,11/5/2025 9:38,607.5,607.5,167.62,167.62,775.12,775.12,1
2570,USORF,USORF,MYPGU,"Norfolk, VA, USORF","Norfolk, VA, USORF","Pasir Gudang, Johor, , MYPGU",MYPGU,ONEY,ONE,CHIM354B25,DRY,1,10/1/2025,12/31/2025,11/5/2025 9:38,724,724,180.75,180.75,904.75,904.75,1
2571,USORF,USORF,MYPGU,"Norfolk, VA, USORF","Norfolk, VA, USORF","Pasir Gudang, Johor, , MYPGU","Tanjung Pelepas, MY",MAEU,Maersk,300094432,DRY,0,10/16/2025,3/31/2026,10/22/2025 19:06,897,897,0,0,897,897,1
2572,USORF,USORF,MYPGU,"Norfolk, VA, USORF","Norfolk, VA, USORF","Pasir Gudang, Johor, , MYPGU",MYPGU,OOLU,OOCL,MT256104,DRY,2,10/20/2025,12/31/2025,11/5/2025 9:38,962,962,162.37,162.37,1124.37,1124.37,1
2573,USORF,USORF,MYPGU,"Norfolk, VA, USORF","Norfolk, VA, USORF","Pasir Gudang, Johor, , MYPGU",SGSIN,YMLU,YML,51625,DRY,1,10/27/2025,12/31/2025,11/5/2025 9:38,982.5,982.5,268.95,268.95,1251.45,1251.45,1
2574,USORF,USORF,MYPGU,"Norfolk, VA, USORF","Norfolk, VA, USORF","Pasir Gudang, Johor, , MYPGU",CNSHG,YMLU,YML,51625,DRY,1,10/27/2025,12/31/2025,11/5/2025 9:38,982.5,982.5,224.8,224.8,1207.3,1207.3,1
2575,USORF,USORF,MYPKG,"Norfolk, VA, USORF","Norfolk, VA, USORF","Port Klang, 10, MYPKG",MYPKG,OOLU,OOCL,MT256104,DRY,2,10/20/2025,12/31/2025,11/5/2025 9:38,367,367,280.08,280.08,647.08,647.08,1
2576,USORF,USORF,MYPKG,"Norfolk, VA, USORF","Norfolk, VA, USORF","Port Klang, 10, MYPKG",MYPKG,YMLU,YML,51625,DRY,1,10/27/2025,12/31/2025,11/5/2025 9:38,632.5,632.5,170.73,170.73,803.23,803.23,1
2577,USORF,USORF,MYPKG,"Norfolk, VA, USORF","Norfolk, VA, USORF","Port Klang, 10, MYPKG",MYPKG,ONEY,ONE,CHIM354B25,DRY,1,10/1/2025,12/31/2025,11/5/2025 9:38,764,764,179.56,179.56,943.56,943.56,1
2578,USORF,USORF,MYPKG,"Norfolk, VA, USORF","Norfolk, VA, USORF","Port Klang, 10, MYPKG",SGSIN,YMLU,YML,51625,DRY,1,10/27/2025,12/31/2025,11/5/2025 9:38,792.5,792.5,268.95,268.95,1061.45,1061.45,1
2579,USORF,USORF,MYPKG,"Norfolk, VA, USORF","Norfolk, VA, USORF","Port Klang, 10, MYPKG",CNNBG,YMLU,YML,51625,DRY,1,10/27/2025,12/31/2025,11/5/2025 9:38,792.5,792.5,224.8,224.8,1017.3,1017.3,1
2580,USORF,USORF,MYPKG,"Norfolk, VA, USORF","Norfolk, VA, USORF","Port Klang, 10, MYPKG",CNSHG,YMLU,YML,51625,DRY,1,10/27/2025,12/31/2025,11/5/2025 9:38,792.5,792.5,224.8,224.8,1017.3,1017.3,1
2581,USORF,USORF,MYPKG,"Norfolk, VA, USORF","Norfolk, VA, USORF","Port Klang, 10, MYPKG",MYPKG,MAEU,Maersk,300094432,DRY,0,10/16/2025,3/31/2026,10/22/2025 19:06,897,897,0,0,897,897,1
2582,USORF,USORF,MYPKG,"Norfolk, VA, USORF","Norfolk, VA, USORF","Port Klang, 10, MYPKG",CNSHG,YMLU,YML,51625,DRY,1,10/27/2025,12/31/2025,11/5/2025 9:38,982.5,982.5,224.8,224.8,1207.3,1207.3,1
2583,USORF,USORF,MYPKG,"Norfolk, VA, USORF","Norfolk, VA, USORF","Port Klang, 10, MYPKG",SGSIN,YMLU,YML,51625,DRY,1,10/27/2025,12/31/2025,11/5/2025 9:38,982.5,982.5,268.95,268.95,1251.45,1251.45,1
2584,USORF,USORF,MYTPP,"Norfolk, VA, USORF","Norfolk, VA, USORF","Tanjung Pelepas, 1, MYTPP",MYTPP,MAEU,Maersk,300094432,DRY,0,10/16/2025,3/31/2026,10/22/2025 19:06,697,697,0,0,697,697,1
2585,USORF,USORF,PAROD,"Norfolk, VA, USORF","Norfolk, VA, USORF","Rodman, 8, PAROD",PAROD,ONEY,ONE,CHIM354B25,DRY,1,10/1/2025,12/31/2025,11/5/2025 9:38,1488,1488,292,292,1780,1780,1
2586,USORF,USORF,PECLL,"Norfolk, VA, USORF","Norfolk, VA, USORF","Callao, , PECLL",PECLL,ONEY,ONE,CHIM354B25,DRY,1,10/1/2025,12/31/2025,11/5/2025 9:38,1183,1183,105,105,1288,1288,1
2587,USORF,USORF,PHCEB,"Norfolk, VA, USORF","Norfolk, VA, USORF","Cebu, , PHCEB",PHCEB,OOLU,OOCL,MT256104,DRY,2,10/20/2025,12/31/2025,11/5/2025 9:38,952,952,236,236,1188,1188,1
2588,USORF,USORF,PHCEB,"Norfolk, VA, USORF","Norfolk, VA, USORF","Cebu, , PHCEB",PHCEB,MAEU,Maersk,300094432,DRY,0,10/16/2025,3/31/2026,10/22/2025 19:06,1028,1028,0,0,1028,1028,1
2589,USORF,USORF,PHCEB,"Norfolk, VA, USORF","Norfolk, VA, USORF","Cebu, , PHCEB",TWKHH,YMLU,YML,51625,DRY,1,10/27/2025,12/31/2025,11/5/2025 9:38,1762.5,1762.5,227.3,227.3,1989.8,1989.8,1
2590,USORF,USORF,PHDVO,"Norfolk, VA, USORF","Norfolk, VA, USORF","Davao, Mindanao, , PHDVO",DAVAO,EGLV,EMC,SC103574,DRY,,10/1/2025,12/31/2025,11/5/2025 9:38,800,800,253,286,1053,1086,1
2591,USORF,USORF,PHDVO,"Norfolk, VA, USORF","Norfolk, VA, USORF","Davao, Mindanao, , PHDVO",CNSHG,YMLU,YML,51625,DRY,1,10/27/2025,12/31/2025,11/5/2025 9:38,1517.5,1517.5,224.8,224.8,1742.3,1742.3,1
2592,USORF,USORF,PHDVO,"Norfolk, VA, USORF","Norfolk, VA, USORF","Davao, Mindanao, , PHDVO",SGSIN,YMLU,YML,51625,DRY,1,10/27/2025,12/31/2025,11/5/2025 9:38,1517.5,1517.5,268.95,268.95,1786.45,1786.45,1
2593,USORF,USORF,PHMNL,"Norfolk, VA, USORF","Norfolk, VA, USORF","Manila, , PHMNL",PHMNL,YMLU,YML,51625,DRY,1,10/27/2025,12/31/2025,11/5/2025 9:38,807.5,807.5,248,281,1055.5,1088.5,1
2594,USORF,USORF,PHMNL,"Norfolk, VA, USORF","Norfolk, VA, USORF","Manila, , PHMNL",TWKHH,YMLU,YML,51625,DRY,1,10/27/2025,12/31/2025,11/5/2025 9:38,882.5,882.5,227.3,227.3,1109.8,1109.8,1
2595,USORF,USORF,PHMNL,"Norfolk, VA, USORF","Norfolk, VA, USORF","Manila, , PHMNL",PHMNL,ONEY,ONE,CHIM354B25,DRY,1,10/1/2025,12/31/2025,11/5/2025 9:38,889,889,265,265,1154,1154,1
2596,USORF,USORF,PHMNL,"Norfolk, VA, USORF","Norfolk, VA, USORF","Manila, , PHMNL",PHMNL,MAEU,Maersk,300094432,DRY,0,10/16/2025,3/31/2026,10/22/2025 19:06,890,890,0,0,890,890,1
2597,USORF,USORF,PHMNL,"Norfolk, VA, USORF","Norfolk, VA, USORF","Manila, , PHMNL",MANILA (NORTH PORT),EGLV,EMC,SC103574,DRY,,10/1/2025,12/31/2025,11/5/2025 9:38,950,950,230,260,1180,1210,1
2598,USORF,USORF,PHMNL,"Norfolk, VA, USORF","Norfolk, VA, USORF","Manila, , PHMNL",PHMNL,OOLU,OOCL,MT256104,DRY,2,10/20/2025,12/31/2025,11/5/2025 9:38,952,952,236,236,1188,1188,1
2599,USORF,USORF,PHMNS,"Norfolk, VA, USORF","Norfolk, VA, USORF","Manila South Harbour, , PHMNS",MANILA SOUTH PORT,EGLV,EMC,SC103574,DRY,,10/1/2025,12/31/2025,11/5/2025 9:38,950,950,306,336,1256,1286,1
2600,USORF,USORF,PKBQM,"Norfolk, VA, USORF","Norfolk, VA, USORF","Port Qasim/Karachi, SD, PKBQM",PKBQM,MAEU,Maersk,300094432,DRY,0,10/16/2025,3/31/2026,10/22/2025 19:06,1424,1424,0,0,1424,1424,1
2601,USORF,USORF,PKKHI,"Norfolk, VA, USORF","Norfolk, VA, USORF","Karachi, SD, PKKHI",KARACHI,EGLV,EMC,SC103574,DRY,,10/1/2025,12/31/2025,11/5/2025 9:38,1300,1300,170,170,1470,1470,1
2602,USORF,USORF,PKKHI,"Norfolk, VA, USORF","Norfolk, VA, USORF","Karachi, SD, PKKHI","Keamari Karachi, PK",MAEU,Maersk,300094432,DRY,0,10/16/2025,3/31/2026,10/22/2025 19:06,1424,1424,0,0,1424,1424,1
2603,USORF,USORF,PKKHI,"Norfolk, VA, USORF","Norfolk, VA, USORF","Karachi, SD, PKKHI",PKKHI,ONEY,ONE,CHIM354B25,DRY,1,10/1/2025,12/31/2025,11/5/2025 9:38,1974,1974,428,428,2402,2402,1
2604,USORF,USORF,PKQCT,"Norfolk, VA, USORF","Norfolk, VA, USORF","Qasim Container Terminal/Karachi, , PKQCT",PKQCT,OOLU,OOCL,MT256104,DRY,2,10/20/2025,12/31/2025,11/5/2025 9:38,947,947,155,155,1102,1102,1
2605,USORF,USORF,PTLEI,"Norfolk, VA, USORF","Norfolk, VA, USORF","Leixoes, 13, PTLEI",PTLEI,MAEU,Maersk,300094432,DRY,0,10/16/2025,3/31/2026,10/22/2025 19:06,1636,1636,0,0,1636,1636,1
2606,USORF,USORF,PTLEI,"Norfolk, VA, USORF","Norfolk, VA, USORF","Leixoes, 13, PTLEI",PTLEI,ONEY,ONE,CHIM354B25,DRY,1,10/1/2025,12/31/2025,11/5/2025 9:38,2169,2169,345.67,345.67,2514.67,2514.67,1
2607,USORF,USORF,PTLIS,"Norfolk, VA, USORF","Norfolk, VA, USORF","Lisboa, 11, PTLIS",PTLIS,ONEY,ONE,CHIM354B25,DRY,1,10/1/2025,12/31/2025,11/5/2025 9:38,1704,1704,345.67,345.67,2049.67,2049.67,1
2608,USORF,USORF,SGSIN,"Norfolk, VA, USORF","Norfolk, VA, USORF","Singapore, , SGSIN",SGSIN,YMLU,YML,51625,DRY,1,10/27/2025,12/31/2025,11/5/2025 9:38,257.5,257.5,268.95,268.95,526.45,526.45,1
2609,USORF,USORF,SGSIN,"Norfolk, VA, USORF","Norfolk, VA, USORF","Singapore, , SGSIN",SGSIN,OOLU,OOCL,MT256104,DRY,2,10/20/2025,12/31/2025,11/5/2025 4:10,367,367,299.69,299.69,666.69,666.69,1
2610,USORF,USORF,SGSIN,"Norfolk, VA, USORF","Norfolk, VA, USORF","Singapore, , SGSIN",SGSIN,YMLU,YML,51625,DRY,1,10/27/2025,12/31/2025,11/5/2025 9:38,382.5,382.5,268.95,268.95,651.45,651.45,1
2611,USORF,USORF,SGSIN,"Norfolk, VA, USORF","Norfolk, VA, USORF","Singapore, , SGSIN",CNSHG,YMLU,YML,51625,DRY,1,10/27/2025,12/31/2025,11/5/2025 9:38,512.5,512.5,224.8,224.8,737.3,737.3,1
2612,USORF,USORF,SGSIN,"Norfolk, VA, USORF","Norfolk, VA, USORF","Singapore, , SGSIN",CNNBG,YMLU,YML,51625,DRY,1,10/27/2025,12/31/2025,11/5/2025 9:38,512.5,512.5,224.8,224.8,737.3,737.3,1
2613,USORF,USORF,SGSIN,"Norfolk, VA, USORF","Norfolk, VA, USORF","Singapore, , SGSIN",SGSIN,MAEU,Maersk,300094432,DRY,0,10/16/2025,3/31/2026,10/22/2025 19:06,611,611,0,0,611,611,1
2614,USORF,USORF,SGSIN,"Norfolk, VA, USORF","Norfolk, VA, USORF","Singapore, , SGSIN",SGSIN,ONEY,ONE,CHIM354B25,DRY,1,10/1/2025,12/31/2025,11/5/2025 9:38,614,614,339.65,339.65,953.65,953.65,1
2615,USORF,USORF,THBKK,"Norfolk, VA, USORF","Norfolk, VA, USORF","Bangkok, , THBKK",THBKK,OOLU,OOCL,MT256104,DRY,2,10/20/2025,12/31/2025,11/5/2025 9:38,472,472,134.3,134.3,606.3,606.3,1
2616,USORF,USORF,THBKK,"Norfolk, VA, USORF","Norfolk, VA, USORF","Bangkok, , THBKK",THBKK,ONEY,ONE,CHIM354B25,DRY,1,10/1/2025,12/31/2025,11/5/2025 9:38,624,624,191.42,191.42,815.42,815.42,1
2617,USORF,USORF,THBKK,"Norfolk, VA, USORF","Norfolk, VA, USORF","Bangkok, , THBKK",SGSIN,YMLU,YML,51625,DRY,1,10/27/2025,12/31/2025,11/5/2025 9:38,632.5,632.5,268.95,268.95,901.45,901.45,1
2618,USORF,USORF,THBKK,"Norfolk, VA, USORF","Norfolk, VA, USORF","Bangkok, , THBKK",CNNBG,YMLU,YML,51625,DRY,1,10/27/2025,12/31/2025,11/5/2025 9:38,632.5,632.5,224.8,224.8,857.3,857.3,1
2619,USORF,USORF,THBKK,"Norfolk, VA, USORF","Norfolk, VA, USORF","Bangkok, , THBKK",CNSHG,YMLU,YML,51625,DRY,1,10/27/2025,12/31/2025,11/5/2025 9:38,632.5,632.5,224.8,224.8,857.3,857.3,1
2620,USORF,USORF,THBKK,"Norfolk, VA, USORF","Norfolk, VA, USORF","Bangkok, , THBKK","Laem Chabang, TH",MAEU,Maersk,300094432,DRY,0,10/16/2025,3/31/2026,10/22/2025 19:06,640,640,0,0,640,640,1
2621,USORF,USORF,THBKK,"Norfolk, VA, USORF","Norfolk, VA, USORF","Bangkok, , THBKK",THLCH,YMLU,YML,51625,DRY,1,10/27/2025,12/31/2025,11/5/2025 9:38,707.5,707.5,135.84,135.84,843.34,843.34,1
2622,USORF,USORF,THBKK,"Norfolk, VA, USORF","Norfolk, VA, USORF","Bangkok, , THBKK",THLCH,YMLU,YML,51625,DRY,1,10/27/2025,12/31/2025,11/5/2025 9:38,712.5,712.5,135.84,135.84,848.34,848.34,1
2623,USORF,USORF,THBKK,"Norfolk, VA, USORF","Norfolk, VA, USORF","Bangkok, , THBKK",BANGKOK,EGLV,EMC,SC103574,DRY,,10/1/2025,12/31/2025,11/5/2025 9:38,1000,1000,132.76,132.76,1132.76,1132.76,1
2624,USORF,USORF,THBMT,"Norfolk, VA, USORF","Norfolk, VA, USORF","Bangkok Modern Terminals, , THBMT",THLCH,YMLU,YML,51625,DRY,1,10/27/2025,12/31/2025,11/5/2025 9:38,707.5,707.5,135.84,135.84,843.34,843.34,1
2625,USORF,USORF,THLCH,"Norfolk, VA, USORF","Norfolk, VA, USORF","Laem Chabang, 20, THLCH",THLCH,YMLU,YML,51625,DRY,1,10/27/2025,12/31/2025,11/5/2025 9:38,107.5,107.5,135.84,135.84,243.34,243.34,1
2626,USORF,USORF,THLCH,"Norfolk, VA, USORF","Norfolk, VA, USORF","Laem Chabang, 20, THLCH",THLCH,OOLU,OOCL,MT256104,DRY,2,10/20/2025,12/31/2025,11/5/2025 9:38,272,272,134.3,134.3,406.3,406.3,1
2627,USORF,USORF,THLCH,"Norfolk, VA, USORF","Norfolk, VA, USORF","Laem Chabang, 20, THLCH",THLCH,YMLU,YML,51625,DRY,1,10/27/2025,12/31/2025,11/5/2025 9:38,457.5,457.5,135.84,135.84,593.34,593.34,1
2628,USORF,USORF,THLCH,"Norfolk, VA, USORF","Norfolk, VA, USORF","Laem Chabang, 20, THLCH",THLCH,ONEY,ONE,CHIM354B25,DRY,1,10/1/2025,12/31/2025,11/5/2025 9:38,514,514,251.93,251.93,765.93,765.93,1
2629,USORF,USORF,THLCH,"Norfolk, VA, USORF","Norfolk, VA, USORF","Laem Chabang, 20, THLCH",SGSIN,YMLU,YML,51625,DRY,1,10/27/2025,12/31/2025,11/5/2025 9:38,552.5,552.5,268.95,268.95,821.45,821.45,1
2630,USORF,USORF,THLCH,"Norfolk, VA, USORF","Norfolk, VA, USORF","Laem Chabang, 20, THLCH",THLCH,MAEU,Maersk,300094432,DRY,0,10/16/2025,3/31/2026,10/22/2025 19:06,616,616,0,0,616,616,1
2631,USORF,USORF,THLCH,"Norfolk, VA, USORF","Norfolk, VA, USORF","Laem Chabang, 20, THLCH",CNSHG,YMLU,YML,51625,DRY,1,10/27/2025,12/31/2025,11/5/2025 9:38,702.5,702.5,224.8,224.8,927.3,927.3,1
2632,USORF,USORF,THLCH,"Norfolk, VA, USORF","Norfolk, VA, USORF","Laem Chabang, 20, THLCH",CNNBG,YMLU,YML,51625,DRY,1,10/27/2025,12/31/2025,11/5/2025 9:38,702.5,702.5,224.8,224.8,927.3,927.3,1
2633,USORF,USORF,THLCH,"Norfolk, VA, USORF","Norfolk, VA, USORF","Laem Chabang, 20, THLCH",LAEM CHABANG,EGLV,EMC,SC103574,DRY,,10/1/2025,12/31/2025,11/5/2025 9:38,800,800,132.76,132.76,932.76,932.76,1
2634,USORF,USORF,THLKR,"Norfolk, VA, USORF","Norfolk, VA, USORF","Lat Krabang, 10, THLKR",THLCH,YMLU,YML,51625,DRY,1,10/27/2025,12/31/2025,11/5/2025 9:38,432.5,432.5,135.84,135.84,568.34,568.34,1
2635,USORF,USORF,THLKR,"Norfolk, VA, USORF","Norfolk, VA, USORF","Lat Krabang, 10, THLKR",THLKR,OOLU,OOCL,MT256104,DRY,2,10/20/2025,12/31/2025,11/5/2025 9:38,472,472,134.3,134.3,606.3,606.3,1
2636,USORF,USORF,THLKR,"Norfolk, VA, USORF","Norfolk, VA, USORF","Lat Krabang, 10, THLKR",THLKR,ONEY,ONE,CHIM354B25,DRY,1,10/1/2025,12/31/2025,11/5/2025 9:38,564,564,251.93,251.93,815.93,815.93,1
2637,USORF,USORF,THLKR,"Norfolk, VA, USORF","Norfolk, VA, USORF","Lat Krabang, 10, THLKR",THLCH,YMLU,YML,51625,DRY,1,10/27/2025,12/31/2025,11/5/2025 9:38,607.5,607.5,135.84,135.84,743.34,743.34,1
2638,USORF,USORF,THSBP,"Norfolk, VA, USORF","Norfolk, VA, USORF","Siam Bangkok Port, , THSBP",VNCMT,YMLU,YML,51625,DRY,1,10/27/2025,12/31/2025,11/5/2025 9:38,692.5,692.5,135.84,135.84,828.34,828.34,1
2639,USORF,USORF,THSCT,"Norfolk, VA, USORF","Norfolk, VA, USORF","Siam Container Terminal, 11, THSCT",THLCH,YMLU,YML,51625,DRY,1,10/27/2025,12/31/2025,11/5/2025 9:38,747.5,747.5,135.84,135.84,883.34,883.34,1
2640,USORF,USORF,THSGZ,"Norfolk, VA, USORF","Norfolk, VA, USORF","Songkhla, 90, THSGZ",SGSIN,YMLU,YML,51625,DRY,1,10/27/2025,12/31/2025,11/5/2025 9:38,1502.5,1502.5,268.95,268.95,1771.45,1771.45,1
2641,USORF,USORF,THSPS,"Norfolk, VA, USORF","Norfolk, VA, USORF","Samut Prakan Sahathai Terminal, 11, THSPS",THLCH,YMLU,YML,51625,DRY,1,10/27/2025,12/31/2025,11/5/2025 9:38,712.5,712.5,135.84,135.84,848.34,848.34,1
2642,USORF,USORF,TRALI,"Norfolk, VA, USORF","Norfolk, VA, USORF","Aliaga, 35, TRALI",TRALI,OOLU,OOCL,MT256104,DRY,2,10/20/2025,12/31/2025,11/5/2025 9:38,790,790,377,377,1167,1167,1
2643,USORF,USORF,TRALI,"Norfolk, VA, USORF","Norfolk, VA, USORF","Aliaga, 35, TRALI",TRALI,ONEY,ONE,CHIM354B25,DRY,1,10/1/2025,12/31/2025,11/5/2025 9:38,836,836,400,400,1236,1236,1
2644,USORF,USORF,TRGEB,"Norfolk, VA, USORF","Norfolk, VA, USORF","Gebze, 41, TRGEB",TRGEB,OOLU,OOCL,MT256104,DRY,2,10/20/2025,12/31/2025,11/5/2025 9:38,940,940,0,0,940,940,1
2645,USORF,USORF,TRGEM,"Norfolk, VA, USORF","Norfolk, VA, USORF","Gemlik, 16, TRGEM",TRGEM,OOLU,OOCL,MT256104,DRY,2,10/20/2025,12/31/2025,11/5/2025 9:38,940,940,0,0,940,940,1
2646,USORF,USORF,TRGEM,"Norfolk, VA, USORF","Norfolk, VA, USORF","Gemlik, 16, TRGEM",TRGEM,MAEU,Maersk,300094432,DRY,0,10/16/2025,3/31/2026,10/22/2025 19:06,1449,1449,0,0,1449,1449,1
2647,USORF,USORF,TRISK,"Norfolk, VA, USORF","Norfolk, VA, USORF","Iskenderun, 31, TRISK",TRISK,OOLU,OOCL,MT256104,DRY,2,10/20/2025,12/31/2025,11/5/2025 9:38,790,790,275,275,1065,1065,1
2648,USORF,USORF,TRISK,"Norfolk, VA, USORF","Norfolk, VA, USORF","Iskenderun, 31, TRISK",TRISK,ONEY,ONE,CHIM354B25,DRY,1,10/1/2025,12/31/2025,11/5/2025 9:38,846,846,350,350,1196,1196,1
2649,USORF,USORF,TRISK,"Norfolk, VA, USORF","Norfolk, VA, USORF","Iskenderun, 31, TRISK",TRISK,MAEU,Maersk,300094432,DRY,0,10/16/2025,3/31/2026,10/22/2025 19:06,1096,1096,0,0,1096,1096,1
2650,USORF,USORF,TRIST,"Norfolk, VA, USORF","Norfolk, VA, USORF","Istanbul, 34, TRIST",TRIST,MAEU,Maersk,300094432,DRY,0,10/16/2025,3/31/2026,10/22/2025 19:06,684,684,0,0,684,684,1
2651,USORF,USORF,TRIST,"Norfolk, VA, USORF","Norfolk, VA, USORF","Istanbul, 34, TRIST",TRIST,ONEY,ONE,CHIM354B25,DRY,1,10/1/2025,12/31/2025,11/5/2025 9:38,836,836,400,400,1236,1236,1
2652,USORF,USORF,TRIZM,"Norfolk, VA, USORF","Norfolk, VA, USORF","Izmir, 35, TRIZM",TRIZM,OOLU,OOCL,MT256104,DRY,2,10/20/2025,12/31/2025,11/5/2025 9:38,940,940,275,275,1215,1215,1
2653,USORF,USORF,TRIZM,"Norfolk, VA, USORF","Norfolk, VA, USORF","Izmir, 35, TRIZM",TRIZM,MAEU,Maersk,300094432,DRY,0,10/16/2025,3/31/2026,10/22/2025 19:06,1349,1349,0,0,1349,1349,1
2654,USORF,USORF,TRMER,"Norfolk, VA, USORF","Norfolk, VA, USORF","Mersin, 33, TRMER",TRMER,OOLU,OOCL,MT256104,DRY,2,10/20/2025,12/31/2025,11/5/2025 9:38,940,940,272,272,1212,1212,1
2655,USORF,USORF,TRMER,"Norfolk, VA, USORF","Norfolk, VA, USORF","Mersin, 33, TRMER",TRMER,MAEU,Maersk,300094432,DRY,0,10/16/2025,3/31/2026,10/22/2025 19:06,1220,1220,0,0,1220,1220,1
2656,USORF,USORF,TWKEL,"Norfolk, VA, USORF","Norfolk, VA, USORF","Keelung, , TWKEL",TWKHH,YMLU,YML,51625,DRY,1,10/27/2025,12/31/2025,11/5/2025 9:38,307.5,307.5,227.3,227.3,534.8,534.8,1
2657,USORF,USORF,TWKEL,"Norfolk, VA, USORF","Norfolk, VA, USORF","Keelung, , TWKEL",TWKEL,YMLU,YML,51625,DRY,1,10/27/2025,12/31/2025,11/5/2025 9:38,307.5,307.5,227.3,227.3,534.8,534.8,1
2658,USORF,USORF,TWKEL,"Norfolk, VA, USORF","Norfolk, VA, USORF","Keelung, , TWKEL",TWKEL,YMLU,YML,51625,DRY,1,10/27/2025,12/31/2025,11/5/2025 9:38,407.5,407.5,227.3,227.3,634.8,634.8,1
2659,USORF,USORF,TWKEL,"Norfolk, VA, USORF","Norfolk, VA, USORF","Keelung, , TWKEL",TWKEL,OOLU,OOCL,MT256104,DRY,2,10/20/2025,12/31/2025,11/5/2025 9:38,572,572,227.3,255.71,799.3,827.71,1
2660,USORF,USORF,TWKEL,"Norfolk, VA, USORF","Norfolk, VA, USORF","Keelung, , TWKEL",TWKEL,ONEY,ONE,CHIM354B25,DRY,1,10/1/2025,12/31/2025,11/5/2025 9:38,674,674,227.3,255.71,901.3,929.71,1
2661,USORF,USORF,TWKEL,"Norfolk, VA, USORF","Norfolk, VA, USORF","Keelung, , TWKEL",TWKHH,YMLU,YML,51625,DRY,1,10/27/2025,12/31/2025,11/5/2025 9:38,732.5,732.5,227.3,227.3,959.8,959.8,1
2662,USORF,USORF,TWKEL,"Norfolk, VA, USORF","Norfolk, VA, USORF","Keelung, , TWKEL",TWKEL,MAEU,Maersk,300094432,DRY,0,10/16/2025,3/31/2026,10/22/2025 19:06,867,867,0,0,867,867,1
2663,USORF,USORF,TWKHH,"Norfolk, VA, USORF","Norfolk, VA, USORF","Kaohsiung, , TWKHH",TWKHH,YMLU,YML,51625,DRY,1,10/27/2025,12/31/2025,11/5/2025 9:38,107.5,107.5,227.3,227.3,334.8,334.8,1
2664,USORF,USORF,TWKHH,"Norfolk, VA, USORF","Norfolk, VA, USORF","Kaohsiung, , TWKHH",TWKHH,YMLU,YML,51625,DRY,1,10/27/2025,12/31/2025,11/5/2025 9:38,207.5,207.5,227.3,227.3,434.8,434.8,1
2665,USORF,USORF,TWKHH,"Norfolk, VA, USORF","Norfolk, VA, USORF","Kaohsiung, , TWKHH",TWKHH,OOLU,OOCL,MT256104,DRY,2,10/20/2025,12/31/2025,11/5/2025 9:38,292,292,227.3,255.71,519.3,547.71,1
2666,USORF,USORF,TWKHH,"Norfolk, VA, USORF","Norfolk, VA, USORF","Kaohsiung, , TWKHH",TWKHH,ONEY,ONE,CHIM354B25,DRY,1,10/1/2025,12/31/2025,11/5/2025 9:38,374,374,227.3,255.71,601.3,629.71,1
2667,USORF,USORF,TWKHH,"Norfolk, VA, USORF","Norfolk, VA, USORF","Kaohsiung, , TWKHH",TWKHH,YMLU,YML,51625,DRY,1,10/27/2025,12/31/2025,11/5/2025 9:38,382.5,382.5,227.3,227.3,609.8,609.8,1
2668,USORF,USORF,TWKHH,"Norfolk, VA, USORF","Norfolk, VA, USORF","Kaohsiung, , TWKHH",KAOHSIUNG,EGLV,EMC,SC103574,DRY,,10/1/2025,12/31/2025,11/5/2025 9:38,450,450,227.3,227.3,677.3,677.3,1
2669,USORF,USORF,TWKHH,"Norfolk, VA, USORF","Norfolk, VA, USORF","Kaohsiung, , TWKHH",TWKHH,MAEU,Maersk,300094432,DRY,0,10/16/2025,3/31/2026,10/22/2025 19:06,1963,1963,0,0,1963,1963,1
2670,USORF,USORF,TWTPE,"Norfolk, VA, USORF","Norfolk, VA, USORF","Taipei, TPE, TWTPE",TAIPEI,EGLV,EMC,SC103574,DRY,,10/1/2025,12/31/2025,11/5/2025 9:38,650,650,227.3,227.3,877.3,877.3,1
2671,USORF,USORF,TWTPE,"Norfolk, VA, USORF","Norfolk, VA, USORF","Taipei, TPE, TWTPE",TWTPE,ONEY,ONE,CHIM354B25,DRY,1,10/1/2025,12/31/2025,11/5/2025 9:38,814,814,227.3,255.71,1041.3,1069.71,1
2672,USORF,USORF,TWTXG,"Norfolk, VA, USORF","Norfolk, VA, USORF","Taichung, , TWTXG",TWTXG,YMLU,YML,51625,DRY,1,10/27/2025,12/31/2025,11/5/2025 9:38,157.5,157.5,227.3,227.3,384.8,384.8,1
2673,USORF,USORF,TWTXG,"Norfolk, VA, USORF","Norfolk, VA, USORF","Taichung, , TWTXG",TWKHH,YMLU,YML,51625,DRY,1,10/27/2025,12/31/2025,11/5/2025 9:38,482.5,482.5,227.3,227.3,709.8,709.8,1
2674,USORF,USORF,TWTXG,"Norfolk, VA, USORF","Norfolk, VA, USORF","Taichung, , TWTXG",TWTXG,ONEY,ONE,CHIM354B25,DRY,1,10/1/2025,12/31/2025,11/5/2025 9:38,564,564,227.3,255.71,791.3,819.71,1
2675,USORF,USORF,TWTXG,"Norfolk, VA, USORF","Norfolk, VA, USORF","Taichung, , TWTXG",TWTXG,OOLU,OOCL,MT256104,DRY,2,10/20/2025,12/31/2025,11/5/2025 9:38,572,572,227.3,255.71,799.3,827.71,1
2676,USORF,USORF,TWTXG,"Norfolk, VA, USORF","Norfolk, VA, USORF","Taichung, , TWTXG",TWTXG,MAEU,Maersk,300094432,DRY,0,10/16/2025,3/31/2026,10/22/2025 19:06,953,953,0,0,953,953,1
2677,USORF,USORF,TWTYN,"Norfolk, VA, USORF","Norfolk, VA, USORF","Taoyuan, , TWTYN",TWTYN,YMLU,YML,51625,DRY,1,10/27/2025,12/31/2025,11/5/2025 9:38,357.5,357.5,227.3,227.3,584.8,584.8,1
2678,USORF,USORF,TWTYN,"Norfolk, VA, USORF","Norfolk, VA, USORF","Taoyuan, , TWTYN",TWKHH,YMLU,YML,51625,DRY,1,10/27/2025,12/31/2025,11/5/2025 9:38,532.5,532.5,227.3,227.3,759.8,759.8,1
2679,USORF,USORF,TWTYN,"Norfolk, VA, USORF","Norfolk, VA, USORF","Taoyuan, , TWTYN",TWTYN,ONEY,ONE,CHIM354B25,DRY,1,10/1/2025,12/31/2025,11/5/2025 9:38,664,664,227.3,255.71,891.3,919.71,1
2680,USORF,USORF,TWTYN,"Norfolk, VA, USORF","Norfolk, VA, USORF","Taoyuan, , TWTYN","Keelung, TW",MAEU,Maersk,300094432,DRY,0,10/16/2025,3/31/2026,10/22/2025 19:06,1169,1169,0,0,1169,1169,1
2681,USORF,USORF,VNBDG,"Norfolk, VA, USORF","Norfolk, VA, USORF","Binh Duong Terminal, 39, VNBDG",VNCMT,YMLU,YML,51625,DRY,1,10/27/2025,12/31/2025,11/5/2025 9:38,562.5,562.5,177.38,177.38,739.88,739.88,1
2682,USORF,USORF,VNCLI,"Norfolk, VA, USORF","Norfolk, VA, USORF","Cat Lai, 65, VNCLI",VNCMT,YMLU,YML,51625,DRY,1,10/27/2025,12/31/2025,11/5/2025 9:38,57.5,57.5,177.38,177.38,234.88,234.88,1
2683,USORF,USORF,VNCLI,"Norfolk, VA, USORF","Norfolk, VA, USORF","Cat Lai, 65, VNCLI",VNCMT,YMLU,YML,51625,DRY,1,10/27/2025,12/31/2025,11/5/2025 9:38,532.5,532.5,177.38,177.38,709.88,709.88,1
2684,USORF,USORF,VNCLI,"Norfolk, VA, USORF","Norfolk, VA, USORF","Cat Lai, 65, VNCLI",TWKHH,YMLU,YML,51625,DRY,1,10/27/2025,12/31/2025,11/5/2025 9:38,532.5,532.5,227.3,227.3,759.8,759.8,1
2685,USORF,USORF,VNCMT,"Norfolk, VA, USORF","Norfolk, VA, USORF","Cai Mep Terminal, 43, VNCMT",VNCMT,YMLU,YML,51625,DRY,1,10/27/2025,12/31/2025,11/5/2025 9:38,57.5,57.5,177.38,177.38,234.88,234.88,1
2686,USORF,USORF,VNCMT,"Norfolk, VA, USORF","Norfolk, VA, USORF","Cai Mep Terminal, 43, VNCMT",VNCMT,YMLU,YML,51625,DRY,1,10/27/2025,12/31/2025,11/5/2025 9:38,382.5,382.5,177.38,177.38,559.88,559.88,1
2687,USORF,USORF,VNCMT,"Norfolk, VA, USORF","Norfolk, VA, USORF","Cai Mep Terminal, 43, VNCMT",VNCMT,ONEY,ONE,CHIM354B25,DRY,1,10/1/2025,12/31/2025,11/5/2025 9:38,524,524,182.41,182.41,706.41,706.41,1
2688,USORF,USORF,VNCMT,"Norfolk, VA, USORF","Norfolk, VA, USORF","Cai Mep Terminal, 43, VNCMT",SGSIN,YMLU,YML,51625,DRY,1,10/27/2025,12/31/2025,11/5/2025 9:38,602.5,602.5,268.95,268.95,871.45,871.45,1
2689,USORF,USORF,VNDAD,"Norfolk, VA, USORF","Norfolk, VA, USORF","Da Nang, , VNDAD",DA NANG,EGLV,EMC,SC103574,DRY,,10/1/2025,12/31/2025,11/5/2025 9:38,600,600,167.59,167.59,767.59,767.59,1
2690,USORF,USORF,VNDAD,"Norfolk, VA, USORF","Norfolk, VA, USORF","Da Nang, , VNDAD",VNDAD,MAEU,Maersk,300094432,DRY,0,10/16/2025,3/31/2026,11/3/2025 4:10,652,652,199.51,199.51,851.51,851.51,1
2691,USORF,USORF,VNDAD,"Norfolk, VA, USORF","Norfolk, VA, USORF","Da Nang, , VNDAD",VNDAD,ONEY,ONE,CHIM354B25,DRY,1,10/1/2025,12/31/2025,11/5/2025 9:38,749,749,182.41,182.41,931.41,931.41,1
2692,USORF,USORF,VNDAD,"Norfolk, VA, USORF","Norfolk, VA, USORF","Da Nang, , VNDAD",VNCMT,YMLU,YML,51625,DRY,1,10/27/2025,12/31/2025,11/5/2025 9:38,912.5,912.5,177.38,177.38,1089.88,1089.88,1
2693,USORF,USORF,VNDAD,"Norfolk, VA, USORF","Norfolk, VA, USORF","Da Nang, , VNDAD",TWKHH,YMLU,YML,51625,DRY,1,10/27/2025,12/31/2025,11/5/2025 9:38,912.5,912.5,227.3,227.3,1139.8,1139.8,1
2694,USORF,USORF,VNDNA,"Norfolk, VA, USORF","Norfolk, VA, USORF","Dong Nai, , VNDNA",VNCMT,YMLU,YML,51625,DRY,1,10/27/2025,12/31/2025,11/5/2025 9:38,562.5,562.5,177.38,177.38,739.88,739.88,1
2695,USORF,USORF,VNHPH,"Norfolk, VA, USORF","Norfolk, VA, USORF","Haiphong, , VNHPH",VNHPH,YMLU,YML,51625,DRY,1,10/27/2025,12/31/2025,11/5/2025 9:38,157.5,157.5,177.38,177.38,334.88,334.88,1
2696,USORF,USORF,VNHPH,"Norfolk, VA, USORF","Norfolk, VA, USORF","Haiphong, , VNHPH",VNHPH,OOLU,OOCL,MT256104,DRY,2,10/20/2025,12/31/2025,11/5/2025 9:38,367,367,143,143,510,510,1
2697,USORF,USORF,VNHPH,"Norfolk, VA, USORF","Norfolk, VA, USORF","Haiphong, , VNHPH",HAIPHONG,EGLV,EMC,SC103574,DRY,,10/1/2025,12/31/2025,11/5/2025 9:38,600,600,167.59,167.59,767.59,767.59,1
2698,USORF,USORF,VNHPH,"Norfolk, VA, USORF","Norfolk, VA, USORF","Haiphong, , VNHPH",VNHPH,MAEU,Maersk,300094432,DRY,0,10/16/2025,3/31/2026,10/22/2025 19:06,617,617,0,0,617,617,1
2699,USORF,USORF,VNHPH,"Norfolk, VA, USORF","Norfolk, VA, USORF","Haiphong, , VNHPH",VNHPH,ONEY,ONE,CHIM354B25,DRY,1,10/1/2025,12/31/2025,11/5/2025 9:38,714,714,182.41,182.41,896.41,896.41,1
2700,USORF,USORF,VNHPH,"Norfolk, VA, USORF","Norfolk, VA, USORF","Haiphong, , VNHPH",CNNBG,YMLU,YML,51625,DRY,1,10/27/2025,12/31/2025,11/5/2025 9:38,1082.5,1082.5,224.8,224.8,1307.3,1307.3,1
2701,USORF,USORF,VNHPH,"Norfolk, VA, USORF","Norfolk, VA, USORF","Haiphong, , VNHPH",CNSHG,YMLU,YML,51625,DRY,1,10/27/2025,12/31/2025,11/5/2025 9:38,1082.5,1082.5,224.8,224.8,1307.3,1307.3,1
2702,USORF,USORF,VNHPH,"Norfolk, VA, USORF","Norfolk, VA, USORF","Haiphong, , VNHPH",VNCMT,YMLU,YML,51625,DRY,1,10/27/2025,12/31/2025,11/5/2025 9:38,1082.5,1082.5,177.38,177.38,1259.88,1259.88,1
2703,USORF,USORF,VNHPH,"Norfolk, VA, USORF","Norfolk, VA, USORF","Haiphong, , VNHPH",SGSIN,YMLU,YML,51625,DRY,1,10/27/2025,12/31/2025,11/5/2025 9:38,1082.5,1082.5,268.95,268.95,1351.45,1351.45,1
2704,USORF,USORF,VNIPH,"Norfolk, VA, USORF","Norfolk, VA, USORF","Phuoc Long ICD, , VNIPH",VNCMT,YMLU,YML,51625,DRY,1,10/27/2025,12/31/2025,11/5/2025 9:38,527.5,527.5,177.38,177.38,704.88,704.88,1
2705,USORF,USORF,VNSGN,"Norfolk, VA, USORF","Norfolk, VA, USORF","Ho Chi Minh City, , VNSGN",VNSGN,OOLU,OOCL,MT256104,DRY,2,10/20/2025,12/31/2025,11/5/2025 9:38,342,342,143,143,485,485,1
2706,USORF,USORF,VNSGN,"Norfolk, VA, USORF","Norfolk, VA, USORF","Ho Chi Minh City, , VNSGN",VNCMT,YMLU,YML,51625,DRY,1,10/27/2025,12/31/2025,11/5/2025 9:38,462.5,462.5,177.38,177.38,639.88,639.88,1
2707,USORF,USORF,VNSGN,"Norfolk, VA, USORF","Norfolk, VA, USORF","Ho Chi Minh City, , VNSGN",VNSGN,ONEY,ONE,CHIM354B25,DRY,1,10/1/2025,12/31/2025,11/5/2025 9:38,524,524,182.41,182.41,706.41,706.41,1
2708,USORF,USORF,VNSGN,"Norfolk, VA, USORF","Norfolk, VA, USORF","Ho Chi Minh City, , VNSGN",VNSGN,MAEU,Maersk,300094432,DRY,0,10/16/2025,3/31/2026,10/22/2025 19:06,597,597,0,0,597,597,1
2709,USORF,USORF,VNSGN,"Norfolk, VA, USORF","Norfolk, VA, USORF","Ho Chi Minh City, , VNSGN",HO CHI MINH,EGLV,EMC,SC103574,DRY,,10/1/2025,12/31/2025,11/5/2025 9:38,600,600,167.59,167.59,767.59,767.59,1
2710,USORF,USORF,VNTOT,"Norfolk, VA, USORF","Norfolk, VA, USORF","Cai Mep, 43, VNTOT",CAI MEP,EGLV,EMC,SC103574,DRY,,10/1/2025,12/31/2025,11/5/2025 9:38,600,600,167.59,167.59,767.59,767.59,1
2711,USORF,USORF,VNTTH,"Norfolk, VA, USORF","Norfolk, VA, USORF","Tan Thanh, 43, VNTTH",VNTTH,OOLU,OOCL,MT256104,DRY,2,10/20/2025,12/31/2025,11/5/2025 9:38,367,367,143,143,510,510,1
2712,USORF,USORF,VNVUT,"Norfolk, VA, USORF","Norfolk, VA, USORF","Vung Tau, 43, VNVUT",VNVUT,MAEU,Maersk,300094432,DRY,0,10/16/2025,3/31/2026,10/22/2025 19:06,467,467,0,0,467,467,1
2713,USORF,USORF,ZACPT,"Norfolk, VA, USORF","Norfolk, VA, USORF","Cape Town, , ZACPT",ZACPT,ONEY,ONE,CHIM354B25,DRY,1,10/1/2025,12/31/2025,11/5/2025 4:10,2620,2620,371.98,371.98,2991.98,2991.98,1
2714,USORF,USORF,ZADUR,"Norfolk, VA, USORF","Norfolk, VA, USORF","Durban, , ZADUR",ZADUR,ONEY,ONE,CHIM354B25,DRY,1,10/1/2025,12/31/2025,11/5/2025 4:10,2620,2620,371.98,371.98,2991.98,2991.98,1
2715,USSAV,USSAV,AEJEA,"Savannah, GA, USSAV","Savannah, GA, USSAV","Jebel Ali, , AEJEA",CNNBG,YMLU,YML,51625,DRY,1,10/27/2025,12/31/2025,11/5/2025 9:38,2423,2423,224.8,224.8,2647.8,2647.8,1
2716,USSAV,USSAV,AEJEA,"Savannah, GA, USSAV","Savannah, GA, USSAV","Jebel Ali, , AEJEA",CNSHG,YMLU,YML,51625,DRY,1,10/27/2025,12/31/2025,11/5/2025 9:38,2423,2423,224.8,224.8,2647.8,2647.8,1
2717,USSAV,USSAV,BDCGP,"Savannah, GA, USSAV","Savannah, GA, USSAV","Chattogram/Chittagong, , BDCGP",CHATTOGRAM,EGLV,EMC,SC103574,DRY,,10/1/2025,12/31/2025,11/5/2025 9:38,1700,1700,0,0,1700,1700,1
2718,USSAV,USSAV,BDCGP,"Savannah, GA, USSAV","Savannah, GA, USSAV","Chattogram/Chittagong, , BDCGP",BDCGP,OOLU,OOCL,MT256104,DRY,2,10/20/2025,12/31/2025,11/5/2025 9:38,1717,1717,65,65,1782,1782,1
2719,USSAV,USSAV,BDCGP,"Savannah, GA, USSAV","Savannah, GA, USSAV","Chattogram/Chittagong, , BDCGP",BDCGP,ONEY,ONE,CHIM354B25,DRY,1,10/1/2025,12/31/2025,11/5/2025 9:38,1814,1814,150,150,1964,1964,1
2720,USSAV,USSAV,BDCGP,"Savannah, GA, USSAV","Savannah, GA, USSAV","Chattogram/Chittagong, , BDCGP",BDCGP,MAEU,Maersk,300094432,DRY,0,10/16/2025,3/31/2026,11/5/2025 9:38,2437,2437,0,0,2437,2437,1
2721,USSAV,USSAV,CLARI,"Savannah, GA, USSAV","Savannah, GA, USSAV","Arica, TA, CLARI",CLARI,ONEY,ONE,CHIM354B25,DRY,1,10/1/2025,12/31/2025,11/5/2025 9:38,2568,2568,150,150,2718,2718,1
2722,USSAV,USSAV,CLSAI,"Savannah, GA, USSAV","Savannah, GA, USSAV","San Antonio, VS, CLSAI",CLSAI,ONEY,ONE,CHIM354B25,DRY,1,10/1/2025,12/31/2025,11/5/2025 9:38,1968,1968,150,150,2118,2118,1
2723,USSAV,USSAV,CNAQG,"Savannah, GA, USSAV","Savannah, GA, USSAV","Anqing Pt, 34, CNAQG",CNAQG,ONEY,ONE,CHIM354B25,DRY,1,10/1/2025,12/31/2025,11/5/2025 9:38,614,614,120.97,120.97,734.97,734.97,1
2724,USSAV,USSAV,CNAQG,"Savannah, GA, USSAV","Savannah, GA, USSAV","Anqing Pt, 34, CNAQG",CNSHG,YMLU,YML,51625,DRY,1,10/27/2025,12/31/2025,11/5/2025 9:38,723,723,224.8,224.8,947.8,947.8,1
2725,USSAV,USSAV,CNAQG,"Savannah, GA, USSAV","Savannah, GA, USSAV","Anqing Pt, 34, CNAQG",CNAQG,MAEU,Maersk,300094432,DRY,0,10/16/2025,3/31/2026,11/5/2025 9:38,872.73,872.73,0,0,872.73,872.73,1
2726,USSAV,USSAV,CNCAN,"Savannah, GA, USSAV","Savannah, GA, USSAV","Guangzhou Baiyun, 44, CNCAN",CNCAN,ONEY,ONE,CHIM354B25,DRY,1,10/1/2025,12/31/2025,11/5/2025 9:38,964,964,170.85,170.85,1134.85,1134.85,1
2727,USSAV,USSAV,CNCGS,"Savannah, GA, USSAV","Savannah, GA, USSAV","Changshu Pt, 37, CNCGS",CNSHG,YMLU,YML,51625,DRY,1,10/27/2025,12/31/2025,11/5/2025 9:38,713,713,224.8,224.8,937.8,937.8,1
2728,USSAV,USSAV,CNCGU,"Savannah, GA, USSAV","Savannah, GA, USSAV","Changshu, 32, CNCGU",CNCGU,ONEY,ONE,CHIM354B25,DRY,1,10/1/2025,12/31/2025,11/5/2025 9:38,814,814,116.33,116.33,930.33,930.33,1
2729,USSAV,USSAV,CNCHQ,"Savannah, GA, USSAV","Savannah, GA, USSAV","Chongqing Pt, 50, CNCHQ",CNCHQ,MAEU,Maersk,300094432,DRY,0,10/16/2025,3/31/2026,11/5/2025 9:38,552.73,552.73,0,0,552.73,552.73,1
2730,USSAV,USSAV,CNCHQ,"Savannah, GA, USSAV","Savannah, GA, USSAV","Chongqing Pt, 50, CNCHQ",CNSHG,YMLU,YML,51625,DRY,1,10/27/2025,12/31/2025,11/5/2025 9:38,1283,1283,224.8,224.8,1507.8,1507.8,1
2731,USSAV,USSAV,CNCKG,"Savannah, GA, USSAV","Savannah, GA, USSAV","Chongqing Jiangbei, 51, CNCKG",CNCKG,ONEY,ONE,CHIM354B25,DRY,1,10/1/2025,12/31/2025,11/5/2025 9:38,1069,1069,116.33,116.33,1185.33,1185.33,1
2732,USSAV,USSAV,CNCNA,"Savannah, GA, USSAV","Savannah, GA, USSAV","Changsha, 44, CNCNA",CNSHG,YMLU,YML,51625,DRY,1,10/27/2025,12/31/2025,11/5/2025 9:38,1328,1328,224.8,224.8,1552.8,1552.8,1
2733,USSAV,USSAV,CNCZX,"Savannah, GA, USSAV","Savannah, GA, USSAV","Changzhou Pt, 32, CNCZX",CNSHG,YMLU,YML,51625,DRY,1,10/27/2025,12/31/2025,11/5/2025 9:38,713,713,224.8,224.8,937.8,937.8,1
2734,USSAV,USSAV,CNCZX,"Savannah, GA, USSAV","Savannah, GA, USSAV","Changzhou Pt, 32, CNCZX",CNCZX,MAEU,Maersk,300094432,DRY,0,10/16/2025,3/31/2026,11/5/2025 9:38,846.73,846.73,0,0,846.73,846.73,1
2735,USSAV,USSAV,CNDAG,"Savannah, GA, USSAV","Savannah, GA, USSAV","Dalian Pt, 34, CNDAG",CNDAG,YMLU,YML,51625,DRY,1,10/27/2025,12/31/2025,11/5/2025 9:38,408,408,224.8,224.8,632.8,632.8,1
2736,USSAV,USSAV,CNDAG,"Savannah, GA, USSAV","Savannah, GA, USSAV","Dalian Pt, 34, CNDAG",CNDAG,MAEU,Maersk,300094432,DRY,0,10/16/2025,3/31/2026,11/5/2025 9:38,598.05,598.05,0,0,598.05,598.05,1
2737,USSAV,USSAV,CNDAG,"Savannah, GA, USSAV","Savannah, GA, USSAV","Dalian Pt, 34, CNDAG",CNDAG,OOLU,OOCL,MT256104,DRY,2,10/20/2025,12/31/2025,11/5/2025 9:38,617,617,159.19,159.19,776.19,776.19,1
2738,USSAV,USSAV,CNDAG,"Savannah, GA, USSAV","Savannah, GA, USSAV","Dalian Pt, 34, CNDAG",KRPUS,YMLU,YML,51625,DRY,1,10/27/2025,12/31/2025,11/5/2025 9:38,903,903,125.98,125.98,1028.98,1028.98,1
2739,USSAV,USSAV,CNDFG,"Savannah, GA, USSAV","Savannah, GA, USSAV","Dafeng Pt, 22, CNDFG",CNDFG,MAEU,Maersk,300094432,DRY,0,10/16/2025,3/31/2026,11/5/2025 9:38,490.73,490.73,0,0,490.73,490.73,1
2740,USSAV,USSAV,CNDFG,"Savannah, GA, USSAV","Savannah, GA, USSAV","Dafeng Pt, 22, CNDFG",CNSHG,YMLU,YML,51625,DRY,1,10/27/2025,12/31/2025,11/5/2025 9:38,793,793,224.8,224.8,1017.8,1017.8,1
2741,USSAV,USSAV,CNDOU,"Savannah, GA, USSAV","Savannah, GA, USSAV","Doumen Pt, 44, CNDOU",CNDOU,ONEY,ONE,CHIM354B25,DRY,1,10/1/2025,12/31/2025,11/5/2025 9:38,864,864,170.85,170.85,1034.85,1034.85,1
2742,USSAV,USSAV,CNFOC,"Savannah, GA, USSAV","Savannah, GA, USSAV","Fuzhou Changle, 35, CNFOC",CNFOC,ONEY,ONE,CHIM354B25,DRY,1,10/1/2025,12/31/2025,11/5/2025 9:38,989,989,116.19,116.19,1105.19,1105.19,1
2743,USSAV,USSAV,CNFZG,"Savannah, GA, USSAV","Savannah, GA, USSAV","Fuzhou Pt, 23, CNFZG",CNFZG,MAEU,Maersk,300094432,DRY,0,10/16/2025,3/31/2026,11/5/2025 9:38,398.05,398.05,0,0,398.05,398.05,1
2744,USSAV,USSAV,CNFZG,"Savannah, GA, USSAV","Savannah, GA, USSAV","Fuzhou Pt, 23, CNFZG",CNNBG,YMLU,YML,51625,DRY,1,10/27/2025,12/31/2025,11/5/2025 9:38,883,883,224.8,224.8,1107.8,1107.8,1
2745,USSAV,USSAV,CNGOM,"Savannah, GA, USSAV","Savannah, GA, USSAV","Gaoming Pt, 44, CNGOM",CNGOM,MAEU,Maersk,300094432,DRY,0,10/16/2025,3/31/2026,11/5/2025 9:38,859.05,859.05,0,0,859.05,859.05,1
2746,USSAV,USSAV,CNGON,"Savannah, GA, USSAV","Savannah, GA, USSAV","Gaolan, 44, CNGON",CNGON,ONEY,ONE,CHIM354B25,DRY,1,10/1/2025,12/31/2025,11/5/2025 9:38,914,914,170.85,170.85,1084.85,1084.85,1
2747,USSAV,USSAV,CNGZG,"Savannah, GA, USSAV","Savannah, GA, USSAV","Guangzhou Pt, 22, CNGZG",CNYTN,YMLU,YML,51625,DRY,1,10/27/2025,12/31/2025,11/5/2025 9:38,508,508,224.8,224.8,732.8,732.8,1
2748,USSAV,USSAV,CNHFI,"Savannah, GA, USSAV","Savannah, GA, USSAV","Hefei, 34, CNHFI",CNSHG,YMLU,YML,51625,DRY,1,10/27/2025,12/31/2025,11/5/2025 9:38,1773,1773,224.8,224.8,1997.8,1997.8,1
2749,USSAV,USSAV,CNHSI,"Savannah, GA, USSAV","Savannah, GA, USSAV","Huangshi Pt, 42, CNHSI",CNSHG,YMLU,YML,51625,DRY,1,10/27/2025,12/31/2025,11/5/2025 9:38,853,853,224.8,224.8,1077.8,1077.8,1
2750,USSAV,USSAV,CNHUA,"Savannah, GA, USSAV","Savannah, GA, USSAV","Huangpu Pt, 44, CNHUA",CNYTN,YMLU,YML,51625,DRY,1,10/27/2025,12/31/2025,11/5/2025 9:38,508,508,224.8,224.8,732.8,732.8,1
2751,USSAV,USSAV,CNHUA,"Savannah, GA, USSAV","Savannah, GA, USSAV","Huangpu Pt, 44, CNHUA",CNHUA,MAEU,Maersk,300094432,DRY,0,10/16/2025,3/31/2026,11/5/2025 9:38,561.05,561.05,0,0,561.05,561.05,1
2752,USSAV,USSAV,CNHUA,"Savannah, GA, USSAV","Savannah, GA, USSAV","Huangpu Pt, 44, CNHUA",CNHUA,OOLU,OOCL,MT256104,DRY,2,10/20/2025,12/31/2025,11/5/2025 9:38,622,622,159.19,159.19,781.19,781.19,1
2753,USSAV,USSAV,CNHUA,"Savannah, GA, USSAV","Savannah, GA, USSAV","Huangpu Pt, 44, CNHUA",CNHUA,ONEY,ONE,CHIM354B25,DRY,1,10/1/2025,12/31/2025,11/5/2025 9:38,624,624,170.85,170.85,794.85,794.85,1
2754,USSAV,USSAV,CNHZH,"Savannah, GA, USSAV","Savannah, GA, USSAV","Huzhou Pt, 33, CNHZH",CNSHG,YMLU,YML,51625,DRY,1,10/27/2025,12/31/2025,11/5/2025 9:38,648,648,224.8,224.8,872.8,872.8,1
2755,USSAV,USSAV,CNJIA,"Savannah, GA, USSAV","Savannah, GA, USSAV","Jiangyin Pt, 32, CNJIA",CNJIA,MAEU,Maersk,300094432,DRY,0,10/16/2025,3/31/2026,11/5/2025 9:38,709.73,709.73,0,0,709.73,709.73,1
2756,USSAV,USSAV,CNJIA,"Savannah, GA, USSAV","Savannah, GA, USSAV","Jiangyin Pt, 32, CNJIA",CNSHG,YMLU,YML,51625,DRY,1,10/27/2025,12/31/2025,11/5/2025 9:38,713,713,224.8,224.8,937.8,937.8,1
2757,USSAV,USSAV,CNJIU,"Savannah, GA, USSAV","Savannah, GA, USSAV","Jiujiang Pt, 36, CNJIU",CNSHG,YMLU,YML,51625,DRY,1,10/27/2025,12/31/2025,11/5/2025 9:38,843,843,224.8,224.8,1067.8,1067.8,1
2758,USSAV,USSAV,CNJIU,"Savannah, GA, USSAV","Savannah, GA, USSAV","Jiujiang Pt, 36, CNJIU",CNJIU,MAEU,Maersk,300094432,DRY,0,10/16/2025,3/31/2026,11/5/2025 9:38,1671.78,1671.78,0,0,1671.78,1671.78,1
2759,USSAV,USSAV,CNJMN,"Savannah, GA, USSAV","Savannah, GA, USSAV","Jiangmen Pt, 44, CNJMN",CNJMN,MAEU,Maersk,300094432,DRY,0,10/16/2025,3/31/2026,11/5/2025 9:38,829.05,829.05,0,0,829.05,829.05,1
2760,USSAV,USSAV,CNJNZ,"Savannah, GA, USSAV","Savannah, GA, USSAV","Jinzhou Pt, 21, CNJNZ",KRPUS,YMLU,YML,51625,DRY,1,10/27/2025,12/31/2025,11/5/2025 9:38,1403,1403,125.98,125.98,1528.98,1528.98,1
2761,USSAV,USSAV,CNJZK,"Savannah, GA, USSAV","Savannah, GA, USSAV","Jingzhou Pt, 42, CNJZK",CNSHG,YMLU,YML,51625,DRY,1,10/27/2025,12/31/2025,11/5/2025 9:38,863,863,224.8,224.8,1087.8,1087.8,1
2762,USSAV,USSAV,CNKHN,"Savannah, GA, USSAV","Savannah, GA, USSAV","Nanchang Changbei, 36, CNKHN",CNSHG,YMLU,YML,51625,DRY,1,10/27/2025,12/31/2025,11/5/2025 9:38,923,923,224.8,224.8,1147.8,1147.8,1
2763,USSAV,USSAV,CNKPN,"Savannah, GA, USSAV","Savannah, GA, USSAV","Kaiping, 13, CNKPN",CNKPN,OOLU,OOCL,MT256104,DRY,2,10/20/2025,12/31/2025,11/5/2025 9:38,587,587,0,0,587,587,1
2764,USSAV,USSAV,CNKUS,"Savannah, GA, USSAV","Savannah, GA, USSAV","Kunshan, 32, CNKUS",CNSHG,YMLU,YML,51625,DRY,1,10/27/2025,12/31/2025,11/5/2025 9:38,873,873,224.8,224.8,1097.8,1097.8,1
2765,USSAV,USSAV,CNLYG,"Savannah, GA, USSAV","Savannah, GA, USSAV","Lianyungang, 32, CNLYG",CNLYG,MAEU,Maersk,300094432,DRY,0,10/16/2025,3/31/2026,11/5/2025 9:38,361.05,361.05,0,0,361.05,361.05,1
2766,USSAV,USSAV,CNLYG,"Savannah, GA, USSAV","Savannah, GA, USSAV","Lianyungang, 32, CNLYG",CNLYG,ONEY,ONE,CHIM354B25,DRY,1,10/1/2025,12/31/2025,11/5/2025 9:38,624,624,117.04,117.04,741.04,741.04,1
2767,USSAV,USSAV,CNLYG,"Savannah, GA, USSAV","Savannah, GA, USSAV","Lianyungang, 32, CNLYG",CNSHG,YMLU,YML,51625,DRY,1,10/27/2025,12/31/2025,11/5/2025 9:38,798,798,224.8,224.8,1022.8,1022.8,1
2768,USSAV,USSAV,CNLYG,"Savannah, GA, USSAV","Savannah, GA, USSAV","Lianyungang, 32, CNLYG",CNNBG,YMLU,YML,51625,DRY,1,10/27/2025,12/31/2025,11/5/2025 9:38,798,798,224.8,224.8,1022.8,1022.8,1
2769,USSAV,USSAV,CNLZU,"Savannah, GA, USSAV","Savannah, GA, USSAV","Luzhou, 51, CNLZU",CNSHG,YMLU,YML,51625,DRY,1,10/27/2025,12/31/2025,11/5/2025 9:38,1323,1323,224.8,224.8,1547.8,1547.8,1
2770,USSAV,USSAV,CNMAA,"Savannah, GA, USSAV","Savannah, GA, USSAV","Maanshan Pt, 34, CNMAA",CNSHG,YMLU,YML,51625,DRY,1,10/27/2025,12/31/2025,11/5/2025 9:38,723,723,224.8,224.8,947.8,947.8,1
2771,USSAV,USSAV,CNNBG,"Savannah, GA, USSAV","Savannah, GA, USSAV","Ningbo Pt, 33, CNNBG",CNNBG,YMLU,YML,51625,DRY,1,10/27/2025,12/31/2025,11/5/2025 9:38,108,108,224.8,224.8,332.8,332.8,1
2772,USSAV,USSAV,CNNBG,"Savannah, GA, USSAV","Savannah, GA, USSAV","Ningbo Pt, 33, CNNBG",CNNBG,MAEU,Maersk,300094432,DRY,0,10/16/2025,3/31/2026,11/5/2025 9:38,221.05,221.05,0,0,221.05,221.05,1
2773,USSAV,USSAV,CNNBG,"Savannah, GA, USSAV","Savannah, GA, USSAV","Ningbo Pt, 33, CNNBG",CNNBG,OOLU,OOCL,MT256104,DRY,2,10/20/2025,12/31/2025,11/5/2025 9:38,267,267,160.87,160.87,427.87,427.87,1
2774,USSAV,USSAV,CNNBG,"Savannah, GA, USSAV","Savannah, GA, USSAV","Ningbo Pt, 33, CNNBG",CNNBG,YMLU,YML,51625,DRY,1,10/27/2025,12/31/2025,11/5/2025 9:38,383,383,224.8,224.8,607.8,607.8,1
2775,USSAV,USSAV,CNNBG,"Savannah, GA, USSAV","Savannah, GA, USSAV","Ningbo Pt, 33, CNNBG","NINGBO, CHINA",EGLV,EMC,SC103574,DRY,,10/1/2025,12/31/2025,11/5/2025 9:38,450,450,0,0,450,450,1
2776,USSAV,USSAV,CNNBG,"Savannah, GA, USSAV","Savannah, GA, USSAV","Ningbo Pt, 33, CNNBG",CNNBG,ONEY,ONE,CHIM354B25,DRY,1,10/1/2025,12/31/2025,11/5/2025 9:38,574,574,120.69,120.69,694.69,694.69,1
2777,USSAV,USSAV,CNNBG,"Savannah, GA, USSAV","Savannah, GA, USSAV","Ningbo Pt, 33, CNNBG",KRPUS,YMLU,YML,51625,DRY,1,10/27/2025,12/31/2025,11/5/2025 9:38,603,603,125.98,125.98,728.98,728.98,1
2778,USSAV,USSAV,CNNBG,"Savannah, GA, USSAV","Savannah, GA, USSAV","Ningbo Pt, 33, CNNBG",SGSIN,YMLU,YML,51625,DRY,1,10/27/2025,12/31/2025,11/5/2025 9:38,643,643,268.95,268.95,911.95,911.95,1
2779,USSAV,USSAV,CNNJG,"Savannah, GA, USSAV","Savannah, GA, USSAV","Nanjing Pt, 35, CNNJG",CNSHG,YMLU,YML,51625,DRY,1,10/27/2025,12/31/2025,11/5/2025 9:38,713,713,224.8,224.8,937.8,937.8,1
2780,USSAV,USSAV,CNNJG,"Savannah, GA, USSAV","Savannah, GA, USSAV","Nanjing Pt, 35, CNNJG",CNNJG,MAEU,Maersk,300094432,DRY,0,10/16/2025,3/31/2026,11/5/2025 9:38,713.73,713.73,0,0,713.73,713.73,1
2781,USSAV,USSAV,CNNJP,"Savannah, GA, USSAV","Savannah, GA, USSAV","Nanjing Pt, 32, CNNJP",CNSHG,YMLU,YML,51625,DRY,1,10/27/2025,12/31/2025,11/5/2025 9:38,713,713,224.8,224.8,937.8,937.8,1
2782,USSAV,USSAV,CNNKG,"Savannah, GA, USSAV","Savannah, GA, USSAV","Nanjing Lukou, 32, CNNKG",CNNKG,ONEY,ONE,CHIM354B25,DRY,1,10/1/2025,12/31/2025,11/5/2025 9:38,699,699,116.33,116.33,815.33,815.33,1
2783,USSAV,USSAV,CNNKG,"Savannah, GA, USSAV","Savannah, GA, USSAV","Nanjing Lukou, 32, CNNKG",CNSHG,YMLU,YML,51625,DRY,1,10/27/2025,12/31/2025,11/5/2025 9:38,713,713,224.8,224.8,937.8,937.8,1
2784,USSAV,USSAV,CNNSA,"Savannah, GA, USSAV","Savannah, GA, USSAV","Nansha Pt, 44, CNNSA",CNNSA,ONEY,ONE,CHIM354B25,DRY,1,10/1/2025,12/31/2025,11/5/2025 9:38,839,839,170.85,170.85,1009.85,1009.85,1
2785,USSAV,USSAV,CNNTG,"Savannah, GA, USSAV","Savannah, GA, USSAV","Nantong Pt, 32, CNNTG",CNNTG,MAEU,Maersk,300094432,DRY,0,10/16/2025,3/31/2026,11/5/2025 9:38,360.73,360.73,0,0,360.73,360.73,1
2786,USSAV,USSAV,CNNTG,"Savannah, GA, USSAV","Savannah, GA, USSAV","Nantong Pt, 32, CNNTG",CNNTG,ONEY,ONE,CHIM354B25,DRY,1,10/1/2025,12/31/2025,11/5/2025 9:38,674,674,116.33,116.33,790.33,790.33,1
2787,USSAV,USSAV,CNNTG,"Savannah, GA, USSAV","Savannah, GA, USSAV","Nantong Pt, 32, CNNTG",CNSHG,YMLU,YML,51625,DRY,1,10/27/2025,12/31/2025,11/5/2025 9:38,713,713,224.8,224.8,937.8,937.8,1
2788,USSAV,USSAV,CNQDG,"Savannah, GA, USSAV","Savannah, GA, USSAV","Qingdao Pt, 32, CNQDG",CNQDG,MAEU,Maersk,300094432,DRY,0,10/16/2025,3/31/2026,11/5/2025 9:38,121.05,121.05,0,0,121.05,121.05,1
2789,USSAV,USSAV,CNQDG,"Savannah, GA, USSAV","Savannah, GA, USSAV","Qingdao Pt, 32, CNQDG",CNQDG,YMLU,YML,51625,DRY,1,10/27/2025,12/31/2025,11/5/2025 9:38,308,308,224.8,224.8,532.8,532.8,1
2790,USSAV,USSAV,CNQDG,"Savannah, GA, USSAV","Savannah, GA, USSAV","Qingdao Pt, 32, CNQDG",CNQDG,OOLU,OOCL,MT256104,DRY,2,10/20/2025,12/31/2025,11/5/2025 9:38,327,327,190.8,190.8,517.8,517.8,1
2791,USSAV,USSAV,CNQDG,"Savannah, GA, USSAV","Savannah, GA, USSAV","Qingdao Pt, 32, CNQDG","QINGDAO, CHINA",EGLV,EMC,SC103574,DRY,,10/1/2025,12/31/2025,11/5/2025 9:38,450,450,0,0,450,450,1
2792,USSAV,USSAV,CNQDG,"Savannah, GA, USSAV","Savannah, GA, USSAV","Qingdao Pt, 32, CNQDG",CNQDG,ONEY,ONE,CHIM354B25,DRY,1,10/1/2025,12/31/2025,11/5/2025 9:38,614,614,117.04,117.04,731.04,731.04,1
2793,USSAV,USSAV,CNQDG,"Savannah, GA, USSAV","Savannah, GA, USSAV","Qingdao Pt, 32, CNQDG",KRPUS,YMLU,YML,51625,DRY,1,10/27/2025,12/31/2025,11/5/2025 9:38,713,713,125.98,125.98,838.98,838.98,1
2794,USSAV,USSAV,CNQDG,"Savannah, GA, USSAV","Savannah, GA, USSAV","Qingdao Pt, 32, CNQDG",SGSIN,YMLU,YML,51625,DRY,1,10/27/2025,12/31/2025,11/5/2025 9:38,758,758,268.95,268.95,1026.95,1026.95,1
2795,USSAV,USSAV,CNQZH,"Savannah, GA, USSAV","Savannah, GA, USSAV","Qinzhou Pt, 45, CNQZH",CNQZH,MAEU,Maersk,300094432,DRY,0,10/16/2025,3/31/2026,11/5/2025 9:38,783.05,783.05,0,0,783.05,783.05,1
2796,USSAV,USSAV,CNRUG,"Savannah, GA, USSAV","Savannah, GA, USSAV","Rugao Pt, 32, CNRUG",CNRUG,MAEU,Maersk,300094432,DRY,0,10/16/2025,3/31/2026,11/5/2025 9:38,502.73,502.73,0,0,502.73,502.73,1
2797,USSAV,USSAV,CNSBU,"Savannah, GA, USSAV","Savannah, GA, USSAV","Sanbu Pt, 44, CNSBU",CNSBU,OOLU,OOCL,MT256104,DRY,2,10/20/2025,12/31/2025,11/5/2025 9:38,587,587,0,0,587,587,1
2798,USSAV,USSAV,CNSBU,"Savannah, GA, USSAV","Savannah, GA, USSAV","Sanbu Pt, 44, CNSBU",CNSBU,ONEY,ONE,CHIM354B25,DRY,1,10/1/2025,12/31/2025,11/5/2025 9:38,964,964,170.85,170.85,1134.85,1134.85,1
2799,USSAV,USSAV,CNSHG,"Savannah, GA, USSAV","Savannah, GA, USSAV","Shanghai Pt, 44, CNSHG",CNSHG,YMLU,YML,51625,DRY,1,10/27/2025,12/31/2025,11/5/2025 9:38,108,108,224.8,224.8,332.8,332.8,1
2800,USSAV,USSAV,CNSHG,"Savannah, GA, USSAV","Savannah, GA, USSAV","Shanghai Pt, 44, CNSHG",CNSHG,MAEU,Maersk,300094432,DRY,0,10/16/2025,3/31/2026,11/5/2025 9:38,258.05,258.05,0,0,258.05,258.05,1
2801,USSAV,USSAV,CNSHG,"Savannah, GA, USSAV","Savannah, GA, USSAV","Shanghai Pt, 44, CNSHG",CNSHG,OOLU,OOCL,MT256104,DRY,2,10/20/2025,12/31/2025,11/5/2025 9:38,267,267,160.87,160.87,427.87,427.87,1
2802,USSAV,USSAV,CNSHG,"Savannah, GA, USSAV","Savannah, GA, USSAV","Shanghai Pt, 44, CNSHG",CNSHG,YMLU,YML,51625,DRY,1,10/27/2025,12/31/2025,11/5/2025 9:38,383,383,224.8,224.8,607.8,607.8,1
2803,USSAV,USSAV,CNSHG,"Savannah, GA, USSAV","Savannah, GA, USSAV","Shanghai Pt, 44, CNSHG",SHANGHAI,EGLV,EMC,SC103574,DRY,,10/1/2025,12/31/2025,11/5/2025 9:38,450,450,0,0,450,450,1
2804,USSAV,USSAV,CNSHG,"Savannah, GA, USSAV","Savannah, GA, USSAV","Shanghai Pt, 44, CNSHG",CNSHG,ONEY,ONE,CHIM354B25,DRY,1,10/1/2025,12/31/2025,11/5/2025 9:38,464,464,116.33,116.33,580.33,580.33,1
2805,USSAV,USSAV,CNSHG,"Savannah, GA, USSAV","Savannah, GA, USSAV","Shanghai Pt, 44, CNSHG",SGSIN,YMLU,YML,51625,DRY,1,10/27/2025,12/31/2025,11/5/2025 9:38,643,643,268.95,268.95,911.95,911.95,1
2806,USSAV,USSAV,CNSHK,"Savannah, GA, USSAV","Savannah, GA, USSAV","Shekou Pt, 44, CNSHK",SGSIN,YMLU,YML,51625,DRY,1,10/27/2025,12/31/2025,11/5/2025 9:38,588,588,268.95,268.95,856.95,856.95,1
2807,USSAV,USSAV,CNSHK,"Savannah, GA, USSAV","Savannah, GA, USSAV","Shekou Pt, 44, CNSHK",CNSHK,ONEY,ONE,CHIM354B25,DRY,1,10/1/2025,12/31/2025,11/5/2025 9:38,889,889,170.85,170.85,1059.85,1059.85,1
2808,USSAV,USSAV,CNSZG,"Savannah, GA, USSAV","Savannah, GA, USSAV","Suzhou Pt, 32, CNSZG",CNSHG,YMLU,YML,51625,DRY,1,10/27/2025,12/31/2025,11/5/2025 9:38,873,873,224.8,224.8,1097.8,1097.8,1
2809,USSAV,USSAV,CNTAC,"Savannah, GA, USSAV","Savannah, GA, USSAV","Taicang Pt, 32, CNTAC",CNSHG,YMLU,YML,51625,DRY,1,10/27/2025,12/31/2025,11/5/2025 9:38,483,483,224.8,224.8,707.8,707.8,1
2810,USSAV,USSAV,CNTAG,"Savannah, GA, USSAV","Savannah, GA, USSAV","Taicang, 32, CNTAG",CNSHG,YMLU,YML,51625,DRY,1,10/27/2025,12/31/2025,11/5/2025 9:38,483,483,224.8,224.8,707.8,707.8,1
2811,USSAV,USSAV,CNTAZ,"Savannah, GA, USSAV","Savannah, GA, USSAV","Taizhou Pt, 33, CNTAZ",CNSHG,YMLU,YML,51625,DRY,1,10/27/2025,12/31/2025,11/5/2025 9:38,713,713,224.8,224.8,937.8,937.8,1
2812,USSAV,USSAV,CNTOL,"Savannah, GA, USSAV","Savannah, GA, USSAV","Tongling Pt, 34, CNTOL",CNSHG,YMLU,YML,51625,DRY,1,10/27/2025,12/31/2025,11/5/2025 9:38,753,753,224.8,224.8,977.8,977.8,1
2813,USSAV,USSAV,CNTXG,"Savannah, GA, USSAV","Savannah, GA, USSAV","Tianjin Xingang Pt, 12, CNTXG",CNTXG,MAEU,Maersk,300094432,DRY,0,10/16/2025,3/31/2026,11/5/2025 9:38,151.05,151.05,0,0,151.05,151.05,1
2814,USSAV,USSAV,CNTXG,"Savannah, GA, USSAV","Savannah, GA, USSAV","Tianjin Xingang Pt, 12, CNTXG",CNTXG,OOLU,OOCL,MT256104,DRY,2,10/20/2025,12/31/2025,11/5/2025 9:38,427,427,159.19,159.19,586.19,586.19,1
2815,USSAV,USSAV,CNTXG,"Savannah, GA, USSAV","Savannah, GA, USSAV","Tianjin Xingang Pt, 12, CNTXG",CNTXG,YMLU,YML,51625,DRY,1,10/27/2025,12/31/2025,11/5/2025 9:38,458,458,224.8,224.8,682.8,682.8,1
2816,USSAV,USSAV,CNTXG,"Savannah, GA, USSAV","Savannah, GA, USSAV","Tianjin Xingang Pt, 12, CNTXG",CNTXG,ONEY,ONE,CHIM354B25,DRY,1,10/1/2025,12/31/2025,11/5/2025 9:38,549,549,114.37,114.37,663.37,663.37,1
2817,USSAV,USSAV,CNTXG,"Savannah, GA, USSAV","Savannah, GA, USSAV","Tianjin Xingang Pt, 12, CNTXG",CNTXG,YMLU,YML,51625,DRY,1,10/27/2025,12/31/2025,11/5/2025 9:38,558,558,224.8,224.8,782.8,782.8,1
2818,USSAV,USSAV,CNTXG,"Savannah, GA, USSAV","Savannah, GA, USSAV","Tianjin Xingang Pt, 12, CNTXG",KRPUS,YMLU,YML,51625,DRY,1,10/27/2025,12/31/2025,11/5/2025 9:38,733,733,125.98,125.98,858.98,858.98,1
2819,USSAV,USSAV,CNTXG,"Savannah, GA, USSAV","Savannah, GA, USSAV","Tianjin Xingang Pt, 12, CNTXG",TWKHH,YMLU,YML,51625,DRY,1,10/27/2025,12/31/2025,11/5/2025 9:38,818,818,227.3,227.3,1045.3,1045.3,1
2820,USSAV,USSAV,CNWHG,"Savannah, GA, USSAV","Savannah, GA, USSAV","Wuhan Pt, 42, CNWHG",CNWHG,MAEU,Maersk,300094432,DRY,0,10/16/2025,3/31/2026,11/5/2025 9:38,425.73,425.73,0,0,425.73,425.73,1
2821,USSAV,USSAV,CNWHG,"Savannah, GA, USSAV","Savannah, GA, USSAV","Wuhan Pt, 42, CNWHG",CNSHG,YMLU,YML,51625,DRY,1,10/27/2025,12/31/2025,11/5/2025 9:38,853,853,224.8,224.8,1077.8,1077.8,1
2822,USSAV,USSAV,CNWHI,"Savannah, GA, USSAV","Savannah, GA, USSAV","Wuhu Pt, 34, CNWHI",CNSHG,YMLU,YML,51625,DRY,1,10/27/2025,12/31/2025,11/5/2025 9:38,713,713,224.8,224.8,937.8,937.8,1
2823,USSAV,USSAV,CNWJA,"Savannah, GA, USSAV","Savannah, GA, USSAV","Wujiang, 32, CNWJA",CNSHG,YMLU,YML,51625,DRY,1,10/27/2025,12/31/2025,11/5/2025 9:38,893,893,224.8,224.8,1117.8,1117.8,1
2824,USSAV,USSAV,CNWNZ,"Savannah, GA, USSAV","Savannah, GA, USSAV","Wenzhou Longwan, 33, CNWNZ",CNNBG,YMLU,YML,51625,DRY,1,10/27/2025,12/31/2025,11/5/2025 9:38,753,753,224.8,224.8,977.8,977.8,1
2825,USSAV,USSAV,CNWNZ,"Savannah, GA, USSAV","Savannah, GA, USSAV","Wenzhou Longwan, 33, CNWNZ",CNSHG,YMLU,YML,51625,DRY,1,10/27/2025,12/31/2025,11/5/2025 9:38,753,753,224.8,224.8,977.8,977.8,1
2826,USSAV,USSAV,CNWUH,"Savannah, GA, USSAV","Savannah, GA, USSAV","Wuhan Tianhe, 42, CNWUH",CNWUH,ONEY,ONE,CHIM354B25,DRY,1,10/1/2025,12/31/2025,11/5/2025 9:38,809,809,116.33,116.33,925.33,925.33,1
2827,USSAV,USSAV,CNWUZ,"Savannah, GA, USSAV","Savannah, GA, USSAV","Wuzhou Pt, 45, CNWUZ",CNWUZ,MAEU,Maersk,300094432,DRY,0,10/16/2025,3/31/2026,11/5/2025 9:38,633.05,633.05,0,0,633.05,633.05,1
2828,USSAV,USSAV,CNWUZ,"Savannah, GA, USSAV","Savannah, GA, USSAV","Wuzhou Pt, 45, CNWUZ",CNWUZ,ONEY,ONE,CHIM354B25,DRY,1,10/1/2025,12/31/2025,11/5/2025 9:38,839,839,170.85,170.85,1009.85,1009.85,1
2829,USSAV,USSAV,CNXIA,"Savannah, GA, USSAV","Savannah, GA, USSAV","Xian, 33, CNXIA",CNSHG,YMLU,YML,51625,DRY,1,10/27/2025,12/31/2025,11/5/2025 9:38,2658,2658,224.8,224.8,2882.8,2882.8,1
2830,USSAV,USSAV,CNXMG,"Savannah, GA, USSAV","Savannah, GA, USSAV","Xiamen Pt, 35, CNXMG",CNXMG,YMLU,YML,51625,DRY,1,10/27/2025,12/31/2025,11/5/2025 9:38,108,108,224.8,224.8,332.8,332.8,1
2831,USSAV,USSAV,CNXMG,"Savannah, GA, USSAV","Savannah, GA, USSAV","Xiamen Pt, 35, CNXMG",CNXMG,OOLU,OOCL,MT256104,DRY,2,10/20/2025,12/31/2025,11/5/2025 9:38,267,267,159.19,159.19,426.19,426.19,1
2832,USSAV,USSAV,CNXMG,"Savannah, GA, USSAV","Savannah, GA, USSAV","Xiamen Pt, 35, CNXMG",CNXMG,MAEU,Maersk,300094432,DRY,0,10/16/2025,3/31/2026,11/5/2025 9:38,301.05,301.05,0,0,301.05,301.05,1
2833,USSAV,USSAV,CNXMG,"Savannah, GA, USSAV","Savannah, GA, USSAV","Xiamen Pt, 35, CNXMG",CNXMG,ONEY,ONE,CHIM354B25,DRY,1,10/1/2025,12/31/2025,11/5/2025 9:38,514,514,114.37,114.37,628.37,628.37,1
2834,USSAV,USSAV,CNXMG,"Savannah, GA, USSAV","Savannah, GA, USSAV","Xiamen Pt, 35, CNXMG","XIAMEN, CHINA",EGLV,EMC,SC103574,DRY,,10/1/2025,12/31/2025,11/5/2025 9:38,650,650,0,0,650,650,1
2835,USSAV,USSAV,CNYBN,"Savannah, GA, USSAV","Savannah, GA, USSAV","Yibin, 51, CNYBN",CNSHG,YMLU,YML,51625,DRY,1,10/27/2025,12/31/2025,11/5/2025 9:38,1383,1383,224.8,224.8,1607.8,1607.8,1
2836,USSAV,USSAV,CNYIC,"Savannah, GA, USSAV","Savannah, GA, USSAV","Yichang, 42, CNYIC",CNSHG,YMLU,YML,51625,DRY,1,10/27/2025,12/31/2025,11/5/2025 9:38,963,963,224.8,224.8,1187.8,1187.8,1
2837,USSAV,USSAV,CNYNT,"Savannah, GA, USSAV","Savannah, GA, USSAV","Yantai Laishan, 37, CNYNT",CNYNT,ONEY,ONE,CHIM354B25,DRY,1,10/1/2025,12/31/2025,11/5/2025 9:38,729,729,117.04,117.04,846.04,846.04,1
2838,USSAV,USSAV,CNYPG,"Savannah, GA, USSAV","Savannah, GA, USSAV","Yangpu Pt, 46, CNYPG",CNYPG,OOLU,OOCL,MT256104,DRY,2,10/20/2025,12/31/2025,11/5/2025 9:38,267,267,0,0,267,267,1
2839,USSAV,USSAV,CNYTN,"Savannah, GA, USSAV","Savannah, GA, USSAV","Yantian Pt, 44, CNYTN",CNYTN,YMLU,YML,51625,DRY,1,10/27/2025,12/31/2025,11/5/2025 9:38,158,158,224.8,224.8,382.8,382.8,1
2840,USSAV,USSAV,CNYTN,"Savannah, GA, USSAV","Savannah, GA, USSAV","Yantian Pt, 44, CNYTN",CNYTN,OOLU,OOCL,MT256104,DRY,2,10/20/2025,12/31/2025,11/5/2025 9:38,267,267,159.19,159.19,426.19,426.19,1
2841,USSAV,USSAV,CNYTN,"Savannah, GA, USSAV","Savannah, GA, USSAV","Yantian Pt, 44, CNYTN",CNYTN,YMLU,YML,51625,DRY,1,10/27/2025,12/31/2025,11/5/2025 9:38,383,383,224.8,224.8,607.8,607.8,1
2842,USSAV,USSAV,CNYTN,"Savannah, GA, USSAV","Savannah, GA, USSAV","Yantian Pt, 44, CNYTN",CNYTN,MAEU,Maersk,300094432,DRY,0,10/16/2025,3/31/2026,11/5/2025 9:38,459.05,459.05,0,0,459.05,459.05,1
2843,USSAV,USSAV,CNYTN,"Savannah, GA, USSAV","Savannah, GA, USSAV","Yantian Pt, 44, CNYTN",CNYTN,ONEY,ONE,CHIM354B25,DRY,1,10/1/2025,12/31/2025,11/5/2025 9:38,514,514,170.85,170.85,684.85,684.85,1
2844,USSAV,USSAV,CNYTN,"Savannah, GA, USSAV","Savannah, GA, USSAV","Yantian Pt, 44, CNYTN",KRPUS,YMLU,YML,51625,DRY,1,10/27/2025,12/31/2025,11/5/2025 9:38,563,563,125.98,125.98,688.98,688.98,1
2845,USSAV,USSAV,CNYTN,"Savannah, GA, USSAV","Savannah, GA, USSAV","Yantian Pt, 44, CNYTN","YANTIAN, CHINA",EGLV,EMC,SC103574,DRY,,10/1/2025,12/31/2025,11/5/2025 9:38,700,700,0,0,700,700,1
2846,USSAV,USSAV,CNYYA,"Savannah, GA, USSAV","Savannah, GA, USSAV","Yueyang, 50, CNYYA",CNYYA,MAEU,Maersk,300094432,DRY,0,10/16/2025,3/31/2026,11/5/2025 9:38,362.73,362.73,0,0,362.73,362.73,1
2847,USSAV,USSAV,CNYYA,"Savannah, GA, USSAV","Savannah, GA, USSAV","Yueyang, 50, CNYYA",CNYYA,ONEY,ONE,CHIM354B25,DRY,1,10/1/2025,12/31/2025,11/5/2025 9:38,874,874,120.97,120.97,994.97,994.97,1
2848,USSAV,USSAV,CNYYA,"Savannah, GA, USSAV","Savannah, GA, USSAV","Yueyang, 50, CNYYA",CNSHG,YMLU,YML,51625,DRY,1,10/27/2025,12/31/2025,11/5/2025 9:38,963,963,224.8,224.8,1187.8,1187.8,1
2849,USSAV,USSAV,CNYZH,"Savannah, GA, USSAV","Savannah, GA, USSAV","Yangzhou Pt, 32, CNYZH",CNSHG,YMLU,YML,51625,DRY,1,10/27/2025,12/31/2025,11/5/2025 9:38,713,713,224.8,224.8,937.8,937.8,1
2850,USSAV,USSAV,CNZAP,"Savannah, GA, USSAV","Savannah, GA, USSAV","Zhapu, 33, CNZAP",CNNBG,YMLU,YML,51625,DRY,1,10/27/2025,12/31/2025,11/5/2025 9:38,663,663,224.8,224.8,887.8,887.8,1
2851,USSAV,USSAV,CNZHE,"Savannah, GA, USSAV","Savannah, GA, USSAV","Zhenjiang Pt, 32, CNZHE",CNSHG,YMLU,YML,51625,DRY,1,10/27/2025,12/31/2025,11/5/2025 9:38,683,683,224.8,224.8,907.8,907.8,1
2852,USSAV,USSAV,CNZHU,"Savannah, GA, USSAV","Savannah, GA, USSAV","Zhuao, 41, CNZHU",CNZHU,MAEU,Maersk,300094432,DRY,0,10/16/2025,3/31/2026,11/5/2025 9:38,819.05,819.05,0,0,819.05,819.05,1
2853,USSAV,USSAV,CNZJG,"Savannah, GA, USSAV","Savannah, GA, USSAV","Zhangjiagang, 32, CNZJG",CNZJG,ONEY,ONE,CHIM354B25,DRY,1,10/1/2025,12/31/2025,11/5/2025 9:38,674,674,116.33,116.33,790.33,790.33,1
2854,USSAV,USSAV,CNZJG,"Savannah, GA, USSAV","Savannah, GA, USSAV","Zhangjiagang, 32, CNZJG",CNSHG,YMLU,YML,51625,DRY,1,10/27/2025,12/31/2025,11/5/2025 9:38,713,713,224.8,224.8,937.8,937.8,1
2855,USSAV,USSAV,CNZJG,"Savannah, GA, USSAV","Savannah, GA, USSAV","Zhangjiagang, 32, CNZJG",CNZJG,MAEU,Maersk,300094432,DRY,0,10/16/2025,3/31/2026,11/5/2025 9:38,750.73,750.73,0,0,750.73,750.73,1
2856,USSAV,USSAV,CNZNG,"Savannah, GA, USSAV","Savannah, GA, USSAV","Zhanjiang Pt, 44, CNZNG",CNZNG,MAEU,Maersk,300094432,DRY,0,10/16/2025,3/31/2026,11/5/2025 9:38,959.05,959.05,0,0,959.05,959.05,1
2857,USSAV,USSAV,CNZSN,"Savannah, GA, USSAV","Savannah, GA, USSAV","Zhongshan Pt, 44, CNZSN",CNZSN,ONEY,ONE,CHIM354B25,DRY,1,10/1/2025,12/31/2025,11/5/2025 9:38,739,739,170.85,170.85,909.85,909.85,1
2858,USSAV,USSAV,CNZUH,"Savannah, GA, USSAV","Savannah, GA, USSAV","Zhuhai Pt, 44, CNZUH",CNZUH,ONEY,ONE,CHIM354B25,DRY,1,10/1/2025,12/31/2025,11/5/2025 9:38,789,789,170.85,170.85,959.85,959.85,1
2859,USSAV,USSAV,COBUN,"Savannah, GA, USSAV","Savannah, GA, USSAV","Buenaventura, , COBUN",COBUN,ONEY,ONE,CHIM354B25,DRY,1,10/1/2025,12/31/2025,11/5/2025 9:38,1968,1968,141,141,2109,2109,1
2860,USSAV,USSAV,COSPC,"Savannah, GA, USSAV","Savannah, GA, USSAV","Portuaria Regional Cartagena, BOL, COSPC",COSPC,ONEY,ONE,CHIM354B25,DRY,1,10/1/2025,12/31/2025,11/5/2025 9:38,1458,1458,125,125,1583,1583,1
2861,USSAV,USSAV,DJJIB,"Savannah, GA, USSAV","Savannah, GA, USSAV","Djibouti, , DJJIB",DJJIB,MAEU,Maersk,300094432,DRY,0,10/16/2025,3/31/2026,11/5/2025 9:38,2373,2373,0,0,2373,2373,1
2862,USSAV,USSAV,DZALG,"Savannah, GA, USSAV","Savannah, GA, USSAV","Alger (Algiers), 16, DZALG",DZALG,MAEU,Maersk,300094432,DRY,0,10/16/2025,3/31/2026,11/5/2025 9:38,2442,2442,0,0,2442,2442,1
2863,USSAV,USSAV,ECGYE,"Savannah, GA, USSAV","Savannah, GA, USSAV","Guayaquil, G, ECGYE",ECGYE,MSCU,MSC,25-348WCSA,DRY,0,11/3/2025,12/31/2025,11/4/2025 4:10,1370,1370,200,200,1570,1570,1
2864,USSAV,USSAV,ECGYE,"Savannah, GA, USSAV","Savannah, GA, USSAV","Guayaquil, G, ECGYE",ECGYE,ONEY,ONE,CHIM354B25,DRY,1,10/1/2025,12/31/2025,11/5/2025 9:38,1758,1758,410,310,2168,2068,1
2865,USSAV,USSAV,EGALY,"Savannah, GA, USSAV","Savannah, GA, USSAV","Alexandria, , EGALY",EGALY,ONEY,ONE,CHIM354B25,DRY,1,10/1/2025,12/31/2025,11/5/2025 9:38,1426,1426,0,0,1426,1426,1
2866,USSAV,USSAV,EGALY,"Savannah, GA, USSAV","Savannah, GA, USSAV","Alexandria, , EGALY",EGALY,MAEU,Maersk,300094432,DRY,0,10/16/2025,3/31/2026,11/5/2025 9:38,3156,3156,0,0,3156,3156,1
2867,USSAV,USSAV,EGDAM,"Savannah, GA, USSAV","Savannah, GA, USSAV","Damietta, , EGDAM",EGDAM,ONEY,ONE,CHIM354B25,DRY,1,10/1/2025,12/31/2025,11/5/2025 9:38,1426,1426,0,0,1426,1426,1
2868,USSAV,USSAV,EGDAM,"Savannah, GA, USSAV","Savannah, GA, USSAV","Damietta, , EGDAM",EGDAM,MAEU,Maersk,300094432,DRY,0,10/16/2025,3/31/2026,11/5/2025 9:38,1578,1578,0,0,1578,1578,1
2869,USSAV,USSAV,EGPSD,"Savannah, GA, USSAV","Savannah, GA, USSAV","Port Said, , EGPSD",EGPSD,ONEY,ONE,CHIM354B25,DRY,1,10/1/2025,12/31/2025,11/5/2025 9:38,1661,1661,0,0,1661,1661,1
2870,USSAV,USSAV,ESALG,"Savannah, GA, USSAV","Savannah, GA, USSAV","Algeciras, , ESALG",ESALG,ONEY,ONE,CHIM354B25,DRY,1,10/1/2025,12/31/2025,11/5/2025 9:38,614,614,386.41,386.41,1000.41,1000.41,1
2871,USSAV,USSAV,ESBCN,"Savannah, GA, USSAV","Savannah, GA, USSAV","Barcelona, , ESBCN",ESBCN,ONEY,ONE,CHIM354B25,DRY,1,10/1/2025,12/31/2025,11/5/2025 9:38,1554,1554,416.14,416.14,1970.14,1970.14,1
2872,USSAV,USSAV,ESVLC,"Savannah, GA, USSAV","Savannah, GA, USSAV","Valencia, , ESVLC",ESVLC,ONEY,ONE,CHIM354B25,DRY,1,10/1/2025,12/31/2025,11/5/2025 9:38,729,729,420.75,420.75,1149.75,1149.75,1
2873,USSAV,USSAV,GTGUA,"Savannah, GA, USSAV","Savannah, GA, USSAV","Guatemala City, , GTGUA",PUERTO SANTO TOMAS DE CASTILLA,EGLV,EMC,SC103574,DRY,,10/31/2025,11/30/2025,11/5/2025 9:38,3000,3000,0,0,3000,3000,1
2874,USSAV,USSAV,HNPCR,"Savannah, GA, USSAV","Savannah, GA, USSAV","Puerto Cortes, , HNPCR",PUERTO CORTES,EGLV,EMC,SC103574,DRY,,10/31/2025,11/30/2025,11/5/2025 9:38,2500,2500,190,190,2690,2690,1
2875,USSAV,USSAV,IDBLW,"Savannah, GA, USSAV","Savannah, GA, USSAV","Belawan, , IDBLW",IDBLW,OOLU,OOCL,MT256104,DRY,2,10/20/2025,12/31/2025,11/5/2025 9:38,667,667,145,145,812,812,1
2876,USSAV,USSAV,IDBLW,"Savannah, GA, USSAV","Savannah, GA, USSAV","Belawan, , IDBLW",BELAWAN,EGLV,EMC,SC103574,DRY,,10/1/2025,12/31/2025,11/5/2025 9:38,850,850,145,145,995,995,1
2877,USSAV,USSAV,IDBLW,"Savannah, GA, USSAV","Savannah, GA, USSAV","Belawan, , IDBLW",IDBLW,MAEU,Maersk,300094432,DRY,0,10/16/2025,3/31/2026,11/5/2025 9:38,1025,1025,0,0,1025,1025,1
2878,USSAV,USSAV,IDBLW,"Savannah, GA, USSAV","Savannah, GA, USSAV","Belawan, , IDBLW",IDBLW,ONEY,ONE,CHIM354B25,DRY,1,10/1/2025,12/31/2025,11/5/2025 9:38,1264,1264,505.63,505.63,1769.63,1769.63,1
2879,USSAV,USSAV,IDBLW,"Savannah, GA, USSAV","Savannah, GA, USSAV","Belawan, , IDBLW",CNSHG,YMLU,YML,51625,DRY,1,10/27/2025,12/31/2025,11/5/2025 9:38,1288,1288,224.8,224.8,1512.8,1512.8,1
2880,USSAV,USSAV,IDBLW,"Savannah, GA, USSAV","Savannah, GA, USSAV","Belawan, , IDBLW",SGSIN,YMLU,YML,51625,DRY,1,10/27/2025,12/31/2025,11/5/2025 9:38,1288,1288,268.95,268.95,1556.95,1556.95,1
2881,USSAV,USSAV,IDBLW,"Savannah, GA, USSAV","Savannah, GA, USSAV","Belawan, , IDBLW",IDBLW,YMLU,YML,51625,DRY,1,10/27/2025,12/31/2025,11/5/2025 9:38,1458,1458,0,0,1458,1458,1
2882,USSAV,USSAV,IDCKR,"Savannah, GA, USSAV","Savannah, GA, USSAV","Cikarang, JB, IDCKR",IDCKR,ONEY,ONE,CHIM354B25,DRY,1,10/1/2025,12/31/2025,11/5/2025 9:38,1014,1014,505.63,505.63,1519.63,1519.63,1
2883,USSAV,USSAV,IDJKT,"Savannah, GA, USSAV","Savannah, GA, USSAV","Jakarta, JK, IDJKT",IDJKT,OOLU,OOCL,MT256104,DRY,2,10/20/2025,12/31/2025,11/5/2025 9:38,667,667,145,145,812,812,1
2884,USSAV,USSAV,IDJKT,"Savannah, GA, USSAV","Savannah, GA, USSAV","Jakarta, JK, IDJKT",IDJKT,YMLU,YML,51625,DRY,1,10/27/2025,12/31/2025,11/5/2025 9:38,733,733,0,0,733,733,1
2885,USSAV,USSAV,IDJKT,"Savannah, GA, USSAV","Savannah, GA, USSAV","Jakarta, JK, IDJKT",IDJKT,YMLU,YML,51625,DRY,1,10/27/2025,12/31/2025,11/5/2025 9:38,733,733,145,145,878,878,1
2886,USSAV,USSAV,IDJKT,"Savannah, GA, USSAV","Savannah, GA, USSAV","Jakarta, JK, IDJKT",IDJKT,MAEU,Maersk,300094432,DRY,0,10/16/2025,3/31/2026,11/5/2025 9:38,775,775,0,0,775,775,1
2887,USSAV,USSAV,IDJKT,"Savannah, GA, USSAV","Savannah, GA, USSAV","Jakarta, JK, IDJKT",IDJKT,ONEY,ONE,CHIM354B25,DRY,1,10/1/2025,12/31/2025,11/5/2025 9:38,814,814,505.63,505.63,1319.63,1319.63,1
2888,USSAV,USSAV,IDJKT,"Savannah, GA, USSAV","Savannah, GA, USSAV","Jakarta, JK, IDJKT",JAKARTA,EGLV,EMC,SC103574,DRY,,10/1/2025,12/31/2025,11/5/2025 9:38,850,850,145,145,995,995,1
2889,USSAV,USSAV,IDJKT,"Savannah, GA, USSAV","Savannah, GA, USSAV","Jakarta, JK, IDJKT",SGSIN,YMLU,YML,51625,DRY,1,10/27/2025,12/31/2025,11/5/2025 9:38,983,983,268.95,268.95,1251.95,1251.95,1
2890,USSAV,USSAV,IDJKT,"Savannah, GA, USSAV","Savannah, GA, USSAV","Jakarta, JK, IDJKT",CNSHG,YMLU,YML,51625,DRY,1,10/27/2025,12/31/2025,11/5/2025 9:38,983,983,224.8,224.8,1207.8,1207.8,1
2891,USSAV,USSAV,IDPLM,"Savannah, GA, USSAV","Savannah, GA, USSAV","Palembang, Sumatra, , IDPLM",SGSIN,YMLU,YML,51625,DRY,1,10/27/2025,12/31/2025,11/5/2025 9:38,1433,1433,268.95,268.95,1701.95,1701.95,1
2892,USSAV,USSAV,IDSRG,"Savannah, GA, USSAV","Savannah, GA, USSAV","Semarang, JT, IDSRG",IDSRG,OOLU,OOCL,MT256104,DRY,2,10/20/2025,12/31/2025,11/5/2025 9:38,667,667,145,145,812,812,1
2893,USSAV,USSAV,IDSRG,"Savannah, GA, USSAV","Savannah, GA, USSAV","Semarang, JT, IDSRG",IDSRG,MAEU,Maersk,300094432,DRY,0,10/16/2025,3/31/2026,11/5/2025 9:38,775,775,0,0,775,775,1
2894,USSAV,USSAV,IDSRG,"Savannah, GA, USSAV","Savannah, GA, USSAV","Semarang, JT, IDSRG",SEMARANG,EGLV,EMC,SC103574,DRY,,10/1/2025,12/31/2025,11/5/2025 9:38,850,850,145,145,995,995,1
2895,USSAV,USSAV,IDSRG,"Savannah, GA, USSAV","Savannah, GA, USSAV","Semarang, JT, IDSRG",IDSRG,YMLU,YML,51625,DRY,1,10/27/2025,12/31/2025,11/5/2025 9:38,958,958,0,0,958,958,1
2896,USSAV,USSAV,IDSRG,"Savannah, GA, USSAV","Savannah, GA, USSAV","Semarang, JT, IDSRG",SGSIN,YMLU,YML,51625,DRY,1,10/27/2025,12/31/2025,11/5/2025 9:38,1033,1033,268.95,268.95,1301.95,1301.95,1
2897,USSAV,USSAV,IDSRG,"Savannah, GA, USSAV","Savannah, GA, USSAV","Semarang, JT, IDSRG",IDSRG,ONEY,ONE,CHIM354B25,DRY,1,10/1/2025,12/31/2025,11/5/2025 9:38,1144,1144,505.63,505.63,1649.63,1649.63,1
2898,USSAV,USSAV,IDSUB,"Savannah, GA, USSAV","Savannah, GA, USSAV","Surabaya, JI, IDSUB",IDSUB,YMLU,YML,51625,DRY,1,10/27/2025,12/31/2025,11/5/2025 9:38,618,618,145,145,763,763,1
2899,USSAV,USSAV,IDSUB,"Savannah, GA, USSAV","Savannah, GA, USSAV","Surabaya, JI, IDSUB",IDSUB,YMLU,YML,51625,DRY,1,10/27/2025,12/31/2025,11/5/2025 9:38,658,658,0,0,658,658,1
2900,USSAV,USSAV,IDSUB,"Savannah, GA, USSAV","Savannah, GA, USSAV","Surabaya, JI, IDSUB",IDSUB,OOLU,OOCL,MT256104,DRY,2,10/20/2025,12/31/2025,11/5/2025 9:38,667,667,145,145,812,812,1
2901,USSAV,USSAV,IDSUB,"Savannah, GA, USSAV","Savannah, GA, USSAV","Surabaya, JI, IDSUB",IDSUB,MAEU,Maersk,300094432,DRY,0,10/16/2025,3/31/2026,11/5/2025 9:38,775,775,0,0,775,775,1
2902,USSAV,USSAV,IDSUB,"Savannah, GA, USSAV","Savannah, GA, USSAV","Surabaya, JI, IDSUB",SURABAYA,EGLV,EMC,SC103574,DRY,,10/1/2025,12/31/2025,11/5/2025 9:38,850,850,145,145,995,995,1
2903,USSAV,USSAV,IDSUB,"Savannah, GA, USSAV","Savannah, GA, USSAV","Surabaya, JI, IDSUB",CNSHG,YMLU,YML,51625,DRY,1,10/27/2025,12/31/2025,11/5/2025 9:38,983,983,224.8,224.8,1207.8,1207.8,1
2904,USSAV,USSAV,IDSUB,"Savannah, GA, USSAV","Savannah, GA, USSAV","Surabaya, JI, IDSUB",SGSIN,YMLU,YML,51625,DRY,1,10/27/2025,12/31/2025,11/5/2025 9:38,983,983,268.95,268.95,1251.95,1251.95,1
2905,USSAV,USSAV,IDSUB,"Savannah, GA, USSAV","Savannah, GA, USSAV","Surabaya, JI, IDSUB",IDSUB,ONEY,ONE,CHIM354B25,DRY,1,10/1/2025,12/31/2025,11/5/2025 9:38,1034,1034,505.63,505.63,1539.63,1539.63,1
2906,USSAV,USSAV,INCCU,"Savannah, GA, USSAV","Savannah, GA, USSAV","Kolkata (ex Calcutta), WB, INCCU",INCCU,ONEY,ONE,CHIM354B25,DRY,1,10/1/2025,12/31/2025,11/5/2025 9:38,1964,1964,280.64,280.64,2244.64,2244.64,1
2907,USSAV,USSAV,INCCU,"Savannah, GA, USSAV","Savannah, GA, USSAV","Kolkata (ex Calcutta), WB, INCCU",CNSHG,YMLU,YML,51625,DRY,1,10/27/2025,12/31/2025,11/5/2025 9:38,2033,2033,224.8,224.8,2257.8,2257.8,1
2908,USSAV,USSAV,INCCU,"Savannah, GA, USSAV","Savannah, GA, USSAV","Kolkata (ex Calcutta), WB, INCCU",CNNBG,YMLU,YML,51625,DRY,1,10/27/2025,12/31/2025,11/5/2025 9:38,2033,2033,224.8,224.8,2257.8,2257.8,1
2909,USSAV,USSAV,INCCU,"Savannah, GA, USSAV","Savannah, GA, USSAV","Kolkata (ex Calcutta), WB, INCCU",SGSIN,YMLU,YML,51625,DRY,1,10/27/2025,12/31/2025,11/5/2025 9:38,2033,2033,268.95,268.95,2301.95,2301.95,1
2910,USSAV,USSAV,INCOK,"Savannah, GA, USSAV","Savannah, GA, USSAV","Cochin, KL, INCOK",INCOK,MAEU,Maersk,300094432,DRY,0,10/16/2025,3/31/2026,11/5/2025 9:38,1764,1764,0,0,1764,1764,1
2911,USSAV,USSAV,INCOK,"Savannah, GA, USSAV","Savannah, GA, USSAV","Cochin, KL, INCOK",INCOK,ONEY,ONE,CHIM354B25,DRY,1,10/1/2025,12/31/2025,11/5/2025 9:38,1964,1964,249.51,249.51,2213.51,2213.51,1
2912,USSAV,USSAV,INHAL,"Savannah, GA, USSAV","Savannah, GA, USSAV","Haldia, WB, INHAL",INHAL,OOLU,OOCL,MT256104,DRY,2,10/20/2025,12/31/2025,11/5/2025 9:38,2957,2957,0,0,2957,2957,1
2913,USSAV,USSAV,INHZA,"Savannah, GA, USSAV","Savannah, GA, USSAV","Hazira Port/Surat, GJ, INHZA",INHZA,ONEY,ONE,CHIM354B25,DRY,1,10/1/2025,12/31/2025,11/5/2025 9:38,1064,1064,262.63,262.63,1326.63,1326.63,1
2914,USSAV,USSAV,INKOC,"Savannah, GA, USSAV","Savannah, GA, USSAV","Kochi, , INKOC",KRPUS,YMLU,YML,51625,DRY,1,10/27/2025,12/31/2025,11/5/2025 9:38,2423,2423,125.98,125.98,2548.98,2548.98,1
2915,USSAV,USSAV,INKOC,"Savannah, GA, USSAV","Savannah, GA, USSAV","Kochi, , INKOC",INKOC,OOLU,OOCL,MT256104,DRY,2,10/20/2025,12/31/2025,11/5/2025 9:38,3187,3187,270.35,270.35,3457.35,3457.35,1
2916,USSAV,USSAV,INKTP,"Savannah, GA, USSAV","Savannah, GA, USSAV","Kattupalli Port, TN, INKTP",INKTP,OOLU,OOCL,MT256104,DRY,2,10/20/2025,12/31/2025,11/5/2025 9:38,1337,1337,0,0,1337,1337,1
2917,USSAV,USSAV,INMAA,"Savannah, GA, USSAV","Savannah, GA, USSAV","Chennai (ex Madras), TN, INMAA",INMAA,MAEU,Maersk,300094432,DRY,0,10/16/2025,3/31/2026,11/5/2025 9:38,1764,1764,0,0,1764,1764,1
2918,USSAV,USSAV,INMAA,"Savannah, GA, USSAV","Savannah, GA, USSAV","Chennai (ex Madras), TN, INMAA",CNSHG,YMLU,YML,51625,DRY,1,10/27/2025,12/31/2025,11/5/2025 9:38,1783,1783,224.8,224.8,2007.8,2007.8,1
2919,USSAV,USSAV,INMAA,"Savannah, GA, USSAV","Savannah, GA, USSAV","Chennai (ex Madras), TN, INMAA",CNNBG,YMLU,YML,51625,DRY,1,10/27/2025,12/31/2025,11/5/2025 9:38,1783,1783,224.8,224.8,2007.8,2007.8,1
2920,USSAV,USSAV,INMAA,"Savannah, GA, USSAV","Savannah, GA, USSAV","Chennai (ex Madras), TN, INMAA",SGSIN,YMLU,YML,51625,DRY,1,10/27/2025,12/31/2025,11/5/2025 9:38,1783,1783,268.95,268.95,2051.95,2051.95,1
2921,USSAV,USSAV,INMAA,"Savannah, GA, USSAV","Savannah, GA, USSAV","Chennai (ex Madras), TN, INMAA",INMAA,ONEY,ONE,CHIM354B25,DRY,1,10/1/2025,12/31/2025,11/5/2025 9:38,1964,1964,227.54,227.54,2191.54,2191.54,1
2922,USSAV,USSAV,INMUN,"Savannah, GA, USSAV","Savannah, GA, USSAV","Mundra, GJ, INMUN",INMUN,OOLU,OOCL,MT256104,DRY,2,10/20/2025,12/31/2025,11/5/2025 9:38,747,747,180.23,180.23,927.23,927.23,1
2923,USSAV,USSAV,INMUN,"Savannah, GA, USSAV","Savannah, GA, USSAV","Mundra, GJ, INMUN",INMUN,ONEY,ONE,CHIM354B25,DRY,1,10/1/2025,12/31/2025,11/5/2025 9:38,1114,1114,324.41,324.41,1438.41,1438.41,1
2924,USSAV,USSAV,INMUN,"Savannah, GA, USSAV","Savannah, GA, USSAV","Mundra, GJ, INMUN",INMUN,MAEU,Maersk,300094432,DRY,0,10/16/2025,3/31/2026,11/5/2025 9:38,1420,1420,0,0,1420,1420,1
2925,USSAV,USSAV,INNSA,"Savannah, GA, USSAV","Savannah, GA, USSAV","Nhava Sheva, MH, INNSA",INNSA,OOLU,OOCL,MT256104,DRY,2,10/20/2025,12/31/2025,11/5/2025 9:38,747,747,157.7,157.7,904.7,904.7,1
2926,USSAV,USSAV,INNSA,"Savannah, GA, USSAV","Savannah, GA, USSAV","Nhava Sheva, MH, INNSA",INNSA,ONEY,ONE,CHIM354B25,DRY,1,10/1/2025,12/31/2025,11/5/2025 9:38,1114,1114,290.62,290.62,1404.62,1404.62,1
2927,USSAV,USSAV,INNSA,"Savannah, GA, USSAV","Savannah, GA, USSAV","Nhava Sheva, MH, INNSA",NHAVA SHEVA,EGLV,EMC,SC103574,DRY,,10/1/2025,12/31/2025,11/5/2025 9:38,1300,1300,199.65,199.65,1499.65,1499.65,1
2928,USSAV,USSAV,INNSA,"Savannah, GA, USSAV","Savannah, GA, USSAV","Nhava Sheva, MH, INNSA",INNSA,MAEU,Maersk,300094432,DRY,0,10/16/2025,3/31/2026,11/5/2025 9:38,1420,1420,0,0,1420,1420,1
2929,USSAV,USSAV,INPAV,"Savannah, GA, USSAV","Savannah, GA, USSAV","Pipavav (Victor) Port, GJ, INPAV",INPAV,MAEU,Maersk,300094432,DRY,0,10/16/2025,3/31/2026,11/5/2025 9:38,1420,1420,0,0,1420,1420,1
2930,USSAV,USSAV,INPAV,"Savannah, GA, USSAV","Savannah, GA, USSAV","Pipavav (Victor) Port, GJ, INPAV",INPAV,ONEY,ONE,CHIM354B25,DRY,1,10/1/2025,12/31/2025,11/5/2025 9:38,1964,1964,279.98,279.98,2243.98,2243.98,1
2931,USSAV,USSAV,INTUT,"Savannah, GA, USSAV","Savannah, GA, USSAV","Tuticorin, TN, INTUT",INTUT,MAEU,Maersk,300094432,DRY,0,10/16/2025,3/31/2026,11/5/2025 9:38,1420,1420,0,0,1420,1420,1
2932,USSAV,USSAV,INTUT,"Savannah, GA, USSAV","Savannah, GA, USSAV","Tuticorin, TN, INTUT",INTUT,ONEY,ONE,CHIM354B25,DRY,1,10/1/2025,12/31/2025,11/5/2025 9:38,1964,1964,211.77,211.77,2175.77,2175.77,1
2933,USSAV,USSAV,INTUT,"Savannah, GA, USSAV","Savannah, GA, USSAV","Tuticorin, TN, INTUT",INTUT,OOLU,OOCL,MT256104,DRY,2,10/20/2025,12/31/2025,11/5/2025 9:38,2117,2117,78.85,78.85,2195.85,2195.85,1
2934,USSAV,USSAV,ITSPE,"Savannah, GA, USSAV","Savannah, GA, USSAV","La Spezia, , ITSPE",ITSPE,ONEY,ONE,CHIM354B25,DRY,1,10/1/2025,12/31/2025,11/5/2025 9:38,809,809,380.47,380.47,1189.47,1189.47,1
2935,USSAV,USSAV,JPABU,"Savannah, GA, USSAV","Savannah, GA, USSAV","Aburatsu, 45, JPABU",KRPUS,YMLU,YML,51625,DRY,1,10/27/2025,12/31/2025,11/5/2025 9:38,1933,1933,125.98,125.98,2058.98,2058.98,1
2936,USSAV,USSAV,JPAXT,"Savannah, GA, USSAV","Savannah, GA, USSAV","Akita, 5, JPAXT",KRPUS,YMLU,YML,51625,DRY,1,10/27/2025,12/31/2025,11/5/2025 9:38,1933,1933,125.98,125.98,2058.98,2058.98,1
2937,USSAV,USSAV,JPFKY,"Savannah, GA, USSAV","Savannah, GA, USSAV","Fukuyama, Hiroshima, 34, JPFKY",KRPUS,YMLU,YML,51625,DRY,1,10/27/2025,12/31/2025,11/5/2025 9:38,2253,2253,125.98,125.98,2378.98,2378.98,1
2938,USSAV,USSAV,JPHHE,"Savannah, GA, USSAV","Savannah, GA, USSAV","Hachinohe, 2, JPHHE",KRPUS,YMLU,YML,51625,DRY,1,10/27/2025,12/31/2025,11/5/2025 9:38,2733,2733,125.98,125.98,2858.98,2858.98,1
2939,USSAV,USSAV,JPHIJ,"Savannah, GA, USSAV","Savannah, GA, USSAV","Hiroshima, 34, JPHIJ",JPHIJ,ONEY,ONE,CHIM354B25,DRY,1,10/1/2025,12/31/2025,11/5/2025 9:38,1404,1404,324.73,324.73,1728.73,1728.73,1
2940,USSAV,USSAV,JPHIJ,"Savannah, GA, USSAV","Savannah, GA, USSAV","Hiroshima, 34, JPHIJ",KRPUS,YMLU,YML,51625,DRY,1,10/27/2025,12/31/2025,11/5/2025 9:38,1543,1543,125.98,125.98,1668.98,1668.98,1
2941,USSAV,USSAV,JPHKD,"Savannah, GA, USSAV","Savannah, GA, USSAV","Hakodate, 1, JPHKD",KRPUS,YMLU,YML,51625,DRY,1,10/27/2025,12/31/2025,11/5/2025 9:38,2183,2183,125.98,125.98,2308.98,2308.98,1
2942,USSAV,USSAV,JPHMD,"Savannah, GA, USSAV","Savannah, GA, USSAV","Hamada, 32, JPHMD",KRPUS,YMLU,YML,51625,DRY,1,10/27/2025,12/31/2025,11/5/2025 9:38,2453,2453,125.98,125.98,2578.98,2578.98,1
2943,USSAV,USSAV,JPHSM,"Savannah, GA, USSAV","Savannah, GA, USSAV","Hososhima, 45, JPHSM",JPHSM,ONEY,ONE,CHIM354B25,DRY,1,10/1/2025,12/31/2025,11/5/2025 9:38,1264,1264,342.26,342.26,1606.26,1606.26,1
2944,USSAV,USSAV,JPHTD,"Savannah, GA, USSAV","Savannah, GA, USSAV","Hakata, 38, JPHTD",HAKATA,EGLV,EMC,SC103574,DRY,,10/1/2025,12/31/2025,11/5/2025 9:38,950,950,311.74,311.74,1261.74,1261.74,1
2945,USSAV,USSAV,JPHTD,"Savannah, GA, USSAV","Savannah, GA, USSAV","Hakata, 38, JPHTD",JPHTD,OOLU,OOCL,MT256104,DRY,2,10/20/2025,12/31/2025,11/5/2025 9:38,982,982,318.23,318.23,1300.23,1300.23,1
2946,USSAV,USSAV,JPIMB,"Savannah, GA, USSAV","Savannah, GA, USSAV","Imabari, 38, JPIMB",KRPUS,YMLU,YML,51625,DRY,1,10/27/2025,12/31/2025,11/5/2025 9:38,1993,1993,125.98,125.98,2118.98,2118.98,1
2947,USSAV,USSAV,JPIMI,"Savannah, GA, USSAV","Savannah, GA, USSAV","Imari, 41, JPIMI",CNSHG,YMLU,YML,51625,DRY,1,10/27/2025,12/31/2025,11/5/2025 9:38,1353,1353,224.8,224.8,1577.8,1577.8,1
2948,USSAV,USSAV,JPISI,"Savannah, GA, USSAV","Savannah, GA, USSAV","Ishikari, 1, JPISI",KRPUS,YMLU,YML,51625,DRY,1,10/27/2025,12/31/2025,11/5/2025 9:38,2313,2313,125.98,125.98,2438.98,2438.98,1
2949,USSAV,USSAV,JPIWK,"Savannah, GA, USSAV","Savannah, GA, USSAV","Iwakuni, 35, JPIWK",KRPUS,YMLU,YML,51625,DRY,1,10/27/2025,12/31/2025,11/5/2025 9:38,2193,2193,125.98,125.98,2318.98,2318.98,1
2950,USSAV,USSAV,JPIYM,"Savannah, GA, USSAV","Savannah, GA, USSAV","Iyomishima, 38, JPIYM",CNSHG,YMLU,YML,51625,DRY,1,10/27/2025,12/31/2025,11/5/2025 9:38,1183,1183,224.8,224.8,1407.8,1407.8,1
2951,USSAV,USSAV,JPIYM,"Savannah, GA, USSAV","Savannah, GA, USSAV","Iyomishima, 38, JPIYM",JPIYM,ONEY,ONE,CHIM354B25,DRY,1,10/1/2025,12/31/2025,11/5/2025 9:38,1564,1564,342.26,342.26,1906.26,1906.26,1
2952,USSAV,USSAV,JPKCZ,"Savannah, GA, USSAV","Savannah, GA, USSAV","Kochi, 39, JPKCZ",JPKCZ,ONEY,ONE,CHIM354B25,DRY,1,10/1/2025,12/31/2025,11/5/2025 9:38,1704,1704,342.26,342.26,2046.26,2046.26,1
2953,USSAV,USSAV,JPKIJ,"Savannah, GA, USSAV","Savannah, GA, USSAV","Niigata, 15, JPKIJ",JPKIJ,ONEY,ONE,CHIM354B25,DRY,1,10/1/2025,12/31/2025,11/5/2025 9:38,1464,1464,342.26,342.26,1806.26,1806.26,1
2954,USSAV,USSAV,JPKMJ,"Savannah, GA, USSAV","Savannah, GA, USSAV","Kumamoto, 43, JPKMJ",KRPUS,YMLU,YML,51625,DRY,1,10/27/2025,12/31/2025,11/5/2025 9:38,1883,1883,125.98,125.98,2008.98,2008.98,1
2955,USSAV,USSAV,JPKNZ,"Savannah, GA, USSAV","Savannah, GA, USSAV","Kanazawa, 17, JPKNZ",KRPUS,YMLU,YML,51625,DRY,1,10/27/2025,12/31/2025,11/5/2025 9:38,2123,2123,125.98,125.98,2248.98,2248.98,1
2956,USSAV,USSAV,JPKST,"Savannah, GA, USSAV","Savannah, GA, USSAV","Kisakata, 5, JPKST",KRPUS,YMLU,YML,51625,DRY,1,10/27/2025,12/31/2025,11/5/2025 9:38,2313,2313,125.98,125.98,2438.98,2438.98,1
2957,USSAV,USSAV,JPKUH,"Savannah, GA, USSAV","Savannah, GA, USSAV","Kushiro, 1, JPKUH",KRPUS,YMLU,YML,51625,DRY,1,10/27/2025,12/31/2025,11/5/2025 9:38,2538,2538,125.98,125.98,2663.98,2663.98,1
2958,USSAV,USSAV,JPKWS,"Savannah, GA, USSAV","Savannah, GA, USSAV","Kawasaki, 14, JPKWS",JPKWS,ONEY,ONE,CHIM354B25,DRY,1,10/1/2025,12/31/2025,11/5/2025 9:38,674,674,17.54,17.54,691.54,691.54,1
2959,USSAV,USSAV,JPMII,"Savannah, GA, USSAV","Savannah, GA, USSAV","Miike, Fukuoka, 40, JPMII",KRPUS,YMLU,YML,51625,DRY,1,10/27/2025,12/31/2025,11/5/2025 9:38,2253,2253,125.98,125.98,2378.98,2378.98,1
2960,USSAV,USSAV,JPMIZ,"Savannah, GA, USSAV","Savannah, GA, USSAV","Mizushima, 33, JPMIZ",CNNBG,YMLU,YML,51625,DRY,1,10/27/2025,12/31/2025,11/5/2025 9:38,1053,1053,224.8,224.8,1277.8,1277.8,1
2961,USSAV,USSAV,JPMOJ,"Savannah, GA, USSAV","Savannah, GA, USSAV","Moji/Kitakyushu, 40, JPMOJ",JPMOJ,MAEU,Maersk,300094432,DRY,0,10/16/2025,3/31/2026,10/22/2025 19:06,638,638,0,0,638,638,1
2962,USSAV,USSAV,JPMOJ,"Savannah, GA, USSAV","Savannah, GA, USSAV","Moji/Kitakyushu, 40, JPMOJ",JPMOJ,ONEY,ONE,CHIM354B25,DRY,1,10/1/2025,12/31/2025,11/5/2025 9:38,1164,1164,342.26,342.26,1506.26,1506.26,1
2963,USSAV,USSAV,JPNAH,"Savannah, GA, USSAV","Savannah, GA, USSAV","Naha, Okinawa, 47, JPNAH",TWKHH,YMLU,YML,51625,DRY,1,10/27/2025,12/31/2025,11/5/2025 9:38,1213,1213,227.3,227.3,1440.3,1440.3,1
2964,USSAV,USSAV,JPNAO,"Savannah, GA, USSAV","Savannah, GA, USSAV","Naoetsu, 15, JPNAO",JPNAO,ONEY,ONE,CHIM354B25,DRY,1,10/1/2025,12/31/2025,11/5/2025 9:38,1774,1774,342.26,342.26,2116.26,2116.26,1
2965,USSAV,USSAV,JPNAO,"Savannah, GA, USSAV","Savannah, GA, USSAV","Naoetsu, 15, JPNAO",KRPUS,YMLU,YML,51625,DRY,1,10/27/2025,12/31/2025,11/5/2025 9:38,2333,2333,125.98,125.98,2458.98,2458.98,1
2966,USSAV,USSAV,JPNGO,"Savannah, GA, USSAV","Savannah, GA, USSAV","Nagoya, Aichi, 23, JPNGO",JPNGO,MAEU,Maersk,300094432,DRY,0,10/16/2025,3/31/2026,10/22/2025 19:06,380,380,0,0,380,380,1
2967,USSAV,USSAV,JPNGO,"Savannah, GA, USSAV","Savannah, GA, USSAV","Nagoya, Aichi, 23, JPNGO",SGSIN,YMLU,YML,51625,DRY,1,10/27/2025,12/31/2025,11/5/2025 9:38,483,483,321.48,321.48,804.48,804.48,1
2968,USSAV,USSAV,JPNGO,"Savannah, GA, USSAV","Savannah, GA, USSAV","Nagoya, Aichi, 23, JPNGO",SGSIN,YMLU,YML,51625,DRY,1,10/27/2025,12/31/2025,11/5/2025 9:38,558,558,268.95,268.95,826.95,826.95,1
2969,USSAV,USSAV,JPNGO,"Savannah, GA, USSAV","Savannah, GA, USSAV","Nagoya, Aichi, 23, JPNGO",JPNGO,ONEY,ONE,CHIM354B25,DRY,1,10/1/2025,12/31/2025,11/5/2025 9:38,674,674,342.26,342.26,1016.26,1016.26,1
2970,USSAV,USSAV,JPNGO,"Savannah, GA, USSAV","Savannah, GA, USSAV","Nagoya, Aichi, 23, JPNGO",NAGOYA,EGLV,EMC,SC103574,DRY,,10/1/2025,12/31/2025,11/5/2025 9:38,950,950,311.74,311.74,1261.74,1261.74,1
2971,USSAV,USSAV,JPNGO,"Savannah, GA, USSAV","Savannah, GA, USSAV","Nagoya, Aichi, 23, JPNGO",JPNGO,OOLU,OOCL,MT256104,DRY,2,10/20/2025,12/31/2025,11/5/2025 9:38,982,982,318.23,318.23,1300.23,1300.23,1
2972,USSAV,USSAV,JPOIT,"Savannah, GA, USSAV","Savannah, GA, USSAV","Oita, 44, JPOIT",KRPUS,YMLU,YML,51625,DRY,1,10/27/2025,12/31/2025,11/5/2025 9:38,1953,1953,125.98,125.98,2078.98,2078.98,1
2973,USSAV,USSAV,JPONA,"Savannah, GA, USSAV","Savannah, GA, USSAV","Onahama, 7, JPONA",KRPUS,YMLU,YML,51625,DRY,1,10/27/2025,12/31/2025,11/5/2025 9:38,2473,2473,125.98,125.98,2598.98,2598.98,1
2974,USSAV,USSAV,JPOSA,"Savannah, GA, USSAV","Savannah, GA, USSAV","Osaka, 27, JPOSA",JPOSA,YMLU,YML,51625,DRY,1,10/27/2025,12/31/2025,11/5/2025 9:38,608,608,321.48,321.48,929.48,929.48,1
2975,USSAV,USSAV,JPOSA,"Savannah, GA, USSAV","Savannah, GA, USSAV","Osaka, 27, JPOSA","Kobe, JP",MAEU,Maersk,300094432,DRY,0,10/16/2025,3/31/2026,10/22/2025 19:06,630,630,0,0,630,630,1
2976,USSAV,USSAV,JPOSA,"Savannah, GA, USSAV","Savannah, GA, USSAV","Osaka, 27, JPOSA",JPOSA,ONEY,ONE,CHIM354B25,DRY,1,10/1/2025,12/31/2025,11/5/2025 9:38,769,769,342.26,342.26,1111.26,1111.26,1
2977,USSAV,USSAV,JPOSA,"Savannah, GA, USSAV","Savannah, GA, USSAV","Osaka, 27, JPOSA",OSAKA,EGLV,EMC,SC103574,DRY,,10/1/2025,12/31/2025,11/5/2025 9:38,950,950,311.74,311.74,1261.74,1261.74,1
2978,USSAV,USSAV,JPOTK,"Savannah, GA, USSAV","Savannah, GA, USSAV","Otake, 34, JPOTK",KRPUS,YMLU,YML,51625,DRY,1,10/27/2025,12/31/2025,11/5/2025 9:38,2333,2333,125.98,125.98,2458.98,2458.98,1
2979,USSAV,USSAV,JPSBS,"Savannah, GA, USSAV","Savannah, GA, USSAV","Shibushi, 46, JPSBS",JPSBS,ONEY,ONE,CHIM354B25,DRY,1,10/1/2025,12/31/2025,11/5/2025 9:38,1564,1564,342.26,342.26,1906.26,1906.26,1
2980,USSAV,USSAV,JPSDJ,"Savannah, GA, USSAV","Savannah, GA, USSAV","Sendai, Miyagi, 4, JPSDJ",JPSDJ,ONEY,ONE,CHIM354B25,DRY,1,10/1/2025,12/31/2025,11/5/2025 9:38,1494,1494,342.26,342.26,1836.26,1836.26,1
2981,USSAV,USSAV,JPSDJ,"Savannah, GA, USSAV","Savannah, GA, USSAV","Sendai, Miyagi, 4, JPSDJ",KRPUS,YMLU,YML,51625,DRY,1,10/27/2025,12/31/2025,11/5/2025 9:38,2483,2483,125.98,125.98,2608.98,2608.98,1
2982,USSAV,USSAV,JPSEN,"Savannah, GA, USSAV","Savannah, GA, USSAV","Satsumasendai, 46, JPSEN",KRPUS,YMLU,YML,51625,DRY,1,10/27/2025,12/31/2025,11/5/2025 9:38,2363,2363,125.98,125.98,2488.98,2488.98,1
2983,USSAV,USSAV,JPSHS,"Savannah, GA, USSAV","Savannah, GA, USSAV","Shimonoseki, 35, JPSHS",KRPUS,YMLU,YML,51625,DRY,1,10/27/2025,12/31/2025,11/5/2025 9:38,2203,2203,125.98,125.98,2328.98,2328.98,1
2984,USSAV,USSAV,JPSMN,"Savannah, GA, USSAV","Savannah, GA, USSAV","Sakaiminato, 31, JPSMN",JPSMN,ONEY,ONE,CHIM354B25,DRY,1,10/1/2025,12/31/2025,11/5/2025 9:38,1804,1804,0,0,1804,1804,1
2985,USSAV,USSAV,JPSMZ,"Savannah, GA, USSAV","Savannah, GA, USSAV","Shimizu, 22, JPSMZ",JPSMZ,ONEY,ONE,CHIM354B25,DRY,1,10/1/2025,12/31/2025,11/5/2025 9:38,864,864,342.26,342.26,1206.26,1206.26,1
2986,USSAV,USSAV,JPTAK,"Savannah, GA, USSAV","Savannah, GA, USSAV","Takamatsu, 37, JPTAK",KRPUS,YMLU,YML,51625,DRY,1,10/27/2025,12/31/2025,11/5/2025 9:38,2253,2253,125.98,125.98,2378.98,2378.98,1
2987,USSAV,USSAV,JPTHS,"Savannah, GA, USSAV","Savannah, GA, USSAV","Toyohashi, 23, JPTHS",KRPUS,YMLU,YML,51625,DRY,1,10/27/2025,12/31/2025,11/5/2025 9:38,1343,1343,125.98,125.98,1468.98,1468.98,1
2988,USSAV,USSAV,JPTKS,"Savannah, GA, USSAV","Savannah, GA, USSAV","Tokushima, 36, JPTKS",JPTKS,ONEY,ONE,CHIM354B25,DRY,1,10/1/2025,12/31/2025,11/5/2025 9:38,2164,2164,342.26,342.26,2506.26,2506.26,1
2989,USSAV,USSAV,JPTKS,"Savannah, GA, USSAV","Savannah, GA, USSAV","Tokushima, 36, JPTKS",KRPUS,YMLU,YML,51625,DRY,1,10/27/2025,12/31/2025,11/5/2025 9:38,2233,2233,125.98,125.98,2358.98,2358.98,1
2990,USSAV,USSAV,JPTKY,"Savannah, GA, USSAV","Savannah, GA, USSAV","Tokuyama, 35, JPTKY",KRPUS,YMLU,YML,51625,DRY,1,10/27/2025,12/31/2025,11/5/2025 9:38,2023,2023,125.98,125.98,2148.98,2148.98,1
2991,USSAV,USSAV,JPTMK,"Savannah, GA, USSAV","Savannah, GA, USSAV","Tomakomai, 1, JPTMK",JPTMK,ONEY,ONE,CHIM354B25,DRY,1,10/1/2025,12/31/2025,11/5/2025 9:38,674,674,342.26,342.26,1016.26,1016.26,1
2992,USSAV,USSAV,JPTMK,"Savannah, GA, USSAV","Savannah, GA, USSAV","Tomakomai, 1, JPTMK",KRPUS,YMLU,YML,51625,DRY,1,10/27/2025,12/31/2025,11/5/2025 9:38,1958,1958,125.98,125.98,2083.98,2083.98,1
2993,USSAV,USSAV,JPTOY,"Savannah, GA, USSAV","Savannah, GA, USSAV","Toyama, 16, JPTOY",KRPUS,YMLU,YML,51625,DRY,1,10/27/2025,12/31/2025,11/5/2025 9:38,2173,2173,125.98,125.98,2298.98,2298.98,1
2994,USSAV,USSAV,JPTRG,"Savannah, GA, USSAV","Savannah, GA, USSAV","Tsuruga, 18, JPTRG",KRPUS,YMLU,YML,51625,DRY,1,10/27/2025,12/31/2025,11/5/2025 9:38,2093,2093,125.98,125.98,2218.98,2218.98,1
2995,USSAV,USSAV,JPTYO,"Savannah, GA, USSAV","Savannah, GA, USSAV","Tokyo, 13, JPTYO",JPTYO,MAEU,Maersk,300094432,DRY,0,10/16/2025,3/31/2026,10/22/2025 19:06,380,380,0,0,380,380,1
2996,USSAV,USSAV,JPTYO,"Savannah, GA, USSAV","Savannah, GA, USSAV","Tokyo, 13, JPTYO",SGSIN,YMLU,YML,51625,DRY,1,10/27/2025,12/31/2025,11/5/2025 9:38,558,558,268.95,268.95,826.95,826.95,1
2997,USSAV,USSAV,JPTYO,"Savannah, GA, USSAV","Savannah, GA, USSAV","Tokyo, 13, JPTYO",JPTYO,ONEY,ONE,CHIM354B25,DRY,1,10/1/2025,12/31/2025,11/5/2025 9:38,674,674,342.26,342.26,1016.26,1016.26,1
2998,USSAV,USSAV,JPTYO,"Savannah, GA, USSAV","Savannah, GA, USSAV","Tokyo, 13, JPTYO",JPTYO,OOLU,OOCL,MT256104,DRY,2,10/20/2025,12/31/2025,11/5/2025 9:38,1237,1237,318.23,318.23,1555.23,1555.23,1
2999,USSAV,USSAV,JPUKB,"Savannah, GA, USSAV","Savannah, GA, USSAV","Kobe, 28, JPUKB",SGSIN,YMLU,YML,51625,DRY,1,10/27/2025,12/31/2025,11/5/2025 9:38,483,483,321.48,321.48,804.48,804.48,1
3000,USSAV,USSAV,JPUKB,"Savannah, GA, USSAV","Savannah, GA, USSAV","Kobe, 28, JPUKB",SGSIN,YMLU,YML,51625,DRY,1,10/27/2025,12/31/2025,11/5/2025 9:38,558,558,268.95,268.95,826.95,826.95,1
3001,USSAV,USSAV,JPUKB,"Savannah, GA, USSAV","Savannah, GA, USSAV","Kobe, 28, JPUKB",JPUKB,ONEY,ONE,CHIM354B25,DRY,1,10/1/2025,12/31/2025,11/5/2025 9:38,674,674,342.26,342.26,1016.26,1016.26,1
3002,USSAV,USSAV,JPUKB,"Savannah, GA, USSAV","Savannah, GA, USSAV","Kobe, 28, JPUKB",JPUKB,MAEU,Maersk,300094432,DRY,0,10/16/2025,3/31/2026,10/22/2025 19:06,717,717,0,0,717,717,1
3003,USSAV,USSAV,JPUKB,"Savannah, GA, USSAV","Savannah, GA, USSAV","Kobe, 28, JPUKB",KOBE,EGLV,EMC,SC103574,DRY,,10/1/2025,12/31/2025,11/5/2025 9:38,950,950,311.74,311.74,1261.74,1261.74,1
3004,USSAV,USSAV,JPUKB,"Savannah, GA, USSAV","Savannah, GA, USSAV","Kobe, 28, JPUKB",JPUKB,OOLU,OOCL,MT256104,DRY,2,10/20/2025,12/31/2025,11/5/2025 9:38,982,982,318.23,318.23,1300.23,1300.23,1
3005,USSAV,USSAV,JPYKK,"Savannah, GA, USSAV","Savannah, GA, USSAV","Yokkaichi, 24, JPYKK","Nagoya, JP",MAEU,Maersk,300094432,DRY,0,10/16/2025,3/31/2026,10/22/2025 19:06,683.64,683.64,0,0,683.64,683.64,1
3006,USSAV,USSAV,JPYKK,"Savannah, GA, USSAV","Savannah, GA, USSAV","Yokkaichi, 24, JPYKK",KRPUS,YMLU,YML,51625,DRY,1,10/27/2025,12/31/2025,11/5/2025 9:38,2283,2283,125.98,125.98,2408.98,2408.98,1
3007,USSAV,USSAV,JPYOK,"Savannah, GA, USSAV","Savannah, GA, USSAV","Yokohama, 14, JPYOK",JPYOK,OOLU,OOCL,MT256104,DRY,2,10/20/2025,12/31/2025,11/5/2025 9:38,467,467,318.23,318.23,785.23,785.23,1
3008,USSAV,USSAV,JPYOK,"Savannah, GA, USSAV","Savannah, GA, USSAV","Yokohama, 14, JPYOK",JPYOK,ONEY,ONE,CHIM354B25,DRY,1,10/1/2025,12/31/2025,11/5/2025 9:38,664,664,342.26,342.26,1006.26,1006.26,1
3009,USSAV,USSAV,JPYOK,"Savannah, GA, USSAV","Savannah, GA, USSAV","Yokohama, 14, JPYOK",JPYOK,MAEU,Maersk,300094432,DRY,0,10/16/2025,3/31/2026,10/22/2025 19:06,934,934,0,0,934,934,1
3010,USSAV,USSAV,KRDDC,"Savannah, GA, USSAV","Savannah, GA, USSAV","Dongducheon, 41, KRDDC",KRPUS,YMLU,YML,51625,DRY,1,10/27/2025,12/31/2025,11/5/2025 9:38,1208,1208,125.98,125.98,1333.98,1333.98,1
3011,USSAV,USSAV,KRKAN,"Savannah, GA, USSAV","Savannah, GA, USSAV","Gwangyang, 46, KRKAN",KRKAN,MAEU,Maersk,300094432,DRY,0,10/16/2025,3/31/2026,10/22/2025 19:06,407,407,0,0,407,407,1
3012,USSAV,USSAV,KRKAN,"Savannah, GA, USSAV","Savannah, GA, USSAV","Gwangyang, 46, KRKAN",KRKAN,ONEY,ONE,CHIM354B25,DRY,1,10/1/2025,12/31/2025,11/5/2025 9:38,664,664,171.43,171.42,835.43,835.42,1
3013,USSAV,USSAV,KRKWA,"Savannah, GA, USSAV","Savannah, GA, USSAV","Kwangyang, 49, KRKWA",KRPUS,YMLU,YML,51625,DRY,1,10/27/2025,12/31/2025,11/5/2025 9:38,658,658,125.98,125.98,783.98,783.98,1
3014,USSAV,USSAV,KRPOC,"Savannah, GA, USSAV","Savannah, GA, USSAV","Pocheon, 41, KRPOC",KRPUS,YMLU,YML,51625,DRY,1,10/27/2025,12/31/2025,11/5/2025 9:38,1218,1218,125.98,125.98,1343.98,1343.98,1
3015,USSAV,USSAV,KRPUS,"Savannah, GA, USSAV","Savannah, GA, USSAV","Busan, 26, KRPUS",KRPUS,YMLU,YML,51625,DRY,1,10/27/2025,12/31/2025,11/5/2025 9:38,83,83,125.98,125.98,208.98,208.98,1
3016,USSAV,USSAV,KRPUS,"Savannah, GA, USSAV","Savannah, GA, USSAV","Busan, 26, KRPUS",KRPUS,MAEU,Maersk,300094432,DRY,0,10/16/2025,3/31/2026,10/22/2025 19:06,317,317,0,0,317,317,1
3017,USSAV,USSAV,KRPUS,"Savannah, GA, USSAV","Savannah, GA, USSAV","Busan, 26, KRPUS",KRPUS,OOLU,OOCL,MT256104,DRY,2,10/20/2025,12/31/2025,11/5/2025 9:38,317,317,132.98,132.98,449.98,449.98,1
3018,USSAV,USSAV,KRPUS,"Savannah, GA, USSAV","Savannah, GA, USSAV","Busan, 26, KRPUS",KRPUS,YMLU,YML,51625,DRY,1,10/27/2025,12/31/2025,11/5/2025 9:38,383,383,125.98,125.98,508.98,508.98,1
3019,USSAV,USSAV,KRPUS,"Savannah, GA, USSAV","Savannah, GA, USSAV","Busan, 26, KRPUS",KRPUS,ONEY,ONE,CHIM354B25,DRY,1,10/1/2025,12/31/2025,11/5/2025 9:38,414,414,175.71,175.7,589.71,589.7,1
3020,USSAV,USSAV,KRPUS,"Savannah, GA, USSAV","Savannah, GA, USSAV","Busan, 26, KRPUS",SGSIN,YMLU,YML,51625,DRY,1,10/27/2025,12/31/2025,11/5/2025 9:38,703,703,268.95,268.95,971.95,971.95,1
3021,USSAV,USSAV,KRSEJ,"Savannah, GA, USSAV","Savannah, GA, USSAV","Seongju-gun, 47, KRSEJ",KRPUS,YMLU,YML,51625,DRY,1,10/27/2025,12/31/2025,11/5/2025 9:38,883,883,125.98,125.98,1008.98,1008.98,1
3022,USSAV,USSAV,KRYSN,"Savannah, GA, USSAV","Savannah, GA, USSAV","Yangsan, 48, KRYSN",KRPUS,YMLU,YML,51625,DRY,1,10/27/2025,12/31/2025,11/5/2025 9:38,708,708,125.98,125.98,833.98,833.98,1
3023,USSAV,USSAV,KRYYU,"Savannah, GA, USSAV","Savannah, GA, USSAV","Yangju, 41, KRYYU",KRPUS,YMLU,YML,51625,DRY,1,10/27/2025,12/31/2025,11/5/2025 9:38,1288,1288,125.98,125.98,1413.98,1413.98,1
3024,USSAV,USSAV,LKCMB,"Savannah, GA, USSAV","Savannah, GA, USSAV","Colombo, , LKCMB",LKCMB,ONEY,ONE,CHIM354B25,DRY,1,10/1/2025,12/31/2025,11/5/2025 9:38,1364,1364,0,0,1364,1364,1
3025,USSAV,USSAV,LKCMB,"Savannah, GA, USSAV","Savannah, GA, USSAV","Colombo, , LKCMB",LKCMB,YMLU,YML,51625,DRY,1,10/27/2025,12/31/2025,11/5/2025 9:38,1608,1608,0,0,1608,1608,1
3026,USSAV,USSAV,MYKCH,"Savannah, GA, USSAV","Savannah, GA, USSAV","Kuching, Sarawak, , MYKCH",SGSIN,YMLU,YML,51625,DRY,1,10/27/2025,12/31/2025,11/5/2025 9:38,1348,1348,268.95,268.95,1616.95,1616.95,1
3027,USSAV,USSAV,MYPEN,"Savannah, GA, USSAV","Savannah, GA, USSAV","Penang, , MYPEN",MYPEN,YMLU,YML,51625,DRY,1,10/27/2025,12/31/2025,11/5/2025 9:38,558,558,192.69,192.69,750.69,750.69,1
3028,USSAV,USSAV,MYPEN,"Savannah, GA, USSAV","Savannah, GA, USSAV","Penang, , MYPEN",MYPEN,ONEY,ONE,CHIM354B25,DRY,1,10/1/2025,12/31/2025,11/5/2025 9:38,574,574,203.44,203.44,777.44,777.44,1
3029,USSAV,USSAV,MYPEN,"Savannah, GA, USSAV","Savannah, GA, USSAV","Penang, , MYPEN",MYPEN,MAEU,Maersk,300094432,DRY,0,10/16/2025,3/31/2026,10/22/2025 19:06,897,897,0,0,897,897,1
3030,USSAV,USSAV,MYPEN,"Savannah, GA, USSAV","Savannah, GA, USSAV","Penang, , MYPEN",MYPEN,OOLU,OOCL,MT256104,DRY,2,10/20/2025,12/31/2025,11/5/2025 9:38,962,962,191.02,202.96,1153.02,1164.96,1
3031,USSAV,USSAV,MYPEN,"Savannah, GA, USSAV","Savannah, GA, USSAV","Penang, , MYPEN",CNSHG,YMLU,YML,51625,DRY,1,10/27/2025,12/31/2025,11/5/2025 9:38,1128,1128,224.8,224.8,1352.8,1352.8,1
3032,USSAV,USSAV,MYPEN,"Savannah, GA, USSAV","Savannah, GA, USSAV","Penang, , MYPEN",SGSIN,YMLU,YML,51625,DRY,1,10/27/2025,12/31/2025,11/5/2025 9:38,1128,1128,268.95,268.95,1396.95,1396.95,1
3033,USSAV,USSAV,MYPGU,"Savannah, GA, USSAV","Savannah, GA, USSAV","Pasir Gudang, Johor, , MYPGU",MYPGU,YMLU,YML,51625,DRY,1,10/27/2025,12/31/2025,11/5/2025 9:38,608,608,167.62,167.62,775.62,775.62,1
3034,USSAV,USSAV,MYPGU,"Savannah, GA, USSAV","Savannah, GA, USSAV","Pasir Gudang, Johor, , MYPGU",MYPGU,ONEY,ONE,CHIM354B25,DRY,1,10/1/2025,12/31/2025,11/5/2025 9:38,724,724,180.75,180.75,904.75,904.75,1
3035,USSAV,USSAV,MYPGU,"Savannah, GA, USSAV","Savannah, GA, USSAV","Pasir Gudang, Johor, , MYPGU","Tanjung Pelepas, MY",MAEU,Maersk,300094432,DRY,0,10/16/2025,3/31/2026,10/22/2025 19:06,897,897,0,0,897,897,1
3036,USSAV,USSAV,MYPGU,"Savannah, GA, USSAV","Savannah, GA, USSAV","Pasir Gudang, Johor, , MYPGU",MYPGU,OOLU,OOCL,MT256104,DRY,2,10/20/2025,12/31/2025,11/5/2025 9:38,962,962,162.37,162.37,1124.37,1124.37,1
3037,USSAV,USSAV,MYPGU,"Savannah, GA, USSAV","Savannah, GA, USSAV","Pasir Gudang, Johor, , MYPGU",CNSHG,YMLU,YML,51625,DRY,1,10/27/2025,12/31/2025,11/5/2025 9:38,983,983,224.8,224.8,1207.8,1207.8,1
3038,USSAV,USSAV,MYPGU,"Savannah, GA, USSAV","Savannah, GA, USSAV","Pasir Gudang, Johor, , MYPGU",SGSIN,YMLU,YML,51625,DRY,1,10/27/2025,12/31/2025,11/5/2025 9:38,983,983,268.95,268.95,1251.95,1251.95,1
3039,USSAV,USSAV,MYPKG,"Savannah, GA, USSAV","Savannah, GA, USSAV","Port Klang, 10, MYPKG",MYPKG,OOLU,OOCL,MT256104,DRY,2,10/20/2025,12/31/2025,11/5/2025 9:38,367,367,280.08,280.08,647.08,647.08,1
3040,USSAV,USSAV,MYPKG,"Savannah, GA, USSAV","Savannah, GA, USSAV","Port Klang, 10, MYPKG",MYPKG,YMLU,YML,51625,DRY,1,10/27/2025,12/31/2025,11/5/2025 9:38,658,658,170.73,170.73,828.73,828.73,1
3041,USSAV,USSAV,MYPKG,"Savannah, GA, USSAV","Savannah, GA, USSAV","Port Klang, 10, MYPKG",MYPKG,ONEY,ONE,CHIM354B25,DRY,1,10/1/2025,12/31/2025,11/5/2025 9:38,764,764,179.56,179.56,943.56,943.56,1
3042,USSAV,USSAV,MYPKG,"Savannah, GA, USSAV","Savannah, GA, USSAV","Port Klang, 10, MYPKG",CNNBG,YMLU,YML,51625,DRY,1,10/27/2025,12/31/2025,11/5/2025 9:38,793,793,224.8,224.8,1017.8,1017.8,1
3043,USSAV,USSAV,MYPKG,"Savannah, GA, USSAV","Savannah, GA, USSAV","Port Klang, 10, MYPKG",CNSHG,YMLU,YML,51625,DRY,1,10/27/2025,12/31/2025,11/5/2025 9:38,793,793,224.8,224.8,1017.8,1017.8,1
3044,USSAV,USSAV,MYPKG,"Savannah, GA, USSAV","Savannah, GA, USSAV","Port Klang, 10, MYPKG",SGSIN,YMLU,YML,51625,DRY,1,10/27/2025,12/31/2025,11/5/2025 9:38,793,793,268.95,268.95,1061.95,1061.95,1
3045,USSAV,USSAV,MYPKG,"Savannah, GA, USSAV","Savannah, GA, USSAV","Port Klang, 10, MYPKG",MYPKG,MAEU,Maersk,300094432,DRY,0,10/16/2025,3/31/2026,10/22/2025 19:06,897,897,0,0,897,897,1
3046,USSAV,USSAV,MYPKG,"Savannah, GA, USSAV","Savannah, GA, USSAV","Port Klang, 10, MYPKG",CNSHG,YMLU,YML,51625,DRY,1,10/27/2025,12/31/2025,11/5/2025 9:38,983,983,224.8,224.8,1207.8,1207.8,1
3047,USSAV,USSAV,MYPKG,"Savannah, GA, USSAV","Savannah, GA, USSAV","Port Klang, 10, MYPKG",SGSIN,YMLU,YML,51625,DRY,1,10/27/2025,12/31/2025,11/5/2025 9:38,983,983,268.95,268.95,1251.95,1251.95,1
3048,USSAV,USSAV,MYTPP,"Savannah, GA, USSAV","Savannah, GA, USSAV","Tanjung Pelepas, 1, MYTPP",MYTPP,MAEU,Maersk,300094432,DRY,0,10/16/2025,3/31/2026,10/22/2025 19:06,697,697,0,0,697,697,1
3049,USSAV,USSAV,NIMGA,"Savannah, GA, USSAV","Savannah, GA, USSAV","Managua, , NIMGA",NIMGA,ONEY,ONE,CHIM354B25,DRY,1,10/1/2025,12/31/2025,11/5/2025 9:38,3788,3788,405,405,4193,4193,1
3050,USSAV,USSAV,PAROD,"Savannah, GA, USSAV","Savannah, GA, USSAV","Rodman, 8, PAROD",PAROD,ONEY,ONE,CHIM354B25,DRY,1,10/1/2025,12/31/2025,11/5/2025 9:38,1498,1498,292,292,1790,1790,1
3051,USSAV,USSAV,PECLL,"Savannah, GA, USSAV","Savannah, GA, USSAV","Callao, , PECLL",PECLL,ONEY,ONE,CHIM354B25,DRY,1,10/1/2025,12/31/2025,11/5/2025 9:38,1183,1183,105,105,1288,1288,1
3052,USSAV,USSAV,PECLL,"Savannah, GA, USSAV","Savannah, GA, USSAV","Callao, , PECLL",CALLAO,EGLV,EMC,SC103574,DRY,,10/31/2025,11/30/2025,11/5/2025 9:38,1200,1200,80,80,1280,1280,1
3053,USSAV,USSAV,PECLL,"Savannah, GA, USSAV","Savannah, GA, USSAV","Callao, , PECLL",PECLL,MSCU,MSC,25-348WCSA,DRY,0,11/3/2025,12/31/2025,11/5/2025 9:38,1370,1370,65,65,1435,1435,1
3054,USSAV,USSAV,PHCEB,"Savannah, GA, USSAV","Savannah, GA, USSAV","Cebu, , PHCEB",PHCEB,OOLU,OOCL,MT256104,DRY,2,10/20/2025,12/31/2025,11/5/2025 9:38,952,952,236,236,1188,1188,1
3055,USSAV,USSAV,PHCEB,"Savannah, GA, USSAV","Savannah, GA, USSAV","Cebu, , PHCEB",PHCEB,MAEU,Maersk,300094432,DRY,0,10/16/2025,3/31/2026,10/22/2025 19:06,1228,1228,0,0,1228,1228,1
3056,USSAV,USSAV,PHCEB,"Savannah, GA, USSAV","Savannah, GA, USSAV","Cebu, , PHCEB",TWKHH,YMLU,YML,51625,DRY,1,10/27/2025,12/31/2025,11/5/2025 9:38,1763,1763,227.3,227.3,1990.3,1990.3,1
3057,USSAV,USSAV,PHDVO,"Savannah, GA, USSAV","Savannah, GA, USSAV","Davao, Mindanao, , PHDVO",DAVAO,EGLV,EMC,SC103574,DRY,,10/1/2025,12/31/2025,11/5/2025 9:38,800,800,253,286,1053,1086,1
3058,USSAV,USSAV,PHDVO,"Savannah, GA, USSAV","Savannah, GA, USSAV","Davao, Mindanao, , PHDVO",CNSHG,YMLU,YML,51625,DRY,1,10/27/2025,12/31/2025,11/5/2025 9:38,1518,1518,224.8,224.8,1742.8,1742.8,1
3059,USSAV,USSAV,PHDVO,"Savannah, GA, USSAV","Savannah, GA, USSAV","Davao, Mindanao, , PHDVO",SGSIN,YMLU,YML,51625,DRY,1,10/27/2025,12/31/2025,11/5/2025 9:38,1518,1518,268.95,268.95,1786.95,1786.95,1
3060,USSAV,USSAV,PHMNL,"Savannah, GA, USSAV","Savannah, GA, USSAV","Manila, , PHMNL",PHMNL,ONEY,ONE,CHIM354B25,DRY,1,10/1/2025,12/31/2025,11/5/2025 9:38,689,689,265,265,954,954,1
3061,USSAV,USSAV,PHMNL,"Savannah, GA, USSAV","Savannah, GA, USSAV","Manila, , PHMNL",PHMNL,YMLU,YML,51625,DRY,1,10/27/2025,12/31/2025,11/5/2025 9:38,808,808,248,281,1056,1089,1
3062,USSAV,USSAV,PHMNL,"Savannah, GA, USSAV","Savannah, GA, USSAV","Manila, , PHMNL",TWKHH,YMLU,YML,51625,DRY,1,10/27/2025,12/31/2025,11/5/2025 9:38,883,883,227.3,227.3,1110.3,1110.3,1
3063,USSAV,USSAV,PHMNL,"Savannah, GA, USSAV","Savannah, GA, USSAV","Manila, , PHMNL",MANILA (NORTH PORT),EGLV,EMC,SC103574,DRY,,10/1/2025,12/31/2025,11/5/2025 9:38,950,950,230,260,1180,1210,1
3064,USSAV,USSAV,PHMNL,"Savannah, GA, USSAV","Savannah, GA, USSAV","Manila, , PHMNL",PHMNL,OOLU,OOCL,MT256104,DRY,2,10/20/2025,12/31/2025,11/5/2025 9:38,952,952,236,236,1188,1188,1
3065,USSAV,USSAV,PHMNL,"Savannah, GA, USSAV","Savannah, GA, USSAV","Manila, , PHMNL",PHMNL,MAEU,Maersk,300094432,DRY,0,10/16/2025,3/31/2026,10/22/2025 19:06,1090,1090,0,0,1090,1090,1
3066,USSAV,USSAV,PHMNS,"Savannah, GA, USSAV","Savannah, GA, USSAV","Manila South Harbour, , PHMNS",MANILA SOUTH PORT,EGLV,EMC,SC103574,DRY,,10/1/2025,12/31/2025,11/5/2025 9:38,950,950,306,336,1256,1286,1
3067,USSAV,USSAV,PKBQM,"Savannah, GA, USSAV","Savannah, GA, USSAV","Port Qasim/Karachi, SD, PKBQM",PKBQM,MAEU,Maersk,300094432,DRY,0,10/16/2025,3/31/2026,10/22/2025 19:06,1324,1324,0,0,1324,1324,1
3068,USSAV,USSAV,PKKHI,"Savannah, GA, USSAV","Savannah, GA, USSAV","Karachi, SD, PKKHI",KARACHI,EGLV,EMC,SC103574,DRY,,10/1/2025,12/31/2025,11/5/2025 9:38,1300,1300,170,170,1470,1470,1
3069,USSAV,USSAV,PKKHI,"Savannah, GA, USSAV","Savannah, GA, USSAV","Karachi, SD, PKKHI","Keamari Karachi, PK",MAEU,Maersk,300094432,DRY,0,10/16/2025,3/31/2026,10/22/2025 19:06,1324,1324,0,0,1324,1324,1
3070,USSAV,USSAV,PKKHI,"Savannah, GA, USSAV","Savannah, GA, USSAV","Karachi, SD, PKKHI",PKKHI,ONEY,ONE,CHIM354B25,DRY,1,10/1/2025,12/31/2025,11/5/2025 9:38,1974,1974,428,428,2402,2402,1
3071,USSAV,USSAV,PKQCT,"Savannah, GA, USSAV","Savannah, GA, USSAV","Qasim Container Terminal/Karachi, , PKQCT",PKQCT,OOLU,OOCL,MT256104,DRY,2,10/20/2025,12/31/2025,11/5/2025 9:38,947,947,155,155,1102,1102,1
3072,USSAV,USSAV,PTLEI,"Savannah, GA, USSAV","Savannah, GA, USSAV","Leixoes, 13, PTLEI",PTLEI,MAEU,Maersk,300094432,DRY,0,10/16/2025,3/31/2026,10/22/2025 19:06,1636,1636,0,0,1636,1636,1
3073,USSAV,USSAV,PTLEI,"Savannah, GA, USSAV","Savannah, GA, USSAV","Leixoes, 13, PTLEI",PTLEI,ONEY,ONE,CHIM354B25,DRY,1,10/1/2025,12/31/2025,11/5/2025 9:38,2229,2229,345.67,345.67,2574.67,2574.67,1
3074,USSAV,USSAV,PTLIS,"Savannah, GA, USSAV","Savannah, GA, USSAV","Lisboa, 11, PTLIS",PTLIS,ONEY,ONE,CHIM354B25,DRY,1,10/1/2025,12/31/2025,11/5/2025 9:38,1729,1729,345.67,345.67,2074.67,2074.67,1
3075,USSAV,USSAV,SGSIN,"Savannah, GA, USSAV","Savannah, GA, USSAV","Singapore, , SGSIN",SGSIN,YMLU,YML,51625,DRY,1,10/27/2025,12/31/2025,11/5/2025 9:38,333,333,268.95,268.95,601.95,601.95,1
3076,USSAV,USSAV,SGSIN,"Savannah, GA, USSAV","Savannah, GA, USSAV","Singapore, , SGSIN",SGSIN,OOLU,OOCL,MT256104,DRY,2,10/20/2025,12/31/2025,11/5/2025 4:10,367,367,299.69,299.69,666.69,666.69,1
3077,USSAV,USSAV,SGSIN,"Savannah, GA, USSAV","Savannah, GA, USSAV","Singapore, , SGSIN",SGSIN,YMLU,YML,51625,DRY,1,10/27/2025,12/31/2025,11/5/2025 9:38,383,383,268.95,268.95,651.95,651.95,1
3078,USSAV,USSAV,SGSIN,"Savannah, GA, USSAV","Savannah, GA, USSAV","Singapore, , SGSIN",CNNBG,YMLU,YML,51625,DRY,1,10/27/2025,12/31/2025,11/5/2025 9:38,513,513,224.8,224.8,737.8,737.8,1
3079,USSAV,USSAV,SGSIN,"Savannah, GA, USSAV","Savannah, GA, USSAV","Singapore, , SGSIN",CNSHG,YMLU,YML,51625,DRY,1,10/27/2025,12/31/2025,11/5/2025 9:38,513,513,224.8,224.8,737.8,737.8,1
3080,USSAV,USSAV,SGSIN,"Savannah, GA, USSAV","Savannah, GA, USSAV","Singapore, , SGSIN",SGSIN,MAEU,Maersk,300094432,DRY,0,10/16/2025,3/31/2026,10/22/2025 19:06,611,611,0,0,611,611,1
3081,USSAV,USSAV,SGSIN,"Savannah, GA, USSAV","Savannah, GA, USSAV","Singapore, , SGSIN",SGSIN,ONEY,ONE,CHIM354B25,DRY,1,10/1/2025,12/31/2025,11/5/2025 9:38,774,774,339.65,339.65,1113.65,1113.65,1
3082,USSAV,USSAV,THBKK,"Savannah, GA, USSAV","Savannah, GA, USSAV","Bangkok, , THBKK",THLCH,YMLU,YML,51625,DRY,1,10/27/2025,12/31/2025,11/5/2025 9:38,408,408,135.84,135.84,543.84,543.84,1
3083,USSAV,USSAV,THBKK,"Savannah, GA, USSAV","Savannah, GA, USSAV","Bangkok, , THBKK",THBKK,OOLU,OOCL,MT256104,DRY,2,10/20/2025,12/31/2025,11/5/2025 9:38,472,472,134.3,134.3,606.3,606.3,1
3084,USSAV,USSAV,THBKK,"Savannah, GA, USSAV","Savannah, GA, USSAV","Bangkok, , THBKK",THBKK,ONEY,ONE,CHIM354B25,DRY,1,10/1/2025,12/31/2025,11/5/2025 9:38,624,624,191.42,191.42,815.42,815.42,1
3085,USSAV,USSAV,THBKK,"Savannah, GA, USSAV","Savannah, GA, USSAV","Bangkok, , THBKK",SGSIN,YMLU,YML,51625,DRY,1,10/27/2025,12/31/2025,11/5/2025 9:38,633,633,268.95,268.95,901.95,901.95,1
3086,USSAV,USSAV,THBKK,"Savannah, GA, USSAV","Savannah, GA, USSAV","Bangkok, , THBKK",CNSHG,YMLU,YML,51625,DRY,1,10/27/2025,12/31/2025,11/5/2025 9:38,633,633,224.8,224.8,857.8,857.8,1
3087,USSAV,USSAV,THBKK,"Savannah, GA, USSAV","Savannah, GA, USSAV","Bangkok, , THBKK",CNNBG,YMLU,YML,51625,DRY,1,10/27/2025,12/31/2025,11/5/2025 9:38,633,633,224.8,224.8,857.8,857.8,1
3088,USSAV,USSAV,THBKK,"Savannah, GA, USSAV","Savannah, GA, USSAV","Bangkok, , THBKK","Laem Chabang, TH",MAEU,Maersk,300094432,DRY,0,10/16/2025,3/31/2026,10/22/2025 19:06,640,640,0,0,640,640,1
3089,USSAV,USSAV,THBKK,"Savannah, GA, USSAV","Savannah, GA, USSAV","Bangkok, , THBKK",THLCH,YMLU,YML,51625,DRY,1,10/27/2025,12/31/2025,11/5/2025 9:38,708,708,135.84,135.84,843.84,843.84,1
3090,USSAV,USSAV,THBKK,"Savannah, GA, USSAV","Savannah, GA, USSAV","Bangkok, , THBKK",THLCH,YMLU,YML,51625,DRY,1,10/27/2025,12/31/2025,11/5/2025 9:38,713,713,135.84,135.84,848.84,848.84,1
3091,USSAV,USSAV,THBKK,"Savannah, GA, USSAV","Savannah, GA, USSAV","Bangkok, , THBKK",BANGKOK,EGLV,EMC,SC103574,DRY,,10/1/2025,12/31/2025,11/5/2025 9:38,1000,1000,132.76,132.76,1132.76,1132.76,1
3092,USSAV,USSAV,THBMT,"Savannah, GA, USSAV","Savannah, GA, USSAV","Bangkok Modern Terminals, , THBMT",THLCH,YMLU,YML,51625,DRY,1,10/27/2025,12/31/2025,11/5/2025 9:38,408,408,135.84,135.84,543.84,543.84,1
3093,USSAV,USSAV,THBMT,"Savannah, GA, USSAV","Savannah, GA, USSAV","Bangkok Modern Terminals, , THBMT",THLCH,YMLU,YML,51625,DRY,1,10/27/2025,12/31/2025,11/5/2025 9:38,708,708,135.84,135.84,843.84,843.84,1
3094,USSAV,USSAV,THLCH,"Savannah, GA, USSAV","Savannah, GA, USSAV","Laem Chabang, 20, THLCH",THLCH,YMLU,YML,51625,DRY,1,10/27/2025,12/31/2025,11/5/2025 9:38,108,108,135.84,135.84,243.84,243.84,1
3095,USSAV,USSAV,THLCH,"Savannah, GA, USSAV","Savannah, GA, USSAV","Laem Chabang, 20, THLCH",THLCH,OOLU,OOCL,MT256104,DRY,2,10/20/2025,12/31/2025,11/5/2025 9:38,272,272,134.3,134.3,406.3,406.3,1
3096,USSAV,USSAV,THLCH,"Savannah, GA, USSAV","Savannah, GA, USSAV","Laem Chabang, 20, THLCH",THLCH,ONEY,ONE,CHIM354B25,DRY,1,10/1/2025,12/31/2025,11/5/2025 9:38,414,414,251.93,251.93,665.93,665.93,1
3097,USSAV,USSAV,THLCH,"Savannah, GA, USSAV","Savannah, GA, USSAV","Laem Chabang, 20, THLCH",THLCH,YMLU,YML,51625,DRY,1,10/27/2025,12/31/2025,11/5/2025 9:38,458,458,135.84,135.84,593.84,593.84,1
3098,USSAV,USSAV,THLCH,"Savannah, GA, USSAV","Savannah, GA, USSAV","Laem Chabang, 20, THLCH",SGSIN,YMLU,YML,51625,DRY,1,10/27/2025,12/31/2025,11/5/2025 9:38,553,553,268.95,268.95,821.95,821.95,1
3099,USSAV,USSAV,THLCH,"Savannah, GA, USSAV","Savannah, GA, USSAV","Laem Chabang, 20, THLCH",THLCH,MAEU,Maersk,300094432,DRY,0,10/16/2025,3/31/2026,10/22/2025 19:06,616,616,0,0,616,616,1
3100,USSAV,USSAV,THLCH,"Savannah, GA, USSAV","Savannah, GA, USSAV","Laem Chabang, 20, THLCH",CNNBG,YMLU,YML,51625,DRY,1,10/27/2025,12/31/2025,11/5/2025 9:38,703,703,224.8,224.8,927.8,927.8,1
3101,USSAV,USSAV,THLCH,"Savannah, GA, USSAV","Savannah, GA, USSAV","Laem Chabang, 20, THLCH",CNSHG,YMLU,YML,51625,DRY,1,10/27/2025,12/31/2025,11/5/2025 9:38,703,703,224.8,224.8,927.8,927.8,1
3102,USSAV,USSAV,THLCH,"Savannah, GA, USSAV","Savannah, GA, USSAV","Laem Chabang, 20, THLCH",LAEM CHABANG,EGLV,EMC,SC103574,DRY,,10/1/2025,12/31/2025,11/5/2025 9:38,800,800,132.76,132.76,932.76,932.76,1
3103,USSAV,USSAV,THLKR,"Savannah, GA, USSAV","Savannah, GA, USSAV","Lat Krabang, 10, THLKR",THLCH,YMLU,YML,51625,DRY,1,10/27/2025,12/31/2025,11/5/2025 9:38,408,408,135.84,135.84,543.84,543.84,1
3104,USSAV,USSAV,THLKR,"Savannah, GA, USSAV","Savannah, GA, USSAV","Lat Krabang, 10, THLKR",THLKR,OOLU,OOCL,MT256104,DRY,2,10/20/2025,12/31/2025,11/5/2025 9:38,472,472,134.3,134.3,606.3,606.3,1
3105,USSAV,USSAV,THLKR,"Savannah, GA, USSAV","Savannah, GA, USSAV","Lat Krabang, 10, THLKR",THLKR,ONEY,ONE,CHIM354B25,DRY,1,10/1/2025,12/31/2025,11/5/2025 9:38,564,564,251.93,251.93,815.93,815.93,1
3106,USSAV,USSAV,THLKR,"Savannah, GA, USSAV","Savannah, GA, USSAV","Lat Krabang, 10, THLKR",THLCH,YMLU,YML,51625,DRY,1,10/27/2025,12/31/2025,11/5/2025 9:38,608,608,135.84,135.84,743.84,743.84,1
3107,USSAV,USSAV,THSBP,"Savannah, GA, USSAV","Savannah, GA, USSAV","Siam Bangkok Port, , THSBP",VNCMT,YMLU,YML,51625,DRY,1,10/27/2025,12/31/2025,11/5/2025 9:38,318,318,135.84,135.84,453.84,453.84,1
3108,USSAV,USSAV,THSCT,"Savannah, GA, USSAV","Savannah, GA, USSAV","Siam Container Terminal, 11, THSCT",THLCH,YMLU,YML,51625,DRY,1,10/27/2025,12/31/2025,11/5/2025 9:38,748,748,135.84,135.84,883.84,883.84,1
3109,USSAV,USSAV,THSGZ,"Savannah, GA, USSAV","Savannah, GA, USSAV","Songkhla, 90, THSGZ",SGSIN,YMLU,YML,51625,DRY,1,10/27/2025,12/31/2025,11/5/2025 9:38,1503,1503,268.95,268.95,1771.95,1771.95,1
3110,USSAV,USSAV,THSPS,"Savannah, GA, USSAV","Savannah, GA, USSAV","Samut Prakan Sahathai Terminal, 11, THSPS",THLCH,YMLU,YML,51625,DRY,1,10/27/2025,12/31/2025,11/5/2025 9:38,713,713,135.84,135.84,848.84,848.84,1
3111,USSAV,USSAV,TRALI,"Savannah, GA, USSAV","Savannah, GA, USSAV","Aliaga, 35, TRALI",TRALI,OOLU,OOCL,MT256104,DRY,2,10/20/2025,12/31/2025,11/5/2025 9:38,790,790,377,377,1167,1167,1
3112,USSAV,USSAV,TRALI,"Savannah, GA, USSAV","Savannah, GA, USSAV","Aliaga, 35, TRALI",TRALI,ONEY,ONE,CHIM354B25,DRY,1,10/1/2025,12/31/2025,11/5/2025 9:38,836,836,400,400,1236,1236,1
3113,USSAV,USSAV,TRGEB,"Savannah, GA, USSAV","Savannah, GA, USSAV","Gebze, 41, TRGEB",TRGEB,OOLU,OOCL,MT256104,DRY,2,10/20/2025,12/31/2025,11/5/2025 9:38,940,940,0,0,940,940,1
3114,USSAV,USSAV,TRGEM,"Savannah, GA, USSAV","Savannah, GA, USSAV","Gemlik, 16, TRGEM",TRGEM,OOLU,OOCL,MT256104,DRY,2,10/20/2025,12/31/2025,11/5/2025 9:38,940,940,0,0,940,940,1
3115,USSAV,USSAV,TRGEM,"Savannah, GA, USSAV","Savannah, GA, USSAV","Gemlik, 16, TRGEM",TRGEM,MAEU,Maersk,300094432,DRY,0,10/16/2025,3/31/2026,10/22/2025 19:06,1449,1449,0,0,1449,1449,1
3116,USSAV,USSAV,TRISK,"Savannah, GA, USSAV","Savannah, GA, USSAV","Iskenderun, 31, TRISK",TRISK,OOLU,OOCL,MT256104,DRY,2,10/20/2025,12/31/2025,11/5/2025 9:38,790,790,275,275,1065,1065,1
3117,USSAV,USSAV,TRISK,"Savannah, GA, USSAV","Savannah, GA, USSAV","Iskenderun, 31, TRISK",TRISK,ONEY,ONE,CHIM354B25,DRY,1,10/1/2025,12/31/2025,11/5/2025 9:38,836,836,350,350,1186,1186,1
3118,USSAV,USSAV,TRISK,"Savannah, GA, USSAV","Savannah, GA, USSAV","Iskenderun, 31, TRISK",TRISK,MAEU,Maersk,300094432,DRY,0,10/16/2025,3/31/2026,10/22/2025 19:06,1096,1096,0,0,1096,1096,1
3119,USSAV,USSAV,TRIST,"Savannah, GA, USSAV","Savannah, GA, USSAV","Istanbul, 34, TRIST",TRIST,MAEU,Maersk,300094432,DRY,0,10/16/2025,3/31/2026,10/22/2025 19:06,684,684,0,0,684,684,1
3120,USSAV,USSAV,TRIST,"Savannah, GA, USSAV","Savannah, GA, USSAV","Istanbul, 34, TRIST",TRIST,ONEY,ONE,CHIM354B25,DRY,1,10/1/2025,12/31/2025,11/5/2025 9:38,836,836,400,400,1236,1236,1
3121,USSAV,USSAV,TRIZM,"Savannah, GA, USSAV","Savannah, GA, USSAV","Izmir, 35, TRIZM",TRIZM,OOLU,OOCL,MT256104,DRY,2,10/20/2025,12/31/2025,11/5/2025 9:38,940,940,275,275,1215,1215,1
3122,USSAV,USSAV,TRIZM,"Savannah, GA, USSAV","Savannah, GA, USSAV","Izmir, 35, TRIZM",TRIZM,MAEU,Maersk,300094432,DRY,0,10/16/2025,3/31/2026,10/22/2025 19:06,1349,1349,0,0,1349,1349,1
3123,USSAV,USSAV,TRIZT,"Savannah, GA, USSAV","Savannah, GA, USSAV","Izmit, 41, TRIZT",TRIZT,MAEU,Maersk,300094432,DRY,0,10/16/2025,3/31/2026,10/22/2025 19:06,1259,1259,0,0,1259,1259,1
3124,USSAV,USSAV,TRMER,"Savannah, GA, USSAV","Savannah, GA, USSAV","Mersin, 33, TRMER",TRMER,OOLU,OOCL,MT256104,DRY,2,10/20/2025,12/31/2025,11/5/2025 9:38,940,940,272,272,1212,1212,1
3125,USSAV,USSAV,TRMER,"Savannah, GA, USSAV","Savannah, GA, USSAV","Mersin, 33, TRMER",TRMER,MAEU,Maersk,300094432,DRY,0,10/16/2025,3/31/2026,10/22/2025 19:06,1220,1220,0,0,1220,1220,1
3126,USSAV,USSAV,TWKEL,"Savannah, GA, USSAV","Savannah, GA, USSAV","Keelung, , TWKEL",TWKEL,YMLU,YML,51625,DRY,1,10/27/2025,12/31/2025,11/5/2025 9:38,308,308,227.3,227.3,535.3,535.3,1
3127,USSAV,USSAV,TWKEL,"Savannah, GA, USSAV","Savannah, GA, USSAV","Keelung, , TWKEL",TWKHH,YMLU,YML,51625,DRY,1,10/27/2025,12/31/2025,11/5/2025 9:38,308,308,227.3,227.3,535.3,535.3,1
3128,USSAV,USSAV,TWKEL,"Savannah, GA, USSAV","Savannah, GA, USSAV","Keelung, , TWKEL",TWKEL,YMLU,YML,51625,DRY,1,10/27/2025,12/31/2025,11/5/2025 9:38,483,483,227.3,227.3,710.3,710.3,1
3129,USSAV,USSAV,TWKEL,"Savannah, GA, USSAV","Savannah, GA, USSAV","Keelung, , TWKEL",TWKEL,OOLU,OOCL,MT256104,DRY,2,10/20/2025,12/31/2025,11/5/2025 9:38,572,572,227.3,255.71,799.3,827.71,1
3130,USSAV,USSAV,TWKEL,"Savannah, GA, USSAV","Savannah, GA, USSAV","Keelung, , TWKEL",TWKEL,ONEY,ONE,CHIM354B25,DRY,1,10/1/2025,12/31/2025,11/5/2025 9:38,674,674,227.3,255.71,901.3,929.71,1
3131,USSAV,USSAV,TWKEL,"Savannah, GA, USSAV","Savannah, GA, USSAV","Keelung, , TWKEL",TWKHH,YMLU,YML,51625,DRY,1,10/27/2025,12/31/2025,11/5/2025 9:38,733,733,227.3,227.3,960.3,960.3,1
3132,USSAV,USSAV,TWKEL,"Savannah, GA, USSAV","Savannah, GA, USSAV","Keelung, , TWKEL",TWKEL,MAEU,Maersk,300094432,DRY,0,10/16/2025,3/31/2026,10/22/2025 19:06,867,867,0,0,867,867,1
3133,USSAV,USSAV,TWKHH,"Savannah, GA, USSAV","Savannah, GA, USSAV","Kaohsiung, , TWKHH",TWKHH,YMLU,YML,51625,DRY,1,10/27/2025,12/31/2025,11/5/2025 9:38,108,108,227.3,227.3,335.3,335.3,1
3134,USSAV,USSAV,TWKHH,"Savannah, GA, USSAV","Savannah, GA, USSAV","Kaohsiung, , TWKHH",TWKHH,YMLU,YML,51625,DRY,1,10/27/2025,12/31/2025,11/5/2025 9:38,208,208,227.3,227.3,435.3,435.3,1
3135,USSAV,USSAV,TWKHH,"Savannah, GA, USSAV","Savannah, GA, USSAV","Kaohsiung, , TWKHH",TWKHH,OOLU,OOCL,MT256104,DRY,2,10/20/2025,12/31/2025,11/5/2025 9:38,292,292,227.3,255.71,519.3,547.71,1
3136,USSAV,USSAV,TWKHH,"Savannah, GA, USSAV","Savannah, GA, USSAV","Kaohsiung, , TWKHH",TWKHH,ONEY,ONE,CHIM354B25,DRY,1,10/1/2025,12/31/2025,11/5/2025 9:38,374,374,227.3,255.71,601.3,629.71,1
3137,USSAV,USSAV,TWKHH,"Savannah, GA, USSAV","Savannah, GA, USSAV","Kaohsiung, , TWKHH",TWKHH,YMLU,YML,51625,DRY,1,10/27/2025,12/31/2025,11/5/2025 9:38,383,383,227.3,227.3,610.3,610.3,1
3138,USSAV,USSAV,TWKHH,"Savannah, GA, USSAV","Savannah, GA, USSAV","Kaohsiung, , TWKHH",KAOHSIUNG,EGLV,EMC,SC103574,DRY,,10/1/2025,12/31/2025,11/5/2025 9:38,450,450,227.3,227.3,677.3,677.3,1
3139,USSAV,USSAV,TWKHH,"Savannah, GA, USSAV","Savannah, GA, USSAV","Kaohsiung, , TWKHH",TWKHH,MAEU,Maersk,300094432,DRY,0,10/16/2025,3/31/2026,10/22/2025 19:06,717,717,0,0,717,717,1
3140,USSAV,USSAV,TWTPE,"Savannah, GA, USSAV","Savannah, GA, USSAV","Taipei, TPE, TWTPE",TAIPEI,EGLV,EMC,SC103574,DRY,,10/1/2025,12/31/2025,11/5/2025 9:38,650,650,227.3,227.3,877.3,877.3,1
3141,USSAV,USSAV,TWTPE,"Savannah, GA, USSAV","Savannah, GA, USSAV","Taipei, TPE, TWTPE",TWTPE,ONEY,ONE,CHIM354B25,DRY,1,10/1/2025,12/31/2025,11/5/2025 9:38,714,714,227.3,255.71,941.3,969.71,1
3142,USSAV,USSAV,TWTXG,"Savannah, GA, USSAV","Savannah, GA, USSAV","Taichung, , TWTXG",TWTXG,YMLU,YML,51625,DRY,1,10/27/2025,12/31/2025,11/5/2025 9:38,158,158,227.3,227.3,385.3,385.3,1
3143,USSAV,USSAV,TWTXG,"Savannah, GA, USSAV","Savannah, GA, USSAV","Taichung, , TWTXG",TWKHH,YMLU,YML,51625,DRY,1,10/27/2025,12/31/2025,11/5/2025 9:38,483,483,227.3,227.3,710.3,710.3,1
3144,USSAV,USSAV,TWTXG,"Savannah, GA, USSAV","Savannah, GA, USSAV","Taichung, , TWTXG",TWTXG,ONEY,ONE,CHIM354B25,DRY,1,10/1/2025,12/31/2025,11/5/2025 9:38,564,564,227.3,255.71,791.3,819.71,1
3145,USSAV,USSAV,TWTXG,"Savannah, GA, USSAV","Savannah, GA, USSAV","Taichung, , TWTXG",TWTXG,OOLU,OOCL,MT256104,DRY,2,10/20/2025,12/31/2025,11/5/2025 9:38,572,572,227.3,255.71,799.3,827.71,1
3146,USSAV,USSAV,TWTXG,"Savannah, GA, USSAV","Savannah, GA, USSAV","Taichung, , TWTXG",TWTXG,MAEU,Maersk,300094432,DRY,0,10/16/2025,3/31/2026,10/22/2025 19:06,953,953,0,0,953,953,1
3147,USSAV,USSAV,TWTYN,"Savannah, GA, USSAV","Savannah, GA, USSAV","Taoyuan, , TWTYN",TWTYN,YMLU,YML,51625,DRY,1,10/27/2025,12/31/2025,11/5/2025 9:38,358,358,227.3,227.3,585.3,585.3,1
3148,USSAV,USSAV,TWTYN,"Savannah, GA, USSAV","Savannah, GA, USSAV","Taoyuan, , TWTYN",TWKHH,YMLU,YML,51625,DRY,1,10/27/2025,12/31/2025,11/5/2025 9:38,533,533,227.3,227.3,760.3,760.3,1
3149,USSAV,USSAV,TWTYN,"Savannah, GA, USSAV","Savannah, GA, USSAV","Taoyuan, , TWTYN",TWTYN,ONEY,ONE,CHIM354B25,DRY,1,10/1/2025,12/31/2025,11/5/2025 9:38,664,664,227.3,255.71,891.3,919.71,1
3150,USSAV,USSAV,TWTYN,"Savannah, GA, USSAV","Savannah, GA, USSAV","Taoyuan, , TWTYN","Keelung, TW",MAEU,Maersk,300094432,DRY,0,10/16/2025,3/31/2026,10/22/2025 19:06,1169,1169,0,0,1169,1169,1
3151,USSAV,USSAV,VNBDG,"Savannah, GA, USSAV","Savannah, GA, USSAV","Binh Duong Terminal, 39, VNBDG",VNCMT,YMLU,YML,51625,DRY,1,10/27/2025,12/31/2025,11/5/2025 9:38,563,563,177.38,177.38,740.38,740.38,1
3152,USSAV,USSAV,VNCLI,"Savannah, GA, USSAV","Savannah, GA, USSAV","Cat Lai, 65, VNCLI",VNCMT,YMLU,YML,51625,DRY,1,10/27/2025,12/31/2025,11/5/2025 9:38,58,58,177.38,177.38,235.38,235.38,1
3153,USSAV,USSAV,VNCLI,"Savannah, GA, USSAV","Savannah, GA, USSAV","Cat Lai, 65, VNCLI",VNCMT,YMLU,YML,51625,DRY,1,10/27/2025,12/31/2025,11/5/2025 9:38,533,533,177.38,177.38,710.38,710.38,1
3154,USSAV,USSAV,VNCLI,"Savannah, GA, USSAV","Savannah, GA, USSAV","Cat Lai, 65, VNCLI",TWKHH,YMLU,YML,51625,DRY,1,10/27/2025,12/31/2025,11/5/2025 9:38,533,533,227.3,227.3,760.3,760.3,1
3155,USSAV,USSAV,VNCMT,"Savannah, GA, USSAV","Savannah, GA, USSAV","Cai Mep Terminal, 43, VNCMT",VNCMT,YMLU,YML,51625,DRY,1,10/27/2025,12/31/2025,11/5/2025 9:38,58,58,177.38,177.38,235.38,235.38,1
3156,USSAV,USSAV,VNCMT,"Savannah, GA, USSAV","Savannah, GA, USSAV","Cai Mep Terminal, 43, VNCMT",VNCMT,YMLU,YML,51625,DRY,1,10/27/2025,12/31/2025,11/5/2025 9:38,383,383,177.38,177.38,560.38,560.38,1
3157,USSAV,USSAV,VNCMT,"Savannah, GA, USSAV","Savannah, GA, USSAV","Cai Mep Terminal, 43, VNCMT",VNCMT,ONEY,ONE,CHIM354B25,DRY,1,10/1/2025,12/31/2025,11/5/2025 9:38,524,524,182.41,182.41,706.41,706.41,1
3158,USSAV,USSAV,VNCMT,"Savannah, GA, USSAV","Savannah, GA, USSAV","Cai Mep Terminal, 43, VNCMT",SGSIN,YMLU,YML,51625,DRY,1,10/27/2025,12/31/2025,11/5/2025 9:38,603,603,268.95,268.95,871.95,871.95,1
3159,USSAV,USSAV,VNDAD,"Savannah, GA, USSAV","Savannah, GA, USSAV","Da Nang, , VNDAD",DA NANG,EGLV,EMC,SC103574,DRY,,10/1/2025,12/31/2025,11/5/2025 9:38,600,600,167.59,167.59,767.59,767.59,1
3160,USSAV,USSAV,VNDAD,"Savannah, GA, USSAV","Savannah, GA, USSAV","Da Nang, , VNDAD",VNDAD,MAEU,Maersk,300094432,DRY,0,10/16/2025,3/31/2026,11/3/2025 4:10,652,652,199.51,199.51,851.51,851.51,1
3161,USSAV,USSAV,VNDAD,"Savannah, GA, USSAV","Savannah, GA, USSAV","Da Nang, , VNDAD",VNDAD,ONEY,ONE,CHIM354B25,DRY,1,10/1/2025,12/31/2025,11/5/2025 9:38,749,749,182.41,182.41,931.41,931.41,1
3162,USSAV,USSAV,VNDAD,"Savannah, GA, USSAV","Savannah, GA, USSAV","Da Nang, , VNDAD",VNDAD,YMLU,YML,51625,DRY,1,10/27/2025,12/31/2025,11/5/2025 9:38,858,858,177.38,177.38,1035.38,1035.38,1
3163,USSAV,USSAV,VNDAD,"Savannah, GA, USSAV","Savannah, GA, USSAV","Da Nang, , VNDAD",VNCMT,YMLU,YML,51625,DRY,1,10/27/2025,12/31/2025,11/5/2025 9:38,913,913,177.38,177.38,1090.38,1090.38,1
3164,USSAV,USSAV,VNDAD,"Savannah, GA, USSAV","Savannah, GA, USSAV","Da Nang, , VNDAD",TWKHH,YMLU,YML,51625,DRY,1,10/27/2025,12/31/2025,11/5/2025 9:38,913,913,227.3,227.3,1140.3,1140.3,1
3165,USSAV,USSAV,VNDNA,"Savannah, GA, USSAV","Savannah, GA, USSAV","Dong Nai, , VNDNA",VNCMT,YMLU,YML,51625,DRY,1,10/27/2025,12/31/2025,11/5/2025 9:38,563,563,177.38,177.38,740.38,740.38,1
3166,USSAV,USSAV,VNHPH,"Savannah, GA, USSAV","Savannah, GA, USSAV","Haiphong, , VNHPH",VNHPH,YMLU,YML,51625,DRY,1,10/27/2025,12/31/2025,11/5/2025 9:38,158,158,177.38,177.38,335.38,335.38,1
3167,USSAV,USSAV,VNHPH,"Savannah, GA, USSAV","Savannah, GA, USSAV","Haiphong, , VNHPH",VNHPH,OOLU,OOCL,MT256104,DRY,2,10/20/2025,12/31/2025,11/5/2025 9:38,367,367,143,143,510,510,1
3168,USSAV,USSAV,VNHPH,"Savannah, GA, USSAV","Savannah, GA, USSAV","Haiphong, , VNHPH",HAIPHONG,EGLV,EMC,SC103574,DRY,,10/1/2025,12/31/2025,11/5/2025 9:38,600,600,167.59,167.59,767.59,767.59,1
3169,USSAV,USSAV,VNHPH,"Savannah, GA, USSAV","Savannah, GA, USSAV","Haiphong, , VNHPH",VNHPH,MAEU,Maersk,300094432,DRY,0,10/16/2025,3/31/2026,10/22/2025 19:06,617,617,0,0,617,617,1
3170,USSAV,USSAV,VNHPH,"Savannah, GA, USSAV","Savannah, GA, USSAV","Haiphong, , VNHPH",VNHPH,ONEY,ONE,CHIM354B25,DRY,1,10/1/2025,12/31/2025,11/5/2025 9:38,664,664,182.41,182.41,846.41,846.41,1
3171,USSAV,USSAV,VNHPH,"Savannah, GA, USSAV","Savannah, GA, USSAV","Haiphong, , VNHPH",SGSIN,YMLU,YML,51625,DRY,1,10/27/2025,12/31/2025,11/5/2025 9:38,1083,1083,268.95,268.95,1351.95,1351.95,1
3172,USSAV,USSAV,VNHPH,"Savannah, GA, USSAV","Savannah, GA, USSAV","Haiphong, , VNHPH",VNCMT,YMLU,YML,51625,DRY,1,10/27/2025,12/31/2025,11/5/2025 9:38,1083,1083,177.38,177.38,1260.38,1260.38,1
3173,USSAV,USSAV,VNHPH,"Savannah, GA, USSAV","Savannah, GA, USSAV","Haiphong, , VNHPH",CNNBG,YMLU,YML,51625,DRY,1,10/27/2025,12/31/2025,11/5/2025 9:38,1083,1083,224.8,224.8,1307.8,1307.8,1
3174,USSAV,USSAV,VNHPH,"Savannah, GA, USSAV","Savannah, GA, USSAV","Haiphong, , VNHPH",CNSHG,YMLU,YML,51625,DRY,1,10/27/2025,12/31/2025,11/5/2025 9:38,1083,1083,224.8,224.8,1307.8,1307.8,1
3175,USSAV,USSAV,VNIPH,"Savannah, GA, USSAV","Savannah, GA, USSAV","Phuoc Long ICD, , VNIPH",VNCMT,YMLU,YML,51625,DRY,1,10/27/2025,12/31/2025,11/5/2025 9:38,528,528,177.38,177.38,705.38,705.38,1
3176,USSAV,USSAV,VNSGN,"Savannah, GA, USSAV","Savannah, GA, USSAV","Ho Chi Minh City, , VNSGN",VNCMT,YMLU,YML,51625,DRY,1,10/27/2025,12/31/2025,11/5/2025 9:38,338,338,177.38,177.38,515.38,515.38,1
3177,USSAV,USSAV,VNSGN,"Savannah, GA, USSAV","Savannah, GA, USSAV","Ho Chi Minh City, , VNSGN",VNSGN,OOLU,OOCL,MT256104,DRY,2,10/20/2025,12/31/2025,11/5/2025 9:38,342,342,143,143,485,485,1
3178,USSAV,USSAV,VNSGN,"Savannah, GA, USSAV","Savannah, GA, USSAV","Ho Chi Minh City, , VNSGN",VNCMT,YMLU,YML,51625,DRY,1,10/27/2025,12/31/2025,11/5/2025 9:38,463,463,177.38,177.38,640.38,640.38,1
3179,USSAV,USSAV,VNSGN,"Savannah, GA, USSAV","Savannah, GA, USSAV","Ho Chi Minh City, , VNSGN",VNSGN,ONEY,ONE,CHIM354B25,DRY,1,10/1/2025,12/31/2025,11/5/2025 9:38,524,524,182.41,182.41,706.41,706.41,1
3180,USSAV,USSAV,VNSGN,"Savannah, GA, USSAV","Savannah, GA, USSAV","Ho Chi Minh City, , VNSGN","Vung Tau, VN",MAEU,Maersk,300094432,DRY,0,10/16/2025,3/31/2026,10/22/2025 19:06,597,597,0,0,597,597,1
3181,USSAV,USSAV,VNSGN,"Savannah, GA, USSAV","Savannah, GA, USSAV","Ho Chi Minh City, , VNSGN",HO CHI MINH,EGLV,EMC,SC103574,DRY,,10/1/2025,12/31/2025,11/5/2025 9:38,600,600,167.59,167.59,767.59,767.59,1
3182,USSAV,USSAV,VNTOT,"Savannah, GA, USSAV","Savannah, GA, USSAV","Cai Mep, 43, VNTOT",CAI MEP,EGLV,EMC,SC103574,DRY,,10/1/2025,12/31/2025,11/5/2025 9:38,600,600,167.59,167.59,767.59,767.59,1
3183,USSAV,USSAV,VNTTH,"Savannah, GA, USSAV","Savannah, GA, USSAV","Tan Thanh, 43, VNTTH",VNTTH,OOLU,OOCL,MT256104,DRY,2,10/20/2025,12/31/2025,11/5/2025 9:38,367,367,143,143,510,510,1
3184,USSAV,USSAV,VNVUT,"Savannah, GA, USSAV","Savannah, GA, USSAV","Vung Tau, 43, VNVUT",VNVUT,MAEU,Maersk,300094432,DRY,0,10/16/2025,3/31/2026,10/22/2025 19:06,667,667,0,0,667,667,1
3185,USSAV,USSAV,ZACPT,"Savannah, GA, USSAV","Savannah, GA, USSAV","Cape Town, , ZACPT",ZACPT,ONEY,ONE,CHIM354B25,DRY,1,10/1/2025,12/31/2025,11/5/2025 4:10,2620,2620,371.98,371.98,2991.98,2991.98,1
3186,USSAV,USSAV,ZADUR,"Savannah, GA, USSAV","Savannah, GA, USSAV","Durban, , ZADUR",ZADUR,ONEY,ONE,CHIM354B25,DRY,1,10/1/2025,12/31/2025,11/5/2025 4:10,2620,2620,371.98,371.98,2991.98,2991.98,1
