unOrig,unVia,unDest,orig,via,dest,dischargePort,scacCode,carrierName,contractNumber,rateType,amendmentNumber,effectiveDate,expirationDate,updateTime,40FT,40HC,DTHC40FT,DTHC40HC,ALLIN40FT,ALLIN40HC
USCHS,USCHS,AEJEA,"Charleston, SC, USCHS","Charleston, SC, USCHS","Jebel Ali, , AEJEA",CNSHG,YMLU,YML,51625,DRY,1,10/27/2025,12/31/2025,11/5/2025 9:38,2422,2422,224.8,224.8,2646.8,2646.8
USCHS,USCHS,AEJEA,"Charleston, SC, USCHS","Charleston, SC, USCHS","Jebel Ali, , AEJEA",CNNBG,YMLU,YML,51625,DRY,1,10/27/2025,12/31/2025,11/5/2025 9:38,2422,2422,224.8,224.8,2646.8,2646.8
USCHS,USCHS,BDCGP,"Charleston, SC, USCHS","Charleston, SC, USCHS","Chattogram/Chittagong, , BDCGP",CHATTOGRAM,EGLV,EMC,SC103574,DRY,,10/1/2025,12/31/2025,11/5/2025 9:38,1700,1700,0,0,1700,1700
USCHS,USCHS,BDCGP,"Charleston, SC, USCHS","Charleston, SC, USCHS","Chattogram/Chittagong, , BDCGP",BDCGP,OOLU,OOCL,MT256104,DRY,2,10/20/2025,12/31/2025,11/5/2025 9:38,1717,1717,65,65,1782,1782
USCHS,USCHS,BDCGP,"Charleston, SC, USCHS","Charleston, SC, USCHS","Chattogram/Chittagong, , BDCGP",BDCGP,ONEY,ONE,CHIM354B25,DRY,1,10/1/2025,12/31/2025,11/5/2025 9:38,1814,1814,150,150,1964,1964
USCHS,USCHS,BDCGP,"Charleston, SC, USCHS","Charleston, SC, USCHS","Chattogram/Chittagong, , BDCGP",BDCGP,MAEU,Maersk,300094432,DRY,0,10/16/2025,3/31/2026,11/5/2025 9:38,2537,2537,0,0,2537,2537
USCHS,USCHS,CNAQG,"Charleston, SC, USCHS","Charleston, SC, USCHS","Anqing Pt, 34, CNAQG",CNSHG,YMLU,YML,51625,DRY,1,10/27/2025,12/31/2025,11/5/2025 9:38,722,722,224.8,224.8,946.8,946.8
USCHS,USCHS,CNAQG,"Charleston, SC, USCHS","Charleston, SC, USCHS","Anqing Pt, 34, CNAQG",CNAQG,MAEU,Maersk,300094432,DRY,0,10/16/2025,3/31/2026,11/5/2025 9:38,872.73,872.73,0,0,872.73,872.73
USCHS,USCHS,CNAQG,"Charleston, SC, USCHS","Charleston, SC, USCHS","Anqing Pt, 34, CNAQG",CNAQG,ONEY,ONE,CHIM354B25,DRY,1,10/1/2025,12/31/2025,11/5/2025 9:38,924,924,120.97,120.97,1044.97,1044.97
USCHS,USCHS,CNCAN,"Charleston, SC, USCHS","Charleston, SC, USCHS","Guangzhou Baiyun, 44, CNCAN",CNCAN,ONEY,ONE,CHIM354B25,DRY,1,10/1/2025,12/31/2025,11/5/2025 9:38,964,964,170.85,170.85,1134.85,1134.85
USCHS,USCHS,CNCGS,"Charleston, SC, USCHS","Charleston, SC, USCHS","Changshu Pt, 37, CNCGS",CNSHG,YMLU,YML,51625,DRY,1,10/27/2025,12/31/2025,11/5/2025 9:38,712,712,224.8,224.8,936.8,936.8
USCHS,USCHS,CNCGU,"Charleston, SC, USCHS","Charleston, SC, USCHS","Changshu, 32, CNCGU",CNCGU,ONEY,ONE,CHIM354B25,DRY,1,10/1/2025,12/31/2025,11/5/2025 9:38,824,824,116.33,116.33,940.33,940.33
USCHS,USCHS,CNCHQ,"Charleston, SC, USCHS","Charleston, SC, USCHS","Chongqing Pt, 50, CNCHQ",CNCHQ,MAEU,Maersk,300094432,DRY,0,10/16/2025,3/31/2026,11/5/2025 9:38,552.73,552.73,0,0,552.73,552.73
USCHS,USCHS,CNCHQ,"Charleston, SC, USCHS","Charleston, SC, USCHS","Chongqing Pt, 50, CNCHQ",CNSHG,YMLU,YML,51625,DRY,1,10/27/2025,12/31/2025,11/5/2025 9:38,1282,1282,224.8,224.8,1506.8,1506.8
USCHS,USCHS,CNCKG,"Charleston, SC, USCHS","Charleston, SC, USCHS","Chongqing Jiangbei, 51, CNCKG",CNCKG,ONEY,ONE,CHIM354B25,DRY,1,10/1/2025,12/31/2025,11/5/2025 9:38,1139,1139,116.33,116.33,1255.33,1255.33
USCHS,USCHS,CNCNA,"Charleston, SC, USCHS","Charleston, SC, USCHS","Changsha, 44, CNCNA",CNSHG,YMLU,YML,51625,DRY,1,10/27/2025,12/31/2025,11/5/2025 9:38,1327,1327,224.8,224.8,1551.8,1551.8
USCHS,USCHS,CNCZX,"Charleston, SC, USCHS","Charleston, SC, USCHS","Changzhou Pt, 32, CNCZX",CNSHG,YMLU,YML,51625,DRY,1,10/27/2025,12/31/2025,11/5/2025 9:38,712,712,224.8,224.8,936.8,936.8
USCHS,USCHS,CNCZX,"Charleston, SC, USCHS","Charleston, SC, USCHS","Changzhou Pt, 32, CNCZX",CNCZX,MAEU,Maersk,300094432,DRY,0,10/16/2025,3/31/2026,11/5/2025 9:38,846.73,846.73,0,0,846.73,846.73
USCHS,USCHS,CNDAG,"Charleston, SC, USCHS","Charleston, SC, USCHS","Dalian Pt, 34, CNDAG",CNDAG,MAEU,Maersk,300094432,DRY,0,10/16/2025,3/31/2026,11/5/2025 9:38,398.05,398.05,0,0,398.05,398.05
USCHS,USCHS,CNDAG,"Charleston, SC, USCHS","Charleston, SC, USCHS","Dalian Pt, 34, CNDAG",CNDAG,YMLU,YML,51625,DRY,1,10/27/2025,12/31/2025,11/5/2025 9:38,457,457,224.8,224.8,681.8,681.8
USCHS,USCHS,CNDAG,"Charleston, SC, USCHS","Charleston, SC, USCHS","Dalian Pt, 34, CNDAG",CNDAG,OOLU,OOCL,MT256104,DRY,2,10/20/2025,12/31/2025,11/5/2025 9:38,617,617,159.19,159.19,776.19,776.19
USCHS,USCHS,CNDAG,"Charleston, SC, USCHS","Charleston, SC, USCHS","Dalian Pt, 34, CNDAG",KRPUS,YMLU,YML,51625,DRY,1,10/27/2025,12/31/2025,11/5/2025 9:38,902,902,125.98,125.98,1027.98,1027.98
USCHS,USCHS,CNDFG,"Charleston, SC, USCHS","Charleston, SC, USCHS","Dafeng Pt, 22, CNDFG",CNDFG,MAEU,Maersk,300094432,DRY,0,10/16/2025,3/31/2026,11/5/2025 9:38,490.73,490.73,0,0,490.73,490.73
USCHS,USCHS,CNDFG,"Charleston, SC, USCHS","Charleston, SC, USCHS","Dafeng Pt, 22, CNDFG",CNSHG,YMLU,YML,51625,DRY,1,10/27/2025,12/31/2025,11/5/2025 9:38,792,792,224.8,224.8,1016.8,1016.8
USCHS,USCHS,CNDOU,"Charleston, SC, USCHS","Charleston, SC, USCHS","Doumen Pt, 44, CNDOU",CNDOU,ONEY,ONE,CHIM354B25,DRY,1,10/1/2025,12/31/2025,11/5/2025 9:38,884,884,170.85,170.85,1054.85,1054.85
USCHS,USCHS,CNFOC,"Charleston, SC, USCHS","Charleston, SC, USCHS","Fuzhou Changle, 35, CNFOC",CNFOC,ONEY,ONE,CHIM354B25,DRY,1,10/1/2025,12/31/2025,11/5/2025 9:38,989,989,116.19,116.19,1105.19,1105.19
USCHS,USCHS,CNFZG,"Charleston, SC, USCHS","Charleston, SC, USCHS","Fuzhou Pt, 23, CNFZG",CNFZG,MAEU,Maersk,300094432,DRY,0,10/16/2025,3/31/2026,11/5/2025 9:38,598.05,598.05,0,0,598.05,598.05
USCHS,USCHS,CNFZG,"Charleston, SC, USCHS","Charleston, SC, USCHS","Fuzhou Pt, 23, CNFZG",CNNBG,YMLU,YML,51625,DRY,1,10/27/2025,12/31/2025,11/5/2025 9:38,882,882,224.8,224.8,1106.8,1106.8
USCHS,USCHS,CNGOM,"Charleston, SC, USCHS","Charleston, SC, USCHS","Gaoming Pt, 44, CNGOM",CNGOM,MAEU,Maersk,300094432,DRY,0,10/16/2025,3/31/2026,11/5/2025 9:38,859.05,859.05,0,0,859.05,859.05
USCHS,USCHS,CNGON,"Charleston, SC, USCHS","Charleston, SC, USCHS","Gaolan, 44, CNGON",CNGON,ONEY,ONE,CHIM354B25,DRY,1,10/1/2025,12/31/2025,11/5/2025 9:38,914,914,170.85,170.85,1084.85,1084.85
USCHS,USCHS,CNGZG,"Charleston, SC, USCHS","Charleston, SC, USCHS","Guangzhou Pt, 22, CNGZG",CNYTN,YMLU,YML,51625,DRY,1,10/27/2025,12/31/2025,11/5/2025 9:38,817,817,224.8,224.8,1041.8,1041.8
USCHS,USCHS,CNHFI,"Charleston, SC, USCHS","Charleston, SC, USCHS","Hefei, 34, CNHFI",CNSHG,YMLU,YML,51625,DRY,1,10/27/2025,12/31/2025,11/5/2025 9:38,1772,1772,224.8,224.8,1996.8,1996.8
USCHS,USCHS,CNHSI,"Charleston, SC, USCHS","Charleston, SC, USCHS","Huangshi Pt, 42, CNHSI",CNSHG,YMLU,YML,51625,DRY,1,10/27/2025,12/31/2025,11/5/2025 9:38,852,852,224.8,224.8,1076.8,1076.8
USCHS,USCHS,CNHUA,"Charleston, SC, USCHS","Charleston, SC, USCHS","Huangpu Pt, 44, CNHUA",CNHUA,MAEU,Maersk,300094432,DRY,0,10/16/2025,3/31/2026,11/5/2025 9:38,561.05,561.05,0,0,561.05,561.05
USCHS,USCHS,CNHUA,"Charleston, SC, USCHS","Charleston, SC, USCHS","Huangpu Pt, 44, CNHUA",CNHUA,OOLU,OOCL,MT256104,DRY,2,10/20/2025,12/31/2025,11/5/2025 9:38,622,622,159.19,159.19,781.19,781.19
USCHS,USCHS,CNHUA,"Charleston, SC, USCHS","Charleston, SC, USCHS","Huangpu Pt, 44, CNHUA",CNHUA,ONEY,ONE,CHIM354B25,DRY,1,10/1/2025,12/31/2025,11/5/2025 9:38,624,624,170.85,170.85,794.85,794.85
USCHS,USCHS,CNHUA,"Charleston, SC, USCHS","Charleston, SC, USCHS","Huangpu Pt, 44, CNHUA",CNYTN,YMLU,YML,51625,DRY,1,10/27/2025,12/31/2025,11/5/2025 9:38,817,817,224.8,224.8,1041.8,1041.8
USCHS,USCHS,CNHZH,"Charleston, SC, USCHS","Charleston, SC, USCHS","Huzhou Pt, 33, CNHZH",CNSHG,YMLU,YML,51625,DRY,1,10/27/2025,12/31/2025,11/5/2025 9:38,647,647,224.8,224.8,871.8,871.8
USCHS,USCHS,CNJIA,"Charleston, SC, USCHS","Charleston, SC, USCHS","Jiangyin Pt, 32, CNJIA",CNJIA,MAEU,Maersk,300094432,DRY,0,10/16/2025,3/31/2026,11/5/2025 9:38,709.73,709.73,0,0,709.73,709.73
USCHS,USCHS,CNJIA,"Charleston, SC, USCHS","Charleston, SC, USCHS","Jiangyin Pt, 32, CNJIA",CNSHG,YMLU,YML,51625,DRY,1,10/27/2025,12/31/2025,11/5/2025 9:38,712,712,224.8,224.8,936.8,936.8
USCHS,USCHS,CNJIU,"Charleston, SC, USCHS","Charleston, SC, USCHS","Jiujiang Pt, 36, CNJIU",CNSHG,YMLU,YML,51625,DRY,1,10/27/2025,12/31/2025,11/5/2025 9:38,842,842,224.8,224.8,1066.8,1066.8
USCHS,USCHS,CNJIU,"Charleston, SC, USCHS","Charleston, SC, USCHS","Jiujiang Pt, 36, CNJIU",CNJIU,MAEU,Maersk,300094432,DRY,0,10/16/2025,3/31/2026,11/5/2025 9:38,1671.78,1671.78,0,0,1671.78,1671.78
USCHS,USCHS,CNJMN,"Charleston, SC, USCHS","Charleston, SC, USCHS","Jiangmen Pt, 44, CNJMN",CNJMN,MAEU,Maersk,300094432,DRY,0,10/16/2025,3/31/2026,11/5/2025 9:38,829.05,829.05,0,0,829.05,829.05
USCHS,USCHS,CNJNZ,"Charleston, SC, USCHS","Charleston, SC, USCHS","Jinzhou Pt, 21, CNJNZ",KRPUS,YMLU,YML,51625,DRY,1,10/27/2025,12/31/2025,11/5/2025 9:38,1402,1402,125.98,125.98,1527.98,1527.98
USCHS,USCHS,CNJZK,"Charleston, SC, USCHS","Charleston, SC, USCHS","Jingzhou Pt, 42, CNJZK",CNSHG,YMLU,YML,51625,DRY,1,10/27/2025,12/31/2025,11/5/2025 9:38,862,862,224.8,224.8,1086.8,1086.8
USCHS,USCHS,CNKHN,"Charleston, SC, USCHS","Charleston, SC, USCHS","Nanchang Changbei, 36, CNKHN",CNSHG,YMLU,YML,51625,DRY,1,10/27/2025,12/31/2025,11/5/2025 9:38,922,922,224.8,224.8,1146.8,1146.8
USCHS,USCHS,CNKUS,"Charleston, SC, USCHS","Charleston, SC, USCHS","Kunshan, 32, CNKUS",CNSHG,YMLU,YML,51625,DRY,1,10/27/2025,12/31/2025,11/5/2025 9:38,872,872,224.8,224.8,1096.8,1096.8
USCHS,USCHS,CNLYG,"Charleston, SC, USCHS","Charleston, SC, USCHS","Lianyungang, 32, CNLYG",CNLYG,MAEU,Maersk,300094432,DRY,0,10/16/2025,3/31/2026,11/5/2025 9:38,361.05,361.05,0,0,361.05,361.05
USCHS,USCHS,CNLYG,"Charleston, SC, USCHS","Charleston, SC, USCHS","Lianyungang, 32, CNLYG",CNLYG,ONEY,ONE,CHIM354B25,DRY,1,10/1/2025,12/31/2025,11/5/2025 9:38,689,689,117.04,117.04,806.04,806.04
USCHS,USCHS,CNLYG,"Charleston, SC, USCHS","Charleston, SC, USCHS","Lianyungang, 32, CNLYG",CNSHG,YMLU,YML,51625,DRY,1,10/27/2025,12/31/2025,11/5/2025 9:38,797,797,224.8,224.8,1021.8,1021.8
USCHS,USCHS,CNLYG,"Charleston, SC, USCHS","Charleston, SC, USCHS","Lianyungang, 32, CNLYG",CNNBG,YMLU,YML,51625,DRY,1,10/27/2025,12/31/2025,11/5/2025 9:38,797,797,224.8,224.8,1021.8,1021.8
USCHS,USCHS,CNLZU,"Charleston, SC, USCHS","Charleston, SC, USCHS","Luzhou, 51, CNLZU",CNSHG,YMLU,YML,51625,DRY,1,10/27/2025,12/31/2025,11/5/2025 9:38,1322,1322,224.8,224.8,1546.8,1546.8
USCHS,USCHS,CNMAA,"Charleston, SC, USCHS","Charleston, SC, USCHS","Maanshan Pt, 34, CNMAA",CNSHG,YMLU,YML,51625,DRY,1,10/27/2025,12/31/2025,11/5/2025 9:38,722,722,224.8,224.8,946.8,946.8
USCHS,USCHS,CNNBG,"Charleston, SC, USCHS","Charleston, SC, USCHS","Ningbo Pt, 33, CNNBG",CNNBG,YMLU,YML,51625,DRY,1,10/27/2025,12/31/2025,11/5/2025 9:38,107,107,224.8,224.8,331.8,331.8
USCHS,USCHS,CNNBG,"Charleston, SC, USCHS","Charleston, SC, USCHS","Ningbo Pt, 33, CNNBG",CNNBG,MAEU,Maersk,300094432,DRY,0,10/16/2025,3/31/2026,11/5/2025 9:38,221.05,221.05,0,0,221.05,221.05
USCHS,USCHS,CNNBG,"Charleston, SC, USCHS","Charleston, SC, USCHS","Ningbo Pt, 33, CNNBG",CNNBG,OOLU,OOCL,MT256104,DRY,2,10/20/2025,12/31/2025,11/5/2025 9:38,267,267,160.87,160.87,427.87,427.87
USCHS,USCHS,CNNBG,"Charleston, SC, USCHS","Charleston, SC, USCHS","Ningbo Pt, 33, CNNBG",CNNBG,YMLU,YML,51625,DRY,1,10/27/2025,12/31/2025,11/5/2025 9:38,382,382,224.8,224.8,606.8,606.8
USCHS,USCHS,CNNBG,"Charleston, SC, USCHS","Charleston, SC, USCHS","Ningbo Pt, 33, CNNBG","NINGBO, CHINA",EGLV,EMC,SC103574,DRY,,10/1/2025,12/31/2025,11/5/2025 9:38,450,450,0,0,450,450
USCHS,USCHS,CNNBG,"Charleston, SC, USCHS","Charleston, SC, USCHS","Ningbo Pt, 33, CNNBG",CNNBG,ONEY,ONE,CHIM354B25,DRY,1,10/1/2025,12/31/2025,11/5/2025 9:38,589,589,120.69,120.69,709.69,709.69
USCHS,USCHS,CNNBG,"Charleston, SC, USCHS","Charleston, SC, USCHS","Ningbo Pt, 33, CNNBG",KRPUS,YMLU,YML,51625,DRY,1,10/27/2025,12/31/2025,11/5/2025 9:38,602,602,125.98,125.98,727.98,727.98
USCHS,USCHS,CNNBG,"Charleston, SC, USCHS","Charleston, SC, USCHS","Ningbo Pt, 33, CNNBG",SGSIN,YMLU,YML,51625,DRY,1,10/27/2025,12/31/2025,11/5/2025 9:38,642,642,268.95,268.95,910.95,910.95
USCHS,USCHS,CNNJG,"Charleston, SC, USCHS","Charleston, SC, USCHS","Nanjing Pt, 35, CNNJG",CNSHG,YMLU,YML,51625,DRY,1,10/27/2025,12/31/2025,11/5/2025 9:38,712,712,224.8,224.8,936.8,936.8
USCHS,USCHS,CNNJG,"Charleston, SC, USCHS","Charleston, SC, USCHS","Nanjing Pt, 35, CNNJG",CNNJG,MAEU,Maersk,300094432,DRY,0,10/16/2025,3/31/2026,11/5/2025 9:38,713.73,713.73,0,0,713.73,713.73
USCHS,USCHS,CNNJP,"Charleston, SC, USCHS","Charleston, SC, USCHS","Nanjing Pt, 32, CNNJP",CNSHG,YMLU,YML,51625,DRY,1,10/27/2025,12/31/2025,11/5/2025 9:38,712,712,224.8,224.8,936.8,936.8
USCHS,USCHS,CNNKG,"Charleston, SC, USCHS","Charleston, SC, USCHS","Nanjing Lukou, 32, CNNKG",CNNKG,ONEY,ONE,CHIM354B25,DRY,1,10/1/2025,12/31/2025,11/5/2025 9:38,709,709,116.33,116.33,825.33,825.33
USCHS,USCHS,CNNKG,"Charleston, SC, USCHS","Charleston, SC, USCHS","Nanjing Lukou, 32, CNNKG",CNSHG,YMLU,YML,51625,DRY,1,10/27/2025,12/31/2025,11/5/2025 9:38,712,712,224.8,224.8,936.8,936.8
USCHS,USCHS,CNNSA,"Charleston, SC, USCHS","Charleston, SC, USCHS","Nansha Pt, 44, CNNSA",CNNSA,ONEY,ONE,CHIM354B25,DRY,1,10/1/2025,12/31/2025,11/5/2025 9:38,839,839,170.85,170.85,1009.85,1009.85
USCHS,USCHS,CNNTG,"Charleston, SC, USCHS","Charleston, SC, USCHS","Nantong Pt, 32, CNNTG",CNNTG,MAEU,Maersk,300094432,DRY,0,10/16/2025,3/31/2026,11/5/2025 9:38,360.73,360.73,0,0,360.73,360.73
USCHS,USCHS,CNNTG,"Charleston, SC, USCHS","Charleston, SC, USCHS","Nantong Pt, 32, CNNTG",CNNTG,ONEY,ONE,CHIM354B25,DRY,1,10/1/2025,12/31/2025,11/5/2025 9:38,674,674,116.33,116.33,790.33,790.33
USCHS,USCHS,CNNTG,"Charleston, SC, USCHS","Charleston, SC, USCHS","Nantong Pt, 32, CNNTG",CNSHG,YMLU,YML,51625,DRY,1,10/27/2025,12/31/2025,11/5/2025 9:38,712,712,224.8,224.8,936.8,936.8
USCHS,USCHS,CNQDG,"Charleston, SC, USCHS","Charleston, SC, USCHS","Qingdao Pt, 32, CNQDG",CNQDG,MAEU,Maersk,300094432,DRY,0,10/16/2025,3/31/2026,11/5/2025 9:38,121.05,121.05,0,0,121.05,121.05
USCHS,USCHS,CNQDG,"Charleston, SC, USCHS","Charleston, SC, USCHS","Qingdao Pt, 32, CNQDG",CNQDG,OOLU,OOCL,MT256104,DRY,2,10/20/2025,12/31/2025,11/5/2025 9:38,327,327,190.8,190.8,517.8,517.8
USCHS,USCHS,CNQDG,"Charleston, SC, USCHS","Charleston, SC, USCHS","Qingdao Pt, 32, CNQDG",CNQDG,YMLU,YML,51625,DRY,1,10/27/2025,12/31/2025,11/5/2025 9:38,382,382,224.8,224.8,606.8,606.8
USCHS,USCHS,CNQDG,"Charleston, SC, USCHS","Charleston, SC, USCHS","Qingdao Pt, 32, CNQDG","QINGDAO, CHINA",EGLV,EMC,SC103574,DRY,,10/1/2025,12/31/2025,11/5/2025 9:38,450,450,0,0,450,450
USCHS,USCHS,CNQDG,"Charleston, SC, USCHS","Charleston, SC, USCHS","Qingdao Pt, 32, CNQDG",KRPUS,YMLU,YML,51625,DRY,1,10/27/2025,12/31/2025,11/5/2025 9:38,712,712,125.98,125.98,837.98,837.98
USCHS,USCHS,CNQDG,"Charleston, SC, USCHS","Charleston, SC, USCHS","Qingdao Pt, 32, CNQDG",SGSIN,YMLU,YML,51625,DRY,1,10/27/2025,12/31/2025,11/5/2025 9:38,757,757,268.95,268.95,1025.95,1025.95
USCHS,USCHS,CNQDG,"Charleston, SC, USCHS","Charleston, SC, USCHS","Qingdao Pt, 32, CNQDG",CNQDG,ONEY,ONE,CHIM354B25,DRY,1,10/1/2025,12/31/2025,11/5/2025 9:38,794,794,117.04,117.04,911.04,911.04
USCHS,USCHS,CNQZH,"Charleston, SC, USCHS","Charleston, SC, USCHS","Qinzhou Pt, 45, CNQZH",CNQZH,MAEU,Maersk,300094432,DRY,0,10/16/2025,3/31/2026,11/5/2025 9:38,783.05,783.05,0,0,783.05,783.05
USCHS,USCHS,CNRUG,"Charleston, SC, USCHS","Charleston, SC, USCHS","Rugao Pt, 32, CNRUG",CNRUG,MAEU,Maersk,300094432,DRY,0,10/16/2025,3/31/2026,11/5/2025 9:38,502.73,502.73,0,0,502.73,502.73
USCHS,USCHS,CNSHG,"Charleston, SC, USCHS","Charleston, SC, USCHS","Shanghai Pt, 44, CNSHG",CNSHG,YMLU,YML,51625,DRY,1,10/27/2025,12/31/2025,11/5/2025 9:38,107,107,224.8,224.8,331.8,331.8
USCHS,USCHS,CNSHG,"Charleston, SC, USCHS","Charleston, SC, USCHS","Shanghai Pt, 44, CNSHG",CNSHG,MAEU,Maersk,300094432,DRY,0,10/16/2025,3/31/2026,11/5/2025 9:38,258.05,258.05,0,0,258.05,258.05
USCHS,USCHS,CNSHG,"Charleston, SC, USCHS","Charleston, SC, USCHS","Shanghai Pt, 44, CNSHG",CNSHG,OOLU,OOCL,MT256104,DRY,2,10/20/2025,12/31/2025,11/5/2025 9:38,267,267,160.87,160.87,427.87,427.87
USCHS,USCHS,CNSHG,"Charleston, SC, USCHS","Charleston, SC, USCHS","Shanghai Pt, 44, CNSHG",CNSHG,YMLU,YML,51625,DRY,1,10/27/2025,12/31/2025,11/5/2025 9:38,382,382,224.8,224.8,606.8,606.8
USCHS,USCHS,CNSHG,"Charleston, SC, USCHS","Charleston, SC, USCHS","Shanghai Pt, 44, CNSHG",SHANGHAI,EGLV,EMC,SC103574,DRY,,10/1/2025,12/31/2025,11/5/2025 9:38,450,450,0,0,450,450
USCHS,USCHS,CNSHG,"Charleston, SC, USCHS","Charleston, SC, USCHS","Shanghai Pt, 44, CNSHG",CNSHG,ONEY,ONE,CHIM354B25,DRY,1,10/1/2025,12/31/2025,11/5/2025 9:38,574,574,116.33,116.33,690.33,690.33
USCHS,USCHS,CNSHG,"Charleston, SC, USCHS","Charleston, SC, USCHS","Shanghai Pt, 44, CNSHG",SGSIN,YMLU,YML,51625,DRY,1,10/27/2025,12/31/2025,11/5/2025 9:38,642,642,268.95,268.95,910.95,910.95
USCHS,USCHS,CNSHK,"Charleston, SC, USCHS","Charleston, SC, USCHS","Shekou Pt, 44, CNSHK",SGSIN,YMLU,YML,51625,DRY,1,10/27/2025,12/31/2025,11/5/2025 9:38,587,587,268.95,268.95,855.95,855.95
USCHS,USCHS,CNSHK,"Charleston, SC, USCHS","Charleston, SC, USCHS","Shekou Pt, 44, CNSHK",CNSHK,ONEY,ONE,CHIM354B25,DRY,1,10/1/2025,12/31/2025,11/5/2025 9:38,889,889,170.85,170.85,1059.85,1059.85
USCHS,USCHS,CNSZG,"Charleston, SC, USCHS","Charleston, SC, USCHS","Suzhou Pt, 32, CNSZG",CNSHG,YMLU,YML,51625,DRY,1,10/27/2025,12/31/2025,11/5/2025 9:38,872,872,224.8,224.8,1096.8,1096.8
USCHS,USCHS,CNTAC,"Charleston, SC, USCHS","Charleston, SC, USCHS","Taicang Pt, 32, CNTAC",CNSHG,YMLU,YML,51625,DRY,1,10/27/2025,12/31/2025,11/5/2025 9:38,482,482,224.8,224.8,706.8,706.8
USCHS,USCHS,CNTAG,"Charleston, SC, USCHS","Charleston, SC, USCHS","Taicang, 32, CNTAG",CNSHG,YMLU,YML,51625,DRY,1,10/27/2025,12/31/2025,11/5/2025 9:38,482,482,224.8,224.8,706.8,706.8
USCHS,USCHS,CNTAZ,"Charleston, SC, USCHS","Charleston, SC, USCHS","Taizhou Pt, 33, CNTAZ",CNSHG,YMLU,YML,51625,DRY,1,10/27/2025,12/31/2025,11/5/2025 9:38,712,712,224.8,224.8,936.8,936.8
USCHS,USCHS,CNTOL,"Charleston, SC, USCHS","Charleston, SC, USCHS","Tongling Pt, 34, CNTOL",CNSHG,YMLU,YML,51625,DRY,1,10/27/2025,12/31/2025,11/5/2025 9:38,752,752,224.8,224.8,976.8,976.8
USCHS,USCHS,CNTXG,"Charleston, SC, USCHS","Charleston, SC, USCHS","Tianjin Xingang Pt, 12, CNTXG",CNTXG,MAEU,Maersk,300094432,DRY,0,10/16/2025,3/31/2026,11/5/2025 9:38,151.05,151.05,0,0,151.05,151.05
USCHS,USCHS,CNTXG,"Charleston, SC, USCHS","Charleston, SC, USCHS","Tianjin Xingang Pt, 12, CNTXG",CNTXG,ONEY,ONE,CHIM354B25,DRY,1,10/1/2025,12/31/2025,11/5/2025 9:38,549,549,114.37,114.37,663.37,663.37
USCHS,USCHS,CNTXG,"Charleston, SC, USCHS","Charleston, SC, USCHS","Tianjin Xingang Pt, 12, CNTXG",CNTXG,YMLU,YML,51625,DRY,1,10/27/2025,12/31/2025,11/5/2025 9:38,557,557,224.8,224.8,781.8,781.8
USCHS,USCHS,CNTXG,"Charleston, SC, USCHS","Charleston, SC, USCHS","Tianjin Xingang Pt, 12, CNTXG",KRPUS,YMLU,YML,51625,DRY,1,10/27/2025,12/31/2025,11/5/2025 9:38,732,732,125.98,125.98,857.98,857.98
USCHS,USCHS,CNTXG,"Charleston, SC, USCHS","Charleston, SC, USCHS","Tianjin Xingang Pt, 12, CNTXG",TWKHH,YMLU,YML,51625,DRY,1,10/27/2025,12/31/2025,11/5/2025 9:38,817,817,227.3,227.3,1044.3,1044.3
USCHS,USCHS,CNWHG,"Charleston, SC, USCHS","Charleston, SC, USCHS","Wuhan Pt, 42, CNWHG",CNWHG,MAEU,Maersk,300094432,DRY,0,10/16/2025,3/31/2026,11/5/2025 9:38,425.73,425.73,0,0,425.73,425.73
USCHS,USCHS,CNWHG,"Charleston, SC, USCHS","Charleston, SC, USCHS","Wuhan Pt, 42, CNWHG",CNSHG,YMLU,YML,51625,DRY,1,10/27/2025,12/31/2025,11/5/2025 9:38,852,852,224.8,224.8,1076.8,1076.8
USCHS,USCHS,CNWHI,"Charleston, SC, USCHS","Charleston, SC, USCHS","Wuhu Pt, 34, CNWHI",CNSHG,YMLU,YML,51625,DRY,1,10/27/2025,12/31/2025,11/5/2025 9:38,712,712,224.8,224.8,936.8,936.8
USCHS,USCHS,CNWJA,"Charleston, SC, USCHS","Charleston, SC, USCHS","Wujiang, 32, CNWJA",CNSHG,YMLU,YML,51625,DRY,1,10/27/2025,12/31/2025,11/5/2025 9:38,892,892,224.8,224.8,1116.8,1116.8
USCHS,USCHS,CNWNZ,"Charleston, SC, USCHS","Charleston, SC, USCHS","Wenzhou Longwan, 33, CNWNZ",CNSHG,YMLU,YML,51625,DRY,1,10/27/2025,12/31/2025,11/5/2025 9:38,752,752,224.8,224.8,976.8,976.8
USCHS,USCHS,CNWNZ,"Charleston, SC, USCHS","Charleston, SC, USCHS","Wenzhou Longwan, 33, CNWNZ",CNNBG,YMLU,YML,51625,DRY,1,10/27/2025,12/31/2025,11/5/2025 9:38,752,752,224.8,224.8,976.8,976.8
USCHS,USCHS,CNWUH,"Charleston, SC, USCHS","Charleston, SC, USCHS","Wuhan Tianhe, 42, CNWUH",CNWUH,ONEY,ONE,CHIM354B25,DRY,1,10/1/2025,12/31/2025,11/5/2025 9:38,874,874,116.33,116.33,990.33,990.33
USCHS,USCHS,CNWUZ,"Charleston, SC, USCHS","Charleston, SC, USCHS","Wuzhou Pt, 45, CNWUZ",CNWUZ,ONEY,ONE,CHIM354B25,DRY,1,10/1/2025,12/31/2025,11/5/2025 9:38,844,844,170.85,170.85,1014.85,1014.85
USCHS,USCHS,CNXIA,"Charleston, SC, USCHS","Charleston, SC, USCHS","Xian, 33, CNXIA",CNSHG,YMLU,YML,51625,DRY,1,10/27/2025,12/31/2025,11/5/2025 9:38,2657,2657,224.8,224.8,2881.8,2881.8
USCHS,USCHS,CNXMG,"Charleston, SC, USCHS","Charleston, SC, USCHS","Xiamen Pt, 35, CNXMG",CNXMG,YMLU,YML,51625,DRY,1,10/27/2025,12/31/2025,11/5/2025 9:38,107,107,224.8,224.8,331.8,331.8
USCHS,USCHS,CNXMG,"Charleston, SC, USCHS","Charleston, SC, USCHS","Xiamen Pt, 35, CNXMG",CNXMG,OOLU,OOCL,MT256104,DRY,2,10/20/2025,12/31/2025,11/5/2025 9:38,267,267,159.19,159.19,426.19,426.19
USCHS,USCHS,CNXMG,"Charleston, SC, USCHS","Charleston, SC, USCHS","Xiamen Pt, 35, CNXMG",CNXMG,MAEU,Maersk,300094432,DRY,0,10/16/2025,3/31/2026,11/5/2025 9:38,301.05,301.05,0,0,301.05,301.05
USCHS,USCHS,CNXMG,"Charleston, SC, USCHS","Charleston, SC, USCHS","Xiamen Pt, 35, CNXMG","XIAMEN, CHINA",EGLV,EMC,SC103574,DRY,,10/1/2025,12/31/2025,11/5/2025 9:38,650,650,0,0,650,650
USCHS,USCHS,CNXMG,"Charleston, SC, USCHS","Charleston, SC, USCHS","Xiamen Pt, 35, CNXMG",CNXMG,ONEY,ONE,CHIM354B25,DRY,1,10/1/2025,12/31/2025,11/5/2025 9:38,764,764,114.37,114.37,878.37,878.37
USCHS,USCHS,CNYBN,"Charleston, SC, USCHS","Charleston, SC, USCHS","Yibin, 51, CNYBN",CNSHG,YMLU,YML,51625,DRY,1,10/27/2025,12/31/2025,11/5/2025 9:38,1382,1382,224.8,224.8,1606.8,1606.8
USCHS,USCHS,CNYIC,"Charleston, SC, USCHS","Charleston, SC, USCHS","Yichang, 42, CNYIC",CNSHG,YMLU,YML,51625,DRY,1,10/27/2025,12/31/2025,11/5/2025 9:38,962,962,224.8,224.8,1186.8,1186.8
USCHS,USCHS,CNYNT,"Charleston, SC, USCHS","Charleston, SC, USCHS","Yantai Laishan, 37, CNYNT",CNYNT,ONEY,ONE,CHIM354B25,DRY,1,10/1/2025,12/31/2025,11/5/2025 9:38,744,744,117.04,117.04,861.04,861.04
USCHS,USCHS,CNYPG,"Charleston, SC, USCHS","Charleston, SC, USCHS","Yangpu Pt, 46, CNYPG",CNYPG,OOLU,OOCL,MT256104,DRY,2,10/20/2025,12/31/2025,11/5/2025 9:38,267,267,0,0,267,267
USCHS,USCHS,CNYTN,"Charleston, SC, USCHS","Charleston, SC, USCHS","Yantian Pt, 44, CNYTN",CNYTN,YMLU,YML,51625,DRY,1,10/27/2025,12/31/2025,11/5/2025 9:38,157,157,224.8,224.8,381.8,381.8
USCHS,USCHS,CNYTN,"Charleston, SC, USCHS","Charleston, SC, USCHS","Yantian Pt, 44, CNYTN",CNYTN,OOLU,OOCL,MT256104,DRY,2,10/20/2025,12/31/2025,11/5/2025 9:38,267,267,159.19,159.19,426.19,426.19
USCHS,USCHS,CNYTN,"Charleston, SC, USCHS","Charleston, SC, USCHS","Yantian Pt, 44, CNYTN",CNYTN,YMLU,YML,51625,DRY,1,10/27/2025,12/31/2025,11/5/2025 9:38,382,382,224.8,224.8,606.8,606.8
USCHS,USCHS,CNYTN,"Charleston, SC, USCHS","Charleston, SC, USCHS","Yantian Pt, 44, CNYTN",CNYTN,MAEU,Maersk,300094432,DRY,0,10/16/2025,3/31/2026,11/5/2025 9:38,459.05,459.05,0,0,459.05,459.05
USCHS,USCHS,CNYTN,"Charleston, SC, USCHS","Charleston, SC, USCHS","Yantian Pt, 44, CNYTN",CNYTN,ONEY,ONE,CHIM354B25,DRY,1,10/1/2025,12/31/2025,11/5/2025 9:38,514,514,170.85,170.85,684.85,684.85
USCHS,USCHS,CNYTN,"Charleston, SC, USCHS","Charleston, SC, USCHS","Yantian Pt, 44, CNYTN",KRPUS,YMLU,YML,51625,DRY,1,10/27/2025,12/31/2025,11/5/2025 9:38,562,562,125.98,125.98,687.98,687.98
USCHS,USCHS,CNYTN,"Charleston, SC, USCHS","Charleston, SC, USCHS","Yantian Pt, 44, CNYTN","YANTIAN, CHINA",EGLV,EMC,SC103574,DRY,,10/1/2025,12/31/2025,11/5/2025 9:38,700,700,0,0,700,700
USCHS,USCHS,CNYYA,"Charleston, SC, USCHS","Charleston, SC, USCHS","Yueyang, 50, CNYYA",CNYYA,MAEU,Maersk,300094432,DRY,0,10/16/2025,3/31/2026,11/5/2025 9:38,362.73,362.73,0,0,362.73,362.73
USCHS,USCHS,CNYYA,"Charleston, SC, USCHS","Charleston, SC, USCHS","Yueyang, 50, CNYYA",CNYYA,ONEY,ONE,CHIM354B25,DRY,1,10/1/2025,12/31/2025,11/5/2025 9:38,849,849,120.97,120.97,969.97,969.97
USCHS,USCHS,CNYYA,"Charleston, SC, USCHS","Charleston, SC, USCHS","Yueyang, 50, CNYYA",CNSHG,YMLU,YML,51625,DRY,1,10/27/2025,12/31/2025,11/5/2025 9:38,962,962,224.8,224.8,1186.8,1186.8
USCHS,USCHS,CNYZH,"Charleston, SC, USCHS","Charleston, SC, USCHS","Yangzhou Pt, 32, CNYZH",CNSHG,YMLU,YML,51625,DRY,1,10/27/2025,12/31/2025,11/5/2025 9:38,712,712,224.8,224.8,936.8,936.8
USCHS,USCHS,CNZAP,"Charleston, SC, USCHS","Charleston, SC, USCHS","Zhapu, 33, CNZAP",CNNBG,YMLU,YML,51625,DRY,1,10/27/2025,12/31/2025,11/5/2025 9:38,662,662,224.8,224.8,886.8,886.8
USCHS,USCHS,CNZHE,"Charleston, SC, USCHS","Charleston, SC, USCHS","Zhenjiang Pt, 32, CNZHE",CNSHG,YMLU,YML,51625,DRY,1,10/27/2025,12/31/2025,11/5/2025 9:38,682,682,224.8,224.8,906.8,906.8
USCHS,USCHS,CNZHU,"Charleston, SC, USCHS","Charleston, SC, USCHS","Zhuao, 41, CNZHU",CNZHU,MAEU,Maersk,300094432,DRY,0,10/16/2025,3/31/2026,11/5/2025 9:38,819.05,819.05,0,0,819.05,819.05
USCHS,USCHS,CNZJG,"Charleston, SC, USCHS","Charleston, SC, USCHS","Zhangjiagang, 32, CNZJG",CNSHG,YMLU,YML,51625,DRY,1,10/27/2025,12/31/2025,11/5/2025 9:38,712,712,224.8,224.8,936.8,936.8
USCHS,USCHS,CNZJG,"Charleston, SC, USCHS","Charleston, SC, USCHS","Zhangjiagang, 32, CNZJG",CNZJG,ONEY,ONE,CHIM354B25,DRY,1,10/1/2025,12/31/2025,11/5/2025 9:38,724,724,116.33,116.33,840.33,840.33
USCHS,USCHS,CNZJG,"Charleston, SC, USCHS","Charleston, SC, USCHS","Zhangjiagang, 32, CNZJG",CNZJG,MAEU,Maersk,300094432,DRY,0,10/16/2025,3/31/2026,11/5/2025 9:38,750.73,750.73,0,0,750.73,750.73
USCHS,USCHS,CNZNG,"Charleston, SC, USCHS","Charleston, SC, USCHS","Zhanjiang Pt, 44, CNZNG",CNZNG,MAEU,Maersk,300094432,DRY,0,10/16/2025,3/31/2026,11/5/2025 9:38,959.05,959.05,0,0,959.05,959.05
USCHS,USCHS,CNZSN,"Charleston, SC, USCHS","Charleston, SC, USCHS","Zhongshan Pt, 44, CNZSN",CNZSN,ONEY,ONE,CHIM354B25,DRY,1,10/1/2025,12/31/2025,11/5/2025 9:38,739,739,170.85,170.85,909.85,909.85
USCHS,USCHS,CNZUH,"Charleston, SC, USCHS","Charleston, SC, USCHS","Zhuhai Pt, 44, CNZUH",CNZUH,ONEY,ONE,CHIM354B25,DRY,1,10/1/2025,12/31/2025,11/5/2025 9:38,824,824,170.85,170.85,994.85,994.85
USCHS,USCHS,COSPC,"Charleston, SC, USCHS","Charleston, SC, USCHS","Portuaria Regional Cartagena, BOL, COSPC",COSPC,ONEY,ONE,CHIM354B25,DRY,1,10/1/2025,12/31/2025,11/5/2025 9:38,1458,1458,125,125,1583,1583
USCHS,USCHS,DZALG,"Charleston, SC, USCHS","Charleston, SC, USCHS","Alger (Algiers), 16, DZALG",DZALG,MAEU,Maersk,300094432,DRY,0,10/16/2025,3/31/2026,11/5/2025 9:38,2442,2442,0,0,2442,2442
USCHS,USCHS,EGALY,"Charleston, SC, USCHS","Charleston, SC, USCHS","Alexandria, , EGALY",EGALY,MAEU,Maersk,300094432,DRY,0,10/16/2025,3/31/2026,11/5/2025 9:38,3156,3156,0,0,3156,3156
USCHS,USCHS,EGDAM,"Charleston, SC, USCHS","Charleston, SC, USCHS","Damietta, , EGDAM",EGDAM,MAEU,Maersk,300094432,DRY,0,10/16/2025,3/31/2026,11/5/2025 9:38,1578,1578,0,0,1578,1578
USCHS,USCHS,ESALG,"Charleston, SC, USCHS","Charleston, SC, USCHS","Algeciras, , ESALG",ESALG,ONEY,ONE,CHIM354B25,DRY,1,10/1/2025,12/31/2025,11/5/2025 9:38,1044,1044,386.41,386.41,1430.41,1430.41
USCHS,USCHS,GTGUA,"Charleston, SC, USCHS","Charleston, SC, USCHS","Guatemala City, , GTGUA",PUERTO SANTO TOMAS DE CASTILLA,EGLV,EMC,SC103574,DRY,,10/31/2025,11/30/2025,11/5/2025 9:38,3000,3000,0,0,3000,3000
USCHS,USCHS,HNPCR,"Charleston, SC, USCHS","Charleston, SC, USCHS","Puerto Cortes, , HNPCR",PUERTO CORTES,EGLV,EMC,SC103574,DRY,,10/31/2025,11/30/2025,11/5/2025 9:38,2500,2500,190,190,2690,2690
USCHS,USCHS,IDBLW,"Charleston, SC, USCHS","Charleston, SC, USCHS","Belawan, , IDBLW",IDBLW,OOLU,OOCL,MT256104,DRY,2,10/20/2025,12/31/2025,11/5/2025 9:38,667,667,145,145,812,812
USCHS,USCHS,IDBLW,"Charleston, SC, USCHS","Charleston, SC, USCHS","Belawan, , IDBLW",BELAWAN,EGLV,EMC,SC103574,DRY,,10/1/2025,12/31/2025,11/5/2025 9:38,850,850,145,145,995,995
USCHS,USCHS,IDBLW,"Charleston, SC, USCHS","Charleston, SC, USCHS","Belawan, , IDBLW",IDBLW,MAEU,Maersk,300094432,DRY,0,10/16/2025,3/31/2026,11/5/2025 9:38,1025,1025,0,0,1025,1025
USCHS,USCHS,IDBLW,"Charleston, SC, USCHS","Charleston, SC, USCHS","Belawan, , IDBLW",IDBLW,ONEY,ONE,CHIM354B25,DRY,1,10/1/2025,12/31/2025,11/5/2025 9:38,1264,1264,505.63,505.63,1769.63,1769.63
USCHS,USCHS,IDBLW,"Charleston, SC, USCHS","Charleston, SC, USCHS","Belawan, , IDBLW",CNSHG,YMLU,YML,51625,DRY,1,10/27/2025,12/31/2025,11/5/2025 9:38,1287,1287,224.8,224.8,1511.8,1511.8
USCHS,USCHS,IDBLW,"Charleston, SC, USCHS","Charleston, SC, USCHS","Belawan, , IDBLW",SGSIN,YMLU,YML,51625,DRY,1,10/27/2025,12/31/2025,11/5/2025 9:38,1287,1287,268.95,268.95,1555.95,1555.95
USCHS,USCHS,IDBLW,"Charleston, SC, USCHS","Charleston, SC, USCHS","Belawan, , IDBLW",IDBLW,YMLU,YML,51625,DRY,1,10/27/2025,12/31/2025,11/5/2025 9:38,1482,1482,0,0,1482,1482
USCHS,USCHS,IDCKR,"Charleston, SC, USCHS","Charleston, SC, USCHS","Cikarang, JB, IDCKR",IDCKR,ONEY,ONE,CHIM354B25,DRY,1,10/1/2025,12/31/2025,11/5/2025 9:38,1724,1724,505.63,505.63,2229.63,2229.63
USCHS,USCHS,IDJKT,"Charleston, SC, USCHS","Charleston, SC, USCHS","Jakarta, JK, IDJKT",IDJKT,OOLU,OOCL,MT256104,DRY,2,10/20/2025,12/31/2025,11/5/2025 9:38,667,667,145,145,812,812
USCHS,USCHS,IDJKT,"Charleston, SC, USCHS","Charleston, SC, USCHS","Jakarta, JK, IDJKT",IDJKT,YMLU,YML,51625,DRY,1,10/27/2025,12/31/2025,11/5/2025 9:38,757,757,145,145,902,902
USCHS,USCHS,IDJKT,"Charleston, SC, USCHS","Charleston, SC, USCHS","Jakarta, JK, IDJKT",IDJKT,YMLU,YML,51625,DRY,1,10/27/2025,12/31/2025,11/5/2025 9:38,757,757,0,0,757,757
USCHS,USCHS,IDJKT,"Charleston, SC, USCHS","Charleston, SC, USCHS","Jakarta, JK, IDJKT",IDJKT,MAEU,Maersk,300094432,DRY,0,10/16/2025,3/31/2026,11/5/2025 9:38,775,775,0,0,775,775
USCHS,USCHS,IDJKT,"Charleston, SC, USCHS","Charleston, SC, USCHS","Jakarta, JK, IDJKT",JAKARTA,EGLV,EMC,SC103574,DRY,,10/1/2025,12/31/2025,11/5/2025 9:38,850,850,145,145,995,995
USCHS,USCHS,IDJKT,"Charleston, SC, USCHS","Charleston, SC, USCHS","Jakarta, JK, IDJKT",CNSHG,YMLU,YML,51625,DRY,1,10/27/2025,12/31/2025,11/5/2025 9:38,982,982,224.8,224.8,1206.8,1206.8
USCHS,USCHS,IDJKT,"Charleston, SC, USCHS","Charleston, SC, USCHS","Jakarta, JK, IDJKT",SGSIN,YMLU,YML,51625,DRY,1,10/27/2025,12/31/2025,11/5/2025 9:38,982,982,268.95,268.95,1250.95,1250.95
USCHS,USCHS,IDJKT,"Charleston, SC, USCHS","Charleston, SC, USCHS","Jakarta, JK, IDJKT",IDJKT,ONEY,ONE,CHIM354B25,DRY,1,10/1/2025,12/31/2025,11/5/2025 9:38,1024,1024,505.63,505.63,1529.63,1529.63
USCHS,USCHS,IDPLM,"Charleston, SC, USCHS","Charleston, SC, USCHS","Palembang, Sumatra, , IDPLM",SGSIN,YMLU,YML,51625,DRY,1,10/27/2025,12/31/2025,11/5/2025 9:38,1432,1432,268.95,268.95,1700.95,1700.95
USCHS,USCHS,IDSRG,"Charleston, SC, USCHS","Charleston, SC, USCHS","Semarang, JT, IDSRG",IDSRG,OOLU,OOCL,MT256104,DRY,2,10/20/2025,12/31/2025,11/5/2025 9:38,667,667,145,145,812,812
USCHS,USCHS,IDSRG,"Charleston, SC, USCHS","Charleston, SC, USCHS","Semarang, JT, IDSRG",IDSRG,MAEU,Maersk,300094432,DRY,0,10/16/2025,3/31/2026,11/5/2025 9:38,775,775,0,0,775,775
USCHS,USCHS,IDSRG,"Charleston, SC, USCHS","Charleston, SC, USCHS","Semarang, JT, IDSRG",SEMARANG,EGLV,EMC,SC103574,DRY,,10/1/2025,12/31/2025,11/5/2025 9:38,850,850,145,145,995,995
USCHS,USCHS,IDSRG,"Charleston, SC, USCHS","Charleston, SC, USCHS","Semarang, JT, IDSRG",SGSIN,YMLU,YML,51625,DRY,1,10/27/2025,12/31/2025,11/5/2025 9:38,1032,1032,268.95,268.95,1300.95,1300.95
USCHS,USCHS,IDSRG,"Charleston, SC, USCHS","Charleston, SC, USCHS","Semarang, JT, IDSRG",IDSRG,ONEY,ONE,CHIM354B25,DRY,1,10/1/2025,12/31/2025,11/5/2025 9:38,1159,1159,505.63,505.63,1664.63,1664.63
USCHS,USCHS,IDSUB,"Charleston, SC, USCHS","Charleston, SC, USCHS","Surabaya, JI, IDSUB",IDSUB,YMLU,YML,51625,DRY,1,10/27/2025,12/31/2025,11/5/2025 9:38,657,657,0,0,657,657
USCHS,USCHS,IDSUB,"Charleston, SC, USCHS","Charleston, SC, USCHS","Surabaya, JI, IDSUB",IDSUB,YMLU,YML,51625,DRY,1,10/27/2025,12/31/2025,11/5/2025 9:38,657,657,145,145,802,802
USCHS,USCHS,IDSUB,"Charleston, SC, USCHS","Charleston, SC, USCHS","Surabaya, JI, IDSUB",IDSUB,OOLU,OOCL,MT256104,DRY,2,10/20/2025,12/31/2025,11/5/2025 9:38,667,667,145,145,812,812
USCHS,USCHS,IDSUB,"Charleston, SC, USCHS","Charleston, SC, USCHS","Surabaya, JI, IDSUB",IDSUB,MAEU,Maersk,300094432,DRY,0,10/16/2025,3/31/2026,11/5/2025 9:38,775,775,0,0,775,775
USCHS,USCHS,IDSUB,"Charleston, SC, USCHS","Charleston, SC, USCHS","Surabaya, JI, IDSUB",SURABAYA,EGLV,EMC,SC103574,DRY,,10/1/2025,12/31/2025,11/5/2025 9:38,850,850,145,145,995,995
USCHS,USCHS,IDSUB,"Charleston, SC, USCHS","Charleston, SC, USCHS","Surabaya, JI, IDSUB",CNSHG,YMLU,YML,51625,DRY,1,10/27/2025,12/31/2025,11/5/2025 9:38,982,982,224.8,224.8,1206.8,1206.8
USCHS,USCHS,IDSUB,"Charleston, SC, USCHS","Charleston, SC, USCHS","Surabaya, JI, IDSUB",SGSIN,YMLU,YML,51625,DRY,1,10/27/2025,12/31/2025,11/5/2025 9:38,982,982,268.95,268.95,1250.95,1250.95
USCHS,USCHS,IDSUB,"Charleston, SC, USCHS","Charleston, SC, USCHS","Surabaya, JI, IDSUB",IDSUB,ONEY,ONE,CHIM354B25,DRY,1,10/1/2025,12/31/2025,11/5/2025 9:38,1024,1024,505.63,505.63,1529.63,1529.63
USCHS,USCHS,INCCU,"Charleston, SC, USCHS","Charleston, SC, USCHS","Kolkata (ex Calcutta), WB, INCCU",INCCU,ONEY,ONE,CHIM354B25,DRY,1,10/1/2025,12/31/2025,11/5/2025 9:38,1964,1964,280.64,280.64,2244.64,2244.64
USCHS,USCHS,INCCU,"Charleston, SC, USCHS","Charleston, SC, USCHS","Kolkata (ex Calcutta), WB, INCCU",SGSIN,YMLU,YML,51625,DRY,1,10/27/2025,12/31/2025,11/5/2025 9:38,2032,2032,268.95,268.95,2300.95,2300.95
USCHS,USCHS,INCCU,"Charleston, SC, USCHS","Charleston, SC, USCHS","Kolkata (ex Calcutta), WB, INCCU",CNNBG,YMLU,YML,51625,DRY,1,10/27/2025,12/31/2025,11/5/2025 9:38,2032,2032,224.8,224.8,2256.8,2256.8
USCHS,USCHS,INCCU,"Charleston, SC, USCHS","Charleston, SC, USCHS","Kolkata (ex Calcutta), WB, INCCU",CNSHG,YMLU,YML,51625,DRY,1,10/27/2025,12/31/2025,11/5/2025 9:38,2032,2032,224.8,224.8,2256.8,2256.8
USCHS,USCHS,INCOK,"Charleston, SC, USCHS","Charleston, SC, USCHS","Cochin, KL, INCOK",INCOK,MAEU,Maersk,300094432,DRY,0,10/16/2025,3/31/2026,11/5/2025 9:38,1764,1764,0,0,1764,1764
USCHS,USCHS,INCOK,"Charleston, SC, USCHS","Charleston, SC, USCHS","Cochin, KL, INCOK",INCOK,ONEY,ONE,CHIM354B25,DRY,1,10/1/2025,12/31/2025,11/5/2025 9:38,1964,1964,249.51,249.51,2213.51,2213.51
USCHS,USCHS,INHAL,"Charleston, SC, USCHS","Charleston, SC, USCHS","Haldia, WB, INHAL",INHAL,OOLU,OOCL,MT256104,DRY,2,10/20/2025,12/31/2025,11/5/2025 9:38,2957,2957,0,0,2957,2957
USCHS,USCHS,INHZA,"Charleston, SC, USCHS","Charleston, SC, USCHS","Hazira Port/Surat, GJ, INHZA",INHZA,ONEY,ONE,CHIM354B25,DRY,1,10/1/2025,12/31/2025,11/5/2025 9:38,1064,1064,262.63,262.63,1326.63,1326.63
USCHS,USCHS,INKOC,"Charleston, SC, USCHS","Charleston, SC, USCHS","Kochi, , INKOC",KRPUS,YMLU,YML,51625,DRY,1,10/27/2025,12/31/2025,11/5/2025 9:38,2422,2422,125.98,125.98,2547.98,2547.98
USCHS,USCHS,INKOC,"Charleston, SC, USCHS","Charleston, SC, USCHS","Kochi, , INKOC",INKOC,OOLU,OOCL,MT256104,DRY,2,10/20/2025,12/31/2025,11/5/2025 9:38,3187,3187,270.35,270.35,3457.35,3457.35
USCHS,USCHS,INKTP,"Charleston, SC, USCHS","Charleston, SC, USCHS","Kattupalli Port, TN, INKTP",INKTP,OOLU,OOCL,MT256104,DRY,2,10/20/2025,12/31/2025,11/5/2025 9:38,1337,1337,0,0,1337,1337
USCHS,USCHS,INMAA,"Charleston, SC, USCHS","Charleston, SC, USCHS","Chennai (ex Madras), TN, INMAA",INMAA,MAEU,Maersk,300094432,DRY,0,10/16/2025,3/31/2026,11/5/2025 9:38,1764,1764,0,0,1764,1764
USCHS,USCHS,INMAA,"Charleston, SC, USCHS","Charleston, SC, USCHS","Chennai (ex Madras), TN, INMAA",CNNBG,YMLU,YML,51625,DRY,1,10/27/2025,12/31/2025,11/5/2025 9:38,1782,1782,224.8,224.8,2006.8,2006.8
USCHS,USCHS,INMAA,"Charleston, SC, USCHS","Charleston, SC, USCHS","Chennai (ex Madras), TN, INMAA",CNSHG,YMLU,YML,51625,DRY,1,10/27/2025,12/31/2025,11/5/2025 9:38,1782,1782,224.8,224.8,2006.8,2006.8
USCHS,USCHS,INMAA,"Charleston, SC, USCHS","Charleston, SC, USCHS","Chennai (ex Madras), TN, INMAA",SGSIN,YMLU,YML,51625,DRY,1,10/27/2025,12/31/2025,11/5/2025 9:38,1782,1782,268.95,268.95,2050.95,2050.95
USCHS,USCHS,INMAA,"Charleston, SC, USCHS","Charleston, SC, USCHS","Chennai (ex Madras), TN, INMAA",INMAA,ONEY,ONE,CHIM354B25,DRY,1,10/1/2025,12/31/2025,11/5/2025 9:38,1964,1964,227.54,227.54,2191.54,2191.54
USCHS,USCHS,INMUN,"Charleston, SC, USCHS","Charleston, SC, USCHS","Mundra, GJ, INMUN",INMUN,OOLU,OOCL,MT256104,DRY,2,10/20/2025,12/31/2025,11/5/2025 9:38,747,747,180.23,180.23,927.23,927.23
USCHS,USCHS,INMUN,"Charleston, SC, USCHS","Charleston, SC, USCHS","Mundra, GJ, INMUN",INMUN,ONEY,ONE,CHIM354B25,DRY,1,10/1/2025,12/31/2025,11/5/2025 9:38,1114,1114,324.41,324.41,1438.41,1438.41
USCHS,USCHS,INMUN,"Charleston, SC, USCHS","Charleston, SC, USCHS","Mundra, GJ, INMUN",INMUN,MAEU,Maersk,300094432,DRY,0,10/16/2025,3/31/2026,11/5/2025 9:38,1420,1420,0,0,1420,1420
USCHS,USCHS,INNSA,"Charleston, SC, USCHS","Charleston, SC, USCHS","Nhava Sheva, MH, INNSA",INNSA,OOLU,OOCL,MT256104,DRY,2,10/20/2025,12/31/2025,11/5/2025 9:38,747,747,157.7,157.7,904.7,904.7
USCHS,USCHS,INNSA,"Charleston, SC, USCHS","Charleston, SC, USCHS","Nhava Sheva, MH, INNSA",INNSA,ONEY,ONE,CHIM354B25,DRY,1,10/1/2025,12/31/2025,11/5/2025 9:38,1114,1114,290.62,290.62,1404.62,1404.62
USCHS,USCHS,INNSA,"Charleston, SC, USCHS","Charleston, SC, USCHS","Nhava Sheva, MH, INNSA",NHAVA SHEVA,EGLV,EMC,SC103574,DRY,,10/1/2025,12/31/2025,11/5/2025 9:38,1300,1300,199.65,199.65,1499.65,1499.65
USCHS,USCHS,INNSA,"Charleston, SC, USCHS","Charleston, SC, USCHS","Nhava Sheva, MH, INNSA",INNSA,MAEU,Maersk,300094432,DRY,0,10/16/2025,3/31/2026,11/5/2025 9:38,1420,1420,0,0,1420,1420
USCHS,USCHS,INPAV,"Charleston, SC, USCHS","Charleston, SC, USCHS","Pipavav (Victor) Port, GJ, INPAV",INPAV,ONEY,ONE,CHIM354B25,DRY,1,10/1/2025,12/31/2025,11/5/2025 9:38,1964,1964,279.98,279.98,2243.98,2243.98
USCHS,USCHS,INTUT,"Charleston, SC, USCHS","Charleston, SC, USCHS","Tuticorin, TN, INTUT",INTUT,MAEU,Maersk,300094432,DRY,0,10/16/2025,3/31/2026,11/5/2025 9:38,1420,1420,0,0,1420,1420
USCHS,USCHS,INTUT,"Charleston, SC, USCHS","Charleston, SC, USCHS","Tuticorin, TN, INTUT",INTUT,ONEY,ONE,CHIM354B25,DRY,1,10/1/2025,12/31/2025,11/5/2025 9:38,1964,1964,211.77,211.77,2175.77,2175.77
USCHS,USCHS,INTUT,"Charleston, SC, USCHS","Charleston, SC, USCHS","Tuticorin, TN, INTUT",INTUT,OOLU,OOCL,MT256104,DRY,2,10/20/2025,12/31/2025,11/5/2025 9:38,2117,2117,78.85,78.85,2195.85,2195.85
USCHS,USCHS,JPABU,"Charleston, SC, USCHS","Charleston, SC, USCHS","Aburatsu, 45, JPABU",KRPUS,YMLU,YML,51625,DRY,1,10/27/2025,12/31/2025,11/5/2025 9:38,1932,1932,125.98,125.98,2057.98,2057.98
USCHS,USCHS,JPAXT,"Charleston, SC, USCHS","Charleston, SC, USCHS","Akita, 5, JPAXT",KRPUS,YMLU,YML,51625,DRY,1,10/27/2025,12/31/2025,11/5/2025 9:38,1932,1932,125.98,125.98,2057.98,2057.98
USCHS,USCHS,JPFKY,"Charleston, SC, USCHS","Charleston, SC, USCHS","Fukuyama, Hiroshima, 34, JPFKY",KRPUS,YMLU,YML,51625,DRY,1,10/27/2025,12/31/2025,11/5/2025 9:38,2252,2252,125.98,125.98,2377.98,2377.98
USCHS,USCHS,JPHHE,"Charleston, SC, USCHS","Charleston, SC, USCHS","Hachinohe, 2, JPHHE",KRPUS,YMLU,YML,51625,DRY,1,10/27/2025,12/31/2025,11/5/2025 9:38,2732,2732,125.98,125.98,2857.98,2857.98
USCHS,USCHS,JPHIJ,"Charleston, SC, USCHS","Charleston, SC, USCHS","Hiroshima, 34, JPHIJ",JPHIJ,ONEY,ONE,CHIM354B25,DRY,1,10/1/2025,12/31/2025,11/5/2025 9:38,1404,1404,324.73,324.73,1728.73,1728.73
USCHS,USCHS,JPHIJ,"Charleston, SC, USCHS","Charleston, SC, USCHS","Hiroshima, 34, JPHIJ",KRPUS,YMLU,YML,51625,DRY,1,10/27/2025,12/31/2025,11/5/2025 9:38,1542,1542,125.98,125.98,1667.98,1667.98
USCHS,USCHS,JPHKD,"Charleston, SC, USCHS","Charleston, SC, USCHS","Hakodate, 1, JPHKD",KRPUS,YMLU,YML,51625,DRY,1,10/27/2025,12/31/2025,11/5/2025 9:38,2182,2182,125.98,125.98,2307.98,2307.98
USCHS,USCHS,JPHMD,"Charleston, SC, USCHS","Charleston, SC, USCHS","Hamada, 32, JPHMD",KRPUS,YMLU,YML,51625,DRY,1,10/27/2025,12/31/2025,11/5/2025 9:38,2452,2452,125.98,125.98,2577.98,2577.98
USCHS,USCHS,JPHTD,"Charleston, SC, USCHS","Charleston, SC, USCHS","Hakata, 38, JPHTD",HAKATA,EGLV,EMC,SC103574,DRY,,10/1/2025,12/31/2025,11/5/2025 9:38,950,950,311.74,311.74,1261.74,1261.74
USCHS,USCHS,JPIMB,"Charleston, SC, USCHS","Charleston, SC, USCHS","Imabari, 38, JPIMB",KRPUS,YMLU,YML,51625,DRY,1,10/27/2025,12/31/2025,11/5/2025 9:38,1992,1992,125.98,125.98,2117.98,2117.98
USCHS,USCHS,JPIMI,"Charleston, SC, USCHS","Charleston, SC, USCHS","Imari, 41, JPIMI",CNSHG,YMLU,YML,51625,DRY,1,10/27/2025,12/31/2025,11/5/2025 9:38,1352,1352,224.8,224.8,1576.8,1576.8
USCHS,USCHS,JPISI,"Charleston, SC, USCHS","Charleston, SC, USCHS","Ishikari, 1, JPISI",KRPUS,YMLU,YML,51625,DRY,1,10/27/2025,12/31/2025,11/5/2025 9:38,2312,2312,125.98,125.98,2437.98,2437.98
USCHS,USCHS,JPIWK,"Charleston, SC, USCHS","Charleston, SC, USCHS","Iwakuni, 35, JPIWK",KRPUS,YMLU,YML,51625,DRY,1,10/27/2025,12/31/2025,11/5/2025 9:38,2192,2192,125.98,125.98,2317.98,2317.98
USCHS,USCHS,JPIYM,"Charleston, SC, USCHS","Charleston, SC, USCHS","Iyomishima, 38, JPIYM",JPIYM,ONEY,ONE,CHIM354B25,DRY,1,10/1/2025,12/31/2025,11/5/2025 9:38,1104,1104,342.26,342.26,1446.26,1446.26
USCHS,USCHS,JPIYM,"Charleston, SC, USCHS","Charleston, SC, USCHS","Iyomishima, 38, JPIYM",CNSHG,YMLU,YML,51625,DRY,1,10/27/2025,12/31/2025,11/5/2025 9:38,1182,1182,224.8,224.8,1406.8,1406.8
USCHS,USCHS,JPKCZ,"Charleston, SC, USCHS","Charleston, SC, USCHS","Kochi, 39, JPKCZ",JPKCZ,ONEY,ONE,CHIM354B25,DRY,1,10/1/2025,12/31/2025,11/5/2025 9:38,1704,1704,342.26,342.26,2046.26,2046.26
USCHS,USCHS,JPKIJ,"Charleston, SC, USCHS","Charleston, SC, USCHS","Niigata, 15, JPKIJ",JPKIJ,ONEY,ONE,CHIM354B25,DRY,1,10/1/2025,12/31/2025,11/5/2025 9:38,1464,1464,342.26,342.26,1806.26,1806.26
USCHS,USCHS,JPKMJ,"Charleston, SC, USCHS","Charleston, SC, USCHS","Kumamoto, 43, JPKMJ",KRPUS,YMLU,YML,51625,DRY,1,10/27/2025,12/31/2025,11/5/2025 9:38,1882,1882,125.98,125.98,2007.98,2007.98
USCHS,USCHS,JPKNZ,"Charleston, SC, USCHS","Charleston, SC, USCHS","Kanazawa, 17, JPKNZ",KRPUS,YMLU,YML,51625,DRY,1,10/27/2025,12/31/2025,11/5/2025 9:38,2122,2122,125.98,125.98,2247.98,2247.98
USCHS,USCHS,JPKST,"Charleston, SC, USCHS","Charleston, SC, USCHS","Kisakata, 5, JPKST",KRPUS,YMLU,YML,51625,DRY,1,10/27/2025,12/31/2025,11/5/2025 9:38,2312,2312,125.98,125.98,2437.98,2437.98
USCHS,USCHS,JPKUH,"Charleston, SC, USCHS","Charleston, SC, USCHS","Kushiro, 1, JPKUH",KRPUS,YMLU,YML,51625,DRY,1,10/27/2025,12/31/2025,11/5/2025 9:38,2537,2537,125.98,125.98,2662.98,2662.98
USCHS,USCHS,JPKWS,"Charleston, SC, USCHS","Charleston, SC, USCHS","Kawasaki, 14, JPKWS",JPKWS,ONEY,ONE,CHIM354B25,DRY,1,10/1/2025,12/31/2025,11/5/2025 9:38,774,774,17.54,17.54,791.54,791.54
USCHS,USCHS,JPMII,"Charleston, SC, USCHS","Charleston, SC, USCHS","Miike, Fukuoka, 40, JPMII",KRPUS,YMLU,YML,51625,DRY,1,10/27/2025,12/31/2025,11/5/2025 9:38,2252,2252,125.98,125.98,2377.98,2377.98
USCHS,USCHS,JPMIZ,"Charleston, SC, USCHS","Charleston, SC, USCHS","Mizushima, 33, JPMIZ",CNNBG,YMLU,YML,51625,DRY,1,10/27/2025,12/31/2025,11/5/2025 9:38,1052,1052,224.8,224.8,1276.8,1276.8
USCHS,USCHS,JPMOJ,"Charleston, SC, USCHS","Charleston, SC, USCHS","Moji/Kitakyushu, 40, JPMOJ",JPMOJ,ONEY,ONE,CHIM354B25,DRY,1,10/1/2025,12/31/2025,11/5/2025 9:38,1164,1164,342.26,342.26,1506.26,1506.26
USCHS,USCHS,JPNAH,"Charleston, SC, USCHS","Charleston, SC, USCHS","Naha, Okinawa, 47, JPNAH",TWKHH,YMLU,YML,51625,DRY,1,10/27/2025,12/31/2025,11/5/2025 9:38,1212,1212,227.3,227.3,1439.3,1439.3
USCHS,USCHS,JPNAO,"Charleston, SC, USCHS","Charleston, SC, USCHS","Naoetsu, 15, JPNAO",JPNAO,ONEY,ONE,CHIM354B25,DRY,1,10/1/2025,12/31/2025,11/5/2025 9:38,1774,1774,342.26,342.26,2116.26,2116.26
USCHS,USCHS,JPNAO,"Charleston, SC, USCHS","Charleston, SC, USCHS","Naoetsu, 15, JPNAO",KRPUS,YMLU,YML,51625,DRY,1,10/27/2025,12/31/2025,11/5/2025 9:38,2332,2332,125.98,125.98,2457.98,2457.98
USCHS,USCHS,JPNGO,"Charleston, SC, USCHS","Charleston, SC, USCHS","Nagoya, Aichi, 23, JPNGO",JPNGO,MAEU,Maersk,300094432,DRY,0,10/16/2025,3/31/2026,10/22/2025 19:06,380,380,0,0,380,380
USCHS,USCHS,JPNGO,"Charleston, SC, USCHS","Charleston, SC, USCHS","Nagoya, Aichi, 23, JPNGO",SGSIN,YMLU,YML,51625,DRY,1,10/27/2025,12/31/2025,11/5/2025 9:38,482,482,321.48,321.48,803.48,803.48
USCHS,USCHS,JPNGO,"Charleston, SC, USCHS","Charleston, SC, USCHS","Nagoya, Aichi, 23, JPNGO",SGSIN,YMLU,YML,51625,DRY,1,10/27/2025,12/31/2025,11/5/2025 9:38,557,557,268.95,268.95,825.95,825.95
USCHS,USCHS,JPNGO,"Charleston, SC, USCHS","Charleston, SC, USCHS","Nagoya, Aichi, 23, JPNGO",JPNGO,ONEY,ONE,CHIM354B25,DRY,1,10/1/2025,12/31/2025,11/5/2025 9:38,674,674,342.26,342.26,1016.26,1016.26
USCHS,USCHS,JPNGO,"Charleston, SC, USCHS","Charleston, SC, USCHS","Nagoya, Aichi, 23, JPNGO",NAGOYA,EGLV,EMC,SC103574,DRY,,10/1/2025,12/31/2025,11/5/2025 9:38,950,950,311.74,311.74,1261.74,1261.74
USCHS,USCHS,JPOIT,"Charleston, SC, USCHS","Charleston, SC, USCHS","Oita, 44, JPOIT",KRPUS,YMLU,YML,51625,DRY,1,10/27/2025,12/31/2025,11/5/2025 9:38,1952,1952,125.98,125.98,2077.98,2077.98
USCHS,USCHS,JPONA,"Charleston, SC, USCHS","Charleston, SC, USCHS","Onahama, 7, JPONA",KRPUS,YMLU,YML,51625,DRY,1,10/27/2025,12/31/2025,11/5/2025 9:38,2472,2472,125.98,125.98,2597.98,2597.98
USCHS,USCHS,JPOSA,"Charleston, SC, USCHS","Charleston, SC, USCHS","Osaka, 27, JPOSA","Kobe, JP",MAEU,Maersk,300094432,DRY,0,10/16/2025,3/31/2026,10/22/2025 19:06,430,430,0,0,430,430
USCHS,USCHS,JPOSA,"Charleston, SC, USCHS","Charleston, SC, USCHS","Osaka, 27, JPOSA",JPOSA,YMLU,YML,51625,DRY,1,10/27/2025,12/31/2025,11/5/2025 9:38,607,607,321.48,321.48,928.48,928.48
USCHS,USCHS,JPOSA,"Charleston, SC, USCHS","Charleston, SC, USCHS","Osaka, 27, JPOSA",JPOSA,ONEY,ONE,CHIM354B25,DRY,1,10/1/2025,12/31/2025,11/5/2025 9:38,769,769,342.26,342.26,1111.26,1111.26
USCHS,USCHS,JPOSA,"Charleston, SC, USCHS","Charleston, SC, USCHS","Osaka, 27, JPOSA",OSAKA,EGLV,EMC,SC103574,DRY,,10/1/2025,12/31/2025,11/5/2025 9:38,950,950,311.74,311.74,1261.74,1261.74
USCHS,USCHS,JPOTK,"Charleston, SC, USCHS","Charleston, SC, USCHS","Otake, 34, JPOTK",KRPUS,YMLU,YML,51625,DRY,1,10/27/2025,12/31/2025,11/5/2025 9:38,2332,2332,125.98,125.98,2457.98,2457.98
USCHS,USCHS,JPSBS,"Charleston, SC, USCHS","Charleston, SC, USCHS","Shibushi, 46, JPSBS",JPSBS,ONEY,ONE,CHIM354B25,DRY,1,10/1/2025,12/31/2025,11/5/2025 9:38,1564,1564,342.26,342.26,1906.26,1906.26
USCHS,USCHS,JPSDJ,"Charleston, SC, USCHS","Charleston, SC, USCHS","Sendai, Miyagi, 4, JPSDJ",JPSDJ,ONEY,ONE,CHIM354B25,DRY,1,10/1/2025,12/31/2025,11/5/2025 9:38,824,824,342.26,342.26,1166.26,1166.26
USCHS,USCHS,JPSDJ,"Charleston, SC, USCHS","Charleston, SC, USCHS","Sendai, Miyagi, 4, JPSDJ",KRPUS,YMLU,YML,51625,DRY,1,10/27/2025,12/31/2025,11/5/2025 9:38,2482,2482,125.98,125.98,2607.98,2607.98
USCHS,USCHS,JPSEN,"Charleston, SC, USCHS","Charleston, SC, USCHS","Satsumasendai, 46, JPSEN",KRPUS,YMLU,YML,51625,DRY,1,10/27/2025,12/31/2025,11/5/2025 9:38,2362,2362,125.98,125.98,2487.98,2487.98
USCHS,USCHS,JPSHS,"Charleston, SC, USCHS","Charleston, SC, USCHS","Shimonoseki, 35, JPSHS",KRPUS,YMLU,YML,51625,DRY,1,10/27/2025,12/31/2025,11/5/2025 9:38,2202,2202,125.98,125.98,2327.98,2327.98
USCHS,USCHS,JPSMN,"Charleston, SC, USCHS","Charleston, SC, USCHS","Sakaiminato, 31, JPSMN",JPSMN,ONEY,ONE,CHIM354B25,DRY,1,10/1/2025,12/31/2025,11/5/2025 9:38,1804,1804,0,0,1804,1804
USCHS,USCHS,JPSMZ,"Charleston, SC, USCHS","Charleston, SC, USCHS","Shimizu, 22, JPSMZ",JPSMZ,ONEY,ONE,CHIM354B25,DRY,1,10/1/2025,12/31/2025,11/5/2025 9:38,864,864,342.26,342.26,1206.26,1206.26
USCHS,USCHS,JPTAK,"Charleston, SC, USCHS","Charleston, SC, USCHS","Takamatsu, 37, JPTAK",KRPUS,YMLU,YML,51625,DRY,1,10/27/2025,12/31/2025,11/5/2025 9:38,2252,2252,125.98,125.98,2377.98,2377.98
USCHS,USCHS,JPTHS,"Charleston, SC, USCHS","Charleston, SC, USCHS","Toyohashi, 23, JPTHS",KRPUS,YMLU,YML,51625,DRY,1,10/27/2025,12/31/2025,11/5/2025 9:38,1342,1342,125.98,125.98,1467.98,1467.98
USCHS,USCHS,JPTKS,"Charleston, SC, USCHS","Charleston, SC, USCHS","Tokushima, 36, JPTKS",JPTKS,ONEY,ONE,CHIM354B25,DRY,1,10/1/2025,12/31/2025,11/5/2025 9:38,2164,2164,342.26,342.26,2506.26,2506.26
USCHS,USCHS,JPTKS,"Charleston, SC, USCHS","Charleston, SC, USCHS","Tokushima, 36, JPTKS",KRPUS,YMLU,YML,51625,DRY,1,10/27/2025,12/31/2025,11/5/2025 9:38,2232,2232,125.98,125.98,2357.98,2357.98
USCHS,USCHS,JPTKY,"Charleston, SC, USCHS","Charleston, SC, USCHS","Tokuyama, 35, JPTKY",KRPUS,YMLU,YML,51625,DRY,1,10/27/2025,12/31/2025,11/5/2025 9:38,2022,2022,125.98,125.98,2147.98,2147.98
USCHS,USCHS,JPTMK,"Charleston, SC, USCHS","Charleston, SC, USCHS","Tomakomai, 1, JPTMK",KRPUS,YMLU,YML,51625,DRY,1,10/27/2025,12/31/2025,11/5/2025 9:38,1957,1957,125.98,125.98,2082.98,2082.98
USCHS,USCHS,JPTMK,"Charleston, SC, USCHS","Charleston, SC, USCHS","Tomakomai, 1, JPTMK",JPTMK,ONEY,ONE,CHIM354B25,DRY,1,10/1/2025,12/31/2025,11/5/2025 9:38,1964,1964,342.26,342.26,2306.26,2306.26
USCHS,USCHS,JPTOY,"Charleston, SC, USCHS","Charleston, SC, USCHS","Toyama, 16, JPTOY",KRPUS,YMLU,YML,51625,DRY,1,10/27/2025,12/31/2025,11/5/2025 9:38,2172,2172,125.98,125.98,2297.98,2297.98
USCHS,USCHS,JPTRG,"Charleston, SC, USCHS","Charleston, SC, USCHS","Tsuruga, 18, JPTRG",KRPUS,YMLU,YML,51625,DRY,1,10/27/2025,12/31/2025,11/5/2025 9:38,2092,2092,125.98,125.98,2217.98,2217.98
USCHS,USCHS,JPTYO,"Charleston, SC, USCHS","Charleston, SC, USCHS","Tokyo, 13, JPTYO",JPTYO,MAEU,Maersk,300094432,DRY,0,10/16/2025,3/31/2026,10/22/2025 19:06,380,380,0,0,380,380
USCHS,USCHS,JPTYO,"Charleston, SC, USCHS","Charleston, SC, USCHS","Tokyo, 13, JPTYO",SGSIN,YMLU,YML,51625,DRY,1,10/27/2025,12/31/2025,11/5/2025 9:38,557,557,268.95,268.95,825.95,825.95
USCHS,USCHS,JPTYO,"Charleston, SC, USCHS","Charleston, SC, USCHS","Tokyo, 13, JPTYO",JPTYO,ONEY,ONE,CHIM354B25,DRY,1,10/1/2025,12/31/2025,11/5/2025 9:38,674,674,342.26,342.26,1016.26,1016.26
USCHS,USCHS,JPTYO,"Charleston, SC, USCHS","Charleston, SC, USCHS","Tokyo, 13, JPTYO",JPTYO,OOLU,OOCL,MT256104,DRY,2,10/20/2025,12/31/2025,11/5/2025 9:38,1237,1237,318.23,318.23,1555.23,1555.23
USCHS,USCHS,JPUKB,"Charleston, SC, USCHS","Charleston, SC, USCHS","Kobe, 28, JPUKB",SGSIN,YMLU,YML,51625,DRY,1,10/27/2025,12/31/2025,11/5/2025 9:38,482,482,321.48,321.48,803.48,803.48
USCHS,USCHS,JPUKB,"Charleston, SC, USCHS","Charleston, SC, USCHS","Kobe, 28, JPUKB",JPUKB,MAEU,Maersk,300094432,DRY,0,10/16/2025,3/31/2026,10/22/2025 19:06,517,517,0,0,517,517
USCHS,USCHS,JPUKB,"Charleston, SC, USCHS","Charleston, SC, USCHS","Kobe, 28, JPUKB",SGSIN,YMLU,YML,51625,DRY,1,10/27/2025,12/31/2025,11/5/2025 9:38,557,557,268.95,268.95,825.95,825.95
USCHS,USCHS,JPUKB,"Charleston, SC, USCHS","Charleston, SC, USCHS","Kobe, 28, JPUKB",JPUKB,ONEY,ONE,CHIM354B25,DRY,1,10/1/2025,12/31/2025,11/5/2025 9:38,674,674,342.26,342.26,1016.26,1016.26
USCHS,USCHS,JPUKB,"Charleston, SC, USCHS","Charleston, SC, USCHS","Kobe, 28, JPUKB",KOBE,EGLV,EMC,SC103574,DRY,,10/1/2025,12/31/2025,11/5/2025 9:38,950,950,311.74,311.74,1261.74,1261.74
USCHS,USCHS,JPYKK,"Charleston, SC, USCHS","Charleston, SC, USCHS","Yokkaichi, 24, JPYKK","Nagoya, JP",MAEU,Maersk,300094432,DRY,0,10/16/2025,3/31/2026,10/22/2025 19:06,683.64,683.64,0,0,683.64,683.64
USCHS,USCHS,JPYKK,"Charleston, SC, USCHS","Charleston, SC, USCHS","Yokkaichi, 24, JPYKK",KRPUS,YMLU,YML,51625,DRY,1,10/27/2025,12/31/2025,11/5/2025 9:38,2282,2282,125.98,125.98,2407.98,2407.98
USCHS,USCHS,JPYOK,"Charleston, SC, USCHS","Charleston, SC, USCHS","Yokohama, 14, JPYOK",JPYOK,OOLU,OOCL,MT256104,DRY,2,10/20/2025,12/31/2025,11/5/2025 9:38,467,467,318.23,318.23,785.23,785.23
USCHS,USCHS,JPYOK,"Charleston, SC, USCHS","Charleston, SC, USCHS","Yokohama, 14, JPYOK",JPYOK,ONEY,ONE,CHIM354B25,DRY,1,10/1/2025,12/31/2025,11/5/2025 9:38,664,664,342.26,342.26,1006.26,1006.26
USCHS,USCHS,JPYOK,"Charleston, SC, USCHS","Charleston, SC, USCHS","Yokohama, 14, JPYOK",JPYOK,MAEU,Maersk,300094432,DRY,0,10/16/2025,3/31/2026,10/22/2025 19:06,934,934,0,0,934,934
USCHS,USCHS,KRDDC,"Charleston, SC, USCHS","Charleston, SC, USCHS","Dongducheon, 41, KRDDC",KRPUS,YMLU,YML,51625,DRY,1,10/27/2025,12/31/2025,11/5/2025 9:38,1207,1207,125.98,125.98,1332.98,1332.98
USCHS,USCHS,KRKAN,"Charleston, SC, USCHS","Charleston, SC, USCHS","Gwangyang, 46, KRKAN",KRKAN,MAEU,Maersk,300094432,DRY,0,10/16/2025,3/31/2026,10/22/2025 19:06,407,407,0,0,407,407
USCHS,USCHS,KRKAN,"Charleston, SC, USCHS","Charleston, SC, USCHS","Gwangyang, 46, KRKAN",KRKAN,ONEY,ONE,CHIM354B25,DRY,1,10/1/2025,12/31/2025,11/5/2025 9:38,774,774,171.43,171.42,945.43,945.42
USCHS,USCHS,KRKWA,"Charleston, SC, USCHS","Charleston, SC, USCHS","Kwangyang, 49, KRKWA",KRPUS,YMLU,YML,51625,DRY,1,10/27/2025,12/31/2025,11/5/2025 9:38,657,657,125.98,125.98,782.98,782.98
USCHS,USCHS,KRPOC,"Charleston, SC, USCHS","Charleston, SC, USCHS","Pocheon, 41, KRPOC",KRPUS,YMLU,YML,51625,DRY,1,10/27/2025,12/31/2025,11/5/2025 9:38,1217,1217,125.98,125.98,1342.98,1342.98
USCHS,USCHS,KRPUS,"Charleston, SC, USCHS","Charleston, SC, USCHS","Busan, 26, KRPUS",KRPUS,YMLU,YML,51625,DRY,1,10/27/2025,12/31/2025,11/5/2025 9:38,82,82,125.98,125.98,207.98,207.98
USCHS,USCHS,KRPUS,"Charleston, SC, USCHS","Charleston, SC, USCHS","Busan, 26, KRPUS",KRPUS,MAEU,Maersk,300094432,DRY,0,10/16/2025,3/31/2026,10/22/2025 19:06,317,317,0,0,317,317
USCHS,USCHS,KRPUS,"Charleston, SC, USCHS","Charleston, SC, USCHS","Busan, 26, KRPUS",KRPUS,OOLU,OOCL,MT256104,DRY,2,10/20/2025,12/31/2025,11/5/2025 9:38,347,347,132.98,132.98,479.98,479.98
USCHS,USCHS,KRPUS,"Charleston, SC, USCHS","Charleston, SC, USCHS","Busan, 26, KRPUS",KRPUS,YMLU,YML,51625,DRY,1,10/27/2025,12/31/2025,11/5/2025 9:38,382,382,125.98,125.98,507.98,507.98
USCHS,USCHS,KRPUS,"Charleston, SC, USCHS","Charleston, SC, USCHS","Busan, 26, KRPUS",KRPUS,ONEY,ONE,CHIM354B25,DRY,1,10/1/2025,12/31/2025,11/5/2025 9:38,414,414,175.71,175.7,589.71,589.7
USCHS,USCHS,KRPUS,"Charleston, SC, USCHS","Charleston, SC, USCHS","Busan, 26, KRPUS",SGSIN,YMLU,YML,51625,DRY,1,10/27/2025,12/31/2025,11/5/2025 9:38,702,702,268.95,268.95,970.95,970.95
USCHS,USCHS,KRSEJ,"Charleston, SC, USCHS","Charleston, SC, USCHS","Seongju-gun, 47, KRSEJ",KRPUS,YMLU,YML,51625,DRY,1,10/27/2025,12/31/2025,11/5/2025 9:38,882,882,125.98,125.98,1007.98,1007.98
USCHS,USCHS,KRYSN,"Charleston, SC, USCHS","Charleston, SC, USCHS","Yangsan, 48, KRYSN",KRPUS,YMLU,YML,51625,DRY,1,10/27/2025,12/31/2025,11/5/2025 9:38,707,707,125.98,125.98,832.98,832.98
USCHS,USCHS,KRYYU,"Charleston, SC, USCHS","Charleston, SC, USCHS","Yangju, 41, KRYYU",KRPUS,YMLU,YML,51625,DRY,1,10/27/2025,12/31/2025,11/5/2025 9:38,1287,1287,125.98,125.98,1412.98,1412.98
USCHS,USCHS,LKCMB,"Charleston, SC, USCHS","Charleston, SC, USCHS","Colombo, , LKCMB",LKCMB,ONEY,ONE,CHIM354B25,DRY,1,10/1/2025,12/31/2025,11/5/2025 9:38,1364,1364,0,0,1364,1364
USCHS,USCHS,MYKCH,"Charleston, SC, USCHS","Charleston, SC, USCHS","Kuching, Sarawak, , MYKCH",SGSIN,YMLU,YML,51625,DRY,1,10/27/2025,12/31/2025,11/5/2025 9:38,1347,1347,268.95,268.95,1615.95,1615.95
USCHS,USCHS,MYPEN,"Charleston, SC, USCHS","Charleston, SC, USCHS","Penang, , MYPEN",MYPEN,YMLU,YML,51625,DRY,1,10/27/2025,12/31/2025,11/5/2025 9:38,557,557,192.69,192.69,749.69,749.69
USCHS,USCHS,MYPEN,"Charleston, SC, USCHS","Charleston, SC, USCHS","Penang, , MYPEN",MYPEN,ONEY,ONE,CHIM354B25,DRY,1,10/1/2025,12/31/2025,11/5/2025 9:38,589,589,203.44,203.44,792.44,792.44
USCHS,USCHS,MYPEN,"Charleston, SC, USCHS","Charleston, SC, USCHS","Penang, , MYPEN",MYPEN,MAEU,Maersk,300094432,DRY,0,10/16/2025,3/31/2026,10/22/2025 19:06,897,897,0,0,897,897
USCHS,USCHS,MYPEN,"Charleston, SC, USCHS","Charleston, SC, USCHS","Penang, , MYPEN",MYPEN,OOLU,OOCL,MT256104,DRY,2,10/20/2025,12/31/2025,11/5/2025 9:38,962,962,191.02,202.96,1153.02,1164.96
USCHS,USCHS,MYPEN,"Charleston, SC, USCHS","Charleston, SC, USCHS","Penang, , MYPEN",SGSIN,YMLU,YML,51625,DRY,1,10/27/2025,12/31/2025,11/5/2025 9:38,1127,1127,268.95,268.95,1395.95,1395.95
USCHS,USCHS,MYPEN,"Charleston, SC, USCHS","Charleston, SC, USCHS","Penang, , MYPEN",CNSHG,YMLU,YML,51625,DRY,1,10/27/2025,12/31/2025,11/5/2025 9:38,1127,1127,224.8,224.8,1351.8,1351.8
USCHS,USCHS,MYPGU,"Charleston, SC, USCHS","Charleston, SC, USCHS","Pasir Gudang, Johor, , MYPGU",MYPGU,YMLU,YML,51625,DRY,1,10/27/2025,12/31/2025,11/5/2025 9:38,657,657,167.62,167.62,824.62,824.62
USCHS,USCHS,MYPGU,"Charleston, SC, USCHS","Charleston, SC, USCHS","Pasir Gudang, Johor, , MYPGU",MYPGU,ONEY,ONE,CHIM354B25,DRY,1,10/1/2025,12/31/2025,11/5/2025 9:38,724,724,180.75,180.75,904.75,904.75
USCHS,USCHS,MYPGU,"Charleston, SC, USCHS","Charleston, SC, USCHS","Pasir Gudang, Johor, , MYPGU","Tanjung Pelepas, MY",MAEU,Maersk,300094432,DRY,0,10/16/2025,3/31/2026,10/22/2025 19:06,897,897,0,0,897,897
USCHS,USCHS,MYPGU,"Charleston, SC, USCHS","Charleston, SC, USCHS","Pasir Gudang, Johor, , MYPGU",MYPGU,OOLU,OOCL,MT256104,DRY,2,10/20/2025,12/31/2025,11/5/2025 9:38,962,962,162.37,162.37,1124.37,1124.37
USCHS,USCHS,MYPGU,"Charleston, SC, USCHS","Charleston, SC, USCHS","Pasir Gudang, Johor, , MYPGU",CNSHG,YMLU,YML,51625,DRY,1,10/27/2025,12/31/2025,11/5/2025 9:38,982,982,224.8,224.8,1206.8,1206.8
USCHS,USCHS,MYPGU,"Charleston, SC, USCHS","Charleston, SC, USCHS","Pasir Gudang, Johor, , MYPGU",SGSIN,YMLU,YML,51625,DRY,1,10/27/2025,12/31/2025,11/5/2025 9:38,982,982,268.95,268.95,1250.95,1250.95
USCHS,USCHS,MYPKG,"Charleston, SC, USCHS","Charleston, SC, USCHS","Port Klang, 10, MYPKG",MYPKG,OOLU,OOCL,MT256104,DRY,2,10/20/2025,12/31/2025,11/5/2025 9:38,367,367,280.08,280.08,647.08,647.08
USCHS,USCHS,MYPKG,"Charleston, SC, USCHS","Charleston, SC, USCHS","Port Klang, 10, MYPKG",MYPKG,YMLU,YML,51625,DRY,1,10/27/2025,12/31/2025,11/5/2025 9:38,707,707,170.73,170.73,877.73,877.73
USCHS,USCHS,MYPKG,"Charleston, SC, USCHS","Charleston, SC, USCHS","Port Klang, 10, MYPKG",MYPKG,ONEY,ONE,CHIM354B25,DRY,1,10/1/2025,12/31/2025,11/5/2025 9:38,764,764,179.56,179.56,943.56,943.56
USCHS,USCHS,MYPKG,"Charleston, SC, USCHS","Charleston, SC, USCHS","Port Klang, 10, MYPKG",SGSIN,YMLU,YML,51625,DRY,1,10/27/2025,12/31/2025,11/5/2025 9:38,792,792,268.95,268.95,1060.95,1060.95
USCHS,USCHS,MYPKG,"Charleston, SC, USCHS","Charleston, SC, USCHS","Port Klang, 10, MYPKG",CNNBG,YMLU,YML,51625,DRY,1,10/27/2025,12/31/2025,11/5/2025 9:38,792,792,224.8,224.8,1016.8,1016.8
USCHS,USCHS,MYPKG,"Charleston, SC, USCHS","Charleston, SC, USCHS","Port Klang, 10, MYPKG",CNSHG,YMLU,YML,51625,DRY,1,10/27/2025,12/31/2025,11/5/2025 9:38,792,792,224.8,224.8,1016.8,1016.8
USCHS,USCHS,MYPKG,"Charleston, SC, USCHS","Charleston, SC, USCHS","Port Klang, 10, MYPKG",MYPKG,MAEU,Maersk,300094432,DRY,0,10/16/2025,3/31/2026,10/22/2025 19:06,897,897,0,0,897,897
USCHS,USCHS,MYPKG,"Charleston, SC, USCHS","Charleston, SC, USCHS","Port Klang, 10, MYPKG",CNSHG,YMLU,YML,51625,DRY,1,10/27/2025,12/31/2025,11/5/2025 9:38,982,982,224.8,224.8,1206.8,1206.8
USCHS,USCHS,MYPKG,"Charleston, SC, USCHS","Charleston, SC, USCHS","Port Klang, 10, MYPKG",SGSIN,YMLU,YML,51625,DRY,1,10/27/2025,12/31/2025,11/5/2025 9:38,982,982,268.95,268.95,1250.95,1250.95
USCHS,USCHS,MYTPP,"Charleston, SC, USCHS","Charleston, SC, USCHS","Tanjung Pelepas, 1, MYTPP",MYTPP,MAEU,Maersk,300094432,DRY,0,10/16/2025,3/31/2026,10/22/2025 19:06,697,697,0,0,697,697
USCHS,USCHS,NIMGA,"Charleston, SC, USCHS","Charleston, SC, USCHS","Managua, , NIMGA",NIMGA,ONEY,ONE,CHIM354B25,DRY,1,10/1/2025,12/31/2025,11/5/2025 9:38,3788,3788,405,405,4193,4193
USCHS,USCHS,PECLL,"Charleston, SC, USCHS","Charleston, SC, USCHS","Callao, , PECLL",CALLAO,EGLV,EMC,SC103574,DRY,,10/31/2025,11/30/2025,11/5/2025 9:38,1200,1200,80,80,1280,1280
USCHS,USCHS,PHCEB,"Charleston, SC, USCHS","Charleston, SC, USCHS","Cebu, , PHCEB",PHCEB,MAEU,Maersk,300094432,DRY,0,10/16/2025,3/31/2026,10/22/2025 19:06,1228,1228,0,0,1228,1228
USCHS,USCHS,PHCEB,"Charleston, SC, USCHS","Charleston, SC, USCHS","Cebu, , PHCEB",TWKHH,YMLU,YML,51625,DRY,1,10/27/2025,12/31/2025,11/5/2025 9:38,1762,1762,227.3,227.3,1989.3,1989.3
USCHS,USCHS,PHDVO,"Charleston, SC, USCHS","Charleston, SC, USCHS","Davao, Mindanao, , PHDVO",DAVAO,EGLV,EMC,SC103574,DRY,,10/1/2025,12/31/2025,11/5/2025 9:38,1050,1050,253,286,1303,1336
USCHS,USCHS,PHDVO,"Charleston, SC, USCHS","Charleston, SC, USCHS","Davao, Mindanao, , PHDVO",CNSHG,YMLU,YML,51625,DRY,1,10/27/2025,12/31/2025,11/5/2025 9:38,1517,1517,224.8,224.8,1741.8,1741.8
USCHS,USCHS,PHDVO,"Charleston, SC, USCHS","Charleston, SC, USCHS","Davao, Mindanao, , PHDVO",SGSIN,YMLU,YML,51625,DRY,1,10/27/2025,12/31/2025,11/5/2025 9:38,1517,1517,268.95,268.95,1785.95,1785.95
USCHS,USCHS,PHMNL,"Charleston, SC, USCHS","Charleston, SC, USCHS","Manila, , PHMNL",TWKHH,YMLU,YML,51625,DRY,1,10/27/2025,12/31/2025,11/5/2025 9:38,882,882,227.3,227.3,1109.3,1109.3
USCHS,USCHS,PHMNL,"Charleston, SC, USCHS","Charleston, SC, USCHS","Manila, , PHMNL",PHMNL,MAEU,Maersk,300094432,DRY,0,10/16/2025,3/31/2026,10/22/2025 19:06,890,890,0,0,890,890
USCHS,USCHS,PHMNL,"Charleston, SC, USCHS","Charleston, SC, USCHS","Manila, , PHMNL",PHMNL,ONEY,ONE,CHIM354B25,DRY,1,10/1/2025,12/31/2025,11/5/2025 9:38,934,934,265,265,1199,1199
USCHS,USCHS,PHMNL,"Charleston, SC, USCHS","Charleston, SC, USCHS","Manila, , PHMNL",MANILA (NORTH PORT),EGLV,EMC,SC103574,DRY,,10/1/2025,12/31/2025,11/5/2025 9:38,950,950,230,260,1180,1210
USCHS,USCHS,PHMNL,"Charleston, SC, USCHS","Charleston, SC, USCHS","Manila, , PHMNL",PHMNL,OOLU,OOCL,MT256104,DRY,2,10/20/2025,12/31/2025,11/5/2025 9:38,952,952,236,236,1188,1188
USCHS,USCHS,PHMNS,"Charleston, SC, USCHS","Charleston, SC, USCHS","Manila South Harbour, , PHMNS",MANILA SOUTH PORT,EGLV,EMC,SC103574,DRY,,10/1/2025,12/31/2025,11/5/2025 9:38,950,950,306,336,1256,1286
USCHS,USCHS,PKBQM,"Charleston, SC, USCHS","Charleston, SC, USCHS","Port Qasim/Karachi, SD, PKBQM",PKBQM,MAEU,Maersk,300094432,DRY,0,10/16/2025,3/31/2026,10/22/2025 19:06,1424,1424,0,0,1424,1424
USCHS,USCHS,PKKHI,"Charleston, SC, USCHS","Charleston, SC, USCHS","Karachi, SD, PKKHI",KARACHI,EGLV,EMC,SC103574,DRY,,10/1/2025,12/31/2025,11/5/2025 9:38,1300,1300,170,170,1470,1470
USCHS,USCHS,PKKHI,"Charleston, SC, USCHS","Charleston, SC, USCHS","Karachi, SD, PKKHI","Keamari Karachi, PK",MAEU,Maersk,300094432,DRY,0,10/16/2025,3/31/2026,10/22/2025 19:06,1424,1424,0,0,1424,1424
USCHS,USCHS,PKKHI,"Charleston, SC, USCHS","Charleston, SC, USCHS","Karachi, SD, PKKHI",PKKHI,ONEY,ONE,CHIM354B25,DRY,1,10/1/2025,12/31/2025,11/5/2025 9:38,1974,1974,428,428,2402,2402
USCHS,USCHS,PKQCT,"Charleston, SC, USCHS","Charleston, SC, USCHS","Qasim Container Terminal/Karachi, , PKQCT",PKQCT,OOLU,OOCL,MT256104,DRY,2,10/20/2025,12/31/2025,11/5/2025 9:38,947,947,155,155,1102,1102
USCHS,USCHS,PTLEI,"Charleston, SC, USCHS","Charleston, SC, USCHS","Leixoes, 13, PTLEI",PTLEI,MAEU,Maersk,300094432,DRY,0,10/16/2025,3/31/2026,10/22/2025 19:06,1636,1636,0,0,1636,1636
USCHS,USCHS,PTLEI,"Charleston, SC, USCHS","Charleston, SC, USCHS","Leixoes, 13, PTLEI",PTLEI,ONEY,ONE,CHIM354B25,DRY,1,10/1/2025,12/31/2025,11/5/2025 9:38,2264,2264,345.67,345.67,2609.67,2609.67
USCHS,USCHS,SGSIN,"Charleston, SC, USCHS","Charleston, SC, USCHS","Singapore, , SGSIN",SGSIN,YMLU,YML,51625,DRY,1,10/27/2025,12/31/2025,11/5/2025 9:38,332,332,268.95,268.95,600.95,600.95
USCHS,USCHS,SGSIN,"Charleston, SC, USCHS","Charleston, SC, USCHS","Singapore, , SGSIN",SGSIN,OOLU,OOCL,MT256104,DRY,2,10/20/2025,12/31/2025,11/5/2025 4:10,367,367,299.69,299.69,666.69,666.69
USCHS,USCHS,SGSIN,"Charleston, SC, USCHS","Charleston, SC, USCHS","Singapore, , SGSIN",SGSIN,YMLU,YML,51625,DRY,1,10/27/2025,12/31/2025,11/5/2025 9:38,382,382,268.95,268.95,650.95,650.95
USCHS,USCHS,SGSIN,"Charleston, SC, USCHS","Charleston, SC, USCHS","Singapore, , SGSIN",CNSHG,YMLU,YML,51625,DRY,1,10/27/2025,12/31/2025,11/5/2025 9:38,512,512,224.8,224.8,736.8,736.8
USCHS,USCHS,SGSIN,"Charleston, SC, USCHS","Charleston, SC, USCHS","Singapore, , SGSIN",CNNBG,YMLU,YML,51625,DRY,1,10/27/2025,12/31/2025,11/5/2025 9:38,512,512,224.8,224.8,736.8,736.8
USCHS,USCHS,SGSIN,"Charleston, SC, USCHS","Charleston, SC, USCHS","Singapore, , SGSIN",SGSIN,ONEY,ONE,CHIM354B25,DRY,1,10/1/2025,12/31/2025,11/5/2025 9:38,514,514,339.65,339.65,853.65,853.65
USCHS,USCHS,SGSIN,"Charleston, SC, USCHS","Charleston, SC, USCHS","Singapore, , SGSIN",SGSIN,MAEU,Maersk,300094432,DRY,0,10/16/2025,3/31/2026,10/22/2025 19:06,611,611,0,0,611,611
USCHS,USCHS,THBKK,"Charleston, SC, USCHS","Charleston, SC, USCHS","Bangkok, , THBKK",THBKK,OOLU,OOCL,MT256104,DRY,2,10/20/2025,12/31/2025,11/5/2025 9:38,472,472,134.3,134.3,606.3,606.3
USCHS,USCHS,THBKK,"Charleston, SC, USCHS","Charleston, SC, USCHS","Bangkok, , THBKK",THLCH,YMLU,YML,51625,DRY,1,10/27/2025,12/31/2025,11/5/2025 9:38,557,557,135.84,135.84,692.84,692.84
USCHS,USCHS,THBKK,"Charleston, SC, USCHS","Charleston, SC, USCHS","Bangkok, , THBKK",THLCH,YMLU,YML,51625,DRY,1,10/27/2025,12/31/2025,11/5/2025 9:38,562,562,135.84,135.84,697.84,697.84
USCHS,USCHS,THBKK,"Charleston, SC, USCHS","Charleston, SC, USCHS","Bangkok, , THBKK",THBKK,ONEY,ONE,CHIM354B25,DRY,1,10/1/2025,12/31/2025,11/5/2025 9:38,624,624,191.42,191.42,815.42,815.42
USCHS,USCHS,THBKK,"Charleston, SC, USCHS","Charleston, SC, USCHS","Bangkok, , THBKK",CNNBG,YMLU,YML,51625,DRY,1,10/27/2025,12/31/2025,11/5/2025 9:38,632,632,224.8,224.8,856.8,856.8
USCHS,USCHS,THBKK,"Charleston, SC, USCHS","Charleston, SC, USCHS","Bangkok, , THBKK",SGSIN,YMLU,YML,51625,DRY,1,10/27/2025,12/31/2025,11/5/2025 9:38,632,632,268.95,268.95,900.95,900.95
USCHS,USCHS,THBKK,"Charleston, SC, USCHS","Charleston, SC, USCHS","Bangkok, , THBKK",CNSHG,YMLU,YML,51625,DRY,1,10/27/2025,12/31/2025,11/5/2025 9:38,632,632,224.8,224.8,856.8,856.8
USCHS,USCHS,THBKK,"Charleston, SC, USCHS","Charleston, SC, USCHS","Bangkok, , THBKK","Laem Chabang, TH",MAEU,Maersk,300094432,DRY,0,10/16/2025,3/31/2026,10/22/2025 19:06,640,640,0,0,640,640
USCHS,USCHS,THBKK,"Charleston, SC, USCHS","Charleston, SC, USCHS","Bangkok, , THBKK",BANGKOK,EGLV,EMC,SC103574,DRY,,10/1/2025,12/31/2025,11/5/2025 9:38,1000,1000,132.76,132.76,1132.76,1132.76
USCHS,USCHS,THBMT,"Charleston, SC, USCHS","Charleston, SC, USCHS","Bangkok Modern Terminals, , THBMT",THLCH,YMLU,YML,51625,DRY,1,10/27/2025,12/31/2025,11/5/2025 9:38,557,557,135.84,135.84,692.84,692.84
USCHS,USCHS,THLCH,"Charleston, SC, USCHS","Charleston, SC, USCHS","Laem Chabang, 20, THLCH",THLCH,YMLU,YML,51625,DRY,1,10/27/2025,12/31/2025,11/5/2025 9:38,107,107,135.84,135.84,242.84,242.84
USCHS,USCHS,THLCH,"Charleston, SC, USCHS","Charleston, SC, USCHS","Laem Chabang, 20, THLCH",THLCH,OOLU,OOCL,MT256104,DRY,2,10/20/2025,12/31/2025,11/5/2025 9:38,272,272,134.3,134.3,406.3,406.3
USCHS,USCHS,THLCH,"Charleston, SC, USCHS","Charleston, SC, USCHS","Laem Chabang, 20, THLCH",THLCH,YMLU,YML,51625,DRY,1,10/27/2025,12/31/2025,11/5/2025 9:38,307,307,135.84,135.84,442.84,442.84
USCHS,USCHS,THLCH,"Charleston, SC, USCHS","Charleston, SC, USCHS","Laem Chabang, 20, THLCH",THLCH,ONEY,ONE,CHIM354B25,DRY,1,10/1/2025,12/31/2025,11/5/2025 9:38,414,414,251.93,251.93,665.93,665.93
USCHS,USCHS,THLCH,"Charleston, SC, USCHS","Charleston, SC, USCHS","Laem Chabang, 20, THLCH",SGSIN,YMLU,YML,51625,DRY,1,10/27/2025,12/31/2025,11/5/2025 9:38,552,552,268.95,268.95,820.95,820.95
USCHS,USCHS,THLCH,"Charleston, SC, USCHS","Charleston, SC, USCHS","Laem Chabang, 20, THLCH",THLCH,MAEU,Maersk,300094432,DRY,0,10/16/2025,3/31/2026,10/22/2025 19:06,616,616,0,0,616,616
USCHS,USCHS,THLCH,"Charleston, SC, USCHS","Charleston, SC, USCHS","Laem Chabang, 20, THLCH",CNSHG,YMLU,YML,51625,DRY,1,10/27/2025,12/31/2025,11/5/2025 9:38,702,702,224.8,224.8,926.8,926.8
USCHS,USCHS,THLCH,"Charleston, SC, USCHS","Charleston, SC, USCHS","Laem Chabang, 20, THLCH",CNNBG,YMLU,YML,51625,DRY,1,10/27/2025,12/31/2025,11/5/2025 9:38,702,702,224.8,224.8,926.8,926.8
USCHS,USCHS,THLCH,"Charleston, SC, USCHS","Charleston, SC, USCHS","Laem Chabang, 20, THLCH",LAEM CHABANG,EGLV,EMC,SC103574,DRY,,10/1/2025,12/31/2025,11/5/2025 9:38,800,800,132.76,132.76,932.76,932.76
USCHS,USCHS,THLKR,"Charleston, SC, USCHS","Charleston, SC, USCHS","Lat Krabang, 10, THLKR",THLCH,YMLU,YML,51625,DRY,1,10/27/2025,12/31/2025,11/5/2025 9:38,432,432,135.84,135.84,567.84,567.84
USCHS,USCHS,THLKR,"Charleston, SC, USCHS","Charleston, SC, USCHS","Lat Krabang, 10, THLKR",THLCH,YMLU,YML,51625,DRY,1,10/27/2025,12/31/2025,11/5/2025 9:38,457,457,135.84,135.84,592.84,592.84
USCHS,USCHS,THLKR,"Charleston, SC, USCHS","Charleston, SC, USCHS","Lat Krabang, 10, THLKR",THLKR,OOLU,OOCL,MT256104,DRY,2,10/20/2025,12/31/2025,11/5/2025 9:38,472,472,134.3,134.3,606.3,606.3
USCHS,USCHS,THLKR,"Charleston, SC, USCHS","Charleston, SC, USCHS","Lat Krabang, 10, THLKR",THLKR,ONEY,ONE,CHIM354B25,DRY,1,10/1/2025,12/31/2025,11/5/2025 9:38,564,564,251.93,251.93,815.93,815.93
USCHS,USCHS,THSBP,"Charleston, SC, USCHS","Charleston, SC, USCHS","Siam Bangkok Port, , THSBP",VNCMT,YMLU,YML,51625,DRY,1,10/27/2025,12/31/2025,11/5/2025 9:38,317,317,135.84,135.84,452.84,452.84
USCHS,USCHS,THSCT,"Charleston, SC, USCHS","Charleston, SC, USCHS","Siam Container Terminal, 11, THSCT",THLCH,YMLU,YML,51625,DRY,1,10/27/2025,12/31/2025,11/5/2025 9:38,597,597,135.84,135.84,732.84,732.84
USCHS,USCHS,THSGZ,"Charleston, SC, USCHS","Charleston, SC, USCHS","Songkhla, 90, THSGZ",SGSIN,YMLU,YML,51625,DRY,1,10/27/2025,12/31/2025,11/5/2025 9:38,1502,1502,268.95,268.95,1770.95,1770.95
USCHS,USCHS,THSPS,"Charleston, SC, USCHS","Charleston, SC, USCHS","Samut Prakan Sahathai Terminal, 11, THSPS",THLCH,YMLU,YML,51625,DRY,1,10/27/2025,12/31/2025,11/5/2025 9:38,562,562,135.84,135.84,697.84,697.84
USCHS,USCHS,TRGEM,"Charleston, SC, USCHS","Charleston, SC, USCHS","Gemlik, 16, TRGEM",TRGEM,MAEU,Maersk,300094432,DRY,0,10/16/2025,3/31/2026,10/22/2025 19:06,1449,1449,0,0,1449,1449
USCHS,USCHS,TRISK,"Charleston, SC, USCHS","Charleston, SC, USCHS","Iskenderun, 31, TRISK",TRISK,MAEU,Maersk,300094432,DRY,0,10/16/2025,3/31/2026,10/22/2025 19:06,1096,1096,0,0,1096,1096
USCHS,USCHS,TRIST,"Charleston, SC, USCHS","Charleston, SC, USCHS","Istanbul, 34, TRIST",TRIST,MAEU,Maersk,300094432,DRY,0,10/16/2025,3/31/2026,10/22/2025 19:06,684,684,0,0,684,684
USCHS,USCHS,TRIZM,"Charleston, SC, USCHS","Charleston, SC, USCHS","Izmir, 35, TRIZM",TRIZM,MAEU,Maersk,300094432,DRY,0,10/16/2025,3/31/2026,10/22/2025 19:06,1349,1349,0,0,1349,1349
USCHS,USCHS,TRIZT,"Charleston, SC, USCHS","Charleston, SC, USCHS","Izmit, 41, TRIZT",TRIZT,MAEU,Maersk,300094432,DRY,0,10/16/2025,3/31/2026,10/22/2025 19:06,1259,1259,0,0,1259,1259
USCHS,USCHS,TRMER,"Charleston, SC, USCHS","Charleston, SC, USCHS","Mersin, 33, TRMER",TRMER,MAEU,Maersk,300094432,DRY,0,10/16/2025,3/31/2026,10/22/2025 19:06,1220,1220,0,0,1220,1220
USCHS,USCHS,TWKEL,"Charleston, SC, USCHS","Charleston, SC, USCHS","Keelung, , TWKEL",TWKHH,YMLU,YML,51625,DRY,1,10/27/2025,12/31/2025,11/5/2025 9:38,732,732,227.3,227.3,959.3,959.3
USCHS,USCHS,TWKEL,"Charleston, SC, USCHS","Charleston, SC, USCHS","Keelung, , TWKEL",TWKEL,ONEY,ONE,CHIM354B25,DRY,1,10/1/2025,12/31/2025,11/5/2025 9:38,779,779,227.3,255.71,1006.3,1034.71
USCHS,USCHS,TWKEL,"Charleston, SC, USCHS","Charleston, SC, USCHS","Keelung, , TWKEL",TWKEL,MAEU,Maersk,300094432,DRY,0,10/16/2025,3/31/2026,10/22/2025 19:06,867,867,0,0,867,867
USCHS,USCHS,TWKHH,"Charleston, SC, USCHS","Charleston, SC, USCHS","Kaohsiung, , TWKHH",TWKHH,YMLU,YML,51625,DRY,1,10/27/2025,12/31/2025,11/5/2025 9:38,307,307,227.3,227.3,534.3,534.3
USCHS,USCHS,TWKHH,"Charleston, SC, USCHS","Charleston, SC, USCHS","Kaohsiung, , TWKHH",TWKHH,YMLU,YML,51625,DRY,1,10/27/2025,12/31/2025,11/5/2025 9:38,382,382,227.3,227.3,609.3,609.3
USCHS,USCHS,TWKHH,"Charleston, SC, USCHS","Charleston, SC, USCHS","Kaohsiung, , TWKHH",TWKHH,ONEY,ONE,CHIM354B25,DRY,1,10/1/2025,12/31/2025,11/5/2025 9:38,509,509,227.3,255.71,736.3,764.71
USCHS,USCHS,TWKHH,"Charleston, SC, USCHS","Charleston, SC, USCHS","Kaohsiung, , TWKHH",KAOHSIUNG,EGLV,EMC,SC103574,DRY,,10/1/2025,12/31/2025,11/5/2025 9:38,650,650,227.3,227.3,877.3,877.3
USCHS,USCHS,TWKHH,"Charleston, SC, USCHS","Charleston, SC, USCHS","Kaohsiung, , TWKHH",TWKHH,MAEU,Maersk,300094432,DRY,0,10/16/2025,3/31/2026,10/22/2025 19:06,717,717,0,0,717,717
USCHS,USCHS,TWTPE,"Charleston, SC, USCHS","Charleston, SC, USCHS","Taipei, TPE, TWTPE",TAIPEI,EGLV,EMC,SC103574,DRY,,10/1/2025,12/31/2025,11/5/2025 9:38,800,800,227.3,227.3,1027.3,1027.3
USCHS,USCHS,TWTPE,"Charleston, SC, USCHS","Charleston, SC, USCHS","Taipei, TPE, TWTPE",TWTPE,ONEY,ONE,CHIM354B25,DRY,1,10/1/2025,12/31/2025,11/5/2025 9:38,814,814,227.3,255.71,1041.3,1069.71
USCHS,USCHS,TWTXG,"Charleston, SC, USCHS","Charleston, SC, USCHS","Taichung, , TWTXG",TWKHH,YMLU,YML,51625,DRY,1,10/27/2025,12/31/2025,11/5/2025 9:38,482,482,227.3,227.3,709.3,709.3
USCHS,USCHS,TWTXG,"Charleston, SC, USCHS","Charleston, SC, USCHS","Taichung, , TWTXG",TWTXG,ONEY,ONE,CHIM354B25,DRY,1,10/1/2025,12/31/2025,11/5/2025 9:38,619,619,227.3,255.71,846.3,874.71
USCHS,USCHS,TWTXG,"Charleston, SC, USCHS","Charleston, SC, USCHS","Taichung, , TWTXG",TWTXG,MAEU,Maersk,300094432,DRY,0,10/16/2025,3/31/2026,10/22/2025 19:06,953,953,0,0,953,953
USCHS,USCHS,TWTYN,"Charleston, SC, USCHS","Charleston, SC, USCHS","Taoyuan, , TWTYN",TWKHH,YMLU,YML,51625,DRY,1,10/27/2025,12/31/2025,11/5/2025 9:38,532,532,227.3,227.3,759.3,759.3
USCHS,USCHS,TWTYN,"Charleston, SC, USCHS","Charleston, SC, USCHS","Taoyuan, , TWTYN",TWTYN,ONEY,ONE,CHIM354B25,DRY,1,10/1/2025,12/31/2025,11/5/2025 9:38,724,724,227.3,255.71,951.3,979.71
USCHS,USCHS,TWTYN,"Charleston, SC, USCHS","Charleston, SC, USCHS","Taoyuan, , TWTYN","Keelung, TW",MAEU,Maersk,300094432,DRY,0,10/16/2025,3/31/2026,10/22/2025 19:06,1169,1169,0,0,1169,1169
USCHS,USCHS,VNBDG,"Charleston, SC, USCHS","Charleston, SC, USCHS","Binh Duong Terminal, 39, VNBDG",VNCMT,YMLU,YML,51625,DRY,1,10/27/2025,12/31/2025,11/5/2025 9:38,562,562,177.38,177.38,739.38,739.38
USCHS,USCHS,VNCLI,"Charleston, SC, USCHS","Charleston, SC, USCHS","Cat Lai, 65, VNCLI",VNCMT,YMLU,YML,51625,DRY,1,10/27/2025,12/31/2025,11/5/2025 9:38,57,57,177.38,177.38,234.38,234.38
USCHS,USCHS,VNCLI,"Charleston, SC, USCHS","Charleston, SC, USCHS","Cat Lai, 65, VNCLI",TWKHH,YMLU,YML,51625,DRY,1,10/27/2025,12/31/2025,11/5/2025 9:38,532,532,227.3,227.3,759.3,759.3
USCHS,USCHS,VNCLI,"Charleston, SC, USCHS","Charleston, SC, USCHS","Cat Lai, 65, VNCLI",VNCMT,YMLU,YML,51625,DRY,1,10/27/2025,12/31/2025,11/5/2025 9:38,532,532,177.38,177.38,709.38,709.38
USCHS,USCHS,VNCMT,"Charleston, SC, USCHS","Charleston, SC, USCHS","Cai Mep Terminal, 43, VNCMT",VNCMT,YMLU,YML,51625,DRY,1,10/27/2025,12/31/2025,11/5/2025 9:38,57,57,177.38,177.38,234.38,234.38
USCHS,USCHS,VNCMT,"Charleston, SC, USCHS","Charleston, SC, USCHS","Cai Mep Terminal, 43, VNCMT",VNCMT,YMLU,YML,51625,DRY,1,10/27/2025,12/31/2025,11/5/2025 9:38,382,382,177.38,177.38,559.38,559.38
USCHS,USCHS,VNCMT,"Charleston, SC, USCHS","Charleston, SC, USCHS","Cai Mep Terminal, 43, VNCMT",VNCMT,ONEY,ONE,CHIM354B25,DRY,1,10/1/2025,12/31/2025,11/5/2025 9:38,524,524,182.41,182.41,706.41,706.41
USCHS,USCHS,VNCMT,"Charleston, SC, USCHS","Charleston, SC, USCHS","Cai Mep Terminal, 43, VNCMT",SGSIN,YMLU,YML,51625,DRY,1,10/27/2025,12/31/2025,11/5/2025 9:38,602,602,268.95,268.95,870.95,870.95
USCHS,USCHS,VNDAD,"Charleston, SC, USCHS","Charleston, SC, USCHS","Da Nang, , VNDAD",DA NANG,EGLV,EMC,SC103574,DRY,,10/1/2025,12/31/2025,11/5/2025 9:38,600,600,167.59,167.59,767.59,767.59
USCHS,USCHS,VNDAD,"Charleston, SC, USCHS","Charleston, SC, USCHS","Da Nang, , VNDAD",VNDAD,MAEU,Maersk,300094432,DRY,0,10/16/2025,3/31/2026,11/3/2025 4:10,652,652,199.51,199.51,851.51,851.51
USCHS,USCHS,VNDAD,"Charleston, SC, USCHS","Charleston, SC, USCHS","Da Nang, , VNDAD",VNCMT,YMLU,YML,51625,DRY,1,10/27/2025,12/31/2025,11/5/2025 9:38,912,912,177.38,177.38,1089.38,1089.38
USCHS,USCHS,VNDAD,"Charleston, SC, USCHS","Charleston, SC, USCHS","Da Nang, , VNDAD",TWKHH,YMLU,YML,51625,DRY,1,10/27/2025,12/31/2025,11/5/2025 9:38,912,912,227.3,227.3,1139.3,1139.3
USCHS,USCHS,VNDAD,"Charleston, SC, USCHS","Charleston, SC, USCHS","Da Nang, , VNDAD",VNDAD,ONEY,ONE,CHIM354B25,DRY,1,10/1/2025,12/31/2025,11/5/2025 9:38,914,914,182.41,182.41,1096.41,1096.41
USCHS,USCHS,VNDNA,"Charleston, SC, USCHS","Charleston, SC, USCHS","Dong Nai, , VNDNA",VNCMT,YMLU,YML,51625,DRY,1,10/27/2025,12/31/2025,11/5/2025 9:38,562,562,177.38,177.38,739.38,739.38
USCHS,USCHS,VNHPH,"Charleston, SC, USCHS","Charleston, SC, USCHS","Haiphong, , VNHPH",VNHPH,YMLU,YML,51625,DRY,1,10/27/2025,12/31/2025,11/5/2025 9:38,157,157,177.38,177.38,334.38,334.38
USCHS,USCHS,VNHPH,"Charleston, SC, USCHS","Charleston, SC, USCHS","Haiphong, , VNHPH",VNHPH,OOLU,OOCL,MT256104,DRY,2,10/20/2025,12/31/2025,11/5/2025 9:38,367,367,143,143,510,510
USCHS,USCHS,VNHPH,"Charleston, SC, USCHS","Charleston, SC, USCHS","Haiphong, , VNHPH",HAIPHONG,EGLV,EMC,SC103574,DRY,,10/1/2025,12/31/2025,11/5/2025 9:38,600,600,167.59,167.59,767.59,767.59
USCHS,USCHS,VNHPH,"Charleston, SC, USCHS","Charleston, SC, USCHS","Haiphong, , VNHPH",VNHPH,MAEU,Maersk,300094432,DRY,0,10/16/2025,3/31/2026,10/22/2025 19:06,617,617,0,0,617,617
USCHS,USCHS,VNHPH,"Charleston, SC, USCHS","Charleston, SC, USCHS","Haiphong, , VNHPH",VNHPH,ONEY,ONE,CHIM354B25,DRY,1,10/1/2025,12/31/2025,11/5/2025 9:38,664,664,182.41,182.41,846.41,846.41
USCHS,USCHS,VNHPH,"Charleston, SC, USCHS","Charleston, SC, USCHS","Haiphong, , VNHPH",CNSHG,YMLU,YML,51625,DRY,1,10/27/2025,12/31/2025,11/5/2025 9:38,1082,1082,224.8,224.8,1306.8,1306.8
USCHS,USCHS,VNHPH,"Charleston, SC, USCHS","Charleston, SC, USCHS","Haiphong, , VNHPH",SGSIN,YMLU,YML,51625,DRY,1,10/27/2025,12/31/2025,11/5/2025 9:38,1082,1082,268.95,268.95,1350.95,1350.95
USCHS,USCHS,VNHPH,"Charleston, SC, USCHS","Charleston, SC, USCHS","Haiphong, , VNHPH",CNNBG,YMLU,YML,51625,DRY,1,10/27/2025,12/31/2025,11/5/2025 9:38,1082,1082,224.8,224.8,1306.8,1306.8
USCHS,USCHS,VNHPH,"Charleston, SC, USCHS","Charleston, SC, USCHS","Haiphong, , VNHPH",VNCMT,YMLU,YML,51625,DRY,1,10/27/2025,12/31/2025,11/5/2025 9:38,1082,1082,177.38,177.38,1259.38,1259.38
USCHS,USCHS,VNIPH,"Charleston, SC, USCHS","Charleston, SC, USCHS","Phuoc Long ICD, , VNIPH",VNCMT,YMLU,YML,51625,DRY,1,10/27/2025,12/31/2025,11/5/2025 9:38,527,527,177.38,177.38,704.38,704.38
USCHS,USCHS,VNSGN,"Charleston, SC, USCHS","Charleston, SC, USCHS","Ho Chi Minh City, , VNSGN",VNCMT,YMLU,YML,51625,DRY,1,10/27/2025,12/31/2025,11/5/2025 9:38,337,337,177.38,177.38,514.38,514.38
USCHS,USCHS,VNSGN,"Charleston, SC, USCHS","Charleston, SC, USCHS","Ho Chi Minh City, , VNSGN",VNSGN,OOLU,OOCL,MT256104,DRY,2,10/20/2025,12/31/2025,11/5/2025 9:38,342,342,143,143,485,485
USCHS,USCHS,VNSGN,"Charleston, SC, USCHS","Charleston, SC, USCHS","Ho Chi Minh City, , VNSGN",VNCMT,YMLU,YML,51625,DRY,1,10/27/2025,12/31/2025,11/5/2025 9:38,462,462,177.38,177.38,639.38,639.38
USCHS,USCHS,VNSGN,"Charleston, SC, USCHS","Charleston, SC, USCHS","Ho Chi Minh City, , VNSGN",VNSGN,ONEY,ONE,CHIM354B25,DRY,1,10/1/2025,12/31/2025,11/5/2025 9:38,524,524,182.41,182.41,706.41,706.41
USCHS,USCHS,VNSGN,"Charleston, SC, USCHS","Charleston, SC, USCHS","Ho Chi Minh City, , VNSGN",VNSGN,MAEU,Maersk,300094432,DRY,0,10/16/2025,3/31/2026,10/22/2025 19:06,597,597,0,0,597,597
USCHS,USCHS,VNSGN,"Charleston, SC, USCHS","Charleston, SC, USCHS","Ho Chi Minh City, , VNSGN",HO CHI MINH,EGLV,EMC,SC103574,DRY,,10/1/2025,12/31/2025,11/5/2025 9:38,600,600,167.59,167.59,767.59,767.59
USCHS,USCHS,VNTOT,"Charleston, SC, USCHS","Charleston, SC, USCHS","Cai Mep, 43, VNTOT",CAI MEP,EGLV,EMC,SC103574,DRY,,10/1/2025,12/31/2025,11/5/2025 9:38,600,600,167.59,167.59,767.59,767.59
USCHS,USCHS,VNTTH,"Charleston, SC, USCHS","Charleston, SC, USCHS","Tan Thanh, 43, VNTTH",VNTTH,OOLU,OOCL,MT256104,DRY,2,10/20/2025,12/31/2025,11/5/2025 9:38,367,367,143,143,510,510
USCHS,USCHS,VNVUT,"Charleston, SC, USCHS","Charleston, SC, USCHS","Vung Tau, 43, VNVUT",VNVUT,MAEU,Maersk,300094432,DRY,0,10/16/2025,3/31/2026,10/22/2025 19:06,667,667,0,0,667,667
USCHS,USCHS,ZACPT,"Charleston, SC, USCHS","Charleston, SC, USCHS","Cape Town, , ZACPT",ZACPT,ONEY,ONE,CHIM354B25,DRY,1,10/1/2025,12/31/2025,11/5/2025 4:10,2620,2620,371.98,371.98,2991.98,2991.98
USCHS,USCHS,ZADUR,"Charleston, SC, USCHS","Charleston, SC, USCHS","Durban, , ZADUR",ZADUR,ONEY,ONE,CHIM354B25,DRY,1,10/1/2025,12/31/2025,11/5/2025 4:10,2620,2620,371.98,371.98,2991.98,2991.98
USDAL,USLAX,AEJEA,"Dallas, TX, USDAL",LALB,"Jebel Ali, , AEJEA",CNSHG,YMLU,YML,51625,DRY,1,10/27/2025,12/31/2025,11/5/2025 9:38,3040,3040,224.8,224.8,3264.8,3264.8
USDAL,USLAX,AEJEA,"Dallas, TX, USDAL",LALB,"Jebel Ali, , AEJEA",CNNBG,YMLU,YML,51625,DRY,1,10/27/2025,12/31/2025,11/5/2025 9:38,3040,3040,224.8,224.8,3264.8,3264.8
USDAL,USLAX,AEJEA,"Dallas, TX, USDAL",LALB,"Jebel Ali, , AEJEA",AEJEA,YMLU,YML,51625,DRY,1,10/27/2025,12/31/2025,11/5/2025 9:38,3044,3044,326.75,326.75,3370.75,3370.75
USDAL,USLAX,BDCGP,"Dallas, TX, USDAL",LALB,"Chattogram/Chittagong, , BDCGP",CHATTOGRAM,EGLV,EMC,SC103574,DRY,,10/1/2025,12/31/2025,11/5/2025 9:38,2400,2400,0,0,2400,2400
USDAL,USLAX,BDCGP,"Dallas, TX, USDAL",LALB,"Chattogram/Chittagong, , BDCGP",BDCGP,ONEY,ONE,CHIM354B25,DRY,1,10/1/2025,12/31/2025,11/5/2025 9:38,3526,3526,150,150,3676,3676
USDAL,USLAX,CLARI,"Dallas, TX, USDAL",LALB,"Arica, TA, CLARI",CLARI,ONEY,ONE,CHIM354B25,DRY,1,10/1/2025,12/31/2025,11/5/2025 9:38,3183,3183,150,150,3333,3333
USDAL,USLAX,CLSAI,"Dallas, TX, USDAL",LALB,"San Antonio, VS, CLSAI",CLSAI,ONEY,ONE,CHIM354B25,DRY,1,10/1/2025,12/31/2025,11/5/2025 9:38,2683,2683,150,150,2833,2833
USDAL,USLAX,CLVAP,"Dallas, TX, USDAL",LALB,"Valparaiso, VS, CLVAP",CLVAP,ONEY,ONE,CHIM354B25,DRY,1,10/1/2025,12/31/2025,11/5/2025 9:38,2683,2683,150,150,2833,2833
USDAL,USLAX,CNAQG,"Dallas, TX, USDAL",LALB,"Anqing Pt, 34, CNAQG",CNAQG,ONEY,ONE,CHIM354B25,DRY,1,10/1/2025,12/31/2025,11/5/2025 9:38,1206,1206,120.97,120.97,1326.97,1326.97
USDAL,USLAX,CNAQG,"Dallas, TX, USDAL",LALB,"Anqing Pt, 34, CNAQG",CNSHG,YMLU,YML,51625,DRY,1,10/27/2025,12/31/2025,11/5/2025 9:38,1340,1340,224.8,224.8,1564.8,1564.8
USDAL,USLAX,CNBIH,"Dallas, TX, USDAL",LALB,"Beihai Pt, 32, CNBIH",CNBIH,YMLU,YML,51625,DRY,1,10/27/2025,12/31/2025,11/5/2025 9:38,1500,1500,0,0,1500,1500
USDAL,USLAX,CNCAN,"Dallas, TX, USDAL",LALB,"Guangzhou Baiyun, 44, CNCAN",CNCAN,ONEY,ONE,CHIM354B25,DRY,1,10/1/2025,12/31/2025,11/5/2025 9:38,1566,1566,170.85,170.85,1736.85,1736.85
USDAL,USLAX,CNCGS,"Dallas, TX, USDAL",LALB,"Changshu Pt, 37, CNCGS",CNSHG,YMLU,YML,51625,DRY,1,10/27/2025,12/31/2025,11/5/2025 9:38,1330,1330,224.8,224.8,1554.8,1554.8
USDAL,USLAX,CNCGU,"Dallas, TX, USDAL",LALB,"Changshu, 32, CNCGU",CNCGU,ONEY,ONE,CHIM354B25,DRY,1,10/1/2025,12/31/2025,11/5/2025 9:38,1466,1466,116.33,116.33,1582.33,1582.33
USDAL,USLAX,CNCHQ,"Dallas, TX, USDAL",LALB,"Chongqing Pt, 50, CNCHQ",CNSHG,YMLU,YML,51625,DRY,1,10/27/2025,12/31/2025,11/5/2025 9:38,1900,1900,224.8,224.8,2124.8,2124.8
USDAL,USLAX,CNCKG,"Dallas, TX, USDAL",LALB,"Chongqing Jiangbei, 51, CNCKG",CNCKG,ONEY,ONE,CHIM354B25,DRY,1,10/1/2025,12/31/2025,11/5/2025 9:38,1776,1776,116.33,116.33,1892.33,1892.33
USDAL,USLAX,CNCNA,"Dallas, TX, USDAL",LALB,"Changsha, 44, CNCNA",CNCNA,YMLU,YML,51625,DRY,1,10/27/2025,12/31/2025,11/5/2025 9:38,1050,1050,0,0,1050,1050
USDAL,USLAX,CNCNA,"Dallas, TX, USDAL",LALB,"Changsha, 44, CNCNA",CNSHG,YMLU,YML,51625,DRY,1,10/27/2025,12/31/2025,11/5/2025 9:38,1945,1945,224.8,224.8,2169.8,2169.8
USDAL,USLAX,CNCZX,"Dallas, TX, USDAL",LALB,"Changzhou Pt, 32, CNCZX",CNSHG,YMLU,YML,51625,DRY,1,10/27/2025,12/31/2025,11/5/2025 9:38,1330,1330,224.8,224.8,1554.8,1554.8
USDAL,USLAX,CNDAG,"Dallas, TX, USDAL",LALB,"Dalian Pt, 34, CNDAG",CNDAG,OOLU,OOCL,MT256104,DRY,2,10/20/2025,12/31/2025,11/5/2025 9:38,1029,1029,159.19,159.19,1188.19,1188.19
USDAL,USLGB,CNDAG,"Dallas, TX, USDAL",LALB,"Dalian Pt, 34, CNDAG",CNDAG,OOLU,OOCL,MT256104,DRY,2,10/20/2025,12/31/2025,11/5/2025 9:38,1029,1029,159.19,159.19,1188.19,1188.19
USDAL,USLAX,CNDAG,"Dallas, TX, USDAL",LALB,"Dalian Pt, 34, CNDAG",CNQDG,YMLU,YML,51625,DRY,1,10/27/2025,12/31/2025,11/5/2025 9:38,1520,1520,224.8,224.8,1744.8,1744.8
USDAL,USLAX,CNDAG,"Dallas, TX, USDAL",LALB,"Dalian Pt, 34, CNDAG",KRPUS,YMLU,YML,51625,DRY,1,10/27/2025,12/31/2025,11/5/2025 9:38,1520,1520,125.98,125.98,1645.98,1645.98
USDAL,USLAX,CNDFG,"Dallas, TX, USDAL",LALB,"Dafeng Pt, 22, CNDFG",CNSHG,YMLU,YML,51625,DRY,1,10/27/2025,12/31/2025,11/5/2025 9:38,1410,1410,224.8,224.8,1634.8,1634.8
USDAL,USLAX,CNDOU,"Dallas, TX, USDAL",LALB,"Doumen Pt, 44, CNDOU",CNDOU,ONEY,ONE,CHIM354B25,DRY,1,10/1/2025,12/31/2025,11/5/2025 9:38,1491,1491,170.85,170.85,1661.85,1661.85
USDAL,USLAX,CNFOC,"Dallas, TX, USDAL",LALB,"Fuzhou Changle, 35, CNFOC",CNFOC,ONEY,ONE,CHIM354B25,DRY,1,10/1/2025,12/31/2025,11/5/2025 9:38,1386,1386,116.19,116.19,1502.19,1502.19
USDAL,USLAX,CNFZG,"Dallas, TX, USDAL",LALB,"Fuzhou Pt, 23, CNFZG",CNNBG,YMLU,YML,51625,DRY,1,10/27/2025,12/31/2025,11/5/2025 9:38,1500,1500,224.8,224.8,1724.8,1724.8
USDAL,USLAX,CNGON,"Dallas, TX, USDAL",LALB,"Gaolan, 44, CNGON",CNGON,ONEY,ONE,CHIM354B25,DRY,1,10/1/2025,12/31/2025,11/5/2025 9:38,1516,1516,170.85,170.85,1686.85,1686.85
USDAL,USLAX,CNGZG,"Dallas, TX, USDAL",LALB,"Guangzhou Pt, 22, CNGZG",CNGZG,YMLU,YML,51625,DRY,1,10/27/2025,12/31/2025,11/5/2025 9:38,1050,1050,224.8,224.8,1274.8,1274.8
USDAL,USLAX,CNHFI,"Dallas, TX, USDAL",LALB,"Hefei, 34, CNHFI",CNSHG,YMLU,YML,51625,DRY,1,10/27/2025,12/31/2025,11/5/2025 9:38,2390,2390,224.8,224.8,2614.8,2614.8
USDAL,USLAX,CNHSI,"Dallas, TX, USDAL",LALB,"Huangshi Pt, 42, CNHSI",CNSHG,YMLU,YML,51625,DRY,1,10/27/2025,12/31/2025,11/5/2025 9:38,1470,1470,224.8,224.8,1694.8,1694.8
USDAL,USLAX,CNHUA,"Dallas, TX, USDAL",LALB,"Huangpu Pt, 44, CNHUA",CNHUA,OOLU,OOCL,MT256104,DRY,2,10/20/2025,12/31/2025,11/5/2025 9:38,959,959,159.19,159.19,1118.19,1118.19
USDAL,USLGB,CNHUA,"Dallas, TX, USDAL",LALB,"Huangpu Pt, 44, CNHUA",CNHUA,OOLU,OOCL,MT256104,DRY,2,10/20/2025,12/31/2025,11/5/2025 9:38,959,959,159.19,159.19,1118.19,1118.19
USDAL,USLAX,CNHUA,"Dallas, TX, USDAL",LALB,"Huangpu Pt, 44, CNHUA",CNHUA,YMLU,YML,51625,DRY,1,10/27/2025,12/31/2025,11/5/2025 9:38,1050,1050,224.8,224.8,1274.8,1274.8
USDAL,USLAX,CNHUA,"Dallas, TX, USDAL",LALB,"Huangpu Pt, 44, CNHUA",CNHUA,ONEY,ONE,CHIM354B25,DRY,1,10/1/2025,12/31/2025,11/5/2025 9:38,1251,1251,170.85,170.85,1421.85,1421.85
USDAL,USLAX,CNHZH,"Dallas, TX, USDAL",LALB,"Huzhou Pt, 33, CNHZH",CNSHG,YMLU,YML,51625,DRY,1,10/27/2025,12/31/2025,11/5/2025 9:38,1265,1265,224.8,224.8,1489.8,1489.8
USDAL,USLAX,CNJIA,"Dallas, TX, USDAL",LALB,"Jiangyin Pt, 32, CNJIA",CNSHG,YMLU,YML,51625,DRY,1,10/27/2025,12/31/2025,11/5/2025 9:38,1330,1330,224.8,224.8,1554.8,1554.8
USDAL,USLAX,CNJIU,"Dallas, TX, USDAL",LALB,"Jiujiang Pt, 36, CNJIU",CNSHG,YMLU,YML,51625,DRY,1,10/27/2025,12/31/2025,11/5/2025 9:38,1460,1460,224.8,224.8,1684.8,1684.8
USDAL,USLAX,CNJNZ,"Dallas, TX, USDAL",LALB,"Jinzhou Pt, 21, CNJNZ",KRPUS,YMLU,YML,51625,DRY,1,10/27/2025,12/31/2025,11/5/2025 9:38,2020,2020,125.98,125.98,2145.98,2145.98
USDAL,USLAX,CNJZK,"Dallas, TX, USDAL",LALB,"Jingzhou Pt, 42, CNJZK",CNSHG,YMLU,YML,51625,DRY,1,10/27/2025,12/31/2025,11/5/2025 9:38,1480,1480,224.8,224.8,1704.8,1704.8
USDAL,USLAX,CNKHN,"Dallas, TX, USDAL",LALB,"Nanchang Changbei, 36, CNKHN",CNSHG,YMLU,YML,51625,DRY,1,10/27/2025,12/31/2025,11/5/2025 9:38,1540,1540,224.8,224.8,1764.8,1764.8
USDAL,USLGB,CNKPN,"Dallas, TX, USDAL",LALB,"Kaiping, 13, CNKPN",CNKPN,OOLU,OOCL,MT256104,DRY,2,10/20/2025,12/31/2025,11/5/2025 9:38,989,989,0,0,989,989
USDAL,USLAX,CNKPN,"Dallas, TX, USDAL",LALB,"Kaiping, 13, CNKPN",CNKPN,OOLU,OOCL,MT256104,DRY,2,10/20/2025,12/31/2025,11/5/2025 9:38,989,989,0,0,989,989
USDAL,USLAX,CNKUS,"Dallas, TX, USDAL",LALB,"Kunshan, 32, CNKUS",CNSHG,YMLU,YML,51625,DRY,1,10/27/2025,12/31/2025,11/5/2025 9:38,1490,1490,224.8,224.8,1714.8,1714.8
USDAL,USLAX,CNLYG,"Dallas, TX, USDAL",LALB,"Lianyungang, 32, CNLYG",CNLYG,ONEY,ONE,CHIM354B25,DRY,1,10/1/2025,12/31/2025,11/5/2025 9:38,1396,1396,117.04,117.04,1513.04,1513.04
USDAL,USLAX,CNLYG,"Dallas, TX, USDAL",LALB,"Lianyungang, 32, CNLYG",CNNBG,YMLU,YML,51625,DRY,1,10/27/2025,12/31/2025,11/5/2025 9:38,1415,1415,224.8,224.8,1639.8,1639.8
USDAL,USLAX,CNLYG,"Dallas, TX, USDAL",LALB,"Lianyungang, 32, CNLYG",CNSHG,YMLU,YML,51625,DRY,1,10/27/2025,12/31/2025,11/5/2025 9:38,1415,1415,224.8,224.8,1639.8,1639.8
USDAL,USLGB,CNLYG,"Dallas, TX, USDAL",LALB,"Lianyungang, 32, CNLYG",CNLYG,OOLU,OOCL,MT256104,DRY,2,10/20/2025,12/31/2025,11/5/2025 9:38,1559,1559,159.19,159.19,1718.19,1718.19
USDAL,USLAX,CNLYG,"Dallas, TX, USDAL",LALB,"Lianyungang, 32, CNLYG",CNLYG,OOLU,OOCL,MT256104,DRY,2,10/20/2025,12/31/2025,11/5/2025 9:38,1559,1559,159.19,159.19,1718.19,1718.19
USDAL,USLAX,CNLZU,"Dallas, TX, USDAL",LALB,"Luzhou, 51, CNLZU",CNSHG,YMLU,YML,51625,DRY,1,10/27/2025,12/31/2025,11/5/2025 9:38,1940,1940,224.8,224.8,2164.8,2164.8
USDAL,USLAX,CNMAA,"Dallas, TX, USDAL",LALB,"Maanshan Pt, 34, CNMAA",CNSHG,YMLU,YML,51625,DRY,1,10/27/2025,12/31/2025,11/5/2025 9:38,1340,1340,224.8,224.8,1564.8,1564.8
USDAL,USLAX,CNNBG,"Dallas, TX, USDAL",LALB,"Ningbo Pt, 33, CNNBG",CNNBG,YMLU,YML,51625,DRY,1,10/27/2025,12/31/2025,11/5/2025 9:38,600,600,224.8,224.8,824.8,824.8
USDAL,USLAX,CNNBG,"Dallas, TX, USDAL",LALB,"Ningbo Pt, 33, CNNBG",CNNBG,OOLU,OOCL,MT256104,DRY,2,10/20/2025,12/31/2025,11/5/2025 9:38,669,669,160.87,160.87,829.87,829.87
USDAL,USLGB,CNNBG,"Dallas, TX, USDAL",LALB,"Ningbo Pt, 33, CNNBG",CNNBG,OOLU,OOCL,MT256104,DRY,2,10/20/2025,12/31/2025,11/5/2025 9:38,669,669,160.87,160.87,829.87,829.87
USDAL,USLAX,CNNBG,"Dallas, TX, USDAL",LALB,"Ningbo Pt, 33, CNNBG",CNNBG,YMLU,YML,51625,DRY,1,10/27/2025,12/31/2025,11/5/2025 9:38,1000,1000,224.8,224.8,1224.8,1224.8
USDAL,USLAX,CNNBG,"Dallas, TX, USDAL",LALB,"Ningbo Pt, 33, CNNBG",CNNBG,ONEY,ONE,CHIM354B25,DRY,1,10/1/2025,12/31/2025,11/5/2025 9:38,1096,1096,120.69,120.69,1216.69,1216.69
USDAL,USLAX,CNNBG,"Dallas, TX, USDAL",LALB,"Ningbo Pt, 33, CNNBG","NINGBO, CHINA",EGLV,EMC,SC103574,DRY,,10/1/2025,12/31/2025,11/5/2025 9:38,1150,1150,0,0,1150,1150
USDAL,USLAX,CNNBG,"Dallas, TX, USDAL",LALB,"Ningbo Pt, 33, CNNBG",KRPUS,YMLU,YML,51625,DRY,1,10/27/2025,12/31/2025,11/5/2025 9:38,1220,1220,125.98,125.98,1345.98,1345.98
USDAL,USLAX,CNNBG,"Dallas, TX, USDAL",LALB,"Ningbo Pt, 33, CNNBG",SGSIN,YMLU,YML,51625,DRY,1,10/27/2025,12/31/2025,11/5/2025 9:38,1260,1260,268.95,268.95,1528.95,1528.95
USDAL,USLAX,CNNJG,"Dallas, TX, USDAL",LALB,"Nanjing Pt, 35, CNNJG",CNSHG,YMLU,YML,51625,DRY,1,10/27/2025,12/31/2025,11/5/2025 9:38,1330,1330,224.8,224.8,1554.8,1554.8
USDAL,USLAX,CNNJP,"Dallas, TX, USDAL",LALB,"Nanjing Pt, 32, CNNJP",CNSHG,YMLU,YML,51625,DRY,1,10/27/2025,12/31/2025,11/5/2025 9:38,1330,1330,224.8,224.8,1554.8,1554.8
USDAL,USLAX,CNNKG,"Dallas, TX, USDAL",LALB,"Nanjing Lukou, 32, CNNKG",CNSHG,YMLU,YML,51625,DRY,1,10/27/2025,12/31/2025,11/5/2025 9:38,1330,1330,224.8,224.8,1554.8,1554.8
USDAL,USLAX,CNNKG,"Dallas, TX, USDAL",LALB,"Nanjing Lukou, 32, CNNKG",CNNKG,ONEY,ONE,CHIM354B25,DRY,1,10/1/2025,12/31/2025,11/5/2025 9:38,1351,1351,116.33,116.33,1467.33,1467.33
USDAL,USLAX,CNNSA,"Dallas, TX, USDAL",LALB,"Nansha Pt, 44, CNNSA",CNNSA,OOLU,OOCL,MT256104,DRY,2,10/20/2025,12/31/2025,11/5/2025 9:38,919,919,159.19,159.19,1078.19,1078.19
USDAL,USLGB,CNNSA,"Dallas, TX, USDAL",LALB,"Nansha Pt, 44, CNNSA",CNNSA,OOLU,OOCL,MT256104,DRY,2,10/20/2025,12/31/2025,11/5/2025 9:38,919,919,159.19,159.19,1078.19,1078.19
USDAL,USLAX,CNNSA,"Dallas, TX, USDAL",LALB,"Nansha Pt, 44, CNNSA",CNNSA,ONEY,ONE,CHIM354B25,DRY,1,10/1/2025,12/31/2025,11/5/2025 9:38,1441,1441,170.85,170.85,1611.85,1611.85
USDAL,USLAX,CNNTG,"Dallas, TX, USDAL",LALB,"Nantong Pt, 32, CNNTG",CNNTG,ONEY,ONE,CHIM354B25,DRY,1,10/1/2025,12/31/2025,11/5/2025 9:38,1271,1271,116.33,116.33,1387.33,1387.33
USDAL,USLAX,CNNTG,"Dallas, TX, USDAL",LALB,"Nantong Pt, 32, CNNTG",CNSHG,YMLU,YML,51625,DRY,1,10/27/2025,12/31/2025,11/5/2025 9:38,1330,1330,224.8,224.8,1554.8,1554.8
USDAL,USLAX,CNPUT,"Dallas, TX, USDAL",LALB,"Putian, 35, CNPUT",CNXMG,YMLU,YML,51625,DRY,1,10/27/2025,12/31/2025,11/5/2025 9:38,1310,1310,224.8,224.8,1534.8,1534.8
USDAL,USLAX,CNQDG,"Dallas, TX, USDAL",LALB,"Qingdao Pt, 32, CNQDG",CNQDG,YMLU,YML,51625,DRY,1,10/27/2025,12/31/2025,11/5/2025 9:38,600,600,224.8,224.8,824.8,824.8
USDAL,USLGB,CNQDG,"Dallas, TX, USDAL",LALB,"Qingdao Pt, 32, CNQDG",CNQDG,OOLU,OOCL,MT256104,DRY,2,10/20/2025,12/31/2025,11/5/2025 9:38,669,669,190.8,190.8,859.8,859.8
USDAL,USLAX,CNQDG,"Dallas, TX, USDAL",LALB,"Qingdao Pt, 32, CNQDG",CNQDG,OOLU,OOCL,MT256104,DRY,2,10/20/2025,12/31/2025,11/5/2025 9:38,669,669,190.8,190.8,859.8,859.8
USDAL,USLAX,CNQDG,"Dallas, TX, USDAL",LALB,"Qingdao Pt, 32, CNQDG",CNQDG,YMLU,YML,51625,DRY,1,10/27/2025,12/31/2025,11/5/2025 9:38,1000,1000,224.8,224.8,1224.8,1224.8
USDAL,USLAX,CNQDG,"Dallas, TX, USDAL",LALB,"Qingdao Pt, 32, CNQDG","QINGDAO, CHINA",EGLV,EMC,SC103574,DRY,,10/1/2025,12/31/2025,11/5/2025 9:38,1150,1150,0,0,1150,1150
USDAL,USLAX,CNQDG,"Dallas, TX, USDAL",LALB,"Qingdao Pt, 32, CNQDG",CNQDG,ONEY,ONE,CHIM354B25,DRY,1,10/1/2025,12/31/2025,11/5/2025 9:38,1176,1176,117.04,117.04,1293.04,1293.04
USDAL,USLAX,CNQDG,"Dallas, TX, USDAL",LALB,"Qingdao Pt, 32, CNQDG",KRPUS,YMLU,YML,51625,DRY,1,10/27/2025,12/31/2025,11/5/2025 9:38,1330,1330,125.98,125.98,1455.98,1455.98
USDAL,USLAX,CNQDG,"Dallas, TX, USDAL",LALB,"Qingdao Pt, 32, CNQDG",SGSIN,YMLU,YML,51625,DRY,1,10/27/2025,12/31/2025,11/5/2025 9:38,1375,1375,268.95,268.95,1643.95,1643.95
USDAL,USLAX,CNRZH,"Dallas, TX, USDAL",LALB,"Rizhao Pt, 37, CNRZH",CNQDG,YMLU,YML,51625,DRY,1,10/27/2025,12/31/2025,11/5/2025 9:38,1280,1280,224.8,224.8,1504.8,1504.8
USDAL,USLGB,CNSBU,"Dallas, TX, USDAL",LALB,"Sanbu Pt, 44, CNSBU",CNSBU,OOLU,OOCL,MT256104,DRY,2,10/20/2025,12/31/2025,11/5/2025 9:38,989,989,0,0,989,989
USDAL,USLAX,CNSBU,"Dallas, TX, USDAL",LALB,"Sanbu Pt, 44, CNSBU",CNSBU,OOLU,OOCL,MT256104,DRY,2,10/20/2025,12/31/2025,11/5/2025 9:38,989,989,0,0,989,989
USDAL,USLAX,CNSBU,"Dallas, TX, USDAL",LALB,"Sanbu Pt, 44, CNSBU",CNSBU,ONEY,ONE,CHIM354B25,DRY,1,10/1/2025,12/31/2025,11/5/2025 9:38,1976,1976,170.85,170.85,2146.85,2146.85
USDAL,USLAX,CNSHG,"Dallas, TX, USDAL",LALB,"Shanghai Pt, 44, CNSHG",CNSHG,YMLU,YML,51625,DRY,1,10/27/2025,12/31/2025,11/5/2025 9:38,600,600,224.8,224.8,824.8,824.8
USDAL,USLAX,CNSHG,"Dallas, TX, USDAL",LALB,"Shanghai Pt, 44, CNSHG",CNSHG,OOLU,OOCL,MT256104,DRY,2,10/20/2025,12/31/2025,11/5/2025 9:38,669,669,160.87,160.87,829.87,829.87
USDAL,USLGB,CNSHG,"Dallas, TX, USDAL",LALB,"Shanghai Pt, 44, CNSHG",CNSHG,OOLU,OOCL,MT256104,DRY,2,10/20/2025,12/31/2025,11/5/2025 9:38,669,669,160.87,160.87,829.87,829.87
USDAL,USLAX,CNSHG,"Dallas, TX, USDAL",LALB,"Shanghai Pt, 44, CNSHG",CNSHG,YMLU,YML,51625,DRY,1,10/27/2025,12/31/2025,11/5/2025 9:38,1000,1000,224.8,224.8,1224.8,1224.8
USDAL,USLAX,CNSHG,"Dallas, TX, USDAL",LALB,"Shanghai Pt, 44, CNSHG",CNSHG,ONEY,ONE,CHIM354B25,DRY,1,10/1/2025,12/31/2025,11/5/2025 9:38,1096,1096,116.33,116.33,1212.33,1212.33
USDAL,USLAX,CNSHG,"Dallas, TX, USDAL",LALB,"Shanghai Pt, 44, CNSHG",SHANGHAI,EGLV,EMC,SC103574,DRY,,10/1/2025,12/31/2025,11/5/2025 9:38,1150,1150,0,0,1150,1150
USDAL,USLAX,CNSHG,"Dallas, TX, USDAL",LALB,"Shanghai Pt, 44, CNSHG",SGSIN,YMLU,YML,51625,DRY,1,10/27/2025,12/31/2025,11/5/2025 9:38,1260,1260,268.95,268.95,1528.95,1528.95
USDAL,USLAX,CNSHK,"Dallas, TX, USDAL",LALB,"Shekou Pt, 44, CNSHK",CNSHK,YMLU,YML,51625,DRY,1,10/27/2025,12/31/2025,11/5/2025 9:38,1000,1000,224.8,224.8,1224.8,1224.8
USDAL,USLAX,CNSHK,"Dallas, TX, USDAL",LALB,"Shekou Pt, 44, CNSHK",CNSHK,ONEY,ONE,CHIM354B25,DRY,1,10/1/2025,12/31/2025,11/5/2025 9:38,1181,1181,170.85,170.85,1351.85,1351.85
USDAL,USLAX,CNSHK,"Dallas, TX, USDAL",LALB,"Shekou Pt, 44, CNSHK",SGSIN,YMLU,YML,51625,DRY,1,10/27/2025,12/31/2025,11/5/2025 9:38,1205,1205,268.95,268.95,1473.95,1473.95
USDAL,USLAX,CNSHK,"Dallas, TX, USDAL",LALB,"Shekou Pt, 44, CNSHK",CNSHK,OOLU,OOCL,MT256104,DRY,2,10/20/2025,12/31/2025,11/5/2025 9:38,1389,1389,0,0,1389,1389
USDAL,USLGB,CNSHK,"Dallas, TX, USDAL",LALB,"Shekou Pt, 44, CNSHK",CNSHK,OOLU,OOCL,MT256104,DRY,2,10/20/2025,12/31/2025,11/5/2025 9:38,1389,1389,0,0,1389,1389
USDAL,USLAX,CNSZG,"Dallas, TX, USDAL",LALB,"Suzhou Pt, 32, CNSZG",CNSHG,YMLU,YML,51625,DRY,1,10/27/2025,12/31/2025,11/5/2025 9:38,1490,1490,224.8,224.8,1714.8,1714.8
USDAL,USLAX,CNTAC,"Dallas, TX, USDAL",LALB,"Taicang Pt, 32, CNTAC",CNSHG,YMLU,YML,51625,DRY,1,10/27/2025,12/31/2025,11/5/2025 9:38,1100,1100,224.8,224.8,1324.8,1324.8
USDAL,USLAX,CNTAG,"Dallas, TX, USDAL",LALB,"Taicang, 32, CNTAG",CNSHG,YMLU,YML,51625,DRY,1,10/27/2025,12/31/2025,11/5/2025 9:38,1100,1100,224.8,224.8,1324.8,1324.8
USDAL,USLAX,CNTAZ,"Dallas, TX, USDAL",LALB,"Taizhou Pt, 33, CNTAZ",CNSHG,YMLU,YML,51625,DRY,1,10/27/2025,12/31/2025,11/5/2025 9:38,1330,1330,224.8,224.8,1554.8,1554.8
USDAL,USLAX,CNTOL,"Dallas, TX, USDAL",LALB,"Tongling Pt, 34, CNTOL",CNSHG,YMLU,YML,51625,DRY,1,10/27/2025,12/31/2025,11/5/2025 9:38,1370,1370,224.8,224.8,1594.8,1594.8
USDAL,USLAX,CNTXG,"Dallas, TX, USDAL",LALB,"Tianjin Xingang Pt, 12, CNTXG",CNTXG,YMLU,YML,51625,DRY,1,10/27/2025,12/31/2025,11/5/2025 9:38,800,800,224.8,224.8,1024.8,1024.8
USDAL,USLAX,CNTXG,"Dallas, TX, USDAL",LALB,"Tianjin Xingang Pt, 12, CNTXG",CNTXG,OOLU,OOCL,MT256104,DRY,2,10/20/2025,12/31/2025,11/5/2025 9:38,919,919,159.19,159.19,1078.19,1078.19
USDAL,USLGB,CNTXG,"Dallas, TX, USDAL",LALB,"Tianjin Xingang Pt, 12, CNTXG",CNTXG,OOLU,OOCL,MT256104,DRY,2,10/20/2025,12/31/2025,11/5/2025 9:38,919,919,159.19,159.19,1078.19,1078.19
USDAL,USLAX,CNTXG,"Dallas, TX, USDAL",LALB,"Tianjin Xingang Pt, 12, CNTXG",CNTXG,ONEY,ONE,CHIM354B25,DRY,1,10/1/2025,12/31/2025,11/5/2025 9:38,1156,1156,114.37,114.37,1270.37,1270.37
USDAL,USLAX,CNTXG,"Dallas, TX, USDAL",LALB,"Tianjin Xingang Pt, 12, CNTXG",KRPUS,YMLU,YML,51625,DRY,1,10/27/2025,12/31/2025,11/5/2025 9:38,1350,1350,125.98,125.98,1475.98,1475.98
USDAL,USLAX,CNTXG,"Dallas, TX, USDAL",LALB,"Tianjin Xingang Pt, 12, CNTXG",TWKHH,YMLU,YML,51625,DRY,1,10/27/2025,12/31/2025,11/5/2025 9:38,1435,1435,227.3,227.3,1662.3,1662.3
USDAL,USLAX,CNWEI,"Dallas, TX, USDAL",LALB,"Weihai, 37, CNWEI",CNQDG,YMLU,YML,51625,DRY,1,10/27/2025,12/31/2025,11/5/2025 9:38,1410,1410,224.8,224.8,1634.8,1634.8
USDAL,USLAX,CNWHG,"Dallas, TX, USDAL",LALB,"Wuhan Pt, 42, CNWHG",CNSHG,YMLU,YML,51625,DRY,1,10/27/2025,12/31/2025,11/5/2025 9:38,1470,1470,224.8,224.8,1694.8,1694.8
USDAL,USLAX,CNWHI,"Dallas, TX, USDAL",LALB,"Wuhu Pt, 34, CNWHI",CNSHG,YMLU,YML,51625,DRY,1,10/27/2025,12/31/2025,11/5/2025 9:38,1330,1330,224.8,224.8,1554.8,1554.8
USDAL,USLAX,CNWJA,"Dallas, TX, USDAL",LALB,"Wujiang, 32, CNWJA",CNSHG,YMLU,YML,51625,DRY,1,10/27/2025,12/31/2025,11/5/2025 9:38,1510,1510,224.8,224.8,1734.8,1734.8
USDAL,USLAX,CNWNZ,"Dallas, TX, USDAL",LALB,"Wenzhou Longwan, 33, CNWNZ",CNNBG,YMLU,YML,51625,DRY,1,10/27/2025,12/31/2025,11/5/2025 9:38,1370,1370,224.8,224.8,1594.8,1594.8
USDAL,USLAX,CNWNZ,"Dallas, TX, USDAL",LALB,"Wenzhou Longwan, 33, CNWNZ",CNSHG,YMLU,YML,51625,DRY,1,10/27/2025,12/31/2025,11/5/2025 9:38,1370,1370,224.8,224.8,1594.8,1594.8
USDAL,USLAX,CNWUH,"Dallas, TX, USDAL",LALB,"Wuhan Tianhe, 42, CNWUH",CNWUH,ONEY,ONE,CHIM354B25,DRY,1,10/1/2025,12/31/2025,11/5/2025 9:38,1251,1251,116.33,116.33,1367.33,1367.33
USDAL,USLAX,CNWUZ,"Dallas, TX, USDAL",LALB,"Wuzhou Pt, 45, CNWUZ",CNWUZ,ONEY,ONE,CHIM354B25,DRY,1,10/1/2025,12/31/2025,11/5/2025 9:38,1756,1756,170.85,170.85,1926.85,1926.85
USDAL,USLAX,CNXIA,"Dallas, TX, USDAL",LALB,"Xian, 33, CNXIA",CNSHG,YMLU,YML,51625,DRY,1,10/27/2025,12/31/2025,11/5/2025 9:38,3275,3275,224.8,224.8,3499.8,3499.8
USDAL,USLAX,CNXMG,"Dallas, TX, USDAL",LALB,"Xiamen Pt, 35, CNXMG",CNXMG,OOLU,OOCL,MT256104,DRY,2,10/20/2025,12/31/2025,11/5/2025 9:38,669,669,159.19,159.19,828.19,828.19
USDAL,USLGB,CNXMG,"Dallas, TX, USDAL",LALB,"Xiamen Pt, 35, CNXMG",CNXMG,OOLU,OOCL,MT256104,DRY,2,10/20/2025,12/31/2025,11/5/2025 9:38,669,669,159.19,159.19,828.19,828.19
USDAL,USLAX,CNXMG,"Dallas, TX, USDAL",LALB,"Xiamen Pt, 35, CNXMG",CNXMG,YMLU,YML,51625,DRY,1,10/27/2025,12/31/2025,11/5/2025 9:38,700,700,224.8,224.8,924.8,924.8
USDAL,USLAX,CNXMG,"Dallas, TX, USDAL",LALB,"Xiamen Pt, 35, CNXMG",CNXMG,YMLU,YML,51625,DRY,1,10/27/2025,12/31/2025,11/5/2025 9:38,1000,1000,224.8,224.8,1224.8,1224.8
USDAL,USLAX,CNXMG,"Dallas, TX, USDAL",LALB,"Xiamen Pt, 35, CNXMG","XIAMEN, CHINA",EGLV,EMC,SC103574,DRY,,10/1/2025,12/31/2025,11/5/2025 9:38,1300,1300,0,0,1300,1300
USDAL,USLAX,CNXMG,"Dallas, TX, USDAL",LALB,"Xiamen Pt, 35, CNXMG",CNXMG,ONEY,ONE,CHIM354B25,DRY,1,10/1/2025,12/31/2025,11/5/2025 9:38,1426,1426,114.37,114.37,1540.37,1540.37
USDAL,USLAX,CNYBN,"Dallas, TX, USDAL",LALB,"Yibin, 51, CNYBN",CNSHG,YMLU,YML,51625,DRY,1,10/27/2025,12/31/2025,11/5/2025 9:38,2000,2000,224.8,224.8,2224.8,2224.8
USDAL,USLAX,CNYIC,"Dallas, TX, USDAL",LALB,"Yichang, 42, CNYIC",CNSHG,YMLU,YML,51625,DRY,1,10/27/2025,12/31/2025,11/5/2025 9:38,1580,1580,224.8,224.8,1804.8,1804.8
USDAL,USLAX,CNYNT,"Dallas, TX, USDAL",LALB,"Yantai Laishan, 37, CNYNT",CNQDG,YMLU,YML,51625,DRY,1,10/27/2025,12/31/2025,11/5/2025 9:38,1330,1330,224.8,224.8,1554.8,1554.8
USDAL,USLAX,CNYNT,"Dallas, TX, USDAL",LALB,"Yantai Laishan, 37, CNYNT",CNYNT,ONEY,ONE,CHIM354B25,DRY,1,10/1/2025,12/31/2025,11/5/2025 9:38,1391,1391,117.04,117.04,1508.04,1508.04
USDAL,USLAX,CNYPG,"Dallas, TX, USDAL",LALB,"Yangpu Pt, 46, CNYPG",CNYPG,OOLU,OOCL,MT256104,DRY,2,10/20/2025,12/31/2025,11/5/2025 9:38,669,669,0,0,669,669
USDAL,USLGB,CNYPG,"Dallas, TX, USDAL",LALB,"Yangpu Pt, 46, CNYPG",CNYPG,OOLU,OOCL,MT256104,DRY,2,10/20/2025,12/31/2025,11/5/2025 9:38,669,669,0,0,669,669
USDAL,USLGB,CNYTN,"Dallas, TX, USDAL",LALB,"Yantian Pt, 44, CNYTN",CNYTN,OOLU,OOCL,MT256104,DRY,2,10/20/2025,12/31/2025,11/5/2025 9:38,669,669,159.19,159.19,828.19,828.19
USDAL,USLAX,CNYTN,"Dallas, TX, USDAL",LALB,"Yantian Pt, 44, CNYTN",CNYTN,OOLU,OOCL,MT256104,DRY,2,10/20/2025,12/31/2025,11/5/2025 9:38,669,669,159.19,159.19,828.19,828.19
USDAL,USLAX,CNYTN,"Dallas, TX, USDAL",LALB,"Yantian Pt, 44, CNYTN",CNYTN,YMLU,YML,51625,DRY,1,10/27/2025,12/31/2025,11/5/2025 9:38,700,700,224.8,224.8,924.8,924.8
USDAL,USLAX,CNYTN,"Dallas, TX, USDAL",LALB,"Yantian Pt, 44, CNYTN",CNYTN,YMLU,YML,51625,DRY,1,10/27/2025,12/31/2025,11/5/2025 9:38,1000,1000,224.8,224.8,1224.8,1224.8
USDAL,USLAX,CNYTN,"Dallas, TX, USDAL",LALB,"Yantian Pt, 44, CNYTN",CNYTN,ONEY,ONE,CHIM354B25,DRY,1,10/1/2025,12/31/2025,11/5/2025 9:38,1166,1166,170.85,170.85,1336.85,1336.85
USDAL,USLAX,CNYTN,"Dallas, TX, USDAL",LALB,"Yantian Pt, 44, CNYTN",KRPUS,YMLU,YML,51625,DRY,1,10/27/2025,12/31/2025,11/5/2025 9:38,1180,1180,125.98,125.98,1305.98,1305.98
USDAL,USLAX,CNYTN,"Dallas, TX, USDAL",LALB,"Yantian Pt, 44, CNYTN","YANTIAN, CHINA",EGLV,EMC,SC103574,DRY,,10/1/2025,12/31/2025,11/5/2025 9:38,1300,1300,0,0,1300,1300
USDAL,USLAX,CNYYA,"Dallas, TX, USDAL",LALB,"Yueyang, 50, CNYYA",CNYYA,ONEY,ONE,CHIM354B25,DRY,1,10/1/2025,12/31/2025,11/5/2025 9:38,1426,1426,120.97,120.97,1546.97,1546.97
USDAL,USLAX,CNYYA,"Dallas, TX, USDAL",LALB,"Yueyang, 50, CNYYA",CNSHG,YMLU,YML,51625,DRY,1,10/27/2025,12/31/2025,11/5/2025 9:38,1580,1580,224.8,224.8,1804.8,1804.8
USDAL,USLAX,CNYZH,"Dallas, TX, USDAL",LALB,"Yangzhou Pt, 32, CNYZH",CNSHG,YMLU,YML,51625,DRY,1,10/27/2025,12/31/2025,11/5/2025 9:38,1330,1330,224.8,224.8,1554.8,1554.8
USDAL,USLAX,CNZAP,"Dallas, TX, USDAL",LALB,"Zhapu, 33, CNZAP",CNNBG,YMLU,YML,51625,DRY,1,10/27/2025,12/31/2025,11/5/2025 9:38,1280,1280,224.8,224.8,1504.8,1504.8
USDAL,USLAX,CNZHE,"Dallas, TX, USDAL",LALB,"Zhenjiang Pt, 32, CNZHE",CNSHG,YMLU,YML,51625,DRY,1,10/27/2025,12/31/2025,11/5/2025 9:38,1300,1300,224.8,224.8,1524.8,1524.8
USDAL,USLAX,CNZJG,"Dallas, TX, USDAL",LALB,"Zhangjiagang, 32, CNZJG",CNZJG,ONEY,ONE,CHIM354B25,DRY,1,10/1/2025,12/31/2025,11/5/2025 9:38,1236,1236,116.33,116.33,1352.33,1352.33
USDAL,USLAX,CNZJG,"Dallas, TX, USDAL",LALB,"Zhangjiagang, 32, CNZJG",CNSHG,YMLU,YML,51625,DRY,1,10/27/2025,12/31/2025,11/5/2025 9:38,1330,1330,224.8,224.8,1554.8,1554.8
USDAL,USLAX,CNZSN,"Dallas, TX, USDAL",LALB,"Zhongshan Pt, 44, CNZSN",CNZSN,ONEY,ONE,CHIM354B25,DRY,1,10/1/2025,12/31/2025,11/5/2025 9:38,1341,1341,170.85,170.85,1511.85,1511.85
USDAL,USLAX,CNZUH,"Dallas, TX, USDAL",LALB,"Zhuhai Pt, 44, CNZUH",CNZUH,ONEY,ONE,CHIM354B25,DRY,1,10/1/2025,12/31/2025,11/5/2025 9:38,1806,1806,170.85,170.85,1976.85,1976.85
USDAL,USLAX,COBUN,"Dallas, TX, USDAL",LALB,"Buenaventura, , COBUN",COBUN,ONEY,ONE,CHIM354B25,DRY,1,10/1/2025,12/31/2025,11/5/2025 9:38,2683,2683,141,141,2824,2824
USDAL,USLAX,CRCAL,"Dallas, TX, USDAL",LALB,"Caldera, P, CRCAL",CRCAL,ONEY,ONE,CHIM354B25,DRY,1,10/1/2025,12/31/2025,11/5/2025 9:38,3113,3113,245,245,3358,3358
USDAL,USHOU,DZALG,"Dallas, TX, USDAL","Houston, TX, USHOU","Alger (Algiers), 16, DZALG",DZALG,MAEU,Maersk,300094432,DRY,0,10/16/2025,3/31/2026,11/5/2025 9:38,3242,3242,0,0,3242,3242
USDAL,USLAX,ECGYE,"Dallas, TX, USDAL",LALB,"Guayaquil, G, ECGYE",ECGYE,ONEY,ONE,CHIM354B25,DRY,1,10/1/2025,12/31/2025,11/5/2025 9:38,1668,1668,410,310,2078,1978
USDAL,USSAV,EGALY,"Dallas, TX, USDAL","Savannah, GA, USSAV","Alexandria, , EGALY",EGALY,ONEY,ONE,CHIM354B25,DRY,1,10/1/2025,12/31/2025,11/5/2025 9:38,3786,3786,0,0,3786,3786
USDAL,USSAV,EGDAM,"Dallas, TX, USDAL","Savannah, GA, USSAV","Damietta, , EGDAM",EGDAM,ONEY,ONE,CHIM354B25,DRY,1,10/1/2025,12/31/2025,11/5/2025 9:38,3786,3786,0,0,3786,3786
USDAL,USSAV,ESALG,"Dallas, TX, USDAL","Savannah, GA, USSAV","Algeciras, , ESALG",ESALG,ONEY,ONE,CHIM354B25,DRY,1,10/1/2025,12/31/2025,11/5/2025 9:38,2754,2754,386.41,386.41,3140.41,3140.41
USDAL,USSAV,ESBCN,"Dallas, TX, USDAL","Savannah, GA, USSAV","Barcelona, , ESBCN",ESBCN,ONEY,ONE,CHIM354B25,DRY,1,10/1/2025,12/31/2025,11/5/2025 9:38,3104,3104,416.14,416.14,3520.14,3520.14
USDAL,USSAV,ESVLC,"Dallas, TX, USDAL","Savannah, GA, USSAV","Valencia, , ESVLC",ESVLC,ONEY,ONE,CHIM354B25,DRY,1,10/1/2025,12/31/2025,11/5/2025 9:38,3229,3229,420.75,420.75,3649.75,3649.75
USDAL,USLAX,GTPRQ,"Dallas, TX, USDAL",LALB,"Puerto Quetzal, , GTPRQ",GTPRQ,ONEY,ONE,CHIM354B25,DRY,1,10/1/2025,12/31/2025,11/5/2025 9:38,2288,2288,683,683,2971,2971
USDAL,USLAX,IDBLW,"Dallas, TX, USDAL",LALB,"Belawan, , IDBLW",IDBLW,OOLU,OOCL,MT256104,DRY,2,10/20/2025,12/31/2025,11/5/2025 9:38,1144,1144,145,145,1289,1289
USDAL,USLGB,IDBLW,"Dallas, TX, USDAL",LALB,"Belawan, , IDBLW",IDBLW,OOLU,OOCL,MT256104,DRY,2,10/20/2025,12/31/2025,11/5/2025 9:38,1144,1144,145,145,1289,1289
USDAL,USLAX,IDBLW,"Dallas, TX, USDAL",LALB,"Belawan, , IDBLW",BELAWAN,EGLV,EMC,SC103574,DRY,,10/1/2025,12/31/2025,11/5/2025 9:38,1500,1500,145,145,1645,1645
USDAL,USLAX,IDBLW,"Dallas, TX, USDAL",LALB,"Belawan, , IDBLW",IDBLW,ONEY,ONE,CHIM354B25,DRY,1,10/1/2025,12/31/2025,11/5/2025 9:38,1751,1751,505.63,505.63,2256.63,2256.63
USDAL,USLAX,IDBLW,"Dallas, TX, USDAL",LALB,"Belawan, , IDBLW",SGSIN,YMLU,YML,51625,DRY,1,10/27/2025,12/31/2025,11/5/2025 9:38,1905,1905,268.95,268.95,2173.95,2173.95
USDAL,USLAX,IDBLW,"Dallas, TX, USDAL",LALB,"Belawan, , IDBLW",CNSHG,YMLU,YML,51625,DRY,1,10/27/2025,12/31/2025,11/5/2025 9:38,1905,1905,224.8,224.8,2129.8,2129.8
USDAL,USLAX,IDCKR,"Dallas, TX, USDAL",LALB,"Cikarang, JB, IDCKR",IDCKR,OOLU,OOCL,MT256104,DRY,2,10/20/2025,12/31/2025,11/5/2025 9:38,1344,1344,145,145,1489,1489
USDAL,USLGB,IDCKR,"Dallas, TX, USDAL",LALB,"Cikarang, JB, IDCKR",IDCKR,OOLU,OOCL,MT256104,DRY,2,10/20/2025,12/31/2025,11/5/2025 9:38,1344,1344,145,145,1489,1489
USDAL,USLAX,IDCKR,"Dallas, TX, USDAL",LALB,"Cikarang, JB, IDCKR",IDCKR,ONEY,ONE,CHIM354B25,DRY,1,10/1/2025,12/31/2025,11/5/2025 9:38,2026,2026,505.63,505.63,2531.63,2531.63
USDAL,USLAX,IDJKT,"Dallas, TX, USDAL",LALB,"Jakarta, JK, IDJKT",IDJKT,YMLU,YML,51625,DRY,1,10/27/2025,12/31/2025,11/5/2025 9:38,1000,1000,145,145,1145,1145
USDAL,USLAX,IDJKT,"Dallas, TX, USDAL",LALB,"Jakarta, JK, IDJKT",IDJKT,YMLU,YML,51625,DRY,1,10/27/2025,12/31/2025,11/5/2025 9:38,1000,1000,0,0,1000,1000
USDAL,USLGB,IDJKT,"Dallas, TX, USDAL",LALB,"Jakarta, JK, IDJKT",IDJKT,OOLU,OOCL,MT256104,DRY,2,10/20/2025,12/31/2025,11/5/2025 9:38,1144,1144,145,145,1289,1289
USDAL,USLAX,IDJKT,"Dallas, TX, USDAL",LALB,"Jakarta, JK, IDJKT",IDJKT,OOLU,OOCL,MT256104,DRY,2,10/20/2025,12/31/2025,11/5/2025 9:38,1144,1144,145,145,1289,1289
USDAL,USLAX,IDJKT,"Dallas, TX, USDAL",LALB,"Jakarta, JK, IDJKT",JAKARTA,EGLV,EMC,SC103574,DRY,,10/1/2025,12/31/2025,11/5/2025 9:38,1500,1500,145,145,1645,1645
USDAL,USLAX,IDJKT,"Dallas, TX, USDAL",LALB,"Jakarta, JK, IDJKT",IDJKT,ONEY,ONE,CHIM354B25,DRY,1,10/1/2025,12/31/2025,11/5/2025 9:38,1526,1526,505.63,505.63,2031.63,2031.63
USDAL,USLAX,IDJKT,"Dallas, TX, USDAL",LALB,"Jakarta, JK, IDJKT",CNSHG,YMLU,YML,51625,DRY,1,10/27/2025,12/31/2025,11/5/2025 9:38,1600,1600,224.8,224.8,1824.8,1824.8
USDAL,USLAX,IDJKT,"Dallas, TX, USDAL",LALB,"Jakarta, JK, IDJKT",SGSIN,YMLU,YML,51625,DRY,1,10/27/2025,12/31/2025,11/5/2025 9:38,1600,1600,268.95,268.95,1868.95,1868.95
USDAL,USSAV,IDJKT,"Dallas, TX, USDAL","Savannah, GA, USSAV","Jakarta, JK, IDJKT",IDJKT,ONEY,ONE,CHIM354B25,DRY,1,10/1/2025,12/31/2025,11/5/2025 9:38,2824,2824,505.63,505.63,3329.63,3329.63
USDAL,USLAX,IDPLM,"Dallas, TX, USDAL",LALB,"Palembang, Sumatra, , IDPLM",SGSIN,YMLU,YML,51625,DRY,1,10/27/2025,12/31/2025,11/5/2025 9:38,2050,2050,268.95,268.95,2318.95,2318.95
USDAL,USLGB,IDSRG,"Dallas, TX, USDAL",LALB,"Semarang, JT, IDSRG",IDSRG,OOLU,OOCL,MT256104,DRY,2,10/20/2025,12/31/2025,11/5/2025 9:38,1144,1144,145,145,1289,1289
USDAL,USLAX,IDSRG,"Dallas, TX, USDAL",LALB,"Semarang, JT, IDSRG",IDSRG,OOLU,OOCL,MT256104,DRY,2,10/20/2025,12/31/2025,11/5/2025 9:38,1144,1144,145,145,1289,1289
USDAL,USLAX,IDSRG,"Dallas, TX, USDAL",LALB,"Semarang, JT, IDSRG",SEMARANG,EGLV,EMC,SC103574,DRY,,10/1/2025,12/31/2025,11/5/2025 9:38,1500,1500,145,145,1645,1645
USDAL,USLAX,IDSRG,"Dallas, TX, USDAL",LALB,"Semarang, JT, IDSRG",IDSRG,ONEY,ONE,CHIM354B25,DRY,1,10/1/2025,12/31/2025,11/5/2025 9:38,1526,1526,505.63,505.63,2031.63,2031.63
USDAL,USLAX,IDSRG,"Dallas, TX, USDAL",LALB,"Semarang, JT, IDSRG",SGSIN,YMLU,YML,51625,DRY,1,10/27/2025,12/31/2025,11/5/2025 9:38,1650,1650,268.95,268.95,1918.95,1918.95
USDAL,USSAV,IDSRG,"Dallas, TX, USDAL","Savannah, GA, USSAV","Semarang, JT, IDSRG",IDSRG,ONEY,ONE,CHIM354B25,DRY,1,10/1/2025,12/31/2025,11/5/2025 9:38,2824,2824,505.63,505.63,3329.63,3329.63
USDAL,USLGB,IDSUB,"Dallas, TX, USDAL",LALB,"Surabaya, JI, IDSUB",IDSUB,OOLU,OOCL,MT256104,DRY,2,10/20/2025,12/31/2025,11/5/2025 9:38,1144,1144,145,145,1289,1289
USDAL,USLAX,IDSUB,"Dallas, TX, USDAL",LALB,"Surabaya, JI, IDSUB",IDSUB,OOLU,OOCL,MT256104,DRY,2,10/20/2025,12/31/2025,11/5/2025 9:38,1144,1144,145,145,1289,1289
USDAL,USLAX,IDSUB,"Dallas, TX, USDAL",LALB,"Surabaya, JI, IDSUB",IDSUB,YMLU,YML,51625,DRY,1,10/27/2025,12/31/2025,11/5/2025 9:38,1300,1300,0,0,1300,1300
USDAL,USLAX,IDSUB,"Dallas, TX, USDAL",LALB,"Surabaya, JI, IDSUB",SURABAYA,EGLV,EMC,SC103574,DRY,,10/1/2025,12/31/2025,11/5/2025 9:38,1500,1500,145,145,1645,1645
USDAL,USLAX,IDSUB,"Dallas, TX, USDAL",LALB,"Surabaya, JI, IDSUB",IDSUB,ONEY,ONE,CHIM354B25,DRY,1,10/1/2025,12/31/2025,11/5/2025 9:38,1526,1526,505.63,505.63,2031.63,2031.63
USDAL,USLAX,IDSUB,"Dallas, TX, USDAL",LALB,"Surabaya, JI, IDSUB",SGSIN,YMLU,YML,51625,DRY,1,10/27/2025,12/31/2025,11/5/2025 9:38,1600,1600,268.95,268.95,1868.95,1868.95
USDAL,USLAX,IDSUB,"Dallas, TX, USDAL",LALB,"Surabaya, JI, IDSUB",CNSHG,YMLU,YML,51625,DRY,1,10/27/2025,12/31/2025,11/5/2025 9:38,1600,1600,224.8,224.8,1824.8,1824.8
USDAL,USSAV,IDSUB,"Dallas, TX, USDAL","Savannah, GA, USSAV","Surabaya, JI, IDSUB",IDSUB,ONEY,ONE,CHIM354B25,DRY,1,10/1/2025,12/31/2025,11/5/2025 9:38,2824,2824,505.63,505.63,3329.63,3329.63
USDAL,USLAX,INCCU,"Dallas, TX, USDAL",LALB,"Kolkata (ex Calcutta), WB, INCCU",CNNBG,YMLU,YML,51625,DRY,1,10/27/2025,12/31/2025,11/5/2025 9:38,2650,2650,224.8,224.8,2874.8,2874.8
USDAL,USLAX,INCCU,"Dallas, TX, USDAL",LALB,"Kolkata (ex Calcutta), WB, INCCU",SGSIN,YMLU,YML,51625,DRY,1,10/27/2025,12/31/2025,11/5/2025 9:38,2650,2650,268.95,268.95,2918.95,2918.95
USDAL,USLAX,INCCU,"Dallas, TX, USDAL",LALB,"Kolkata (ex Calcutta), WB, INCCU",CNSHG,YMLU,YML,51625,DRY,1,10/27/2025,12/31/2025,11/5/2025 9:38,2650,2650,224.8,224.8,2874.8,2874.8
USDAL,USLAX,INCCU,"Dallas, TX, USDAL",LALB,"Kolkata (ex Calcutta), WB, INCCU",INCCU,ONEY,ONE,CHIM354B25,DRY,1,10/1/2025,12/31/2025,11/5/2025 9:38,2651,2651,280.64,280.64,2931.64,2931.64
USDAL,USLAX,INCOK,"Dallas, TX, USDAL",LALB,"Cochin, KL, INCOK",INCOK,ONEY,ONE,CHIM354B25,DRY,1,10/1/2025,12/31/2025,11/5/2025 9:38,2651,2651,249.51,249.51,2900.51,2900.51
USDAL,USSAV,INCOK,"Dallas, TX, USDAL","Savannah, GA, USSAV","Cochin, KL, INCOK",INCOK,ONEY,ONE,CHIM354B25,DRY,1,10/1/2025,12/31/2025,11/5/2025 9:38,3574,3574,249.51,249.51,3823.51,3823.51
USDAL,USLGB,INHAL,"Dallas, TX, USDAL",LALB,"Haldia, WB, INHAL",INHAL,OOLU,OOCL,MT256104,DRY,2,10/20/2025,12/31/2025,11/5/2025 9:38,2819,2819,0,0,2819,2819
USDAL,USLAX,INHAL,"Dallas, TX, USDAL",LALB,"Haldia, WB, INHAL",INHAL,OOLU,OOCL,MT256104,DRY,2,10/20/2025,12/31/2025,11/5/2025 9:38,2819,2819,0,0,2819,2819
USDAL,USCHS,INHZA,"Dallas, TX, USDAL","Charleston, SC, USCHS","Hazira Port/Surat, GJ, INHZA",INHZA,ONEY,ONE,CHIM354B25,DRY,1,10/1/2025,12/31/2025,11/5/2025 9:38,3339,3339,262.63,262.63,3601.63,3601.63
USDAL,USLGB,INKOC,"Dallas, TX, USDAL",LALB,"Kochi, , INKOC",INKOC,OOLU,OOCL,MT256104,DRY,2,10/20/2025,12/31/2025,11/5/2025 9:38,2374,2374,270.35,270.35,2644.35,2644.35
USDAL,USLAX,INKOC,"Dallas, TX, USDAL",LALB,"Kochi, , INKOC",INKOC,OOLU,OOCL,MT256104,DRY,2,10/20/2025,12/31/2025,11/5/2025 9:38,2374,2374,270.35,270.35,2644.35,2644.35
USDAL,USLAX,INKOC,"Dallas, TX, USDAL",LALB,"Kochi, , INKOC",KRPUS,YMLU,YML,51625,DRY,1,10/27/2025,12/31/2025,11/5/2025 9:38,3040,3040,125.98,125.98,3165.98,3165.98
USDAL,USLGB,INKTP,"Dallas, TX, USDAL",LALB,"Kattupalli Port, TN, INKTP",INKTP,OOLU,OOCL,MT256104,DRY,2,10/20/2025,12/31/2025,11/5/2025 9:38,1644,1644,0,0,1644,1644
USDAL,USLAX,INKTP,"Dallas, TX, USDAL",LALB,"Kattupalli Port, TN, INKTP",INKTP,OOLU,OOCL,MT256104,DRY,2,10/20/2025,12/31/2025,11/5/2025 9:38,1644,1644,0,0,1644,1644
USDAL,USLAX,INMAA,"Dallas, TX, USDAL",LALB,"Chennai (ex Madras), TN, INMAA",INMAA,ONEY,ONE,CHIM354B25,DRY,1,10/1/2025,12/31/2025,11/5/2025 9:38,2376,2376,227.54,227.54,2603.54,2603.54
USDAL,USLAX,INMAA,"Dallas, TX, USDAL",LALB,"Chennai (ex Madras), TN, INMAA",CNNBG,YMLU,YML,51625,DRY,1,10/27/2025,12/31/2025,11/5/2025 9:38,2400,2400,224.8,224.8,2624.8,2624.8
USDAL,USLAX,INMAA,"Dallas, TX, USDAL",LALB,"Chennai (ex Madras), TN, INMAA",SGSIN,YMLU,YML,51625,DRY,1,10/27/2025,12/31/2025,11/5/2025 9:38,2400,2400,268.95,268.95,2668.95,2668.95
USDAL,USLAX,INMAA,"Dallas, TX, USDAL",LALB,"Chennai (ex Madras), TN, INMAA",CNSHG,YMLU,YML,51625,DRY,1,10/27/2025,12/31/2025,11/5/2025 9:38,2400,2400,224.8,224.8,2624.8,2624.8
USDAL,USSAV,INMAA,"Dallas, TX, USDAL","Savannah, GA, USSAV","Chennai (ex Madras), TN, INMAA",INMAA,ONEY,ONE,CHIM354B25,DRY,1,10/1/2025,12/31/2025,11/5/2025 9:38,3864,3864,227.54,227.54,4091.54,4091.54
USDAL,USSAV,INMUN,"Dallas, TX, USDAL","Savannah, GA, USSAV","Mundra, GJ, INMUN",INMUN,ONEY,ONE,CHIM354B25,DRY,1,10/1/2025,12/31/2025,11/5/2025 9:38,2424,2424,324.41,324.41,2748.41,2748.41
USDAL,USLAX,INMUN,"Dallas, TX, USDAL",LALB,"Mundra, GJ, INMUN",INMUN,ONEY,ONE,CHIM354B25,DRY,1,10/1/2025,12/31/2025,11/5/2025 9:38,2566,2566,324.41,324.41,2890.41,2890.41
USDAL,USCHS,INMUN,"Dallas, TX, USDAL","Charleston, SC, USCHS","Mundra, GJ, INMUN",INMUN,ONEY,ONE,CHIM354B25,DRY,1,10/1/2025,12/31/2025,11/5/2025 9:38,3139,3139,324.41,324.41,3463.41,3463.41
USDAL,USLGB,INNSA,"Dallas, TX, USDAL",LALB,"Nhava Sheva, MH, INNSA",INNSA,OOLU,OOCL,MT256104,DRY,2,10/20/2025,12/31/2025,11/5/2025 9:38,1224,1224,157.7,157.7,1381.7,1381.7
USDAL,USLAX,INNSA,"Dallas, TX, USDAL",LALB,"Nhava Sheva, MH, INNSA",INNSA,OOLU,OOCL,MT256104,DRY,2,10/20/2025,12/31/2025,11/5/2025 9:38,1224,1224,157.7,157.7,1381.7,1381.7
USDAL,USLAX,INNSA,"Dallas, TX, USDAL",LALB,"Nhava Sheva, MH, INNSA",NHAVA SHEVA,EGLV,EMC,SC103574,DRY,,10/1/2025,12/31/2025,11/5/2025 9:38,2050,2050,199.65,199.65,2249.65,2249.65
USDAL,USLAX,INNSA,"Dallas, TX, USDAL",LALB,"Nhava Sheva, MH, INNSA",INNSA,YMLU,YML,51625,DRY,1,10/27/2025,12/31/2025,11/5/2025 9:38,2225,2225,157.7,157.7,2382.7,2382.7
USDAL,USLAX,INNSA,"Dallas, TX, USDAL",LALB,"Nhava Sheva, MH, INNSA",INNSA,ONEY,ONE,CHIM354B25,DRY,1,10/1/2025,12/31/2025,11/5/2025 9:38,2416,2416,290.62,290.62,2706.62,2706.62
USDAL,USSAV,INNSA,"Dallas, TX, USDAL","Savannah, GA, USSAV","Nhava Sheva, MH, INNSA",INNSA,ONEY,ONE,CHIM354B25,DRY,1,10/1/2025,12/31/2025,11/5/2025 9:38,2424,2424,290.62,290.62,2714.62,2714.62
USDAL,USCHS,INNSA,"Dallas, TX, USDAL","Charleston, SC, USCHS","Nhava Sheva, MH, INNSA",INNSA,ONEY,ONE,CHIM354B25,DRY,1,10/1/2025,12/31/2025,11/5/2025 9:38,3139,3139,290.62,290.62,3429.62,3429.62
USDAL,USLAX,INPAV,"Dallas, TX, USDAL",LALB,"Pipavav (Victor) Port, GJ, INPAV",INPAV,ONEY,ONE,CHIM354B25,DRY,1,10/1/2025,12/31/2025,11/5/2025 9:38,1416,1416,279.98,279.98,1695.98,1695.98
USDAL,USLAX,INPAV,"Dallas, TX, USDAL",LALB,"Pipavav (Victor) Port, GJ, INPAV",INPAV,YMLU,YML,51625,DRY,1,10/27/2025,12/31/2025,11/5/2025 9:38,2225,2225,152.07,152.07,2377.07,2377.07
USDAL,USLGB,INRJU,"Dallas, TX, USDAL",LALB,"Rajula, GJ, INRJU",INRJU,OOLU,OOCL,MT256104,DRY,2,10/20/2025,12/31/2025,11/5/2025 9:38,1644,1644,0,0,1644,1644
USDAL,USLAX,INRJU,"Dallas, TX, USDAL",LALB,"Rajula, GJ, INRJU",INRJU,OOLU,OOCL,MT256104,DRY,2,10/20/2025,12/31/2025,11/5/2025 9:38,1644,1644,0,0,1644,1644
USDAL,USLGB,INTUT,"Dallas, TX, USDAL",LALB,"Tuticorin, TN, INTUT",INTUT,OOLU,OOCL,MT256104,DRY,2,10/20/2025,12/31/2025,11/5/2025 9:38,1344,1344,78.85,78.85,1422.85,1422.85
USDAL,USLAX,INTUT,"Dallas, TX, USDAL",LALB,"Tuticorin, TN, INTUT",INTUT,OOLU,OOCL,MT256104,DRY,2,10/20/2025,12/31/2025,11/5/2025 9:38,1344,1344,78.85,78.85,1422.85,1422.85
USDAL,USLAX,INTUT,"Dallas, TX, USDAL",LALB,"Tuticorin, TN, INTUT",INTUT,ONEY,ONE,CHIM354B25,DRY,1,10/1/2025,12/31/2025,11/5/2025 9:38,2651,2651,211.77,211.77,2862.77,2862.77
USDAL,USSAV,INTUT,"Dallas, TX, USDAL","Savannah, GA, USSAV","Tuticorin, TN, INTUT",INTUT,ONEY,ONE,CHIM354B25,DRY,1,10/1/2025,12/31/2025,11/5/2025 9:38,3874,3874,211.77,211.77,4085.77,4085.77
USDAL,USCHS,INTUT,"Dallas, TX, USDAL","Charleston, SC, USCHS","Tuticorin, TN, INTUT",INTUT,ONEY,ONE,CHIM354B25,DRY,1,10/1/2025,12/31/2025,11/5/2025 9:38,4239,4239,211.77,211.77,4450.77,4450.77
USDAL,USSAV,ITSPE,"Dallas, TX, USDAL","Savannah, GA, USSAV","La Spezia, , ITSPE",ITSPE,ONEY,ONE,CHIM354B25,DRY,1,10/1/2025,12/31/2025,11/5/2025 9:38,3014,3014,380.47,380.47,3394.47,3394.47
USDAL,USLAX,JPABU,"Dallas, TX, USDAL",LALB,"Aburatsu, 45, JPABU",KRPUS,YMLU,YML,51625,DRY,1,10/27/2025,12/31/2025,11/5/2025 9:38,2550,2550,125.98,125.98,2675.98,2675.98
USDAL,USLAX,JPAXT,"Dallas, TX, USDAL",LALB,"Akita, 5, JPAXT",KRPUS,YMLU,YML,51625,DRY,1,10/27/2025,12/31/2025,11/5/2025 9:38,2550,2550,125.98,125.98,2675.98,2675.98
USDAL,USLAX,JPFKY,"Dallas, TX, USDAL",LALB,"Fukuyama, Hiroshima, 34, JPFKY",KRPUS,YMLU,YML,51625,DRY,1,10/27/2025,12/31/2025,11/5/2025 9:38,2870,2870,125.98,125.98,2995.98,2995.98
USDAL,USLAX,JPHHE,"Dallas, TX, USDAL",LALB,"Hachinohe, 2, JPHHE",KRPUS,YMLU,YML,51625,DRY,1,10/27/2025,12/31/2025,11/5/2025 9:38,3350,3350,125.98,125.98,3475.98,3475.98
USDAL,USLAX,JPHIJ,"Dallas, TX, USDAL",LALB,"Hiroshima, 34, JPHIJ",JPHIJ,ONEY,ONE,CHIM354B25,DRY,1,10/1/2025,12/31/2025,11/5/2025 9:38,1726,1726,324.73,324.73,2050.73,2050.73
USDAL,USLAX,JPHIJ,"Dallas, TX, USDAL",LALB,"Hiroshima, 34, JPHIJ",KRPUS,YMLU,YML,51625,DRY,1,10/27/2025,12/31/2025,11/5/2025 9:38,2160,2160,125.98,125.98,2285.98,2285.98
USDAL,USLAX,JPHKD,"Dallas, TX, USDAL",LALB,"Hakodate, 1, JPHKD",KRPUS,YMLU,YML,51625,DRY,1,10/27/2025,12/31/2025,11/5/2025 9:38,2800,2800,125.98,125.98,2925.98,2925.98
USDAL,USLAX,JPHMD,"Dallas, TX, USDAL",LALB,"Hamada, 32, JPHMD",KRPUS,YMLU,YML,51625,DRY,1,10/27/2025,12/31/2025,11/5/2025 9:38,3070,3070,125.98,125.98,3195.98,3195.98
USDAL,USLGB,JPHTD,"Dallas, TX, USDAL",LALB,"Hakata, 38, JPHTD",JPHTD,OOLU,OOCL,MT256104,DRY,2,10/20/2025,12/31/2025,11/5/2025 9:38,1524,1524,318.23,318.23,1842.23,1842.23
USDAL,USLAX,JPHTD,"Dallas, TX, USDAL",LALB,"Hakata, 38, JPHTD",JPHTD,OOLU,OOCL,MT256104,DRY,2,10/20/2025,12/31/2025,11/5/2025 9:38,1524,1524,318.23,318.23,1842.23,1842.23
USDAL,USLAX,JPHTD,"Dallas, TX, USDAL",LALB,"Hakata, 38, JPHTD",HAKATA,EGLV,EMC,SC103574,DRY,,10/1/2025,12/31/2025,11/5/2025 9:38,1600,1600,311.74,311.74,1911.74,1911.74
USDAL,USLAX,JPIMB,"Dallas, TX, USDAL",LALB,"Imabari, 38, JPIMB",KRPUS,YMLU,YML,51625,DRY,1,10/27/2025,12/31/2025,11/5/2025 9:38,2610,2610,125.98,125.98,2735.98,2735.98
USDAL,USLAX,JPIMI,"Dallas, TX, USDAL",LALB,"Imari, 41, JPIMI",CNSHG,YMLU,YML,51625,DRY,1,10/27/2025,12/31/2025,11/5/2025 9:38,1970,1970,224.8,224.8,2194.8,2194.8
USDAL,USLAX,JPISI,"Dallas, TX, USDAL",LALB,"Ishikari, 1, JPISI",KRPUS,YMLU,YML,51625,DRY,1,10/27/2025,12/31/2025,11/5/2025 9:38,2930,2930,125.98,125.98,3055.98,3055.98
USDAL,USLAX,JPIWK,"Dallas, TX, USDAL",LALB,"Iwakuni, 35, JPIWK",KRPUS,YMLU,YML,51625,DRY,1,10/27/2025,12/31/2025,11/5/2025 9:38,2810,2810,125.98,125.98,2935.98,2935.98
USDAL,USLAX,JPIYM,"Dallas, TX, USDAL",LALB,"Iyomishima, 38, JPIYM",CNSHG,YMLU,YML,51625,DRY,1,10/27/2025,12/31/2025,11/5/2025 9:38,1800,1800,224.8,224.8,2024.8,2024.8
USDAL,USLAX,JPIYM,"Dallas, TX, USDAL",LALB,"Iyomishima, 38, JPIYM",JPIYM,ONEY,ONE,CHIM354B25,DRY,1,10/1/2025,12/31/2025,11/5/2025 9:38,2001,2001,342.26,342.26,2343.26,2343.26
USDAL,USLAX,JPKCZ,"Dallas, TX, USDAL",LALB,"Kochi, 39, JPKCZ",JPKCZ,ONEY,ONE,CHIM354B25,DRY,1,10/1/2025,12/31/2025,11/5/2025 9:38,2141,2141,342.26,342.26,2483.26,2483.26
USDAL,USLAX,JPKIJ,"Dallas, TX, USDAL",LALB,"Niigata, 15, JPKIJ",JPKIJ,ONEY,ONE,CHIM354B25,DRY,1,10/1/2025,12/31/2025,11/5/2025 9:38,1901,1901,342.26,342.26,2243.26,2243.26
USDAL,USLAX,JPKMJ,"Dallas, TX, USDAL",LALB,"Kumamoto, 43, JPKMJ",KRPUS,YMLU,YML,51625,DRY,1,10/27/2025,12/31/2025,11/5/2025 9:38,2500,2500,125.98,125.98,2625.98,2625.98
USDAL,USLAX,JPKNZ,"Dallas, TX, USDAL",LALB,"Kanazawa, 17, JPKNZ",KRPUS,YMLU,YML,51625,DRY,1,10/27/2025,12/31/2025,11/5/2025 9:38,2740,2740,125.98,125.98,2865.98,2865.98
USDAL,USLAX,JPKST,"Dallas, TX, USDAL",LALB,"Kisakata, 5, JPKST",KRPUS,YMLU,YML,51625,DRY,1,10/27/2025,12/31/2025,11/5/2025 9:38,2930,2930,125.98,125.98,3055.98,3055.98
USDAL,USLAX,JPKUH,"Dallas, TX, USDAL",LALB,"Kushiro, 1, JPKUH",KRPUS,YMLU,YML,51625,DRY,1,10/27/2025,12/31/2025,11/5/2025 9:38,3155,3155,125.98,125.98,3280.98,3280.98
USDAL,USLAX,JPMII,"Dallas, TX, USDAL",LALB,"Miike, Fukuoka, 40, JPMII",KRPUS,YMLU,YML,51625,DRY,1,10/27/2025,12/31/2025,11/5/2025 9:38,2870,2870,125.98,125.98,2995.98,2995.98
USDAL,USLAX,JPMIZ,"Dallas, TX, USDAL",LALB,"Mizushima, 33, JPMIZ",CNNBG,YMLU,YML,51625,DRY,1,10/27/2025,12/31/2025,11/5/2025 9:38,1670,1670,224.8,224.8,1894.8,1894.8
USDAL,USLGB,JPMOJ,"Dallas, TX, USDAL",LALB,"Moji/Kitakyushu, 40, JPMOJ",JPMOJ,OOLU,OOCL,MT256104,DRY,2,10/20/2025,12/31/2025,11/5/2025 9:38,1099,1099,0,0,1099,1099
USDAL,USLAX,JPMOJ,"Dallas, TX, USDAL",LALB,"Moji/Kitakyushu, 40, JPMOJ",JPMOJ,OOLU,OOCL,MT256104,DRY,2,10/20/2025,12/31/2025,11/5/2025 9:38,1099,1099,0,0,1099,1099
USDAL,USLAX,JPMOJ,"Dallas, TX, USDAL",LALB,"Moji/Kitakyushu, 40, JPMOJ",JPMOJ,ONEY,ONE,CHIM354B25,DRY,1,10/1/2025,12/31/2025,11/5/2025 9:38,1601,1601,342.26,342.26,1943.26,1943.26
USDAL,USLAX,JPMYJ,"Dallas, TX, USDAL",LALB,"Matsuyama, 38, JPMYJ",JPMYJ,ONEY,ONE,CHIM354B25,DRY,1,10/1/2025,12/31/2025,11/5/2025 9:38,1871,1871,342.26,342.26,2213.26,2213.26
USDAL,USLAX,JPNAH,"Dallas, TX, USDAL",LALB,"Naha, Okinawa, 47, JPNAH",TWKHH,YMLU,YML,51625,DRY,1,10/27/2025,12/31/2025,11/5/2025 9:38,1830,1830,227.3,227.3,2057.3,2057.3
USDAL,USLAX,JPNAO,"Dallas, TX, USDAL",LALB,"Naoetsu, 15, JPNAO",JPNAO,ONEY,ONE,CHIM354B25,DRY,1,10/1/2025,12/31/2025,11/5/2025 9:38,2211,2211,342.26,342.26,2553.26,2553.26
USDAL,USLAX,JPNAO,"Dallas, TX, USDAL",LALB,"Naoetsu, 15, JPNAO",KRPUS,YMLU,YML,51625,DRY,1,10/27/2025,12/31/2025,11/5/2025 9:38,2950,2950,125.98,125.98,3075.98,3075.98
USDAL,USLAX,JPNGO,"Dallas, TX, USDAL",LALB,"Nagoya, Aichi, 23, JPNGO",JPNGO,YMLU,YML,51625,DRY,1,10/27/2025,12/31/2025,11/5/2025 9:38,800,800,321.48,321.48,1121.48,1121.48
USDAL,USLGB,JPNGO,"Dallas, TX, USDAL",LALB,"Nagoya, Aichi, 23, JPNGO",JPNGO,OOLU,OOCL,MT256104,DRY,2,10/20/2025,12/31/2025,11/5/2025 9:38,869,869,318.23,318.23,1187.23,1187.23
USDAL,USLAX,JPNGO,"Dallas, TX, USDAL",LALB,"Nagoya, Aichi, 23, JPNGO",JPNGO,OOLU,OOCL,MT256104,DRY,2,10/20/2025,12/31/2025,11/5/2025 9:38,869,869,318.23,318.23,1187.23,1187.23
USDAL,USLAX,JPNGO,"Dallas, TX, USDAL",LALB,"Nagoya, Aichi, 23, JPNGO",JPNGO,YMLU,YML,51625,DRY,1,10/27/2025,12/31/2025,11/5/2025 9:38,1000,1000,321.48,321.48,1321.48,1321.48
USDAL,USLAX,JPNGO,"Dallas, TX, USDAL",LALB,"Nagoya, Aichi, 23, JPNGO",JPNGO,ONEY,ONE,CHIM354B25,DRY,1,10/1/2025,12/31/2025,11/5/2025 9:38,1101,1101,342.26,342.26,1443.26,1443.26
USDAL,USLAX,JPNGO,"Dallas, TX, USDAL",LALB,"Nagoya, Aichi, 23, JPNGO",SGSIN,YMLU,YML,51625,DRY,1,10/27/2025,12/31/2025,11/5/2025 9:38,1175,1175,268.95,268.95,1443.95,1443.95
USDAL,USLAX,JPNGO,"Dallas, TX, USDAL",LALB,"Nagoya, Aichi, 23, JPNGO",NAGOYA,EGLV,EMC,SC103574,DRY,,10/1/2025,12/31/2025,11/5/2025 9:38,1600,1600,311.74,311.74,1911.74,1911.74
USDAL,USLAX,JPNKO,"Dallas, TX, USDAL",LALB,"Nanko, 27, JPNKO",JPUKB,YMLU,YML,51625,DRY,1,10/27/2025,12/31/2025,11/5/2025 9:38,1520,1520,321.48,321.48,1841.48,1841.48
USDAL,USLAX,JPOIT,"Dallas, TX, USDAL",LALB,"Oita, 44, JPOIT",KRPUS,YMLU,YML,51625,DRY,1,10/27/2025,12/31/2025,11/5/2025 9:38,2570,2570,125.98,125.98,2695.98,2695.98
USDAL,USLAX,JPONA,"Dallas, TX, USDAL",LALB,"Onahama, 7, JPONA",KRPUS,YMLU,YML,51625,DRY,1,10/27/2025,12/31/2025,11/5/2025 9:38,3090,3090,125.98,125.98,3215.98,3215.98
USDAL,USLAX,JPOSA,"Dallas, TX, USDAL",LALB,"Osaka, 27, JPOSA",JPOSA,OOLU,OOCL,MT256104,DRY,2,10/20/2025,12/31/2025,11/5/2025 9:38,994,994,318.23,318.23,1312.23,1312.23
USDAL,USLGB,JPOSA,"Dallas, TX, USDAL",LALB,"Osaka, 27, JPOSA",JPOSA,OOLU,OOCL,MT256104,DRY,2,10/20/2025,12/31/2025,11/5/2025 9:38,994,994,318.23,318.23,1312.23,1312.23
USDAL,USLAX,JPOSA,"Dallas, TX, USDAL",LALB,"Osaka, 27, JPOSA",JPUKB,YMLU,YML,51625,DRY,1,10/27/2025,12/31/2025,11/5/2025 9:38,1000,1000,321.48,321.48,1321.48,1321.48
USDAL,USLAX,JPOSA,"Dallas, TX, USDAL",LALB,"Osaka, 27, JPOSA",JPUKB,YMLU,YML,51625,DRY,1,10/27/2025,12/31/2025,11/5/2025 9:38,1280,1280,321.48,321.48,1601.48,1601.48
USDAL,USLAX,JPOSA,"Dallas, TX, USDAL",LALB,"Osaka, 27, JPOSA",JPOSA,ONEY,ONE,CHIM354B25,DRY,1,10/1/2025,12/31/2025,11/5/2025 9:38,1296,1296,342.26,342.26,1638.26,1638.26
USDAL,USLAX,JPOSA,"Dallas, TX, USDAL",LALB,"Osaka, 27, JPOSA",OSAKA,EGLV,EMC,SC103574,DRY,,10/1/2025,12/31/2025,11/5/2025 9:38,1600,1600,311.74,311.74,1911.74,1911.74
USDAL,USLAX,JPOTK,"Dallas, TX, USDAL",LALB,"Otake, 34, JPOTK",KRPUS,YMLU,YML,51625,DRY,1,10/27/2025,12/31/2025,11/5/2025 9:38,2950,2950,125.98,125.98,3075.98,3075.98
USDAL,USLAX,JPSBS,"Dallas, TX, USDAL",LALB,"Shibushi, 46, JPSBS",JPSBS,ONEY,ONE,CHIM354B25,DRY,1,10/1/2025,12/31/2025,11/5/2025 9:38,2001,2001,342.26,342.26,2343.26,2343.26
USDAL,USLAX,JPSDJ,"Dallas, TX, USDAL",LALB,"Sendai, Miyagi, 4, JPSDJ",JPSDJ,ONEY,ONE,CHIM354B25,DRY,1,10/1/2025,12/31/2025,11/5/2025 9:38,1931,1931,342.26,342.26,2273.26,2273.26
USDAL,USLAX,JPSDJ,"Dallas, TX, USDAL",LALB,"Sendai, Miyagi, 4, JPSDJ",KRPUS,YMLU,YML,51625,DRY,1,10/27/2025,12/31/2025,11/5/2025 9:38,3100,3100,125.98,125.98,3225.98,3225.98
USDAL,USLAX,JPSEB,"Dallas, TX, USDAL",LALB,"Seibu, 13, JPSEB",JPNGO,YMLU,YML,51625,DRY,1,10/27/2025,12/31/2025,11/5/2025 9:38,1320,1320,321.48,321.48,1641.48,1641.48
USDAL,USLAX,JPSEN,"Dallas, TX, USDAL",LALB,"Satsumasendai, 46, JPSEN",KRPUS,YMLU,YML,51625,DRY,1,10/27/2025,12/31/2025,11/5/2025 9:38,2980,2980,125.98,125.98,3105.98,3105.98
USDAL,USLAX,JPSHS,"Dallas, TX, USDAL",LALB,"Shimonoseki, 35, JPSHS",KRPUS,YMLU,YML,51625,DRY,1,10/27/2025,12/31/2025,11/5/2025 9:38,2820,2820,125.98,125.98,2945.98,2945.98
USDAL,USLAX,JPSMN,"Dallas, TX, USDAL",LALB,"Sakaiminato, 31, JPSMN",JPSMN,ONEY,ONE,CHIM354B25,DRY,1,10/1/2025,12/31/2025,11/5/2025 9:38,2241,2241,0,0,2241,2241
USDAL,USLAX,JPSMZ,"Dallas, TX, USDAL",LALB,"Shimizu, 22, JPSMZ",JPSMZ,YMLU,YML,51625,DRY,1,10/27/2025,12/31/2025,11/5/2025 9:38,800,800,321.48,321.48,1121.48,1121.48
USDAL,USLGB,JPSMZ,"Dallas, TX, USDAL",LALB,"Shimizu, 22, JPSMZ",JPSMZ,OOLU,OOCL,MT256104,DRY,2,10/20/2025,12/31/2025,11/5/2025 9:38,869,869,0,0,869,869
USDAL,USLAX,JPSMZ,"Dallas, TX, USDAL",LALB,"Shimizu, 22, JPSMZ",JPSMZ,OOLU,OOCL,MT256104,DRY,2,10/20/2025,12/31/2025,11/5/2025 9:38,869,869,0,0,869,869
USDAL,USLAX,JPSMZ,"Dallas, TX, USDAL",LALB,"Shimizu, 22, JPSMZ",JPSMZ,YMLU,YML,51625,DRY,1,10/27/2025,12/31/2025,11/5/2025 9:38,1000,1000,321.48,321.48,1321.48,1321.48
USDAL,USLAX,JPSMZ,"Dallas, TX, USDAL",LALB,"Shimizu, 22, JPSMZ",JPSMZ,ONEY,ONE,CHIM354B25,DRY,1,10/1/2025,12/31/2025,11/5/2025 9:38,1101,1101,342.26,342.26,1443.26,1443.26
USDAL,USLAX,JPTAK,"Dallas, TX, USDAL",LALB,"Takamatsu, 37, JPTAK",KRPUS,YMLU,YML,51625,DRY,1,10/27/2025,12/31/2025,11/5/2025 9:38,2870,2870,125.98,125.98,2995.98,2995.98
USDAL,USLAX,JPTHS,"Dallas, TX, USDAL",LALB,"Toyohashi, 23, JPTHS",KRPUS,YMLU,YML,51625,DRY,1,10/27/2025,12/31/2025,11/5/2025 9:38,1960,1960,125.98,125.98,2085.98,2085.98
USDAL,USLAX,JPTKS,"Dallas, TX, USDAL",LALB,"Tokushima, 36, JPTKS",JPTKS,ONEY,ONE,CHIM354B25,DRY,1,10/1/2025,12/31/2025,11/5/2025 9:38,2601,2601,342.26,342.26,2943.26,2943.26
USDAL,USLAX,JPTKS,"Dallas, TX, USDAL",LALB,"Tokushima, 36, JPTKS",KRPUS,YMLU,YML,51625,DRY,1,10/27/2025,12/31/2025,11/5/2025 9:38,2850,2850,125.98,125.98,2975.98,2975.98
USDAL,USLAX,JPTKY,"Dallas, TX, USDAL",LALB,"Tokuyama, 35, JPTKY",KRPUS,YMLU,YML,51625,DRY,1,10/27/2025,12/31/2025,11/5/2025 9:38,2640,2640,125.98,125.98,2765.98,2765.98
USDAL,USLAX,JPTMK,"Dallas, TX, USDAL",LALB,"Tomakomai, 1, JPTMK",JPTMK,ONEY,ONE,CHIM354B25,DRY,1,10/1/2025,12/31/2025,11/5/2025 9:38,2401,2401,342.26,342.26,2743.26,2743.26
USDAL,USLAX,JPTMK,"Dallas, TX, USDAL",LALB,"Tomakomai, 1, JPTMK",KRPUS,YMLU,YML,51625,DRY,1,10/27/2025,12/31/2025,11/5/2025 9:38,2575,2575,125.98,125.98,2700.98,2700.98
USDAL,USLAX,JPTOY,"Dallas, TX, USDAL",LALB,"Toyama, 16, JPTOY",KRPUS,YMLU,YML,51625,DRY,1,10/27/2025,12/31/2025,11/5/2025 9:38,2790,2790,125.98,125.98,2915.98,2915.98
USDAL,USLAX,JPTRG,"Dallas, TX, USDAL",LALB,"Tsuruga, 18, JPTRG",KRPUS,YMLU,YML,51625,DRY,1,10/27/2025,12/31/2025,11/5/2025 9:38,2710,2710,125.98,125.98,2835.98,2835.98
USDAL,USLAX,JPTYO,"Dallas, TX, USDAL",LALB,"Tokyo, 13, JPTYO",JPTYO,YMLU,YML,51625,DRY,1,10/27/2025,12/31/2025,11/5/2025 9:38,800,800,321.48,321.48,1121.48,1121.48
USDAL,USLGB,JPTYO,"Dallas, TX, USDAL",LALB,"Tokyo, 13, JPTYO",JPTYO,OOLU,OOCL,MT256104,DRY,2,10/20/2025,12/31/2025,11/5/2025 9:38,869,869,318.23,318.23,1187.23,1187.23
USDAL,USLAX,JPTYO,"Dallas, TX, USDAL",LALB,"Tokyo, 13, JPTYO",JPTYO,OOLU,OOCL,MT256104,DRY,2,10/20/2025,12/31/2025,11/5/2025 9:38,869,869,318.23,318.23,1187.23,1187.23
USDAL,USLAX,JPTYO,"Dallas, TX, USDAL",LALB,"Tokyo, 13, JPTYO",JPTYO,YMLU,YML,51625,DRY,1,10/27/2025,12/31/2025,11/5/2025 9:38,1000,1000,321.48,321.48,1321.48,1321.48
USDAL,USLAX,JPTYO,"Dallas, TX, USDAL",LALB,"Tokyo, 13, JPTYO",JPTYO,ONEY,ONE,CHIM354B25,DRY,1,10/1/2025,12/31/2025,11/5/2025 9:38,1131,1131,342.26,342.26,1473.26,1473.26
USDAL,USLAX,JPTYO,"Dallas, TX, USDAL",LALB,"Tokyo, 13, JPTYO",SGSIN,YMLU,YML,51625,DRY,1,10/27/2025,12/31/2025,11/5/2025 9:38,1175,1175,268.95,268.95,1443.95,1443.95
USDAL,USLAX,JPUKB,"Dallas, TX, USDAL",LALB,"Kobe, 28, JPUKB",JPUKB,YMLU,YML,51625,DRY,1,10/27/2025,12/31/2025,11/5/2025 9:38,800,800,321.48,321.48,1121.48,1121.48
USDAL,USLAX,JPUKB,"Dallas, TX, USDAL",LALB,"Kobe, 28, JPUKB",JPUKB,OOLU,OOCL,MT256104,DRY,2,10/20/2025,12/31/2025,11/5/2025 9:38,869,869,318.23,318.23,1187.23,1187.23
USDAL,USLGB,JPUKB,"Dallas, TX, USDAL",LALB,"Kobe, 28, JPUKB",JPUKB,OOLU,OOCL,MT256104,DRY,2,10/20/2025,12/31/2025,11/5/2025 9:38,869,869,318.23,318.23,1187.23,1187.23
USDAL,USLAX,JPUKB,"Dallas, TX, USDAL",LALB,"Kobe, 28, JPUKB",JPUKB,YMLU,YML,51625,DRY,1,10/27/2025,12/31/2025,11/5/2025 9:38,1000,1000,321.48,321.48,1321.48,1321.48
USDAL,USLAX,JPUKB,"Dallas, TX, USDAL",LALB,"Kobe, 28, JPUKB",JPUKB,ONEY,ONE,CHIM354B25,DRY,1,10/1/2025,12/31/2025,11/5/2025 9:38,1101,1101,342.26,342.26,1443.26,1443.26
USDAL,USLAX,JPUKB,"Dallas, TX, USDAL",LALB,"Kobe, 28, JPUKB",SGSIN,YMLU,YML,51625,DRY,1,10/27/2025,12/31/2025,11/5/2025 9:38,1175,1175,268.95,268.95,1443.95,1443.95
USDAL,USLAX,JPUKB,"Dallas, TX, USDAL",LALB,"Kobe, 28, JPUKB",KOBE,EGLV,EMC,SC103574,DRY,,10/1/2025,12/31/2025,11/5/2025 9:38,1600,1600,311.74,311.74,1911.74,1911.74
USDAL,USLAX,JPYKK,"Dallas, TX, USDAL",LALB,"Yokkaichi, 24, JPYKK",KRPUS,YMLU,YML,51625,DRY,1,10/27/2025,12/31/2025,11/5/2025 9:38,2900,2900,125.98,125.98,3025.98,3025.98
USDAL,USLAX,JPYOK,"Dallas, TX, USDAL",LALB,"Yokohama, 14, JPYOK",JPYOK,OOLU,OOCL,MT256104,DRY,2,10/20/2025,12/31/2025,11/5/2025 9:38,994,994,318.23,318.23,1312.23,1312.23
USDAL,USLGB,JPYOK,"Dallas, TX, USDAL",LALB,"Yokohama, 14, JPYOK",JPYOK,OOLU,OOCL,MT256104,DRY,2,10/20/2025,12/31/2025,11/5/2025 9:38,994,994,318.23,318.23,1312.23,1312.23
USDAL,USLAX,JPYOK,"Dallas, TX, USDAL",LALB,"Yokohama, 14, JPYOK",JPYOK,ONEY,ONE,CHIM354B25,DRY,1,10/1/2025,12/31/2025,11/5/2025 9:38,1401,1401,342.26,342.26,1743.26,1743.26
USDAL,USLAX,KRDDC,"Dallas, TX, USDAL",LALB,"Dongducheon, 41, KRDDC",KRPUS,YMLU,YML,51625,DRY,1,10/27/2025,12/31/2025,11/5/2025 9:38,1825,1825,125.98,125.98,1950.98,1950.98
USDAL,USLAX,KRINC,"Dallas, TX, USDAL",LALB,"Incheon, 28, KRINC",KRINC,YMLU,YML,51625,DRY,1,10/27/2025,12/31/2025,11/5/2025 9:38,800,800,125.98,125.98,925.98,925.98
USDAL,USLAX,KRINC,"Dallas, TX, USDAL",LALB,"Incheon, 28, KRINC",KRINC,ONEY,ONE,CHIM354B25,DRY,1,10/1/2025,12/31/2025,11/5/2025 9:38,1101,1101,175.39,175.38,1276.39,1276.38
USDAL,USLAX,KRINC,"Dallas, TX, USDAL",LALB,"Incheon, 28, KRINC",KRINC,YMLU,YML,51625,DRY,1,10/27/2025,12/31/2025,11/5/2025 9:38,1125,1125,125.98,125.98,1250.98,1250.98
USDAL,USLAX,KRINC,"Dallas, TX, USDAL",LALB,"Incheon, 28, KRINC",KRKWA,YMLU,YML,51625,DRY,1,10/27/2025,12/31/2025,11/5/2025 9:38,1410,1410,125.98,125.98,1535.98,1535.98
USDAL,USLAX,KRINC,"Dallas, TX, USDAL",LALB,"Incheon, 28, KRINC",KRKWA,YMLU,YML,51625,DRY,1,10/27/2025,12/31/2025,11/5/2025 9:38,1930,1930,125.98,125.98,2055.98,2055.98
USDAL,USLAX,KRINC,"Dallas, TX, USDAL",LALB,"Incheon, 28, KRINC",KRPUS,YMLU,YML,51625,DRY,1,10/27/2025,12/31/2025,11/5/2025 9:38,1930,1930,125.98,125.98,2055.98,2055.98
USDAL,USLAX,KRKAN,"Dallas, TX, USDAL",LALB,"Gwangyang, 46, KRKAN",KRKAN,ONEY,ONE,CHIM354B25,DRY,1,10/1/2025,12/31/2025,11/5/2025 9:38,1326,1326,171.43,171.42,1497.43,1497.42
USDAL,USLAX,KRKWA,"Dallas, TX, USDAL",LALB,"Kwangyang, 49, KRKWA",KRKWA,YMLU,YML,51625,DRY,1,10/27/2025,12/31/2025,11/5/2025 9:38,800,800,125.98,125.98,925.98,925.98
USDAL,USLAX,KRKWA,"Dallas, TX, USDAL",LALB,"Kwangyang, 49, KRKWA",KRKWA,YMLU,YML,51625,DRY,1,10/27/2025,12/31/2025,11/5/2025 9:38,1125,1125,125.98,125.98,1250.98,1250.98
USDAL,USLAX,KRKWA,"Dallas, TX, USDAL",LALB,"Kwangyang, 49, KRKWA",KRPUS,YMLU,YML,51625,DRY,1,10/27/2025,12/31/2025,11/5/2025 9:38,1275,1275,125.98,125.98,1400.98,1400.98
USDAL,USLAX,KRPOC,"Dallas, TX, USDAL",LALB,"Pocheon, 41, KRPOC",KRPUS,YMLU,YML,51625,DRY,1,10/27/2025,12/31/2025,11/5/2025 9:38,1835,1835,125.98,125.98,1960.98,1960.98
USDAL,USLAX,KRPUS,"Dallas, TX, USDAL",LALB,"Busan, 26, KRPUS",KRPUS,OOLU,OOCL,MT256104,DRY,2,10/20/2025,12/31/2025,11/5/2025 9:38,744,744,132.98,132.98,876.98,876.98
USDAL,USLGB,KRPUS,"Dallas, TX, USDAL",LALB,"Busan, 26, KRPUS",KRPUS,OOLU,OOCL,MT256104,DRY,2,10/20/2025,12/31/2025,11/5/2025 9:38,744,744,132.98,132.98,876.98,876.98
USDAL,USLAX,KRPUS,"Dallas, TX, USDAL",LALB,"Busan, 26, KRPUS",KRPUS,YMLU,YML,51625,DRY,1,10/27/2025,12/31/2025,11/5/2025 9:38,800,800,125.98,125.98,925.98,925.98
USDAL,USLAX,KRPUS,"Dallas, TX, USDAL",LALB,"Busan, 26, KRPUS",KRPUS,YMLU,YML,51625,DRY,1,10/27/2025,12/31/2025,11/5/2025 9:38,1000,1000,125.98,125.98,1125.98,1125.98
USDAL,USLAX,KRPUS,"Dallas, TX, USDAL",LALB,"Busan, 26, KRPUS",KRPUS,ONEY,ONE,CHIM354B25,DRY,1,10/1/2025,12/31/2025,11/5/2025 9:38,1041,1041,175.71,175.7,1216.71,1216.7
USDAL,USLAX,KRPUS,"Dallas, TX, USDAL",LALB,"Busan, 26, KRPUS",SGSIN,YMLU,YML,51625,DRY,1,10/27/2025,12/31/2025,11/5/2025 9:38,1320,1320,268.95,268.95,1588.95,1588.95
USDAL,USLAX,KRSEJ,"Dallas, TX, USDAL",LALB,"Seongju-gun, 47, KRSEJ",KRPUS,YMLU,YML,51625,DRY,1,10/27/2025,12/31/2025,11/5/2025 9:38,1500,1500,125.98,125.98,1625.98,1625.98
USDAL,USLAX,KRYSN,"Dallas, TX, USDAL",LALB,"Yangsan, 48, KRYSN",KRPUS,YMLU,YML,51625,DRY,1,10/27/2025,12/31/2025,11/5/2025 9:38,1325,1325,125.98,125.98,1450.98,1450.98
USDAL,USLAX,KRYYU,"Dallas, TX, USDAL",LALB,"Yangju, 41, KRYYU",KRPUS,YMLU,YML,51625,DRY,1,10/27/2025,12/31/2025,11/5/2025 9:38,1905,1905,125.98,125.98,2030.98,2030.98
USDAL,USLAX,LKCMB,"Dallas, TX, USDAL",LALB,"Colombo, , LKCMB",LKCMB,YMLU,YML,51625,DRY,1,10/27/2025,12/31/2025,11/5/2025 9:38,2325,2325,0,0,2325,2325
USDAL,USLAX,LKCMB,"Dallas, TX, USDAL",LALB,"Colombo, , LKCMB",LKCMB,ONEY,ONE,CHIM354B25,DRY,1,10/1/2025,12/31/2025,11/5/2025 9:38,2651,2651,0,0,2651,2651
USDAL,USSAV,LKCMB,"Dallas, TX, USDAL","Savannah, GA, USSAV","Colombo, , LKCMB",LKCMB,ONEY,ONE,CHIM354B25,DRY,1,10/1/2025,12/31/2025,11/5/2025 9:38,2899,2899,0,0,2899,2899
USDAL,USLAX,MXLZC,"Dallas, TX, USDAL",LALB,"Lazaro Cardenas, MIC, MXLZC",MXLZC,ONEY,ONE,CHIM354B25,DRY,1,10/1/2025,12/31/2025,11/5/2025 9:38,2383,2383,250,250,2633,2633
USDAL,USLAX,MXZLO,"Dallas, TX, USDAL",LALB,"Manzanillo, COL, MXZLO",MXZLO,ONEY,ONE,CHIM354B25,DRY,1,10/1/2025,12/31/2025,11/5/2025 9:38,2383,2383,250,250,2633,2633
USDAL,USLAX,MYKCH,"Dallas, TX, USDAL",LALB,"Kuching, Sarawak, , MYKCH",SGSIN,YMLU,YML,51625,DRY,1,10/27/2025,12/31/2025,11/5/2025 9:38,1965,1965,268.95,268.95,2233.95,2233.95
USDAL,USLAX,MYPEN,"Dallas, TX, USDAL",LALB,"Penang, , MYPEN",MYPEN,YMLU,YML,51625,DRY,1,10/27/2025,12/31/2025,11/5/2025 9:38,925,925,192.69,192.69,1117.69,1117.69
USDAL,USLGB,MYPEN,"Dallas, TX, USDAL",LALB,"Penang, , MYPEN",MYPEN,OOLU,OOCL,MT256104,DRY,2,10/20/2025,12/31/2025,11/5/2025 9:38,1288,1288,191.02,202.96,1479.02,1490.96
USDAL,USLAX,MYPEN,"Dallas, TX, USDAL",LALB,"Penang, , MYPEN",MYPEN,OOLU,OOCL,MT256104,DRY,2,10/20/2025,12/31/2025,11/5/2025 9:38,1288,1288,191.02,202.96,1479.02,1490.96
USDAL,USLAX,MYPEN,"Dallas, TX, USDAL",LALB,"Penang, , MYPEN",MYPEN,ONEY,ONE,CHIM354B25,DRY,1,10/1/2025,12/31/2025,11/5/2025 9:38,1451,1451,203.44,203.44,1654.44,1654.44
USDAL,USLAX,MYPEN,"Dallas, TX, USDAL",LALB,"Penang, , MYPEN",SGSIN,YMLU,YML,51625,DRY,1,10/27/2025,12/31/2025,11/5/2025 9:38,1745,1745,268.95,268.95,2013.95,2013.95
USDAL,USLAX,MYPEN,"Dallas, TX, USDAL",LALB,"Penang, , MYPEN",CNSHG,YMLU,YML,51625,DRY,1,10/27/2025,12/31/2025,11/5/2025 9:38,1745,1745,224.8,224.8,1969.8,1969.8
USDAL,USSAV,MYPEN,"Dallas, TX, USDAL","Savannah, GA, USSAV","Penang, , MYPEN",MYPEN,ONEY,ONE,CHIM354B25,DRY,1,10/1/2025,12/31/2025,11/5/2025 9:38,2064,2064,203.44,203.44,2267.44,2267.44
USDAL,USLAX,MYPGU,"Dallas, TX, USDAL",LALB,"Pasir Gudang, Johor, , MYPGU",MYPGU,OOLU,OOCL,MT256104,DRY,2,10/20/2025,12/31/2025,11/5/2025 9:38,1288,1288,162.37,162.37,1450.37,1450.37
USDAL,USLGB,MYPGU,"Dallas, TX, USDAL",LALB,"Pasir Gudang, Johor, , MYPGU",MYPGU,OOLU,OOCL,MT256104,DRY,2,10/20/2025,12/31/2025,11/5/2025 9:38,1288,1288,162.37,162.37,1450.37,1450.37
USDAL,USLAX,MYPGU,"Dallas, TX, USDAL",LALB,"Pasir Gudang, Johor, , MYPGU",MYPGU,ONEY,ONE,CHIM354B25,DRY,1,10/1/2025,12/31/2025,11/5/2025 9:38,1451,1451,180.75,180.75,1631.75,1631.75
USDAL,USLAX,MYPGU,"Dallas, TX, USDAL",LALB,"Pasir Gudang, Johor, , MYPGU",SGSIN,YMLU,YML,51625,DRY,1,10/27/2025,12/31/2025,11/5/2025 9:38,1600,1600,268.95,268.95,1868.95,1868.95
USDAL,USLAX,MYPGU,"Dallas, TX, USDAL",LALB,"Pasir Gudang, Johor, , MYPGU",CNSHG,YMLU,YML,51625,DRY,1,10/27/2025,12/31/2025,11/5/2025 9:38,1600,1600,224.8,224.8,1824.8,1824.8
USDAL,USSAV,MYPGU,"Dallas, TX, USDAL","Savannah, GA, USSAV","Pasir Gudang, Johor, , MYPGU",MYPGU,ONEY,ONE,CHIM354B25,DRY,1,10/1/2025,12/31/2025,11/5/2025 9:38,2064,2064,180.75,180.75,2244.75,2244.75
USDAL,USLAX,MYPKG,"Dallas, TX, USDAL",LALB,"Port Klang, 10, MYPKG",MYPKG,OOLU,OOCL,MT256104,DRY,2,10/20/2025,12/31/2025,11/5/2025 9:38,784,784,280.08,280.08,1064.08,1064.08
USDAL,USLGB,MYPKG,"Dallas, TX, USDAL",LALB,"Port Klang, 10, MYPKG",MYPKG,OOLU,OOCL,MT256104,DRY,2,10/20/2025,12/31/2025,11/5/2025 9:38,784,784,280.08,280.08,1064.08,1064.08
USDAL,USLAX,MYPKG,"Dallas, TX, USDAL",LALB,"Port Klang, 10, MYPKG",MYPKG,YMLU,YML,51625,DRY,1,10/27/2025,12/31/2025,11/5/2025 9:38,925,925,170.73,170.73,1095.73,1095.73
USDAL,USLAX,MYPKG,"Dallas, TX, USDAL",LALB,"Port Klang, 10, MYPKG",CNSHG,YMLU,YML,51625,DRY,1,10/27/2025,12/31/2025,11/5/2025 9:38,1410,1410,224.8,224.8,1634.8,1634.8
USDAL,USLAX,MYPKG,"Dallas, TX, USDAL",LALB,"Port Klang, 10, MYPKG",CNNBG,YMLU,YML,51625,DRY,1,10/27/2025,12/31/2025,11/5/2025 9:38,1410,1410,224.8,224.8,1634.8,1634.8
USDAL,USLAX,MYPKG,"Dallas, TX, USDAL",LALB,"Port Klang, 10, MYPKG",SGSIN,YMLU,YML,51625,DRY,1,10/27/2025,12/31/2025,11/5/2025 9:38,1410,1410,268.95,268.95,1678.95,1678.95
USDAL,USLAX,MYPKG,"Dallas, TX, USDAL",LALB,"Port Klang, 10, MYPKG",MYPKG,ONEY,ONE,CHIM354B25,DRY,1,10/1/2025,12/31/2025,11/5/2025 9:38,1591,1591,179.56,179.56,1770.56,1770.56
USDAL,USLAX,MYPKG,"Dallas, TX, USDAL",LALB,"Port Klang, 10, MYPKG",SGSIN,YMLU,YML,51625,DRY,1,10/27/2025,12/31/2025,11/5/2025 9:38,1600,1600,268.95,268.95,1868.95,1868.95
USDAL,USLAX,MYPKG,"Dallas, TX, USDAL",LALB,"Port Klang, 10, MYPKG",CNSHG,YMLU,YML,51625,DRY,1,10/27/2025,12/31/2025,11/5/2025 9:38,1600,1600,224.8,224.8,1824.8,1824.8
USDAL,USSAV,MYPKG,"Dallas, TX, USDAL","Savannah, GA, USSAV","Port Klang, 10, MYPKG",MYPKG,ONEY,ONE,CHIM354B25,DRY,1,10/1/2025,12/31/2025,11/5/2025 9:38,2064,2064,179.56,179.56,2243.56,2243.56
USDAL,USLAX,PAMIT,"Dallas, TX, USDAL",LALB,"Manzanillo, , PAMIT",PAMIT,ONEY,ONE,CHIM354B25,DRY,1,10/1/2025,12/31/2025,11/5/2025 9:38,2313,2313,317,317,2630,2630
USDAL,USLAX,PAROD,"Dallas, TX, USDAL",LALB,"Rodman, 8, PAROD",PAROD,ONEY,ONE,CHIM354B25,DRY,1,10/1/2025,12/31/2025,11/5/2025 9:38,2513,2513,292,292,2805,2805
USDAL,USLAX,PECLL,"Dallas, TX, USDAL",LALB,"Callao, , PECLL",PECLL,ONEY,ONE,CHIM354B25,DRY,1,10/1/2025,12/31/2025,11/5/2025 9:38,1918,1918,105,105,2023,2023
USDAL,USLAX,PEPAI,"Dallas, TX, USDAL",LALB,"Paita, , PEPAI",PEPAI,ONEY,ONE,CHIM354B25,DRY,1,10/1/2025,12/31/2025,11/5/2025 9:38,2968,2968,105,105,3073,3073
USDAL,USLAX,PHCEB,"Dallas, TX, USDAL",LALB,"Cebu, , PHCEB",PHCEB,OOLU,OOCL,MT256104,DRY,2,10/20/2025,12/31/2025,11/5/2025 9:38,1329,1329,236,236,1565,1565
USDAL,USLGB,PHCEB,"Dallas, TX, USDAL",LALB,"Cebu, , PHCEB",PHCEB,OOLU,OOCL,MT256104,DRY,2,10/20/2025,12/31/2025,11/5/2025 9:38,1329,1329,236,236,1565,1565
USDAL,USLAX,PHCEB,"Dallas, TX, USDAL",LALB,"Cebu, , PHCEB",TWKHH,YMLU,YML,51625,DRY,1,10/27/2025,12/31/2025,11/5/2025 9:38,2380,2380,227.3,227.3,2607.3,2607.3
USDAL,USLAX,PHDVO,"Dallas, TX, USDAL",LALB,"Davao, Mindanao, , PHDVO",DAVAO,EGLV,EMC,SC103574,DRY,,10/1/2025,12/31/2025,11/5/2025 9:38,1350,1350,253,286,1603,1636
USDAL,USLAX,PHDVO,"Dallas, TX, USDAL",LALB,"Davao, Mindanao, , PHDVO",SGSIN,YMLU,YML,51625,DRY,1,10/27/2025,12/31/2025,11/5/2025 9:38,2135,2135,268.95,268.95,2403.95,2403.95
USDAL,USLAX,PHDVO,"Dallas, TX, USDAL",LALB,"Davao, Mindanao, , PHDVO",CNSHG,YMLU,YML,51625,DRY,1,10/27/2025,12/31/2025,11/5/2025 9:38,2135,2135,224.8,224.8,2359.8,2359.8
USDAL,USLAX,PHMNL,"Dallas, TX, USDAL",LALB,"Manila, , PHMNL",PHMNL,OOLU,OOCL,MT256104,DRY,2,10/20/2025,12/31/2025,11/5/2025 9:38,1329,1329,236,236,1565,1565
USDAL,USLGB,PHMNL,"Dallas, TX, USDAL",LALB,"Manila, , PHMNL",PHMNL,OOLU,OOCL,MT256104,DRY,2,10/20/2025,12/31/2025,11/5/2025 9:38,1329,1329,236,236,1565,1565
USDAL,USLAX,PHMNL,"Dallas, TX, USDAL",LALB,"Manila, , PHMNL",PHMNL,ONEY,ONE,CHIM354B25,DRY,1,10/1/2025,12/31/2025,11/5/2025 9:38,1351,1351,265,265,1616,1616
USDAL,USLAX,PHMNL,"Dallas, TX, USDAL",LALB,"Manila, , PHMNL",TWKHH,YMLU,YML,51625,DRY,1,10/27/2025,12/31/2025,11/5/2025 9:38,1500,1500,227.3,227.3,1727.3,1727.3
USDAL,USLAX,PHMNL,"Dallas, TX, USDAL",LALB,"Manila, , PHMNL",MANILA (NORTH PORT),EGLV,EMC,SC103574,DRY,,10/1/2025,12/31/2025,11/5/2025 9:38,1550,1550,230,260,1780,1810
USDAL,USLAX,PHMNS,"Dallas, TX, USDAL",LALB,"Manila South Harbour, , PHMNS",MANILA SOUTH PORT,EGLV,EMC,SC103574,DRY,,10/1/2025,12/31/2025,11/5/2025 9:38,1550,1550,306,336,1856,1886
USDAL,USLAX,PKKHI,"Dallas, TX, USDAL",LALB,"Karachi, SD, PKKHI",KARACHI,EGLV,EMC,SC103574,DRY,,10/1/2025,12/31/2025,11/5/2025 9:38,2000,2000,170,170,2170,2170
USDAL,USLAX,PKKHI,"Dallas, TX, USDAL",LALB,"Karachi, SD, PKKHI",PKKHI,ONEY,ONE,CHIM354B25,DRY,1,10/1/2025,12/31/2025,11/5/2025 9:38,2076,2076,428,428,2504,2504
USDAL,USSAV,PKKHI,"Dallas, TX, USDAL","Savannah, GA, USSAV","Karachi, SD, PKKHI",PKKHI,ONEY,ONE,CHIM354B25,DRY,1,10/1/2025,12/31/2025,11/5/2025 9:38,3734,3734,428,428,4162,4162
USDAL,USLAX,PTLEI,"Dallas, TX, USDAL",LALB,"Leixoes, 13, PTLEI",PTLEI,ONEY,ONE,CHIM354B25,DRY,1,6/10/2025,3/31/2026,11/5/2025 9:38,3385,3385,345.67,345.67,3730.67,3730.67
USDAL,USCHS,PTLEI,"Dallas, TX, USDAL","Charleston, SC, USCHS","Leixoes, 13, PTLEI",PTLEI,ONEY,ONE,CHIM354B25,DRY,1,10/1/2025,12/31/2025,11/5/2025 9:38,3654,3654,345.67,345.67,3999.67,3999.67
USDAL,USSAV,PTLEI,"Dallas, TX, USDAL","Savannah, GA, USSAV","Leixoes, 13, PTLEI",PTLEI,ONEY,ONE,CHIM354B25,DRY,1,10/1/2025,12/31/2025,11/5/2025 9:38,3679,3679,345.67,345.67,4024.67,4024.67
USDAL,USLAX,PTLIS,"Dallas, TX, USDAL",LALB,"Lisboa, 11, PTLIS",PTLIS,ONEY,ONE,CHIM354B25,DRY,1,6/10/2025,3/31/2026,11/5/2025 9:38,3735,3735,345.67,345.67,4080.67,4080.67
USDAL,USSAV,PTLIS,"Dallas, TX, USDAL","Savannah, GA, USSAV","Lisboa, 11, PTLIS",PTLIS,ONEY,ONE,CHIM354B25,DRY,1,10/1/2025,12/31/2025,11/5/2025 9:38,4029,4029,345.67,345.67,4374.67,4374.67
USDAL,USLAX,SGSIN,"Dallas, TX, USDAL",LALB,"Singapore, , SGSIN",SGSIN,YMLU,YML,51625,DRY,1,10/27/2025,12/31/2025,11/5/2025 9:38,800,800,268.95,268.95,1068.95,1068.95
USDAL,USLAX,SGSIN,"Dallas, TX, USDAL",LALB,"Singapore, , SGSIN",SGSIN,OOLU,OOCL,MT256104,DRY,2,10/20/2025,12/31/2025,11/5/2025 4:10,844,844,299.69,299.69,1143.69,1143.69
USDAL,USLGB,SGSIN,"Dallas, TX, USDAL",LALB,"Singapore, , SGSIN",SGSIN,OOLU,OOCL,MT256104,DRY,2,10/20/2025,12/31/2025,11/5/2025 4:10,844,844,299.69,299.69,1143.69,1143.69
USDAL,USLAX,SGSIN,"Dallas, TX, USDAL",LALB,"Singapore, , SGSIN",SGSIN,YMLU,YML,51625,DRY,1,10/27/2025,12/31/2025,11/5/2025 9:38,1000,1000,268.95,268.95,1268.95,1268.95
USDAL,USLAX,SGSIN,"Dallas, TX, USDAL",LALB,"Singapore, , SGSIN",CNSHG,YMLU,YML,51625,DRY,1,10/27/2025,12/31/2025,11/5/2025 9:38,1130,1130,224.8,224.8,1354.8,1354.8
USDAL,USLAX,SGSIN,"Dallas, TX, USDAL",LALB,"Singapore, , SGSIN",CNNBG,YMLU,YML,51625,DRY,1,10/27/2025,12/31/2025,11/5/2025 9:38,1130,1130,224.8,224.8,1354.8,1354.8
USDAL,USLAX,SGSIN,"Dallas, TX, USDAL",LALB,"Singapore, , SGSIN",SGSIN,ONEY,ONE,CHIM354B25,DRY,1,10/1/2025,12/31/2025,11/5/2025 9:38,1266,1266,339.65,339.65,1605.65,1605.65
USDAL,USLAX,THBKK,"Dallas, TX, USDAL",LALB,"Bangkok, , THBKK",THBKK,YMLU,YML,51625,DRY,1,10/27/2025,12/31/2025,11/5/2025 9:38,950,950,135.84,135.84,1085.84,1085.84
USDAL,USLGB,THBKK,"Dallas, TX, USDAL",LALB,"Bangkok, , THBKK",THBKK,OOLU,OOCL,MT256104,DRY,2,10/20/2025,12/31/2025,11/5/2025 9:38,1094,1094,134.3,134.3,1228.3,1228.3
USDAL,USLAX,THBKK,"Dallas, TX, USDAL",LALB,"Bangkok, , THBKK",THBKK,OOLU,OOCL,MT256104,DRY,2,10/20/2025,12/31/2025,11/5/2025 9:38,1094,1094,134.3,134.3,1228.3,1228.3
USDAL,USLAX,THBKK,"Dallas, TX, USDAL",LALB,"Bangkok, , THBKK",CNSHG,YMLU,YML,51625,DRY,1,10/27/2025,12/31/2025,11/5/2025 9:38,1250,1250,224.8,224.8,1474.8,1474.8
USDAL,USLAX,THBKK,"Dallas, TX, USDAL",LALB,"Bangkok, , THBKK",SGSIN,YMLU,YML,51625,DRY,1,10/27/2025,12/31/2025,11/5/2025 9:38,1250,1250,268.95,268.95,1518.95,1518.95
USDAL,USLAX,THBKK,"Dallas, TX, USDAL",LALB,"Bangkok, , THBKK",CNNBG,YMLU,YML,51625,DRY,1,10/27/2025,12/31/2025,11/5/2025 9:38,1250,1250,224.8,224.8,1474.8,1474.8
USDAL,USLAX,THBKK,"Dallas, TX, USDAL",LALB,"Bangkok, , THBKK",THBKK,ONEY,ONE,CHIM354B25,DRY,1,10/1/2025,12/31/2025,11/5/2025 9:38,1491,1491,191.42,191.42,1682.42,1682.42
USDAL,USLAX,THBKK,"Dallas, TX, USDAL",LALB,"Bangkok, , THBKK",BANGKOK,EGLV,EMC,SC103574,DRY,,10/1/2025,12/31/2025,11/5/2025 9:38,1750,1750,132.76,132.76,1882.76,1882.76
USDAL,USLAX,THLCH,"Dallas, TX, USDAL",LALB,"Laem Chabang, 20, THLCH",THLCH,OOLU,OOCL,MT256104,DRY,2,10/20/2025,12/31/2025,11/5/2025 9:38,744,744,134.3,134.3,878.3,878.3
USDAL,USLGB,THLCH,"Dallas, TX, USDAL",LALB,"Laem Chabang, 20, THLCH",THLCH,OOLU,OOCL,MT256104,DRY,2,10/20/2025,12/31/2025,11/5/2025 9:38,744,744,134.3,134.3,878.3,878.3
USDAL,USLAX,THLCH,"Dallas, TX, USDAL",LALB,"Laem Chabang, 20, THLCH",THLCH,YMLU,YML,51625,DRY,1,10/27/2025,12/31/2025,11/5/2025 9:38,1000,1000,135.84,135.84,1135.84,1135.84
USDAL,USLAX,THLCH,"Dallas, TX, USDAL",LALB,"Laem Chabang, 20, THLCH",SGSIN,YMLU,YML,51625,DRY,1,10/27/2025,12/31/2025,11/5/2025 9:38,1170,1170,268.95,268.95,1438.95,1438.95
USDAL,USLAX,THLCH,"Dallas, TX, USDAL",LALB,"Laem Chabang, 20, THLCH",THLCH,ONEY,ONE,CHIM354B25,DRY,1,10/1/2025,12/31/2025,11/5/2025 9:38,1296,1296,251.93,251.93,1547.93,1547.93
USDAL,USLAX,THLCH,"Dallas, TX, USDAL",LALB,"Laem Chabang, 20, THLCH",CNNBG,YMLU,YML,51625,DRY,1,10/27/2025,12/31/2025,11/5/2025 9:38,1320,1320,224.8,224.8,1544.8,1544.8
USDAL,USLAX,THLCH,"Dallas, TX, USDAL",LALB,"Laem Chabang, 20, THLCH",CNSHG,YMLU,YML,51625,DRY,1,10/27/2025,12/31/2025,11/5/2025 9:38,1320,1320,224.8,224.8,1544.8,1544.8
USDAL,USLAX,THLCH,"Dallas, TX, USDAL",LALB,"Laem Chabang, 20, THLCH",LAEM CHABANG,EGLV,EMC,SC103574,DRY,,10/1/2025,12/31/2025,11/5/2025 9:38,1750,1750,132.76,132.76,1882.76,1882.76
USDAL,USLAX,THLKR,"Dallas, TX, USDAL",LALB,"Lat Krabang, 10, THLKR",THLKR,YMLU,YML,51625,DRY,1,10/27/2025,12/31/2025,11/5/2025 9:38,950,950,135.84,135.84,1085.84,1085.84
USDAL,USLAX,THLKR,"Dallas, TX, USDAL",LALB,"Lat Krabang, 10, THLKR",THLKR,OOLU,OOCL,MT256104,DRY,2,10/20/2025,12/31/2025,11/5/2025 9:38,1094,1094,134.3,134.3,1228.3,1228.3
USDAL,USLGB,THLKR,"Dallas, TX, USDAL",LALB,"Lat Krabang, 10, THLKR",THLKR,OOLU,OOCL,MT256104,DRY,2,10/20/2025,12/31/2025,11/5/2025 9:38,1094,1094,134.3,134.3,1228.3,1228.3
USDAL,USLAX,THLKR,"Dallas, TX, USDAL",LALB,"Lat Krabang, 10, THLKR",THLKR,ONEY,ONE,CHIM354B25,DRY,1,10/1/2025,12/31/2025,11/5/2025 9:38,1296,1296,251.93,251.93,1547.93,1547.93
USDAL,USLAX,THSBP,"Dallas, TX, USDAL",LALB,"Siam Bangkok Port, , THSBP",THSBP,YMLU,YML,51625,DRY,1,10/27/2025,12/31/2025,11/5/2025 9:38,1000,1000,135.84,135.84,1135.84,1135.84
USDAL,USLAX,THSGZ,"Dallas, TX, USDAL",LALB,"Songkhla, 90, THSGZ",SGSIN,YMLU,YML,51625,DRY,1,10/27/2025,12/31/2025,11/5/2025 9:38,2120,2120,268.95,268.95,2388.95,2388.95
USDAL,USSAV,TRALI,"Dallas, TX, USDAL","Savannah, GA, USSAV","Aliaga, 35, TRALI",TRALI,ONEY,ONE,CHIM354B25,DRY,1,10/1/2025,12/31/2025,11/5/2025 9:38,2336,2336,400,400,2736,2736
USDAL,USSAV,TRALI,"Dallas, TX, USDAL","Savannah, GA, USSAV","Aliaga, 35, TRALI",TRALI,OOLU,OOCL,MT256104,DRY,2,10/20/2025,12/31/2025,11/5/2025 9:38,3290,3290,377,377,3667,3667
USDAL,USSAV,TRGEB,"Dallas, TX, USDAL","Savannah, GA, USSAV","Gebze, 41, TRGEB",TRGEB,OOLU,OOCL,MT256104,DRY,2,10/20/2025,12/31/2025,11/5/2025 9:38,3440,3440,0,0,3440,3440
USDAL,USSAV,TRGEM,"Dallas, TX, USDAL","Savannah, GA, USSAV","Gemlik, 16, TRGEM",TRGEM,OOLU,OOCL,MT256104,DRY,2,10/20/2025,12/31/2025,11/5/2025 9:38,3440,3440,0,0,3440,3440
USDAL,USSAV,TRISK,"Dallas, TX, USDAL","Savannah, GA, USSAV","Iskenderun, 31, TRISK",TRISK,ONEY,ONE,CHIM354B25,DRY,1,10/1/2025,12/31/2025,11/5/2025 9:38,2336,2336,350,350,2686,2686
USDAL,USSAV,TRISK,"Dallas, TX, USDAL","Savannah, GA, USSAV","Iskenderun, 31, TRISK",TRISK,OOLU,OOCL,MT256104,DRY,2,10/20/2025,12/31/2025,11/5/2025 9:38,3290,3290,275,275,3565,3565
USDAL,USSAV,TRIST,"Dallas, TX, USDAL","Savannah, GA, USSAV","Istanbul, 34, TRIST",TRIST,ONEY,ONE,CHIM354B25,DRY,1,10/1/2025,12/31/2025,11/5/2025 9:38,2336,2336,400,400,2736,2736
USDAL,USSAV,TRIZM,"Dallas, TX, USDAL","Savannah, GA, USSAV","Izmir, 35, TRIZM",TRIZM,OOLU,OOCL,MT256104,DRY,2,10/20/2025,12/31/2025,11/5/2025 9:38,3440,3440,275,275,3715,3715
USDAL,USSAV,TRMER,"Dallas, TX, USDAL","Savannah, GA, USSAV","Mersin, 33, TRMER",TRMER,OOLU,OOCL,MT256104,DRY,2,10/20/2025,12/31/2025,11/5/2025 9:38,3440,3440,272,272,3712,3712
USDAL,USLAX,TWKEL,"Dallas, TX, USDAL",LALB,"Keelung, , TWKEL",TWKEL,YMLU,YML,51625,DRY,1,10/27/2025,12/31/2025,11/5/2025 9:38,800,800,227.3,227.3,1027.3,1027.3
USDAL,USLGB,TWKEL,"Dallas, TX, USDAL",LALB,"Keelung, , TWKEL",TWKEL,OOLU,OOCL,MT256104,DRY,2,10/20/2025,12/31/2025,11/5/2025 9:38,849,849,227.3,255.71,1076.3,1104.71
USDAL,USLAX,TWKEL,"Dallas, TX, USDAL",LALB,"Keelung, , TWKEL",TWKEL,OOLU,OOCL,MT256104,DRY,2,10/20/2025,12/31/2025,11/5/2025 9:38,849,849,227.3,255.71,1076.3,1104.71
USDAL,USLAX,TWKEL,"Dallas, TX, USDAL",LALB,"Keelung, , TWKEL",TWKEL,YMLU,YML,51625,DRY,1,10/27/2025,12/31/2025,11/5/2025 9:38,1000,1000,227.3,227.3,1227.3,1227.3
USDAL,USLAX,TWKEL,"Dallas, TX, USDAL",LALB,"Keelung, , TWKEL",TWKEL,ONEY,ONE,CHIM354B25,DRY,1,10/1/2025,12/31/2025,11/5/2025 9:38,1066,1066,227.3,255.71,1293.3,1321.71
USDAL,USLAX,TWKEL,"Dallas, TX, USDAL",LALB,"Keelung, , TWKEL",TWKHH,YMLU,YML,51625,DRY,1,10/27/2025,12/31/2025,11/5/2025 9:38,1350,1350,227.3,227.3,1577.3,1577.3
USDAL,USLGB,TWKHH,"Dallas, TX, USDAL",LALB,"Kaohsiung, , TWKHH",TWKHH,OOLU,OOCL,MT256104,DRY,2,10/20/2025,12/31/2025,11/5/2025 9:38,744,744,227.3,255.71,971.3,999.71
USDAL,USLAX,TWKHH,"Dallas, TX, USDAL",LALB,"Kaohsiung, , TWKHH",TWKHH,OOLU,OOCL,MT256104,DRY,2,10/20/2025,12/31/2025,11/5/2025 9:38,744,744,227.3,255.71,971.3,999.71
USDAL,USLAX,TWKHH,"Dallas, TX, USDAL",LALB,"Kaohsiung, , TWKHH",TWKHH,YMLU,YML,51625,DRY,1,10/27/2025,12/31/2025,11/5/2025 9:38,800,800,227.3,227.3,1027.3,1027.3
USDAL,USLAX,TWKHH,"Dallas, TX, USDAL",LALB,"Kaohsiung, , TWKHH",TWKHH,YMLU,YML,51625,DRY,1,10/27/2025,12/31/2025,11/5/2025 9:38,1000,1000,227.3,227.3,1227.3,1227.3
USDAL,USLAX,TWKHH,"Dallas, TX, USDAL",LALB,"Kaohsiung, , TWKHH",TWKHH,ONEY,ONE,CHIM354B25,DRY,1,10/1/2025,12/31/2025,11/5/2025 9:38,1066,1066,227.3,255.71,1293.3,1321.71
USDAL,USLAX,TWKHH,"Dallas, TX, USDAL",LALB,"Kaohsiung, , TWKHH",KAOHSIUNG,EGLV,EMC,SC103574,DRY,,10/1/2025,12/31/2025,11/5/2025 9:38,1300,1300,227.3,227.3,1527.3,1527.3
USDAL,USLGB,TWTPE,"Dallas, TX, USDAL",LALB,"Taipei, TPE, TWTPE",TWTPE,OOLU,OOCL,MT256104,DRY,2,10/20/2025,12/31/2025,11/5/2025 9:38,769,769,0,0,769,769
USDAL,USLAX,TWTPE,"Dallas, TX, USDAL",LALB,"Taipei, TPE, TWTPE",TWTPE,OOLU,OOCL,MT256104,DRY,2,10/20/2025,12/31/2025,11/5/2025 9:38,769,769,0,0,769,769
USDAL,USLAX,TWTPE,"Dallas, TX, USDAL",LALB,"Taipei, TPE, TWTPE",TWTPE,ONEY,ONE,CHIM354B25,DRY,1,10/1/2025,12/31/2025,11/5/2025 9:38,1271,1271,227.3,255.71,1498.3,1526.71
USDAL,USLAX,TWTPE,"Dallas, TX, USDAL",LALB,"Taipei, TPE, TWTPE",TAIPEI,EGLV,EMC,SC103574,DRY,,10/1/2025,12/31/2025,11/5/2025 9:38,1500,1500,227.3,227.3,1727.3,1727.3
USDAL,USLAX,TWTXG,"Dallas, TX, USDAL",LALB,"Taichung, , TWTXG",TWTXG,OOLU,OOCL,MT256104,DRY,2,10/20/2025,12/31/2025,11/5/2025 9:38,849,849,227.3,255.71,1076.3,1104.71
USDAL,USLGB,TWTXG,"Dallas, TX, USDAL",LALB,"Taichung, , TWTXG",TWTXG,OOLU,OOCL,MT256104,DRY,2,10/20/2025,12/31/2025,11/5/2025 9:38,849,849,227.3,255.71,1076.3,1104.71
USDAL,USLAX,TWTXG,"Dallas, TX, USDAL",LALB,"Taichung, , TWTXG",TWTXG,YMLU,YML,51625,DRY,1,10/27/2025,12/31/2025,11/5/2025 9:38,900,900,227.3,227.3,1127.3,1127.3
USDAL,USLAX,TWTXG,"Dallas, TX, USDAL",LALB,"Taichung, , TWTXG",TWKHH,YMLU,YML,51625,DRY,1,10/27/2025,12/31/2025,11/5/2025 9:38,1100,1100,227.3,227.3,1327.3,1327.3
USDAL,USLAX,TWTXG,"Dallas, TX, USDAL",LALB,"Taichung, , TWTXG",TWTXG,ONEY,ONE,CHIM354B25,DRY,1,10/1/2025,12/31/2025,11/5/2025 9:38,1156,1156,227.3,255.71,1383.3,1411.71
USDAL,USLAX,TWTYN,"Dallas, TX, USDAL",LALB,"Taoyuan, , TWTYN",TWTYN,YMLU,YML,51625,DRY,1,10/27/2025,12/31/2025,11/5/2025 9:38,900,900,227.3,227.3,1127.3,1127.3
USDAL,USLAX,TWTYN,"Dallas, TX, USDAL",LALB,"Taoyuan, , TWTYN",TWKEL,YMLU,YML,51625,DRY,1,10/27/2025,12/31/2025,11/5/2025 9:38,1100,1100,227.3,227.3,1327.3,1327.3
USDAL,USLAX,TWTYN,"Dallas, TX, USDAL",LALB,"Taoyuan, , TWTYN",TWKHH,YMLU,YML,51625,DRY,1,10/27/2025,12/31/2025,11/5/2025 9:38,1150,1150,227.3,227.3,1377.3,1377.3
USDAL,USLAX,TWTYN,"Dallas, TX, USDAL",LALB,"Taoyuan, , TWTYN",TWKEL,ONEY,ONE,CHIM354B25,DRY,1,10/1/2025,12/31/2025,11/5/2025 9:38,1376,1376,227.3,255.71,1603.3,1631.71
USDAL,USLAX,VNBDG,"Dallas, TX, USDAL",LALB,"Binh Duong Terminal, 39, VNBDG",VNCMT,YMLU,YML,51625,DRY,1,10/27/2025,12/31/2025,11/5/2025 9:38,1180,1180,177.38,177.38,1357.38,1357.38
USDAL,USLAX,VNCLI,"Dallas, TX, USDAL",LALB,"Cat Lai, 65, VNCLI",VNCLI,YMLU,YML,51625,DRY,1,10/27/2025,12/31/2025,11/5/2025 9:38,825,825,177.38,177.38,1002.38,1002.38
USDAL,USLAX,VNCLI,"Dallas, TX, USDAL",LALB,"Cat Lai, 65, VNCLI",TWKHH,YMLU,YML,51625,DRY,1,10/27/2025,12/31/2025,11/5/2025 9:38,1150,1150,227.3,227.3,1377.3,1377.3
USDAL,USLAX,VNCLI,"Dallas, TX, USDAL",LALB,"Cat Lai, 65, VNCLI",VNCMT,YMLU,YML,51625,DRY,1,10/27/2025,12/31/2025,11/5/2025 9:38,1150,1150,177.38,177.38,1327.38,1327.38
USDAL,USLAX,VNCMT,"Dallas, TX, USDAL",LALB,"Cai Mep Terminal, 43, VNCMT",VNCMT,YMLU,YML,51625,DRY,1,10/27/2025,12/31/2025,11/5/2025 9:38,800,800,177.38,177.38,977.38,977.38
USDAL,USLAX,VNCMT,"Dallas, TX, USDAL",LALB,"Cai Mep Terminal, 43, VNCMT",VNCMT,YMLU,YML,51625,DRY,1,10/27/2025,12/31/2025,11/5/2025 9:38,1000,1000,177.38,177.38,1177.38,1177.38
USDAL,USLAX,VNCMT,"Dallas, TX, USDAL",LALB,"Cai Mep Terminal, 43, VNCMT",VNCMT,ONEY,ONE,CHIM354B25,DRY,1,10/1/2025,12/31/2025,11/5/2025 9:38,1116,1116,182.41,182.41,1298.41,1298.41
USDAL,USLAX,VNCMT,"Dallas, TX, USDAL",LALB,"Cai Mep Terminal, 43, VNCMT",SGSIN,YMLU,YML,51625,DRY,1,10/27/2025,12/31/2025,11/5/2025 9:38,1220,1220,268.95,268.95,1488.95,1488.95
USDAL,USLAX,VNDAD,"Dallas, TX, USDAL",LALB,"Da Nang, , VNDAD",VNDAD,YMLU,YML,51625,DRY,1,10/27/2025,12/31/2025,11/5/2025 9:38,1230,1230,177.38,177.38,1407.38,1407.38
USDAL,USLAX,VNDAD,"Dallas, TX, USDAL",LALB,"Da Nang, , VNDAD",VNDAD,ONEY,ONE,CHIM354B25,DRY,1,10/1/2025,12/31/2025,11/5/2025 9:38,1416,1416,182.41,182.41,1598.41,1598.41
USDAL,USLAX,VNDAD,"Dallas, TX, USDAL",LALB,"Da Nang, , VNDAD",DA NANG,EGLV,EMC,SC103574,DRY,,10/1/2025,12/31/2025,11/5/2025 9:38,1500,1500,167.59,167.59,1667.59,1667.59
USDAL,USLAX,VNDAD,"Dallas, TX, USDAL",LALB,"Da Nang, , VNDAD",VNCMT,YMLU,YML,51625,DRY,1,10/27/2025,12/31/2025,11/5/2025 9:38,1530,1530,177.38,177.38,1707.38,1707.38
USDAL,USLAX,VNDAD,"Dallas, TX, USDAL",LALB,"Da Nang, , VNDAD",TWKHH,YMLU,YML,51625,DRY,1,10/27/2025,12/31/2025,11/5/2025 9:38,1530,1530,227.3,227.3,1757.3,1757.3
USDAL,USLAX,VNDNA,"Dallas, TX, USDAL",LALB,"Dong Nai, , VNDNA",VNCMT,YMLU,YML,51625,DRY,1,10/27/2025,12/31/2025,11/5/2025 9:38,1180,1180,177.38,177.38,1357.38,1357.38
USDAL,USLGB,VNHPH,"Dallas, TX, USDAL",LALB,"Haiphong, , VNHPH",VNHPH,OOLU,OOCL,MT256104,DRY,2,10/20/2025,12/31/2025,11/5/2025 9:38,744,744,143,143,887,887
USDAL,USLAX,VNHPH,"Dallas, TX, USDAL",LALB,"Haiphong, , VNHPH",VNHPH,OOLU,OOCL,MT256104,DRY,2,10/20/2025,12/31/2025,11/5/2025 9:38,744,744,143,143,887,887
USDAL,USLAX,VNHPH,"Dallas, TX, USDAL",LALB,"Haiphong, , VNHPH",VNHPH,YMLU,YML,51625,DRY,1,10/27/2025,12/31/2025,11/5/2025 9:38,900,900,177.38,177.38,1077.38,1077.38
USDAL,USLAX,VNHPH,"Dallas, TX, USDAL",LALB,"Haiphong, , VNHPH",VNHPH,ONEY,ONE,CHIM354B25,DRY,1,10/1/2025,12/31/2025,11/5/2025 9:38,1216,1216,182.41,182.41,1398.41,1398.41
USDAL,USLAX,VNHPH,"Dallas, TX, USDAL",LALB,"Haiphong, , VNHPH",HAIPHONG,EGLV,EMC,SC103574,DRY,,10/1/2025,12/31/2025,11/5/2025 9:38,1500,1500,167.59,167.59,1667.59,1667.59
USDAL,USLAX,VNHPH,"Dallas, TX, USDAL",LALB,"Haiphong, , VNHPH",CNSHG,YMLU,YML,51625,DRY,1,10/27/2025,12/31/2025,11/5/2025 9:38,1700,1700,224.8,224.8,1924.8,1924.8
USDAL,USLAX,VNHPH,"Dallas, TX, USDAL",LALB,"Haiphong, , VNHPH",CNNBG,YMLU,YML,51625,DRY,1,10/27/2025,12/31/2025,11/5/2025 9:38,1700,1700,224.8,224.8,1924.8,1924.8
USDAL,USLAX,VNHPH,"Dallas, TX, USDAL",LALB,"Haiphong, , VNHPH",SGSIN,YMLU,YML,51625,DRY,1,10/27/2025,12/31/2025,11/5/2025 9:38,1700,1700,268.95,268.95,1968.95,1968.95
USDAL,USLAX,VNHPH,"Dallas, TX, USDAL",LALB,"Haiphong, , VNHPH",VNCMT,YMLU,YML,51625,DRY,1,10/27/2025,12/31/2025,11/5/2025 9:38,1700,1700,177.38,177.38,1877.38,1877.38
USDAL,USLAX,VNIPH,"Dallas, TX, USDAL",LALB,"Phuoc Long ICD, , VNIPH",VNCMT,YMLU,YML,51625,DRY,1,10/27/2025,12/31/2025,11/5/2025 9:38,1145,1145,177.38,177.38,1322.38,1322.38
USDAL,USLAX,VNNHD,"Dallas, TX, USDAL",LALB,"Nam Hai Dinh Vu Port, HP, VNNHD",VNNHD,YMLU,YML,51625,DRY,1,10/27/2025,12/31/2025,11/5/2025 9:38,800,800,0,0,800,800
USDAL,USLAX,VNSGN,"Dallas, TX, USDAL",LALB,"Ho Chi Minh City, , VNSGN",VNSGN,OOLU,OOCL,MT256104,DRY,2,10/20/2025,12/31/2025,11/5/2025 9:38,769,769,143,143,912,912
USDAL,USLGB,VNSGN,"Dallas, TX, USDAL",LALB,"Ho Chi Minh City, , VNSGN",VNSGN,OOLU,OOCL,MT256104,DRY,2,10/20/2025,12/31/2025,11/5/2025 9:38,769,769,143,143,912,912
USDAL,USLAX,VNSGN,"Dallas, TX, USDAL",LALB,"Ho Chi Minh City, , VNSGN",VNSGN,YMLU,YML,51625,DRY,1,10/27/2025,12/31/2025,11/5/2025 9:38,825,825,177.38,177.38,1002.38,1002.38
USDAL,USLAX,VNSGN,"Dallas, TX, USDAL",LALB,"Ho Chi Minh City, , VNSGN",VNCMT,YMLU,YML,51625,DRY,1,10/27/2025,12/31/2025,11/5/2025 9:38,1080,1080,177.38,177.38,1257.38,1257.38
USDAL,USLAX,VNSGN,"Dallas, TX, USDAL",LALB,"Ho Chi Minh City, , VNSGN",VNSGN,ONEY,ONE,CHIM354B25,DRY,1,10/1/2025,12/31/2025,11/5/2025 9:38,1116,1116,182.41,182.41,1298.41,1298.41
USDAL,USLAX,VNSGN,"Dallas, TX, USDAL",LALB,"Ho Chi Minh City, , VNSGN",HO CHI MINH,EGLV,EMC,SC103574,DRY,,10/1/2025,12/31/2025,11/5/2025 9:38,1500,1500,167.59,167.59,1667.59,1667.59
USDAL,USLAX,VNTOT,"Dallas, TX, USDAL",LALB,"Cai Mep, 43, VNTOT",CAI MEP,EGLV,EMC,SC103574,DRY,,10/1/2025,12/31/2025,11/5/2025 9:38,1500,1500,167.59,167.59,1667.59,1667.59
USDAL,USLAX,VNTTH,"Dallas, TX, USDAL",LALB,"Tan Thanh, 43, VNTTH",VNTTH,OOLU,OOCL,MT256104,DRY,2,10/20/2025,12/31/2025,11/5/2025 9:38,744,744,143,143,887,887
USDAL,USLGB,VNTTH,"Dallas, TX, USDAL",LALB,"Tan Thanh, 43, VNTTH",VNTTH,OOLU,OOCL,MT256104,DRY,2,10/20/2025,12/31/2025,11/5/2025 9:38,744,744,143,143,887,887
USDAL,USSAV,ZACPT,"Dallas, TX, USDAL","Savannah, GA, USSAV","Cape Town, , ZACPT",ZACPT,ONEY,ONE,CHIM354B25,DRY,1,10/1/2025,12/31/2025,11/5/2025 4:10,4920,4920,371.98,371.98,5291.98,5291.98
USDAL,USLAX,ZACPT,"Dallas, TX, USDAL",LALB,"Cape Town, , ZACPT",ZACPT,ONEY,ONE,CHIM354B25,DRY,1,6/10/2025,3/31/2026,11/5/2025 4:10,5560,5560,371.98,371.98,5931.98,5931.98
USDAL,USSAV,ZADUR,"Dallas, TX, USDAL","Savannah, GA, USSAV","Durban, , ZADUR",ZADUR,ONEY,ONE,CHIM354B25,DRY,1,10/1/2025,12/31/2025,11/5/2025 4:10,4920,4920,371.98,371.98,5291.98,5291.98
USDAL,USLAX,ZADUR,"Dallas, TX, USDAL",LALB,"Durban, , ZADUR",ZADUR,ONEY,ONE,CHIM354B25,DRY,1,6/10/2025,3/31/2026,11/5/2025 4:10,5560,5560,371.98,371.98,5931.98,5931.98
USHOU,USHOU,AEJEA,"Houston, TX, USHOU","Houston, TX, USHOU","Jebel Ali, , AEJEA",CNSHG,YMLU,YML,51625,DRY,1,10/27/2025,12/31/2025,11/5/2025 9:38,2490,2490,224.8,224.8,2714.8,2714.8
USHOU,USHOU,AEJEA,"Houston, TX, USHOU","Houston, TX, USHOU","Jebel Ali, , AEJEA",CNNBG,YMLU,YML,51625,DRY,1,10/27/2025,12/31/2025,11/5/2025 9:38,2490,2490,224.8,224.8,2714.8,2714.8
USHOU,USHOU,BDCGP,"Houston, TX, USHOU","Houston, TX, USHOU","Chattogram/Chittagong, , BDCGP",CHATTOGRAM,EGLV,EMC,SC103574,DRY,,10/1/2025,12/31/2025,11/5/2025 9:38,2150,2150,0,0,2150,2150
USHOU,USHOU,BDCGP,"Houston, TX, USHOU","Houston, TX, USHOU","Chattogram/Chittagong, , BDCGP",BDCGP,MAEU,Maersk,300094432,DRY,0,10/16/2025,3/31/2026,11/5/2025 9:38,2947,2947,0,0,2947,2947
USHOU,USLAX,BDCGP,"Houston, TX, USHOU",LALB,"Chattogram/Chittagong, , BDCGP",BDCGP,ONEY,ONE,CHIM354B25,DRY,1,10/1/2025,12/31/2025,11/5/2025 9:38,3601,3601,150,150,3751,3751
USHOU,USHOU,CLARI,"Houston, TX, USHOU","Houston, TX, USHOU","Arica, TA, CLARI",CLARI,ONEY,ONE,CHIM354B25,DRY,1,10/1/2025,12/31/2025,11/5/2025 9:38,2568,2568,150,150,2718,2718
USHOU,USHOU,CLSAI,"Houston, TX, USHOU","Houston, TX, USHOU","San Antonio, VS, CLSAI",CLSAI,ONEY,ONE,CHIM354B25,DRY,1,10/1/2025,12/31/2025,11/5/2025 9:38,1758,1758,150,150,1908,1908
USHOU,USLAX,CLSAI,"Houston, TX, USHOU",LALB,"San Antonio, VS, CLSAI",CLSAI,ONEY,ONE,CHIM354B25,DRY,1,10/1/2025,12/31/2025,11/5/2025 9:38,3368,3368,150,150,3518,3518
USHOU,USHOU,CNAQG,"Houston, TX, USHOU","Houston, TX, USHOU","Anqing Pt, 34, CNAQG",CNAQG,ONEY,ONE,CHIM354B25,DRY,1,10/1/2025,12/31/2025,11/5/2025 9:38,664,664,120.97,120.97,784.97,784.97
USHOU,USHOU,CNAQG,"Houston, TX, USHOU","Houston, TX, USHOU","Anqing Pt, 34, CNAQG",CNSHG,YMLU,YML,51625,DRY,1,10/27/2025,12/31/2025,11/5/2025 9:38,790,790,224.8,224.8,1014.8,1014.8
USHOU,USHOU,CNAQG,"Houston, TX, USHOU","Houston, TX, USHOU","Anqing Pt, 34, CNAQG",CNAQG,MAEU,Maersk,300094432,DRY,0,10/16/2025,3/31/2026,11/5/2025 9:38,1146.73,1146.73,0,0,1146.73,1146.73
USHOU,USHOU,CNBHY,"Houston, TX, USHOU","Houston, TX, USHOU","Beihai Fucheng Apt, 45, CNBHY",CNBHY,MAEU,Maersk,300094432,DRY,0,10/16/2025,3/31/2026,11/5/2025 9:38,1754.05,1754.05,0,0,1754.05,1754.05
USHOU,USHOU,CNCAN,"Houston, TX, USHOU","Houston, TX, USHOU","Guangzhou Baiyun, 44, CNCAN",CNCAN,ONEY,ONE,CHIM354B25,DRY,1,10/1/2025,12/31/2025,11/5/2025 9:38,1064,1064,170.85,170.85,1234.85,1234.85
USHOU,USHOU,CNCGS,"Houston, TX, USHOU","Houston, TX, USHOU","Changshu Pt, 37, CNCGS",CNSHG,YMLU,YML,51625,DRY,1,10/27/2025,12/31/2025,11/5/2025 9:38,780,780,224.8,224.8,1004.8,1004.8
USHOU,USHOU,CNCGU,"Houston, TX, USHOU","Houston, TX, USHOU","Changshu, 32, CNCGU",CNCGU,ONEY,ONE,CHIM354B25,DRY,1,10/1/2025,12/31/2025,11/5/2025 9:38,1014,1014,116.33,116.33,1130.33,1130.33
USHOU,USHOU,CNCHQ,"Houston, TX, USHOU","Houston, TX, USHOU","Chongqing Pt, 50, CNCHQ",CNCHQ,MAEU,Maersk,300094432,DRY,0,10/16/2025,3/31/2026,11/5/2025 9:38,850.73,850.73,0,0,850.73,850.73
USHOU,USHOU,CNCHQ,"Houston, TX, USHOU","Houston, TX, USHOU","Chongqing Pt, 50, CNCHQ",CNSHG,YMLU,YML,51625,DRY,1,10/27/2025,12/31/2025,11/5/2025 9:38,1350,1350,224.8,224.8,1574.8,1574.8
USHOU,USHOU,CNCKG,"Houston, TX, USHOU","Houston, TX, USHOU","Chongqing Jiangbei, 51, CNCKG",CNCKG,ONEY,ONE,CHIM354B25,DRY,1,10/1/2025,12/31/2025,11/5/2025 9:38,1239,1239,116.33,116.33,1355.33,1355.33
USHOU,USLAX,CNCKG,"Houston, TX, USHOU",LALB,"Chongqing Jiangbei, 51, CNCKG",CNCKG,ONEY,ONE,CHIM354B25,DRY,1,10/1/2025,12/31/2025,11/5/2025 9:38,2526,2526,116.33,116.33,2642.33,2642.33
USHOU,USHOU,CNCNA,"Houston, TX, USHOU","Houston, TX, USHOU","Changsha, 44, CNCNA",CNSHG,YMLU,YML,51625,DRY,1,10/27/2025,12/31/2025,11/5/2025 9:38,1395,1395,224.8,224.8,1619.8,1619.8
USHOU,USHOU,CNCZX,"Houston, TX, USHOU","Houston, TX, USHOU","Changzhou Pt, 32, CNCZX",CNSHG,YMLU,YML,51625,DRY,1,10/27/2025,12/31/2025,11/5/2025 9:38,780,780,224.8,224.8,1004.8,1004.8
USHOU,USHOU,CNDAG,"Houston, TX, USHOU","Houston, TX, USHOU","Dalian Pt, 34, CNDAG",CNDAG,MAEU,Maersk,300094432,DRY,0,10/16/2025,3/31/2026,11/5/2025 9:38,788.05,788.05,0,0,788.05,788.05
USHOU,USLAX,CNDAG,"Houston, TX, USHOU",LALB,"Dalian Pt, 34, CNDAG",CNDAG,OOLU,OOCL,MT256104,DRY,2,10/20/2025,12/31/2025,11/5/2025 9:38,1354,1354,159.19,159.19,1513.19,1513.19
USHOU,USLGB,CNDAG,"Houston, TX, USHOU",LALB,"Dalian Pt, 34, CNDAG",CNDAG,OOLU,OOCL,MT256104,DRY,2,10/20/2025,12/31/2025,11/5/2025 9:38,1354,1354,159.19,159.19,1513.19,1513.19
USHOU,USLAX,CNDAG,"Houston, TX, USHOU",LALB,"Dalian Pt, 34, CNDAG",CNQDG,YMLU,YML,51625,DRY,1,10/27/2025,12/31/2025,11/5/2025 9:38,1620,1620,224.8,224.8,1844.8,1844.8
USHOU,USLAX,CNDAG,"Houston, TX, USHOU",LALB,"Dalian Pt, 34, CNDAG",KRPUS,YMLU,YML,51625,DRY,1,10/27/2025,12/31/2025,11/5/2025 9:38,1620,1620,125.98,125.98,1745.98,1745.98
USHOU,USHOU,CNDFG,"Houston, TX, USHOU","Houston, TX, USHOU","Dafeng Pt, 22, CNDFG",CNDFG,MAEU,Maersk,300094432,DRY,0,10/16/2025,3/31/2026,11/5/2025 9:38,795.73,795.73,0,0,795.73,795.73
USHOU,USHOU,CNDFG,"Houston, TX, USHOU","Houston, TX, USHOU","Dafeng Pt, 22, CNDFG",CNSHG,YMLU,YML,51625,DRY,1,10/27/2025,12/31/2025,11/5/2025 9:38,860,860,224.8,224.8,1084.8,1084.8
USHOU,USHOU,CNDOU,"Houston, TX, USHOU","Houston, TX, USHOU","Doumen Pt, 44, CNDOU",CNDOU,ONEY,ONE,CHIM354B25,DRY,1,10/1/2025,12/31/2025,11/5/2025 9:38,964,964,170.85,170.85,1134.85,1134.85
USHOU,USHOU,CNFOC,"Houston, TX, USHOU","Houston, TX, USHOU","Fuzhou Changle, 35, CNFOC",CNFOC,ONEY,ONE,CHIM354B25,DRY,1,10/1/2025,12/31/2025,11/5/2025 9:38,1089,1089,116.19,116.19,1205.19,1205.19
USHOU,USHOU,CNFZG,"Houston, TX, USHOU","Houston, TX, USHOU","Fuzhou Pt, 23, CNFZG",CNFZG,MAEU,Maersk,300094432,DRY,0,10/16/2025,3/31/2026,11/5/2025 9:38,788.05,788.05,0,0,788.05,788.05
USHOU,USHOU,CNFZG,"Houston, TX, USHOU","Houston, TX, USHOU","Fuzhou Pt, 23, CNFZG",CNNBG,YMLU,YML,51625,DRY,1,10/27/2025,12/31/2025,11/5/2025 9:38,950,950,224.8,224.8,1174.8,1174.8
USHOU,USHOU,CNGOM,"Houston, TX, USHOU","Houston, TX, USHOU","Gaoming Pt, 44, CNGOM",CNGOM,MAEU,Maersk,300094432,DRY,0,10/16/2025,3/31/2026,11/5/2025 9:38,924.05,924.05,0,0,924.05,924.05
USHOU,USHOU,CNGON,"Houston, TX, USHOU","Houston, TX, USHOU","Gaolan, 44, CNGON",CNGON,ONEY,ONE,CHIM354B25,DRY,1,10/1/2025,12/31/2025,11/5/2025 9:38,1014,1014,170.85,170.85,1184.85,1184.85
USHOU,USHOU,CNGZG,"Houston, TX, USHOU","Houston, TX, USHOU","Guangzhou Pt, 22, CNGZG",CNGZG,YMLU,YML,51625,DRY,1,10/27/2025,12/31/2025,11/5/2025 9:38,500,500,224.8,224.8,724.8,724.8
USHOU,USHOU,CNHFI,"Houston, TX, USHOU","Houston, TX, USHOU","Hefei, 34, CNHFI",CNSHG,YMLU,YML,51625,DRY,1,10/27/2025,12/31/2025,11/5/2025 9:38,1840,1840,224.8,224.8,2064.8,2064.8
USHOU,USHOU,CNHSI,"Houston, TX, USHOU","Houston, TX, USHOU","Huangshi Pt, 42, CNHSI",CNSHG,YMLU,YML,51625,DRY,1,10/27/2025,12/31/2025,11/5/2025 9:38,920,920,224.8,224.8,1144.8,1144.8
USHOU,USHOU,CNHUA,"Houston, TX, USHOU","Houston, TX, USHOU","Huangpu Pt, 44, CNHUA",CNHUA,YMLU,YML,51625,DRY,1,10/27/2025,12/31/2025,11/5/2025 9:38,500,500,224.8,224.8,724.8,724.8
USHOU,USHOU,CNHUA,"Houston, TX, USHOU","Houston, TX, USHOU","Huangpu Pt, 44, CNHUA",CNHUA,MAEU,Maersk,300094432,DRY,0,10/16/2025,3/31/2026,11/5/2025 9:38,601.05,601.05,0,0,601.05,601.05
USHOU,USHOU,CNHUA,"Houston, TX, USHOU","Houston, TX, USHOU","Huangpu Pt, 44, CNHUA",CNHUA,OOLU,OOCL,MT256104,DRY,2,10/20/2025,12/31/2025,11/5/2025 9:38,624,624,159.19,159.19,783.19,783.19
USHOU,USHOU,CNHUA,"Houston, TX, USHOU","Houston, TX, USHOU","Huangpu Pt, 44, CNHUA",CNHUA,ONEY,ONE,CHIM354B25,DRY,1,10/1/2025,12/31/2025,11/5/2025 9:38,864,864,170.85,170.85,1034.85,1034.85
USHOU,USLAX,CNHUA,"Houston, TX, USHOU",LALB,"Huangpu Pt, 44, CNHUA",CNHUA,OOLU,OOCL,MT256104,DRY,2,10/20/2025,12/31/2025,11/5/2025 9:38,1284,1284,159.19,159.19,1443.19,1443.19
USHOU,USLGB,CNHUA,"Houston, TX, USHOU",LALB,"Huangpu Pt, 44, CNHUA",CNHUA,OOLU,OOCL,MT256104,DRY,2,10/20/2025,12/31/2025,11/5/2025 9:38,1284,1284,159.19,159.19,1443.19,1443.19
USHOU,USLAX,CNHUA,"Houston, TX, USHOU",LALB,"Huangpu Pt, 44, CNHUA",CNHUA,ONEY,ONE,CHIM354B25,DRY,1,10/1/2025,12/31/2025,11/5/2025 9:38,2226,2226,170.85,170.85,2396.85,2396.85
USHOU,USHOU,CNHZH,"Houston, TX, USHOU","Houston, TX, USHOU","Huzhou Pt, 33, CNHZH",CNSHG,YMLU,YML,51625,DRY,1,10/27/2025,12/31/2025,11/5/2025 9:38,715,715,224.8,224.8,939.8,939.8
USHOU,USHOU,CNJIA,"Houston, TX, USHOU","Houston, TX, USHOU","Jiangyin Pt, 32, CNJIA",CNSHG,YMLU,YML,51625,DRY,1,10/27/2025,12/31/2025,11/5/2025 9:38,780,780,224.8,224.8,1004.8,1004.8
USHOU,USHOU,CNJIA,"Houston, TX, USHOU","Houston, TX, USHOU","Jiangyin Pt, 32, CNJIA",CNJIA,MAEU,Maersk,300094432,DRY,0,10/16/2025,3/31/2026,11/5/2025 9:38,1026.73,1026.73,0,0,1026.73,1026.73
USHOU,USHOU,CNJIU,"Houston, TX, USHOU","Houston, TX, USHOU","Jiujiang Pt, 36, CNJIU",CNSHG,YMLU,YML,51625,DRY,1,10/27/2025,12/31/2025,11/5/2025 9:38,910,910,224.8,224.8,1134.8,1134.8
USHOU,USHOU,CNJIU,"Houston, TX, USHOU","Houston, TX, USHOU","Jiujiang Pt, 36, CNJIU",CNJIU,MAEU,Maersk,300094432,DRY,0,10/16/2025,3/31/2026,11/5/2025 9:38,1834.78,1834.78,0,0,1834.78,1834.78
USHOU,USHOU,CNJMN,"Houston, TX, USHOU","Houston, TX, USHOU","Jiangmen Pt, 44, CNJMN",CNJMN,MAEU,Maersk,300094432,DRY,0,10/16/2025,3/31/2026,11/5/2025 9:38,894.05,894.05,0,0,894.05,894.05
USHOU,USLAX,CNJNZ,"Houston, TX, USHOU",LALB,"Jinzhou Pt, 21, CNJNZ",KRPUS,YMLU,YML,51625,DRY,1,10/27/2025,12/31/2025,11/5/2025 9:38,2120,2120,125.98,125.98,2245.98,2245.98
USHOU,USHOU,CNJZK,"Houston, TX, USHOU","Houston, TX, USHOU","Jingzhou Pt, 42, CNJZK",CNSHG,YMLU,YML,51625,DRY,1,10/27/2025,12/31/2025,11/5/2025 9:38,930,930,224.8,224.8,1154.8,1154.8
USHOU,USHOU,CNKHN,"Houston, TX, USHOU","Houston, TX, USHOU","Nanchang Changbei, 36, CNKHN",CNSHG,YMLU,YML,51625,DRY,1,10/27/2025,12/31/2025,11/5/2025 9:38,990,990,224.8,224.8,1214.8,1214.8
USHOU,USHOU,CNKPN,"Houston, TX, USHOU","Houston, TX, USHOU","Kaiping, 13, CNKPN",CNKPN,OOLU,OOCL,MT256104,DRY,2,10/20/2025,12/31/2025,11/5/2025 9:38,717,717,0,0,717,717
USHOU,USLAX,CNKPN,"Houston, TX, USHOU",LALB,"Kaiping, 13, CNKPN",CNKPN,OOLU,OOCL,MT256104,DRY,2,10/20/2025,12/31/2025,11/5/2025 9:38,1314,1314,0,0,1314,1314
USHOU,USLGB,CNKPN,"Houston, TX, USHOU",LALB,"Kaiping, 13, CNKPN",CNKPN,OOLU,OOCL,MT256104,DRY,2,10/20/2025,12/31/2025,11/5/2025 9:38,1314,1314,0,0,1314,1314
USHOU,USHOU,CNKUS,"Houston, TX, USHOU","Houston, TX, USHOU","Kunshan, 32, CNKUS",CNSHG,YMLU,YML,51625,DRY,1,10/27/2025,12/31/2025,11/5/2025 9:38,940,940,224.8,224.8,1164.8,1164.8
USHOU,USHOU,CNLYG,"Houston, TX, USHOU","Houston, TX, USHOU","Lianyungang, 32, CNLYG",CNLYG,MAEU,Maersk,300094432,DRY,0,10/16/2025,3/31/2026,11/5/2025 9:38,551.05,551.05,0,0,551.05,551.05
USHOU,USHOU,CNLYG,"Houston, TX, USHOU","Houston, TX, USHOU","Lianyungang, 32, CNLYG",CNLYG,ONEY,ONE,CHIM354B25,DRY,1,10/1/2025,12/31/2025,11/5/2025 9:38,864,864,117.04,117.04,981.04,981.04
USHOU,USHOU,CNLYG,"Houston, TX, USHOU","Houston, TX, USHOU","Lianyungang, 32, CNLYG",CNNBG,YMLU,YML,51625,DRY,1,10/27/2025,12/31/2025,11/5/2025 9:38,865,865,224.8,224.8,1089.8,1089.8
USHOU,USHOU,CNLYG,"Houston, TX, USHOU","Houston, TX, USHOU","Lianyungang, 32, CNLYG",CNSHG,YMLU,YML,51625,DRY,1,10/27/2025,12/31/2025,11/5/2025 9:38,865,865,224.8,224.8,1089.8,1089.8
USHOU,USLAX,CNLYG,"Houston, TX, USHOU",LALB,"Lianyungang, 32, CNLYG",CNLYG,OOLU,OOCL,MT256104,DRY,2,10/20/2025,12/31/2025,11/5/2025 9:38,1974,1974,159.19,159.19,2133.19,2133.19
USHOU,USLGB,CNLYG,"Houston, TX, USHOU",LALB,"Lianyungang, 32, CNLYG",CNLYG,OOLU,OOCL,MT256104,DRY,2,10/20/2025,12/31/2025,11/5/2025 9:38,1974,1974,159.19,159.19,2133.19,2133.19
USHOU,USLAX,CNLYG,"Houston, TX, USHOU",LALB,"Lianyungang, 32, CNLYG",CNLYG,ONEY,ONE,CHIM354B25,DRY,1,10/1/2025,12/31/2025,11/5/2025 9:38,2101,2101,117.04,117.04,2218.04,2218.04
USHOU,USHOU,CNLZU,"Houston, TX, USHOU","Houston, TX, USHOU","Luzhou, 51, CNLZU",CNSHG,YMLU,YML,51625,DRY,1,10/27/2025,12/31/2025,11/5/2025 9:38,1390,1390,224.8,224.8,1614.8,1614.8
USHOU,USHOU,CNMAA,"Houston, TX, USHOU","Houston, TX, USHOU","Maanshan Pt, 34, CNMAA",CNSHG,YMLU,YML,51625,DRY,1,10/27/2025,12/31/2025,11/5/2025 9:38,790,790,224.8,224.8,1014.8,1014.8
USHOU,USHOU,CNMAA,"Houston, TX, USHOU","Houston, TX, USHOU","Maanshan Pt, 34, CNMAA",CNMAA,MAEU,Maersk,300094432,DRY,0,10/16/2025,3/31/2026,11/5/2025 9:38,1036.73,1036.73,0,0,1036.73,1036.73
USHOU,USHOU,CNNBG,"Houston, TX, USHOU","Houston, TX, USHOU","Ningbo Pt, 33, CNNBG",CNNBG,YMLU,YML,51625,DRY,1,10/27/2025,12/31/2025,11/5/2025 9:38,300,300,224.8,224.8,524.8,524.8
USHOU,USHOU,CNNBG,"Houston, TX, USHOU","Houston, TX, USHOU","Ningbo Pt, 33, CNNBG",CNNBG,OOLU,OOCL,MT256104,DRY,2,10/20/2025,12/31/2025,11/5/2025 9:38,397,397,160.87,160.87,557.87,557.87
USHOU,USHOU,CNNBG,"Houston, TX, USHOU","Houston, TX, USHOU","Ningbo Pt, 33, CNNBG",CNNBG,YMLU,YML,51625,DRY,1,10/27/2025,12/31/2025,11/5/2025 9:38,450,450,224.8,224.8,674.8,674.8
USHOU,USHOU,CNNBG,"Houston, TX, USHOU","Houston, TX, USHOU","Ningbo Pt, 33, CNNBG",CNNBG,MAEU,Maersk,300094432,DRY,0,10/16/2025,3/31/2026,11/5/2025 9:38,501.05,501.05,0,0,501.05,501.05
USHOU,USHOU,CNNBG,"Houston, TX, USHOU","Houston, TX, USHOU","Ningbo Pt, 33, CNNBG",CNNBG,ONEY,ONE,CHIM354B25,DRY,1,10/1/2025,12/31/2025,11/5/2025 9:38,614,614,120.69,120.69,734.69,734.69
USHOU,USHOU,CNNBG,"Houston, TX, USHOU","Houston, TX, USHOU","Ningbo Pt, 33, CNNBG","NINGBO, CHINA",EGLV,EMC,SC103574,DRY,,10/1/2025,12/31/2025,11/5/2025 9:38,800,800,0,0,800,800
USHOU,USLAX,CNNBG,"Houston, TX, USHOU",LALB,"Ningbo Pt, 33, CNNBG",CNNBG,OOLU,OOCL,MT256104,DRY,2,10/20/2025,12/31/2025,11/5/2025 9:38,994,994,160.87,160.87,1154.87,1154.87
USHOU,USLGB,CNNBG,"Houston, TX, USHOU",LALB,"Ningbo Pt, 33, CNNBG",CNNBG,OOLU,OOCL,MT256104,DRY,2,10/20/2025,12/31/2025,11/5/2025 9:38,994,994,160.87,160.87,1154.87,1154.87
USHOU,USLAX,CNNBG,"Houston, TX, USHOU",LALB,"Ningbo Pt, 33, CNNBG",KRPUS,YMLU,YML,51625,DRY,1,10/27/2025,12/31/2025,11/5/2025 9:38,1320,1320,125.98,125.98,1445.98,1445.98
USHOU,USLAX,CNNBG,"Houston, TX, USHOU",LALB,"Ningbo Pt, 33, CNNBG",SGSIN,YMLU,YML,51625,DRY,1,10/27/2025,12/31/2025,11/5/2025 9:38,1360,1360,268.95,268.95,1628.95,1628.95
USHOU,USLAX,CNNBG,"Houston, TX, USHOU",LALB,"Ningbo Pt, 33, CNNBG",CNNBG,ONEY,ONE,CHIM354B25,DRY,1,10/1/2025,12/31/2025,11/5/2025 9:38,1976,1976,120.69,120.69,2096.69,2096.69
USHOU,USHOU,CNNJG,"Houston, TX, USHOU","Houston, TX, USHOU","Nanjing Pt, 35, CNNJG",CNSHG,YMLU,YML,51625,DRY,1,10/27/2025,12/31/2025,11/5/2025 9:38,780,780,224.8,224.8,1004.8,1004.8
USHOU,USHOU,CNNJG,"Houston, TX, USHOU","Houston, TX, USHOU","Nanjing Pt, 35, CNNJG",CNNJG,MAEU,Maersk,300094432,DRY,0,10/16/2025,3/31/2026,11/5/2025 9:38,1036.73,1036.73,0,0,1036.73,1036.73
USHOU,USHOU,CNNJP,"Houston, TX, USHOU","Houston, TX, USHOU","Nanjing Pt, 32, CNNJP",CNSHG,YMLU,YML,51625,DRY,1,10/27/2025,12/31/2025,11/5/2025 9:38,780,780,224.8,224.8,1004.8,1004.8
USHOU,USHOU,CNNKG,"Houston, TX, USHOU","Houston, TX, USHOU","Nanjing Lukou, 32, CNNKG",CNSHG,YMLU,YML,51625,DRY,1,10/27/2025,12/31/2025,11/5/2025 9:38,780,780,224.8,224.8,1004.8,1004.8
USHOU,USHOU,CNNKG,"Houston, TX, USHOU","Houston, TX, USHOU","Nanjing Lukou, 32, CNNKG",CNNKG,ONEY,ONE,CHIM354B25,DRY,1,10/1/2025,12/31/2025,11/5/2025 9:38,899,899,116.33,116.33,1015.33,1015.33
USHOU,USHOU,CNNSA,"Houston, TX, USHOU","Houston, TX, USHOU","Nansha Pt, 44, CNNSA",CNNSA,OOLU,OOCL,MT256104,DRY,2,10/20/2025,12/31/2025,11/5/2025 9:38,484,484,159.19,159.19,643.19,643.19
USHOU,USHOU,CNNSA,"Houston, TX, USHOU","Houston, TX, USHOU","Nansha Pt, 44, CNNSA",CNNSA,YMLU,YML,51625,DRY,1,10/27/2025,12/31/2025,11/5/2025 9:38,650,650,224.8,224.8,874.8,874.8
USHOU,USHOU,CNNSA,"Houston, TX, USHOU","Houston, TX, USHOU","Nansha Pt, 44, CNNSA",CNNSA,ONEY,ONE,CHIM354B25,DRY,1,10/1/2025,12/31/2025,11/5/2025 9:38,939,939,170.85,170.85,1109.85,1109.85
USHOU,USLAX,CNNSA,"Houston, TX, USHOU",LALB,"Nansha Pt, 44, CNNSA",CNNSA,OOLU,OOCL,MT256104,DRY,2,10/20/2025,12/31/2025,11/5/2025 9:38,1244,1244,159.19,159.19,1403.19,1403.19
USHOU,USLGB,CNNSA,"Houston, TX, USHOU",LALB,"Nansha Pt, 44, CNNSA",CNNSA,OOLU,OOCL,MT256104,DRY,2,10/20/2025,12/31/2025,11/5/2025 9:38,1244,1244,159.19,159.19,1403.19,1403.19
USHOU,USHOU,CNNTG,"Houston, TX, USHOU","Houston, TX, USHOU","Nantong Pt, 32, CNNTG",CNNTG,MAEU,Maersk,300094432,DRY,0,10/16/2025,3/31/2026,11/5/2025 9:38,650.73,650.73,0,0,650.73,650.73
USHOU,USHOU,CNNTG,"Houston, TX, USHOU","Houston, TX, USHOU","Nantong Pt, 32, CNNTG",CNSHG,YMLU,YML,51625,DRY,1,10/27/2025,12/31/2025,11/5/2025 9:38,780,780,224.8,224.8,1004.8,1004.8
USHOU,USHOU,CNNTG,"Houston, TX, USHOU","Houston, TX, USHOU","Nantong Pt, 32, CNNTG",CNNTG,ONEY,ONE,CHIM354B25,DRY,1,10/1/2025,12/31/2025,11/5/2025 9:38,1074,1074,116.33,116.33,1190.33,1190.33
USHOU,USLAX,CNNTG,"Houston, TX, USHOU",LALB,"Nantong Pt, 32, CNNTG",CNNTG,ONEY,ONE,CHIM354B25,DRY,1,10/1/2025,12/31/2025,11/5/2025 9:38,2226,2226,116.33,116.33,2342.33,2342.33
USHOU,USLAX,CNPUT,"Houston, TX, USHOU",LALB,"Putian, 35, CNPUT",CNXMG,YMLU,YML,51625,DRY,1,10/27/2025,12/31/2025,11/5/2025 9:38,1410,1410,224.8,224.8,1634.8,1634.8
USHOU,USHOU,CNQDG,"Houston, TX, USHOU","Houston, TX, USHOU","Qingdao Pt, 32, CNQDG",CNQDG,MAEU,Maersk,300094432,DRY,0,10/16/2025,3/31/2026,11/5/2025 9:38,521.05,521.05,0,0,521.05,521.05
USHOU,USHOU,CNQDG,"Houston, TX, USHOU","Houston, TX, USHOU","Qingdao Pt, 32, CNQDG",CNQDG,ONEY,ONE,CHIM354B25,DRY,1,10/1/2025,12/31/2025,11/5/2025 9:38,719,719,117.04,117.04,836.04,836.04
USHOU,USHOU,CNQDG,"Houston, TX, USHOU","Houston, TX, USHOU","Qingdao Pt, 32, CNQDG","QINGDAO, CHINA",EGLV,EMC,SC103574,DRY,,10/1/2025,12/31/2025,11/5/2025 9:38,800,800,0,0,800,800
USHOU,USLGB,CNQDG,"Houston, TX, USHOU",LALB,"Qingdao Pt, 32, CNQDG",CNQDG,OOLU,OOCL,MT256104,DRY,2,10/20/2025,12/31/2025,11/5/2025 9:38,994,994,190.8,190.8,1184.8,1184.8
USHOU,USLAX,CNQDG,"Houston, TX, USHOU",LALB,"Qingdao Pt, 32, CNQDG",CNQDG,OOLU,OOCL,MT256104,DRY,2,10/20/2025,12/31/2025,11/5/2025 9:38,994,994,190.8,190.8,1184.8,1184.8
USHOU,USLAX,CNQDG,"Houston, TX, USHOU",LALB,"Qingdao Pt, 32, CNQDG",CNQDG,YMLU,YML,51625,DRY,1,10/27/2025,12/31/2025,11/5/2025 9:38,1100,1100,224.8,224.8,1324.8,1324.8
USHOU,USLAX,CNQDG,"Houston, TX, USHOU",LALB,"Qingdao Pt, 32, CNQDG",KRPUS,YMLU,YML,51625,DRY,1,10/27/2025,12/31/2025,11/5/2025 9:38,1430,1430,125.98,125.98,1555.98,1555.98
USHOU,USLAX,CNQDG,"Houston, TX, USHOU",LALB,"Qingdao Pt, 32, CNQDG",SGSIN,YMLU,YML,51625,DRY,1,10/27/2025,12/31/2025,11/5/2025 9:38,1475,1475,268.95,268.95,1743.95,1743.95
USHOU,USLAX,CNQDG,"Houston, TX, USHOU",LALB,"Qingdao Pt, 32, CNQDG",CNQDG,ONEY,ONE,CHIM354B25,DRY,1,10/1/2025,12/31/2025,11/5/2025 9:38,1976,1976,117.04,117.04,2093.04,2093.04
USHOU,USHOU,CNQZH,"Houston, TX, USHOU","Houston, TX, USHOU","Qinzhou Pt, 45, CNQZH",CNQZH,MAEU,Maersk,300094432,DRY,0,10/16/2025,3/31/2026,11/5/2025 9:38,988.05,988.05,0,0,988.05,988.05
USHOU,USHOU,CNRUG,"Houston, TX, USHOU","Houston, TX, USHOU","Rugao Pt, 32, CNRUG",CNRUG,MAEU,Maersk,300094432,DRY,0,10/16/2025,3/31/2026,11/5/2025 9:38,650.73,650.73,0,0,650.73,650.73
USHOU,USLAX,CNRZH,"Houston, TX, USHOU",LALB,"Rizhao Pt, 37, CNRZH",CNQDG,YMLU,YML,51625,DRY,1,10/27/2025,12/31/2025,11/5/2025 9:38,1380,1380,224.8,224.8,1604.8,1604.8
USHOU,USHOU,CNSBU,"Houston, TX, USHOU","Houston, TX, USHOU","Sanbu Pt, 44, CNSBU",CNSBU,OOLU,OOCL,MT256104,DRY,2,10/20/2025,12/31/2025,11/5/2025 9:38,717,717,0,0,717,717
USHOU,USHOU,CNSBU,"Houston, TX, USHOU","Houston, TX, USHOU","Sanbu Pt, 44, CNSBU",CNSBU,ONEY,ONE,CHIM354B25,DRY,1,10/1/2025,12/31/2025,11/5/2025 9:38,1174,1174,170.85,170.85,1344.85,1344.85
USHOU,USLGB,CNSBU,"Houston, TX, USHOU",LALB,"Sanbu Pt, 44, CNSBU",CNSBU,OOLU,OOCL,MT256104,DRY,2,10/20/2025,12/31/2025,11/5/2025 9:38,1314,1314,0,0,1314,1314
USHOU,USLAX,CNSBU,"Houston, TX, USHOU",LALB,"Sanbu Pt, 44, CNSBU",CNSBU,OOLU,OOCL,MT256104,DRY,2,10/20/2025,12/31/2025,11/5/2025 9:38,1314,1314,0,0,1314,1314
USHOU,USHOU,CNSHG,"Houston, TX, USHOU","Houston, TX, USHOU","Shanghai Pt, 44, CNSHG",CNSHG,YMLU,YML,51625,DRY,1,10/27/2025,12/31/2025,11/5/2025 9:38,300,300,224.8,224.8,524.8,524.8
USHOU,USHOU,CNSHG,"Houston, TX, USHOU","Houston, TX, USHOU","Shanghai Pt, 44, CNSHG",CNSHG,OOLU,OOCL,MT256104,DRY,2,10/20/2025,12/31/2025,11/5/2025 9:38,397,397,160.87,160.87,557.87,557.87
USHOU,USHOU,CNSHG,"Houston, TX, USHOU","Houston, TX, USHOU","Shanghai Pt, 44, CNSHG",CNSHG,YMLU,YML,51625,DRY,1,10/27/2025,12/31/2025,11/5/2025 9:38,450,450,224.8,224.8,674.8,674.8
USHOU,USHOU,CNSHG,"Houston, TX, USHOU","Houston, TX, USHOU","Shanghai Pt, 44, CNSHG",CNSHG,ONEY,ONE,CHIM354B25,DRY,1,10/1/2025,12/31/2025,11/5/2025 9:38,614,614,116.33,116.33,730.33,730.33
USHOU,USHOU,CNSHG,"Houston, TX, USHOU","Houston, TX, USHOU","Shanghai Pt, 44, CNSHG",CNSHG,MAEU,Maersk,300094432,DRY,0,10/16/2025,3/31/2026,11/5/2025 9:38,658.05,658.05,0,0,658.05,658.05
USHOU,USHOU,CNSHG,"Houston, TX, USHOU","Houston, TX, USHOU","Shanghai Pt, 44, CNSHG",SHANGHAI,EGLV,EMC,SC103574,DRY,,10/1/2025,12/31/2025,11/5/2025 9:38,800,800,0,0,800,800
USHOU,USLAX,CNSHG,"Houston, TX, USHOU",LALB,"Shanghai Pt, 44, CNSHG",CNSHG,OOLU,OOCL,MT256104,DRY,2,10/20/2025,12/31/2025,11/5/2025 9:38,994,994,160.87,160.87,1154.87,1154.87
USHOU,USLGB,CNSHG,"Houston, TX, USHOU",LALB,"Shanghai Pt, 44, CNSHG",CNSHG,OOLU,OOCL,MT256104,DRY,2,10/20/2025,12/31/2025,11/5/2025 9:38,994,994,160.87,160.87,1154.87,1154.87
USHOU,USLAX,CNSHG,"Houston, TX, USHOU",LALB,"Shanghai Pt, 44, CNSHG",SGSIN,YMLU,YML,51625,DRY,1,10/27/2025,12/31/2025,11/5/2025 9:38,1360,1360,268.95,268.95,1628.95,1628.95
USHOU,USLAX,CNSHG,"Houston, TX, USHOU",LALB,"Shanghai Pt, 44, CNSHG",CNSHG,ONEY,ONE,CHIM354B25,DRY,1,10/1/2025,12/31/2025,11/5/2025 9:38,1976,1976,116.33,116.33,2092.33,2092.33
USHOU,USHOU,CNSHK,"Houston, TX, USHOU","Houston, TX, USHOU","Shekou Pt, 44, CNSHK",CNSHK,OOLU,OOCL,MT256104,DRY,2,10/20/2025,12/31/2025,11/5/2025 9:38,397,397,0,0,397,397
USHOU,USHOU,CNSHK,"Houston, TX, USHOU","Houston, TX, USHOU","Shekou Pt, 44, CNSHK",CNSHK,ONEY,ONE,CHIM354B25,DRY,1,10/1/2025,12/31/2025,11/5/2025 9:38,989,989,170.85,170.85,1159.85,1159.85
USHOU,USLAX,CNSHK,"Houston, TX, USHOU",LALB,"Shekou Pt, 44, CNSHK",CNSHK,YMLU,YML,51625,DRY,1,10/27/2025,12/31/2025,11/5/2025 9:38,1100,1100,224.8,224.8,1324.8,1324.8
USHOU,USLAX,CNSHK,"Houston, TX, USHOU",LALB,"Shekou Pt, 44, CNSHK",SGSIN,YMLU,YML,51625,DRY,1,10/27/2025,12/31/2025,11/5/2025 9:38,1305,1305,268.95,268.95,1573.95,1573.95
USHOU,USLGB,CNSHK,"Houston, TX, USHOU",LALB,"Shekou Pt, 44, CNSHK",CNSHK,OOLU,OOCL,MT256104,DRY,2,10/20/2025,12/31/2025,11/5/2025 9:38,1724,1724,0,0,1724,1724
USHOU,USLAX,CNSHK,"Houston, TX, USHOU",LALB,"Shekou Pt, 44, CNSHK",CNSHK,OOLU,OOCL,MT256104,DRY,2,10/20/2025,12/31/2025,11/5/2025 9:38,1724,1724,0,0,1724,1724
USHOU,USLAX,CNSHP,"Houston, TX, USHOU",LALB,"Qinhuangdao Pt, 13, CNSHP",CNTXG,YMLU,YML,51625,DRY,1,10/27/2025,12/31/2025,11/5/2025 9:38,1520,1520,224.8,224.8,1744.8,1744.8
USHOU,USHOU,CNSZG,"Houston, TX, USHOU","Houston, TX, USHOU","Suzhou Pt, 32, CNSZG",CNSHG,YMLU,YML,51625,DRY,1,10/27/2025,12/31/2025,11/5/2025 9:38,940,940,224.8,224.8,1164.8,1164.8
USHOU,USHOU,CNTAC,"Houston, TX, USHOU","Houston, TX, USHOU","Taicang Pt, 32, CNTAC",CNSHG,YMLU,YML,51625,DRY,1,10/27/2025,12/31/2025,11/5/2025 9:38,550,550,224.8,224.8,774.8,774.8
USHOU,USHOU,CNTAC,"Houston, TX, USHOU","Houston, TX, USHOU","Taicang Pt, 32, CNTAC",CNTAC,MAEU,Maersk,300094432,DRY,0,10/16/2025,3/31/2026,11/5/2025 9:38,941.73,941.73,0,0,941.73,941.73
USHOU,USHOU,CNTAG,"Houston, TX, USHOU","Houston, TX, USHOU","Taicang, 32, CNTAG",CNSHG,YMLU,YML,51625,DRY,1,10/27/2025,12/31/2025,11/5/2025 9:38,550,550,224.8,224.8,774.8,774.8
USHOU,USHOU,CNTAG,"Houston, TX, USHOU","Houston, TX, USHOU","Taicang, 32, CNTAG",CNTAG,MAEU,Maersk,300094432,DRY,0,10/16/2025,3/31/2026,11/5/2025 9:38,941.73,941.73,0,0,941.73,941.73
USHOU,USHOU,CNTAZ,"Houston, TX, USHOU","Houston, TX, USHOU","Taizhou Pt, 33, CNTAZ",CNSHG,YMLU,YML,51625,DRY,1,10/27/2025,12/31/2025,11/5/2025 9:38,780,780,224.8,224.8,1004.8,1004.8
USHOU,USHOU,CNTOL,"Houston, TX, USHOU","Houston, TX, USHOU","Tongling Pt, 34, CNTOL",CNSHG,YMLU,YML,51625,DRY,1,10/27/2025,12/31/2025,11/5/2025 9:38,820,820,224.8,224.8,1044.8,1044.8
USHOU,USHOU,CNTXG,"Houston, TX, USHOU","Houston, TX, USHOU","Tianjin Xingang Pt, 12, CNTXG",CNTXG,MAEU,Maersk,300094432,DRY,0,10/16/2025,3/31/2026,11/5/2025 9:38,501.05,501.05,0,0,501.05,501.05
USHOU,USHOU,CNTXG,"Houston, TX, USHOU","Houston, TX, USHOU","Tianjin Xingang Pt, 12, CNTXG",CNTXG,ONEY,ONE,CHIM354B25,DRY,1,10/1/2025,12/31/2025,11/5/2025 9:38,664,664,114.37,114.37,778.37,778.37
USHOU,USHOU,CNTXG,"Houston, TX, USHOU","Houston, TX, USHOU","Tianjin Xingang Pt, 12, CNTXG",TWKHH,YMLU,YML,51625,DRY,1,10/27/2025,12/31/2025,11/5/2025 9:38,835,835,227.3,227.3,1062.3,1062.3
USHOU,USLAX,CNTXG,"Houston, TX, USHOU",LALB,"Tianjin Xingang Pt, 12, CNTXG",CNTXG,YMLU,YML,51625,DRY,1,10/27/2025,12/31/2025,11/5/2025 9:38,1100,1100,224.8,224.8,1324.8,1324.8
USHOU,USLAX,CNTXG,"Houston, TX, USHOU",LALB,"Tianjin Xingang Pt, 12, CNTXG",CNTXG,OOLU,OOCL,MT256104,DRY,2,10/20/2025,12/31/2025,11/5/2025 9:38,1244,1244,159.19,159.19,1403.19,1403.19
USHOU,USLGB,CNTXG,"Houston, TX, USHOU",LALB,"Tianjin Xingang Pt, 12, CNTXG",CNTXG,OOLU,OOCL,MT256104,DRY,2,10/20/2025,12/31/2025,11/5/2025 9:38,1244,1244,159.19,159.19,1403.19,1403.19
USHOU,USLAX,CNTXG,"Houston, TX, USHOU",LALB,"Tianjin Xingang Pt, 12, CNTXG",KRPUS,YMLU,YML,51625,DRY,1,10/27/2025,12/31/2025,11/5/2025 9:38,1450,1450,125.98,125.98,1575.98,1575.98
USHOU,USLAX,CNTXG,"Houston, TX, USHOU",LALB,"Tianjin Xingang Pt, 12, CNTXG",CNTXG,ONEY,ONE,CHIM354B25,DRY,1,10/1/2025,12/31/2025,11/5/2025 9:38,2101,2101,114.37,114.37,2215.37,2215.37
USHOU,USLAX,CNWEI,"Houston, TX, USHOU",LALB,"Weihai, 37, CNWEI",CNQDG,YMLU,YML,51625,DRY,1,10/27/2025,12/31/2025,11/5/2025 9:38,1510,1510,224.8,224.8,1734.8,1734.8
USHOU,USHOU,CNWHG,"Houston, TX, USHOU","Houston, TX, USHOU","Wuhan Pt, 42, CNWHG",CNWHG,MAEU,Maersk,300094432,DRY,0,10/16/2025,3/31/2026,11/5/2025 9:38,650.73,650.73,0,0,650.73,650.73
USHOU,USHOU,CNWHG,"Houston, TX, USHOU","Houston, TX, USHOU","Wuhan Pt, 42, CNWHG",CNSHG,YMLU,YML,51625,DRY,1,10/27/2025,12/31/2025,11/5/2025 9:38,920,920,224.8,224.8,1144.8,1144.8
USHOU,USHOU,CNWHI,"Houston, TX, USHOU","Houston, TX, USHOU","Wuhu Pt, 34, CNWHI",CNSHG,YMLU,YML,51625,DRY,1,10/27/2025,12/31/2025,11/5/2025 9:38,780,780,224.8,224.8,1004.8,1004.8
USHOU,USHOU,CNWJA,"Houston, TX, USHOU","Houston, TX, USHOU","Wujiang, 32, CNWJA",CNSHG,YMLU,YML,51625,DRY,1,10/27/2025,12/31/2025,11/5/2025 9:38,960,960,224.8,224.8,1184.8,1184.8
USHOU,USHOU,CNWNZ,"Houston, TX, USHOU","Houston, TX, USHOU","Wenzhou Longwan, 33, CNWNZ",CNSHG,YMLU,YML,51625,DRY,1,10/27/2025,12/31/2025,11/5/2025 9:38,820,820,224.8,224.8,1044.8,1044.8
USHOU,USHOU,CNWNZ,"Houston, TX, USHOU","Houston, TX, USHOU","Wenzhou Longwan, 33, CNWNZ",CNNBG,YMLU,YML,51625,DRY,1,10/27/2025,12/31/2025,11/5/2025 9:38,820,820,224.8,224.8,1044.8,1044.8
USHOU,USHOU,CNWUH,"Houston, TX, USHOU","Houston, TX, USHOU","Wuhan Tianhe, 42, CNWUH",CNWUH,ONEY,ONE,CHIM354B25,DRY,1,10/1/2025,12/31/2025,11/5/2025 9:38,1049,1049,116.33,116.33,1165.33,1165.33
USHOU,USLAX,CNWUH,"Houston, TX, USHOU",LALB,"Wuhan Tianhe, 42, CNWUH",CNWUH,ONEY,ONE,CHIM354B25,DRY,1,10/1/2025,12/31/2025,11/5/2025 9:38,2351,2351,116.33,116.33,2467.33,2467.33
USHOU,USHOU,CNWUZ,"Houston, TX, USHOU","Houston, TX, USHOU","Wuzhou Pt, 45, CNWUZ",CNWUZ,ONEY,ONE,CHIM354B25,DRY,1,10/1/2025,12/31/2025,11/5/2025 9:38,939,939,170.85,170.85,1109.85,1109.85
USHOU,USHOU,CNXIA,"Houston, TX, USHOU","Houston, TX, USHOU","Xian, 33, CNXIA",CNSHG,YMLU,YML,51625,DRY,1,10/27/2025,12/31/2025,11/5/2025 9:38,2725,2725,224.8,224.8,2949.8,2949.8
USHOU,USHOU,CNXIN,"Houston, TX, USHOU","Houston, TX, USHOU","Xinhui Pt, 44, CNXIN",CNXIN,MAEU,Maersk,300094432,DRY,0,10/16/2025,3/31/2026,11/5/2025 9:38,924.05,924.05,0,0,924.05,924.05
USHOU,USHOU,CNXMG,"Houston, TX, USHOU","Houston, TX, USHOU","Xiamen Pt, 35, CNXMG",CNXMG,OOLU,OOCL,MT256104,DRY,2,10/20/2025,12/31/2025,11/5/2025 9:38,397,397,159.19,159.19,556.19,556.19
USHOU,USHOU,CNXMG,"Houston, TX, USHOU","Houston, TX, USHOU","Xiamen Pt, 35, CNXMG",CNXMG,MAEU,Maersk,300094432,DRY,0,10/16/2025,3/31/2026,11/5/2025 9:38,501.05,501.05,0,0,501.05,501.05
USHOU,USHOU,CNXMG,"Houston, TX, USHOU","Houston, TX, USHOU","Xiamen Pt, 35, CNXMG",CNXMG,ONEY,ONE,CHIM354B25,DRY,1,10/1/2025,12/31/2025,11/5/2025 9:38,979,979,114.37,114.37,1093.37,1093.37
USHOU,USLAX,CNXMG,"Houston, TX, USHOU",LALB,"Xiamen Pt, 35, CNXMG",CNXMG,OOLU,OOCL,MT256104,DRY,2,10/20/2025,12/31/2025,11/5/2025 9:38,994,994,159.19,159.19,1153.19,1153.19
USHOU,USLGB,CNXMG,"Houston, TX, USHOU",LALB,"Xiamen Pt, 35, CNXMG",CNXMG,OOLU,OOCL,MT256104,DRY,2,10/20/2025,12/31/2025,11/5/2025 9:38,994,994,159.19,159.19,1153.19,1153.19
USHOU,USHOU,CNXMG,"Houston, TX, USHOU","Houston, TX, USHOU","Xiamen Pt, 35, CNXMG","XIAMEN, CHINA",EGLV,EMC,SC103574,DRY,,10/1/2025,12/31/2025,11/5/2025 9:38,1000,1000,0,0,1000,1000
USHOU,USLAX,CNXMG,"Houston, TX, USHOU",LALB,"Xiamen Pt, 35, CNXMG",CNXMG,YMLU,YML,51625,DRY,1,10/27/2025,12/31/2025,11/5/2025 9:38,1100,1100,224.8,224.8,1324.8,1324.8
USHOU,USLAX,CNXMG,"Houston, TX, USHOU",LALB,"Xiamen Pt, 35, CNXMG",CNXMG,ONEY,ONE,CHIM354B25,DRY,1,10/1/2025,12/31/2025,11/5/2025 9:38,2551,2551,114.37,114.37,2665.37,2665.37
USHOU,USLAX,CNXNJ,"Houston, TX, USHOU",LALB,"Xinji, 13, CNXNJ",CNTXG,YMLU,YML,51625,DRY,1,10/27/2025,12/31/2025,11/5/2025 9:38,1770,1770,224.8,224.8,1994.8,1994.8
USHOU,USHOU,CNYBN,"Houston, TX, USHOU","Houston, TX, USHOU","Yibin, 51, CNYBN",CNSHG,YMLU,YML,51625,DRY,1,10/27/2025,12/31/2025,11/5/2025 9:38,1450,1450,224.8,224.8,1674.8,1674.8
USHOU,USHOU,CNYIC,"Houston, TX, USHOU","Houston, TX, USHOU","Yichang, 42, CNYIC",CNSHG,YMLU,YML,51625,DRY,1,10/27/2025,12/31/2025,11/5/2025 9:38,1030,1030,224.8,224.8,1254.8,1254.8
USHOU,USHOU,CNYNT,"Houston, TX, USHOU","Houston, TX, USHOU","Yantai Laishan, 37, CNYNT",CNYNT,ONEY,ONE,CHIM354B25,DRY,1,10/1/2025,12/31/2025,11/5/2025 9:38,1214,1214,117.04,117.04,1331.04,1331.04
USHOU,USLAX,CNYNT,"Houston, TX, USHOU",LALB,"Yantai Laishan, 37, CNYNT",CNQDG,YMLU,YML,51625,DRY,1,10/27/2025,12/31/2025,11/5/2025 9:38,1430,1430,224.8,224.8,1654.8,1654.8
USHOU,USLAX,CNYPG,"Houston, TX, USHOU",LALB,"Yangpu Pt, 46, CNYPG",CNYPG,OOLU,OOCL,MT256104,DRY,2,10/20/2025,12/31/2025,11/5/2025 9:38,994,994,0,0,994,994
USHOU,USLGB,CNYPG,"Houston, TX, USHOU",LALB,"Yangpu Pt, 46, CNYPG",CNYPG,OOLU,OOCL,MT256104,DRY,2,10/20/2025,12/31/2025,11/5/2025 9:38,994,994,0,0,994,994
USHOU,USHOU,CNYTN,"Houston, TX, USHOU","Houston, TX, USHOU","Yantian Pt, 44, CNYTN",CNYTN,YMLU,YML,51625,DRY,1,10/27/2025,12/31/2025,11/5/2025 9:38,300,300,224.8,224.8,524.8,524.8
USHOU,USHOU,CNYTN,"Houston, TX, USHOU","Houston, TX, USHOU","Yantian Pt, 44, CNYTN",CNYTN,OOLU,OOCL,MT256104,DRY,2,10/20/2025,12/31/2025,11/5/2025 9:38,397,397,159.19,159.19,556.19,556.19
USHOU,USHOU,CNYTN,"Houston, TX, USHOU","Houston, TX, USHOU","Yantian Pt, 44, CNYTN",CNYTN,YMLU,YML,51625,DRY,1,10/27/2025,12/31/2025,11/5/2025 9:38,400,400,224.8,224.8,624.8,624.8
USHOU,USHOU,CNYTN,"Houston, TX, USHOU","Houston, TX, USHOU","Yantian Pt, 44, CNYTN",CNYTN,ONEY,ONE,CHIM354B25,DRY,1,10/1/2025,12/31/2025,11/5/2025 9:38,614,614,170.85,170.85,784.85,784.85
USHOU,USHOU,CNYTN,"Houston, TX, USHOU","Houston, TX, USHOU","Yantian Pt, 44, CNYTN",CNYTN,MAEU,Maersk,300094432,DRY,0,10/16/2025,3/31/2026,11/5/2025 9:38,814.05,814.05,0,0,814.05,814.05
USHOU,USLAX,CNYTN,"Houston, TX, USHOU",LALB,"Yantian Pt, 44, CNYTN",CNYTN,OOLU,OOCL,MT256104,DRY,2,10/20/2025,12/31/2025,11/5/2025 9:38,994,994,159.19,159.19,1153.19,1153.19
USHOU,USLGB,CNYTN,"Houston, TX, USHOU",LALB,"Yantian Pt, 44, CNYTN",CNYTN,OOLU,OOCL,MT256104,DRY,2,10/20/2025,12/31/2025,11/5/2025 9:38,994,994,159.19,159.19,1153.19,1153.19
USHOU,USHOU,CNYTN,"Houston, TX, USHOU","Houston, TX, USHOU","Yantian Pt, 44, CNYTN","YANTIAN, CHINA",EGLV,EMC,SC103574,DRY,,10/1/2025,12/31/2025,11/5/2025 9:38,1000,1000,0,0,1000,1000
USHOU,USLAX,CNYTN,"Houston, TX, USHOU",LALB,"Yantian Pt, 44, CNYTN",KRPUS,YMLU,YML,51625,DRY,1,10/27/2025,12/31/2025,11/5/2025 9:38,1280,1280,125.98,125.98,1405.98,1405.98
USHOU,USHOU,CNYYA,"Houston, TX, USHOU","Houston, TX, USHOU","Yueyang, 50, CNYYA",CNYYA,MAEU,Maersk,300094432,DRY,0,10/16/2025,3/31/2026,11/5/2025 9:38,902.73,902.73,0,0,902.73,902.73
USHOU,USHOU,CNYYA,"Houston, TX, USHOU","Houston, TX, USHOU","Yueyang, 50, CNYYA",CNSHG,YMLU,YML,51625,DRY,1,10/27/2025,12/31/2025,11/5/2025 9:38,1030,1030,224.8,224.8,1254.8,1254.8
USHOU,USHOU,CNYYA,"Houston, TX, USHOU","Houston, TX, USHOU","Yueyang, 50, CNYYA",CNYYA,ONEY,ONE,CHIM354B25,DRY,1,10/1/2025,12/31/2025,11/5/2025 9:38,1074,1074,120.97,120.97,1194.97,1194.97
USHOU,USLAX,CNYYA,"Houston, TX, USHOU",LALB,"Yueyang, 50, CNYYA",CNYYA,ONEY,ONE,CHIM354B25,DRY,1,10/1/2025,12/31/2025,11/5/2025 9:38,2426,2426,120.97,120.97,2546.97,2546.97
USHOU,USHOU,CNYZH,"Houston, TX, USHOU","Houston, TX, USHOU","Yangzhou Pt, 32, CNYZH",CNSHG,YMLU,YML,51625,DRY,1,10/27/2025,12/31/2025,11/5/2025 9:38,780,780,224.8,224.8,1004.8,1004.8
USHOU,USHOU,CNZAP,"Houston, TX, USHOU","Houston, TX, USHOU","Zhapu, 33, CNZAP",CNNBG,YMLU,YML,51625,DRY,1,10/27/2025,12/31/2025,11/5/2025 9:38,730,730,224.8,224.8,954.8,954.8
USHOU,USHOU,CNZGA,"Houston, TX, USHOU","Houston, TX, USHOU","Zhongshan, 45, CNZGA",CNZGA,MAEU,Maersk,300094432,DRY,0,10/16/2025,3/31/2026,11/5/2025 9:38,914.05,914.05,0,0,914.05,914.05
USHOU,USHOU,CNZHE,"Houston, TX, USHOU","Houston, TX, USHOU","Zhenjiang Pt, 32, CNZHE",CNSHG,YMLU,YML,51625,DRY,1,10/27/2025,12/31/2025,11/5/2025 9:38,750,750,224.8,224.8,974.8,974.8
USHOU,USHOU,CNZHU,"Houston, TX, USHOU","Houston, TX, USHOU","Zhuao, 41, CNZHU",CNZHU,MAEU,Maersk,300094432,DRY,0,10/16/2025,3/31/2026,11/5/2025 9:38,884.05,884.05,0,0,884.05,884.05
USHOU,USHOU,CNZJG,"Houston, TX, USHOU","Houston, TX, USHOU","Zhangjiagang, 32, CNZJG",CNSHG,YMLU,YML,51625,DRY,1,10/27/2025,12/31/2025,11/5/2025 9:38,780,780,224.8,224.8,1004.8,1004.8
USHOU,USHOU,CNZJG,"Houston, TX, USHOU","Houston, TX, USHOU","Zhangjiagang, 32, CNZJG",CNZJG,MAEU,Maersk,300094432,DRY,0,10/16/2025,3/31/2026,11/5/2025 9:38,900.73,900.73,0,0,900.73,900.73
USHOU,USHOU,CNZJG,"Houston, TX, USHOU","Houston, TX, USHOU","Zhangjiagang, 32, CNZJG",CNZJG,ONEY,ONE,CHIM354B25,DRY,1,10/1/2025,12/31/2025,11/5/2025 9:38,999,999,116.33,116.33,1115.33,1115.33
USHOU,USLAX,CNZJG,"Houston, TX, USHOU",LALB,"Zhangjiagang, 32, CNZJG",CNZJG,ONEY,ONE,CHIM354B25,DRY,1,10/1/2025,12/31/2025,11/5/2025 9:38,2226,2226,116.33,116.33,2342.33,2342.33
USHOU,USHOU,CNZNG,"Houston, TX, USHOU","Houston, TX, USHOU","Zhanjiang Pt, 44, CNZNG",CNZNG,MAEU,Maersk,300094432,DRY,0,10/16/2025,3/31/2026,11/5/2025 9:38,1008.05,1008.05,0,0,1008.05,1008.05
USHOU,USHOU,CNZSN,"Houston, TX, USHOU","Houston, TX, USHOU","Zhongshan Pt, 44, CNZSN",CNZSN,ONEY,ONE,CHIM354B25,DRY,1,10/1/2025,12/31/2025,11/5/2025 9:38,839,839,170.85,170.85,1009.85,1009.85
USHOU,USHOU,CNZUH,"Houston, TX, USHOU","Houston, TX, USHOU","Zhuhai Pt, 44, CNZUH",CNZUH,ONEY,ONE,CHIM354B25,DRY,1,10/1/2025,12/31/2025,11/5/2025 9:38,1074,1074,170.85,170.85,1244.85,1244.85
USHOU,USLAX,CNZUH,"Houston, TX, USHOU",LALB,"Zhuhai Pt, 44, CNZUH",CNZUH,ONEY,ONE,CHIM354B25,DRY,1,10/1/2025,12/31/2025,11/5/2025 9:38,2101,2101,170.85,170.85,2271.85,2271.85
USHOU,USHOU,COBUN,"Houston, TX, USHOU","Houston, TX, USHOU","Buenaventura, , COBUN",COBUN,ONEY,ONE,CHIM354B25,DRY,1,10/1/2025,12/31/2025,11/5/2025 9:38,1858,1858,141,141,1999,1999
USHOU,USLAX,COBUN,"Houston, TX, USHOU",LALB,"Buenaventura, , COBUN",COBUN,ONEY,ONE,CHIM354B25,DRY,1,10/1/2025,12/31/2025,11/5/2025 9:38,3393,3393,141,141,3534,3534
USHOU,USHOU,COCTG,"Houston, TX, USHOU","Houston, TX, USHOU","Cartagena, , COCTG",COCTG,ONEY,ONE,CHIM354B25,DRY,1,10/1/2025,12/31/2025,11/5/2025 9:38,1188,1188,141,141,1329,1329
USHOU,USHOU,DZALG,"Houston, TX, USHOU","Houston, TX, USHOU","Alger (Algiers), 16, DZALG",DZALG,MAEU,Maersk,300094432,DRY,0,10/16/2025,3/31/2026,11/5/2025 9:38,3038,3038,0,0,3038,3038
USHOU,USHOU,ECGYE,"Houston, TX, USHOU","Houston, TX, USHOU","Guayaquil, G, ECGYE",ECGYE,ONEY,ONE,CHIM354B25,DRY,1,10/1/2025,12/31/2025,11/5/2025 9:38,1358,1358,410,310,1768,1668
USHOU,USHOU,ECGYE,"Houston, TX, USHOU","Houston, TX, USHOU","Guayaquil, G, ECGYE",ECGYE,MSCU,MSC,25-348WCSA,DRY,0,11/3/2025,12/31/2025,11/4/2025 4:10,2571,2571,200,200,2771,2771
USHOU,USHOU,EGALY,"Houston, TX, USHOU","Houston, TX, USHOU","Alexandria, , EGALY",EGALY,ONEY,ONE,CHIM354B25,DRY,1,10/1/2025,12/31/2025,11/5/2025 9:38,1686,1686,0,0,1686,1686
USHOU,USHOU,EGALY,"Houston, TX, USHOU","Houston, TX, USHOU","Alexandria, , EGALY",EGALY,MAEU,Maersk,300094432,DRY,0,10/16/2025,3/31/2026,11/5/2025 9:38,2346,2346,0,0,2346,2346
USHOU,USHOU,EGDAM,"Houston, TX, USHOU","Houston, TX, USHOU","Damietta, , EGDAM",EGDAM,ONEY,ONE,CHIM354B25,DRY,1,10/1/2025,12/31/2025,11/5/2025 9:38,1686,1686,0,0,1686,1686
USHOU,USHOU,EGDAM,"Houston, TX, USHOU","Houston, TX, USHOU","Damietta, , EGDAM",EGDAM,MAEU,Maersk,300094432,DRY,0,10/16/2025,3/31/2026,11/5/2025 9:38,2346,2346,0,0,2346,2346
USHOU,USHOU,GTPBR,"Houston, TX, USHOU","Houston, TX, USHOU","Puerto Barrios, , GTPBR",GTPBR,ONEY,ONE,CHIM354B25,DRY,1,10/1/2025,12/31/2025,11/5/2025 9:38,2388,2388,530,530,2918,2918
USHOU,USHOU,IDBLW,"Houston, TX, USHOU","Houston, TX, USHOU","Belawan, , IDBLW",IDBLW,OOLU,OOCL,MT256104,DRY,2,10/20/2025,12/31/2025,11/5/2025 9:38,687,687,145,145,832,832
USHOU,USHOU,IDBLW,"Houston, TX, USHOU","Houston, TX, USHOU","Belawan, , IDBLW",BELAWAN,EGLV,EMC,SC103574,DRY,,10/1/2025,12/31/2025,11/5/2025 9:38,1300,1300,145,145,1445,1445
USHOU,USHOU,IDBLW,"Houston, TX, USHOU","Houston, TX, USHOU","Belawan, , IDBLW",CNSHG,YMLU,YML,51625,DRY,1,10/27/2025,12/31/2025,11/5/2025 9:38,1355,1355,224.8,224.8,1579.8,1579.8
USHOU,USLGB,IDBLW,"Houston, TX, USHOU",LALB,"Belawan, , IDBLW",IDBLW,OOLU,OOCL,MT256104,DRY,2,10/20/2025,12/31/2025,11/5/2025 9:38,1469,1469,145,145,1614,1614
USHOU,USLAX,IDBLW,"Houston, TX, USHOU",LALB,"Belawan, , IDBLW",IDBLW,OOLU,OOCL,MT256104,DRY,2,10/20/2025,12/31/2025,11/5/2025 9:38,1469,1469,145,145,1614,1614
USHOU,USLAX,IDBLW,"Houston, TX, USHOU",LALB,"Belawan, , IDBLW",SGSIN,YMLU,YML,51625,DRY,1,10/27/2025,12/31/2025,11/5/2025 9:38,2005,2005,268.95,268.95,2273.95,2273.95
USHOU,USHOU,IDCKR,"Houston, TX, USHOU","Houston, TX, USHOU","Cikarang, JB, IDCKR",IDCKR,ONEY,ONE,CHIM354B25,DRY,1,10/1/2025,12/31/2025,11/5/2025 9:38,1464,1464,505.63,505.63,1969.63,1969.63
USHOU,USLAX,IDCKR,"Houston, TX, USHOU",LALB,"Cikarang, JB, IDCKR",IDCKR,ONEY,ONE,CHIM354B25,DRY,1,10/1/2025,12/31/2025,11/5/2025 9:38,2526,2526,505.63,505.63,3031.63,3031.63
USHOU,USHOU,IDJKT,"Houston, TX, USHOU","Houston, TX, USHOU","Jakarta, JK, IDJKT",IDJKT,OOLU,OOCL,MT256104,DRY,2,10/20/2025,12/31/2025,11/5/2025 9:38,687,687,145,145,832,832
USHOU,USHOU,IDJKT,"Houston, TX, USHOU","Houston, TX, USHOU","Jakarta, JK, IDJKT",IDJKT,MAEU,Maersk,300094432,DRY,0,10/16/2025,3/31/2026,11/5/2025 9:38,940,940,0,0,940,940
USHOU,USHOU,IDJKT,"Houston, TX, USHOU","Houston, TX, USHOU","Jakarta, JK, IDJKT",CNSHG,YMLU,YML,51625,DRY,1,10/27/2025,12/31/2025,11/5/2025 9:38,1050,1050,224.8,224.8,1274.8,1274.8
USHOU,USHOU,IDJKT,"Houston, TX, USHOU","Houston, TX, USHOU","Jakarta, JK, IDJKT",IDJKT,ONEY,ONE,CHIM354B25,DRY,1,10/1/2025,12/31/2025,11/5/2025 9:38,1264,1264,505.63,505.63,1769.63,1769.63
USHOU,USHOU,IDJKT,"Houston, TX, USHOU","Houston, TX, USHOU","Jakarta, JK, IDJKT",JAKARTA,EGLV,EMC,SC103574,DRY,,10/1/2025,12/31/2025,11/5/2025 9:38,1300,1300,145,145,1445,1445
USHOU,USLAX,IDJKT,"Houston, TX, USHOU",LALB,"Jakarta, JK, IDJKT",IDJKT,OOLU,OOCL,MT256104,DRY,2,10/20/2025,12/31/2025,11/5/2025 9:38,1469,1469,145,145,1614,1614
USHOU,USLGB,IDJKT,"Houston, TX, USHOU",LALB,"Jakarta, JK, IDJKT",IDJKT,OOLU,OOCL,MT256104,DRY,2,10/20/2025,12/31/2025,11/5/2025 9:38,1469,1469,145,145,1614,1614
USHOU,USHOU,IDJKT,"Houston, TX, USHOU","Houston, TX, USHOU","Jakarta, JK, IDJKT",IDJKT,YMLU,YML,51625,DRY,1,10/27/2025,12/31/2025,11/5/2025 9:38,1650,1650,0,0,1650,1650
USHOU,USLAX,IDJKT,"Houston, TX, USHOU",LALB,"Jakarta, JK, IDJKT",SGSIN,YMLU,YML,51625,DRY,1,10/27/2025,12/31/2025,11/5/2025 9:38,1700,1700,268.95,268.95,1968.95,1968.95
USHOU,USLAX,IDJKT,"Houston, TX, USHOU",LALB,"Jakarta, JK, IDJKT",IDJKT,ONEY,ONE,CHIM354B25,DRY,1,10/1/2025,12/31/2025,11/5/2025 9:38,2626,2626,505.63,505.63,3131.63,3131.63
USHOU,USLAX,IDPLM,"Houston, TX, USHOU",LALB,"Palembang, Sumatra, , IDPLM",SGSIN,YMLU,YML,51625,DRY,1,10/27/2025,12/31/2025,11/5/2025 9:38,2150,2150,268.95,268.95,2418.95,2418.95
USHOU,USHOU,IDSRG,"Houston, TX, USHOU","Houston, TX, USHOU","Semarang, JT, IDSRG",IDSRG,OOLU,OOCL,MT256104,DRY,2,10/20/2025,12/31/2025,11/5/2025 9:38,687,687,145,145,832,832
USHOU,USHOU,IDSRG,"Houston, TX, USHOU","Houston, TX, USHOU","Semarang, JT, IDSRG",IDSRG,MAEU,Maersk,300094432,DRY,0,10/16/2025,3/31/2026,11/5/2025 9:38,940,940,0,0,940,940
USHOU,USHOU,IDSRG,"Houston, TX, USHOU","Houston, TX, USHOU","Semarang, JT, IDSRG",SEMARANG,EGLV,EMC,SC103574,DRY,,10/1/2025,12/31/2025,11/5/2025 9:38,1300,1300,145,145,1445,1445
USHOU,USHOU,IDSRG,"Houston, TX, USHOU","Houston, TX, USHOU","Semarang, JT, IDSRG",IDSRG,ONEY,ONE,CHIM354B25,DRY,1,10/1/2025,12/31/2025,11/5/2025 9:38,1374,1374,505.63,505.63,1879.63,1879.63
USHOU,USLAX,IDSRG,"Houston, TX, USHOU",LALB,"Semarang, JT, IDSRG",IDSRG,OOLU,OOCL,MT256104,DRY,2,10/20/2025,12/31/2025,11/5/2025 9:38,1469,1469,145,145,1614,1614
USHOU,USLGB,IDSRG,"Houston, TX, USHOU",LALB,"Semarang, JT, IDSRG",IDSRG,OOLU,OOCL,MT256104,DRY,2,10/20/2025,12/31/2025,11/5/2025 9:38,1469,1469,145,145,1614,1614
USHOU,USLAX,IDSRG,"Houston, TX, USHOU",LALB,"Semarang, JT, IDSRG",SGSIN,YMLU,YML,51625,DRY,1,10/27/2025,12/31/2025,11/5/2025 9:38,1750,1750,268.95,268.95,2018.95,2018.95
USHOU,USLAX,IDSRG,"Houston, TX, USHOU",LALB,"Semarang, JT, IDSRG",IDSRG,ONEY,ONE,CHIM354B25,DRY,1,10/1/2025,12/31/2025,11/5/2025 9:38,2326,2326,505.63,505.63,2831.63,2831.63
USHOU,USHOU,IDSUB,"Houston, TX, USHOU","Houston, TX, USHOU","Surabaya, JI, IDSUB",IDSUB,OOLU,OOCL,MT256104,DRY,2,10/20/2025,12/31/2025,11/5/2025 9:38,687,687,145,145,832,832
USHOU,USHOU,IDSUB,"Houston, TX, USHOU","Houston, TX, USHOU","Surabaya, JI, IDSUB",IDSUB,MAEU,Maersk,300094432,DRY,0,10/16/2025,3/31/2026,11/5/2025 9:38,940,940,0,0,940,940
USHOU,USHOU,IDSUB,"Houston, TX, USHOU","Houston, TX, USHOU","Surabaya, JI, IDSUB",CNSHG,YMLU,YML,51625,DRY,1,10/27/2025,12/31/2025,11/5/2025 9:38,1050,1050,224.8,224.8,1274.8,1274.8
USHOU,USHOU,IDSUB,"Houston, TX, USHOU","Houston, TX, USHOU","Surabaya, JI, IDSUB",SURABAYA,EGLV,EMC,SC103574,DRY,,10/1/2025,12/31/2025,11/5/2025 9:38,1300,1300,145,145,1445,1445
USHOU,USHOU,IDSUB,"Houston, TX, USHOU","Houston, TX, USHOU","Surabaya, JI, IDSUB",IDSUB,YMLU,YML,51625,DRY,1,10/27/2025,12/31/2025,11/5/2025 9:38,1300,1300,0,0,1300,1300
USHOU,USHOU,IDSUB,"Houston, TX, USHOU","Houston, TX, USHOU","Surabaya, JI, IDSUB",IDSUB,ONEY,ONE,CHIM354B25,DRY,1,10/1/2025,12/31/2025,11/5/2025 9:38,1374,1374,505.63,505.63,1879.63,1879.63
USHOU,USLAX,IDSUB,"Houston, TX, USHOU",LALB,"Surabaya, JI, IDSUB",IDSUB,OOLU,OOCL,MT256104,DRY,2,10/20/2025,12/31/2025,11/5/2025 9:38,1469,1469,145,145,1614,1614
USHOU,USLGB,IDSUB,"Houston, TX, USHOU",LALB,"Surabaya, JI, IDSUB",IDSUB,OOLU,OOCL,MT256104,DRY,2,10/20/2025,12/31/2025,11/5/2025 9:38,1469,1469,145,145,1614,1614
USHOU,USLAX,IDSUB,"Houston, TX, USHOU",LALB,"Surabaya, JI, IDSUB",SGSIN,YMLU,YML,51625,DRY,1,10/27/2025,12/31/2025,11/5/2025 9:38,1700,1700,268.95,268.95,1968.95,1968.95
USHOU,USLAX,IDSUB,"Houston, TX, USHOU",LALB,"Surabaya, JI, IDSUB",IDSUB,ONEY,ONE,CHIM354B25,DRY,1,10/1/2025,12/31/2025,11/5/2025 9:38,2326,2326,505.63,505.63,2831.63,2831.63
USHOU,USHOU,INCCU,"Houston, TX, USHOU","Houston, TX, USHOU","Kolkata (ex Calcutta), WB, INCCU",CNSHG,YMLU,YML,51625,DRY,1,10/27/2025,12/31/2025,11/5/2025 9:38,2100,2100,224.8,224.8,2324.8,2324.8
USHOU,USHOU,INCCU,"Houston, TX, USHOU","Houston, TX, USHOU","Kolkata (ex Calcutta), WB, INCCU",CNNBG,YMLU,YML,51625,DRY,1,10/27/2025,12/31/2025,11/5/2025 9:38,2100,2100,224.8,224.8,2324.8,2324.8
USHOU,USLAX,INCCU,"Houston, TX, USHOU",LALB,"Kolkata (ex Calcutta), WB, INCCU",SGSIN,YMLU,YML,51625,DRY,1,10/27/2025,12/31/2025,11/5/2025 9:38,2750,2750,268.95,268.95,3018.95,3018.95
USHOU,USHOU,INCOK,"Houston, TX, USHOU","Houston, TX, USHOU","Cochin, KL, INCOK",INCOK,MAEU,Maersk,300094432,DRY,0,10/16/2025,3/31/2026,11/5/2025 9:38,2037,2037,0,0,2037,2037
USHOU,USHOU,INHAL,"Houston, TX, USHOU","Houston, TX, USHOU","Haldia, WB, INHAL",INHAL,OOLU,OOCL,MT256104,DRY,2,10/20/2025,12/31/2025,11/5/2025 9:38,3482,3482,0,0,3482,3482
USHOU,USLAX,INHAL,"Houston, TX, USHOU",LALB,"Haldia, WB, INHAL",INHAL,OOLU,OOCL,MT256104,DRY,2,10/20/2025,12/31/2025,11/5/2025 9:38,3849,3849,0,0,3849,3849
USHOU,USLGB,INHAL,"Houston, TX, USHOU",LALB,"Haldia, WB, INHAL",INHAL,OOLU,OOCL,MT256104,DRY,2,10/20/2025,12/31/2025,11/5/2025 9:38,3849,3849,0,0,3849,3849
USHOU,USLGB,INKOC,"Houston, TX, USHOU",LALB,"Kochi, , INKOC",INKOC,OOLU,OOCL,MT256104,DRY,2,10/20/2025,12/31/2025,11/5/2025 9:38,2919,2919,270.35,270.35,3189.35,3189.35
USHOU,USLAX,INKOC,"Houston, TX, USHOU",LALB,"Kochi, , INKOC",INKOC,OOLU,OOCL,MT256104,DRY,2,10/20/2025,12/31/2025,11/5/2025 9:38,2919,2919,270.35,270.35,3189.35,3189.35
USHOU,USLAX,INKOC,"Houston, TX, USHOU",LALB,"Kochi, , INKOC",KRPUS,YMLU,YML,51625,DRY,1,10/27/2025,12/31/2025,11/5/2025 9:38,3140,3140,125.98,125.98,3265.98,3265.98
USHOU,USHOU,INKOC,"Houston, TX, USHOU","Houston, TX, USHOU","Kochi, , INKOC",INKOC,OOLU,OOCL,MT256104,DRY,2,10/20/2025,12/31/2025,11/5/2025 9:38,3337,3337,270.35,270.35,3607.35,3607.35
USHOU,USHOU,INKTP,"Houston, TX, USHOU","Houston, TX, USHOU","Kattupalli Port, TN, INKTP",INKTP,OOLU,OOCL,MT256104,DRY,2,10/20/2025,12/31/2025,11/5/2025 9:38,1687,1687,0,0,1687,1687
USHOU,USLGB,INKTP,"Houston, TX, USHOU",LALB,"Kattupalli Port, TN, INKTP",INKTP,OOLU,OOCL,MT256104,DRY,2,10/20/2025,12/31/2025,11/5/2025 9:38,2069,2069,0,0,2069,2069
USHOU,USLAX,INKTP,"Houston, TX, USHOU",LALB,"Kattupalli Port, TN, INKTP",INKTP,OOLU,OOCL,MT256104,DRY,2,10/20/2025,12/31/2025,11/5/2025 9:38,2069,2069,0,0,2069,2069
USHOU,USHOU,INMAA,"Houston, TX, USHOU","Houston, TX, USHOU","Chennai (ex Madras), TN, INMAA",CNSHG,YMLU,YML,51625,DRY,1,10/27/2025,12/31/2025,11/5/2025 9:38,1850,1850,224.8,224.8,2074.8,2074.8
USHOU,USHOU,INMAA,"Houston, TX, USHOU","Houston, TX, USHOU","Chennai (ex Madras), TN, INMAA",CNNBG,YMLU,YML,51625,DRY,1,10/27/2025,12/31/2025,11/5/2025 9:38,1850,1850,224.8,224.8,2074.8,2074.8
USHOU,USHOU,INMAA,"Houston, TX, USHOU","Houston, TX, USHOU","Chennai (ex Madras), TN, INMAA",INMAA,MAEU,Maersk,300094432,DRY,0,10/16/2025,3/31/2026,11/5/2025 9:38,2037,2037,0,0,2037,2037
USHOU,USLAX,INMAA,"Houston, TX, USHOU",LALB,"Chennai (ex Madras), TN, INMAA",SGSIN,YMLU,YML,51625,DRY,1,10/27/2025,12/31/2025,11/5/2025 9:38,2500,2500,268.95,268.95,2768.95,2768.95
USHOU,USLAX,INMAA,"Houston, TX, USHOU",LALB,"Chennai (ex Madras), TN, INMAA",INMAA,ONEY,ONE,CHIM354B25,DRY,1,10/1/2025,12/31/2025,11/5/2025 9:38,3376,3376,227.54,227.54,3603.54,3603.54
USHOU,USHOU,INMUN,"Houston, TX, USHOU","Houston, TX, USHOU","Mundra, GJ, INMUN",INMUN,MAEU,Maersk,300094432,DRY,0,10/16/2025,3/31/2026,11/5/2025 9:38,1671,1671,0,0,1671,1671
USHOU,USLAX,INMUN,"Houston, TX, USHOU",LALB,"Mundra, GJ, INMUN",INMUN,ONEY,ONE,CHIM354B25,DRY,1,10/1/2025,12/31/2025,11/5/2025 9:38,2316,2316,324.41,324.41,2640.41,2640.41
USHOU,USLGB,INNSA,"Houston, TX, USHOU",LALB,"Nhava Sheva, MH, INNSA",INNSA,OOLU,OOCL,MT256104,DRY,2,10/20/2025,12/31/2025,11/5/2025 9:38,1549,1549,157.7,157.7,1706.7,1706.7
USHOU,USLAX,INNSA,"Houston, TX, USHOU",LALB,"Nhava Sheva, MH, INNSA",INNSA,OOLU,OOCL,MT256104,DRY,2,10/20/2025,12/31/2025,11/5/2025 9:38,1549,1549,157.7,157.7,1706.7,1706.7
USHOU,USHOU,INNSA,"Houston, TX, USHOU","Houston, TX, USHOU","Nhava Sheva, MH, INNSA",INNSA,MAEU,Maersk,300094432,DRY,0,10/16/2025,3/31/2026,11/5/2025 9:38,1671,1671,0,0,1671,1671
USHOU,USHOU,INNSA,"Houston, TX, USHOU","Houston, TX, USHOU","Nhava Sheva, MH, INNSA",NHAVA SHEVA,EGLV,EMC,SC103574,DRY,,10/1/2025,12/31/2025,11/5/2025 9:38,1900,1900,199.65,199.65,2099.65,2099.65
USHOU,USHOU,INNSA,"Houston, TX, USHOU","Houston, TX, USHOU","Nhava Sheva, MH, INNSA",INNSA,OOLU,OOCL,MT256104,DRY,2,10/20/2025,12/31/2025,11/5/2025 9:38,2217,2217,157.7,157.7,2374.7,2374.7
USHOU,USLAX,INNSA,"Houston, TX, USHOU",LALB,"Nhava Sheva, MH, INNSA",INNSA,ONEY,ONE,CHIM354B25,DRY,1,10/1/2025,12/31/2025,11/5/2025 9:38,2316,2316,290.62,290.62,2606.62,2606.62
USHOU,USLAX,INPAV,"Houston, TX, USHOU",LALB,"Pipavav (Victor) Port, GJ, INPAV",INPAV,ONEY,ONE,CHIM354B25,DRY,1,10/1/2025,12/31/2025,11/5/2025 9:38,2416,2416,279.98,279.98,2695.98,2695.98
USHOU,USLGB,INRJU,"Houston, TX, USHOU",LALB,"Rajula, GJ, INRJU",INRJU,OOLU,OOCL,MT256104,DRY,2,10/20/2025,12/31/2025,11/5/2025 9:38,2044,2044,0,0,2044,2044
USHOU,USLAX,INRJU,"Houston, TX, USHOU",LALB,"Rajula, GJ, INRJU",INRJU,OOLU,OOCL,MT256104,DRY,2,10/20/2025,12/31/2025,11/5/2025 9:38,2044,2044,0,0,2044,2044
USHOU,USHOU,INRJU,"Houston, TX, USHOU","Houston, TX, USHOU","Rajula, GJ, INRJU",INRJU,OOLU,OOCL,MT256104,DRY,2,10/20/2025,12/31/2025,11/5/2025 9:38,4257,4257,0,0,4257,4257
USHOU,USLGB,INTUT,"Houston, TX, USHOU",LALB,"Tuticorin, TN, INTUT",INTUT,OOLU,OOCL,MT256104,DRY,2,10/20/2025,12/31/2025,11/5/2025 9:38,1669,1669,78.85,78.85,1747.85,1747.85
USHOU,USLAX,INTUT,"Houston, TX, USHOU",LALB,"Tuticorin, TN, INTUT",INTUT,OOLU,OOCL,MT256104,DRY,2,10/20/2025,12/31/2025,11/5/2025 9:38,1669,1669,78.85,78.85,1747.85,1747.85
USHOU,USHOU,INTUT,"Houston, TX, USHOU","Houston, TX, USHOU","Tuticorin, TN, INTUT",INTUT,MAEU,Maersk,300094432,DRY,0,10/16/2025,3/31/2026,11/5/2025 9:38,1871,1871,0,0,1871,1871
USHOU,USHOU,INTUT,"Houston, TX, USHOU","Houston, TX, USHOU","Tuticorin, TN, INTUT",INTUT,OOLU,OOCL,MT256104,DRY,2,10/20/2025,12/31/2025,11/5/2025 9:38,2517,2517,78.85,78.85,2595.85,2595.85
USHOU,USLAX,JPABU,"Houston, TX, USHOU",LALB,"Aburatsu, 45, JPABU",KRPUS,YMLU,YML,51625,DRY,1,10/27/2025,12/31/2025,11/5/2025 9:38,2650,2650,125.98,125.98,2775.98,2775.98
USHOU,USLAX,JPAXT,"Houston, TX, USHOU",LALB,"Akita, 5, JPAXT",KRPUS,YMLU,YML,51625,DRY,1,10/27/2025,12/31/2025,11/5/2025 9:38,2650,2650,125.98,125.98,2775.98,2775.98
USHOU,USLAX,JPFKY,"Houston, TX, USHOU",LALB,"Fukuyama, Hiroshima, 34, JPFKY",KRPUS,YMLU,YML,51625,DRY,1,10/27/2025,12/31/2025,11/5/2025 9:38,2970,2970,125.98,125.98,3095.98,3095.98
USHOU,USLAX,JPHHE,"Houston, TX, USHOU",LALB,"Hachinohe, 2, JPHHE",KRPUS,YMLU,YML,51625,DRY,1,10/27/2025,12/31/2025,11/5/2025 9:38,3450,3450,125.98,125.98,3575.98,3575.98
USHOU,USHOU,JPHIJ,"Houston, TX, USHOU","Houston, TX, USHOU","Hiroshima, 34, JPHIJ",JPHIJ,ONEY,ONE,CHIM354B25,DRY,1,10/1/2025,12/31/2025,11/5/2025 9:38,1374,1374,324.73,324.73,1698.73,1698.73
USHOU,USLAX,JPHIJ,"Houston, TX, USHOU",LALB,"Hiroshima, 34, JPHIJ",JPUKB,ONEY,ONE,CHIM354B25,DRY,1,10/1/2025,12/31/2025,11/5/2025 9:38,1951,1951,324.73,324.73,2275.73,2275.73
USHOU,USLAX,JPHIJ,"Houston, TX, USHOU",LALB,"Hiroshima, 34, JPHIJ",KRPUS,YMLU,YML,51625,DRY,1,10/27/2025,12/31/2025,11/5/2025 9:38,2260,2260,125.98,125.98,2385.98,2385.98
USHOU,USLAX,JPHKD,"Houston, TX, USHOU",LALB,"Hakodate, 1, JPHKD",KRPUS,YMLU,YML,51625,DRY,1,10/27/2025,12/31/2025,11/5/2025 9:38,2900,2900,125.98,125.98,3025.98,3025.98
USHOU,USLAX,JPHMD,"Houston, TX, USHOU",LALB,"Hamada, 32, JPHMD",KRPUS,YMLU,YML,51625,DRY,1,10/27/2025,12/31/2025,11/5/2025 9:38,3170,3170,125.98,125.98,3295.98,3295.98
USHOU,USHOU,JPHSM,"Houston, TX, USHOU","Houston, TX, USHOU","Hososhima, 45, JPHSM",JPHSM,ONEY,ONE,CHIM354B25,DRY,1,10/1/2025,12/31/2025,11/5/2025 9:38,1374,1374,342.26,342.26,1716.26,1716.26
USHOU,USHOU,JPHTD,"Houston, TX, USHOU","Houston, TX, USHOU","Hakata, 38, JPHTD",HAKATA,EGLV,EMC,SC103574,DRY,,10/1/2025,12/31/2025,11/5/2025 9:38,900,900,311.74,311.74,1211.74,1211.74
USHOU,USLAX,JPHTD,"Houston, TX, USHOU",LALB,"Hakata, 38, JPHTD",JPHTD,OOLU,OOCL,MT256104,DRY,2,10/20/2025,12/31/2025,11/5/2025 9:38,1849,1849,318.23,318.23,2167.23,2167.23
USHOU,USLGB,JPHTD,"Houston, TX, USHOU",LALB,"Hakata, 38, JPHTD",JPHTD,OOLU,OOCL,MT256104,DRY,2,10/20/2025,12/31/2025,11/5/2025 9:38,1849,1849,318.23,318.23,2167.23,2167.23
USHOU,USLAX,JPIMB,"Houston, TX, USHOU",LALB,"Imabari, 38, JPIMB",KRPUS,YMLU,YML,51625,DRY,1,10/27/2025,12/31/2025,11/5/2025 9:38,2710,2710,125.98,125.98,2835.98,2835.98
USHOU,USHOU,JPIMI,"Houston, TX, USHOU","Houston, TX, USHOU","Imari, 41, JPIMI",CNSHG,YMLU,YML,51625,DRY,1,10/27/2025,12/31/2025,11/5/2025 9:38,1420,1420,224.8,224.8,1644.8,1644.8
USHOU,USLAX,JPISI,"Houston, TX, USHOU",LALB,"Ishikari, 1, JPISI",KRPUS,YMLU,YML,51625,DRY,1,10/27/2025,12/31/2025,11/5/2025 9:38,3030,3030,125.98,125.98,3155.98,3155.98
USHOU,USLAX,JPIWK,"Houston, TX, USHOU",LALB,"Iwakuni, 35, JPIWK",KRPUS,YMLU,YML,51625,DRY,1,10/27/2025,12/31/2025,11/5/2025 9:38,2910,2910,125.98,125.98,3035.98,3035.98
USHOU,USHOU,JPIYM,"Houston, TX, USHOU","Houston, TX, USHOU","Iyomishima, 38, JPIYM",CNSHG,YMLU,YML,51625,DRY,1,10/27/2025,12/31/2025,11/5/2025 9:38,1250,1250,224.8,224.8,1474.8,1474.8
USHOU,USHOU,JPIYM,"Houston, TX, USHOU","Houston, TX, USHOU","Iyomishima, 38, JPIYM",JPIYM,ONEY,ONE,CHIM354B25,DRY,1,10/1/2025,12/31/2025,11/5/2025 9:38,1814,1814,342.26,342.26,2156.26,2156.26
USHOU,USHOU,JPKCZ,"Houston, TX, USHOU","Houston, TX, USHOU","Kochi, 39, JPKCZ",JPKCZ,ONEY,ONE,CHIM354B25,DRY,1,10/1/2025,12/31/2025,11/5/2025 9:38,1954,1954,342.26,342.26,2296.26,2296.26
USHOU,USHOU,JPKIJ,"Houston, TX, USHOU","Houston, TX, USHOU","Niigata, 15, JPKIJ",JPKIJ,ONEY,ONE,CHIM354B25,DRY,1,10/1/2025,12/31/2025,11/5/2025 9:38,1714,1714,342.26,342.26,2056.26,2056.26
USHOU,USLAX,JPKMJ,"Houston, TX, USHOU",LALB,"Kumamoto, 43, JPKMJ",KRPUS,YMLU,YML,51625,DRY,1,10/27/2025,12/31/2025,11/5/2025 9:38,2600,2600,125.98,125.98,2725.98,2725.98
USHOU,USLAX,JPKNZ,"Houston, TX, USHOU",LALB,"Kanazawa, 17, JPKNZ",KRPUS,YMLU,YML,51625,DRY,1,10/27/2025,12/31/2025,11/5/2025 9:38,2840,2840,125.98,125.98,2965.98,2965.98
USHOU,USLAX,JPKST,"Houston, TX, USHOU",LALB,"Kisakata, 5, JPKST",KRPUS,YMLU,YML,51625,DRY,1,10/27/2025,12/31/2025,11/5/2025 9:38,3030,3030,125.98,125.98,3155.98,3155.98
USHOU,USLAX,JPKUH,"Houston, TX, USHOU",LALB,"Kushiro, 1, JPKUH",KRPUS,YMLU,YML,51625,DRY,1,10/27/2025,12/31/2025,11/5/2025 9:38,3255,3255,125.98,125.98,3380.98,3380.98
USHOU,USHOU,JPKWS,"Houston, TX, USHOU","Houston, TX, USHOU","Kawasaki, 14, JPKWS",JPKWS,ONEY,ONE,CHIM354B25,DRY,1,10/1/2025,12/31/2025,11/5/2025 9:38,1074,1074,17.54,17.54,1091.54,1091.54
USHOU,USLAX,JPMII,"Houston, TX, USHOU",LALB,"Miike, Fukuoka, 40, JPMII",KRPUS,YMLU,YML,51625,DRY,1,10/27/2025,12/31/2025,11/5/2025 9:38,2970,2970,125.98,125.98,3095.98,3095.98
USHOU,USHOU,JPMIZ,"Houston, TX, USHOU","Houston, TX, USHOU","Mizushima, 33, JPMIZ",CNNBG,YMLU,YML,51625,DRY,1,10/27/2025,12/31/2025,11/5/2025 9:38,1120,1120,224.8,224.8,1344.8,1344.8
USHOU,USHOU,JPMOJ,"Houston, TX, USHOU","Houston, TX, USHOU","Moji/Kitakyushu, 40, JPMOJ",JPMOJ,MAEU,Maersk,300094432,DRY,0,10/16/2025,3/31/2026,10/22/2025 19:06,1314,1314,0,0,1314,1314
USHOU,USHOU,JPMOJ,"Houston, TX, USHOU","Houston, TX, USHOU","Moji/Kitakyushu, 40, JPMOJ",JPMOJ,ONEY,ONE,CHIM354B25,DRY,1,10/1/2025,12/31/2025,11/5/2025 9:38,1414,1414,342.26,342.26,1756.26,1756.26
USHOU,USLGB,JPMOJ,"Houston, TX, USHOU",LALB,"Moji/Kitakyushu, 40, JPMOJ",JPMOJ,OOLU,OOCL,MT256104,DRY,2,10/20/2025,12/31/2025,11/5/2025 9:38,1424,1424,0,0,1424,1424
USHOU,USLAX,JPMOJ,"Houston, TX, USHOU",LALB,"Moji/Kitakyushu, 40, JPMOJ",JPMOJ,OOLU,OOCL,MT256104,DRY,2,10/20/2025,12/31/2025,11/5/2025 9:38,1424,1424,0,0,1424,1424
USHOU,USLAX,JPMOJ,"Houston, TX, USHOU",LALB,"Moji/Kitakyushu, 40, JPMOJ",JPUKB,ONEY,ONE,CHIM354B25,DRY,1,10/1/2025,12/31/2025,11/5/2025 9:38,2451,2451,342.26,342.26,2793.26,2793.26
USHOU,USLAX,JPMYJ,"Houston, TX, USHOU",LALB,"Matsuyama, 38, JPMYJ",JPMYJ,ONEY,ONE,CHIM354B25,DRY,1,10/1/2025,12/31/2025,11/5/2025 9:38,2126,2126,342.26,342.26,2468.26,2468.26
USHOU,USHOU,JPNAH,"Houston, TX, USHOU","Houston, TX, USHOU","Naha, Okinawa, 47, JPNAH",TWKHH,YMLU,YML,51625,DRY,1,10/27/2025,12/31/2025,11/5/2025 9:38,1230,1230,227.3,227.3,1457.3,1457.3
USHOU,USHOU,JPNAO,"Houston, TX, USHOU","Houston, TX, USHOU","Naoetsu, 15, JPNAO",JPNAO,ONEY,ONE,CHIM354B25,DRY,1,10/1/2025,12/31/2025,11/5/2025 9:38,2024,2024,342.26,342.26,2366.26,2366.26
USHOU,USLAX,JPNAO,"Houston, TX, USHOU",LALB,"Naoetsu, 15, JPNAO",KRPUS,YMLU,YML,51625,DRY,1,10/27/2025,12/31/2025,11/5/2025 9:38,3050,3050,125.98,125.98,3175.98,3175.98
USHOU,USHOU,JPNGO,"Houston, TX, USHOU","Houston, TX, USHOU","Nagoya, Aichi, 23, JPNGO",NAGOYA,EGLV,EMC,SC103574,DRY,,10/1/2025,12/31/2025,11/5/2025 9:38,900,900,311.74,311.74,1211.74,1211.74
USHOU,USHOU,JPNGO,"Houston, TX, USHOU","Houston, TX, USHOU","Nagoya, Aichi, 23, JPNGO",JPNGO,ONEY,ONE,CHIM354B25,DRY,1,10/1/2025,12/31/2025,11/5/2025 9:38,1074,1074,342.26,342.26,1416.26,1416.26
USHOU,USLAX,JPNGO,"Houston, TX, USHOU",LALB,"Nagoya, Aichi, 23, JPNGO",JPNGO,YMLU,YML,51625,DRY,1,10/27/2025,12/31/2025,11/5/2025 9:38,1100,1100,321.48,321.48,1421.48,1421.48
USHOU,USLAX,JPNGO,"Houston, TX, USHOU",LALB,"Nagoya, Aichi, 23, JPNGO",JPNGO,OOLU,OOCL,MT256104,DRY,2,10/20/2025,12/31/2025,11/5/2025 9:38,1194,1194,318.23,318.23,1512.23,1512.23
USHOU,USLGB,JPNGO,"Houston, TX, USHOU",LALB,"Nagoya, Aichi, 23, JPNGO",JPNGO,OOLU,OOCL,MT256104,DRY,2,10/20/2025,12/31/2025,11/5/2025 9:38,1194,1194,318.23,318.23,1512.23,1512.23
USHOU,USHOU,JPNGO,"Houston, TX, USHOU","Houston, TX, USHOU","Nagoya, Aichi, 23, JPNGO",JPNGO,MAEU,Maersk,300094432,DRY,0,10/16/2025,3/31/2026,10/22/2025 19:06,1220,1220,0,0,1220,1220
USHOU,USLAX,JPNGO,"Houston, TX, USHOU",LALB,"Nagoya, Aichi, 23, JPNGO",SGSIN,YMLU,YML,51625,DRY,1,10/27/2025,12/31/2025,11/5/2025 9:38,1275,1275,268.95,268.95,1543.95,1543.95
USHOU,USLAX,JPNGO,"Houston, TX, USHOU",LALB,"Nagoya, Aichi, 23, JPNGO",JPNGO,ONEY,ONE,CHIM354B25,DRY,1,10/1/2025,12/31/2025,11/5/2025 9:38,1776,1776,342.26,342.26,2118.26,2118.26
USHOU,USLAX,JPNKO,"Houston, TX, USHOU",LALB,"Nanko, 27, JPNKO",JPUKB,YMLU,YML,51625,DRY,1,10/27/2025,12/31/2025,11/5/2025 9:38,1620,1620,321.48,321.48,1941.48,1941.48
USHOU,USLAX,JPOIT,"Houston, TX, USHOU",LALB,"Oita, 44, JPOIT",KRPUS,YMLU,YML,51625,DRY,1,10/27/2025,12/31/2025,11/5/2025 9:38,2670,2670,125.98,125.98,2795.98,2795.98
USHOU,USLAX,JPONA,"Houston, TX, USHOU",LALB,"Onahama, 7, JPONA",KRPUS,YMLU,YML,51625,DRY,1,10/27/2025,12/31/2025,11/5/2025 9:38,3190,3190,125.98,125.98,3315.98,3315.98
USHOU,USHOU,JPOSA,"Houston, TX, USHOU","Houston, TX, USHOU","Osaka, 27, JPOSA",OSAKA,EGLV,EMC,SC103574,DRY,,10/1/2025,12/31/2025,11/5/2025 9:38,900,900,311.74,311.74,1211.74,1211.74
USHOU,USHOU,JPOSA,"Houston, TX, USHOU","Houston, TX, USHOU","Osaka, 27, JPOSA","Kobe, JP",MAEU,Maersk,300094432,DRY,0,10/16/2025,3/31/2026,10/22/2025 19:06,1010,1010,0,0,1010,1010
USHOU,USHOU,JPOSA,"Houston, TX, USHOU","Houston, TX, USHOU","Osaka, 27, JPOSA",JPOSA,ONEY,ONE,CHIM354B25,DRY,1,10/1/2025,12/31/2025,11/5/2025 9:38,1074,1074,342.26,342.26,1416.26,1416.26
USHOU,USLAX,JPOSA,"Houston, TX, USHOU",LALB,"Osaka, 27, JPOSA",JPOSA,OOLU,OOCL,MT256104,DRY,2,10/20/2025,12/31/2025,11/5/2025 9:38,1319,1319,318.23,318.23,1637.23,1637.23
USHOU,USLGB,JPOSA,"Houston, TX, USHOU",LALB,"Osaka, 27, JPOSA",JPOSA,OOLU,OOCL,MT256104,DRY,2,10/20/2025,12/31/2025,11/5/2025 9:38,1319,1319,318.23,318.23,1637.23,1637.23
USHOU,USLAX,JPOSA,"Houston, TX, USHOU",LALB,"Osaka, 27, JPOSA",JPUKB,YMLU,YML,51625,DRY,1,10/27/2025,12/31/2025,11/5/2025 9:38,1380,1380,321.48,321.48,1701.48,1701.48
USHOU,USLAX,JPOSA,"Houston, TX, USHOU",LALB,"Osaka, 27, JPOSA",JPUKB,ONEY,ONE,CHIM354B25,DRY,1,10/1/2025,12/31/2025,11/5/2025 9:38,1776,1776,342.26,342.26,2118.26,2118.26
USHOU,USLAX,JPOTK,"Houston, TX, USHOU",LALB,"Otake, 34, JPOTK",KRPUS,YMLU,YML,51625,DRY,1,10/27/2025,12/31/2025,11/5/2025 9:38,3050,3050,125.98,125.98,3175.98,3175.98
USHOU,USHOU,JPSBS,"Houston, TX, USHOU","Houston, TX, USHOU","Shibushi, 46, JPSBS",JPSBS,ONEY,ONE,CHIM354B25,DRY,1,10/1/2025,12/31/2025,11/5/2025 9:38,1814,1814,342.26,342.26,2156.26,2156.26
USHOU,USHOU,JPSDJ,"Houston, TX, USHOU","Houston, TX, USHOU","Sendai, Miyagi, 4, JPSDJ",JPSDJ,ONEY,ONE,CHIM354B25,DRY,1,10/1/2025,12/31/2025,11/5/2025 9:38,1744,1744,342.26,342.26,2086.26,2086.26
USHOU,USLAX,JPSDJ,"Houston, TX, USHOU",LALB,"Sendai, Miyagi, 4, JPSDJ",KRPUS,YMLU,YML,51625,DRY,1,10/27/2025,12/31/2025,11/5/2025 9:38,3200,3200,125.98,125.98,3325.98,3325.98
USHOU,USLAX,JPSEB,"Houston, TX, USHOU",LALB,"Seibu, 13, JPSEB",JPNGO,YMLU,YML,51625,DRY,1,10/27/2025,12/31/2025,11/5/2025 9:38,1420,1420,321.48,321.48,1741.48,1741.48
USHOU,USLAX,JPSEN,"Houston, TX, USHOU",LALB,"Satsumasendai, 46, JPSEN",KRPUS,YMLU,YML,51625,DRY,1,10/27/2025,12/31/2025,11/5/2025 9:38,3080,3080,125.98,125.98,3205.98,3205.98
USHOU,USLAX,JPSHS,"Houston, TX, USHOU",LALB,"Shimonoseki, 35, JPSHS",KRPUS,YMLU,YML,51625,DRY,1,10/27/2025,12/31/2025,11/5/2025 9:38,2920,2920,125.98,125.98,3045.98,3045.98
USHOU,USHOU,JPSMN,"Houston, TX, USHOU","Houston, TX, USHOU","Sakaiminato, 31, JPSMN",JPSMN,ONEY,ONE,CHIM354B25,DRY,1,10/1/2025,12/31/2025,11/5/2025 9:38,2054,2054,0,0,2054,2054
USHOU,USHOU,JPSMZ,"Houston, TX, USHOU","Houston, TX, USHOU","Shimizu, 22, JPSMZ",JPSMZ,ONEY,ONE,CHIM354B25,DRY,1,10/1/2025,12/31/2025,11/5/2025 9:38,914,914,342.26,342.26,1256.26,1256.26
USHOU,USLAX,JPSMZ,"Houston, TX, USHOU",LALB,"Shimizu, 22, JPSMZ",JPSMZ,YMLU,YML,51625,DRY,1,10/27/2025,12/31/2025,11/5/2025 9:38,1100,1100,321.48,321.48,1421.48,1421.48
USHOU,USLAX,JPSMZ,"Houston, TX, USHOU",LALB,"Shimizu, 22, JPSMZ",JPSMZ,OOLU,OOCL,MT256104,DRY,2,10/20/2025,12/31/2025,11/5/2025 9:38,1194,1194,0,0,1194,1194
USHOU,USLGB,JPSMZ,"Houston, TX, USHOU",LALB,"Shimizu, 22, JPSMZ",JPSMZ,OOLU,OOCL,MT256104,DRY,2,10/20/2025,12/31/2025,11/5/2025 9:38,1194,1194,0,0,1194,1194
USHOU,USLAX,JPTAK,"Houston, TX, USHOU",LALB,"Takamatsu, 37, JPTAK",KRPUS,YMLU,YML,51625,DRY,1,10/27/2025,12/31/2025,11/5/2025 9:38,2970,2970,125.98,125.98,3095.98,3095.98
USHOU,USLAX,JPTHS,"Houston, TX, USHOU",LALB,"Toyohashi, 23, JPTHS",KRPUS,YMLU,YML,51625,DRY,1,10/27/2025,12/31/2025,11/5/2025 9:38,2060,2060,125.98,125.98,2185.98,2185.98
USHOU,USHOU,JPTKS,"Houston, TX, USHOU","Houston, TX, USHOU","Tokushima, 36, JPTKS",JPTKS,ONEY,ONE,CHIM354B25,DRY,1,10/1/2025,12/31/2025,11/5/2025 9:38,2414,2414,342.26,342.26,2756.26,2756.26
USHOU,USLAX,JPTKS,"Houston, TX, USHOU",LALB,"Tokushima, 36, JPTKS",KRPUS,YMLU,YML,51625,DRY,1,10/27/2025,12/31/2025,11/5/2025 9:38,2950,2950,125.98,125.98,3075.98,3075.98
USHOU,USLAX,JPTKY,"Houston, TX, USHOU",LALB,"Tokuyama, 35, JPTKY",KRPUS,YMLU,YML,51625,DRY,1,10/27/2025,12/31/2025,11/5/2025 9:38,2740,2740,125.98,125.98,2865.98,2865.98
USHOU,USHOU,JPTMK,"Houston, TX, USHOU","Houston, TX, USHOU","Tomakomai, 1, JPTMK",JPTMK,ONEY,ONE,CHIM354B25,DRY,1,10/1/2025,12/31/2025,11/5/2025 9:38,2214,2214,342.26,342.26,2556.26,2556.26
USHOU,USLAX,JPTMK,"Houston, TX, USHOU",LALB,"Tomakomai, 1, JPTMK",KRPUS,YMLU,YML,51625,DRY,1,10/27/2025,12/31/2025,11/5/2025 9:38,2675,2675,125.98,125.98,2800.98,2800.98
USHOU,USLAX,JPTOY,"Houston, TX, USHOU",LALB,"Toyama, 16, JPTOY",KRPUS,YMLU,YML,51625,DRY,1,10/27/2025,12/31/2025,11/5/2025 9:38,2890,2890,125.98,125.98,3015.98,3015.98
USHOU,USLAX,JPTRG,"Houston, TX, USHOU",LALB,"Tsuruga, 18, JPTRG",KRPUS,YMLU,YML,51625,DRY,1,10/27/2025,12/31/2025,11/5/2025 9:38,2810,2810,125.98,125.98,2935.98,2935.98
USHOU,USHOU,JPTYO,"Houston, TX, USHOU","Houston, TX, USHOU","Tokyo, 13, JPTYO",JPTYO,ONEY,ONE,CHIM354B25,DRY,1,10/1/2025,12/31/2025,11/5/2025 9:38,1074,1074,342.26,342.26,1416.26,1416.26
USHOU,USLAX,JPTYO,"Houston, TX, USHOU",LALB,"Tokyo, 13, JPTYO",JPTYO,YMLU,YML,51625,DRY,1,10/27/2025,12/31/2025,11/5/2025 9:38,1100,1100,321.48,321.48,1421.48,1421.48
USHOU,USLGB,JPTYO,"Houston, TX, USHOU",LALB,"Tokyo, 13, JPTYO",JPTYO,OOLU,OOCL,MT256104,DRY,2,10/20/2025,12/31/2025,11/5/2025 9:38,1194,1194,318.23,318.23,1512.23,1512.23
USHOU,USLAX,JPTYO,"Houston, TX, USHOU",LALB,"Tokyo, 13, JPTYO",JPTYO,OOLU,OOCL,MT256104,DRY,2,10/20/2025,12/31/2025,11/5/2025 9:38,1194,1194,318.23,318.23,1512.23,1512.23
USHOU,USHOU,JPTYO,"Houston, TX, USHOU","Houston, TX, USHOU","Tokyo, 13, JPTYO",JPTYO,MAEU,Maersk,300094432,DRY,0,10/16/2025,3/31/2026,10/22/2025 19:06,1220,1220,0,0,1220,1220
USHOU,USLAX,JPTYO,"Houston, TX, USHOU",LALB,"Tokyo, 13, JPTYO",SGSIN,YMLU,YML,51625,DRY,1,10/27/2025,12/31/2025,11/5/2025 9:38,1275,1275,268.95,268.95,1543.95,1543.95
USHOU,USLAX,JPTYO,"Houston, TX, USHOU",LALB,"Tokyo, 13, JPTYO",JPTYO,ONEY,ONE,CHIM354B25,DRY,1,10/1/2025,12/31/2025,11/5/2025 9:38,1776,1776,342.26,342.26,2118.26,2118.26
USHOU,USHOU,JPUKB,"Houston, TX, USHOU","Houston, TX, USHOU","Kobe, 28, JPUKB",KOBE,EGLV,EMC,SC103574,DRY,,10/1/2025,12/31/2025,11/5/2025 9:38,900,900,311.74,311.74,1211.74,1211.74
USHOU,USHOU,JPUKB,"Houston, TX, USHOU","Houston, TX, USHOU","Kobe, 28, JPUKB",JPUKB,MAEU,Maersk,300094432,DRY,0,10/16/2025,3/31/2026,10/22/2025 19:06,1055,1055,0,0,1055,1055
USHOU,USHOU,JPUKB,"Houston, TX, USHOU","Houston, TX, USHOU","Kobe, 28, JPUKB",JPUKB,ONEY,ONE,CHIM354B25,DRY,1,10/1/2025,12/31/2025,11/5/2025 9:38,1074,1074,342.26,342.26,1416.26,1416.26
USHOU,USLAX,JPUKB,"Houston, TX, USHOU",LALB,"Kobe, 28, JPUKB",JPUKB,YMLU,YML,51625,DRY,1,10/27/2025,12/31/2025,11/5/2025 9:38,1100,1100,321.48,321.48,1421.48,1421.48
USHOU,USLGB,JPUKB,"Houston, TX, USHOU",LALB,"Kobe, 28, JPUKB",JPUKB,OOLU,OOCL,MT256104,DRY,2,10/20/2025,12/31/2025,11/5/2025 9:38,1194,1194,318.23,318.23,1512.23,1512.23
USHOU,USLAX,JPUKB,"Houston, TX, USHOU",LALB,"Kobe, 28, JPUKB",JPUKB,OOLU,OOCL,MT256104,DRY,2,10/20/2025,12/31/2025,11/5/2025 9:38,1194,1194,318.23,318.23,1512.23,1512.23
USHOU,USLAX,JPUKB,"Houston, TX, USHOU",LALB,"Kobe, 28, JPUKB",SGSIN,YMLU,YML,51625,DRY,1,10/27/2025,12/31/2025,11/5/2025 9:38,1275,1275,268.95,268.95,1543.95,1543.95
USHOU,USLAX,JPUKB,"Houston, TX, USHOU",LALB,"Kobe, 28, JPUKB",JPUKB,ONEY,ONE,CHIM354B25,DRY,1,10/1/2025,12/31/2025,11/5/2025 9:38,1776,1776,342.26,342.26,2118.26,2118.26
USHOU,USHOU,JPYKK,"Houston, TX, USHOU","Houston, TX, USHOU","Yokkaichi, 24, JPYKK","Nagoya, JP",MAEU,Maersk,300094432,DRY,0,10/16/2025,3/31/2026,10/22/2025 19:06,1523.64,1523.64,0,0,1523.64,1523.64
USHOU,USLAX,JPYKK,"Houston, TX, USHOU",LALB,"Yokkaichi, 24, JPYKK",KRPUS,YMLU,YML,51625,DRY,1,10/27/2025,12/31/2025,11/5/2025 9:38,3000,3000,125.98,125.98,3125.98,3125.98
USHOU,USHOU,JPYOK,"Houston, TX, USHOU","Houston, TX, USHOU","Yokohama, 14, JPYOK",JPYOK,ONEY,ONE,CHIM354B25,DRY,1,10/1/2025,12/31/2025,11/5/2025 9:38,914,914,342.26,342.26,1256.26,1256.26
USHOU,USLGB,JPYOK,"Houston, TX, USHOU",LALB,"Yokohama, 14, JPYOK",JPYOK,OOLU,OOCL,MT256104,DRY,2,10/20/2025,12/31/2025,11/5/2025 9:38,1319,1319,318.23,318.23,1637.23,1637.23
USHOU,USLAX,JPYOK,"Houston, TX, USHOU",LALB,"Yokohama, 14, JPYOK",JPYOK,OOLU,OOCL,MT256104,DRY,2,10/20/2025,12/31/2025,11/5/2025 9:38,1319,1319,318.23,318.23,1637.23,1637.23
USHOU,USLAX,KRDDC,"Houston, TX, USHOU",LALB,"Dongducheon, 41, KRDDC",KRPUS,YMLU,YML,51625,DRY,1,10/27/2025,12/31/2025,11/5/2025 9:38,1925,1925,125.98,125.98,2050.98,2050.98
USHOU,USLAX,KRINC,"Houston, TX, USHOU",LALB,"Incheon, 28, KRINC",KRINC,YMLU,YML,51625,DRY,1,10/27/2025,12/31/2025,11/5/2025 9:38,1100,1100,125.98,125.98,1225.98,1225.98
USHOU,USLAX,KRINC,"Houston, TX, USHOU",LALB,"Incheon, 28, KRINC",KRKWA,YMLU,YML,51625,DRY,1,10/27/2025,12/31/2025,11/5/2025 9:38,1385,1385,125.98,125.98,1510.98,1510.98
USHOU,USLAX,KRINC,"Houston, TX, USHOU",LALB,"Incheon, 28, KRINC",KRPUS,YMLU,YML,51625,DRY,1,10/27/2025,12/31/2025,11/5/2025 9:38,1905,1905,125.98,125.98,2030.98,2030.98
USHOU,USLAX,KRINC,"Houston, TX, USHOU",LALB,"Incheon, 28, KRINC",KRKWA,YMLU,YML,51625,DRY,1,10/27/2025,12/31/2025,11/5/2025 9:38,1905,1905,125.98,125.98,2030.98,2030.98
USHOU,USHOU,KRKAN,"Houston, TX, USHOU","Houston, TX, USHOU","Gwangyang, 46, KRKAN",KRKAN,MAEU,Maersk,300094432,DRY,0,10/16/2025,3/31/2026,10/22/2025 19:06,742,742,0,0,742,742
USHOU,USHOU,KRKAN,"Houston, TX, USHOU","Houston, TX, USHOU","Gwangyang, 46, KRKAN",KRKAN,ONEY,ONE,CHIM354B25,DRY,1,10/1/2025,12/31/2025,11/5/2025 9:38,764,764,171.43,171.42,935.43,935.42
USHOU,USLAX,KRKAN,"Houston, TX, USHOU",LALB,"Gwangyang, 46, KRKAN",KRKAN,ONEY,ONE,CHIM354B25,DRY,1,10/1/2025,12/31/2025,11/5/2025 9:38,2226,2226,171.43,171.42,2397.43,2397.42
USHOU,USLAX,KRKWA,"Houston, TX, USHOU",LALB,"Kwangyang, 49, KRKWA",KRKWA,YMLU,YML,51625,DRY,1,10/27/2025,12/31/2025,11/5/2025 9:38,1100,1100,125.98,125.98,1225.98,1225.98
USHOU,USLAX,KRKWA,"Houston, TX, USHOU",LALB,"Kwangyang, 49, KRKWA",KRPUS,YMLU,YML,51625,DRY,1,10/27/2025,12/31/2025,11/5/2025 9:38,1375,1375,125.98,125.98,1500.98,1500.98
USHOU,USLAX,KRPOC,"Houston, TX, USHOU",LALB,"Pocheon, 41, KRPOC",KRPUS,YMLU,YML,51625,DRY,1,10/27/2025,12/31/2025,11/5/2025 9:38,1935,1935,125.98,125.98,2060.98,2060.98
USHOU,USHOU,KRPUS,"Houston, TX, USHOU","Houston, TX, USHOU","Busan, 26, KRPUS",KRPUS,OOLU,OOCL,MT256104,DRY,2,10/20/2025,12/31/2025,11/5/2025 9:38,397,397,132.98,132.98,529.98,529.98
USHOU,USHOU,KRPUS,"Houston, TX, USHOU","Houston, TX, USHOU","Busan, 26, KRPUS",KRPUS,YMLU,YML,51625,DRY,1,10/27/2025,12/31/2025,11/5/2025 9:38,600,600,125.98,125.98,725.98,725.98
USHOU,USHOU,KRPUS,"Houston, TX, USHOU","Houston, TX, USHOU","Busan, 26, KRPUS",KRPUS,MAEU,Maersk,300094432,DRY,0,10/16/2025,3/31/2026,10/22/2025 19:06,667,667,0,0,667,667
USHOU,USHOU,KRPUS,"Houston, TX, USHOU","Houston, TX, USHOU","Busan, 26, KRPUS",KRPUS,ONEY,ONE,CHIM354B25,DRY,1,10/1/2025,12/31/2025,11/5/2025 9:38,674,674,175.71,175.7,849.71,849.7
USHOU,USLGB,KRPUS,"Houston, TX, USHOU",LALB,"Busan, 26, KRPUS",KRPUS,OOLU,OOCL,MT256104,DRY,2,10/20/2025,12/31/2025,11/5/2025 9:38,1069,1069,132.98,132.98,1201.98,1201.98
USHOU,USLAX,KRPUS,"Houston, TX, USHOU",LALB,"Busan, 26, KRPUS",KRPUS,OOLU,OOCL,MT256104,DRY,2,10/20/2025,12/31/2025,11/5/2025 9:38,1069,1069,132.98,132.98,1201.98,1201.98
USHOU,USLAX,KRPUS,"Houston, TX, USHOU",LALB,"Busan, 26, KRPUS",KRPUS,YMLU,YML,51625,DRY,1,10/27/2025,12/31/2025,11/5/2025 9:38,1100,1100,125.98,125.98,1225.98,1225.98
USHOU,USLAX,KRPUS,"Houston, TX, USHOU",LALB,"Busan, 26, KRPUS",SGSIN,YMLU,YML,51625,DRY,1,10/27/2025,12/31/2025,11/5/2025 9:38,1420,1420,268.95,268.95,1688.95,1688.95
USHOU,USLAX,KRPUS,"Houston, TX, USHOU",LALB,"Busan, 26, KRPUS",KRPUS,ONEY,ONE,CHIM354B25,DRY,1,10/1/2025,12/31/2025,11/5/2025 9:38,2026,2026,175.71,175.7,2201.71,2201.7
USHOU,USLAX,KRSEJ,"Houston, TX, USHOU",LALB,"Seongju-gun, 47, KRSEJ",KRPUS,YMLU,YML,51625,DRY,1,10/27/2025,12/31/2025,11/5/2025 9:38,1600,1600,125.98,125.98,1725.98,1725.98
USHOU,USLAX,KRYSN,"Houston, TX, USHOU",LALB,"Yangsan, 48, KRYSN",KRPUS,YMLU,YML,51625,DRY,1,10/27/2025,12/31/2025,11/5/2025 9:38,1425,1425,125.98,125.98,1550.98,1550.98
USHOU,USLAX,KRYYU,"Houston, TX, USHOU",LALB,"Yangju, 41, KRYYU",KRPUS,YMLU,YML,51625,DRY,1,10/27/2025,12/31/2025,11/5/2025 9:38,2005,2005,125.98,125.98,2130.98,2130.98
USHOU,USLAX,LKCMB,"Houston, TX, USHOU",LALB,"Colombo, , LKCMB",LKCMB,ONEY,ONE,CHIM354B25,DRY,1,10/1/2025,12/31/2025,11/5/2025 9:38,2476,2476,0,0,2476,2476
USHOU,USLAX,MYKCH,"Houston, TX, USHOU",LALB,"Kuching, Sarawak, , MYKCH",SGSIN,YMLU,YML,51625,DRY,1,10/27/2025,12/31/2025,11/5/2025 9:38,2065,2065,268.95,268.95,2333.95,2333.95
USHOU,USHOU,MYPEN,"Houston, TX, USHOU","Houston, TX, USHOU","Penang, , MYPEN",MYPEN,MAEU,Maersk,300094432,DRY,0,10/16/2025,3/31/2026,10/22/2025 19:06,1087,1087,0,0,1087,1087
USHOU,USHOU,MYPEN,"Houston, TX, USHOU","Houston, TX, USHOU","Penang, , MYPEN",CNSHG,YMLU,YML,51625,DRY,1,10/27/2025,12/31/2025,11/5/2025 9:38,1195,1195,224.8,224.8,1419.8,1419.8
USHOU,USHOU,MYPEN,"Houston, TX, USHOU","Houston, TX, USHOU","Penang, , MYPEN",MYPEN,ONEY,ONE,CHIM354B25,DRY,1,10/1/2025,12/31/2025,11/5/2025 9:38,1514,1514,203.44,203.44,1717.44,1717.44
USHOU,USLAX,MYPEN,"Houston, TX, USHOU",LALB,"Penang, , MYPEN",MYPEN,OOLU,OOCL,MT256104,DRY,2,10/20/2025,12/31/2025,11/5/2025 9:38,1649,1649,191.02,202.96,1840.02,1851.96
USHOU,USLGB,MYPEN,"Houston, TX, USHOU",LALB,"Penang, , MYPEN",MYPEN,OOLU,OOCL,MT256104,DRY,2,10/20/2025,12/31/2025,11/5/2025 9:38,1649,1649,191.02,202.96,1840.02,1851.96
USHOU,USLAX,MYPEN,"Houston, TX, USHOU",LALB,"Penang, , MYPEN",SGSIN,YMLU,YML,51625,DRY,1,10/27/2025,12/31/2025,11/5/2025 9:38,1845,1845,268.95,268.95,2113.95,2113.95
USHOU,USHOU,MYPEN,"Houston, TX, USHOU","Houston, TX, USHOU","Penang, , MYPEN",MYPEN,OOLU,OOCL,MT256104,DRY,2,10/20/2025,12/31/2025,11/5/2025 9:38,1912,1912,191.02,202.96,2103.02,2114.96
USHOU,USLAX,MYPEN,"Houston, TX, USHOU",LALB,"Penang, , MYPEN",MYPEN,ONEY,ONE,CHIM354B25,DRY,1,10/1/2025,12/31/2025,11/5/2025 9:38,2326,2326,203.44,203.44,2529.44,2529.44
USHOU,USHOU,MYPGU,"Houston, TX, USHOU","Houston, TX, USHOU","Pasir Gudang, Johor, , MYPGU",CNSHG,YMLU,YML,51625,DRY,1,10/27/2025,12/31/2025,11/5/2025 9:38,1050,1050,224.8,224.8,1274.8,1274.8
USHOU,USHOU,MYPGU,"Houston, TX, USHOU","Houston, TX, USHOU","Pasir Gudang, Johor, , MYPGU","Tanjung Pelepas, MY",MAEU,Maersk,300094432,DRY,0,10/16/2025,3/31/2026,10/22/2025 19:06,1087,1087,0,0,1087,1087
USHOU,USHOU,MYPGU,"Houston, TX, USHOU","Houston, TX, USHOU","Pasir Gudang, Johor, , MYPGU",MYPGU,ONEY,ONE,CHIM354B25,DRY,1,10/1/2025,12/31/2025,11/5/2025 9:38,1514,1514,180.75,180.75,1694.75,1694.75
USHOU,USLGB,MYPGU,"Houston, TX, USHOU",LALB,"Pasir Gudang, Johor, , MYPGU",MYPGU,OOLU,OOCL,MT256104,DRY,2,10/20/2025,12/31/2025,11/5/2025 9:38,1649,1649,162.37,162.37,1811.37,1811.37
USHOU,USLAX,MYPGU,"Houston, TX, USHOU",LALB,"Pasir Gudang, Johor, , MYPGU",MYPGU,OOLU,OOCL,MT256104,DRY,2,10/20/2025,12/31/2025,11/5/2025 9:38,1649,1649,162.37,162.37,1811.37,1811.37
USHOU,USLAX,MYPGU,"Houston, TX, USHOU",LALB,"Pasir Gudang, Johor, , MYPGU",SGSIN,YMLU,YML,51625,DRY,1,10/27/2025,12/31/2025,11/5/2025 9:38,1700,1700,268.95,268.95,1968.95,1968.95
USHOU,USHOU,MYPGU,"Houston, TX, USHOU","Houston, TX, USHOU","Pasir Gudang, Johor, , MYPGU",MYPGU,OOLU,OOCL,MT256104,DRY,2,10/20/2025,12/31/2025,11/5/2025 9:38,1912,1912,162.37,162.37,2074.37,2074.37
USHOU,USLAX,MYPGU,"Houston, TX, USHOU",LALB,"Pasir Gudang, Johor, , MYPGU",MYPGU,ONEY,ONE,CHIM354B25,DRY,1,10/1/2025,12/31/2025,11/5/2025 9:38,2326,2326,180.75,180.75,2506.75,2506.75
USHOU,USHOU,MYPKG,"Houston, TX, USHOU","Houston, TX, USHOU","Port Klang, 10, MYPKG",MYPKG,OOLU,OOCL,MT256104,DRY,2,10/20/2025,12/31/2025,11/5/2025 9:38,722,722,280.08,280.08,1002.08,1002.08
USHOU,USHOU,MYPKG,"Houston, TX, USHOU","Houston, TX, USHOU","Port Klang, 10, MYPKG",MYPKG,ONEY,ONE,CHIM354B25,DRY,1,10/1/2025,12/31/2025,11/5/2025 9:38,764,764,179.56,179.56,943.56,943.56
USHOU,USHOU,MYPKG,"Houston, TX, USHOU","Houston, TX, USHOU","Port Klang, 10, MYPKG",CNNBG,YMLU,YML,51625,DRY,1,10/27/2025,12/31/2025,11/5/2025 9:38,860,860,224.8,224.8,1084.8,1084.8
USHOU,USHOU,MYPKG,"Houston, TX, USHOU","Houston, TX, USHOU","Port Klang, 10, MYPKG",CNSHG,YMLU,YML,51625,DRY,1,10/27/2025,12/31/2025,11/5/2025 9:38,860,860,224.8,224.8,1084.8,1084.8
USHOU,USHOU,MYPKG,"Houston, TX, USHOU","Houston, TX, USHOU","Port Klang, 10, MYPKG",MYPKG,MAEU,Maersk,300094432,DRY,0,10/16/2025,3/31/2026,10/22/2025 19:06,1006,1006,0,0,1006,1006
USHOU,USHOU,MYPKG,"Houston, TX, USHOU","Houston, TX, USHOU","Port Klang, 10, MYPKG",CNSHG,YMLU,YML,51625,DRY,1,10/27/2025,12/31/2025,11/5/2025 9:38,1050,1050,224.8,224.8,1274.8,1274.8
USHOU,USLGB,MYPKG,"Houston, TX, USHOU",LALB,"Port Klang, 10, MYPKG",MYPKG,OOLU,OOCL,MT256104,DRY,2,10/20/2025,12/31/2025,11/5/2025 9:38,1109,1109,280.08,280.08,1389.08,1389.08
USHOU,USLAX,MYPKG,"Houston, TX, USHOU",LALB,"Port Klang, 10, MYPKG",MYPKG,OOLU,OOCL,MT256104,DRY,2,10/20/2025,12/31/2025,11/5/2025 9:38,1109,1109,280.08,280.08,1389.08,1389.08
USHOU,USLAX,MYPKG,"Houston, TX, USHOU",LALB,"Port Klang, 10, MYPKG",SGSIN,YMLU,YML,51625,DRY,1,10/27/2025,12/31/2025,11/5/2025 9:38,1510,1510,268.95,268.95,1778.95,1778.95
USHOU,USLAX,MYPKG,"Houston, TX, USHOU",LALB,"Port Klang, 10, MYPKG",SGSIN,YMLU,YML,51625,DRY,1,10/27/2025,12/31/2025,11/5/2025 9:38,1700,1700,268.95,268.95,1968.95,1968.95
USHOU,USLAX,MYPKG,"Houston, TX, USHOU",LALB,"Port Klang, 10, MYPKG",MYPKG,ONEY,ONE,CHIM354B25,DRY,1,10/1/2025,12/31/2025,11/5/2025 9:38,2326,2326,179.56,179.56,2505.56,2505.56
USHOU,USHOU,MYTPP,"Houston, TX, USHOU","Houston, TX, USHOU","Tanjung Pelepas, 1, MYTPP",MYTPP,MAEU,Maersk,300094432,DRY,0,10/16/2025,3/31/2026,10/22/2025 19:06,966,966,0,0,966,966
USHOU,USHOU,NIMGA,"Houston, TX, USHOU","Houston, TX, USHOU","Managua, , NIMGA",NIMGA,ONEY,ONE,CHIM354B25,DRY,1,10/1/2025,12/31/2025,11/5/2025 9:38,3938,3938,405,405,4343,4343
USHOU,USHOU,PAROD,"Houston, TX, USHOU","Houston, TX, USHOU","Rodman, 8, PAROD",PAROD,ONEY,ONE,CHIM354B25,DRY,1,10/1/2025,12/31/2025,11/5/2025 9:38,1388,1388,292,292,1680,1680
USHOU,USHOU,PECLL,"Houston, TX, USHOU","Houston, TX, USHOU","Callao, , PECLL",PECLL,ONEY,ONE,CHIM354B25,DRY,1,10/1/2025,12/31/2025,11/5/2025 9:38,1358,1358,105,105,1463,1463
USHOU,USHOU,PECLL,"Houston, TX, USHOU","Houston, TX, USHOU","Callao, , PECLL",PECLL,MSCU,MSC,25-348WCSA,DRY,0,11/3/2025,12/31/2025,11/5/2025 9:38,2571,2571,65,65,2636,2636
USHOU,USHOU,PHCEB,"Houston, TX, USHOU","Houston, TX, USHOU","Cebu, , PHCEB",PHCEB,MAEU,Maersk,300094432,DRY,0,10/16/2025,3/31/2026,10/22/2025 19:06,1579,1579,0,0,1579,1579
USHOU,USLAX,PHCEB,"Houston, TX, USHOU",LALB,"Cebu, , PHCEB",PHCEB,OOLU,OOCL,MT256104,DRY,2,10/20/2025,12/31/2025,11/5/2025 9:38,1654,1654,236,236,1890,1890
USHOU,USLGB,PHCEB,"Houston, TX, USHOU",LALB,"Cebu, , PHCEB",PHCEB,OOLU,OOCL,MT256104,DRY,2,10/20/2025,12/31/2025,11/5/2025 9:38,1654,1654,236,236,1890,1890
USHOU,USHOU,PHCEB,"Houston, TX, USHOU","Houston, TX, USHOU","Cebu, , PHCEB",TWKHH,YMLU,YML,51625,DRY,1,10/27/2025,12/31/2025,11/5/2025 9:38,1780,1780,227.3,227.3,2007.3,2007.3
USHOU,USHOU,PHDVO,"Houston, TX, USHOU","Houston, TX, USHOU","Davao, Mindanao, , PHDVO",DAVAO,EGLV,EMC,SC103574,DRY,,10/1/2025,12/31/2025,11/5/2025 9:38,1200,1200,253,286,1453,1486
USHOU,USHOU,PHDVO,"Houston, TX, USHOU","Houston, TX, USHOU","Davao, Mindanao, , PHDVO",CNSHG,YMLU,YML,51625,DRY,1,10/27/2025,12/31/2025,11/5/2025 9:38,1585,1585,224.8,224.8,1809.8,1809.8
USHOU,USLAX,PHDVO,"Houston, TX, USHOU",LALB,"Davao, Mindanao, , PHDVO",SGSIN,YMLU,YML,51625,DRY,1,10/27/2025,12/31/2025,11/5/2025 9:38,2235,2235,268.95,268.95,2503.95,2503.95
USHOU,USHOU,PHMNL,"Houston, TX, USHOU","Houston, TX, USHOU","Manila, , PHMNL",PHMNL,ONEY,ONE,CHIM354B25,DRY,1,10/1/2025,12/31/2025,11/5/2025 9:38,864,864,265,265,1129,1129
USHOU,USHOU,PHMNL,"Houston, TX, USHOU","Houston, TX, USHOU","Manila, , PHMNL",TWKHH,YMLU,YML,51625,DRY,1,10/27/2025,12/31/2025,11/5/2025 9:38,900,900,227.3,227.3,1127.3,1127.3
USHOU,USHOU,PHMNL,"Houston, TX, USHOU","Houston, TX, USHOU","Manila, , PHMNL",PHMNL,MAEU,Maersk,300094432,DRY,0,10/16/2025,3/31/2026,10/22/2025 19:06,1261,1261,0,0,1261,1261
USHOU,USHOU,PHMNL,"Houston, TX, USHOU","Houston, TX, USHOU","Manila, , PHMNL",MANILA (NORTH PORT),EGLV,EMC,SC103574,DRY,,10/1/2025,12/31/2025,11/5/2025 9:38,1350,1350,230,260,1580,1610
USHOU,USLGB,PHMNL,"Houston, TX, USHOU",LALB,"Manila, , PHMNL",PHMNL,OOLU,OOCL,MT256104,DRY,2,10/20/2025,12/31/2025,11/5/2025 9:38,1654,1654,236,236,1890,1890
USHOU,USLAX,PHMNL,"Houston, TX, USHOU",LALB,"Manila, , PHMNL",PHMNL,OOLU,OOCL,MT256104,DRY,2,10/20/2025,12/31/2025,11/5/2025 9:38,1654,1654,236,236,1890,1890
USHOU,USLAX,PHMNL,"Houston, TX, USHOU",LALB,"Manila, , PHMNL",PHMNL,ONEY,ONE,CHIM354B25,DRY,1,10/1/2025,12/31/2025,11/5/2025 9:38,2276,2276,265,265,2541,2541
USHOU,USHOU,PHMNS,"Houston, TX, USHOU","Houston, TX, USHOU","Manila South Harbour, , PHMNS",MANILA SOUTH PORT,EGLV,EMC,SC103574,DRY,,10/1/2025,12/31/2025,11/5/2025 9:38,1350,1350,306,336,1656,1686
USHOU,USHOU,PKBQM,"Houston, TX, USHOU","Houston, TX, USHOU","Port Qasim/Karachi, SD, PKBQM",PKBQM,MAEU,Maersk,300094432,DRY,0,10/16/2025,3/31/2026,10/22/2025 19:06,1829,1829,0,0,1829,1829
USHOU,USHOU,PKKHI,"Houston, TX, USHOU","Houston, TX, USHOU","Karachi, SD, PKKHI",KARACHI,EGLV,EMC,SC103574,DRY,,10/1/2025,12/31/2025,11/5/2025 9:38,1700,1700,170,170,1870,1870
USHOU,USHOU,PKKHI,"Houston, TX, USHOU","Houston, TX, USHOU","Karachi, SD, PKKHI","Keamari Karachi, PK",MAEU,Maersk,300094432,DRY,0,10/16/2025,3/31/2026,10/22/2025 19:06,1829,1829,0,0,1829,1829
USHOU,USLAX,PKKHI,"Houston, TX, USHOU",LALB,"Karachi, SD, PKKHI",PKKHI,ONEY,ONE,CHIM354B25,DRY,1,10/1/2025,12/31/2025,11/5/2025 9:38,2976,2976,428,428,3404,3404
USHOU,USHOU,PTLEI,"Houston, TX, USHOU","Houston, TX, USHOU","Leixoes, 13, PTLEI",PTLEI,ONEY,ONE,CHIM354B25,DRY,1,10/1/2025,12/31/2025,11/5/2025 9:38,1924,1924,345.67,345.67,2269.67,2269.67
USHOU,USHOU,PTLEI,"Houston, TX, USHOU","Houston, TX, USHOU","Leixoes, 13, PTLEI",PTLEI,MAEU,Maersk,300094432,DRY,0,10/16/2025,3/31/2026,10/22/2025 19:06,2196,2196,0,0,2196,2196
USHOU,USHOU,PTLIS,"Houston, TX, USHOU","Houston, TX, USHOU","Lisboa, 11, PTLIS",PTLIS,ONEY,ONE,CHIM354B25,DRY,1,10/1/2025,12/31/2025,11/5/2025 9:38,2004,2004,345.67,345.67,2349.67,2349.67
USHOU,USHOU,SGSIN,"Houston, TX, USHOU","Houston, TX, USHOU","Singapore, , SGSIN",SGSIN,OOLU,OOCL,MT256104,DRY,2,10/20/2025,12/31/2025,11/5/2025 4:10,397,397,299.69,299.69,696.69,696.69
USHOU,USHOU,SGSIN,"Houston, TX, USHOU","Houston, TX, USHOU","Singapore, , SGSIN",CNSHG,YMLU,YML,51625,DRY,1,10/27/2025,12/31/2025,11/5/2025 9:38,580,580,224.8,224.8,804.8,804.8
USHOU,USHOU,SGSIN,"Houston, TX, USHOU","Houston, TX, USHOU","Singapore, , SGSIN",CNNBG,YMLU,YML,51625,DRY,1,10/27/2025,12/31/2025,11/5/2025 9:38,580,580,224.8,224.8,804.8,804.8
USHOU,USHOU,SGSIN,"Houston, TX, USHOU","Houston, TX, USHOU","Singapore, , SGSIN",SGSIN,MAEU,Maersk,300094432,DRY,0,10/16/2025,3/31/2026,10/22/2025 19:06,1011,1011,0,0,1011,1011
USHOU,USHOU,SGSIN,"Houston, TX, USHOU","Houston, TX, USHOU","Singapore, , SGSIN",SGSIN,ONEY,ONE,CHIM354B25,DRY,1,10/1/2025,12/31/2025,11/5/2025 9:38,1014,1014,339.65,339.65,1353.65,1353.65
USHOU,USLAX,SGSIN,"Houston, TX, USHOU",LALB,"Singapore, , SGSIN",SGSIN,YMLU,YML,51625,DRY,1,10/27/2025,12/31/2025,11/5/2025 9:38,1100,1100,268.95,268.95,1368.95,1368.95
USHOU,USLAX,SGSIN,"Houston, TX, USHOU",LALB,"Singapore, , SGSIN",SGSIN,OOLU,OOCL,MT256104,DRY,2,10/20/2025,12/31/2025,11/5/2025 4:10,1169,1169,299.69,299.69,1468.69,1468.69
USHOU,USLGB,SGSIN,"Houston, TX, USHOU",LALB,"Singapore, , SGSIN",SGSIN,OOLU,OOCL,MT256104,DRY,2,10/20/2025,12/31/2025,11/5/2025 4:10,1169,1169,299.69,299.69,1468.69,1468.69
USHOU,USHOU,THBKK,"Houston, TX, USHOU","Houston, TX, USHOU","Bangkok, , THBKK",CNSHG,YMLU,YML,51625,DRY,1,10/27/2025,12/31/2025,11/5/2025 9:38,700,700,224.8,224.8,924.8,924.8
USHOU,USHOU,THBKK,"Houston, TX, USHOU","Houston, TX, USHOU","Bangkok, , THBKK",CNNBG,YMLU,YML,51625,DRY,1,10/27/2025,12/31/2025,11/5/2025 9:38,700,700,224.8,224.8,924.8,924.8
USHOU,USHOU,THBKK,"Houston, TX, USHOU","Houston, TX, USHOU","Bangkok, , THBKK",THBKK,OOLU,OOCL,MT256104,DRY,2,10/20/2025,12/31/2025,11/5/2025 9:38,857,857,134.3,134.3,991.3,991.3
USHOU,USHOU,THBKK,"Houston, TX, USHOU","Houston, TX, USHOU","Bangkok, , THBKK",THBKK,ONEY,ONE,CHIM354B25,DRY,1,10/1/2025,12/31/2025,11/5/2025 9:38,924,924,191.42,191.42,1115.42,1115.42
USHOU,USHOU,THBKK,"Houston, TX, USHOU","Houston, TX, USHOU","Bangkok, , THBKK","Laem Chabang, TH",MAEU,Maersk,300094432,DRY,0,10/16/2025,3/31/2026,10/22/2025 19:06,990,990,0,0,990,990
USHOU,USLAX,THBKK,"Houston, TX, USHOU",LALB,"Bangkok, , THBKK",SGSIN,YMLU,YML,51625,DRY,1,10/27/2025,12/31/2025,11/5/2025 9:38,1350,1350,268.95,268.95,1618.95,1618.95
USHOU,USLAX,THBKK,"Houston, TX, USHOU",LALB,"Bangkok, , THBKK",THBKK,OOLU,OOCL,MT256104,DRY,2,10/20/2025,12/31/2025,11/5/2025 9:38,1419,1419,134.3,134.3,1553.3,1553.3
USHOU,USLGB,THBKK,"Houston, TX, USHOU",LALB,"Bangkok, , THBKK",THBKK,OOLU,OOCL,MT256104,DRY,2,10/20/2025,12/31/2025,11/5/2025 9:38,1419,1419,134.3,134.3,1553.3,1553.3
USHOU,USHOU,THBKK,"Houston, TX, USHOU","Houston, TX, USHOU","Bangkok, , THBKK",BANGKOK,EGLV,EMC,SC103574,DRY,,10/1/2025,12/31/2025,11/5/2025 9:38,1600,1600,132.76,132.76,1732.76,1732.76
USHOU,USLAX,THBKK,"Houston, TX, USHOU",LALB,"Bangkok, , THBKK",THBKK,ONEY,ONE,CHIM354B25,DRY,1,10/1/2025,12/31/2025,11/5/2025 9:38,2301,2301,191.42,191.42,2492.42,2492.42
USHOU,USHOU,THLCH,"Houston, TX, USHOU","Houston, TX, USHOU","Laem Chabang, 20, THLCH",THLCH,YMLU,YML,51625,DRY,1,10/27/2025,12/31/2025,11/5/2025 9:38,500,500,135.84,135.84,635.84,635.84
USHOU,USHOU,THLCH,"Houston, TX, USHOU","Houston, TX, USHOU","Laem Chabang, 20, THLCH",THLCH,OOLU,OOCL,MT256104,DRY,2,10/20/2025,12/31/2025,11/5/2025 9:38,567,567,134.3,134.3,701.3,701.3
USHOU,USHOU,THLCH,"Houston, TX, USHOU","Houston, TX, USHOU","Laem Chabang, 20, THLCH",CNSHG,YMLU,YML,51625,DRY,1,10/27/2025,12/31/2025,11/5/2025 9:38,770,770,224.8,224.8,994.8,994.8
USHOU,USHOU,THLCH,"Houston, TX, USHOU","Houston, TX, USHOU","Laem Chabang, 20, THLCH",CNNBG,YMLU,YML,51625,DRY,1,10/27/2025,12/31/2025,11/5/2025 9:38,770,770,224.8,224.8,994.8,994.8
USHOU,USHOU,THLCH,"Houston, TX, USHOU","Houston, TX, USHOU","Laem Chabang, 20, THLCH",THLCH,ONEY,ONE,CHIM354B25,DRY,1,10/1/2025,12/31/2025,11/5/2025 9:38,864,864,251.93,251.93,1115.93,1115.93
USHOU,USHOU,THLCH,"Houston, TX, USHOU","Houston, TX, USHOU","Laem Chabang, 20, THLCH",THLCH,MAEU,Maersk,300094432,DRY,0,10/16/2025,3/31/2026,10/22/2025 19:06,920,920,0,0,920,920
USHOU,USLAX,THLCH,"Houston, TX, USHOU",LALB,"Laem Chabang, 20, THLCH",THLCH,OOLU,OOCL,MT256104,DRY,2,10/20/2025,12/31/2025,11/5/2025 9:38,1069,1069,134.3,134.3,1203.3,1203.3
USHOU,USLGB,THLCH,"Houston, TX, USHOU",LALB,"Laem Chabang, 20, THLCH",THLCH,OOLU,OOCL,MT256104,DRY,2,10/20/2025,12/31/2025,11/5/2025 9:38,1069,1069,134.3,134.3,1203.3,1203.3
USHOU,USLAX,THLCH,"Houston, TX, USHOU",LALB,"Laem Chabang, 20, THLCH",SGSIN,YMLU,YML,51625,DRY,1,10/27/2025,12/31/2025,11/5/2025 9:38,1270,1270,268.95,268.95,1538.95,1538.95
USHOU,USHOU,THLCH,"Houston, TX, USHOU","Houston, TX, USHOU","Laem Chabang, 20, THLCH",LAEM CHABANG,EGLV,EMC,SC103574,DRY,,10/1/2025,12/31/2025,11/5/2025 9:38,1600,1600,132.76,132.76,1732.76,1732.76
USHOU,USLAX,THLCH,"Houston, TX, USHOU",LALB,"Laem Chabang, 20, THLCH",THLCH,ONEY,ONE,CHIM354B25,DRY,1,10/1/2025,12/31/2025,11/5/2025 9:38,2016,2016,251.93,251.93,2267.93,2267.93
USHOU,USHOU,THLKR,"Houston, TX, USHOU","Houston, TX, USHOU","Lat Krabang, 10, THLKR",THLKR,OOLU,OOCL,MT256104,DRY,2,10/20/2025,12/31/2025,11/5/2025 9:38,857,857,134.3,134.3,991.3,991.3
USHOU,USHOU,THLKR,"Houston, TX, USHOU","Houston, TX, USHOU","Lat Krabang, 10, THLKR",THLKR,ONEY,ONE,CHIM354B25,DRY,1,10/1/2025,12/31/2025,11/5/2025 9:38,864,864,251.93,251.93,1115.93,1115.93
USHOU,USLAX,THLKR,"Houston, TX, USHOU",LALB,"Lat Krabang, 10, THLKR",THLKR,OOLU,OOCL,MT256104,DRY,2,10/20/2025,12/31/2025,11/5/2025 9:38,1419,1419,134.3,134.3,1553.3,1553.3
USHOU,USLGB,THLKR,"Houston, TX, USHOU",LALB,"Lat Krabang, 10, THLKR",THLKR,OOLU,OOCL,MT256104,DRY,2,10/20/2025,12/31/2025,11/5/2025 9:38,1419,1419,134.3,134.3,1553.3,1553.3
USHOU,USLAX,THLKR,"Houston, TX, USHOU",LALB,"Lat Krabang, 10, THLKR",THLKR,ONEY,ONE,CHIM354B25,DRY,1,10/1/2025,12/31/2025,11/5/2025 9:38,2241,2241,251.93,251.93,2492.93,2492.93
USHOU,USLAX,THSGZ,"Houston, TX, USHOU",LALB,"Songkhla, 90, THSGZ",SGSIN,YMLU,YML,51625,DRY,1,10/27/2025,12/31/2025,11/5/2025 9:38,2220,2220,268.95,268.95,2488.95,2488.95
USHOU,USHOU,TRISK,"Houston, TX, USHOU","Houston, TX, USHOU","Iskenderun, 31, TRISK",TRISK,MAEU,Maersk,300094432,DRY,0,10/16/2025,3/31/2026,10/22/2025 19:06,1869,1869,0,0,1869,1869
USHOU,USHOU,TRIST,"Houston, TX, USHOU","Houston, TX, USHOU","Istanbul, 34, TRIST",TRIST,MAEU,Maersk,300094432,DRY,0,10/16/2025,3/31/2026,10/22/2025 19:06,1544,1544,0,0,1544,1544
USHOU,USHOU,TRIZM,"Houston, TX, USHOU","Houston, TX, USHOU","Izmir, 35, TRIZM",TRIZM,MAEU,Maersk,300094432,DRY,0,10/16/2025,3/31/2026,10/22/2025 19:06,1699,1699,0,0,1699,1699
USHOU,USHOU,TRMER,"Houston, TX, USHOU","Houston, TX, USHOU","Mersin, 33, TRMER",TRMER,ONEY,ONE,CHIM354B25,DRY,1,10/1/2025,12/31/2025,11/5/2025 9:38,1486,1486,400,400,1886,1886
USHOU,USHOU,TRMER,"Houston, TX, USHOU","Houston, TX, USHOU","Mersin, 33, TRMER",TRMER,MAEU,Maersk,300094432,DRY,0,10/16/2025,3/31/2026,10/22/2025 19:06,1939,1939,0,0,1939,1939
USHOU,USHOU,TWKEL,"Houston, TX, USHOU","Houston, TX, USHOU","Keelung, , TWKEL",TWKEL,YMLU,YML,51625,DRY,1,10/27/2025,12/31/2025,11/5/2025 9:38,400,400,227.3,227.3,627.3,627.3
USHOU,USHOU,TWKEL,"Houston, TX, USHOU","Houston, TX, USHOU","Keelung, , TWKEL",TWKHH,YMLU,YML,51625,DRY,1,10/27/2025,12/31/2025,11/5/2025 9:38,700,700,227.3,227.3,927.3,927.3
USHOU,USHOU,TWKEL,"Houston, TX, USHOU","Houston, TX, USHOU","Keelung, , TWKEL",TWKHH,YMLU,YML,51625,DRY,1,10/27/2025,12/31/2025,11/5/2025 9:38,750,750,227.3,227.3,977.3,977.3
USHOU,USHOU,TWKEL,"Houston, TX, USHOU","Houston, TX, USHOU","Keelung, , TWKEL",TWKEL,ONEY,ONE,CHIM354B25,DRY,1,10/1/2025,12/31/2025,11/5/2025 9:38,864,864,227.3,255.71,1091.3,1119.71
USHOU,USHOU,TWKEL,"Houston, TX, USHOU","Houston, TX, USHOU","Keelung, , TWKEL",TWKEL,MAEU,Maersk,300094432,DRY,0,10/16/2025,3/31/2026,10/22/2025 19:06,1057,1057,0,0,1057,1057
USHOU,USLGB,TWKEL,"Houston, TX, USHOU",LALB,"Keelung, , TWKEL",TWKEL,OOLU,OOCL,MT256104,DRY,2,10/20/2025,12/31/2025,11/5/2025 9:38,1174,1174,227.3,255.71,1401.3,1429.71
USHOU,USLAX,TWKEL,"Houston, TX, USHOU",LALB,"Keelung, , TWKEL",TWKEL,OOLU,OOCL,MT256104,DRY,2,10/20/2025,12/31/2025,11/5/2025 9:38,1174,1174,227.3,255.71,1401.3,1429.71
USHOU,USLAX,TWKEL,"Houston, TX, USHOU",LALB,"Keelung, , TWKEL",TWKEL,ONEY,ONE,CHIM354B25,DRY,1,10/1/2025,12/31/2025,11/5/2025 9:38,1651,1651,227.3,255.71,1878.3,1906.71
USHOU,USHOU,TWKHH,"Houston, TX, USHOU","Houston, TX, USHOU","Kaohsiung, , TWKHH",TWKHH,YMLU,YML,51625,DRY,1,10/27/2025,12/31/2025,11/5/2025 9:38,300,300,227.3,227.3,527.3,527.3
USHOU,USHOU,TWKHH,"Houston, TX, USHOU","Houston, TX, USHOU","Kaohsiung, , TWKHH",TWKHH,YMLU,YML,51625,DRY,1,10/27/2025,12/31/2025,11/5/2025 9:38,400,400,227.3,227.3,627.3,627.3
USHOU,USHOU,TWKHH,"Houston, TX, USHOU","Houston, TX, USHOU","Kaohsiung, , TWKHH",TWKHH,YMLU,YML,51625,DRY,1,10/27/2025,12/31/2025,11/5/2025 9:38,550,550,227.3,227.3,777.3,777.3
USHOU,USHOU,TWKHH,"Houston, TX, USHOU","Houston, TX, USHOU","Kaohsiung, , TWKHH",TWKHH,ONEY,ONE,CHIM354B25,DRY,1,10/1/2025,12/31/2025,11/5/2025 9:38,864,864,227.3,255.71,1091.3,1119.71
USHOU,USHOU,TWKHH,"Houston, TX, USHOU","Houston, TX, USHOU","Kaohsiung, , TWKHH",TWKHH,MAEU,Maersk,300094432,DRY,0,10/16/2025,3/31/2026,10/22/2025 19:06,907,907,0,0,907,907
USHOU,USLGB,TWKHH,"Houston, TX, USHOU",LALB,"Kaohsiung, , TWKHH",TWKHH,OOLU,OOCL,MT256104,DRY,2,10/20/2025,12/31/2025,11/5/2025 9:38,1069,1069,227.3,255.71,1296.3,1324.71
USHOU,USLAX,TWKHH,"Houston, TX, USHOU",LALB,"Kaohsiung, , TWKHH",TWKHH,OOLU,OOCL,MT256104,DRY,2,10/20/2025,12/31/2025,11/5/2025 9:38,1069,1069,227.3,255.71,1296.3,1324.71
USHOU,USHOU,TWKHH,"Houston, TX, USHOU","Houston, TX, USHOU","Kaohsiung, , TWKHH",KAOHSIUNG,EGLV,EMC,SC103574,DRY,,10/1/2025,12/31/2025,11/5/2025 9:38,1150,1150,227.3,227.3,1377.3,1377.3
USHOU,USLAX,TWKHH,"Houston, TX, USHOU",LALB,"Kaohsiung, , TWKHH",TWKHH,ONEY,ONE,CHIM354B25,DRY,1,10/1/2025,12/31/2025,11/5/2025 9:38,1651,1651,227.3,255.71,1878.3,1906.71
USHOU,USHOU,TWTPE,"Houston, TX, USHOU","Houston, TX, USHOU","Taipei, TPE, TWTPE",TWTPE,ONEY,ONE,CHIM354B25,DRY,1,10/1/2025,12/31/2025,11/5/2025 9:38,914,914,227.3,255.71,1141.3,1169.71
USHOU,USLGB,TWTPE,"Houston, TX, USHOU",LALB,"Taipei, TPE, TWTPE",TWTPE,OOLU,OOCL,MT256104,DRY,2,10/20/2025,12/31/2025,11/5/2025 9:38,1094,1094,0,0,1094,1094
USHOU,USLAX,TWTPE,"Houston, TX, USHOU",LALB,"Taipei, TPE, TWTPE",TWTPE,OOLU,OOCL,MT256104,DRY,2,10/20/2025,12/31/2025,11/5/2025 9:38,1094,1094,0,0,1094,1094
USHOU,USHOU,TWTPE,"Houston, TX, USHOU","Houston, TX, USHOU","Taipei, TPE, TWTPE",TAIPEI,EGLV,EMC,SC103574,DRY,,10/1/2025,12/31/2025,11/5/2025 9:38,1700,1700,227.3,227.3,1927.3,1927.3
USHOU,USHOU,TWTXG,"Houston, TX, USHOU","Houston, TX, USHOU","Taichung, , TWTXG",TWTXG,YMLU,YML,51625,DRY,1,10/27/2025,12/31/2025,11/5/2025 9:38,300,300,227.3,227.3,527.3,527.3
USHOU,USHOU,TWTXG,"Houston, TX, USHOU","Houston, TX, USHOU","Taichung, , TWTXG",TWKHH,YMLU,YML,51625,DRY,1,10/27/2025,12/31/2025,11/5/2025 9:38,500,500,227.3,227.3,727.3,727.3
USHOU,USHOU,TWTXG,"Houston, TX, USHOU","Houston, TX, USHOU","Taichung, , TWTXG",TWTXG,ONEY,ONE,CHIM354B25,DRY,1,10/1/2025,12/31/2025,11/5/2025 9:38,864,864,227.3,255.71,1091.3,1119.71
USHOU,USHOU,TWTXG,"Houston, TX, USHOU","Houston, TX, USHOU","Taichung, , TWTXG",TWTXG,MAEU,Maersk,300094432,DRY,0,10/16/2025,3/31/2026,10/22/2025 19:06,1084,1084,0,0,1084,1084
USHOU,USLAX,TWTXG,"Houston, TX, USHOU",LALB,"Taichung, , TWTXG",TWTXG,OOLU,OOCL,MT256104,DRY,2,10/20/2025,12/31/2025,11/5/2025 9:38,1174,1174,227.3,255.71,1401.3,1429.71
USHOU,USLGB,TWTXG,"Houston, TX, USHOU",LALB,"Taichung, , TWTXG",TWTXG,OOLU,OOCL,MT256104,DRY,2,10/20/2025,12/31/2025,11/5/2025 9:38,1174,1174,227.3,255.71,1401.3,1429.71
USHOU,USLAX,TWTXG,"Houston, TX, USHOU",LALB,"Taichung, , TWTXG",TWTXG,ONEY,ONE,CHIM354B25,DRY,1,10/1/2025,12/31/2025,11/5/2025 9:38,1901,1901,227.3,255.71,2128.3,2156.71
USHOU,USHOU,TWTYN,"Houston, TX, USHOU","Houston, TX, USHOU","Taoyuan, , TWTYN",TWKHH,YMLU,YML,51625,DRY,1,10/27/2025,12/31/2025,11/5/2025 9:38,550,550,227.3,227.3,777.3,777.3
USHOU,USHOU,TWTYN,"Houston, TX, USHOU","Houston, TX, USHOU","Taoyuan, , TWTYN",TWTYN,YMLU,YML,51625,DRY,1,10/27/2025,12/31/2025,11/5/2025 9:38,750,750,227.3,227.3,977.3,977.3
USHOU,USHOU,TWTYN,"Houston, TX, USHOU","Houston, TX, USHOU","Taoyuan, , TWTYN","Keelung, TW",MAEU,Maersk,300094432,DRY,0,10/16/2025,3/31/2026,10/22/2025 19:06,817,817,0,0,817,817
USHOU,USHOU,TWTYN,"Houston, TX, USHOU","Houston, TX, USHOU","Taoyuan, , TWTYN",TWTYN,ONEY,ONE,CHIM354B25,DRY,1,10/1/2025,12/31/2025,11/5/2025 9:38,864,864,227.3,255.71,1091.3,1119.71
USHOU,USLAX,TWTYN,"Houston, TX, USHOU",LALB,"Taoyuan, , TWTYN",TWTYN,ONEY,ONE,CHIM354B25,DRY,1,10/1/2025,12/31/2025,11/5/2025 9:38,1901,1901,227.3,255.71,2128.3,2156.71
USHOU,USLAX,VNBDG,"Houston, TX, USHOU",LALB,"Binh Duong Terminal, 39, VNBDG",VNCMT,YMLU,YML,51625,DRY,1,10/27/2025,12/31/2025,11/5/2025 9:38,1280,1280,177.38,177.38,1457.38,1457.38
USHOU,USHOU,VNCLI,"Houston, TX, USHOU","Houston, TX, USHOU","Cat Lai, 65, VNCLI",VNCLI,YMLU,YML,51625,DRY,1,10/27/2025,12/31/2025,11/5/2025 9:38,450,450,177.38,177.38,627.38,627.38
USHOU,USHOU,VNCLI,"Houston, TX, USHOU","Houston, TX, USHOU","Cat Lai, 65, VNCLI",TWKHH,YMLU,YML,51625,DRY,1,10/27/2025,12/31/2025,11/5/2025 9:38,550,550,227.3,227.3,777.3,777.3
USHOU,USLAX,VNCLI,"Houston, TX, USHOU",LALB,"Cat Lai, 65, VNCLI",VNCMT,YMLU,YML,51625,DRY,1,10/27/2025,12/31/2025,11/5/2025 9:38,1250,1250,177.38,177.38,1427.38,1427.38
USHOU,USHOU,VNCMT,"Houston, TX, USHOU","Houston, TX, USHOU","Cai Mep Terminal, 43, VNCMT",VNCMT,ONEY,ONE,CHIM354B25,DRY,1,10/1/2025,12/31/2025,11/5/2025 9:38,764,764,182.41,182.41,946.41,946.41
USHOU,USLAX,VNCMT,"Houston, TX, USHOU",LALB,"Cai Mep Terminal, 43, VNCMT",VNCMT,YMLU,YML,51625,DRY,1,10/27/2025,12/31/2025,11/5/2025 9:38,1100,1100,177.38,177.38,1277.38,1277.38
USHOU,USLAX,VNCMT,"Houston, TX, USHOU",LALB,"Cai Mep Terminal, 43, VNCMT",SGSIN,YMLU,YML,51625,DRY,1,10/27/2025,12/31/2025,11/5/2025 9:38,1320,1320,268.95,268.95,1588.95,1588.95
USHOU,USLAX,VNCMT,"Houston, TX, USHOU",LALB,"Cai Mep Terminal, 43, VNCMT",VNCMT,ONEY,ONE,CHIM354B25,DRY,1,10/1/2025,12/31/2025,11/5/2025 9:38,2276,2276,182.41,182.41,2458.41,2458.41
USHOU,USHOU,VNDAD,"Houston, TX, USHOU","Houston, TX, USHOU","Da Nang, , VNDAD",TWKHH,YMLU,YML,51625,DRY,1,10/27/2025,12/31/2025,11/5/2025 9:38,800,800,177.38,177.38,977.38,977.38
USHOU,USHOU,VNDAD,"Houston, TX, USHOU","Houston, TX, USHOU","Da Nang, , VNDAD",TWKHH,YMLU,YML,51625,DRY,1,10/27/2025,12/31/2025,11/5/2025 9:38,930,930,227.3,227.3,1157.3,1157.3
USHOU,USHOU,VNDAD,"Houston, TX, USHOU","Houston, TX, USHOU","Da Nang, , VNDAD",VNDAD,MAEU,Maersk,300094432,DRY,0,10/16/2025,3/31/2026,11/3/2025 4:10,957,957,199.51,199.51,1156.51,1156.51
USHOU,USHOU,VNDAD,"Houston, TX, USHOU","Houston, TX, USHOU","Da Nang, , VNDAD",VNDAD,ONEY,ONE,CHIM354B25,DRY,1,10/1/2025,12/31/2025,11/5/2025 9:38,964,964,182.41,182.41,1146.41,1146.41
USHOU,USHOU,VNDAD,"Houston, TX, USHOU","Houston, TX, USHOU","Da Nang, , VNDAD",DA NANG,EGLV,EMC,SC103574,DRY,,10/1/2025,12/31/2025,11/5/2025 9:38,1200,1200,167.59,167.59,1367.59,1367.59
USHOU,USLAX,VNDAD,"Houston, TX, USHOU",LALB,"Da Nang, , VNDAD",VNCMT,YMLU,YML,51625,DRY,1,10/27/2025,12/31/2025,11/5/2025 9:38,1630,1630,177.38,177.38,1807.38,1807.38
USHOU,USLAX,VNDAD,"Houston, TX, USHOU",LALB,"Da Nang, , VNDAD",VNDAD,ONEY,ONE,CHIM354B25,DRY,1,10/1/2025,12/31/2025,11/5/2025 9:38,2966,2966,182.41,182.41,3148.41,3148.41
USHOU,USLAX,VNDNA,"Houston, TX, USHOU",LALB,"Dong Nai, , VNDNA",VNCMT,YMLU,YML,51625,DRY,1,10/27/2025,12/31/2025,11/5/2025 9:38,1280,1280,177.38,177.38,1457.38,1457.38
USHOU,USHOU,VNHPH,"Houston, TX, USHOU","Houston, TX, USHOU","Haiphong, , VNHPH",VNHPH,YMLU,YML,51625,DRY,1,10/27/2025,12/31/2025,11/5/2025 9:38,400,400,177.38,177.38,577.38,577.38
USHOU,USHOU,VNHPH,"Houston, TX, USHOU","Houston, TX, USHOU","Haiphong, , VNHPH",VNHPH,ONEY,ONE,CHIM354B25,DRY,1,10/1/2025,12/31/2025,11/5/2025 9:38,964,964,182.41,182.41,1146.41,1146.41
USHOU,USLGB,VNHPH,"Houston, TX, USHOU",LALB,"Haiphong, , VNHPH",VNHPH,OOLU,OOCL,MT256104,DRY,2,10/20/2025,12/31/2025,11/5/2025 9:38,1069,1069,143,143,1212,1212
USHOU,USLAX,VNHPH,"Houston, TX, USHOU",LALB,"Haiphong, , VNHPH",VNHPH,OOLU,OOCL,MT256104,DRY,2,10/20/2025,12/31/2025,11/5/2025 9:38,1069,1069,143,143,1212,1212
USHOU,USHOU,VNHPH,"Houston, TX, USHOU","Houston, TX, USHOU","Haiphong, , VNHPH",CNNBG,YMLU,YML,51625,DRY,1,10/27/2025,12/31/2025,11/5/2025 9:38,1150,1150,224.8,224.8,1374.8,1374.8
USHOU,USHOU,VNHPH,"Houston, TX, USHOU","Houston, TX, USHOU","Haiphong, , VNHPH",CNSHG,YMLU,YML,51625,DRY,1,10/27/2025,12/31/2025,11/5/2025 9:38,1150,1150,224.8,224.8,1374.8,1374.8
USHOU,USHOU,VNHPH,"Houston, TX, USHOU","Houston, TX, USHOU","Haiphong, , VNHPH",HAIPHONG,EGLV,EMC,SC103574,DRY,,10/1/2025,12/31/2025,11/5/2025 9:38,1200,1200,167.59,167.59,1367.59,1367.59
USHOU,USLAX,VNHPH,"Houston, TX, USHOU",LALB,"Haiphong, , VNHPH",SGSIN,YMLU,YML,51625,DRY,1,10/27/2025,12/31/2025,11/5/2025 9:38,1800,1800,268.95,268.95,2068.95,2068.95
USHOU,USLAX,VNHPH,"Houston, TX, USHOU",LALB,"Haiphong, , VNHPH",VNCMT,YMLU,YML,51625,DRY,1,10/27/2025,12/31/2025,11/5/2025 9:38,1800,1800,177.38,177.38,1977.38,1977.38
USHOU,USHOU,VNHPH,"Houston, TX, USHOU","Houston, TX, USHOU","Haiphong, , VNHPH",VNHPH,OOLU,OOCL,MT256104,DRY,2,10/20/2025,12/31/2025,11/5/2025 9:38,1937,1937,143,143,2080,2080
USHOU,USLAX,VNHPH,"Houston, TX, USHOU",LALB,"Haiphong, , VNHPH",VNHPH,ONEY,ONE,CHIM354B25,DRY,1,10/1/2025,12/31/2025,11/5/2025 9:38,2526,2526,182.41,182.41,2708.41,2708.41
USHOU,USLAX,VNIPH,"Houston, TX, USHOU",LALB,"Phuoc Long ICD, , VNIPH",VNCMT,YMLU,YML,51625,DRY,1,10/27/2025,12/31/2025,11/5/2025 9:38,1245,1245,177.38,177.38,1422.38,1422.38
USHOU,USLAX,VNNHD,"Houston, TX, USHOU",LALB,"Nam Hai Dinh Vu Port, HP, VNNHD",VNNHD,YMLU,YML,51625,DRY,1,10/27/2025,12/31/2025,11/5/2025 9:38,1100,1100,0,0,1100,1100
USHOU,USHOU,VNSGN,"Houston, TX, USHOU","Houston, TX, USHOU","Ho Chi Minh City, , VNSGN",VNSGN,OOLU,OOCL,MT256104,DRY,2,10/20/2025,12/31/2025,11/5/2025 9:38,572,572,143,143,715,715
USHOU,USHOU,VNSGN,"Houston, TX, USHOU","Houston, TX, USHOU","Ho Chi Minh City, , VNSGN",VNSGN,ONEY,ONE,CHIM354B25,DRY,1,10/1/2025,12/31/2025,11/5/2025 9:38,764,764,182.41,182.41,946.41,946.41
USHOU,USHOU,VNSGN,"Houston, TX, USHOU","Houston, TX, USHOU","Ho Chi Minh City, , VNSGN",VNSGN,MAEU,Maersk,300094432,DRY,0,10/16/2025,3/31/2026,10/22/2025 19:06,792,792,0,0,792,792
USHOU,USLAX,VNSGN,"Houston, TX, USHOU",LALB,"Ho Chi Minh City, , VNSGN",VNSGN,OOLU,OOCL,MT256104,DRY,2,10/20/2025,12/31/2025,11/5/2025 9:38,1119,1119,143,143,1262,1262
USHOU,USLGB,VNSGN,"Houston, TX, USHOU",LALB,"Ho Chi Minh City, , VNSGN",VNSGN,OOLU,OOCL,MT256104,DRY,2,10/20/2025,12/31/2025,11/5/2025 9:38,1119,1119,143,143,1262,1262
USHOU,USLAX,VNSGN,"Houston, TX, USHOU",LALB,"Ho Chi Minh City, , VNSGN",VNCMT,YMLU,YML,51625,DRY,1,10/27/2025,12/31/2025,11/5/2025 9:38,1180,1180,177.38,177.38,1357.38,1357.38
USHOU,USHOU,VNSGN,"Houston, TX, USHOU","Houston, TX, USHOU","Ho Chi Minh City, , VNSGN",HO CHI MINH,EGLV,EMC,SC103574,DRY,,10/1/2025,12/31/2025,11/5/2025 9:38,1200,1200,167.59,167.59,1367.59,1367.59
USHOU,USLAX,VNSGN,"Houston, TX, USHOU",LALB,"Ho Chi Minh City, , VNSGN",VNSGN,ONEY,ONE,CHIM354B25,DRY,1,10/1/2025,12/31/2025,11/5/2025 9:38,2276,2276,182.41,182.41,2458.41,2458.41
USHOU,USHOU,VNTOT,"Houston, TX, USHOU","Houston, TX, USHOU","Cai Mep, 43, VNTOT",CAI MEP,EGLV,EMC,SC103574,DRY,,10/1/2025,12/31/2025,11/5/2025 9:38,1200,1200,167.59,167.59,1367.59,1367.59
USHOU,USHOU,VNTTH,"Houston, TX, USHOU","Houston, TX, USHOU","Tan Thanh, 43, VNTTH",VNTTH,OOLU,OOCL,MT256104,DRY,2,10/20/2025,12/31/2025,11/5/2025 9:38,397,397,143,143,540,540
USHOU,USLGB,VNTTH,"Houston, TX, USHOU",LALB,"Tan Thanh, 43, VNTTH",VNTTH,OOLU,OOCL,MT256104,DRY,2,10/20/2025,12/31/2025,11/5/2025 9:38,1069,1069,143,143,1212,1212
USHOU,USLAX,VNTTH,"Houston, TX, USHOU",LALB,"Tan Thanh, 43, VNTTH",VNTTH,OOLU,OOCL,MT256104,DRY,2,10/20/2025,12/31/2025,11/5/2025 9:38,1069,1069,143,143,1212,1212
USHOU,USHOU,VNVUT,"Houston, TX, USHOU","Houston, TX, USHOU","Vung Tau, 43, VNVUT",VNVUT,MAEU,Maersk,300094432,DRY,0,10/16/2025,3/31/2026,10/22/2025 19:06,900,900,0,0,900,900
USHOU,USHOU,ZACPT,"Houston, TX, USHOU","Houston, TX, USHOU","Cape Town, , ZACPT",ZACPT,ONEY,ONE,CHIM354B25,DRY,1,10/1/2025,12/31/2025,11/5/2025 4:10,2620,2620,371.98,371.98,2991.98,2991.98
USHOU,USHOU,ZADUR,"Houston, TX, USHOU","Houston, TX, USHOU","Durban, , ZADUR",ZADUR,ONEY,ONE,CHIM354B25,DRY,1,10/1/2025,12/31/2025,11/5/2025 4:10,2620,2620,371.98,371.98,2991.98,2991.98
USMEM,USLAX,AEJEA,"Memphis, TN, USMEM",LALB,"Jebel Ali, , AEJEA",CNNBG,YMLU,YML,51625,DRY,1,10/27/2025,12/31/2025,11/5/2025 9:38,2940,2940,224.8,224.8,3164.8,3164.8
USMEM,USLAX,AEJEA,"Memphis, TN, USMEM",LALB,"Jebel Ali, , AEJEA",CNSHG,YMLU,YML,51625,DRY,1,10/27/2025,12/31/2025,11/5/2025 9:38,2940,2940,224.8,224.8,3164.8,3164.8
USMEM,USORF,BDCGP,"Memphis, TN, USMEM","Norfolk, VA, USORF","Chattogram/Chittagong, , BDCGP",CHATTOGRAM,EGLV,EMC,SC103574,DRY,,10/1/2025,12/31/2025,11/5/2025 9:38,1950,1950,0,0,1950,1950
USMEM,USSAV,BDCGP,"Memphis, TN, USMEM","Savannah, GA, USSAV","Chattogram/Chittagong, , BDCGP",CHATTOGRAM,EGLV,EMC,SC103574,DRY,,10/1/2025,12/31/2025,11/5/2025 9:38,1950,1950,0,0,1950,1950
USMEM,USCHS,BDCGP,"Memphis, TN, USMEM","Charleston, SC, USCHS","Chattogram/Chittagong, , BDCGP",CHATTOGRAM,EGLV,EMC,SC103574,DRY,,10/1/2025,12/31/2025,11/5/2025 9:38,1950,1950,0,0,1950,1950
USMEM,USCHS,BDCGP,"Memphis, TN, USMEM","Charleston, SC, USCHS","Chattogram/Chittagong, , BDCGP",BDCGP,OOLU,OOCL,MT256104,DRY,2,10/20/2025,12/31/2025,11/5/2025 9:38,2167,2167,65,65,2232,2232
USMEM,USCHS,BDCGP,"Memphis, TN, USMEM","Charleston, SC, USCHS","Chattogram/Chittagong, , BDCGP",BDCGP,ONEY,ONE,CHIM354B25,DRY,1,10/1/2025,12/31/2025,11/5/2025 9:38,2264,2264,150,150,2414,2414
USMEM,USSAV,BDCGP,"Memphis, TN, USMEM","Savannah, GA, USSAV","Chattogram/Chittagong, , BDCGP",BDCGP,ONEY,ONE,CHIM354B25,DRY,1,10/1/2025,12/31/2025,11/5/2025 9:38,2264,2264,150,150,2414,2414
USMEM,USCHS,BDCGP,"Memphis, TN, USMEM","Charleston, SC, USCHS","Chattogram/Chittagong, , BDCGP",BDCGP,MAEU,Maersk,300094432,DRY,0,10/16/2025,3/31/2026,11/5/2025 9:38,2332,2332,0,0,2332,2332
USMEM,USLAX,BDCGP,"Memphis, TN, USMEM",LALB,"Chattogram/Chittagong, , BDCGP",CHATTOGRAM,EGLV,EMC,SC103574,DRY,,10/1/2025,12/31/2025,11/5/2025 9:38,2500,2500,0,0,2500,2500
USMEM,USLAX,BDCGP,"Memphis, TN, USMEM",LALB,"Chattogram/Chittagong, , BDCGP",BDCGP,ONEY,ONE,CHIM354B25,DRY,1,10/1/2025,12/31/2025,11/5/2025 9:38,2976,2976,150,150,3126,3126
USMEM,USLAX,CLARI,"Memphis, TN, USMEM",LALB,"Arica, TA, CLARI",CLARI,ONEY,ONE,CHIM354B25,DRY,1,10/1/2025,12/31/2025,11/5/2025 9:38,3583,3583,150,150,3733,3733
USMEM,USLAX,CLSAI,"Memphis, TN, USMEM",LALB,"San Antonio, VS, CLSAI",CLSAI,ONEY,ONE,CHIM354B25,DRY,1,10/1/2025,12/31/2025,11/5/2025 9:38,3083,3083,150,150,3233,3233
USMEM,USLAX,CLVAP,"Memphis, TN, USMEM",LALB,"Valparaiso, VS, CLVAP",CLVAP,ONEY,ONE,CHIM354B25,DRY,1,10/1/2025,12/31/2025,11/5/2025 9:38,3083,3083,150,150,3233,3233
USMEM,USLAX,CNAQG,"Memphis, TN, USMEM",LALB,"Anqing Pt, 34, CNAQG",CNSHG,YMLU,YML,51625,DRY,1,10/27/2025,12/31/2025,11/5/2025 9:38,1240,1240,224.8,224.8,1464.8,1464.8
USMEM,USSAV,CNAQG,"Memphis, TN, USMEM","Savannah, GA, USSAV","Anqing Pt, 34, CNAQG",CNAQG,MAEU,Maersk,300094432,DRY,0,10/16/2025,3/31/2026,11/5/2025 9:38,1337.73,1337.73,0,0,1337.73,1337.73
USMEM,USLAX,CNAQG,"Memphis, TN, USMEM",LALB,"Anqing Pt, 34, CNAQG",CNAQG,ONEY,ONE,CHIM354B25,DRY,1,10/1/2025,12/31/2025,11/5/2025 9:38,1376,1376,120.97,120.97,1496.97,1496.97
USMEM,USLAX,CNAQG,"Memphis, TN, USMEM",LALB,"Anqing Pt, 34, CNAQG",CNAQG,MAEU,Maersk,300094432,DRY,0,10/16/2025,3/31/2026,11/5/2025 9:38,1408.73,1408.73,0,0,1408.73,1408.73
USMEM,USLAX,CNCAN,"Memphis, TN, USMEM",LALB,"Guangzhou Baiyun, 44, CNCAN",CNCAN,ONEY,ONE,CHIM354B25,DRY,1,10/1/2025,12/31/2025,11/5/2025 9:38,1966,1966,170.85,170.85,2136.85,2136.85
USMEM,USLAX,CNCGS,"Memphis, TN, USMEM",LALB,"Changshu Pt, 37, CNCGS",CNSHG,YMLU,YML,51625,DRY,1,10/27/2025,12/31/2025,11/5/2025 9:38,1230,1230,224.8,224.8,1454.8,1454.8
USMEM,USLAX,CNCGU,"Memphis, TN, USMEM",LALB,"Changshu, 32, CNCGU",CNCGU,ONEY,ONE,CHIM354B25,DRY,1,10/1/2025,12/31/2025,11/5/2025 9:38,1866,1866,116.33,116.33,1982.33,1982.33
USMEM,USSAV,CNCHQ,"Memphis, TN, USMEM","Savannah, GA, USSAV","Chongqing Pt, 50, CNCHQ",CNCHQ,MAEU,Maersk,300094432,DRY,0,10/16/2025,3/31/2026,11/5/2025 9:38,1032.73,1032.73,0,0,1032.73,1032.73
USMEM,USLAX,CNCHQ,"Memphis, TN, USMEM",LALB,"Chongqing Pt, 50, CNCHQ",CNCHQ,MAEU,Maersk,300094432,DRY,0,10/16/2025,3/31/2026,11/5/2025 9:38,1103.73,1103.73,0,0,1103.73,1103.73
USMEM,USLAX,CNCHQ,"Memphis, TN, USMEM",LALB,"Chongqing Pt, 50, CNCHQ",CNSHG,YMLU,YML,51625,DRY,1,10/27/2025,12/31/2025,11/5/2025 9:38,1800,1800,224.8,224.8,2024.8,2024.8
USMEM,USLAX,CNCKG,"Memphis, TN, USMEM",LALB,"Chongqing Jiangbei, 51, CNCKG",CNCKG,ONEY,ONE,CHIM354B25,DRY,1,10/1/2025,12/31/2025,11/5/2025 9:38,1871,1871,116.33,116.33,1987.33,1987.33
USMEM,USLAX,CNCNA,"Memphis, TN, USMEM",LALB,"Changsha, 44, CNCNA",CNSHG,YMLU,YML,51625,DRY,1,10/27/2025,12/31/2025,11/5/2025 9:38,1845,1845,224.8,224.8,2069.8,2069.8
USMEM,USLAX,CNCZX,"Memphis, TN, USMEM",LALB,"Changzhou Pt, 32, CNCZX",CNSHG,YMLU,YML,51625,DRY,1,10/27/2025,12/31/2025,11/5/2025 9:38,1230,1230,224.8,224.8,1454.8,1454.8
USMEM,USSAV,CNCZX,"Memphis, TN, USMEM","Savannah, GA, USSAV","Changzhou Pt, 32, CNCZX",CNCZX,MAEU,Maersk,300094432,DRY,0,10/16/2025,3/31/2026,11/5/2025 9:38,1245.73,1245.73,0,0,1245.73,1245.73
USMEM,USLAX,CNCZX,"Memphis, TN, USMEM",LALB,"Changzhou Pt, 32, CNCZX",CNCZX,MAEU,Maersk,300094432,DRY,0,10/16/2025,3/31/2026,11/5/2025 9:38,1316.73,1316.73,0,0,1316.73,1316.73
USMEM,USLGB,CNDAG,"Memphis, TN, USMEM",LALB,"Dalian Pt, 34, CNDAG",CNDAG,OOLU,OOCL,MT256104,DRY,2,10/20/2025,12/31/2025,11/5/2025 9:38,1079,1079,159.19,159.19,1238.19,1238.19
USMEM,USLAX,CNDAG,"Memphis, TN, USMEM",LALB,"Dalian Pt, 34, CNDAG",CNDAG,OOLU,OOCL,MT256104,DRY,2,10/20/2025,12/31/2025,11/5/2025 9:38,1079,1079,159.19,159.19,1238.19,1238.19
USMEM,USLAX,CNDAG,"Memphis, TN, USMEM",LALB,"Dalian Pt, 34, CNDAG",CNDAG,MAEU,Maersk,300094432,DRY,0,10/16/2025,3/31/2026,11/5/2025 9:38,1097.05,1097.05,0,0,1097.05,1097.05
USMEM,USSAV,CNDAG,"Memphis, TN, USMEM","Savannah, GA, USSAV","Dalian Pt, 34, CNDAG",CNDAG,MAEU,Maersk,300094432,DRY,0,10/16/2025,3/31/2026,11/5/2025 9:38,1226.05,1226.05,0,0,1226.05,1226.05
USMEM,USLAX,CNDAG,"Memphis, TN, USMEM",LALB,"Dalian Pt, 34, CNDAG",KRPUS,YMLU,YML,51625,DRY,1,10/27/2025,12/31/2025,11/5/2025 9:38,1320,1320,125.98,125.98,1445.98,1445.98
USMEM,USSAV,CNDAG,"Memphis, TN, USMEM","Savannah, GA, USSAV","Dalian Pt, 34, CNDAG",CNDAG,OOLU,OOCL,MT256104,DRY,2,10/20/2025,12/31/2025,11/5/2025 9:38,1417,1417,159.19,159.19,1576.19,1576.19
USMEM,USCHS,CNDAG,"Memphis, TN, USMEM","Charleston, SC, USCHS","Dalian Pt, 34, CNDAG",CNDAG,OOLU,OOCL,MT256104,DRY,2,10/20/2025,12/31/2025,11/5/2025 9:38,1417,1417,159.19,159.19,1576.19,1576.19
USMEM,USLAX,CNDAG,"Memphis, TN, USMEM",LALB,"Dalian Pt, 34, CNDAG",CNQDG,YMLU,YML,51625,DRY,1,10/27/2025,12/31/2025,11/5/2025 9:38,1420,1420,224.8,224.8,1644.8,1644.8
USMEM,USSAV,CNDFG,"Memphis, TN, USMEM","Savannah, GA, USSAV","Dafeng Pt, 22, CNDFG",CNDFG,MAEU,Maersk,300094432,DRY,0,10/16/2025,3/31/2026,11/5/2025 9:38,807.73,807.73,0,0,807.73,807.73
USMEM,USLAX,CNDFG,"Memphis, TN, USMEM",LALB,"Dafeng Pt, 22, CNDFG",CNDFG,MAEU,Maersk,300094432,DRY,0,10/16/2025,3/31/2026,11/5/2025 9:38,878.73,878.73,0,0,878.73,878.73
USMEM,USLAX,CNDFG,"Memphis, TN, USMEM",LALB,"Dafeng Pt, 22, CNDFG",CNSHG,YMLU,YML,51625,DRY,1,10/27/2025,12/31/2025,11/5/2025 9:38,1310,1310,224.8,224.8,1534.8,1534.8
USMEM,USLAX,CNDOU,"Memphis, TN, USMEM",LALB,"Doumen Pt, 44, CNDOU",CNDOU,ONEY,ONE,CHIM354B25,DRY,1,10/1/2025,12/31/2025,11/5/2025 9:38,1866,1866,170.85,170.85,2036.85,2036.85
USMEM,USLAX,CNFOC,"Memphis, TN, USMEM",LALB,"Fuzhou Changle, 35, CNFOC",CNFOC,ONEY,ONE,CHIM354B25,DRY,1,10/1/2025,12/31/2025,11/5/2025 9:38,1991,1991,116.19,116.19,2107.19,2107.19
USMEM,USSAV,CNFZG,"Memphis, TN, USMEM","Savannah, GA, USSAV","Fuzhou Pt, 23, CNFZG",CNFZG,MAEU,Maersk,300094432,DRY,0,10/16/2025,3/31/2026,11/5/2025 9:38,1026.05,1026.05,0,0,1026.05,1026.05
USMEM,USLAX,CNFZG,"Memphis, TN, USMEM",LALB,"Fuzhou Pt, 23, CNFZG",CNFZG,MAEU,Maersk,300094432,DRY,0,10/16/2025,3/31/2026,11/5/2025 9:38,1097.05,1097.05,0,0,1097.05,1097.05
USMEM,USLAX,CNFZG,"Memphis, TN, USMEM",LALB,"Fuzhou Pt, 23, CNFZG",CNNBG,YMLU,YML,51625,DRY,1,10/27/2025,12/31/2025,11/5/2025 9:38,1400,1400,224.8,224.8,1624.8,1624.8
USMEM,USLAX,CNGOM,"Memphis, TN, USMEM",LALB,"Gaoming Pt, 44, CNGOM",CNGOM,MAEU,Maersk,300094432,DRY,0,10/16/2025,3/31/2026,11/5/2025 9:38,1194.05,1194.05,0,0,1194.05,1194.05
USMEM,USSAV,CNGOM,"Memphis, TN, USMEM","Savannah, GA, USSAV","Gaoming Pt, 44, CNGOM",CNGOM,MAEU,Maersk,300094432,DRY,0,10/16/2025,3/31/2026,11/5/2025 9:38,1323.05,1323.05,0,0,1323.05,1323.05
USMEM,USLAX,CNGON,"Memphis, TN, USMEM",LALB,"Gaolan, 44, CNGON",CNGON,ONEY,ONE,CHIM354B25,DRY,1,10/1/2025,12/31/2025,11/5/2025 9:38,1916,1916,170.85,170.85,2086.85,2086.85
USMEM,USLAX,CNGZG,"Memphis, TN, USMEM",LALB,"Guangzhou Pt, 22, CNGZG",CNGZG,YMLU,YML,51625,DRY,1,10/27/2025,12/31/2025,11/5/2025 9:38,1300,1300,224.8,224.8,1524.8,1524.8
USMEM,USLAX,CNHFI,"Memphis, TN, USMEM",LALB,"Hefei, 34, CNHFI",CNSHG,YMLU,YML,51625,DRY,1,10/27/2025,12/31/2025,11/5/2025 9:38,2290,2290,224.8,224.8,2514.8,2514.8
USMEM,USLAX,CNHSI,"Memphis, TN, USMEM",LALB,"Huangshi Pt, 42, CNHSI",CNSHG,YMLU,YML,51625,DRY,1,10/27/2025,12/31/2025,11/5/2025 9:38,1370,1370,224.8,224.8,1594.8,1594.8
USMEM,USLAX,CNHUA,"Memphis, TN, USMEM",LALB,"Huangpu Pt, 44, CNHUA",CNHUA,MAEU,Maersk,300094432,DRY,0,10/16/2025,3/31/2026,11/5/2025 9:38,814.05,814.05,0,0,814.05,814.05
USMEM,USSAV,CNHUA,"Memphis, TN, USMEM","Savannah, GA, USSAV","Huangpu Pt, 44, CNHUA",CNHUA,MAEU,Maersk,300094432,DRY,0,10/16/2025,3/31/2026,11/5/2025 9:38,943.05,943.05,0,0,943.05,943.05
USMEM,USLGB,CNHUA,"Memphis, TN, USMEM",LALB,"Huangpu Pt, 44, CNHUA",CNHUA,OOLU,OOCL,MT256104,DRY,2,10/20/2025,12/31/2025,11/5/2025 9:38,1009,1009,159.19,159.19,1168.19,1168.19
USMEM,USLAX,CNHUA,"Memphis, TN, USMEM",LALB,"Huangpu Pt, 44, CNHUA",CNHUA,OOLU,OOCL,MT256104,DRY,2,10/20/2025,12/31/2025,11/5/2025 9:38,1009,1009,159.19,159.19,1168.19,1168.19
USMEM,USLAX,CNHUA,"Memphis, TN, USMEM",LALB,"Huangpu Pt, 44, CNHUA",CNHUA,YMLU,YML,51625,DRY,1,10/27/2025,12/31/2025,11/5/2025 9:38,1300,1300,224.8,224.8,1524.8,1524.8
USMEM,USLAX,CNHUA,"Memphis, TN, USMEM",LALB,"Huangpu Pt, 44, CNHUA",CNHUA,ONEY,ONE,CHIM354B25,DRY,1,10/1/2025,12/31/2025,11/5/2025 9:38,1316,1316,170.85,170.85,1486.85,1486.85
USMEM,USCHS,CNHUA,"Memphis, TN, USMEM","Charleston, SC, USCHS","Huangpu Pt, 44, CNHUA",CNHUA,OOLU,OOCL,MT256104,DRY,2,10/20/2025,12/31/2025,11/5/2025 9:38,1422,1422,159.19,159.19,1581.19,1581.19
USMEM,USSAV,CNHUA,"Memphis, TN, USMEM","Savannah, GA, USSAV","Huangpu Pt, 44, CNHUA",CNHUA,OOLU,OOCL,MT256104,DRY,2,10/20/2025,12/31/2025,11/5/2025 9:38,1422,1422,159.19,159.19,1581.19,1581.19
USMEM,USLAX,CNHZH,"Memphis, TN, USMEM",LALB,"Huzhou Pt, 33, CNHZH",CNSHG,YMLU,YML,51625,DRY,1,10/27/2025,12/31/2025,11/5/2025 9:38,1165,1165,224.8,224.8,1389.8,1389.8
USMEM,USSAV,CNJIA,"Memphis, TN, USMEM","Savannah, GA, USSAV","Jiangyin Pt, 32, CNJIA",CNJIA,MAEU,Maersk,300094432,DRY,0,10/16/2025,3/31/2026,11/5/2025 9:38,1225.73,1225.73,0,0,1225.73,1225.73
USMEM,USLAX,CNJIA,"Memphis, TN, USMEM",LALB,"Jiangyin Pt, 32, CNJIA",CNSHG,YMLU,YML,51625,DRY,1,10/27/2025,12/31/2025,11/5/2025 9:38,1230,1230,224.8,224.8,1454.8,1454.8
USMEM,USLAX,CNJIA,"Memphis, TN, USMEM",LALB,"Jiangyin Pt, 32, CNJIA",CNJIA,MAEU,Maersk,300094432,DRY,0,10/16/2025,3/31/2026,11/5/2025 9:38,1296.73,1296.73,0,0,1296.73,1296.73
USMEM,USLAX,CNJIU,"Memphis, TN, USMEM",LALB,"Jiujiang Pt, 36, CNJIU",CNSHG,YMLU,YML,51625,DRY,1,10/27/2025,12/31/2025,11/5/2025 9:38,1360,1360,224.8,224.8,1584.8,1584.8
USMEM,USLAX,CNJIU,"Memphis, TN, USMEM",LALB,"Jiujiang Pt, 36, CNJIU",CNJIU,MAEU,Maersk,300094432,DRY,0,10/16/2025,3/31/2026,11/5/2025 9:38,2320.78,2320.78,0,0,2320.78,2320.78
USMEM,USSAV,CNJIU,"Memphis, TN, USMEM","Savannah, GA, USSAV","Jiujiang Pt, 36, CNJIU",CNJIU,MAEU,Maersk,300094432,DRY,0,10/16/2025,3/31/2026,11/5/2025 9:38,2578.78,2578.78,0,0,2578.78,2578.78
USMEM,USLAX,CNJMN,"Memphis, TN, USMEM",LALB,"Jiangmen Pt, 44, CNJMN",CNJMN,MAEU,Maersk,300094432,DRY,0,10/16/2025,3/31/2026,11/5/2025 9:38,1417.05,1417.05,0,0,1417.05,1417.05
USMEM,USSAV,CNJMN,"Memphis, TN, USMEM","Savannah, GA, USSAV","Jiangmen Pt, 44, CNJMN",CNJMN,MAEU,Maersk,300094432,DRY,0,10/16/2025,3/31/2026,11/5/2025 9:38,1546.05,1546.05,0,0,1546.05,1546.05
USMEM,USLAX,CNJNZ,"Memphis, TN, USMEM",LALB,"Jinzhou Pt, 21, CNJNZ",KRPUS,YMLU,YML,51625,DRY,1,10/27/2025,12/31/2025,11/5/2025 9:38,1820,1820,125.98,125.98,1945.98,1945.98
USMEM,USLAX,CNJZK,"Memphis, TN, USMEM",LALB,"Jingzhou Pt, 42, CNJZK",CNSHG,YMLU,YML,51625,DRY,1,10/27/2025,12/31/2025,11/5/2025 9:38,1380,1380,224.8,224.8,1604.8,1604.8
USMEM,USLAX,CNKHN,"Memphis, TN, USMEM",LALB,"Nanchang Changbei, 36, CNKHN",CNSHG,YMLU,YML,51625,DRY,1,10/27/2025,12/31/2025,11/5/2025 9:38,1440,1440,224.8,224.8,1664.8,1664.8
USMEM,USLGB,CNKPN,"Memphis, TN, USMEM",LALB,"Kaiping, 13, CNKPN",CNKPN,OOLU,OOCL,MT256104,DRY,2,10/20/2025,12/31/2025,11/5/2025 9:38,1039,1039,0,0,1039,1039
USMEM,USLAX,CNKPN,"Memphis, TN, USMEM",LALB,"Kaiping, 13, CNKPN",CNKPN,OOLU,OOCL,MT256104,DRY,2,10/20/2025,12/31/2025,11/5/2025 9:38,1039,1039,0,0,1039,1039
USMEM,USLAX,CNKUS,"Memphis, TN, USMEM",LALB,"Kunshan, 32, CNKUS",CNSHG,YMLU,YML,51625,DRY,1,10/27/2025,12/31/2025,11/5/2025 9:38,1390,1390,224.8,224.8,1614.8,1614.8
USMEM,USSAV,CNLYG,"Memphis, TN, USMEM","Savannah, GA, USSAV","Lianyungang, 32, CNLYG",CNLYG,MAEU,Maersk,300094432,DRY,0,10/16/2025,3/31/2026,11/5/2025 9:38,693.05,693.05,0,0,693.05,693.05
USMEM,USLAX,CNLYG,"Memphis, TN, USMEM",LALB,"Lianyungang, 32, CNLYG",CNLYG,MAEU,Maersk,300094432,DRY,0,10/16/2025,3/31/2026,11/5/2025 9:38,764.05,764.05,0,0,764.05,764.05
USMEM,USLAX,CNLYG,"Memphis, TN, USMEM",LALB,"Lianyungang, 32, CNLYG",CNNBG,YMLU,YML,51625,DRY,1,10/27/2025,12/31/2025,11/5/2025 9:38,1315,1315,224.8,224.8,1539.8,1539.8
USMEM,USLAX,CNLYG,"Memphis, TN, USMEM",LALB,"Lianyungang, 32, CNLYG",CNSHG,YMLU,YML,51625,DRY,1,10/27/2025,12/31/2025,11/5/2025 9:38,1315,1315,224.8,224.8,1539.8,1539.8
USMEM,USLAX,CNLYG,"Memphis, TN, USMEM",LALB,"Lianyungang, 32, CNLYG",CNLYG,ONEY,ONE,CHIM354B25,DRY,1,10/1/2025,12/31/2025,11/5/2025 9:38,1641,1641,117.04,117.04,1758.04,1758.04
USMEM,USLGB,CNLYG,"Memphis, TN, USMEM",LALB,"Lianyungang, 32, CNLYG",CNLYG,OOLU,OOCL,MT256104,DRY,2,10/20/2025,12/31/2025,11/5/2025 9:38,1699,1699,159.19,159.19,1858.19,1858.19
USMEM,USLAX,CNLYG,"Memphis, TN, USMEM",LALB,"Lianyungang, 32, CNLYG",CNLYG,OOLU,OOCL,MT256104,DRY,2,10/20/2025,12/31/2025,11/5/2025 9:38,1699,1699,159.19,159.19,1858.19,1858.19
USMEM,USLAX,CNLZU,"Memphis, TN, USMEM",LALB,"Luzhou, 51, CNLZU",CNSHG,YMLU,YML,51625,DRY,1,10/27/2025,12/31/2025,11/5/2025 9:38,1840,1840,224.8,224.8,2064.8,2064.8
USMEM,USLAX,CNMAA,"Memphis, TN, USMEM",LALB,"Maanshan Pt, 34, CNMAA",CNSHG,YMLU,YML,51625,DRY,1,10/27/2025,12/31/2025,11/5/2025 9:38,1240,1240,224.8,224.8,1464.8,1464.8
USMEM,USSAV,CNNBG,"Memphis, TN, USMEM","Savannah, GA, USSAV","Ningbo Pt, 33, CNNBG",CNNBG,MAEU,Maersk,300094432,DRY,0,10/16/2025,3/31/2026,11/5/2025 9:38,553.05,553.05,0,0,553.05,553.05
USMEM,USLAX,CNNBG,"Memphis, TN, USMEM",LALB,"Ningbo Pt, 33, CNNBG",CNNBG,MAEU,Maersk,300094432,DRY,0,10/16/2025,3/31/2026,11/5/2025 9:38,614.05,614.05,0,0,614.05,614.05
USMEM,USLAX,CNNBG,"Memphis, TN, USMEM",LALB,"Ningbo Pt, 33, CNNBG",CNNBG,OOLU,OOCL,MT256104,DRY,2,10/20/2025,12/31/2025,11/5/2025 9:38,719,719,160.87,160.87,879.87,879.87
USMEM,USLGB,CNNBG,"Memphis, TN, USMEM",LALB,"Ningbo Pt, 33, CNNBG",CNNBG,OOLU,OOCL,MT256104,DRY,2,10/20/2025,12/31/2025,11/5/2025 9:38,719,719,160.87,160.87,879.87,879.87
USMEM,USORF,CNNBG,"Memphis, TN, USMEM","Norfolk, VA, USORF","Ningbo Pt, 33, CNNBG","NINGBO, CHINA",EGLV,EMC,SC103574,DRY,,10/1/2025,12/31/2025,11/5/2025 9:38,750,750,0,0,750,750
USMEM,USCHS,CNNBG,"Memphis, TN, USMEM","Charleston, SC, USCHS","Ningbo Pt, 33, CNNBG","NINGBO, CHINA",EGLV,EMC,SC103574,DRY,,10/1/2025,12/31/2025,11/5/2025 9:38,750,750,0,0,750,750
USMEM,USSAV,CNNBG,"Memphis, TN, USMEM","Savannah, GA, USSAV","Ningbo Pt, 33, CNNBG","NINGBO, CHINA",EGLV,EMC,SC103574,DRY,,10/1/2025,12/31/2025,11/5/2025 9:38,750,750,0,0,750,750
USMEM,USLAX,CNNBG,"Memphis, TN, USMEM",LALB,"Ningbo Pt, 33, CNNBG",CNNBG,YMLU,YML,51625,DRY,1,10/27/2025,12/31/2025,11/5/2025 9:38,775,775,224.8,224.8,999.8,999.8
USMEM,USLAX,CNNBG,"Memphis, TN, USMEM",LALB,"Ningbo Pt, 33, CNNBG",CNNBG,YMLU,YML,51625,DRY,1,10/27/2025,12/31/2025,11/5/2025 9:38,900,900,224.8,224.8,1124.8,1124.8
USMEM,USLAX,CNNBG,"Memphis, TN, USMEM",LALB,"Ningbo Pt, 33, CNNBG",KRPUS,YMLU,YML,51625,DRY,1,10/27/2025,12/31/2025,11/5/2025 9:38,1020,1020,125.98,125.98,1145.98,1145.98
USMEM,USSAV,CNNBG,"Memphis, TN, USMEM","Savannah, GA, USSAV","Ningbo Pt, 33, CNNBG",CNNBG,OOLU,OOCL,MT256104,DRY,2,10/20/2025,12/31/2025,11/5/2025 9:38,1067,1067,160.87,160.87,1227.87,1227.87
USMEM,USCHS,CNNBG,"Memphis, TN, USMEM","Charleston, SC, USCHS","Ningbo Pt, 33, CNNBG",CNNBG,OOLU,OOCL,MT256104,DRY,2,10/20/2025,12/31/2025,11/5/2025 9:38,1067,1067,160.87,160.87,1227.87,1227.87
USMEM,USLAX,CNNBG,"Memphis, TN, USMEM",LALB,"Ningbo Pt, 33, CNNBG",SGSIN,YMLU,YML,51625,DRY,1,10/27/2025,12/31/2025,11/5/2025 9:38,1260,1260,268.95,268.95,1528.95,1528.95
USMEM,USLAX,CNNBG,"Memphis, TN, USMEM",LALB,"Ningbo Pt, 33, CNNBG","NINGBO, CHINA",EGLV,EMC,SC103574,DRY,,10/1/2025,12/31/2025,11/5/2025 9:38,1400,1400,0,0,1400,1400
USMEM,USLAX,CNNBG,"Memphis, TN, USMEM",LALB,"Ningbo Pt, 33, CNNBG",CNNBG,ONEY,ONE,CHIM354B25,DRY,1,10/1/2025,12/31/2025,11/5/2025 9:38,1491,1491,120.69,120.69,1611.69,1611.69
USMEM,USLAX,CNNJG,"Memphis, TN, USMEM",LALB,"Nanjing Pt, 35, CNNJG",CNSHG,YMLU,YML,51625,DRY,1,10/27/2025,12/31/2025,11/5/2025 9:38,1230,1230,224.8,224.8,1454.8,1454.8
USMEM,USSAV,CNNJG,"Memphis, TN, USMEM","Savannah, GA, USSAV","Nanjing Pt, 35, CNNJG",CNNJG,MAEU,Maersk,300094432,DRY,0,10/16/2025,3/31/2026,11/5/2025 9:38,1235.73,1235.73,0,0,1235.73,1235.73
USMEM,USLAX,CNNJG,"Memphis, TN, USMEM",LALB,"Nanjing Pt, 35, CNNJG",CNNJG,MAEU,Maersk,300094432,DRY,0,10/16/2025,3/31/2026,11/5/2025 9:38,1306.73,1306.73,0,0,1306.73,1306.73
USMEM,USLAX,CNNJP,"Memphis, TN, USMEM",LALB,"Nanjing Pt, 32, CNNJP",CNSHG,YMLU,YML,51625,DRY,1,10/27/2025,12/31/2025,11/5/2025 9:38,1230,1230,224.8,224.8,1454.8,1454.8
USMEM,USLAX,CNNKG,"Memphis, TN, USMEM",LALB,"Nanjing Lukou, 32, CNNKG",CNSHG,YMLU,YML,51625,DRY,1,10/27/2025,12/31/2025,11/5/2025 9:38,1230,1230,224.8,224.8,1454.8,1454.8
USMEM,USLAX,CNNKG,"Memphis, TN, USMEM",LALB,"Nanjing Lukou, 32, CNNKG",CNNKG,ONEY,ONE,CHIM354B25,DRY,1,10/1/2025,12/31/2025,11/5/2025 9:38,1751,1751,116.33,116.33,1867.33,1867.33
USMEM,USLAX,CNNSA,"Memphis, TN, USMEM",LALB,"Nansha Pt, 44, CNNSA",CNNSA,OOLU,OOCL,MT256104,DRY,2,10/20/2025,12/31/2025,11/5/2025 9:38,969,969,159.19,159.19,1128.19,1128.19
USMEM,USLGB,CNNSA,"Memphis, TN, USMEM",LALB,"Nansha Pt, 44, CNNSA",CNNSA,OOLU,OOCL,MT256104,DRY,2,10/20/2025,12/31/2025,11/5/2025 9:38,969,969,159.19,159.19,1128.19,1128.19
USMEM,USLAX,CNNSA,"Memphis, TN, USMEM",LALB,"Nansha Pt, 44, CNNSA",CNNSA,ONEY,ONE,CHIM354B25,DRY,1,10/1/2025,12/31/2025,11/5/2025 9:38,1841,1841,170.85,170.85,2011.85,2011.85
USMEM,USSAV,CNNTG,"Memphis, TN, USMEM","Savannah, GA, USSAV","Nantong Pt, 32, CNNTG",CNNTG,MAEU,Maersk,300094432,DRY,0,10/16/2025,3/31/2026,11/5/2025 9:38,642.73,642.73,0,0,642.73,642.73
USMEM,USLAX,CNNTG,"Memphis, TN, USMEM",LALB,"Nantong Pt, 32, CNNTG",CNNTG,MAEU,Maersk,300094432,DRY,0,10/16/2025,3/31/2026,11/5/2025 9:38,713.73,713.73,0,0,713.73,713.73
USMEM,USLAX,CNNTG,"Memphis, TN, USMEM",LALB,"Nantong Pt, 32, CNNTG",CNSHG,YMLU,YML,51625,DRY,1,10/27/2025,12/31/2025,11/5/2025 9:38,1230,1230,224.8,224.8,1454.8,1454.8
USMEM,USLAX,CNNTG,"Memphis, TN, USMEM",LALB,"Nantong Pt, 32, CNNTG",CNNTG,ONEY,ONE,CHIM354B25,DRY,1,10/1/2025,12/31/2025,11/5/2025 9:38,1566,1566,116.33,116.33,1682.33,1682.33
USMEM,USLAX,CNPUT,"Memphis, TN, USMEM",LALB,"Putian, 35, CNPUT",CNXMG,YMLU,YML,51625,DRY,1,10/27/2025,12/31/2025,11/5/2025 9:38,1210,1210,224.8,224.8,1434.8,1434.8
USMEM,USSAV,CNQDG,"Memphis, TN, USMEM","Savannah, GA, USSAV","Qingdao Pt, 32, CNQDG",CNQDG,MAEU,Maersk,300094432,DRY,0,10/16/2025,3/31/2026,11/5/2025 9:38,454.05,454.05,0,0,454.05,454.05
USMEM,USLAX,CNQDG,"Memphis, TN, USMEM",LALB,"Qingdao Pt, 32, CNQDG",CNQDG,MAEU,Maersk,300094432,DRY,0,10/16/2025,3/31/2026,11/5/2025 9:38,525.05,525.05,0,0,525.05,525.05
USMEM,USLGB,CNQDG,"Memphis, TN, USMEM",LALB,"Qingdao Pt, 32, CNQDG",CNQDG,OOLU,OOCL,MT256104,DRY,2,10/20/2025,12/31/2025,11/5/2025 9:38,719,719,190.8,190.8,909.8,909.8
USMEM,USLAX,CNQDG,"Memphis, TN, USMEM",LALB,"Qingdao Pt, 32, CNQDG",CNQDG,OOLU,OOCL,MT256104,DRY,2,10/20/2025,12/31/2025,11/5/2025 9:38,719,719,190.8,190.8,909.8,909.8
USMEM,USSAV,CNQDG,"Memphis, TN, USMEM","Savannah, GA, USSAV","Qingdao Pt, 32, CNQDG","QINGDAO, CHINA",EGLV,EMC,SC103574,DRY,,10/1/2025,12/31/2025,11/5/2025 9:38,750,750,0,0,750,750
USMEM,USCHS,CNQDG,"Memphis, TN, USMEM","Charleston, SC, USCHS","Qingdao Pt, 32, CNQDG","QINGDAO, CHINA",EGLV,EMC,SC103574,DRY,,10/1/2025,12/31/2025,11/5/2025 9:38,750,750,0,0,750,750
USMEM,USORF,CNQDG,"Memphis, TN, USMEM","Norfolk, VA, USORF","Qingdao Pt, 32, CNQDG","QINGDAO, CHINA",EGLV,EMC,SC103574,DRY,,10/1/2025,12/31/2025,11/5/2025 9:38,750,750,0,0,750,750
USMEM,USLAX,CNQDG,"Memphis, TN, USMEM",LALB,"Qingdao Pt, 32, CNQDG",CNQDG,YMLU,YML,51625,DRY,1,10/27/2025,12/31/2025,11/5/2025 9:38,900,900,224.8,224.8,1124.8,1124.8
USMEM,USCHS,CNQDG,"Memphis, TN, USMEM","Charleston, SC, USCHS","Qingdao Pt, 32, CNQDG",CNQDG,OOLU,OOCL,MT256104,DRY,2,10/20/2025,12/31/2025,11/5/2025 9:38,1127,1127,190.8,190.8,1317.8,1317.8
USMEM,USSAV,CNQDG,"Memphis, TN, USMEM","Savannah, GA, USSAV","Qingdao Pt, 32, CNQDG",CNQDG,OOLU,OOCL,MT256104,DRY,2,10/20/2025,12/31/2025,11/5/2025 9:38,1127,1127,190.8,190.8,1317.8,1317.8
USMEM,USLAX,CNQDG,"Memphis, TN, USMEM",LALB,"Qingdao Pt, 32, CNQDG",KRPUS,YMLU,YML,51625,DRY,1,10/27/2025,12/31/2025,11/5/2025 9:38,1130,1130,125.98,125.98,1255.98,1255.98
USMEM,USLAX,CNQDG,"Memphis, TN, USMEM",LALB,"Qingdao Pt, 32, CNQDG",SGSIN,YMLU,YML,51625,DRY,1,10/27/2025,12/31/2025,11/5/2025 9:38,1375,1375,268.95,268.95,1643.95,1643.95
USMEM,USLAX,CNQDG,"Memphis, TN, USMEM",LALB,"Qingdao Pt, 32, CNQDG","QINGDAO, CHINA",EGLV,EMC,SC103574,DRY,,10/1/2025,12/31/2025,11/5/2025 9:38,1400,1400,0,0,1400,1400
USMEM,USLAX,CNQDG,"Memphis, TN, USMEM",LALB,"Qingdao Pt, 32, CNQDG",CNQDG,ONEY,ONE,CHIM354B25,DRY,1,10/1/2025,12/31/2025,11/5/2025 9:38,1491,1491,117.04,117.04,1608.04,1608.04
USMEM,USLAX,CNQZH,"Memphis, TN, USMEM",LALB,"Qinzhou Pt, 45, CNQZH",CNQZH,MAEU,Maersk,300094432,DRY,0,10/16/2025,3/31/2026,11/5/2025 9:38,1207.05,1207.05,0,0,1207.05,1207.05
USMEM,USSAV,CNQZH,"Memphis, TN, USMEM","Savannah, GA, USSAV","Qinzhou Pt, 45, CNQZH",CNQZH,MAEU,Maersk,300094432,DRY,0,10/16/2025,3/31/2026,11/5/2025 9:38,1336.05,1336.05,0,0,1336.05,1336.05
USMEM,USSAV,CNRUG,"Memphis, TN, USMEM","Savannah, GA, USSAV","Rugao Pt, 32, CNRUG",CNRUG,MAEU,Maersk,300094432,DRY,0,10/16/2025,3/31/2026,11/5/2025 9:38,632.73,632.73,0,0,632.73,632.73
USMEM,USLAX,CNRUG,"Memphis, TN, USMEM",LALB,"Rugao Pt, 32, CNRUG",CNRUG,MAEU,Maersk,300094432,DRY,0,10/16/2025,3/31/2026,11/5/2025 9:38,703.73,703.73,0,0,703.73,703.73
USMEM,USLAX,CNRZH,"Memphis, TN, USMEM",LALB,"Rizhao Pt, 37, CNRZH",CNQDG,YMLU,YML,51625,DRY,1,10/27/2025,12/31/2025,11/5/2025 9:38,1180,1180,224.8,224.8,1404.8,1404.8
USMEM,USLGB,CNSBU,"Memphis, TN, USMEM",LALB,"Sanbu Pt, 44, CNSBU",CNSBU,OOLU,OOCL,MT256104,DRY,2,10/20/2025,12/31/2025,11/5/2025 9:38,1039,1039,0,0,1039,1039
USMEM,USLAX,CNSBU,"Memphis, TN, USMEM",LALB,"Sanbu Pt, 44, CNSBU",CNSBU,OOLU,OOCL,MT256104,DRY,2,10/20/2025,12/31/2025,11/5/2025 9:38,1039,1039,0,0,1039,1039
USMEM,USSAV,CNSBU,"Memphis, TN, USMEM","Savannah, GA, USSAV","Sanbu Pt, 44, CNSBU",CNSBU,ONEY,ONE,CHIM354B25,DRY,1,10/1/2025,12/31/2025,11/5/2025 9:38,1639,1639,170.85,170.85,1809.85,1809.85
USMEM,USLAX,CNSHG,"Memphis, TN, USMEM",LALB,"Shanghai Pt, 44, CNSHG",CNSHG,OOLU,OOCL,MT256104,DRY,2,10/20/2025,12/31/2025,11/5/2025 9:38,719,719,160.87,160.87,879.87,879.87
USMEM,USLGB,CNSHG,"Memphis, TN, USMEM",LALB,"Shanghai Pt, 44, CNSHG",CNSHG,OOLU,OOCL,MT256104,DRY,2,10/20/2025,12/31/2025,11/5/2025 9:38,719,719,160.87,160.87,879.87,879.87
USMEM,USSAV,CNSHG,"Memphis, TN, USMEM","Savannah, GA, USSAV","Shanghai Pt, 44, CNSHG",SHANGHAI,EGLV,EMC,SC103574,DRY,,10/1/2025,12/31/2025,11/5/2025 9:38,750,750,0,0,750,750
USMEM,USCHS,CNSHG,"Memphis, TN, USMEM","Charleston, SC, USCHS","Shanghai Pt, 44, CNSHG",SHANGHAI,EGLV,EMC,SC103574,DRY,,10/1/2025,12/31/2025,11/5/2025 9:38,750,750,0,0,750,750
USMEM,USORF,CNSHG,"Memphis, TN, USMEM","Norfolk, VA, USORF","Shanghai Pt, 44, CNSHG",SHANGHAI,EGLV,EMC,SC103574,DRY,,10/1/2025,12/31/2025,11/5/2025 9:38,750,750,0,0,750,750
USMEM,USSAV,CNSHG,"Memphis, TN, USMEM","Savannah, GA, USSAV","Shanghai Pt, 44, CNSHG",CNSHG,MAEU,Maersk,300094432,DRY,0,10/16/2025,3/31/2026,11/5/2025 9:38,786.05,786.05,0,0,786.05,786.05
USMEM,USLAX,CNSHG,"Memphis, TN, USMEM",LALB,"Shanghai Pt, 44, CNSHG",CNSHG,MAEU,Maersk,300094432,DRY,0,10/16/2025,3/31/2026,11/5/2025 9:38,857.05,857.05,0,0,857.05,857.05
USMEM,USLAX,CNSHG,"Memphis, TN, USMEM",LALB,"Shanghai Pt, 44, CNSHG",CNSHG,YMLU,YML,51625,DRY,1,10/27/2025,12/31/2025,11/5/2025 9:38,900,900,224.8,224.8,1124.8,1124.8
USMEM,USSAV,CNSHG,"Memphis, TN, USMEM","Savannah, GA, USSAV","Shanghai Pt, 44, CNSHG",CNSHG,OOLU,OOCL,MT256104,DRY,2,10/20/2025,12/31/2025,11/5/2025 9:38,1067,1067,160.87,160.87,1227.87,1227.87
USMEM,USCHS,CNSHG,"Memphis, TN, USMEM","Charleston, SC, USCHS","Shanghai Pt, 44, CNSHG",CNSHG,OOLU,OOCL,MT256104,DRY,2,10/20/2025,12/31/2025,11/5/2025 9:38,1067,1067,160.87,160.87,1227.87,1227.87
USMEM,USLAX,CNSHG,"Memphis, TN, USMEM",LALB,"Shanghai Pt, 44, CNSHG",SGSIN,YMLU,YML,51625,DRY,1,10/27/2025,12/31/2025,11/5/2025 9:38,1260,1260,268.95,268.95,1528.95,1528.95
USMEM,USLAX,CNSHG,"Memphis, TN, USMEM",LALB,"Shanghai Pt, 44, CNSHG",SHANGHAI,EGLV,EMC,SC103574,DRY,,10/1/2025,12/31/2025,11/5/2025 9:38,1400,1400,0,0,1400,1400
USMEM,USLAX,CNSHG,"Memphis, TN, USMEM",LALB,"Shanghai Pt, 44, CNSHG",CNSHG,ONEY,ONE,CHIM354B25,DRY,1,10/1/2025,12/31/2025,11/5/2025 9:38,1466,1466,116.33,116.33,1582.33,1582.33
USMEM,USLAX,CNSHK,"Memphis, TN, USMEM",LALB,"Shekou Pt, 44, CNSHK",CNSHK,YMLU,YML,51625,DRY,1,10/27/2025,12/31/2025,11/5/2025 9:38,900,900,224.8,224.8,1124.8,1124.8
USMEM,USLAX,CNSHK,"Memphis, TN, USMEM",LALB,"Shekou Pt, 44, CNSHK",SGSIN,YMLU,YML,51625,DRY,1,10/27/2025,12/31/2025,11/5/2025 9:38,1205,1205,268.95,268.95,1473.95,1473.95
USMEM,USLGB,CNSHK,"Memphis, TN, USMEM",LALB,"Shekou Pt, 44, CNSHK",CNSHK,OOLU,OOCL,MT256104,DRY,2,10/20/2025,12/31/2025,11/5/2025 9:38,1449,1449,0,0,1449,1449
USMEM,USLAX,CNSHK,"Memphis, TN, USMEM",LALB,"Shekou Pt, 44, CNSHK",CNSHK,OOLU,OOCL,MT256104,DRY,2,10/20/2025,12/31/2025,11/5/2025 9:38,1449,1449,0,0,1449,1449
USMEM,USLAX,CNSHK,"Memphis, TN, USMEM",LALB,"Shekou Pt, 44, CNSHK",CNSHK,ONEY,ONE,CHIM354B25,DRY,1,10/1/2025,12/31/2025,11/5/2025 9:38,1491,1491,170.85,170.85,1661.85,1661.85
USMEM,USLAX,CNSHP,"Memphis, TN, USMEM",LALB,"Qinhuangdao Pt, 13, CNSHP",CNTXG,YMLU,YML,51625,DRY,1,10/27/2025,12/31/2025,11/5/2025 9:38,1320,1320,224.8,224.8,1544.8,1544.8
USMEM,USLAX,CNSZG,"Memphis, TN, USMEM",LALB,"Suzhou Pt, 32, CNSZG",CNSHG,YMLU,YML,51625,DRY,1,10/27/2025,12/31/2025,11/5/2025 9:38,1390,1390,224.8,224.8,1614.8,1614.8
USMEM,USLAX,CNTAC,"Memphis, TN, USMEM",LALB,"Taicang Pt, 32, CNTAC",CNSHG,YMLU,YML,51625,DRY,1,10/27/2025,12/31/2025,11/5/2025 9:38,1000,1000,224.8,224.8,1224.8,1224.8
USMEM,USLAX,CNTAG,"Memphis, TN, USMEM",LALB,"Taicang, 32, CNTAG",CNSHG,YMLU,YML,51625,DRY,1,10/27/2025,12/31/2025,11/5/2025 9:38,1000,1000,224.8,224.8,1224.8,1224.8
USMEM,USLAX,CNTAZ,"Memphis, TN, USMEM",LALB,"Taizhou Pt, 33, CNTAZ",CNSHG,YMLU,YML,51625,DRY,1,10/27/2025,12/31/2025,11/5/2025 9:38,1230,1230,224.8,224.8,1454.8,1454.8
USMEM,USLAX,CNTOL,"Memphis, TN, USMEM",LALB,"Tongling Pt, 34, CNTOL",CNSHG,YMLU,YML,51625,DRY,1,10/27/2025,12/31/2025,11/5/2025 9:38,1270,1270,224.8,224.8,1494.8,1494.8
USMEM,USSAV,CNTXG,"Memphis, TN, USMEM","Savannah, GA, USSAV","Tianjin Xingang Pt, 12, CNTXG",CNTXG,MAEU,Maersk,300094432,DRY,0,10/16/2025,3/31/2026,11/5/2025 9:38,433.05,433.05,0,0,433.05,433.05
USMEM,USLAX,CNTXG,"Memphis, TN, USMEM",LALB,"Tianjin Xingang Pt, 12, CNTXG",CNTXG,MAEU,Maersk,300094432,DRY,0,10/16/2025,3/31/2026,11/5/2025 9:38,604.05,604.05,0,0,604.05,604.05
USMEM,USLAX,CNTXG,"Memphis, TN, USMEM",LALB,"Tianjin Xingang Pt, 12, CNTXG",CNTXG,YMLU,YML,51625,DRY,1,10/27/2025,12/31/2025,11/5/2025 9:38,900,900,224.8,224.8,1124.8,1124.8
USMEM,USLAX,CNTXG,"Memphis, TN, USMEM",LALB,"Tianjin Xingang Pt, 12, CNTXG",CNTXG,OOLU,OOCL,MT256104,DRY,2,10/20/2025,12/31/2025,11/5/2025 9:38,969,969,159.19,159.19,1128.19,1128.19
USMEM,USLGB,CNTXG,"Memphis, TN, USMEM",LALB,"Tianjin Xingang Pt, 12, CNTXG",CNTXG,OOLU,OOCL,MT256104,DRY,2,10/20/2025,12/31/2025,11/5/2025 9:38,969,969,159.19,159.19,1128.19,1128.19
USMEM,USLAX,CNTXG,"Memphis, TN, USMEM",LALB,"Tianjin Xingang Pt, 12, CNTXG",KRPUS,YMLU,YML,51625,DRY,1,10/27/2025,12/31/2025,11/5/2025 9:38,1150,1150,125.98,125.98,1275.98,1275.98
USMEM,USCHS,CNTXG,"Memphis, TN, USMEM","Charleston, SC, USCHS","Tianjin Xingang Pt, 12, CNTXG",CNTXG,OOLU,OOCL,MT256104,DRY,2,10/20/2025,12/31/2025,11/5/2025 9:38,1227,1227,159.19,159.19,1386.19,1386.19
USMEM,USSAV,CNTXG,"Memphis, TN, USMEM","Savannah, GA, USSAV","Tianjin Xingang Pt, 12, CNTXG",CNTXG,OOLU,OOCL,MT256104,DRY,2,10/20/2025,12/31/2025,11/5/2025 9:38,1227,1227,159.19,159.19,1386.19,1386.19
USMEM,USLAX,CNTXG,"Memphis, TN, USMEM",LALB,"Tianjin Xingang Pt, 12, CNTXG",TWKHH,YMLU,YML,51625,DRY,1,10/27/2025,12/31/2025,11/5/2025 9:38,1335,1335,227.3,227.3,1562.3,1562.3
USMEM,USLAX,CNTXG,"Memphis, TN, USMEM",LALB,"Tianjin Xingang Pt, 12, CNTXG",CNTXG,ONEY,ONE,CHIM354B25,DRY,1,10/1/2025,12/31/2025,11/5/2025 9:38,1516,1516,114.37,114.37,1630.37,1630.37
USMEM,USLAX,CNWEI,"Memphis, TN, USMEM",LALB,"Weihai, 37, CNWEI",CNQDG,YMLU,YML,51625,DRY,1,10/27/2025,12/31/2025,11/5/2025 9:38,1310,1310,224.8,224.8,1534.8,1534.8
USMEM,USSAV,CNWHG,"Memphis, TN, USMEM","Savannah, GA, USSAV","Wuhan Pt, 42, CNWHG",CNWHG,MAEU,Maersk,300094432,DRY,0,10/16/2025,3/31/2026,11/5/2025 9:38,732.73,732.73,0,0,732.73,732.73
USMEM,USLAX,CNWHG,"Memphis, TN, USMEM",LALB,"Wuhan Pt, 42, CNWHG",CNWHG,MAEU,Maersk,300094432,DRY,0,10/16/2025,3/31/2026,11/5/2025 9:38,803.73,803.73,0,0,803.73,803.73
USMEM,USLAX,CNWHG,"Memphis, TN, USMEM",LALB,"Wuhan Pt, 42, CNWHG",CNSHG,YMLU,YML,51625,DRY,1,10/27/2025,12/31/2025,11/5/2025 9:38,1370,1370,224.8,224.8,1594.8,1594.8
USMEM,USLAX,CNWHI,"Memphis, TN, USMEM",LALB,"Wuhu Pt, 34, CNWHI",CNSHG,YMLU,YML,51625,DRY,1,10/27/2025,12/31/2025,11/5/2025 9:38,1230,1230,224.8,224.8,1454.8,1454.8
USMEM,USLAX,CNWJA,"Memphis, TN, USMEM",LALB,"Wujiang, 32, CNWJA",CNSHG,YMLU,YML,51625,DRY,1,10/27/2025,12/31/2025,11/5/2025 9:38,1410,1410,224.8,224.8,1634.8,1634.8
USMEM,USLAX,CNWNZ,"Memphis, TN, USMEM",LALB,"Wenzhou Longwan, 33, CNWNZ",CNNBG,YMLU,YML,51625,DRY,1,10/27/2025,12/31/2025,11/5/2025 9:38,1270,1270,224.8,224.8,1494.8,1494.8
USMEM,USLAX,CNWNZ,"Memphis, TN, USMEM",LALB,"Wenzhou Longwan, 33, CNWNZ",CNSHG,YMLU,YML,51625,DRY,1,10/27/2025,12/31/2025,11/5/2025 9:38,1270,1270,224.8,224.8,1494.8,1494.8
USMEM,USLAX,CNWUH,"Memphis, TN, USMEM",LALB,"Wuhan Tianhe, 42, CNWUH",CNWUH,ONEY,ONE,CHIM354B25,DRY,1,10/1/2025,12/31/2025,11/5/2025 9:38,1816,1816,116.33,116.33,1932.33,1932.33
USMEM,USSAV,CNWUZ,"Memphis, TN, USMEM","Savannah, GA, USSAV","Wuzhou Pt, 45, CNWUZ",CNWUZ,MAEU,Maersk,300094432,DRY,0,10/16/2025,3/31/2026,11/5/2025 9:38,1236.05,1236.05,0,0,1236.05,1236.05
USMEM,USLAX,CNWUZ,"Memphis, TN, USMEM",LALB,"Wuzhou Pt, 45, CNWUZ",CNWUZ,MAEU,Maersk,300094432,DRY,0,10/16/2025,3/31/2026,11/5/2025 9:38,1307.05,1307.05,0,0,1307.05,1307.05
USMEM,USLAX,CNWUZ,"Memphis, TN, USMEM",LALB,"Wuzhou Pt, 45, CNWUZ",CNWUZ,ONEY,ONE,CHIM354B25,DRY,1,10/1/2025,12/31/2025,11/5/2025 9:38,1616,1616,170.85,170.85,1786.85,1786.85
USMEM,USLAX,CNXIA,"Memphis, TN, USMEM",LALB,"Xian, 33, CNXIA",CNSHG,YMLU,YML,51625,DRY,1,10/27/2025,12/31/2025,11/5/2025 9:38,3175,3175,224.8,224.8,3399.8,3399.8
USMEM,USLAX,CNXMG,"Memphis, TN, USMEM",LALB,"Xiamen Pt, 35, CNXMG",CNXMG,MAEU,Maersk,300094432,DRY,0,10/16/2025,3/31/2026,11/5/2025 9:38,614.05,614.05,0,0,614.05,614.05
USMEM,USSAV,CNXMG,"Memphis, TN, USMEM","Savannah, GA, USSAV","Xiamen Pt, 35, CNXMG",CNXMG,MAEU,Maersk,300094432,DRY,0,10/16/2025,3/31/2026,11/5/2025 9:38,633.05,633.05,0,0,633.05,633.05
USMEM,USLAX,CNXMG,"Memphis, TN, USMEM",LALB,"Xiamen Pt, 35, CNXMG",CNXMG,OOLU,OOCL,MT256104,DRY,2,10/20/2025,12/31/2025,11/5/2025 9:38,719,719,159.19,159.19,878.19,878.19
USMEM,USLGB,CNXMG,"Memphis, TN, USMEM",LALB,"Xiamen Pt, 35, CNXMG",CNXMG,OOLU,OOCL,MT256104,DRY,2,10/20/2025,12/31/2025,11/5/2025 9:38,719,719,159.19,159.19,878.19,878.19
USMEM,USORF,CNXMG,"Memphis, TN, USMEM","Norfolk, VA, USORF","Xiamen Pt, 35, CNXMG","XIAMEN, CHINA",EGLV,EMC,SC103574,DRY,,10/1/2025,12/31/2025,11/5/2025 9:38,800,800,0,0,800,800
USMEM,USCHS,CNXMG,"Memphis, TN, USMEM","Charleston, SC, USCHS","Xiamen Pt, 35, CNXMG","XIAMEN, CHINA",EGLV,EMC,SC103574,DRY,,10/1/2025,12/31/2025,11/5/2025 9:38,800,800,0,0,800,800
USMEM,USSAV,CNXMG,"Memphis, TN, USMEM","Savannah, GA, USSAV","Xiamen Pt, 35, CNXMG","XIAMEN, CHINA",EGLV,EMC,SC103574,DRY,,10/1/2025,12/31/2025,11/5/2025 9:38,800,800,0,0,800,800
USMEM,USLAX,CNXMG,"Memphis, TN, USMEM",LALB,"Xiamen Pt, 35, CNXMG",CNXMG,YMLU,YML,51625,DRY,1,10/27/2025,12/31/2025,11/5/2025 9:38,900,900,224.8,224.8,1124.8,1124.8
USMEM,USCHS,CNXMG,"Memphis, TN, USMEM","Charleston, SC, USCHS","Xiamen Pt, 35, CNXMG",CNXMG,OOLU,OOCL,MT256104,DRY,2,10/20/2025,12/31/2025,11/5/2025 9:38,1067,1067,159.19,159.19,1226.19,1226.19
USMEM,USSAV,CNXMG,"Memphis, TN, USMEM","Savannah, GA, USSAV","Xiamen Pt, 35, CNXMG",CNXMG,OOLU,OOCL,MT256104,DRY,2,10/20/2025,12/31/2025,11/5/2025 9:38,1067,1067,159.19,159.19,1226.19,1226.19
USMEM,USLAX,CNXMG,"Memphis, TN, USMEM",LALB,"Xiamen Pt, 35, CNXMG","XIAMEN, CHINA",EGLV,EMC,SC103574,DRY,,10/1/2025,12/31/2025,11/5/2025 9:38,1450,1450,0,0,1450,1450
USMEM,USLAX,CNXMG,"Memphis, TN, USMEM",LALB,"Xiamen Pt, 35, CNXMG",CNXMG,ONEY,ONE,CHIM354B25,DRY,1,10/1/2025,12/31/2025,11/5/2025 9:38,1566,1566,114.37,114.37,1680.37,1680.37
USMEM,USLAX,CNXNJ,"Memphis, TN, USMEM",LALB,"Xinji, 13, CNXNJ",CNTXG,YMLU,YML,51625,DRY,1,10/27/2025,12/31/2025,11/5/2025 9:38,1570,1570,224.8,224.8,1794.8,1794.8
USMEM,USLAX,CNYBN,"Memphis, TN, USMEM",LALB,"Yibin, 51, CNYBN",CNSHG,YMLU,YML,51625,DRY,1,10/27/2025,12/31/2025,11/5/2025 9:38,1900,1900,224.8,224.8,2124.8,2124.8
USMEM,USLAX,CNYIC,"Memphis, TN, USMEM",LALB,"Yichang, 42, CNYIC",CNSHG,YMLU,YML,51625,DRY,1,10/27/2025,12/31/2025,11/5/2025 9:38,1480,1480,224.8,224.8,1704.8,1704.8
USMEM,USLAX,CNYNT,"Memphis, TN, USMEM",LALB,"Yantai Laishan, 37, CNYNT",CNQDG,YMLU,YML,51625,DRY,1,10/27/2025,12/31/2025,11/5/2025 9:38,1230,1230,224.8,224.8,1454.8,1454.8
USMEM,USLAX,CNYNT,"Memphis, TN, USMEM",LALB,"Yantai Laishan, 37, CNYNT",CNYNT,ONEY,ONE,CHIM354B25,DRY,1,10/1/2025,12/31/2025,11/5/2025 9:38,1791,1791,117.04,117.04,1908.04,1908.04
USMEM,USLAX,CNYPG,"Memphis, TN, USMEM",LALB,"Yangpu Pt, 46, CNYPG",CNYPG,OOLU,OOCL,MT256104,DRY,2,10/20/2025,12/31/2025,11/5/2025 9:38,719,719,0,0,719,719
USMEM,USLGB,CNYPG,"Memphis, TN, USMEM",LALB,"Yangpu Pt, 46, CNYPG",CNYPG,OOLU,OOCL,MT256104,DRY,2,10/20/2025,12/31/2025,11/5/2025 9:38,719,719,0,0,719,719
USMEM,USSAV,CNYPG,"Memphis, TN, USMEM","Savannah, GA, USSAV","Yangpu Pt, 46, CNYPG",CNYPG,OOLU,OOCL,MT256104,DRY,2,10/20/2025,12/31/2025,11/5/2025 9:38,1067,1067,0,0,1067,1067
USMEM,USCHS,CNYPG,"Memphis, TN, USMEM","Charleston, SC, USCHS","Yangpu Pt, 46, CNYPG",CNYPG,OOLU,OOCL,MT256104,DRY,2,10/20/2025,12/31/2025,11/5/2025 9:38,1067,1067,0,0,1067,1067
USMEM,USLAX,CNYTN,"Memphis, TN, USMEM",LALB,"Yantian Pt, 44, CNYTN",CNYTN,OOLU,OOCL,MT256104,DRY,2,10/20/2025,12/31/2025,11/5/2025 9:38,719,719,159.19,159.19,878.19,878.19
USMEM,USLGB,CNYTN,"Memphis, TN, USMEM",LALB,"Yantian Pt, 44, CNYTN",CNYTN,OOLU,OOCL,MT256104,DRY,2,10/20/2025,12/31/2025,11/5/2025 9:38,719,719,159.19,159.19,878.19,878.19
USMEM,USLAX,CNYTN,"Memphis, TN, USMEM",LALB,"Yantian Pt, 44, CNYTN",CNYTN,YMLU,YML,51625,DRY,1,10/27/2025,12/31/2025,11/5/2025 9:38,925,925,224.8,224.8,1149.8,1149.8
USMEM,USLAX,CNYTN,"Memphis, TN, USMEM",LALB,"Yantian Pt, 44, CNYTN",KRPUS,YMLU,YML,51625,DRY,1,10/27/2025,12/31/2025,11/5/2025 9:38,980,980,125.98,125.98,1105.98,1105.98
USMEM,USLAX,CNYTN,"Memphis, TN, USMEM",LALB,"Yantian Pt, 44, CNYTN",CNYTN,MAEU,Maersk,300094432,DRY,0,10/16/2025,3/31/2026,11/5/2025 9:38,1007.05,1007.05,0,0,1007.05,1007.05
USMEM,USSAV,CNYTN,"Memphis, TN, USMEM","Savannah, GA, USSAV","Yantian Pt, 44, CNYTN",CNYTN,OOLU,OOCL,MT256104,DRY,2,10/20/2025,12/31/2025,11/5/2025 9:38,1067,1067,159.19,159.19,1226.19,1226.19
USMEM,USCHS,CNYTN,"Memphis, TN, USMEM","Charleston, SC, USCHS","Yantian Pt, 44, CNYTN",CNYTN,OOLU,OOCL,MT256104,DRY,2,10/20/2025,12/31/2025,11/5/2025 9:38,1067,1067,159.19,159.19,1226.19,1226.19
USMEM,USSAV,CNYTN,"Memphis, TN, USMEM","Savannah, GA, USSAV","Yantian Pt, 44, CNYTN",CNYTN,MAEU,Maersk,300094432,DRY,0,10/16/2025,3/31/2026,11/5/2025 9:38,1136.05,1136.05,0,0,1136.05,1136.05
USMEM,USCHS,CNYTN,"Memphis, TN, USMEM","Charleston, SC, USCHS","Yantian Pt, 44, CNYTN","YANTIAN, CHINA",EGLV,EMC,SC103574,DRY,,10/1/2025,12/31/2025,11/5/2025 9:38,1500,1500,0,0,1500,1500
USMEM,USORF,CNYTN,"Memphis, TN, USMEM","Norfolk, VA, USORF","Yantian Pt, 44, CNYTN","YANTIAN, CHINA",EGLV,EMC,SC103574,DRY,,10/1/2025,12/31/2025,11/5/2025 9:38,1500,1500,0,0,1500,1500
USMEM,USSAV,CNYTN,"Memphis, TN, USMEM","Savannah, GA, USSAV","Yantian Pt, 44, CNYTN","YANTIAN, CHINA",EGLV,EMC,SC103574,DRY,,10/1/2025,12/31/2025,11/5/2025 9:38,1500,1500,0,0,1500,1500
USMEM,USLAX,CNYTN,"Memphis, TN, USMEM",LALB,"Yantian Pt, 44, CNYTN",CNYTN,ONEY,ONE,CHIM354B25,DRY,1,10/1/2025,12/31/2025,11/5/2025 9:38,1516,1516,170.85,170.85,1686.85,1686.85
USMEM,USLAX,CNYTN,"Memphis, TN, USMEM",LALB,"Yantian Pt, 44, CNYTN","YANTIAN, CHINA",EGLV,EMC,SC103574,DRY,,10/1/2025,12/31/2025,11/5/2025 9:38,2100,2100,0,0,2100,2100
USMEM,USSAV,CNYYA,"Memphis, TN, USMEM","Savannah, GA, USSAV","Yueyang, 50, CNYYA",CNYYA,MAEU,Maersk,300094432,DRY,0,10/16/2025,3/31/2026,11/5/2025 9:38,842.73,842.73,0,0,842.73,842.73
USMEM,USLAX,CNYYA,"Memphis, TN, USMEM",LALB,"Yueyang, 50, CNYYA",CNYYA,MAEU,Maersk,300094432,DRY,0,10/16/2025,3/31/2026,11/5/2025 9:38,913.73,913.73,0,0,913.73,913.73
USMEM,USLAX,CNYYA,"Memphis, TN, USMEM",LALB,"Yueyang, 50, CNYYA",CNSHG,YMLU,YML,51625,DRY,1,10/27/2025,12/31/2025,11/5/2025 9:38,1480,1480,224.8,224.8,1704.8,1704.8
USMEM,USLAX,CNYYA,"Memphis, TN, USMEM",LALB,"Yueyang, 50, CNYYA",CNYYA,ONEY,ONE,CHIM354B25,DRY,1,10/1/2025,12/31/2025,11/5/2025 9:38,1816,1816,120.97,120.97,1936.97,1936.97
USMEM,USLAX,CNYZH,"Memphis, TN, USMEM",LALB,"Yangzhou Pt, 32, CNYZH",CNSHG,YMLU,YML,51625,DRY,1,10/27/2025,12/31/2025,11/5/2025 9:38,1230,1230,224.8,224.8,1454.8,1454.8
USMEM,USLAX,CNZAP,"Memphis, TN, USMEM",LALB,"Zhapu, 33, CNZAP",CNNBG,YMLU,YML,51625,DRY,1,10/27/2025,12/31/2025,11/5/2025 9:38,1180,1180,224.8,224.8,1404.8,1404.8
USMEM,USLAX,CNZHE,"Memphis, TN, USMEM",LALB,"Zhenjiang Pt, 32, CNZHE",CNSHG,YMLU,YML,51625,DRY,1,10/27/2025,12/31/2025,11/5/2025 9:38,1200,1200,224.8,224.8,1424.8,1424.8
USMEM,USLAX,CNZHU,"Memphis, TN, USMEM",LALB,"Zhuao, 41, CNZHU",CNZHU,MAEU,Maersk,300094432,DRY,0,10/16/2025,3/31/2026,11/5/2025 9:38,1417.05,1417.05,0,0,1417.05,1417.05
USMEM,USSAV,CNZHU,"Memphis, TN, USMEM","Savannah, GA, USSAV","Zhuao, 41, CNZHU",CNZHU,MAEU,Maersk,300094432,DRY,0,10/16/2025,3/31/2026,11/5/2025 9:38,1546.05,1546.05,0,0,1546.05,1546.05
USMEM,USSAV,CNZJG,"Memphis, TN, USMEM","Savannah, GA, USSAV","Zhangjiagang, 32, CNZJG",CNZJG,MAEU,Maersk,300094432,DRY,0,10/16/2025,3/31/2026,11/5/2025 9:38,982.73,982.73,0,0,982.73,982.73
USMEM,USLAX,CNZJG,"Memphis, TN, USMEM",LALB,"Zhangjiagang, 32, CNZJG",CNZJG,MAEU,Maersk,300094432,DRY,0,10/16/2025,3/31/2026,11/5/2025 9:38,1053.73,1053.73,0,0,1053.73,1053.73
USMEM,USLAX,CNZJG,"Memphis, TN, USMEM",LALB,"Zhangjiagang, 32, CNZJG",CNSHG,YMLU,YML,51625,DRY,1,10/27/2025,12/31/2025,11/5/2025 9:38,1230,1230,224.8,224.8,1454.8,1454.8
USMEM,USLAX,CNZJG,"Memphis, TN, USMEM",LALB,"Zhangjiagang, 32, CNZJG",CNZJG,ONEY,ONE,CHIM354B25,DRY,1,10/1/2025,12/31/2025,11/5/2025 9:38,1466,1466,116.33,116.33,1582.33,1582.33
USMEM,USLAX,CNZNG,"Memphis, TN, USMEM",LALB,"Zhanjiang Pt, 44, CNZNG",CNZNG,MAEU,Maersk,300094432,DRY,0,10/16/2025,3/31/2026,11/5/2025 9:38,1467.05,1467.05,0,0,1467.05,1467.05
USMEM,USSAV,CNZNG,"Memphis, TN, USMEM","Savannah, GA, USSAV","Zhanjiang Pt, 44, CNZNG",CNZNG,MAEU,Maersk,300094432,DRY,0,10/16/2025,3/31/2026,11/5/2025 9:38,1596.05,1596.05,0,0,1596.05,1596.05
USMEM,USLAX,CNZSN,"Memphis, TN, USMEM",LALB,"Zhongshan Pt, 44, CNZSN",CNZSN,ONEY,ONE,CHIM354B25,DRY,1,10/1/2025,12/31/2025,11/5/2025 9:38,1741,1741,170.85,170.85,1911.85,1911.85
USMEM,USLAX,CNZUH,"Memphis, TN, USMEM",LALB,"Zhuhai Pt, 44, CNZUH",CNZUH,ONEY,ONE,CHIM354B25,DRY,1,10/1/2025,12/31/2025,11/5/2025 9:38,1566,1566,170.85,170.85,1736.85,1736.85
USMEM,USLAX,COBUN,"Memphis, TN, USMEM",LALB,"Buenaventura, , COBUN",COBUN,ONEY,ONE,CHIM354B25,DRY,1,10/1/2025,12/31/2025,11/5/2025 9:38,3083,3083,141,141,3224,3224
USMEM,USLAX,CRCAL,"Memphis, TN, USMEM",LALB,"Caldera, P, CRCAL",CRCAL,ONEY,ONE,CHIM354B25,DRY,1,10/1/2025,12/31/2025,11/5/2025 9:38,3513,3513,245,245,3758,3758
USMEM,USCHS,DJJIB,"Memphis, TN, USMEM","Charleston, SC, USCHS","Djibouti, , DJJIB",DJJIB,MAEU,Maersk,300094432,DRY,0,10/16/2025,3/31/2026,11/5/2025 9:38,2524,2524,0,0,2524,2524
USMEM,USLAX,ECGYE,"Memphis, TN, USMEM",LALB,"Guayaquil, G, ECGYE",ECGYE,ONEY,ONE,CHIM354B25,DRY,1,10/1/2025,12/31/2025,11/5/2025 9:38,2068,2068,410,310,2478,2378
USMEM,USSAV,ECGYE,"Memphis, TN, USMEM","Savannah, GA, USSAV","Guayaquil, G, ECGYE",ECGYE,ONEY,ONE,CHIM354B25,DRY,1,10/1/2025,12/31/2025,11/5/2025 9:38,2533,2533,410,310,2943,2843
USMEM,USSAV,EGALY,"Memphis, TN, USMEM","Savannah, GA, USSAV","Alexandria, , EGALY",EGALY,ONEY,ONE,CHIM354B25,DRY,1,10/1/2025,12/31/2025,11/5/2025 9:38,1736,1736,0,0,1736,1736
USMEM,USCHS,EGALY,"Memphis, TN, USMEM","Charleston, SC, USCHS","Alexandria, , EGALY",EGALY,MAEU,Maersk,300094432,DRY,0,10/16/2025,3/31/2026,11/5/2025 9:38,3996,3996,0,0,3996,3996
USMEM,USSAV,EGALY,"Memphis, TN, USMEM","Savannah, GA, USSAV","Alexandria, , EGALY",EGALY,MAEU,Maersk,300094432,DRY,0,10/16/2025,3/31/2026,11/5/2025 9:38,3996,3996,0,0,3996,3996
USMEM,USSAV,EGDAM,"Memphis, TN, USMEM","Savannah, GA, USSAV","Damietta, , EGDAM",EGDAM,ONEY,ONE,CHIM354B25,DRY,1,10/1/2025,12/31/2025,11/5/2025 9:38,1786,1786,0,0,1786,1786
USMEM,USCHS,EGDAM,"Memphis, TN, USMEM","Charleston, SC, USCHS","Damietta, , EGDAM",EGDAM,MAEU,Maersk,300094432,DRY,0,10/16/2025,3/31/2026,11/5/2025 9:38,1998,1998,0,0,1998,1998
USMEM,USSAV,EGDAM,"Memphis, TN, USMEM","Savannah, GA, USSAV","Damietta, , EGDAM",EGDAM,MAEU,Maersk,300094432,DRY,0,10/16/2025,3/31/2026,11/5/2025 9:38,1998,1998,0,0,1998,1998
USMEM,USSAV,EGPSD,"Memphis, TN, USMEM","Savannah, GA, USSAV","Port Said, , EGPSD",EGPSD,ONEY,ONE,CHIM354B25,DRY,1,10/1/2025,12/31/2025,11/5/2025 9:38,2086,2086,0,0,2086,2086
USMEM,USSAV,ESALG,"Memphis, TN, USMEM","Savannah, GA, USSAV","Algeciras, , ESALG",ESALG,ONEY,ONE,CHIM354B25,DRY,1,10/1/2025,12/31/2025,11/5/2025 9:38,1454,1454,386.41,386.41,1840.41,1840.41
USMEM,USCHS,ESALG,"Memphis, TN, USMEM","Charleston, SC, USCHS","Algeciras, , ESALG",ESALG,ONEY,ONE,CHIM354B25,DRY,1,10/1/2025,12/31/2025,11/5/2025 9:38,1944,1944,386.41,386.41,2330.41,2330.41
USMEM,USSAV,ESBCN,"Memphis, TN, USMEM","Savannah, GA, USSAV","Barcelona, , ESBCN",ESBCN,ONEY,ONE,CHIM354B25,DRY,1,10/1/2025,12/31/2025,11/5/2025 9:38,2214,2214,416.14,416.14,2630.14,2630.14
USMEM,USSAV,ESVLC,"Memphis, TN, USMEM","Savannah, GA, USSAV","Valencia, , ESVLC",ESVLC,ONEY,ONE,CHIM354B25,DRY,1,10/1/2025,12/31/2025,11/5/2025 9:38,1704,1704,420.75,420.75,2124.75,2124.75
USMEM,USSAV,GTGUA,"Memphis, TN, USMEM","Savannah, GA, USSAV","Guatemala City, , GTGUA",PUERTO SANTO TOMAS DE CASTILLA,EGLV,EMC,SC103574,DRY,,10/31/2025,11/30/2025,11/5/2025 9:38,3500,3500,0,0,3500,3500
USMEM,USLAX,GTPRQ,"Memphis, TN, USMEM",LALB,"Puerto Quetzal, , GTPRQ",GTPRQ,ONEY,ONE,CHIM354B25,DRY,1,10/1/2025,12/31/2025,11/5/2025 9:38,3513,3513,683,683,4196,4196
USMEM,USSAV,HNPCR,"Memphis, TN, USMEM","Savannah, GA, USSAV","Puerto Cortes, , HNPCR",PUERTO CORTES,EGLV,EMC,SC103574,DRY,,10/31/2025,11/30/2025,11/5/2025 9:38,3000,3000,190,190,3190,3190
USMEM,USCHS,IDBLW,"Memphis, TN, USMEM","Charleston, SC, USCHS","Belawan, , IDBLW",BELAWAN,EGLV,EMC,SC103574,DRY,,10/1/2025,12/31/2025,11/5/2025 9:38,900,900,145,145,1045,1045
USMEM,USSAV,IDBLW,"Memphis, TN, USMEM","Savannah, GA, USSAV","Belawan, , IDBLW",BELAWAN,EGLV,EMC,SC103574,DRY,,10/1/2025,12/31/2025,11/5/2025 9:38,900,900,145,145,1045,1045
USMEM,USORF,IDBLW,"Memphis, TN, USMEM","Norfolk, VA, USORF","Belawan, , IDBLW",BELAWAN,EGLV,EMC,SC103574,DRY,,10/1/2025,12/31/2025,11/5/2025 9:38,900,900,145,145,1045,1045
USMEM,USLGB,IDBLW,"Memphis, TN, USMEM",LALB,"Belawan, , IDBLW",IDBLW,OOLU,OOCL,MT256104,DRY,2,10/20/2025,12/31/2025,11/5/2025 9:38,1194,1194,145,145,1339,1339
USMEM,USLAX,IDBLW,"Memphis, TN, USMEM",LALB,"Belawan, , IDBLW",IDBLW,OOLU,OOCL,MT256104,DRY,2,10/20/2025,12/31/2025,11/5/2025 9:38,1194,1194,145,145,1339,1339
USMEM,USLAX,IDBLW,"Memphis, TN, USMEM",LALB,"Belawan, , IDBLW",IDBLW,MAEU,Maersk,300094432,DRY,0,10/16/2025,3/31/2026,11/5/2025 9:38,1447,1447,0,0,1447,1447
USMEM,USSAV,IDBLW,"Memphis, TN, USMEM","Savannah, GA, USSAV","Belawan, , IDBLW",IDBLW,OOLU,OOCL,MT256104,DRY,2,10/20/2025,12/31/2025,11/5/2025 9:38,1467,1467,145,145,1612,1612
USMEM,USCHS,IDBLW,"Memphis, TN, USMEM","Charleston, SC, USCHS","Belawan, , IDBLW",IDBLW,OOLU,OOCL,MT256104,DRY,2,10/20/2025,12/31/2025,11/5/2025 9:38,1467,1467,145,145,1612,1612
USMEM,USLAX,IDBLW,"Memphis, TN, USMEM",LALB,"Belawan, , IDBLW",BELAWAN,EGLV,EMC,SC103574,DRY,,10/1/2025,12/31/2025,11/5/2025 9:38,1550,1550,145,145,1695,1695
USMEM,USSAV,IDBLW,"Memphis, TN, USMEM","Savannah, GA, USSAV","Belawan, , IDBLW",IDBLW,MAEU,Maersk,300094432,DRY,0,10/16/2025,3/31/2026,11/5/2025 9:38,1576,1576,0,0,1576,1576
USMEM,USLAX,IDBLW,"Memphis, TN, USMEM",LALB,"Belawan, , IDBLW",CNSHG,YMLU,YML,51625,DRY,1,10/27/2025,12/31/2025,11/5/2025 9:38,1805,1805,224.8,224.8,2029.8,2029.8
USMEM,USLAX,IDBLW,"Memphis, TN, USMEM",LALB,"Belawan, , IDBLW",SGSIN,YMLU,YML,51625,DRY,1,10/27/2025,12/31/2025,11/5/2025 9:38,1905,1905,268.95,268.95,2173.95,2173.95
USMEM,USLAX,IDBLW,"Memphis, TN, USMEM",LALB,"Belawan, , IDBLW",IDBLW,YMLU,YML,51625,DRY,1,10/27/2025,12/31/2025,11/5/2025 9:38,2150,2150,0,0,2150,2150
USMEM,USLAX,IDBLW,"Memphis, TN, USMEM",LALB,"Belawan, , IDBLW",IDBLW,ONEY,ONE,CHIM354B25,DRY,1,10/1/2025,12/31/2025,11/5/2025 9:38,2151,2151,505.63,505.63,2656.63,2656.63
USMEM,USLAX,IDCKR,"Memphis, TN, USMEM",LALB,"Cikarang, JB, IDCKR",IDCKR,OOLU,OOCL,MT256104,DRY,2,10/20/2025,12/31/2025,11/5/2025 9:38,1394,1394,145,145,1539,1539
USMEM,USLGB,IDCKR,"Memphis, TN, USMEM",LALB,"Cikarang, JB, IDCKR",IDCKR,OOLU,OOCL,MT256104,DRY,2,10/20/2025,12/31/2025,11/5/2025 9:38,1394,1394,145,145,1539,1539
USMEM,USCHS,IDCKR,"Memphis, TN, USMEM","Charleston, SC, USCHS","Cikarang, JB, IDCKR",IDCKR,ONEY,ONE,CHIM354B25,DRY,1,10/1/2025,12/31/2025,11/5/2025 9:38,1714,1714,505.63,505.63,2219.63,2219.63
USMEM,USSAV,IDCKR,"Memphis, TN, USMEM","Savannah, GA, USSAV","Cikarang, JB, IDCKR",IDCKR,ONEY,ONE,CHIM354B25,DRY,1,10/1/2025,12/31/2025,11/5/2025 9:38,1714,1714,505.63,505.63,2219.63,2219.63
USMEM,USLAX,IDCKR,"Memphis, TN, USMEM",LALB,"Cikarang, JB, IDCKR",IDCKR,ONEY,ONE,CHIM354B25,DRY,1,10/1/2025,12/31/2025,11/5/2025 9:38,1876,1876,505.63,505.63,2381.63,2381.63
USMEM,USSAV,IDJKT,"Memphis, TN, USMEM","Savannah, GA, USSAV","Jakarta, JK, IDJKT",JAKARTA,EGLV,EMC,SC103574,DRY,,10/1/2025,12/31/2025,11/5/2025 9:38,900,900,145,145,1045,1045
USMEM,USORF,IDJKT,"Memphis, TN, USMEM","Norfolk, VA, USORF","Jakarta, JK, IDJKT",JAKARTA,EGLV,EMC,SC103574,DRY,,10/1/2025,12/31/2025,11/5/2025 9:38,900,900,145,145,1045,1045
USMEM,USCHS,IDJKT,"Memphis, TN, USMEM","Charleston, SC, USCHS","Jakarta, JK, IDJKT",JAKARTA,EGLV,EMC,SC103574,DRY,,10/1/2025,12/31/2025,11/5/2025 9:38,900,900,145,145,1045,1045
USMEM,USLAX,IDJKT,"Memphis, TN, USMEM",LALB,"Jakarta, JK, IDJKT",IDJKT,MAEU,Maersk,300094432,DRY,0,10/16/2025,3/31/2026,11/5/2025 9:38,1152,1152,0,0,1152,1152
USMEM,USLAX,IDJKT,"Memphis, TN, USMEM",LALB,"Jakarta, JK, IDJKT",IDJKT,OOLU,OOCL,MT256104,DRY,2,10/20/2025,12/31/2025,11/5/2025 9:38,1194,1194,145,145,1339,1339
USMEM,USLGB,IDJKT,"Memphis, TN, USMEM",LALB,"Jakarta, JK, IDJKT",IDJKT,OOLU,OOCL,MT256104,DRY,2,10/20/2025,12/31/2025,11/5/2025 9:38,1194,1194,145,145,1339,1339
USMEM,USSAV,IDJKT,"Memphis, TN, USMEM","Savannah, GA, USSAV","Jakarta, JK, IDJKT",IDJKT,MAEU,Maersk,300094432,DRY,0,10/16/2025,3/31/2026,11/5/2025 9:38,1281,1281,0,0,1281,1281
USMEM,USLAX,IDJKT,"Memphis, TN, USMEM",LALB,"Jakarta, JK, IDJKT",IDJKT,YMLU,YML,51625,DRY,1,10/27/2025,12/31/2025,11/5/2025 9:38,1340,1340,145,145,1485,1485
USMEM,USLAX,IDJKT,"Memphis, TN, USMEM",LALB,"Jakarta, JK, IDJKT",IDJKT,YMLU,YML,51625,DRY,1,10/27/2025,12/31/2025,11/5/2025 9:38,1340,1340,0,0,1340,1340
USMEM,USSAV,IDJKT,"Memphis, TN, USMEM","Savannah, GA, USSAV","Jakarta, JK, IDJKT",IDJKT,OOLU,OOCL,MT256104,DRY,2,10/20/2025,12/31/2025,11/5/2025 9:38,1467,1467,145,145,1612,1612
USMEM,USCHS,IDJKT,"Memphis, TN, USMEM","Charleston, SC, USCHS","Jakarta, JK, IDJKT",IDJKT,OOLU,OOCL,MT256104,DRY,2,10/20/2025,12/31/2025,11/5/2025 9:38,1467,1467,145,145,1612,1612
USMEM,USLAX,IDJKT,"Memphis, TN, USMEM",LALB,"Jakarta, JK, IDJKT",CNSHG,YMLU,YML,51625,DRY,1,10/27/2025,12/31/2025,11/5/2025 9:38,1500,1500,224.8,224.8,1724.8,1724.8
USMEM,USSAV,IDJKT,"Memphis, TN, USMEM","Savannah, GA, USSAV","Jakarta, JK, IDJKT",IDJKT,ONEY,ONE,CHIM354B25,DRY,1,10/1/2025,12/31/2025,11/5/2025 9:38,1514,1514,505.63,505.63,2019.63,2019.63
USMEM,USLAX,IDJKT,"Memphis, TN, USMEM",LALB,"Jakarta, JK, IDJKT",JAKARTA,EGLV,EMC,SC103574,DRY,,10/1/2025,12/31/2025,11/5/2025 9:38,1550,1550,145,145,1695,1695
USMEM,USCHS,IDJKT,"Memphis, TN, USMEM","Charleston, SC, USCHS","Jakarta, JK, IDJKT",IDJKT,ONEY,ONE,CHIM354B25,DRY,1,10/1/2025,12/31/2025,11/5/2025 9:38,1574,1574,505.63,505.63,2079.63,2079.63
USMEM,USLAX,IDJKT,"Memphis, TN, USMEM",LALB,"Jakarta, JK, IDJKT",SGSIN,YMLU,YML,51625,DRY,1,10/27/2025,12/31/2025,11/5/2025 9:38,1600,1600,268.95,268.95,1868.95,1868.95
USMEM,USLAX,IDJKT,"Memphis, TN, USMEM",LALB,"Jakarta, JK, IDJKT",IDJKT,ONEY,ONE,CHIM354B25,DRY,1,10/1/2025,12/31/2025,11/5/2025 9:38,1636,1636,505.63,505.63,2141.63,2141.63
USMEM,USLAX,IDPLM,"Memphis, TN, USMEM",LALB,"Palembang, Sumatra, , IDPLM",SGSIN,YMLU,YML,51625,DRY,1,10/27/2025,12/31/2025,11/5/2025 9:38,2050,2050,268.95,268.95,2318.95,2318.95
USMEM,USCHS,IDSRG,"Memphis, TN, USMEM","Charleston, SC, USCHS","Semarang, JT, IDSRG",SEMARANG,EGLV,EMC,SC103574,DRY,,10/1/2025,12/31/2025,11/5/2025 9:38,900,900,145,145,1045,1045
USMEM,USSAV,IDSRG,"Memphis, TN, USMEM","Savannah, GA, USSAV","Semarang, JT, IDSRG",SEMARANG,EGLV,EMC,SC103574,DRY,,10/1/2025,12/31/2025,11/5/2025 9:38,900,900,145,145,1045,1045
USMEM,USORF,IDSRG,"Memphis, TN, USMEM","Norfolk, VA, USORF","Semarang, JT, IDSRG",SEMARANG,EGLV,EMC,SC103574,DRY,,10/1/2025,12/31/2025,11/5/2025 9:38,900,900,145,145,1045,1045
USMEM,USLAX,IDSRG,"Memphis, TN, USMEM",LALB,"Semarang, JT, IDSRG",IDSRG,MAEU,Maersk,300094432,DRY,0,10/16/2025,3/31/2026,11/5/2025 9:38,1152,1152,0,0,1152,1152
USMEM,USLAX,IDSRG,"Memphis, TN, USMEM",LALB,"Semarang, JT, IDSRG",IDSRG,OOLU,OOCL,MT256104,DRY,2,10/20/2025,12/31/2025,11/5/2025 9:38,1194,1194,145,145,1339,1339
USMEM,USLGB,IDSRG,"Memphis, TN, USMEM",LALB,"Semarang, JT, IDSRG",IDSRG,OOLU,OOCL,MT256104,DRY,2,10/20/2025,12/31/2025,11/5/2025 9:38,1194,1194,145,145,1339,1339
USMEM,USSAV,IDSRG,"Memphis, TN, USMEM","Savannah, GA, USSAV","Semarang, JT, IDSRG",IDSRG,MAEU,Maersk,300094432,DRY,0,10/16/2025,3/31/2026,11/5/2025 9:38,1281,1281,0,0,1281,1281
USMEM,USCHS,IDSRG,"Memphis, TN, USMEM","Charleston, SC, USCHS","Semarang, JT, IDSRG",IDSRG,OOLU,OOCL,MT256104,DRY,2,10/20/2025,12/31/2025,11/5/2025 9:38,1467,1467,145,145,1612,1612
USMEM,USSAV,IDSRG,"Memphis, TN, USMEM","Savannah, GA, USSAV","Semarang, JT, IDSRG",IDSRG,OOLU,OOCL,MT256104,DRY,2,10/20/2025,12/31/2025,11/5/2025 9:38,1467,1467,145,145,1612,1612
USMEM,USLAX,IDSRG,"Memphis, TN, USMEM",LALB,"Semarang, JT, IDSRG",SEMARANG,EGLV,EMC,SC103574,DRY,,10/1/2025,12/31/2025,11/5/2025 9:38,1550,1550,145,145,1695,1695
USMEM,USLAX,IDSRG,"Memphis, TN, USMEM",LALB,"Semarang, JT, IDSRG",IDSRG,ONEY,ONE,CHIM354B25,DRY,1,10/1/2025,12/31/2025,11/5/2025 9:38,1636,1636,505.63,505.63,2141.63,2141.63
USMEM,USLAX,IDSRG,"Memphis, TN, USMEM",LALB,"Semarang, JT, IDSRG",SGSIN,YMLU,YML,51625,DRY,1,10/27/2025,12/31/2025,11/5/2025 9:38,1650,1650,268.95,268.95,1918.95,1918.95
USMEM,USLAX,IDSRG,"Memphis, TN, USMEM",LALB,"Semarang, JT, IDSRG",IDSRG,YMLU,YML,51625,DRY,1,10/27/2025,12/31/2025,11/5/2025 9:38,1700,1700,0,0,1700,1700
USMEM,USCHS,IDSRG,"Memphis, TN, USMEM","Charleston, SC, USCHS","Semarang, JT, IDSRG",IDSRG,ONEY,ONE,CHIM354B25,DRY,1,10/1/2025,12/31/2025,11/5/2025 9:38,1784,1784,505.63,505.63,2289.63,2289.63
USMEM,USSAV,IDSRG,"Memphis, TN, USMEM","Savannah, GA, USSAV","Semarang, JT, IDSRG",IDSRG,ONEY,ONE,CHIM354B25,DRY,1,10/1/2025,12/31/2025,11/5/2025 9:38,1784,1784,505.63,505.63,2289.63,2289.63
USMEM,USCHS,IDSUB,"Memphis, TN, USMEM","Charleston, SC, USCHS","Surabaya, JI, IDSUB",SURABAYA,EGLV,EMC,SC103574,DRY,,10/1/2025,12/31/2025,11/5/2025 9:38,900,900,145,145,1045,1045
USMEM,USSAV,IDSUB,"Memphis, TN, USMEM","Savannah, GA, USSAV","Surabaya, JI, IDSUB",SURABAYA,EGLV,EMC,SC103574,DRY,,10/1/2025,12/31/2025,11/5/2025 9:38,900,900,145,145,1045,1045
USMEM,USORF,IDSUB,"Memphis, TN, USMEM","Norfolk, VA, USORF","Surabaya, JI, IDSUB",SURABAYA,EGLV,EMC,SC103574,DRY,,10/1/2025,12/31/2025,11/5/2025 9:38,900,900,145,145,1045,1045
USMEM,USLAX,IDSUB,"Memphis, TN, USMEM",LALB,"Surabaya, JI, IDSUB",IDSUB,MAEU,Maersk,300094432,DRY,0,10/16/2025,3/31/2026,11/5/2025 9:38,1152,1152,0,0,1152,1152
USMEM,USLGB,IDSUB,"Memphis, TN, USMEM",LALB,"Surabaya, JI, IDSUB",IDSUB,OOLU,OOCL,MT256104,DRY,2,10/20/2025,12/31/2025,11/5/2025 9:38,1194,1194,145,145,1339,1339
USMEM,USLAX,IDSUB,"Memphis, TN, USMEM",LALB,"Surabaya, JI, IDSUB",IDSUB,OOLU,OOCL,MT256104,DRY,2,10/20/2025,12/31/2025,11/5/2025 9:38,1194,1194,145,145,1339,1339
USMEM,USSAV,IDSUB,"Memphis, TN, USMEM","Savannah, GA, USSAV","Surabaya, JI, IDSUB",IDSUB,MAEU,Maersk,300094432,DRY,0,10/16/2025,3/31/2026,11/5/2025 9:38,1281,1281,0,0,1281,1281
USMEM,USLAX,IDSUB,"Memphis, TN, USMEM",LALB,"Surabaya, JI, IDSUB",IDSUB,YMLU,YML,51625,DRY,1,10/27/2025,12/31/2025,11/5/2025 9:38,1300,1300,0,0,1300,1300
USMEM,USSAV,IDSUB,"Memphis, TN, USMEM","Savannah, GA, USSAV","Surabaya, JI, IDSUB",IDSUB,OOLU,OOCL,MT256104,DRY,2,10/20/2025,12/31/2025,11/5/2025 9:38,1467,1467,145,145,1612,1612
USMEM,USCHS,IDSUB,"Memphis, TN, USMEM","Charleston, SC, USCHS","Surabaya, JI, IDSUB",IDSUB,OOLU,OOCL,MT256104,DRY,2,10/20/2025,12/31/2025,11/5/2025 9:38,1467,1467,145,145,1612,1612
USMEM,USLAX,IDSUB,"Memphis, TN, USMEM",LALB,"Surabaya, JI, IDSUB",CNSHG,YMLU,YML,51625,DRY,1,10/27/2025,12/31/2025,11/5/2025 9:38,1500,1500,224.8,224.8,1724.8,1724.8
USMEM,USLAX,IDSUB,"Memphis, TN, USMEM",LALB,"Surabaya, JI, IDSUB",SURABAYA,EGLV,EMC,SC103574,DRY,,10/1/2025,12/31/2025,11/5/2025 9:38,1550,1550,145,145,1695,1695
USMEM,USLAX,IDSUB,"Memphis, TN, USMEM",LALB,"Surabaya, JI, IDSUB",SGSIN,YMLU,YML,51625,DRY,1,10/27/2025,12/31/2025,11/5/2025 9:38,1600,1600,268.95,268.95,1868.95,1868.95
USMEM,USLAX,IDSUB,"Memphis, TN, USMEM",LALB,"Surabaya, JI, IDSUB",IDSUB,ONEY,ONE,CHIM354B25,DRY,1,10/1/2025,12/31/2025,11/5/2025 9:38,1636,1636,505.63,505.63,2141.63,2141.63
USMEM,USCHS,IDSUB,"Memphis, TN, USMEM","Charleston, SC, USCHS","Surabaya, JI, IDSUB",IDSUB,ONEY,ONE,CHIM354B25,DRY,1,10/1/2025,12/31/2025,11/5/2025 9:38,1784,1784,505.63,505.63,2289.63,2289.63
USMEM,USSAV,IDSUB,"Memphis, TN, USMEM","Savannah, GA, USSAV","Surabaya, JI, IDSUB",IDSUB,ONEY,ONE,CHIM354B25,DRY,1,10/1/2025,12/31/2025,11/5/2025 9:38,1784,1784,505.63,505.63,2289.63,2289.63
USMEM,USCHS,INCCU,"Memphis, TN, USMEM","Charleston, SC, USCHS","Kolkata (ex Calcutta), WB, INCCU",INCCU,MAEU,Maersk,300094432,DRY,0,10/16/2025,3/31/2026,11/5/2025 9:38,2233,2233,0,0,2233,2233
USMEM,USLAX,INCCU,"Memphis, TN, USMEM",LALB,"Kolkata (ex Calcutta), WB, INCCU",CNSHG,YMLU,YML,51625,DRY,1,10/27/2025,12/31/2025,11/5/2025 9:38,2550,2550,224.8,224.8,2774.8,2774.8
USMEM,USLAX,INCCU,"Memphis, TN, USMEM",LALB,"Kolkata (ex Calcutta), WB, INCCU",CNNBG,YMLU,YML,51625,DRY,1,10/27/2025,12/31/2025,11/5/2025 9:38,2550,2550,224.8,224.8,2774.8,2774.8
USMEM,USLAX,INCCU,"Memphis, TN, USMEM",LALB,"Kolkata (ex Calcutta), WB, INCCU",SGSIN,YMLU,YML,51625,DRY,1,10/27/2025,12/31/2025,11/5/2025 9:38,2650,2650,268.95,268.95,2918.95,2918.95
USMEM,USSAV,INCCU,"Memphis, TN, USMEM","Savannah, GA, USSAV","Kolkata (ex Calcutta), WB, INCCU",INCCU,ONEY,ONE,CHIM354B25,DRY,1,10/1/2025,12/31/2025,11/5/2025 9:38,2739,2739,280.64,280.64,3019.64,3019.64
USMEM,USLAX,INCCU,"Memphis, TN, USMEM",LALB,"Kolkata (ex Calcutta), WB, INCCU",INCCU,ONEY,ONE,CHIM354B25,DRY,1,10/1/2025,12/31/2025,11/5/2025 9:38,3051,3051,280.64,280.64,3331.64,3331.64
USMEM,USCHS,INCOK,"Memphis, TN, USMEM","Charleston, SC, USCHS","Cochin, KL, INCOK",INCOK,MAEU,Maersk,300094432,DRY,0,10/16/2025,3/31/2026,11/5/2025 9:38,2233,2233,0,0,2233,2233
USMEM,USORF,INCOK,"Memphis, TN, USMEM","Norfolk, VA, USORF","Cochin, KL, INCOK",INCOK,ONEY,ONE,CHIM354B25,DRY,1,10/1/2025,12/31/2025,11/5/2025 9:38,2464,2464,249.51,249.51,2713.51,2713.51
USMEM,USCHS,INCOK,"Memphis, TN, USMEM","Charleston, SC, USCHS","Cochin, KL, INCOK",INCOK,ONEY,ONE,CHIM354B25,DRY,1,10/1/2025,12/31/2025,11/5/2025 9:38,2464,2464,249.51,249.51,2713.51,2713.51
USMEM,USSAV,INCOK,"Memphis, TN, USMEM","Savannah, GA, USSAV","Cochin, KL, INCOK",INCOK,ONEY,ONE,CHIM354B25,DRY,1,10/1/2025,12/31/2025,11/5/2025 9:38,2464,2464,249.51,249.51,2713.51,2713.51
USMEM,USLAX,INCOK,"Memphis, TN, USMEM",LALB,"Cochin, KL, INCOK",INCOK,ONEY,ONE,CHIM354B25,DRY,1,10/1/2025,12/31/2025,11/5/2025 9:38,3051,3051,249.51,249.51,3300.51,3300.51
USMEM,USLAX,INHAL,"Memphis, TN, USMEM",LALB,"Haldia, WB, INHAL",INHAL,OOLU,OOCL,MT256104,DRY,2,10/20/2025,12/31/2025,11/5/2025 9:38,3574,3574,0,0,3574,3574
USMEM,USLGB,INHAL,"Memphis, TN, USMEM",LALB,"Haldia, WB, INHAL",INHAL,OOLU,OOCL,MT256104,DRY,2,10/20/2025,12/31/2025,11/5/2025 9:38,3574,3574,0,0,3574,3574
USMEM,USCHS,INHAL,"Memphis, TN, USMEM","Charleston, SC, USCHS","Haldia, WB, INHAL",INHAL,OOLU,OOCL,MT256104,DRY,2,10/20/2025,12/31/2025,11/5/2025 9:38,3757,3757,0,0,3757,3757
USMEM,USSAV,INHAL,"Memphis, TN, USMEM","Savannah, GA, USSAV","Haldia, WB, INHAL",INHAL,OOLU,OOCL,MT256104,DRY,2,10/20/2025,12/31/2025,11/5/2025 9:38,3757,3757,0,0,3757,3757
USMEM,USSAV,INHZA,"Memphis, TN, USMEM","Savannah, GA, USSAV","Hazira Port/Surat, GJ, INHZA",INHZA,ONEY,ONE,CHIM354B25,DRY,1,10/1/2025,12/31/2025,11/5/2025 9:38,1839,1839,262.63,262.63,2101.63,2101.63
USMEM,USLAX,INKOC,"Memphis, TN, USMEM",LALB,"Kochi, , INKOC",INKOC,OOLU,OOCL,MT256104,DRY,2,10/20/2025,12/31/2025,11/5/2025 9:38,2644,2644,270.35,270.35,2914.35,2914.35
USMEM,USLGB,INKOC,"Memphis, TN, USMEM",LALB,"Kochi, , INKOC",INKOC,OOLU,OOCL,MT256104,DRY,2,10/20/2025,12/31/2025,11/5/2025 9:38,2644,2644,270.35,270.35,2914.35,2914.35
USMEM,USLAX,INKOC,"Memphis, TN, USMEM",LALB,"Kochi, , INKOC",KRPUS,YMLU,YML,51625,DRY,1,10/27/2025,12/31/2025,11/5/2025 9:38,2840,2840,125.98,125.98,2965.98,2965.98
USMEM,USCHS,INKOC,"Memphis, TN, USMEM","Charleston, SC, USCHS","Kochi, , INKOC",INKOC,OOLU,OOCL,MT256104,DRY,2,10/20/2025,12/31/2025,11/5/2025 9:38,3987,3987,270.35,270.35,4257.35,4257.35
USMEM,USSAV,INKOC,"Memphis, TN, USMEM","Savannah, GA, USSAV","Kochi, , INKOC",INKOC,OOLU,OOCL,MT256104,DRY,2,10/20/2025,12/31/2025,11/5/2025 9:38,3987,3987,270.35,270.35,4257.35,4257.35
USMEM,USLAX,INKTP,"Memphis, TN, USMEM",LALB,"Kattupalli Port, TN, INKTP",INKTP,OOLU,OOCL,MT256104,DRY,2,10/20/2025,12/31/2025,11/5/2025 9:38,1794,1794,0,0,1794,1794
USMEM,USLGB,INKTP,"Memphis, TN, USMEM",LALB,"Kattupalli Port, TN, INKTP",INKTP,OOLU,OOCL,MT256104,DRY,2,10/20/2025,12/31/2025,11/5/2025 9:38,1794,1794,0,0,1794,1794
USMEM,USSAV,INKTP,"Memphis, TN, USMEM","Savannah, GA, USSAV","Kattupalli Port, TN, INKTP",INKTP,OOLU,OOCL,MT256104,DRY,2,10/20/2025,12/31/2025,11/5/2025 9:38,2137,2137,0,0,2137,2137
USMEM,USCHS,INKTP,"Memphis, TN, USMEM","Charleston, SC, USCHS","Kattupalli Port, TN, INKTP",INKTP,OOLU,OOCL,MT256104,DRY,2,10/20/2025,12/31/2025,11/5/2025 9:38,2137,2137,0,0,2137,2137
USMEM,USCHS,INMAA,"Memphis, TN, USMEM","Charleston, SC, USCHS","Chennai (ex Madras), TN, INMAA",INMAA,MAEU,Maersk,300094432,DRY,0,10/16/2025,3/31/2026,11/5/2025 9:38,2233,2233,0,0,2233,2233
USMEM,USLAX,INMAA,"Memphis, TN, USMEM",LALB,"Chennai (ex Madras), TN, INMAA",CNSHG,YMLU,YML,51625,DRY,1,10/27/2025,12/31/2025,11/5/2025 9:38,2300,2300,224.8,224.8,2524.8,2524.8
USMEM,USLAX,INMAA,"Memphis, TN, USMEM",LALB,"Chennai (ex Madras), TN, INMAA",CNNBG,YMLU,YML,51625,DRY,1,10/27/2025,12/31/2025,11/5/2025 9:38,2300,2300,224.8,224.8,2524.8,2524.8
USMEM,USLAX,INMAA,"Memphis, TN, USMEM",LALB,"Chennai (ex Madras), TN, INMAA",SGSIN,YMLU,YML,51625,DRY,1,10/27/2025,12/31/2025,11/5/2025 9:38,2400,2400,268.95,268.95,2668.95,2668.95
USMEM,USLAX,INMAA,"Memphis, TN, USMEM",LALB,"Chennai (ex Madras), TN, INMAA",INMAA,ONEY,ONE,CHIM354B25,DRY,1,10/1/2025,12/31/2025,11/5/2025 9:38,2626,2626,227.54,227.54,2853.54,2853.54
USMEM,USSAV,INMAA,"Memphis, TN, USMEM","Savannah, GA, USSAV","Chennai (ex Madras), TN, INMAA",INMAA,ONEY,ONE,CHIM354B25,DRY,1,10/1/2025,12/31/2025,11/5/2025 9:38,2714,2714,227.54,227.54,2941.54,2941.54
USMEM,USCHS,INMAA,"Memphis, TN, USMEM","Charleston, SC, USCHS","Chennai (ex Madras), TN, INMAA",INMAA,ONEY,ONE,CHIM354B25,DRY,1,10/1/2025,12/31/2025,11/5/2025 9:38,2714,2714,227.54,227.54,2941.54,2941.54
USMEM,USCHS,INMUN,"Memphis, TN, USMEM","Charleston, SC, USCHS","Mundra, GJ, INMUN",INMUN,ONEY,ONE,CHIM354B25,DRY,1,10/1/2025,12/31/2025,11/5/2025 9:38,1424,1424,324.41,324.41,1748.41,1748.41
USMEM,USCHS,INMUN,"Memphis, TN, USMEM","Charleston, SC, USCHS","Mundra, GJ, INMUN",INMUN,OOLU,OOCL,MT256104,DRY,2,10/20/2025,12/31/2025,11/5/2025 9:38,1547,1547,180.23,180.23,1727.23,1727.23
USMEM,USSAV,INMUN,"Memphis, TN, USMEM","Savannah, GA, USSAV","Mundra, GJ, INMUN",INMUN,OOLU,OOCL,MT256104,DRY,2,10/20/2025,12/31/2025,11/5/2025 9:38,1547,1547,180.23,180.23,1727.23,1727.23
USMEM,USSAV,INMUN,"Memphis, TN, USMEM","Savannah, GA, USSAV","Mundra, GJ, INMUN",INMUN,ONEY,ONE,CHIM354B25,DRY,1,10/1/2025,12/31/2025,11/5/2025 9:38,1639,1639,324.41,324.41,1963.41,1963.41
USMEM,USCHS,INMUN,"Memphis, TN, USMEM","Charleston, SC, USCHS","Mundra, GJ, INMUN",INMUN,MAEU,Maersk,300094432,DRY,0,10/16/2025,3/31/2026,11/5/2025 9:38,1869,1869,0,0,1869,1869
USMEM,USLAX,INMUN,"Memphis, TN, USMEM",LALB,"Mundra, GJ, INMUN",INMUN,ONEY,ONE,CHIM354B25,DRY,1,10/1/2025,12/31/2025,11/5/2025 9:38,2516,2516,324.41,324.41,2840.41,2840.41
USMEM,USLAX,INNSA,"Memphis, TN, USMEM",LALB,"Nhava Sheva, MH, INNSA",INNSA,OOLU,OOCL,MT256104,DRY,2,10/20/2025,12/31/2025,11/5/2025 9:38,1274,1274,157.7,157.7,1431.7,1431.7
USMEM,USLGB,INNSA,"Memphis, TN, USMEM",LALB,"Nhava Sheva, MH, INNSA",INNSA,OOLU,OOCL,MT256104,DRY,2,10/20/2025,12/31/2025,11/5/2025 9:38,1274,1274,157.7,157.7,1431.7,1431.7
USMEM,USCHS,INNSA,"Memphis, TN, USMEM","Charleston, SC, USCHS","Nhava Sheva, MH, INNSA",INNSA,ONEY,ONE,CHIM354B25,DRY,1,10/1/2025,12/31/2025,11/5/2025 9:38,1424,1424,290.62,290.62,1714.62,1714.62
USMEM,USORF,INNSA,"Memphis, TN, USMEM","Norfolk, VA, USORF","Nhava Sheva, MH, INNSA",NHAVA SHEVA,EGLV,EMC,SC103574,DRY,,10/1/2025,12/31/2025,11/5/2025 9:38,1500,1500,199.65,199.65,1699.65,1699.65
USMEM,USCHS,INNSA,"Memphis, TN, USMEM","Charleston, SC, USCHS","Nhava Sheva, MH, INNSA",NHAVA SHEVA,EGLV,EMC,SC103574,DRY,,10/1/2025,12/31/2025,11/5/2025 9:38,1500,1500,199.65,199.65,1699.65,1699.65
USMEM,USSAV,INNSA,"Memphis, TN, USMEM","Savannah, GA, USSAV","Nhava Sheva, MH, INNSA",NHAVA SHEVA,EGLV,EMC,SC103574,DRY,,10/1/2025,12/31/2025,11/5/2025 9:38,1500,1500,199.65,199.65,1699.65,1699.65
USMEM,USSAV,INNSA,"Memphis, TN, USMEM","Savannah, GA, USSAV","Nhava Sheva, MH, INNSA",INNSA,OOLU,OOCL,MT256104,DRY,2,10/20/2025,12/31/2025,11/5/2025 9:38,1547,1547,157.7,157.7,1704.7,1704.7
USMEM,USCHS,INNSA,"Memphis, TN, USMEM","Charleston, SC, USCHS","Nhava Sheva, MH, INNSA",INNSA,OOLU,OOCL,MT256104,DRY,2,10/20/2025,12/31/2025,11/5/2025 9:38,1547,1547,157.7,157.7,1704.7,1704.7
USMEM,USSAV,INNSA,"Memphis, TN, USMEM","Savannah, GA, USSAV","Nhava Sheva, MH, INNSA",INNSA,ONEY,ONE,CHIM354B25,DRY,1,10/1/2025,12/31/2025,11/5/2025 9:38,1639,1639,290.62,290.62,1929.62,1929.62
USMEM,USCHS,INNSA,"Memphis, TN, USMEM","Charleston, SC, USCHS","Nhava Sheva, MH, INNSA",INNSA,MAEU,Maersk,300094432,DRY,0,10/16/2025,3/31/2026,11/5/2025 9:38,1869,1869,0,0,1869,1869
USMEM,USLAX,INNSA,"Memphis, TN, USMEM",LALB,"Nhava Sheva, MH, INNSA",NHAVA SHEVA,EGLV,EMC,SC103574,DRY,,10/1/2025,12/31/2025,11/5/2025 9:38,2050,2050,199.65,199.65,2249.65,2249.65
USMEM,USLAX,INNSA,"Memphis, TN, USMEM",LALB,"Nhava Sheva, MH, INNSA",INNSA,YMLU,YML,51625,DRY,1,10/27/2025,12/31/2025,11/5/2025 9:38,2325,2325,157.7,157.7,2482.7,2482.7
USMEM,USLAX,INNSA,"Memphis, TN, USMEM",LALB,"Nhava Sheva, MH, INNSA",INNSA,ONEY,ONE,CHIM354B25,DRY,1,10/1/2025,12/31/2025,11/5/2025 9:38,2516,2516,290.62,290.62,2806.62,2806.62
USMEM,USSAV,INPAV,"Memphis, TN, USMEM","Savannah, GA, USSAV","Pipavav (Victor) Port, GJ, INPAV",INPAV,MAEU,Maersk,300094432,DRY,0,10/16/2025,3/31/2026,11/5/2025 9:38,1869,1869,0,0,1869,1869
USMEM,USCHS,INPAV,"Memphis, TN, USMEM","Charleston, SC, USCHS","Pipavav (Victor) Port, GJ, INPAV",INPAV,MAEU,Maersk,300094432,DRY,0,10/16/2025,3/31/2026,11/5/2025 9:38,1869,1869,0,0,1869,1869
USMEM,USLAX,INPAV,"Memphis, TN, USMEM",LALB,"Pipavav (Victor) Port, GJ, INPAV",INPAV,ONEY,ONE,CHIM354B25,DRY,1,10/1/2025,12/31/2025,11/5/2025 9:38,2216,2216,279.98,279.98,2495.98,2495.98
USMEM,USLAX,INPAV,"Memphis, TN, USMEM",LALB,"Pipavav (Victor) Port, GJ, INPAV",INPAV,YMLU,YML,51625,DRY,1,10/27/2025,12/31/2025,11/5/2025 9:38,2325,2325,152.07,152.07,2477.07,2477.07
USMEM,USSAV,INPAV,"Memphis, TN, USMEM","Savannah, GA, USSAV","Pipavav (Victor) Port, GJ, INPAV",INPAV,ONEY,ONE,CHIM354B25,DRY,1,10/1/2025,12/31/2025,11/5/2025 9:38,2739,2739,279.98,279.98,3018.98,3018.98
USMEM,USLGB,INRJU,"Memphis, TN, USMEM",LALB,"Rajula, GJ, INRJU",INRJU,OOLU,OOCL,MT256104,DRY,2,10/20/2025,12/31/2025,11/5/2025 9:38,1769,1769,0,0,1769,1769
USMEM,USLAX,INRJU,"Memphis, TN, USMEM",LALB,"Rajula, GJ, INRJU",INRJU,OOLU,OOCL,MT256104,DRY,2,10/20/2025,12/31/2025,11/5/2025 9:38,1769,1769,0,0,1769,1769
USMEM,USLGB,INTUT,"Memphis, TN, USMEM",LALB,"Tuticorin, TN, INTUT",INTUT,OOLU,OOCL,MT256104,DRY,2,10/20/2025,12/31/2025,11/5/2025 9:38,1719,1719,78.85,78.85,1797.85,1797.85
USMEM,USLAX,INTUT,"Memphis, TN, USMEM",LALB,"Tuticorin, TN, INTUT",INTUT,OOLU,OOCL,MT256104,DRY,2,10/20/2025,12/31/2025,11/5/2025 9:38,1719,1719,78.85,78.85,1797.85,1797.85
USMEM,USCHS,INTUT,"Memphis, TN, USMEM","Charleston, SC, USCHS","Tuticorin, TN, INTUT",INTUT,MAEU,Maersk,300094432,DRY,0,10/16/2025,3/31/2026,11/5/2025 9:38,1869,1869,0,0,1869,1869
USMEM,USCHS,INTUT,"Memphis, TN, USMEM","Charleston, SC, USCHS","Tuticorin, TN, INTUT",INTUT,ONEY,ONE,CHIM354B25,DRY,1,10/1/2025,12/31/2025,11/5/2025 9:38,2464,2464,211.77,211.77,2675.77,2675.77
USMEM,USSAV,INTUT,"Memphis, TN, USMEM","Savannah, GA, USSAV","Tuticorin, TN, INTUT",INTUT,ONEY,ONE,CHIM354B25,DRY,1,10/1/2025,12/31/2025,11/5/2025 9:38,2464,2464,211.77,211.77,2675.77,2675.77
USMEM,USORF,INTUT,"Memphis, TN, USMEM","Norfolk, VA, USORF","Tuticorin, TN, INTUT",INTUT,ONEY,ONE,CHIM354B25,DRY,1,10/1/2025,12/31/2025,11/5/2025 9:38,2464,2464,211.77,211.77,2675.77,2675.77
USMEM,USSAV,INTUT,"Memphis, TN, USMEM","Savannah, GA, USSAV","Tuticorin, TN, INTUT",INTUT,OOLU,OOCL,MT256104,DRY,2,10/20/2025,12/31/2025,11/5/2025 9:38,2917,2917,78.85,78.85,2995.85,2995.85
USMEM,USCHS,INTUT,"Memphis, TN, USMEM","Charleston, SC, USCHS","Tuticorin, TN, INTUT",INTUT,OOLU,OOCL,MT256104,DRY,2,10/20/2025,12/31/2025,11/5/2025 9:38,2917,2917,78.85,78.85,2995.85,2995.85
USMEM,USLAX,INTUT,"Memphis, TN, USMEM",LALB,"Tuticorin, TN, INTUT",INTUT,ONEY,ONE,CHIM354B25,DRY,1,10/1/2025,12/31/2025,11/5/2025 9:38,3051,3051,211.77,211.77,3262.77,3262.77
USMEM,USSAV,ITSPE,"Memphis, TN, USMEM","Savannah, GA, USSAV","La Spezia, , ITSPE",ITSPE,ONEY,ONE,CHIM354B25,DRY,1,10/1/2025,12/31/2025,11/5/2025 9:38,1489,1489,380.47,380.47,1869.47,1869.47
USMEM,USLAX,JPABU,"Memphis, TN, USMEM",LALB,"Aburatsu, 45, JPABU",KRPUS,YMLU,YML,51625,DRY,1,10/27/2025,12/31/2025,11/5/2025 9:38,2350,2350,125.98,125.98,2475.98,2475.98
USMEM,USLAX,JPAXT,"Memphis, TN, USMEM",LALB,"Akita, 5, JPAXT",KRPUS,YMLU,YML,51625,DRY,1,10/27/2025,12/31/2025,11/5/2025 9:38,2350,2350,125.98,125.98,2475.98,2475.98
USMEM,USLAX,JPFKY,"Memphis, TN, USMEM",LALB,"Fukuyama, Hiroshima, 34, JPFKY",KRPUS,YMLU,YML,51625,DRY,1,10/27/2025,12/31/2025,11/5/2025 9:38,2670,2670,125.98,125.98,2795.98,2795.98
USMEM,USLAX,JPHHE,"Memphis, TN, USMEM",LALB,"Hachinohe, 2, JPHHE",KRPUS,YMLU,YML,51625,DRY,1,10/27/2025,12/31/2025,11/5/2025 9:38,3150,3150,125.98,125.98,3275.98,3275.98
USMEM,USLAX,JPHIJ,"Memphis, TN, USMEM",LALB,"Hiroshima, 34, JPHIJ",KRPUS,YMLU,YML,51625,DRY,1,10/27/2025,12/31/2025,11/5/2025 9:38,1960,1960,125.98,125.98,2085.98,2085.98
USMEM,USLAX,JPHIJ,"Memphis, TN, USMEM",LALB,"Hiroshima, 34, JPHIJ",JPHIJ,ONEY,ONE,CHIM354B25,DRY,1,10/1/2025,12/31/2025,11/5/2025 9:38,2241,2241,324.73,324.73,2565.73,2565.73
USMEM,USLAX,JPHKD,"Memphis, TN, USMEM",LALB,"Hakodate, 1, JPHKD",KRPUS,YMLU,YML,51625,DRY,1,10/27/2025,12/31/2025,11/5/2025 9:38,2600,2600,125.98,125.98,2725.98,2725.98
USMEM,USLAX,JPHMD,"Memphis, TN, USMEM",LALB,"Hamada, 32, JPHMD",KRPUS,YMLU,YML,51625,DRY,1,10/27/2025,12/31/2025,11/5/2025 9:38,2870,2870,125.98,125.98,2995.98,2995.98
USMEM,USCHS,JPHTD,"Memphis, TN, USMEM","Charleston, SC, USCHS","Hakata, 38, JPHTD",HAKATA,EGLV,EMC,SC103574,DRY,,10/1/2025,12/31/2025,11/5/2025 9:38,900,900,311.74,311.74,1211.74,1211.74
USMEM,USORF,JPHTD,"Memphis, TN, USMEM","Norfolk, VA, USORF","Hakata, 38, JPHTD",HAKATA,EGLV,EMC,SC103574,DRY,,10/1/2025,12/31/2025,11/5/2025 9:38,900,900,311.74,311.74,1211.74,1211.74
USMEM,USSAV,JPHTD,"Memphis, TN, USMEM","Savannah, GA, USSAV","Hakata, 38, JPHTD",HAKATA,EGLV,EMC,SC103574,DRY,,10/1/2025,12/31/2025,11/5/2025 9:38,900,900,311.74,311.74,1211.74,1211.74
USMEM,USLAX,JPHTD,"Memphis, TN, USMEM",LALB,"Hakata, 38, JPHTD",HAKATA,EGLV,EMC,SC103574,DRY,,10/1/2025,12/31/2025,11/5/2025 9:38,1400,1400,311.74,311.74,1711.74,1711.74
USMEM,USLGB,JPHTD,"Memphis, TN, USMEM",LALB,"Hakata, 38, JPHTD",JPHTD,OOLU,OOCL,MT256104,DRY,2,10/20/2025,12/31/2025,11/5/2025 9:38,1574,1574,318.23,318.23,1892.23,1892.23
USMEM,USLAX,JPHTD,"Memphis, TN, USMEM",LALB,"Hakata, 38, JPHTD",JPHTD,OOLU,OOCL,MT256104,DRY,2,10/20/2025,12/31/2025,11/5/2025 9:38,1574,1574,318.23,318.23,1892.23,1892.23
USMEM,USCHS,JPHTD,"Memphis, TN, USMEM","Charleston, SC, USCHS","Hakata, 38, JPHTD",JPHTD,OOLU,OOCL,MT256104,DRY,2,10/20/2025,12/31/2025,11/5/2025 9:38,1782,1782,318.23,318.23,2100.23,2100.23
USMEM,USSAV,JPHTD,"Memphis, TN, USMEM","Savannah, GA, USSAV","Hakata, 38, JPHTD",JPHTD,OOLU,OOCL,MT256104,DRY,2,10/20/2025,12/31/2025,11/5/2025 9:38,1782,1782,318.23,318.23,2100.23,2100.23
USMEM,USLAX,JPIMB,"Memphis, TN, USMEM",LALB,"Imabari, 38, JPIMB",KRPUS,YMLU,YML,51625,DRY,1,10/27/2025,12/31/2025,11/5/2025 9:38,2410,2410,125.98,125.98,2535.98,2535.98
USMEM,USLAX,JPIMI,"Memphis, TN, USMEM",LALB,"Imari, 41, JPIMI",CNSHG,YMLU,YML,51625,DRY,1,10/27/2025,12/31/2025,11/5/2025 9:38,1870,1870,224.8,224.8,2094.8,2094.8
USMEM,USLAX,JPISI,"Memphis, TN, USMEM",LALB,"Ishikari, 1, JPISI",KRPUS,YMLU,YML,51625,DRY,1,10/27/2025,12/31/2025,11/5/2025 9:38,2730,2730,125.98,125.98,2855.98,2855.98
USMEM,USLAX,JPIWK,"Memphis, TN, USMEM",LALB,"Iwakuni, 35, JPIWK",KRPUS,YMLU,YML,51625,DRY,1,10/27/2025,12/31/2025,11/5/2025 9:38,2610,2610,125.98,125.98,2735.98,2735.98
USMEM,USLAX,JPIYM,"Memphis, TN, USMEM",LALB,"Iyomishima, 38, JPIYM",CNSHG,YMLU,YML,51625,DRY,1,10/27/2025,12/31/2025,11/5/2025 9:38,1700,1700,224.8,224.8,1924.8,1924.8
USMEM,USLAX,JPIYM,"Memphis, TN, USMEM",LALB,"Iyomishima, 38, JPIYM",JPIYM,ONEY,ONE,CHIM354B25,DRY,1,10/1/2025,12/31/2025,11/5/2025 9:38,2401,2401,342.26,342.26,2743.26,2743.26
USMEM,USLAX,JPKCZ,"Memphis, TN, USMEM",LALB,"Kochi, 39, JPKCZ",JPKCZ,ONEY,ONE,CHIM354B25,DRY,1,10/1/2025,12/31/2025,11/5/2025 9:38,2541,2541,342.26,342.26,2883.26,2883.26
USMEM,USLAX,JPKIJ,"Memphis, TN, USMEM",LALB,"Niigata, 15, JPKIJ",JPKIJ,ONEY,ONE,CHIM354B25,DRY,1,10/1/2025,12/31/2025,11/5/2025 9:38,2301,2301,342.26,342.26,2643.26,2643.26
USMEM,USLAX,JPKMJ,"Memphis, TN, USMEM",LALB,"Kumamoto, 43, JPKMJ",KRPUS,YMLU,YML,51625,DRY,1,10/27/2025,12/31/2025,11/5/2025 9:38,2300,2300,125.98,125.98,2425.98,2425.98
USMEM,USLAX,JPKNZ,"Memphis, TN, USMEM",LALB,"Kanazawa, 17, JPKNZ",KRPUS,YMLU,YML,51625,DRY,1,10/27/2025,12/31/2025,11/5/2025 9:38,2540,2540,125.98,125.98,2665.98,2665.98
USMEM,USLAX,JPKST,"Memphis, TN, USMEM",LALB,"Kisakata, 5, JPKST",KRPUS,YMLU,YML,51625,DRY,1,10/27/2025,12/31/2025,11/5/2025 9:38,2730,2730,125.98,125.98,2855.98,2855.98
USMEM,USLAX,JPKUH,"Memphis, TN, USMEM",LALB,"Kushiro, 1, JPKUH",KRPUS,YMLU,YML,51625,DRY,1,10/27/2025,12/31/2025,11/5/2025 9:38,2955,2955,125.98,125.98,3080.98,3080.98
USMEM,USLAX,JPMII,"Memphis, TN, USMEM",LALB,"Miike, Fukuoka, 40, JPMII",KRPUS,YMLU,YML,51625,DRY,1,10/27/2025,12/31/2025,11/5/2025 9:38,2670,2670,125.98,125.98,2795.98,2795.98
USMEM,USLAX,JPMIZ,"Memphis, TN, USMEM",LALB,"Mizushima, 33, JPMIZ",CNNBG,YMLU,YML,51625,DRY,1,10/27/2025,12/31/2025,11/5/2025 9:38,1570,1570,224.8,224.8,1794.8,1794.8
USMEM,USLGB,JPMOJ,"Memphis, TN, USMEM",LALB,"Moji/Kitakyushu, 40, JPMOJ",JPMOJ,OOLU,OOCL,MT256104,DRY,2,10/20/2025,12/31/2025,11/5/2025 9:38,1149,1149,0,0,1149,1149
USMEM,USLAX,JPMOJ,"Memphis, TN, USMEM",LALB,"Moji/Kitakyushu, 40, JPMOJ",JPMOJ,OOLU,OOCL,MT256104,DRY,2,10/20/2025,12/31/2025,11/5/2025 9:38,1149,1149,0,0,1149,1149
USMEM,USSAV,JPMOJ,"Memphis, TN, USMEM","Savannah, GA, USSAV","Moji/Kitakyushu, 40, JPMOJ",JPMOJ,MAEU,Maersk,300094432,DRY,0,10/16/2025,3/31/2026,10/22/2025 19:06,1491,1491,0,0,1491,1491
USMEM,USLAX,JPMOJ,"Memphis, TN, USMEM",LALB,"Moji/Kitakyushu, 40, JPMOJ",JPMOJ,MAEU,Maersk,300094432,DRY,0,10/16/2025,3/31/2026,10/22/2025 19:06,1562,1562,0,0,1562,1562
USMEM,USLAX,JPMOJ,"Memphis, TN, USMEM",LALB,"Moji/Kitakyushu, 40, JPMOJ",JPMOJ,ONEY,ONE,CHIM354B25,DRY,1,10/1/2025,12/31/2025,11/5/2025 9:38,1976,1976,342.26,342.26,2318.26,2318.26
USMEM,USLAX,JPNAH,"Memphis, TN, USMEM",LALB,"Naha, Okinawa, 47, JPNAH",TWKHH,YMLU,YML,51625,DRY,1,10/27/2025,12/31/2025,11/5/2025 9:38,1730,1730,227.3,227.3,1957.3,1957.3
USMEM,USLAX,JPNAO,"Memphis, TN, USMEM",LALB,"Naoetsu, 15, JPNAO",JPNAO,ONEY,ONE,CHIM354B25,DRY,1,10/1/2025,12/31/2025,11/5/2025 9:38,2611,2611,342.26,342.26,2953.26,2953.26
USMEM,USLAX,JPNAO,"Memphis, TN, USMEM",LALB,"Naoetsu, 15, JPNAO",KRPUS,YMLU,YML,51625,DRY,1,10/27/2025,12/31/2025,11/5/2025 9:38,2750,2750,125.98,125.98,2875.98,2875.98
USMEM,USSAV,JPNGO,"Memphis, TN, USMEM","Savannah, GA, USSAV","Nagoya, Aichi, 23, JPNGO",JPNGO,MAEU,Maersk,300094432,DRY,0,10/16/2025,3/31/2026,10/22/2025 19:06,771,771,0,0,771,771
USMEM,USLAX,JPNGO,"Memphis, TN, USMEM",LALB,"Nagoya, Aichi, 23, JPNGO",JPNGO,MAEU,Maersk,300094432,DRY,0,10/16/2025,3/31/2026,10/22/2025 19:06,842,842,0,0,842,842
USMEM,USSAV,JPNGO,"Memphis, TN, USMEM","Savannah, GA, USSAV","Nagoya, Aichi, 23, JPNGO",NAGOYA,EGLV,EMC,SC103574,DRY,,10/1/2025,12/31/2025,11/5/2025 9:38,900,900,311.74,311.74,1211.74,1211.74
USMEM,USORF,JPNGO,"Memphis, TN, USMEM","Norfolk, VA, USORF","Nagoya, Aichi, 23, JPNGO",NAGOYA,EGLV,EMC,SC103574,DRY,,10/1/2025,12/31/2025,11/5/2025 9:38,900,900,311.74,311.74,1211.74,1211.74
USMEM,USLAX,JPNGO,"Memphis, TN, USMEM",LALB,"Nagoya, Aichi, 23, JPNGO",JPNGO,YMLU,YML,51625,DRY,1,10/27/2025,12/31/2025,11/5/2025 9:38,900,900,321.48,321.48,1221.48,1221.48
USMEM,USCHS,JPNGO,"Memphis, TN, USMEM","Charleston, SC, USCHS","Nagoya, Aichi, 23, JPNGO",NAGOYA,EGLV,EMC,SC103574,DRY,,10/1/2025,12/31/2025,11/5/2025 9:38,900,900,311.74,311.74,1211.74,1211.74
USMEM,USLAX,JPNGO,"Memphis, TN, USMEM",LALB,"Nagoya, Aichi, 23, JPNGO",JPNGO,OOLU,OOCL,MT256104,DRY,2,10/20/2025,12/31/2025,11/5/2025 9:38,919,919,318.23,318.23,1237.23,1237.23
USMEM,USLGB,JPNGO,"Memphis, TN, USMEM",LALB,"Nagoya, Aichi, 23, JPNGO",JPNGO,OOLU,OOCL,MT256104,DRY,2,10/20/2025,12/31/2025,11/5/2025 9:38,919,919,318.23,318.23,1237.23,1237.23
USMEM,USLAX,JPNGO,"Memphis, TN, USMEM",LALB,"Nagoya, Aichi, 23, JPNGO",SGSIN,YMLU,YML,51625,DRY,1,10/27/2025,12/31/2025,11/5/2025 9:38,1175,1175,268.95,268.95,1443.95,1443.95
USMEM,USLAX,JPNGO,"Memphis, TN, USMEM",LALB,"Nagoya, Aichi, 23, JPNGO",NAGOYA,EGLV,EMC,SC103574,DRY,,10/1/2025,12/31/2025,11/5/2025 9:38,1350,1350,311.74,311.74,1661.74,1661.74
USMEM,USLAX,JPNGO,"Memphis, TN, USMEM",LALB,"Nagoya, Aichi, 23, JPNGO",JPNGO,ONEY,ONE,CHIM354B25,DRY,1,10/1/2025,12/31/2025,11/5/2025 9:38,1501,1501,342.26,342.26,1843.26,1843.26
USMEM,USSAV,JPNGO,"Memphis, TN, USMEM","Savannah, GA, USSAV","Nagoya, Aichi, 23, JPNGO",JPNGO,OOLU,OOCL,MT256104,DRY,2,10/20/2025,12/31/2025,11/5/2025 9:38,1782,1782,318.23,318.23,2100.23,2100.23
USMEM,USCHS,JPNGO,"Memphis, TN, USMEM","Charleston, SC, USCHS","Nagoya, Aichi, 23, JPNGO",JPNGO,OOLU,OOCL,MT256104,DRY,2,10/20/2025,12/31/2025,11/5/2025 9:38,1782,1782,318.23,318.23,2100.23,2100.23
USMEM,USLAX,JPNKO,"Memphis, TN, USMEM",LALB,"Nanko, 27, JPNKO",JPUKB,YMLU,YML,51625,DRY,1,10/27/2025,12/31/2025,11/5/2025 9:38,1470,1470,321.48,321.48,1791.48,1791.48
USMEM,USLAX,JPOIT,"Memphis, TN, USMEM",LALB,"Oita, 44, JPOIT",KRPUS,YMLU,YML,51625,DRY,1,10/27/2025,12/31/2025,11/5/2025 9:38,2370,2370,125.98,125.98,2495.98,2495.98
USMEM,USLAX,JPONA,"Memphis, TN, USMEM",LALB,"Onahama, 7, JPONA",KRPUS,YMLU,YML,51625,DRY,1,10/27/2025,12/31/2025,11/5/2025 9:38,2890,2890,125.98,125.98,3015.98,3015.98
USMEM,USORF,JPOSA,"Memphis, TN, USMEM","Norfolk, VA, USORF","Osaka, 27, JPOSA",OSAKA,EGLV,EMC,SC103574,DRY,,10/1/2025,12/31/2025,11/5/2025 9:38,900,900,311.74,311.74,1211.74,1211.74
USMEM,USSAV,JPOSA,"Memphis, TN, USMEM","Savannah, GA, USSAV","Osaka, 27, JPOSA",OSAKA,EGLV,EMC,SC103574,DRY,,10/1/2025,12/31/2025,11/5/2025 9:38,900,900,311.74,311.74,1211.74,1211.74
USMEM,USCHS,JPOSA,"Memphis, TN, USMEM","Charleston, SC, USCHS","Osaka, 27, JPOSA",OSAKA,EGLV,EMC,SC103574,DRY,,10/1/2025,12/31/2025,11/5/2025 9:38,900,900,311.74,311.74,1211.74,1211.74
USMEM,USLGB,JPOSA,"Memphis, TN, USMEM",LALB,"Osaka, 27, JPOSA",JPOSA,OOLU,OOCL,MT256104,DRY,2,10/20/2025,12/31/2025,11/5/2025 9:38,1044,1044,318.23,318.23,1362.23,1362.23
USMEM,USLAX,JPOSA,"Memphis, TN, USMEM",LALB,"Osaka, 27, JPOSA",JPOSA,OOLU,OOCL,MT256104,DRY,2,10/20/2025,12/31/2025,11/5/2025 9:38,1044,1044,318.23,318.23,1362.23,1362.23
USMEM,USLAX,JPOSA,"Memphis, TN, USMEM",LALB,"Osaka, 27, JPOSA",JPUKB,YMLU,YML,51625,DRY,1,10/27/2025,12/31/2025,11/5/2025 9:38,1150,1150,321.48,321.48,1471.48,1471.48
USMEM,USLAX,JPOSA,"Memphis, TN, USMEM",LALB,"Osaka, 27, JPOSA",JPUKB,YMLU,YML,51625,DRY,1,10/27/2025,12/31/2025,11/5/2025 9:38,1230,1230,321.48,321.48,1551.48,1551.48
USMEM,USLAX,JPOSA,"Memphis, TN, USMEM",LALB,"Osaka, 27, JPOSA","Yokohama, JP",MAEU,Maersk,300094432,DRY,0,10/16/2025,3/31/2026,10/22/2025 19:06,1232,1232,0,0,1232,1232
USMEM,USLAX,JPOSA,"Memphis, TN, USMEM",LALB,"Osaka, 27, JPOSA",OSAKA,EGLV,EMC,SC103574,DRY,,10/1/2025,12/31/2025,11/5/2025 9:38,1350,1350,311.74,311.74,1661.74,1661.74
USMEM,USSAV,JPOSA,"Memphis, TN, USMEM","Savannah, GA, USSAV","Osaka, 27, JPOSA","Yokohama, JP",MAEU,Maersk,300094432,DRY,0,10/16/2025,3/31/2026,10/22/2025 19:06,1361,1361,0,0,1361,1361
USMEM,USLAX,JPOSA,"Memphis, TN, USMEM",LALB,"Osaka, 27, JPOSA",JPOSA,ONEY,ONE,CHIM354B25,DRY,1,10/1/2025,12/31/2025,11/5/2025 9:38,1396,1396,342.26,342.26,1738.26,1738.26
USMEM,USLAX,JPOTK,"Memphis, TN, USMEM",LALB,"Otake, 34, JPOTK",KRPUS,YMLU,YML,51625,DRY,1,10/27/2025,12/31/2025,11/5/2025 9:38,2750,2750,125.98,125.98,2875.98,2875.98
USMEM,USLAX,JPSBS,"Memphis, TN, USMEM",LALB,"Shibushi, 46, JPSBS",JPSBS,ONEY,ONE,CHIM354B25,DRY,1,10/1/2025,12/31/2025,11/5/2025 9:38,2401,2401,342.26,342.26,2743.26,2743.26
USMEM,USLAX,JPSDJ,"Memphis, TN, USMEM",LALB,"Sendai, Miyagi, 4, JPSDJ",JPSDJ,ONEY,ONE,CHIM354B25,DRY,1,10/1/2025,12/31/2025,11/5/2025 9:38,2331,2331,342.26,342.26,2673.26,2673.26
USMEM,USLAX,JPSDJ,"Memphis, TN, USMEM",LALB,"Sendai, Miyagi, 4, JPSDJ",KRPUS,YMLU,YML,51625,DRY,1,10/27/2025,12/31/2025,11/5/2025 9:38,2900,2900,125.98,125.98,3025.98,3025.98
USMEM,USLAX,JPSEB,"Memphis, TN, USMEM",LALB,"Seibu, 13, JPSEB",JPNGO,YMLU,YML,51625,DRY,1,10/27/2025,12/31/2025,11/5/2025 9:38,1220,1220,321.48,321.48,1541.48,1541.48
USMEM,USLAX,JPSEN,"Memphis, TN, USMEM",LALB,"Satsumasendai, 46, JPSEN",KRPUS,YMLU,YML,51625,DRY,1,10/27/2025,12/31/2025,11/5/2025 9:38,2780,2780,125.98,125.98,2905.98,2905.98
USMEM,USLAX,JPSHS,"Memphis, TN, USMEM",LALB,"Shimonoseki, 35, JPSHS",KRPUS,YMLU,YML,51625,DRY,1,10/27/2025,12/31/2025,11/5/2025 9:38,2620,2620,125.98,125.98,2745.98,2745.98
USMEM,USLAX,JPSMN,"Memphis, TN, USMEM",LALB,"Sakaiminato, 31, JPSMN",JPSMN,ONEY,ONE,CHIM354B25,DRY,1,10/1/2025,12/31/2025,11/5/2025 9:38,2641,2641,0,0,2641,2641
USMEM,USLAX,JPSMZ,"Memphis, TN, USMEM",LALB,"Shimizu, 22, JPSMZ",JPSMZ,YMLU,YML,51625,DRY,1,10/27/2025,12/31/2025,11/5/2025 9:38,900,900,321.48,321.48,1221.48,1221.48
USMEM,USLAX,JPSMZ,"Memphis, TN, USMEM",LALB,"Shimizu, 22, JPSMZ",JPSMZ,OOLU,OOCL,MT256104,DRY,2,10/20/2025,12/31/2025,11/5/2025 9:38,919,919,0,0,919,919
USMEM,USLGB,JPSMZ,"Memphis, TN, USMEM",LALB,"Shimizu, 22, JPSMZ",JPSMZ,OOLU,OOCL,MT256104,DRY,2,10/20/2025,12/31/2025,11/5/2025 9:38,919,919,0,0,919,919
USMEM,USLAX,JPSMZ,"Memphis, TN, USMEM",LALB,"Shimizu, 22, JPSMZ",JPSMZ,ONEY,ONE,CHIM354B25,DRY,1,10/1/2025,12/31/2025,11/5/2025 9:38,1501,1501,342.26,342.26,1843.26,1843.26
USMEM,USLAX,JPTAK,"Memphis, TN, USMEM",LALB,"Takamatsu, 37, JPTAK",KRPUS,YMLU,YML,51625,DRY,1,10/27/2025,12/31/2025,11/5/2025 9:38,2670,2670,125.98,125.98,2795.98,2795.98
USMEM,USLAX,JPTHS,"Memphis, TN, USMEM",LALB,"Toyohashi, 23, JPTHS",KRPUS,YMLU,YML,51625,DRY,1,10/27/2025,12/31/2025,11/5/2025 9:38,1760,1760,125.98,125.98,1885.98,1885.98
USMEM,USLAX,JPTKS,"Memphis, TN, USMEM",LALB,"Tokushima, 36, JPTKS",KRPUS,YMLU,YML,51625,DRY,1,10/27/2025,12/31/2025,11/5/2025 9:38,2650,2650,125.98,125.98,2775.98,2775.98
USMEM,USLAX,JPTKS,"Memphis, TN, USMEM",LALB,"Tokushima, 36, JPTKS",JPTKS,ONEY,ONE,CHIM354B25,DRY,1,10/1/2025,12/31/2025,11/5/2025 9:38,3001,3001,342.26,342.26,3343.26,3343.26
USMEM,USLAX,JPTKY,"Memphis, TN, USMEM",LALB,"Tokuyama, 35, JPTKY",KRPUS,YMLU,YML,51625,DRY,1,10/27/2025,12/31/2025,11/5/2025 9:38,2440,2440,125.98,125.98,2565.98,2565.98
USMEM,USLAX,JPTMK,"Memphis, TN, USMEM",LALB,"Tomakomai, 1, JPTMK",KRPUS,YMLU,YML,51625,DRY,1,10/27/2025,12/31/2025,11/5/2025 9:38,2375,2375,125.98,125.98,2500.98,2500.98
USMEM,USLAX,JPTMK,"Memphis, TN, USMEM",LALB,"Tomakomai, 1, JPTMK",JPTMK,ONEY,ONE,CHIM354B25,DRY,1,10/1/2025,12/31/2025,11/5/2025 9:38,2801,2801,342.26,342.26,3143.26,3143.26
USMEM,USLAX,JPTOY,"Memphis, TN, USMEM",LALB,"Toyama, 16, JPTOY",KRPUS,YMLU,YML,51625,DRY,1,10/27/2025,12/31/2025,11/5/2025 9:38,2590,2590,125.98,125.98,2715.98,2715.98
USMEM,USLAX,JPTRG,"Memphis, TN, USMEM",LALB,"Tsuruga, 18, JPTRG",KRPUS,YMLU,YML,51625,DRY,1,10/27/2025,12/31/2025,11/5/2025 9:38,2510,2510,125.98,125.98,2635.98,2635.98
USMEM,USLGB,JPTYO,"Memphis, TN, USMEM",LALB,"Tokyo, 13, JPTYO",JPTYO,OOLU,OOCL,MT256104,DRY,2,10/20/2025,12/31/2025,11/5/2025 9:38,919,919,318.23,318.23,1237.23,1237.23
USMEM,USLAX,JPTYO,"Memphis, TN, USMEM",LALB,"Tokyo, 13, JPTYO",JPTYO,OOLU,OOCL,MT256104,DRY,2,10/20/2025,12/31/2025,11/5/2025 9:38,919,919,318.23,318.23,1237.23,1237.23
USMEM,USLAX,JPTYO,"Memphis, TN, USMEM",LALB,"Tokyo, 13, JPTYO",JPTYO,YMLU,YML,51625,DRY,1,10/27/2025,12/31/2025,11/5/2025 9:38,1000,1000,321.48,321.48,1321.48,1321.48
USMEM,USSAV,JPTYO,"Memphis, TN, USMEM","Savannah, GA, USSAV","Tokyo, 13, JPTYO",JPTYO,MAEU,Maersk,300094432,DRY,0,10/16/2025,3/31/2026,10/22/2025 19:06,1061,1061,0,0,1061,1061
USMEM,USLAX,JPTYO,"Memphis, TN, USMEM",LALB,"Tokyo, 13, JPTYO",JPTYO,MAEU,Maersk,300094432,DRY,0,10/16/2025,3/31/2026,10/22/2025 19:06,1132,1132,0,0,1132,1132
USMEM,USLAX,JPTYO,"Memphis, TN, USMEM",LALB,"Tokyo, 13, JPTYO",SGSIN,YMLU,YML,51625,DRY,1,10/27/2025,12/31/2025,11/5/2025 9:38,1175,1175,268.95,268.95,1443.95,1443.95
USMEM,USLAX,JPTYO,"Memphis, TN, USMEM",LALB,"Tokyo, 13, JPTYO",JPTYO,ONEY,ONE,CHIM354B25,DRY,1,10/1/2025,12/31/2025,11/5/2025 9:38,1501,1501,342.26,342.26,1843.26,1843.26
USMEM,USSAV,JPTYO,"Memphis, TN, USMEM","Savannah, GA, USSAV","Tokyo, 13, JPTYO",JPTYO,OOLU,OOCL,MT256104,DRY,2,10/20/2025,12/31/2025,11/5/2025 9:38,2037,2037,318.23,318.23,2355.23,2355.23
USMEM,USCHS,JPTYO,"Memphis, TN, USMEM","Charleston, SC, USCHS","Tokyo, 13, JPTYO",JPTYO,OOLU,OOCL,MT256104,DRY,2,10/20/2025,12/31/2025,11/5/2025 9:38,2037,2037,318.23,318.23,2355.23,2355.23
USMEM,USSAV,JPUKB,"Memphis, TN, USMEM","Savannah, GA, USSAV","Kobe, 28, JPUKB",KOBE,EGLV,EMC,SC103574,DRY,,10/1/2025,12/31/2025,11/5/2025 9:38,900,900,311.74,311.74,1211.74,1211.74
USMEM,USCHS,JPUKB,"Memphis, TN, USMEM","Charleston, SC, USCHS","Kobe, 28, JPUKB",KOBE,EGLV,EMC,SC103574,DRY,,10/1/2025,12/31/2025,11/5/2025 9:38,900,900,311.74,311.74,1211.74,1211.74
USMEM,USORF,JPUKB,"Memphis, TN, USMEM","Norfolk, VA, USORF","Kobe, 28, JPUKB",KOBE,EGLV,EMC,SC103574,DRY,,10/1/2025,12/31/2025,11/5/2025 9:38,900,900,311.74,311.74,1211.74,1211.74
USMEM,USLGB,JPUKB,"Memphis, TN, USMEM",LALB,"Kobe, 28, JPUKB",JPUKB,OOLU,OOCL,MT256104,DRY,2,10/20/2025,12/31/2025,11/5/2025 9:38,919,919,318.23,318.23,1237.23,1237.23
USMEM,USLAX,JPUKB,"Memphis, TN, USMEM",LALB,"Kobe, 28, JPUKB",JPUKB,OOLU,OOCL,MT256104,DRY,2,10/20/2025,12/31/2025,11/5/2025 9:38,919,919,318.23,318.23,1237.23,1237.23
USMEM,USLAX,JPUKB,"Memphis, TN, USMEM",LALB,"Kobe, 28, JPUKB",JPUKB,YMLU,YML,51625,DRY,1,10/27/2025,12/31/2025,11/5/2025 9:38,950,950,321.48,321.48,1271.48,1271.48
USMEM,USLAX,JPUKB,"Memphis, TN, USMEM",LALB,"Kobe, 28, JPUKB",JPUKB,MAEU,Maersk,300094432,DRY,0,10/16/2025,3/31/2026,10/22/2025 19:06,979,979,0,0,979,979
USMEM,USSAV,JPUKB,"Memphis, TN, USMEM","Savannah, GA, USSAV","Kobe, 28, JPUKB",JPUKB,MAEU,Maersk,300094432,DRY,0,10/16/2025,3/31/2026,10/22/2025 19:06,1108,1108,0,0,1108,1108
USMEM,USLAX,JPUKB,"Memphis, TN, USMEM",LALB,"Kobe, 28, JPUKB",JPUKB,ONEY,ONE,CHIM354B25,DRY,1,10/1/2025,12/31/2025,11/5/2025 9:38,1151,1151,342.26,342.26,1493.26,1493.26
USMEM,USLAX,JPUKB,"Memphis, TN, USMEM",LALB,"Kobe, 28, JPUKB",SGSIN,YMLU,YML,51625,DRY,1,10/27/2025,12/31/2025,11/5/2025 9:38,1175,1175,268.95,268.95,1443.95,1443.95
USMEM,USLAX,JPUKB,"Memphis, TN, USMEM",LALB,"Kobe, 28, JPUKB",KOBE,EGLV,EMC,SC103574,DRY,,10/1/2025,12/31/2025,11/5/2025 9:38,1350,1350,311.74,311.74,1661.74,1661.74
USMEM,USSAV,JPUKB,"Memphis, TN, USMEM","Savannah, GA, USSAV","Kobe, 28, JPUKB",JPUKB,OOLU,OOCL,MT256104,DRY,2,10/20/2025,12/31/2025,11/5/2025 9:38,1782,1782,318.23,318.23,2100.23,2100.23
USMEM,USCHS,JPUKB,"Memphis, TN, USMEM","Charleston, SC, USCHS","Kobe, 28, JPUKB",JPUKB,OOLU,OOCL,MT256104,DRY,2,10/20/2025,12/31/2025,11/5/2025 9:38,1782,1782,318.23,318.23,2100.23,2100.23
USMEM,USSAV,JPYKK,"Memphis, TN, USMEM","Savannah, GA, USSAV","Yokkaichi, 24, JPYKK","Nagoya, JP",MAEU,Maersk,300094432,DRY,0,10/16/2025,3/31/2026,10/22/2025 19:06,1074.64,1074.64,0,0,1074.64,1074.64
USMEM,USLAX,JPYKK,"Memphis, TN, USMEM",LALB,"Yokkaichi, 24, JPYKK","Nagoya, JP",MAEU,Maersk,300094432,DRY,0,10/16/2025,3/31/2026,10/22/2025 19:06,1145.64,1145.64,0,0,1145.64,1145.64
USMEM,USLAX,JPYKK,"Memphis, TN, USMEM",LALB,"Yokkaichi, 24, JPYKK",KRPUS,YMLU,YML,51625,DRY,1,10/27/2025,12/31/2025,11/5/2025 9:38,2700,2700,125.98,125.98,2825.98,2825.98
USMEM,USLGB,JPYOK,"Memphis, TN, USMEM",LALB,"Yokohama, 14, JPYOK",JPYOK,OOLU,OOCL,MT256104,DRY,2,10/20/2025,12/31/2025,11/5/2025 9:38,1044,1044,318.23,318.23,1362.23,1362.23
USMEM,USLAX,JPYOK,"Memphis, TN, USMEM",LALB,"Yokohama, 14, JPYOK",JPYOK,OOLU,OOCL,MT256104,DRY,2,10/20/2025,12/31/2025,11/5/2025 9:38,1044,1044,318.23,318.23,1362.23,1362.23
USMEM,USCHS,JPYOK,"Memphis, TN, USMEM","Charleston, SC, USCHS","Yokohama, 14, JPYOK",JPYOK,OOLU,OOCL,MT256104,DRY,2,10/20/2025,12/31/2025,11/5/2025 9:38,1267,1267,318.23,318.23,1585.23,1585.23
USMEM,USSAV,JPYOK,"Memphis, TN, USMEM","Savannah, GA, USSAV","Yokohama, 14, JPYOK",JPYOK,OOLU,OOCL,MT256104,DRY,2,10/20/2025,12/31/2025,11/5/2025 9:38,1267,1267,318.23,318.23,1585.23,1585.23
USMEM,USSAV,JPYOK,"Memphis, TN, USMEM","Savannah, GA, USSAV","Yokohama, 14, JPYOK",JPYOK,MAEU,Maersk,300094432,DRY,0,10/16/2025,3/31/2026,10/22/2025 19:06,1346,1346,0,0,1346,1346
USMEM,USLAX,JPYOK,"Memphis, TN, USMEM",LALB,"Yokohama, 14, JPYOK",JPYOK,MAEU,Maersk,300094432,DRY,0,10/16/2025,3/31/2026,10/22/2025 19:06,1417,1417,0,0,1417,1417
USMEM,USLAX,JPYOK,"Memphis, TN, USMEM",LALB,"Yokohama, 14, JPYOK",JPYOK,ONEY,ONE,CHIM354B25,DRY,1,10/1/2025,12/31/2025,11/5/2025 9:38,1801,1801,342.26,342.26,2143.26,2143.26
USMEM,USLAX,KRDDC,"Memphis, TN, USMEM",LALB,"Dongducheon, 41, KRDDC",KRPUS,YMLU,YML,51625,DRY,1,10/27/2025,12/31/2025,11/5/2025 9:38,1625,1625,125.98,125.98,1750.98,1750.98
USMEM,USLAX,KRINC,"Memphis, TN, USMEM",LALB,"Incheon, 28, KRINC",KRINC,YMLU,YML,51625,DRY,1,10/27/2025,12/31/2025,11/5/2025 9:38,975,975,125.98,125.98,1100.98,1100.98
USMEM,USLAX,KRINC,"Memphis, TN, USMEM",LALB,"Incheon, 28, KRINC",KRKWA,YMLU,YML,51625,DRY,1,10/27/2025,12/31/2025,11/5/2025 9:38,1235,1235,125.98,125.98,1360.98,1360.98
USMEM,USLAX,KRINC,"Memphis, TN, USMEM",LALB,"Incheon, 28, KRINC",KRINC,ONEY,ONE,CHIM354B25,DRY,1,10/1/2025,12/31/2025,11/5/2025 9:38,1501,1501,175.39,175.38,1676.39,1676.38
USMEM,USLAX,KRINC,"Memphis, TN, USMEM",LALB,"Incheon, 28, KRINC",KRPUS,YMLU,YML,51625,DRY,1,10/27/2025,12/31/2025,11/5/2025 9:38,2130,2130,125.98,125.98,2255.98,2255.98
USMEM,USLAX,KRINC,"Memphis, TN, USMEM",LALB,"Incheon, 28, KRINC",KRKWA,YMLU,YML,51625,DRY,1,10/27/2025,12/31/2025,11/5/2025 9:38,2130,2130,125.98,125.98,2255.98,2255.98
USMEM,USSAV,KRKAN,"Memphis, TN, USMEM","Savannah, GA, USSAV","Gwangyang, 46, KRKAN",KRKAN,MAEU,Maersk,300094432,DRY,0,10/16/2025,3/31/2026,10/22/2025 19:06,945,945,0,0,945,945
USMEM,USLAX,KRKAN,"Memphis, TN, USMEM",LALB,"Gwangyang, 46, KRKAN",KRKAN,MAEU,Maersk,300094432,DRY,0,10/16/2025,3/31/2026,10/22/2025 19:06,1016,1016,0,0,1016,1016
USMEM,USLAX,KRKAN,"Memphis, TN, USMEM",LALB,"Gwangyang, 46, KRKAN",KRKAN,ONEY,ONE,CHIM354B25,DRY,1,10/1/2025,12/31/2025,11/5/2025 9:38,1201,1201,171.43,171.42,1372.43,1372.42
USMEM,USSAV,KRKAN,"Memphis, TN, USMEM","Savannah, GA, USSAV","Gwangyang, 46, KRKAN",KRKAN,ONEY,ONE,CHIM354B25,DRY,1,10/1/2025,12/31/2025,11/5/2025 9:38,1464,1464,171.43,171.42,1635.43,1635.42
USMEM,USCHS,KRKAN,"Memphis, TN, USMEM","Charleston, SC, USCHS","Gwangyang, 46, KRKAN",KRKAN,ONEY,ONE,CHIM354B25,DRY,1,10/1/2025,12/31/2025,11/5/2025 9:38,1464,1464,171.43,171.42,1635.43,1635.42
USMEM,USLAX,KRKWA,"Memphis, TN, USMEM",LALB,"Kwangyang, 49, KRKWA",KRKWA,YMLU,YML,51625,DRY,1,10/27/2025,12/31/2025,11/5/2025 9:38,950,950,125.98,125.98,1075.98,1075.98
USMEM,USLAX,KRKWA,"Memphis, TN, USMEM",LALB,"Kwangyang, 49, KRKWA",KRPUS,YMLU,YML,51625,DRY,1,10/27/2025,12/31/2025,11/5/2025 9:38,1075,1075,125.98,125.98,1200.98,1200.98
USMEM,USCHS,KRKWA,"Memphis, TN, USMEM","Charleston, SC, USCHS","Kwangyang, 49, KRKWA",KRKWA,YMLU,YML,51625,DRY,1,10/27/2025,12/31/2025,11/5/2025 9:38,1707,1707,125.98,125.98,1832.98,1832.98
USMEM,USSAV,KRKWA,"Memphis, TN, USMEM","Savannah, GA, USSAV","Kwangyang, 49, KRKWA",KRKWA,YMLU,YML,51625,DRY,1,10/27/2025,12/31/2025,11/5/2025 9:38,1708,1708,125.98,125.98,1833.98,1833.98
USMEM,USLAX,KRPOC,"Memphis, TN, USMEM",LALB,"Pocheon, 41, KRPOC",KRPUS,YMLU,YML,51625,DRY,1,10/27/2025,12/31/2025,11/5/2025 9:38,1635,1635,125.98,125.98,1760.98,1760.98
USMEM,USLGB,KRPUS,"Memphis, TN, USMEM",LALB,"Busan, 26, KRPUS",KRPUS,OOLU,OOCL,MT256104,DRY,2,10/20/2025,12/31/2025,11/5/2025 9:38,794,794,132.98,132.98,926.98,926.98
USMEM,USLAX,KRPUS,"Memphis, TN, USMEM",LALB,"Busan, 26, KRPUS",KRPUS,OOLU,OOCL,MT256104,DRY,2,10/20/2025,12/31/2025,11/5/2025 9:38,794,794,132.98,132.98,926.98,926.98
USMEM,USLAX,KRPUS,"Memphis, TN, USMEM",LALB,"Busan, 26, KRPUS",KRPUS,YMLU,YML,51625,DRY,1,10/27/2025,12/31/2025,11/5/2025 9:38,800,800,125.98,125.98,925.98,925.98
USMEM,USSAV,KRPUS,"Memphis, TN, USMEM","Savannah, GA, USSAV","Busan, 26, KRPUS",KRPUS,MAEU,Maersk,300094432,DRY,0,10/16/2025,3/31/2026,10/22/2025 19:06,983,983,0,0,983,983
USMEM,USLAX,KRPUS,"Memphis, TN, USMEM",LALB,"Busan, 26, KRPUS",KRPUS,MAEU,Maersk,300094432,DRY,0,10/16/2025,3/31/2026,10/22/2025 19:06,1054,1054,0,0,1054,1054
USMEM,USSAV,KRPUS,"Memphis, TN, USMEM","Savannah, GA, USSAV","Busan, 26, KRPUS",KRPUS,OOLU,OOCL,MT256104,DRY,2,10/20/2025,12/31/2025,11/5/2025 9:38,1117,1117,132.98,132.98,1249.98,1249.98
USMEM,USCHS,KRPUS,"Memphis, TN, USMEM","Charleston, SC, USCHS","Busan, 26, KRPUS",KRPUS,OOLU,OOCL,MT256104,DRY,2,10/20/2025,12/31/2025,11/5/2025 9:38,1117,1117,132.98,132.98,1249.98,1249.98
USMEM,USSAV,KRPUS,"Memphis, TN, USMEM","Savannah, GA, USSAV","Busan, 26, KRPUS",KRPUS,ONEY,ONE,CHIM354B25,DRY,1,10/1/2025,12/31/2025,11/5/2025 9:38,1214,1214,175.71,175.7,1389.71,1389.7
USMEM,USCHS,KRPUS,"Memphis, TN, USMEM","Charleston, SC, USCHS","Busan, 26, KRPUS",KRPUS,ONEY,ONE,CHIM354B25,DRY,1,10/1/2025,12/31/2025,11/5/2025 9:38,1214,1214,175.71,175.7,1389.71,1389.7
USMEM,USLAX,KRPUS,"Memphis, TN, USMEM",LALB,"Busan, 26, KRPUS",SGSIN,YMLU,YML,51625,DRY,1,10/27/2025,12/31/2025,11/5/2025 9:38,1320,1320,268.95,268.95,1588.95,1588.95
USMEM,USLAX,KRPUS,"Memphis, TN, USMEM",LALB,"Busan, 26, KRPUS",KRPUS,ONEY,ONE,CHIM354B25,DRY,1,10/1/2025,12/31/2025,11/5/2025 9:38,1441,1441,175.71,175.7,1616.71,1616.7
USMEM,USLAX,KRSEJ,"Memphis, TN, USMEM",LALB,"Seongju-gun, 47, KRSEJ",KRPUS,YMLU,YML,51625,DRY,1,10/27/2025,12/31/2025,11/5/2025 9:38,1300,1300,125.98,125.98,1425.98,1425.98
USMEM,USLAX,KRYSN,"Memphis, TN, USMEM",LALB,"Yangsan, 48, KRYSN",KRPUS,YMLU,YML,51625,DRY,1,10/27/2025,12/31/2025,11/5/2025 9:38,1125,1125,125.98,125.98,1250.98,1250.98
USMEM,USLAX,KRYYU,"Memphis, TN, USMEM",LALB,"Yangju, 41, KRYYU",KRPUS,YMLU,YML,51625,DRY,1,10/27/2025,12/31/2025,11/5/2025 9:38,1705,1705,125.98,125.98,1830.98,1830.98
USMEM,USCHS,LKCMB,"Memphis, TN, USMEM","Charleston, SC, USCHS","Colombo, , LKCMB",LKCMB,ONEY,ONE,CHIM354B25,DRY,1,10/1/2025,12/31/2025,11/5/2025 9:38,1774,1774,0,0,1774,1774
USMEM,USSAV,LKCMB,"Memphis, TN, USMEM","Savannah, GA, USSAV","Colombo, , LKCMB",LKCMB,ONEY,ONE,CHIM354B25,DRY,1,10/1/2025,12/31/2025,11/5/2025 9:38,1774,1774,0,0,1774,1774
USMEM,USLAX,LKCMB,"Memphis, TN, USMEM",LALB,"Colombo, , LKCMB",LKCMB,YMLU,YML,51625,DRY,1,10/27/2025,12/31/2025,11/5/2025 9:38,2425,2425,0,0,2425,2425
USMEM,USLAX,LKCMB,"Memphis, TN, USMEM",LALB,"Colombo, , LKCMB",LKCMB,ONEY,ONE,CHIM354B25,DRY,1,10/1/2025,12/31/2025,11/5/2025 9:38,2926,2926,0,0,2926,2926
USMEM,USLAX,MXLZC,"Memphis, TN, USMEM",LALB,"Lazaro Cardenas, MIC, MXLZC",MXLZC,ONEY,ONE,CHIM354B25,DRY,1,10/1/2025,12/31/2025,11/5/2025 9:38,2783,2783,250,250,3033,3033
USMEM,USLAX,MXZLO,"Memphis, TN, USMEM",LALB,"Manzanillo, COL, MXZLO",MXZLO,ONEY,ONE,CHIM354B25,DRY,1,10/1/2025,12/31/2025,11/5/2025 9:38,2783,2783,250,250,3033,3033
USMEM,USLAX,MYKCH,"Memphis, TN, USMEM",LALB,"Kuching, Sarawak, , MYKCH",SGSIN,YMLU,YML,51625,DRY,1,10/27/2025,12/31/2025,11/5/2025 9:38,1965,1965,268.95,268.95,2233.95,2233.95
USMEM,USLGB,MYPEN,"Memphis, TN, USMEM",LALB,"Penang, , MYPEN",MYPEN,OOLU,OOCL,MT256104,DRY,2,10/20/2025,12/31/2025,11/5/2025 9:38,1374,1374,191.02,202.96,1565.02,1576.96
USMEM,USLAX,MYPEN,"Memphis, TN, USMEM",LALB,"Penang, , MYPEN",MYPEN,OOLU,OOCL,MT256104,DRY,2,10/20/2025,12/31/2025,11/5/2025 9:38,1374,1374,191.02,202.96,1565.02,1576.96
USMEM,USLAX,MYPEN,"Memphis, TN, USMEM",LALB,"Penang, , MYPEN",MYPEN,MAEU,Maersk,300094432,DRY,0,10/16/2025,3/31/2026,10/22/2025 19:06,1409,1409,0,0,1409,1409
USMEM,USSAV,MYPEN,"Memphis, TN, USMEM","Savannah, GA, USSAV","Penang, , MYPEN",MYPEN,MAEU,Maersk,300094432,DRY,0,10/16/2025,3/31/2026,10/22/2025 19:06,1538,1538,0,0,1538,1538
USMEM,USLAX,MYPEN,"Memphis, TN, USMEM",LALB,"Penang, , MYPEN",CNSHG,YMLU,YML,51625,DRY,1,10/27/2025,12/31/2025,11/5/2025 9:38,1645,1645,224.8,224.8,1869.8,1869.8
USMEM,USCHS,MYPEN,"Memphis, TN, USMEM","Charleston, SC, USCHS","Penang, , MYPEN",MYPEN,ONEY,ONE,CHIM354B25,DRY,1,10/1/2025,12/31/2025,11/5/2025 9:38,1699,1699,203.44,203.44,1902.44,1902.44
USMEM,USSAV,MYPEN,"Memphis, TN, USMEM","Savannah, GA, USSAV","Penang, , MYPEN",MYPEN,ONEY,ONE,CHIM354B25,DRY,1,10/1/2025,12/31/2025,11/5/2025 9:38,1699,1699,203.44,203.44,1902.44,1902.44
USMEM,USLAX,MYPEN,"Memphis, TN, USMEM",LALB,"Penang, , MYPEN",SGSIN,YMLU,YML,51625,DRY,1,10/27/2025,12/31/2025,11/5/2025 9:38,1745,1745,268.95,268.95,2013.95,2013.95
USMEM,USCHS,MYPEN,"Memphis, TN, USMEM","Charleston, SC, USCHS","Penang, , MYPEN",MYPEN,OOLU,OOCL,MT256104,DRY,2,10/20/2025,12/31/2025,11/5/2025 9:38,1762,1762,191.02,202.96,1953.02,1964.96
USMEM,USSAV,MYPEN,"Memphis, TN, USMEM","Savannah, GA, USSAV","Penang, , MYPEN",MYPEN,OOLU,OOCL,MT256104,DRY,2,10/20/2025,12/31/2025,11/5/2025 9:38,1762,1762,191.02,202.96,1953.02,1964.96
USMEM,USLAX,MYPEN,"Memphis, TN, USMEM",LALB,"Penang, , MYPEN",MYPEN,ONEY,ONE,CHIM354B25,DRY,1,10/1/2025,12/31/2025,11/5/2025 9:38,1851,1851,203.44,203.44,2054.44,2054.44
USMEM,USLGB,MYPGU,"Memphis, TN, USMEM",LALB,"Pasir Gudang, Johor, , MYPGU",MYPGU,OOLU,OOCL,MT256104,DRY,2,10/20/2025,12/31/2025,11/5/2025 9:38,1374,1374,162.37,162.37,1536.37,1536.37
USMEM,USLAX,MYPGU,"Memphis, TN, USMEM",LALB,"Pasir Gudang, Johor, , MYPGU",MYPGU,OOLU,OOCL,MT256104,DRY,2,10/20/2025,12/31/2025,11/5/2025 9:38,1374,1374,162.37,162.37,1536.37,1536.37
USMEM,USLAX,MYPGU,"Memphis, TN, USMEM",LALB,"Pasir Gudang, Johor, , MYPGU","Tanjung Pelepas, MY",MAEU,Maersk,300094432,DRY,0,10/16/2025,3/31/2026,10/22/2025 19:06,1409,1409,0,0,1409,1409
USMEM,USLAX,MYPGU,"Memphis, TN, USMEM",LALB,"Pasir Gudang, Johor, , MYPGU",CNSHG,YMLU,YML,51625,DRY,1,10/27/2025,12/31/2025,11/5/2025 9:38,1500,1500,224.8,224.8,1724.8,1724.8
USMEM,USSAV,MYPGU,"Memphis, TN, USMEM","Savannah, GA, USSAV","Pasir Gudang, Johor, , MYPGU","Tanjung Pelepas, MY",MAEU,Maersk,300094432,DRY,0,10/16/2025,3/31/2026,10/22/2025 19:06,1538,1538,0,0,1538,1538
USMEM,USLAX,MYPGU,"Memphis, TN, USMEM",LALB,"Pasir Gudang, Johor, , MYPGU",SGSIN,YMLU,YML,51625,DRY,1,10/27/2025,12/31/2025,11/5/2025 9:38,1600,1600,268.95,268.95,1868.95,1868.95
USMEM,USCHS,MYPGU,"Memphis, TN, USMEM","Charleston, SC, USCHS","Pasir Gudang, Johor, , MYPGU",MYPGU,ONEY,ONE,CHIM354B25,DRY,1,10/1/2025,12/31/2025,11/5/2025 9:38,1699,1699,180.75,180.75,1879.75,1879.75
USMEM,USSAV,MYPGU,"Memphis, TN, USMEM","Savannah, GA, USSAV","Pasir Gudang, Johor, , MYPGU",MYPGU,ONEY,ONE,CHIM354B25,DRY,1,10/1/2025,12/31/2025,11/5/2025 9:38,1699,1699,180.75,180.75,1879.75,1879.75
USMEM,USCHS,MYPGU,"Memphis, TN, USMEM","Charleston, SC, USCHS","Pasir Gudang, Johor, , MYPGU",MYPGU,OOLU,OOCL,MT256104,DRY,2,10/20/2025,12/31/2025,11/5/2025 9:38,1762,1762,162.37,162.37,1924.37,1924.37
USMEM,USSAV,MYPGU,"Memphis, TN, USMEM","Savannah, GA, USSAV","Pasir Gudang, Johor, , MYPGU",MYPGU,OOLU,OOCL,MT256104,DRY,2,10/20/2025,12/31/2025,11/5/2025 9:38,1762,1762,162.37,162.37,1924.37,1924.37
USMEM,USLAX,MYPGU,"Memphis, TN, USMEM",LALB,"Pasir Gudang, Johor, , MYPGU",MYPGU,ONEY,ONE,CHIM354B25,DRY,1,10/1/2025,12/31/2025,11/5/2025 9:38,1851,1851,180.75,180.75,2031.75,2031.75
USMEM,USLAX,MYPKG,"Memphis, TN, USMEM",LALB,"Port Klang, 10, MYPKG",MYPKG,OOLU,OOCL,MT256104,DRY,2,10/20/2025,12/31/2025,11/5/2025 9:38,834,834,280.08,280.08,1114.08,1114.08
USMEM,USLGB,MYPKG,"Memphis, TN, USMEM",LALB,"Port Klang, 10, MYPKG",MYPKG,OOLU,OOCL,MT256104,DRY,2,10/20/2025,12/31/2025,11/5/2025 9:38,834,834,280.08,280.08,1114.08,1114.08
USMEM,USSAV,MYPKG,"Memphis, TN, USMEM","Savannah, GA, USSAV","Port Klang, 10, MYPKG",MYPKG,OOLU,OOCL,MT256104,DRY,2,10/20/2025,12/31/2025,11/5/2025 9:38,1167,1167,280.08,280.08,1447.08,1447.08
USMEM,USCHS,MYPKG,"Memphis, TN, USMEM","Charleston, SC, USCHS","Port Klang, 10, MYPKG",MYPKG,OOLU,OOCL,MT256104,DRY,2,10/20/2025,12/31/2025,11/5/2025 9:38,1167,1167,280.08,280.08,1447.08,1447.08
USMEM,USLAX,MYPKG,"Memphis, TN, USMEM",LALB,"Port Klang, 10, MYPKG",MYPKG,MAEU,Maersk,300094432,DRY,0,10/16/2025,3/31/2026,10/22/2025 19:06,1289,1289,0,0,1289,1289
USMEM,USLAX,MYPKG,"Memphis, TN, USMEM",LALB,"Port Klang, 10, MYPKG",CNSHG,YMLU,YML,51625,DRY,1,10/27/2025,12/31/2025,11/5/2025 9:38,1310,1310,224.8,224.8,1534.8,1534.8
USMEM,USLAX,MYPKG,"Memphis, TN, USMEM",LALB,"Port Klang, 10, MYPKG",CNNBG,YMLU,YML,51625,DRY,1,10/27/2025,12/31/2025,11/5/2025 9:38,1310,1310,224.8,224.8,1534.8,1534.8
USMEM,USLAX,MYPKG,"Memphis, TN, USMEM",LALB,"Port Klang, 10, MYPKG",MYPKG,YMLU,YML,51625,DRY,1,10/27/2025,12/31/2025,11/5/2025 9:38,1350,1350,170.73,170.73,1520.73,1520.73
USMEM,USLAX,MYPKG,"Memphis, TN, USMEM",LALB,"Port Klang, 10, MYPKG",SGSIN,YMLU,YML,51625,DRY,1,10/27/2025,12/31/2025,11/5/2025 9:38,1410,1410,268.95,268.95,1678.95,1678.95
USMEM,USSAV,MYPKG,"Memphis, TN, USMEM","Savannah, GA, USSAV","Port Klang, 10, MYPKG",MYPKG,MAEU,Maersk,300094432,DRY,0,10/16/2025,3/31/2026,10/22/2025 19:06,1418,1418,0,0,1418,1418
USMEM,USLAX,MYPKG,"Memphis, TN, USMEM",LALB,"Port Klang, 10, MYPKG",CNSHG,YMLU,YML,51625,DRY,1,10/27/2025,12/31/2025,11/5/2025 9:38,1500,1500,224.8,224.8,1724.8,1724.8
USMEM,USLAX,MYPKG,"Memphis, TN, USMEM",LALB,"Port Klang, 10, MYPKG",SGSIN,YMLU,YML,51625,DRY,1,10/27/2025,12/31/2025,11/5/2025 9:38,1600,1600,268.95,268.95,1868.95,1868.95
USMEM,USSAV,MYPKG,"Memphis, TN, USMEM","Savannah, GA, USSAV","Port Klang, 10, MYPKG",MYPKG,ONEY,ONE,CHIM354B25,DRY,1,10/1/2025,12/31/2025,11/5/2025 9:38,1699,1699,179.56,179.56,1878.56,1878.56
USMEM,USCHS,MYPKG,"Memphis, TN, USMEM","Charleston, SC, USCHS","Port Klang, 10, MYPKG",MYPKG,ONEY,ONE,CHIM354B25,DRY,1,10/1/2025,12/31/2025,11/5/2025 9:38,1699,1699,179.56,179.56,1878.56,1878.56
USMEM,USLAX,MYPKG,"Memphis, TN, USMEM",LALB,"Port Klang, 10, MYPKG",MYPKG,ONEY,ONE,CHIM354B25,DRY,1,10/1/2025,12/31/2025,11/5/2025 9:38,1851,1851,179.56,179.56,2030.56,2030.56
USMEM,USLAX,MYTPP,"Memphis, TN, USMEM",LALB,"Tanjung Pelepas, 1, MYTPP",MYTPP,MAEU,Maersk,300094432,DRY,0,10/16/2025,3/31/2026,10/22/2025 19:06,1119,1119,0,0,1119,1119
USMEM,USSAV,MYTPP,"Memphis, TN, USMEM","Savannah, GA, USSAV","Tanjung Pelepas, 1, MYTPP",MYTPP,MAEU,Maersk,300094432,DRY,0,10/16/2025,3/31/2026,10/22/2025 19:06,1248,1248,0,0,1248,1248
USMEM,USLAX,PAMIT,"Memphis, TN, USMEM",LALB,"Manzanillo, , PAMIT",PAMIT,ONEY,ONE,CHIM354B25,DRY,1,10/1/2025,12/31/2025,11/5/2025 9:38,2713,2713,317,317,3030,3030
USMEM,USLAX,PAROD,"Memphis, TN, USMEM",LALB,"Rodman, 8, PAROD",PAROD,ONEY,ONE,CHIM354B25,DRY,1,10/1/2025,12/31/2025,11/5/2025 9:38,2913,2913,292,292,3205,3205
USMEM,USSAV,PECLL,"Memphis, TN, USMEM","Savannah, GA, USSAV","Callao, , PECLL",CALLAO,EGLV,EMC,SC103574,DRY,,10/31/2025,11/30/2025,11/5/2025 9:38,1400,1400,80,80,1480,1480
USMEM,USSAV,PECLL,"Memphis, TN, USMEM","Savannah, GA, USSAV","Callao, , PECLL",PECLL,ONEY,ONE,CHIM354B25,DRY,1,10/1/2025,12/31/2025,11/5/2025 9:38,1758,1758,105,105,1863,1863
USMEM,USLAX,PECLL,"Memphis, TN, USMEM",LALB,"Callao, , PECLL",PECLL,ONEY,ONE,CHIM354B25,DRY,1,10/1/2025,12/31/2025,11/5/2025 9:38,2318,2318,105,105,2423,2423
USMEM,USLAX,PEPAI,"Memphis, TN, USMEM",LALB,"Paita, , PEPAI",PEPAI,ONEY,ONE,CHIM354B25,DRY,1,10/1/2025,12/31/2025,11/5/2025 9:38,3368,3368,105,105,3473,3473
USMEM,USLGB,PHCEB,"Memphis, TN, USMEM",LALB,"Cebu, , PHCEB",PHCEB,OOLU,OOCL,MT256104,DRY,2,10/20/2025,12/31/2025,11/5/2025 9:38,1379,1379,236,236,1615,1615
USMEM,USLAX,PHCEB,"Memphis, TN, USMEM",LALB,"Cebu, , PHCEB",PHCEB,OOLU,OOCL,MT256104,DRY,2,10/20/2025,12/31/2025,11/5/2025 9:38,1379,1379,236,236,1615,1615
USMEM,USCHS,PHCEB,"Memphis, TN, USMEM","Charleston, SC, USCHS","Cebu, , PHCEB",PHCEB,OOLU,OOCL,MT256104,DRY,2,10/20/2025,12/31/2025,11/5/2025 9:38,1752,1752,236,236,1988,1988
USMEM,USSAV,PHCEB,"Memphis, TN, USMEM","Savannah, GA, USSAV","Cebu, , PHCEB",PHCEB,OOLU,OOCL,MT256104,DRY,2,10/20/2025,12/31/2025,11/5/2025 9:38,1752,1752,236,236,1988,1988
USMEM,USLAX,PHCEB,"Memphis, TN, USMEM",LALB,"Cebu, , PHCEB",PHCEB,MAEU,Maersk,300094432,DRY,0,10/16/2025,3/31/2026,10/22/2025 19:06,1849,1849,0,0,1849,1849
USMEM,USSAV,PHCEB,"Memphis, TN, USMEM","Savannah, GA, USSAV","Cebu, , PHCEB",PHCEB,MAEU,Maersk,300094432,DRY,0,10/16/2025,3/31/2026,10/22/2025 19:06,1978,1978,0,0,1978,1978
USMEM,USLAX,PHCEB,"Memphis, TN, USMEM",LALB,"Cebu, , PHCEB",TWKHH,YMLU,YML,51625,DRY,1,10/27/2025,12/31/2025,11/5/2025 9:38,2280,2280,227.3,227.3,2507.3,2507.3
USMEM,USORF,PHDVO,"Memphis, TN, USMEM","Norfolk, VA, USORF","Davao, Mindanao, , PHDVO",DAVAO,EGLV,EMC,SC103574,DRY,,10/1/2025,12/31/2025,11/5/2025 9:38,800,800,253,286,1053,1086
USMEM,USCHS,PHDVO,"Memphis, TN, USMEM","Charleston, SC, USCHS","Davao, Mindanao, , PHDVO",DAVAO,EGLV,EMC,SC103574,DRY,,10/1/2025,12/31/2025,11/5/2025 9:38,800,800,253,286,1053,1086
USMEM,USSAV,PHDVO,"Memphis, TN, USMEM","Savannah, GA, USSAV","Davao, Mindanao, , PHDVO",DAVAO,EGLV,EMC,SC103574,DRY,,10/1/2025,12/31/2025,11/5/2025 9:38,800,800,253,286,1053,1086
USMEM,USLAX,PHDVO,"Memphis, TN, USMEM",LALB,"Davao, Mindanao, , PHDVO",DAVAO,EGLV,EMC,SC103574,DRY,,10/1/2025,12/31/2025,11/5/2025 9:38,1350,1350,253,286,1603,1636
USMEM,USLAX,PHDVO,"Memphis, TN, USMEM",LALB,"Davao, Mindanao, , PHDVO",CNSHG,YMLU,YML,51625,DRY,1,10/27/2025,12/31/2025,11/5/2025 9:38,2035,2035,224.8,224.8,2259.8,2259.8
USMEM,USLAX,PHDVO,"Memphis, TN, USMEM",LALB,"Davao, Mindanao, , PHDVO",SGSIN,YMLU,YML,51625,DRY,1,10/27/2025,12/31/2025,11/5/2025 9:38,2135,2135,268.95,268.95,2403.95,2403.95
USMEM,USCHS,PHMNL,"Memphis, TN, USMEM","Charleston, SC, USCHS","Manila, , PHMNL",MANILA (NORTH PORT),EGLV,EMC,SC103574,DRY,,10/1/2025,12/31/2025,11/5/2025 9:38,1000,1000,230,260,1230,1260
USMEM,USORF,PHMNL,"Memphis, TN, USMEM","Norfolk, VA, USORF","Manila, , PHMNL",MANILA (NORTH PORT),EGLV,EMC,SC103574,DRY,,10/1/2025,12/31/2025,11/5/2025 9:38,1000,1000,230,260,1230,1260
USMEM,USSAV,PHMNL,"Memphis, TN, USMEM","Savannah, GA, USSAV","Manila, , PHMNL",MANILA (NORTH PORT),EGLV,EMC,SC103574,DRY,,10/1/2025,12/31/2025,11/5/2025 9:38,1000,1000,230,260,1230,1260
USMEM,USLAX,PHMNL,"Memphis, TN, USMEM",LALB,"Manila, , PHMNL",PHMNL,MAEU,Maersk,300094432,DRY,0,10/16/2025,3/31/2026,10/22/2025 19:06,1373,1373,0,0,1373,1373
USMEM,USLGB,PHMNL,"Memphis, TN, USMEM",LALB,"Manila, , PHMNL",PHMNL,OOLU,OOCL,MT256104,DRY,2,10/20/2025,12/31/2025,11/5/2025 9:38,1379,1379,236,236,1615,1615
USMEM,USLAX,PHMNL,"Memphis, TN, USMEM",LALB,"Manila, , PHMNL",PHMNL,OOLU,OOCL,MT256104,DRY,2,10/20/2025,12/31/2025,11/5/2025 9:38,1379,1379,236,236,1615,1615
USMEM,USLAX,PHMNL,"Memphis, TN, USMEM",LALB,"Manila, , PHMNL",TWKHH,YMLU,YML,51625,DRY,1,10/27/2025,12/31/2025,11/5/2025 9:38,1400,1400,227.3,227.3,1627.3,1627.3
USMEM,USSAV,PHMNL,"Memphis, TN, USMEM","Savannah, GA, USSAV","Manila, , PHMNL",PHMNL,MAEU,Maersk,300094432,DRY,0,10/16/2025,3/31/2026,10/22/2025 19:06,1502,1502,0,0,1502,1502
USMEM,USLAX,PHMNL,"Memphis, TN, USMEM",LALB,"Manila, , PHMNL",MANILA (NORTH PORT),EGLV,EMC,SC103574,DRY,,10/1/2025,12/31/2025,11/5/2025 9:38,1550,1550,230,260,1780,1810
USMEM,USSAV,PHMNL,"Memphis, TN, USMEM","Savannah, GA, USSAV","Manila, , PHMNL",PHMNL,OOLU,OOCL,MT256104,DRY,2,10/20/2025,12/31/2025,11/5/2025 9:38,1752,1752,236,236,1988,1988
USMEM,USCHS,PHMNL,"Memphis, TN, USMEM","Charleston, SC, USCHS","Manila, , PHMNL",PHMNL,OOLU,OOCL,MT256104,DRY,2,10/20/2025,12/31/2025,11/5/2025 9:38,1752,1752,236,236,1988,1988
USMEM,USLAX,PHMNL,"Memphis, TN, USMEM",LALB,"Manila, , PHMNL",PHMNL,ONEY,ONE,CHIM354B25,DRY,1,10/1/2025,12/31/2025,11/5/2025 9:38,1766,1766,265,265,2031,2031
USMEM,USSAV,PHMNL,"Memphis, TN, USMEM","Savannah, GA, USSAV","Manila, , PHMNL",PHMNL,ONEY,ONE,CHIM354B25,DRY,1,10/1/2025,12/31/2025,11/5/2025 9:38,1814,1814,265,265,2079,2079
USMEM,USCHS,PHMNL,"Memphis, TN, USMEM","Charleston, SC, USCHS","Manila, , PHMNL",PHMNL,ONEY,ONE,CHIM354B25,DRY,1,10/1/2025,12/31/2025,11/5/2025 9:38,1814,1814,265,265,2079,2079
USMEM,USSAV,PHMNS,"Memphis, TN, USMEM","Savannah, GA, USSAV","Manila South Harbour, , PHMNS",MANILA SOUTH PORT,EGLV,EMC,SC103574,DRY,,10/1/2025,12/31/2025,11/5/2025 9:38,1000,1000,306,336,1306,1336
USMEM,USORF,PHMNS,"Memphis, TN, USMEM","Norfolk, VA, USORF","Manila South Harbour, , PHMNS",MANILA SOUTH PORT,EGLV,EMC,SC103574,DRY,,10/1/2025,12/31/2025,11/5/2025 9:38,1000,1000,306,336,1306,1336
USMEM,USCHS,PHMNS,"Memphis, TN, USMEM","Charleston, SC, USCHS","Manila South Harbour, , PHMNS",MANILA SOUTH PORT,EGLV,EMC,SC103574,DRY,,10/1/2025,12/31/2025,11/5/2025 9:38,1000,1000,306,336,1306,1336
USMEM,USLAX,PHMNS,"Memphis, TN, USMEM",LALB,"Manila South Harbour, , PHMNS",MANILA SOUTH PORT,EGLV,EMC,SC103574,DRY,,10/1/2025,12/31/2025,11/5/2025 9:38,1550,1550,306,336,1856,1886
USMEM,USLAX,PKBQM,"Memphis, TN, USMEM",LALB,"Port Qasim/Karachi, SD, PKBQM",PKBQM,MAEU,Maersk,300094432,DRY,0,10/16/2025,3/31/2026,10/22/2025 19:06,1713,1713,0,0,1713,1713
USMEM,USCHS,PKBQM,"Memphis, TN, USMEM","Charleston, SC, USCHS","Port Qasim/Karachi, SD, PKBQM",PKBQM,MAEU,Maersk,300094432,DRY,0,10/16/2025,3/31/2026,10/22/2025 19:06,1713,1713,0,0,1713,1713
USMEM,USSAV,PKBQM,"Memphis, TN, USMEM","Savannah, GA, USSAV","Port Qasim/Karachi, SD, PKBQM",PKBQM,MAEU,Maersk,300094432,DRY,0,10/16/2025,3/31/2026,10/22/2025 19:06,1713,1713,0,0,1713,1713
USMEM,USCHS,PKKHI,"Memphis, TN, USMEM","Charleston, SC, USCHS","Karachi, SD, PKKHI",KARACHI,EGLV,EMC,SC103574,DRY,,10/1/2025,12/31/2025,11/5/2025 9:38,1400,1400,170,170,1570,1570
USMEM,USSAV,PKKHI,"Memphis, TN, USMEM","Savannah, GA, USSAV","Karachi, SD, PKKHI",KARACHI,EGLV,EMC,SC103574,DRY,,10/1/2025,12/31/2025,11/5/2025 9:38,1400,1400,170,170,1570,1570
USMEM,USORF,PKKHI,"Memphis, TN, USMEM","Norfolk, VA, USORF","Karachi, SD, PKKHI",KARACHI,EGLV,EMC,SC103574,DRY,,10/1/2025,12/31/2025,11/5/2025 9:38,1400,1400,170,170,1570,1570
USMEM,USSAV,PKKHI,"Memphis, TN, USMEM","Savannah, GA, USSAV","Karachi, SD, PKKHI","Keamari Karachi, PK",MAEU,Maersk,300094432,DRY,0,10/16/2025,3/31/2026,10/22/2025 19:06,1713,1713,0,0,1713,1713
USMEM,USCHS,PKKHI,"Memphis, TN, USMEM","Charleston, SC, USCHS","Karachi, SD, PKKHI","Keamari Karachi, PK",MAEU,Maersk,300094432,DRY,0,10/16/2025,3/31/2026,10/22/2025 19:06,1713,1713,0,0,1713,1713
USMEM,USLAX,PKKHI,"Memphis, TN, USMEM",LALB,"Karachi, SD, PKKHI",KARACHI,EGLV,EMC,SC103574,DRY,,10/1/2025,12/31/2025,11/5/2025 9:38,1800,1800,170,170,1970,1970
USMEM,USSAV,PKKHI,"Memphis, TN, USMEM","Savannah, GA, USSAV","Karachi, SD, PKKHI",PKKHI,ONEY,ONE,CHIM354B25,DRY,1,10/1/2025,12/31/2025,11/5/2025 9:38,2674,2674,428,428,3102,3102
USMEM,USCHS,PKKHI,"Memphis, TN, USMEM","Charleston, SC, USCHS","Karachi, SD, PKKHI",PKKHI,ONEY,ONE,CHIM354B25,DRY,1,10/1/2025,12/31/2025,11/5/2025 9:38,2674,2674,428,428,3102,3102
USMEM,USLAX,PKKHI,"Memphis, TN, USMEM",LALB,"Karachi, SD, PKKHI",PKKHI,ONEY,ONE,CHIM354B25,DRY,1,10/1/2025,12/31/2025,11/5/2025 9:38,3076,3076,428,428,3504,3504
USMEM,USSAV,PKQCT,"Memphis, TN, USMEM","Savannah, GA, USSAV","Qasim Container Terminal/Karachi, , PKQCT",PKQCT,OOLU,OOCL,MT256104,DRY,2,10/20/2025,12/31/2025,11/5/2025 9:38,1497,1497,155,155,1652,1652
USMEM,USCHS,PTLEI,"Memphis, TN, USMEM","Charleston, SC, USCHS","Leixoes, 13, PTLEI",PTLEI,MAEU,Maersk,300094432,DRY,0,10/16/2025,3/31/2026,10/22/2025 19:06,1571,1571,0,0,1571,1571
USMEM,USSAV,PTLEI,"Memphis, TN, USMEM","Savannah, GA, USSAV","Leixoes, 13, PTLEI",PTLEI,MAEU,Maersk,300094432,DRY,0,10/16/2025,3/31/2026,10/22/2025 19:06,1571,1571,0,0,1571,1571
USMEM,USSAV,PTLEI,"Memphis, TN, USMEM","Savannah, GA, USSAV","Leixoes, 13, PTLEI",PTLEI,ONEY,ONE,CHIM354B25,DRY,1,10/1/2025,12/31/2025,11/5/2025 9:38,2429,2429,345.67,345.67,2774.67,2774.67
USMEM,USCHS,PTLEI,"Memphis, TN, USMEM","Charleston, SC, USCHS","Leixoes, 13, PTLEI",PTLEI,ONEY,ONE,CHIM354B25,DRY,1,10/1/2025,12/31/2025,11/5/2025 9:38,2459,2459,345.67,345.67,2804.67,2804.67
USMEM,USSAV,PTLIS,"Memphis, TN, USMEM","Savannah, GA, USSAV","Lisboa, 11, PTLIS",PTLIS,ONEY,ONE,CHIM354B25,DRY,1,10/1/2025,12/31/2025,11/5/2025 9:38,2504,2504,345.67,345.67,2849.67,2849.67
USMEM,USLAX,SGSIN,"Memphis, TN, USMEM",LALB,"Singapore, , SGSIN",SGSIN,OOLU,OOCL,MT256104,DRY,2,10/20/2025,12/31/2025,11/5/2025 4:10,894,894,299.69,299.69,1193.69,1193.69
USMEM,USLGB,SGSIN,"Memphis, TN, USMEM",LALB,"Singapore, , SGSIN",SGSIN,OOLU,OOCL,MT256104,DRY,2,10/20/2025,12/31/2025,11/5/2025 4:10,894,894,299.69,299.69,1193.69,1193.69
USMEM,USLAX,SGSIN,"Memphis, TN, USMEM",LALB,"Singapore, , SGSIN",SGSIN,YMLU,YML,51625,DRY,1,10/27/2025,12/31/2025,11/5/2025 9:38,1000,1000,268.95,268.95,1268.95,1268.95
USMEM,USLAX,SGSIN,"Memphis, TN, USMEM",LALB,"Singapore, , SGSIN",CNNBG,YMLU,YML,51625,DRY,1,10/27/2025,12/31/2025,11/5/2025 9:38,1030,1030,224.8,224.8,1254.8,1254.8
USMEM,USLAX,SGSIN,"Memphis, TN, USMEM",LALB,"Singapore, , SGSIN",CNSHG,YMLU,YML,51625,DRY,1,10/27/2025,12/31/2025,11/5/2025 9:38,1030,1030,224.8,224.8,1254.8,1254.8
USMEM,USSAV,SGSIN,"Memphis, TN, USMEM","Savannah, GA, USSAV","Singapore, , SGSIN",SGSIN,OOLU,OOCL,MT256104,DRY,2,10/20/2025,12/31/2025,11/5/2025 4:10,1167,1167,299.69,299.69,1466.69,1466.69
USMEM,USCHS,SGSIN,"Memphis, TN, USMEM","Charleston, SC, USCHS","Singapore, , SGSIN",SGSIN,OOLU,OOCL,MT256104,DRY,2,10/20/2025,12/31/2025,11/5/2025 4:10,1167,1167,299.69,299.69,1466.69,1466.69
USMEM,USSAV,SGSIN,"Memphis, TN, USMEM","Savannah, GA, USSAV","Singapore, , SGSIN",SGSIN,MAEU,Maersk,300094432,DRY,0,10/16/2025,3/31/2026,10/22/2025 19:06,1255,1255,0,0,1255,1255
USMEM,USLAX,SGSIN,"Memphis, TN, USMEM",LALB,"Singapore, , SGSIN",SGSIN,MAEU,Maersk,300094432,DRY,0,10/16/2025,3/31/2026,10/22/2025 19:06,1326,1326,0,0,1326,1326
USMEM,USSAV,SGSIN,"Memphis, TN, USMEM","Savannah, GA, USSAV","Singapore, , SGSIN",SGSIN,ONEY,ONE,CHIM354B25,DRY,1,10/1/2025,12/31/2025,11/5/2025 9:38,1474,1474,339.65,339.65,1813.65,1813.65
USMEM,USCHS,SGSIN,"Memphis, TN, USMEM","Charleston, SC, USCHS","Singapore, , SGSIN",SGSIN,ONEY,ONE,CHIM354B25,DRY,1,10/1/2025,12/31/2025,11/5/2025 9:38,1474,1474,339.65,339.65,1813.65,1813.65
USMEM,USLAX,SGSIN,"Memphis, TN, USMEM",LALB,"Singapore, , SGSIN",SGSIN,ONEY,ONE,CHIM354B25,DRY,1,10/1/2025,12/31/2025,11/5/2025 9:38,1666,1666,339.65,339.65,2005.65,2005.65
USMEM,USLAX,THBKK,"Memphis, TN, USMEM",LALB,"Bangkok, , THBKK","Laem Chabang, TH",MAEU,Maersk,300094432,DRY,0,10/16/2025,3/31/2026,10/22/2025 19:06,952,952,0,0,952,952
USMEM,USSAV,THBKK,"Memphis, TN, USMEM","Savannah, GA, USSAV","Bangkok, , THBKK","Laem Chabang, TH",MAEU,Maersk,300094432,DRY,0,10/16/2025,3/31/2026,10/22/2025 19:06,1081,1081,0,0,1081,1081
USMEM,USLGB,THBKK,"Memphis, TN, USMEM",LALB,"Bangkok, , THBKK",THBKK,OOLU,OOCL,MT256104,DRY,2,10/20/2025,12/31/2025,11/5/2025 9:38,1144,1144,134.3,134.3,1278.3,1278.3
USMEM,USLAX,THBKK,"Memphis, TN, USMEM",LALB,"Bangkok, , THBKK",THBKK,OOLU,OOCL,MT256104,DRY,2,10/20/2025,12/31/2025,11/5/2025 9:38,1144,1144,134.3,134.3,1278.3,1278.3
USMEM,USLAX,THBKK,"Memphis, TN, USMEM",LALB,"Bangkok, , THBKK",CNNBG,YMLU,YML,51625,DRY,1,10/27/2025,12/31/2025,11/5/2025 9:38,1150,1150,224.8,224.8,1374.8,1374.8
USMEM,USORF,THBKK,"Memphis, TN, USMEM","Norfolk, VA, USORF","Bangkok, , THBKK",BANGKOK,EGLV,EMC,SC103574,DRY,,10/1/2025,12/31/2025,11/5/2025 9:38,1150,1150,132.76,132.76,1282.76,1282.76
USMEM,USSAV,THBKK,"Memphis, TN, USMEM","Savannah, GA, USSAV","Bangkok, , THBKK",BANGKOK,EGLV,EMC,SC103574,DRY,,10/1/2025,12/31/2025,11/5/2025 9:38,1150,1150,132.76,132.76,1282.76,1282.76
USMEM,USLAX,THBKK,"Memphis, TN, USMEM",LALB,"Bangkok, , THBKK",CNSHG,YMLU,YML,51625,DRY,1,10/27/2025,12/31/2025,11/5/2025 9:38,1150,1150,224.8,224.8,1374.8,1374.8
USMEM,USCHS,THBKK,"Memphis, TN, USMEM","Charleston, SC, USCHS","Bangkok, , THBKK",BANGKOK,EGLV,EMC,SC103574,DRY,,10/1/2025,12/31/2025,11/5/2025 9:38,1150,1150,132.76,132.76,1282.76,1282.76
USMEM,USLAX,THBKK,"Memphis, TN, USMEM",LALB,"Bangkok, , THBKK",SGSIN,YMLU,YML,51625,DRY,1,10/27/2025,12/31/2025,11/5/2025 9:38,1250,1250,268.95,268.95,1518.95,1518.95
USMEM,USSAV,THBKK,"Memphis, TN, USMEM","Savannah, GA, USSAV","Bangkok, , THBKK",THBKK,OOLU,OOCL,MT256104,DRY,2,10/20/2025,12/31/2025,11/5/2025 9:38,1272,1272,134.3,134.3,1406.3,1406.3
USMEM,USCHS,THBKK,"Memphis, TN, USMEM","Charleston, SC, USCHS","Bangkok, , THBKK",THBKK,OOLU,OOCL,MT256104,DRY,2,10/20/2025,12/31/2025,11/5/2025 9:38,1272,1272,134.3,134.3,1406.3,1406.3
USMEM,USCHS,THBKK,"Memphis, TN, USMEM","Charleston, SC, USCHS","Bangkok, , THBKK",THBKK,ONEY,ONE,CHIM354B25,DRY,1,10/1/2025,12/31/2025,11/5/2025 9:38,1289,1289,191.42,191.42,1480.42,1480.42
USMEM,USSAV,THBKK,"Memphis, TN, USMEM","Savannah, GA, USSAV","Bangkok, , THBKK",THBKK,ONEY,ONE,CHIM354B25,DRY,1,10/1/2025,12/31/2025,11/5/2025 9:38,1289,1289,191.42,191.42,1480.42,1480.42
USMEM,USLAX,THBKK,"Memphis, TN, USMEM",LALB,"Bangkok, , THBKK",THBKK,ONEY,ONE,CHIM354B25,DRY,1,10/1/2025,12/31/2025,11/5/2025 9:38,1591,1591,191.42,191.42,1782.42,1782.42
USMEM,USLAX,THBKK,"Memphis, TN, USMEM",LALB,"Bangkok, , THBKK",BANGKOK,EGLV,EMC,SC103574,DRY,,10/1/2025,12/31/2025,11/5/2025 9:38,1750,1750,132.76,132.76,1882.76,1882.76
USMEM,USLAX,THLCH,"Memphis, TN, USMEM",LALB,"Laem Chabang, 20, THLCH",THLCH,OOLU,OOCL,MT256104,DRY,2,10/20/2025,12/31/2025,11/5/2025 9:38,794,794,134.3,134.3,928.3,928.3
USMEM,USLGB,THLCH,"Memphis, TN, USMEM",LALB,"Laem Chabang, 20, THLCH",THLCH,OOLU,OOCL,MT256104,DRY,2,10/20/2025,12/31/2025,11/5/2025 9:38,794,794,134.3,134.3,928.3,928.3
USMEM,USLAX,THLCH,"Memphis, TN, USMEM",LALB,"Laem Chabang, 20, THLCH",THLCH,YMLU,YML,51625,DRY,1,10/27/2025,12/31/2025,11/5/2025 9:38,900,900,135.84,135.84,1035.84,1035.84
USMEM,USLAX,THLCH,"Memphis, TN, USMEM",LALB,"Laem Chabang, 20, THLCH",THLCH,MAEU,Maersk,300094432,DRY,0,10/16/2025,3/31/2026,10/22/2025 19:06,964,964,0,0,964,964
USMEM,USORF,THLCH,"Memphis, TN, USMEM","Norfolk, VA, USORF","Laem Chabang, 20, THLCH",LAEM CHABANG,EGLV,EMC,SC103574,DRY,,10/1/2025,12/31/2025,11/5/2025 9:38,1000,1000,132.76,132.76,1132.76,1132.76
USMEM,USCHS,THLCH,"Memphis, TN, USMEM","Charleston, SC, USCHS","Laem Chabang, 20, THLCH",LAEM CHABANG,EGLV,EMC,SC103574,DRY,,10/1/2025,12/31/2025,11/5/2025 9:38,1000,1000,132.76,132.76,1132.76,1132.76
USMEM,USSAV,THLCH,"Memphis, TN, USMEM","Savannah, GA, USSAV","Laem Chabang, 20, THLCH",LAEM CHABANG,EGLV,EMC,SC103574,DRY,,10/1/2025,12/31/2025,11/5/2025 9:38,1000,1000,132.76,132.76,1132.76,1132.76
USMEM,USCHS,THLCH,"Memphis, TN, USMEM","Charleston, SC, USCHS","Laem Chabang, 20, THLCH",THLCH,OOLU,OOCL,MT256104,DRY,2,10/20/2025,12/31/2025,11/5/2025 9:38,1072,1072,134.3,134.3,1206.3,1206.3
USMEM,USSAV,THLCH,"Memphis, TN, USMEM","Savannah, GA, USSAV","Laem Chabang, 20, THLCH",THLCH,OOLU,OOCL,MT256104,DRY,2,10/20/2025,12/31/2025,11/5/2025 9:38,1072,1072,134.3,134.3,1206.3,1206.3
USMEM,USSAV,THLCH,"Memphis, TN, USMEM","Savannah, GA, USSAV","Laem Chabang, 20, THLCH",THLCH,MAEU,Maersk,300094432,DRY,0,10/16/2025,3/31/2026,10/22/2025 19:06,1093,1093,0,0,1093,1093
USMEM,USSAV,THLCH,"Memphis, TN, USMEM","Savannah, GA, USSAV","Laem Chabang, 20, THLCH",THLCH,ONEY,ONE,CHIM354B25,DRY,1,10/1/2025,12/31/2025,11/5/2025 9:38,1114,1114,251.93,251.93,1365.93,1365.93
USMEM,USLAX,THLCH,"Memphis, TN, USMEM",LALB,"Laem Chabang, 20, THLCH",SGSIN,YMLU,YML,51625,DRY,1,10/27/2025,12/31/2025,11/5/2025 9:38,1170,1170,268.95,268.95,1438.95,1438.95
USMEM,USLAX,THLCH,"Memphis, TN, USMEM",LALB,"Laem Chabang, 20, THLCH",CNNBG,YMLU,YML,51625,DRY,1,10/27/2025,12/31/2025,11/5/2025 9:38,1220,1220,224.8,224.8,1444.8,1444.8
USMEM,USLAX,THLCH,"Memphis, TN, USMEM",LALB,"Laem Chabang, 20, THLCH",CNSHG,YMLU,YML,51625,DRY,1,10/27/2025,12/31/2025,11/5/2025 9:38,1220,1220,224.8,224.8,1444.8,1444.8
USMEM,USLAX,THLCH,"Memphis, TN, USMEM",LALB,"Laem Chabang, 20, THLCH",LAEM CHABANG,EGLV,EMC,SC103574,DRY,,10/1/2025,12/31/2025,11/5/2025 9:38,1600,1600,132.76,132.76,1732.76,1732.76
USMEM,USLAX,THLCH,"Memphis, TN, USMEM",LALB,"Laem Chabang, 20, THLCH",THLCH,ONEY,ONE,CHIM354B25,DRY,1,10/1/2025,12/31/2025,11/5/2025 9:38,1766,1766,251.93,251.93,2017.93,2017.93
USMEM,USLAX,THLKR,"Memphis, TN, USMEM",LALB,"Lat Krabang, 10, THLKR",THLKR,OOLU,OOCL,MT256104,DRY,2,10/20/2025,12/31/2025,11/5/2025 9:38,1144,1144,134.3,134.3,1278.3,1278.3
USMEM,USLGB,THLKR,"Memphis, TN, USMEM",LALB,"Lat Krabang, 10, THLKR",THLKR,OOLU,OOCL,MT256104,DRY,2,10/20/2025,12/31/2025,11/5/2025 9:38,1144,1144,134.3,134.3,1278.3,1278.3
USMEM,USSAV,THLKR,"Memphis, TN, USMEM","Savannah, GA, USSAV","Lat Krabang, 10, THLKR",THLKR,ONEY,ONE,CHIM354B25,DRY,1,10/1/2025,12/31/2025,11/5/2025 9:38,1189,1189,251.93,251.93,1440.93,1440.93
USMEM,USCHS,THLKR,"Memphis, TN, USMEM","Charleston, SC, USCHS","Lat Krabang, 10, THLKR",THLKR,OOLU,OOCL,MT256104,DRY,2,10/20/2025,12/31/2025,11/5/2025 9:38,1272,1272,134.3,134.3,1406.3,1406.3
USMEM,USSAV,THLKR,"Memphis, TN, USMEM","Savannah, GA, USSAV","Lat Krabang, 10, THLKR",THLKR,OOLU,OOCL,MT256104,DRY,2,10/20/2025,12/31/2025,11/5/2025 9:38,1272,1272,134.3,134.3,1406.3,1406.3
USMEM,USLAX,THLKR,"Memphis, TN, USMEM",LALB,"Lat Krabang, 10, THLKR",THLKR,ONEY,ONE,CHIM354B25,DRY,1,10/1/2025,12/31/2025,11/5/2025 9:38,1466,1466,251.93,251.93,1717.93,1717.93
USMEM,USLAX,THSBP,"Memphis, TN, USMEM",LALB,"Siam Bangkok Port, , THSBP",THSBP,YMLU,YML,51625,DRY,1,10/27/2025,12/31/2025,11/5/2025 9:38,1460,1460,135.84,135.84,1595.84,1595.84
USMEM,USLAX,THSGZ,"Memphis, TN, USMEM",LALB,"Songkhla, 90, THSGZ",SGSIN,YMLU,YML,51625,DRY,1,10/27/2025,12/31/2025,11/5/2025 9:38,2120,2120,268.95,268.95,2388.95,2388.95
USMEM,USSAV,TRALI,"Memphis, TN, USMEM","Savannah, GA, USSAV","Aliaga, 35, TRALI",TRALI,ONEY,ONE,CHIM354B25,DRY,1,10/1/2025,12/31/2025,11/5/2025 9:38,1436,1436,400,400,1836,1836
USMEM,USCHS,TRALI,"Memphis, TN, USMEM","Charleston, SC, USCHS","Aliaga, 35, TRALI",TRALI,OOLU,OOCL,MT256104,DRY,2,10/20/2025,12/31/2025,11/5/2025 9:38,1490,1490,377,377,1867,1867
USMEM,USSAV,TRALI,"Memphis, TN, USMEM","Savannah, GA, USSAV","Aliaga, 35, TRALI",TRALI,OOLU,OOCL,MT256104,DRY,2,10/20/2025,12/31/2025,11/5/2025 9:38,1490,1490,377,377,1867,1867
USMEM,USCHS,TRGEB,"Memphis, TN, USMEM","Charleston, SC, USCHS","Gebze, 41, TRGEB",TRGEB,OOLU,OOCL,MT256104,DRY,2,10/20/2025,12/31/2025,11/5/2025 9:38,1490,1490,0,0,1490,1490
USMEM,USSAV,TRGEB,"Memphis, TN, USMEM","Savannah, GA, USSAV","Gebze, 41, TRGEB",TRGEB,OOLU,OOCL,MT256104,DRY,2,10/20/2025,12/31/2025,11/5/2025 9:38,1490,1490,0,0,1490,1490
USMEM,USCHS,TRGEM,"Memphis, TN, USMEM","Charleston, SC, USCHS","Gemlik, 16, TRGEM",TRGEM,OOLU,OOCL,MT256104,DRY,2,10/20/2025,12/31/2025,11/5/2025 9:38,1340,1340,0,0,1340,1340
USMEM,USSAV,TRGEM,"Memphis, TN, USMEM","Savannah, GA, USSAV","Gemlik, 16, TRGEM",TRGEM,OOLU,OOCL,MT256104,DRY,2,10/20/2025,12/31/2025,11/5/2025 9:38,1340,1340,0,0,1340,1340
USMEM,USCHS,TRGEM,"Memphis, TN, USMEM","Charleston, SC, USCHS","Gemlik, 16, TRGEM",TRGEM,MAEU,Maersk,300094432,DRY,0,10/16/2025,3/31/2026,10/22/2025 19:06,2059,2059,0,0,2059,2059
USMEM,USSAV,TRGEM,"Memphis, TN, USMEM","Savannah, GA, USSAV","Gemlik, 16, TRGEM",TRGEM,MAEU,Maersk,300094432,DRY,0,10/16/2025,3/31/2026,10/22/2025 19:06,2059,2059,0,0,2059,2059
USMEM,USSAV,TRISK,"Memphis, TN, USMEM","Savannah, GA, USSAV","Iskenderun, 31, TRISK",TRISK,OOLU,OOCL,MT256104,DRY,2,10/20/2025,12/31/2025,11/5/2025 9:38,1340,1340,275,275,1615,1615
USMEM,USCHS,TRISK,"Memphis, TN, USMEM","Charleston, SC, USCHS","Iskenderun, 31, TRISK",TRISK,OOLU,OOCL,MT256104,DRY,2,10/20/2025,12/31/2025,11/5/2025 9:38,1340,1340,275,275,1615,1615
USMEM,USSAV,TRISK,"Memphis, TN, USMEM","Savannah, GA, USSAV","Iskenderun, 31, TRISK",TRISK,ONEY,ONE,CHIM354B25,DRY,1,10/1/2025,12/31/2025,11/5/2025 9:38,1436,1436,350,350,1786,1786
USMEM,USSAV,TRISK,"Memphis, TN, USMEM","Savannah, GA, USSAV","Iskenderun, 31, TRISK",TRISK,MAEU,Maersk,300094432,DRY,0,10/16/2025,3/31/2026,10/22/2025 19:06,1754,1754,0,0,1754,1754
USMEM,USCHS,TRISK,"Memphis, TN, USMEM","Charleston, SC, USCHS","Iskenderun, 31, TRISK",TRISK,MAEU,Maersk,300094432,DRY,0,10/16/2025,3/31/2026,10/22/2025 19:06,1754,1754,0,0,1754,1754
USMEM,USSAV,TRIST,"Memphis, TN, USMEM","Savannah, GA, USSAV","Istanbul, 34, TRIST",TRIST,MAEU,Maersk,300094432,DRY,0,10/16/2025,3/31/2026,10/22/2025 19:06,1344,1344,0,0,1344,1344
USMEM,USCHS,TRIST,"Memphis, TN, USMEM","Charleston, SC, USCHS","Istanbul, 34, TRIST",TRIST,MAEU,Maersk,300094432,DRY,0,10/16/2025,3/31/2026,10/22/2025 19:06,1344,1344,0,0,1344,1344
USMEM,USSAV,TRIST,"Memphis, TN, USMEM","Savannah, GA, USSAV","Istanbul, 34, TRIST",TRIST,ONEY,ONE,CHIM354B25,DRY,1,10/1/2025,12/31/2025,11/5/2025 9:38,1436,1436,400,400,1836,1836
USMEM,USSAV,TRIZM,"Memphis, TN, USMEM","Savannah, GA, USSAV","Izmir, 35, TRIZM",TRIZM,OOLU,OOCL,MT256104,DRY,2,10/20/2025,12/31/2025,11/5/2025 9:38,1490,1490,275,275,1765,1765
USMEM,USCHS,TRIZM,"Memphis, TN, USMEM","Charleston, SC, USCHS","Izmir, 35, TRIZM",TRIZM,OOLU,OOCL,MT256104,DRY,2,10/20/2025,12/31/2025,11/5/2025 9:38,1490,1490,275,275,1765,1765
USMEM,USSAV,TRIZM,"Memphis, TN, USMEM","Savannah, GA, USSAV","Izmir, 35, TRIZM",TRIZM,MAEU,Maersk,300094432,DRY,0,10/16/2025,3/31/2026,10/22/2025 19:06,1859,1859,0,0,1859,1859
USMEM,USCHS,TRIZM,"Memphis, TN, USMEM","Charleston, SC, USCHS","Izmir, 35, TRIZM",TRIZM,MAEU,Maersk,300094432,DRY,0,10/16/2025,3/31/2026,10/22/2025 19:06,1859,1859,0,0,1859,1859
USMEM,USSAV,TRIZT,"Memphis, TN, USMEM","Savannah, GA, USSAV","Izmit, 41, TRIZT",TRIZT,MAEU,Maersk,300094432,DRY,0,10/16/2025,3/31/2026,10/22/2025 19:06,1959,1959,0,0,1959,1959
USMEM,USCHS,TRIZT,"Memphis, TN, USMEM","Charleston, SC, USCHS","Izmit, 41, TRIZT",TRIZT,MAEU,Maersk,300094432,DRY,0,10/16/2025,3/31/2026,10/22/2025 19:06,1959,1959,0,0,1959,1959
USMEM,USSAV,TRMER,"Memphis, TN, USMEM","Savannah, GA, USSAV","Mersin, 33, TRMER",TRMER,OOLU,OOCL,MT256104,DRY,2,10/20/2025,12/31/2025,11/5/2025 9:38,1490,1490,272,272,1762,1762
USMEM,USCHS,TRMER,"Memphis, TN, USMEM","Charleston, SC, USCHS","Mersin, 33, TRMER",TRMER,OOLU,OOCL,MT256104,DRY,2,10/20/2025,12/31/2025,11/5/2025 9:38,1490,1490,272,272,1762,1762
USMEM,USCHS,TRMER,"Memphis, TN, USMEM","Charleston, SC, USCHS","Mersin, 33, TRMER",TRMER,MAEU,Maersk,300094432,DRY,0,10/16/2025,3/31/2026,10/22/2025 19:06,1659,1659,0,0,1659,1659
USMEM,USSAV,TRMER,"Memphis, TN, USMEM","Savannah, GA, USSAV","Mersin, 33, TRMER",TRMER,MAEU,Maersk,300094432,DRY,0,10/16/2025,3/31/2026,10/22/2025 19:06,1659,1659,0,0,1659,1659
USMEM,USLAX,TWKEL,"Memphis, TN, USMEM",LALB,"Keelung, , TWKEL",TWKEL,OOLU,OOCL,MT256104,DRY,2,10/20/2025,12/31/2025,11/5/2025 9:38,899,899,227.3,255.71,1126.3,1154.71
USMEM,USLGB,TWKEL,"Memphis, TN, USMEM",LALB,"Keelung, , TWKEL",TWKEL,OOLU,OOCL,MT256104,DRY,2,10/20/2025,12/31/2025,11/5/2025 9:38,899,899,227.3,255.71,1126.3,1154.71
USMEM,USLAX,TWKEL,"Memphis, TN, USMEM",LALB,"Keelung, , TWKEL",TWKEL,YMLU,YML,51625,DRY,1,10/27/2025,12/31/2025,11/5/2025 9:38,1000,1000,227.3,227.3,1227.3,1227.3
USMEM,USLAX,TWKEL,"Memphis, TN, USMEM",LALB,"Keelung, , TWKEL",TWKHH,YMLU,YML,51625,DRY,1,10/27/2025,12/31/2025,11/5/2025 9:38,1250,1250,227.3,227.3,1477.3,1477.3
USMEM,USSAV,TWKEL,"Memphis, TN, USMEM","Savannah, GA, USSAV","Keelung, , TWKEL",TWKEL,ONEY,ONE,CHIM354B25,DRY,1,10/1/2025,12/31/2025,11/5/2025 9:38,1324,1324,227.3,255.71,1551.3,1579.71
USMEM,USCHS,TWKEL,"Memphis, TN, USMEM","Charleston, SC, USCHS","Keelung, , TWKEL",TWKEL,ONEY,ONE,CHIM354B25,DRY,1,10/1/2025,12/31/2025,11/5/2025 9:38,1324,1324,227.3,255.71,1551.3,1579.71
USMEM,USLAX,TWKEL,"Memphis, TN, USMEM",LALB,"Keelung, , TWKEL",TWKEL,ONEY,ONE,CHIM354B25,DRY,1,10/1/2025,12/31/2025,11/5/2025 9:38,1341,1341,227.3,255.71,1568.3,1596.71
USMEM,USCHS,TWKEL,"Memphis, TN, USMEM","Charleston, SC, USCHS","Keelung, , TWKEL",TWKEL,OOLU,OOCL,MT256104,DRY,2,10/20/2025,12/31/2025,11/5/2025 9:38,1372,1372,227.3,255.71,1599.3,1627.71
USMEM,USSAV,TWKEL,"Memphis, TN, USMEM","Savannah, GA, USSAV","Keelung, , TWKEL",TWKEL,OOLU,OOCL,MT256104,DRY,2,10/20/2025,12/31/2025,11/5/2025 9:38,1372,1372,227.3,255.71,1599.3,1627.71
USMEM,USLAX,TWKEL,"Memphis, TN, USMEM",LALB,"Keelung, , TWKEL",TWKEL,MAEU,Maersk,300094432,DRY,0,10/16/2025,3/31/2026,10/22/2025 19:06,1397,1397,0,0,1397,1397
USMEM,USSAV,TWKEL,"Memphis, TN, USMEM","Savannah, GA, USSAV","Keelung, , TWKEL",TWKEL,MAEU,Maersk,300094432,DRY,0,10/16/2025,3/31/2026,10/22/2025 19:06,1526,1526,0,0,1526,1526
USMEM,USCHS,TWKHH,"Memphis, TN, USMEM","Charleston, SC, USCHS","Kaohsiung, , TWKHH",KAOHSIUNG,EGLV,EMC,SC103574,DRY,,10/1/2025,12/31/2025,11/5/2025 9:38,700,700,227.3,227.3,927.3,927.3
USMEM,USORF,TWKHH,"Memphis, TN, USMEM","Norfolk, VA, USORF","Kaohsiung, , TWKHH",KAOHSIUNG,EGLV,EMC,SC103574,DRY,,10/1/2025,12/31/2025,11/5/2025 9:38,700,700,227.3,227.3,927.3,927.3
USMEM,USSAV,TWKHH,"Memphis, TN, USMEM","Savannah, GA, USSAV","Kaohsiung, , TWKHH",KAOHSIUNG,EGLV,EMC,SC103574,DRY,,10/1/2025,12/31/2025,11/5/2025 9:38,700,700,227.3,227.3,927.3,927.3
USMEM,USLGB,TWKHH,"Memphis, TN, USMEM",LALB,"Kaohsiung, , TWKHH",TWKHH,OOLU,OOCL,MT256104,DRY,2,10/20/2025,12/31/2025,11/5/2025 9:38,794,794,227.3,255.71,1021.3,1049.71
USMEM,USLAX,TWKHH,"Memphis, TN, USMEM",LALB,"Kaohsiung, , TWKHH",TWKHH,OOLU,OOCL,MT256104,DRY,2,10/20/2025,12/31/2025,11/5/2025 9:38,794,794,227.3,255.71,1021.3,1049.71
USMEM,USLAX,TWKHH,"Memphis, TN, USMEM",LALB,"Kaohsiung, , TWKHH",TWKHH,YMLU,YML,51625,DRY,1,10/27/2025,12/31/2025,11/5/2025 9:38,900,900,227.3,227.3,1127.3,1127.3
USMEM,USLAX,TWKHH,"Memphis, TN, USMEM",LALB,"Kaohsiung, , TWKHH",TWKHH,MAEU,Maersk,300094432,DRY,0,10/16/2025,3/31/2026,10/22/2025 19:06,1016,1016,0,0,1016,1016
USMEM,USCHS,TWKHH,"Memphis, TN, USMEM","Charleston, SC, USCHS","Kaohsiung, , TWKHH",TWKHH,OOLU,OOCL,MT256104,DRY,2,10/20/2025,12/31/2025,11/5/2025 9:38,1092,1092,227.3,255.71,1319.3,1347.71
USMEM,USSAV,TWKHH,"Memphis, TN, USMEM","Savannah, GA, USSAV","Kaohsiung, , TWKHH",TWKHH,OOLU,OOCL,MT256104,DRY,2,10/20/2025,12/31/2025,11/5/2025 9:38,1092,1092,227.3,255.71,1319.3,1347.71
USMEM,USLAX,TWKHH,"Memphis, TN, USMEM",LALB,"Kaohsiung, , TWKHH",TWKHH,ONEY,ONE,CHIM354B25,DRY,1,10/1/2025,12/31/2025,11/5/2025 9:38,1141,1141,227.3,255.71,1368.3,1396.71
USMEM,USSAV,TWKHH,"Memphis, TN, USMEM","Savannah, GA, USSAV","Kaohsiung, , TWKHH",TWKHH,MAEU,Maersk,300094432,DRY,0,10/16/2025,3/31/2026,10/22/2025 19:06,1145,1145,0,0,1145,1145
USMEM,USLAX,TWKHH,"Memphis, TN, USMEM",LALB,"Kaohsiung, , TWKHH",KAOHSIUNG,EGLV,EMC,SC103574,DRY,,10/1/2025,12/31/2025,11/5/2025 9:38,1250,1250,227.3,227.3,1477.3,1477.3
USMEM,USLAX,TWTPE,"Memphis, TN, USMEM",LALB,"Taipei, TPE, TWTPE",TWTPE,OOLU,OOCL,MT256104,DRY,2,10/20/2025,12/31/2025,11/5/2025 9:38,819,819,0,0,819,819
USMEM,USLGB,TWTPE,"Memphis, TN, USMEM",LALB,"Taipei, TPE, TWTPE",TWTPE,OOLU,OOCL,MT256104,DRY,2,10/20/2025,12/31/2025,11/5/2025 9:38,819,819,0,0,819,819
USMEM,USCHS,TWTPE,"Memphis, TN, USMEM","Charleston, SC, USCHS","Taipei, TPE, TWTPE",TAIPEI,EGLV,EMC,SC103574,DRY,,10/1/2025,12/31/2025,11/5/2025 9:38,900,900,227.3,227.3,1127.3,1127.3
USMEM,USORF,TWTPE,"Memphis, TN, USMEM","Norfolk, VA, USORF","Taipei, TPE, TWTPE",TAIPEI,EGLV,EMC,SC103574,DRY,,10/1/2025,12/31/2025,11/5/2025 9:38,900,900,227.3,227.3,1127.3,1127.3
USMEM,USSAV,TWTPE,"Memphis, TN, USMEM","Savannah, GA, USSAV","Taipei, TPE, TWTPE",TAIPEI,EGLV,EMC,SC103574,DRY,,10/1/2025,12/31/2025,11/5/2025 9:38,900,900,227.3,227.3,1127.3,1127.3
USMEM,USLAX,TWTPE,"Memphis, TN, USMEM",LALB,"Taipei, TPE, TWTPE",TAIPEI,EGLV,EMC,SC103574,DRY,,10/1/2025,12/31/2025,11/5/2025 9:38,1400,1400,227.3,227.3,1627.3,1627.3
USMEM,USLAX,TWTPE,"Memphis, TN, USMEM",LALB,"Taipei, TPE, TWTPE",TWTPE,ONEY,ONE,CHIM354B25,DRY,1,10/1/2025,12/31/2025,11/5/2025 9:38,1641,1641,227.3,255.71,1868.3,1896.71
USMEM,USLAX,TWTXG,"Memphis, TN, USMEM",LALB,"Taichung, , TWTXG","Kaohsiung, TW",MAEU,Maersk,300094432,DRY,0,10/16/2025,3/31/2026,10/22/2025 19:06,806,806,0,0,806,806
USMEM,USLGB,TWTXG,"Memphis, TN, USMEM",LALB,"Taichung, , TWTXG",TWTXG,OOLU,OOCL,MT256104,DRY,2,10/20/2025,12/31/2025,11/5/2025 9:38,899,899,227.3,255.71,1126.3,1154.71
USMEM,USLAX,TWTXG,"Memphis, TN, USMEM",LALB,"Taichung, , TWTXG",TWTXG,OOLU,OOCL,MT256104,DRY,2,10/20/2025,12/31/2025,11/5/2025 9:38,899,899,227.3,255.71,1126.3,1154.71
USMEM,USSAV,TWTXG,"Memphis, TN, USMEM","Savannah, GA, USSAV","Taichung, , TWTXG","Kaohsiung, TW",MAEU,Maersk,300094432,DRY,0,10/16/2025,3/31/2026,10/22/2025 19:06,935,935,0,0,935,935
USMEM,USLAX,TWTXG,"Memphis, TN, USMEM",LALB,"Taichung, , TWTXG",TWTXG,YMLU,YML,51625,DRY,1,10/27/2025,12/31/2025,11/5/2025 9:38,1000,1000,227.3,227.3,1227.3,1227.3
USMEM,USLAX,TWTXG,"Memphis, TN, USMEM",LALB,"Taichung, , TWTXG",TWKHH,YMLU,YML,51625,DRY,1,10/27/2025,12/31/2025,11/5/2025 9:38,1000,1000,227.3,227.3,1227.3,1227.3
USMEM,USSAV,TWTXG,"Memphis, TN, USMEM","Savannah, GA, USSAV","Taichung, , TWTXG",TWTXG,OOLU,OOCL,MT256104,DRY,2,10/20/2025,12/31/2025,11/5/2025 9:38,1372,1372,227.3,255.71,1599.3,1627.71
USMEM,USCHS,TWTXG,"Memphis, TN, USMEM","Charleston, SC, USCHS","Taichung, , TWTXG",TWTXG,OOLU,OOCL,MT256104,DRY,2,10/20/2025,12/31/2025,11/5/2025 9:38,1372,1372,227.3,255.71,1599.3,1627.71
USMEM,USLAX,TWTXG,"Memphis, TN, USMEM",LALB,"Taichung, , TWTXG",TWTXG,ONEY,ONE,CHIM354B25,DRY,1,10/1/2025,12/31/2025,11/5/2025 9:38,1416,1416,227.3,255.71,1643.3,1671.71
USMEM,USCHS,TWTXG,"Memphis, TN, USMEM","Charleston, SC, USCHS","Taichung, , TWTXG",TWTXG,ONEY,ONE,CHIM354B25,DRY,1,10/1/2025,12/31/2025,11/5/2025 9:38,1464,1464,227.3,255.71,1691.3,1719.71
USMEM,USSAV,TWTXG,"Memphis, TN, USMEM","Savannah, GA, USSAV","Taichung, , TWTXG",TWTXG,ONEY,ONE,CHIM354B25,DRY,1,10/1/2025,12/31/2025,11/5/2025 9:38,1464,1464,227.3,255.71,1691.3,1719.71
USMEM,USLAX,TWTYN,"Memphis, TN, USMEM",LALB,"Taoyuan, , TWTYN",TWTYN,YMLU,YML,51625,DRY,1,10/27/2025,12/31/2025,11/5/2025 9:38,1000,1000,227.3,227.3,1227.3,1227.3
USMEM,USLAX,TWTYN,"Memphis, TN, USMEM",LALB,"Taoyuan, , TWTYN",TWKHH,YMLU,YML,51625,DRY,1,10/27/2025,12/31/2025,11/5/2025 9:38,1050,1050,227.3,227.3,1277.3,1277.3
USMEM,USLAX,TWTYN,"Memphis, TN, USMEM",LALB,"Taoyuan, , TWTYN",TWKEL,YMLU,YML,51625,DRY,1,10/27/2025,12/31/2025,11/5/2025 9:38,1100,1100,227.3,227.3,1327.3,1327.3
USMEM,USLAX,TWTYN,"Memphis, TN, USMEM",LALB,"Taoyuan, , TWTYN",TWTYN,ONEY,ONE,CHIM354B25,DRY,1,10/1/2025,12/31/2025,11/5/2025 9:38,1476,1476,227.3,255.71,1703.3,1731.71
USMEM,USLAX,TWTYN,"Memphis, TN, USMEM",LALB,"Taoyuan, , TWTYN","Kaohsiung, TW",MAEU,Maersk,300094432,DRY,0,10/16/2025,3/31/2026,10/22/2025 19:06,1570,1570,0,0,1570,1570
USMEM,USSAV,TWTYN,"Memphis, TN, USMEM","Savannah, GA, USSAV","Taoyuan, , TWTYN","Kaohsiung, TW",MAEU,Maersk,300094432,DRY,0,10/16/2025,3/31/2026,10/22/2025 19:06,1699,1699,0,0,1699,1699
USMEM,USLAX,VNBDG,"Memphis, TN, USMEM",LALB,"Binh Duong Terminal, 39, VNBDG",VNCMT,YMLU,YML,51625,DRY,1,10/27/2025,12/31/2025,11/5/2025 9:38,1080,1080,177.38,177.38,1257.38,1257.38
USMEM,USLAX,VNCLI,"Memphis, TN, USMEM",LALB,"Cat Lai, 65, VNCLI",VNCMT,YMLU,YML,51625,DRY,1,10/27/2025,12/31/2025,11/5/2025 9:38,850,850,177.38,177.38,1027.38,1027.38
USMEM,USLAX,VNCLI,"Memphis, TN, USMEM",LALB,"Cat Lai, 65, VNCLI",VNCMT,YMLU,YML,51625,DRY,1,10/27/2025,12/31/2025,11/5/2025 9:38,1050,1050,177.38,177.38,1227.38,1227.38
USMEM,USLAX,VNCLI,"Memphis, TN, USMEM",LALB,"Cat Lai, 65, VNCLI",TWKHH,YMLU,YML,51625,DRY,1,10/27/2025,12/31/2025,11/5/2025 9:38,1050,1050,227.3,227.3,1277.3,1277.3
USMEM,USCHS,VNCLI,"Memphis, TN, USMEM","Charleston, SC, USCHS","Cat Lai, 65, VNCLI",VNCLI,YMLU,YML,51625,DRY,1,10/27/2025,12/31/2025,11/5/2025 9:38,1582,1582,177.38,177.38,1759.38,1759.38
USMEM,USSAV,VNCLI,"Memphis, TN, USMEM","Savannah, GA, USSAV","Cat Lai, 65, VNCLI",VNCLI,YMLU,YML,51625,DRY,1,10/27/2025,12/31/2025,11/5/2025 9:38,1583,1583,177.38,177.38,1760.38,1760.38
USMEM,USLAX,VNCMT,"Memphis, TN, USMEM",LALB,"Cai Mep Terminal, 43, VNCMT",VNCMT,YMLU,YML,51625,DRY,1,10/27/2025,12/31/2025,11/5/2025 9:38,900,900,177.38,177.38,1077.38,1077.38
USMEM,USLAX,VNCMT,"Memphis, TN, USMEM",LALB,"Cai Mep Terminal, 43, VNCMT",VNCMT,ONEY,ONE,CHIM354B25,DRY,1,10/1/2025,12/31/2025,11/5/2025 9:38,1141,1141,182.41,182.41,1323.41,1323.41
USMEM,USLAX,VNCMT,"Memphis, TN, USMEM",LALB,"Cai Mep Terminal, 43, VNCMT",SGSIN,YMLU,YML,51625,DRY,1,10/27/2025,12/31/2025,11/5/2025 9:38,1220,1220,268.95,268.95,1488.95,1488.95
USMEM,USSAV,VNCMT,"Memphis, TN, USMEM","Savannah, GA, USSAV","Cai Mep Terminal, 43, VNCMT",VNCMT,ONEY,ONE,CHIM354B25,DRY,1,10/1/2025,12/31/2025,11/5/2025 9:38,1264,1264,182.41,182.41,1446.41,1446.41
USMEM,USCHS,VNCMT,"Memphis, TN, USMEM","Charleston, SC, USCHS","Cai Mep Terminal, 43, VNCMT",VNCMT,ONEY,ONE,CHIM354B25,DRY,1,10/1/2025,12/31/2025,11/5/2025 9:38,1264,1264,182.41,182.41,1446.41,1446.41
USMEM,USSAV,VNDAD,"Memphis, TN, USMEM","Savannah, GA, USSAV","Da Nang, , VNDAD",DA NANG,EGLV,EMC,SC103574,DRY,,10/1/2025,12/31/2025,11/5/2025 9:38,1000,1000,167.59,167.59,1167.59,1167.59
USMEM,USCHS,VNDAD,"Memphis, TN, USMEM","Charleston, SC, USCHS","Da Nang, , VNDAD",DA NANG,EGLV,EMC,SC103574,DRY,,10/1/2025,12/31/2025,11/5/2025 9:38,1000,1000,167.59,167.59,1167.59,1167.59
USMEM,USORF,VNDAD,"Memphis, TN, USMEM","Norfolk, VA, USORF","Da Nang, , VNDAD",DA NANG,EGLV,EMC,SC103574,DRY,,10/1/2025,12/31/2025,11/5/2025 9:38,1000,1000,167.59,167.59,1167.59,1167.59
USMEM,USLAX,VNDAD,"Memphis, TN, USMEM",LALB,"Da Nang, , VNDAD",VNDAD,MAEU,Maersk,300094432,DRY,0,10/16/2025,3/31/2026,11/3/2025 4:10,1016,1016,199.51,199.51,1215.51,1215.51
USMEM,USLAX,VNDAD,"Memphis, TN, USMEM",LALB,"Da Nang, , VNDAD",VNDAD,YMLU,YML,51625,DRY,1,10/27/2025,12/31/2025,11/5/2025 9:38,1025,1025,177.38,177.38,1202.38,1202.38
USMEM,USSAV,VNDAD,"Memphis, TN, USMEM","Savannah, GA, USSAV","Da Nang, , VNDAD",VNDAD,MAEU,Maersk,300094432,DRY,0,10/16/2025,3/31/2026,11/3/2025 4:10,1145,1145,199.51,199.51,1344.51,1344.51
USMEM,USLAX,VNDAD,"Memphis, TN, USMEM",LALB,"Da Nang, , VNDAD",VNDAD,ONEY,ONE,CHIM354B25,DRY,1,10/1/2025,12/31/2025,11/5/2025 9:38,1416,1416,182.41,182.41,1598.41,1598.41
USMEM,USLAX,VNDAD,"Memphis, TN, USMEM",LALB,"Da Nang, , VNDAD",TWKHH,YMLU,YML,51625,DRY,1,10/27/2025,12/31/2025,11/5/2025 9:38,1430,1430,227.3,227.3,1657.3,1657.3
USMEM,USLAX,VNDAD,"Memphis, TN, USMEM",LALB,"Da Nang, , VNDAD",VNCMT,YMLU,YML,51625,DRY,1,10/27/2025,12/31/2025,11/5/2025 9:38,1430,1430,177.38,177.38,1607.38,1607.38
USMEM,USCHS,VNDAD,"Memphis, TN, USMEM","Charleston, SC, USCHS","Da Nang, , VNDAD",VNDAD,ONEY,ONE,CHIM354B25,DRY,1,10/1/2025,12/31/2025,11/5/2025 9:38,1489,1489,182.41,182.41,1671.41,1671.41
USMEM,USSAV,VNDAD,"Memphis, TN, USMEM","Savannah, GA, USSAV","Da Nang, , VNDAD",VNDAD,ONEY,ONE,CHIM354B25,DRY,1,10/1/2025,12/31/2025,11/5/2025 9:38,1489,1489,182.41,182.41,1671.41,1671.41
USMEM,USLAX,VNDAD,"Memphis, TN, USMEM",LALB,"Da Nang, , VNDAD",DA NANG,EGLV,EMC,SC103574,DRY,,10/1/2025,12/31/2025,11/5/2025 9:38,1600,1600,167.59,167.59,1767.59,1767.59
USMEM,USLAX,VNDNA,"Memphis, TN, USMEM",LALB,"Dong Nai, , VNDNA",VNCMT,YMLU,YML,51625,DRY,1,10/27/2025,12/31/2025,11/5/2025 9:38,1080,1080,177.38,177.38,1257.38,1257.38
USMEM,USLAX,VNHPH,"Memphis, TN, USMEM",LALB,"Haiphong, , VNHPH",VNHPH,MAEU,Maersk,300094432,DRY,0,10/16/2025,3/31/2026,10/22/2025 19:06,652,652,0,0,652,652
USMEM,USSAV,VNHPH,"Memphis, TN, USMEM","Savannah, GA, USSAV","Haiphong, , VNHPH",VNHPH,MAEU,Maersk,300094432,DRY,0,10/16/2025,3/31/2026,10/22/2025 19:06,781,781,0,0,781,781
USMEM,USLGB,VNHPH,"Memphis, TN, USMEM",LALB,"Haiphong, , VNHPH",VNHPH,OOLU,OOCL,MT256104,DRY,2,10/20/2025,12/31/2025,11/5/2025 9:38,794,794,143,143,937,937
USMEM,USLAX,VNHPH,"Memphis, TN, USMEM",LALB,"Haiphong, , VNHPH",VNHPH,OOLU,OOCL,MT256104,DRY,2,10/20/2025,12/31/2025,11/5/2025 9:38,794,794,143,143,937,937
USMEM,USLAX,VNHPH,"Memphis, TN, USMEM",LALB,"Haiphong, , VNHPH",VNHPH,YMLU,YML,51625,DRY,1,10/27/2025,12/31/2025,11/5/2025 9:38,850,850,177.38,177.38,1027.38,1027.38
USMEM,USSAV,VNHPH,"Memphis, TN, USMEM","Savannah, GA, USSAV","Haiphong, , VNHPH",HAIPHONG,EGLV,EMC,SC103574,DRY,,10/1/2025,12/31/2025,11/5/2025 9:38,1000,1000,167.59,167.59,1167.59,1167.59
USMEM,USORF,VNHPH,"Memphis, TN, USMEM","Norfolk, VA, USORF","Haiphong, , VNHPH",HAIPHONG,EGLV,EMC,SC103574,DRY,,10/1/2025,12/31/2025,11/5/2025 9:38,1000,1000,167.59,167.59,1167.59,1167.59
USMEM,USCHS,VNHPH,"Memphis, TN, USMEM","Charleston, SC, USCHS","Haiphong, , VNHPH",HAIPHONG,EGLV,EMC,SC103574,DRY,,10/1/2025,12/31/2025,11/5/2025 9:38,1000,1000,167.59,167.59,1167.59,1167.59
USMEM,USSAV,VNHPH,"Memphis, TN, USMEM","Savannah, GA, USSAV","Haiphong, , VNHPH",VNHPH,ONEY,ONE,CHIM354B25,DRY,1,10/1/2025,12/31/2025,11/5/2025 9:38,1064,1064,182.41,182.41,1246.41,1246.41
USMEM,USCHS,VNHPH,"Memphis, TN, USMEM","Charleston, SC, USCHS","Haiphong, , VNHPH",VNHPH,ONEY,ONE,CHIM354B25,DRY,1,10/1/2025,12/31/2025,11/5/2025 9:38,1064,1064,182.41,182.41,1246.41,1246.41
USMEM,USSAV,VNHPH,"Memphis, TN, USMEM","Savannah, GA, USSAV","Haiphong, , VNHPH",VNHPH,OOLU,OOCL,MT256104,DRY,2,10/20/2025,12/31/2025,11/5/2025 9:38,1167,1167,143,143,1310,1310
USMEM,USCHS,VNHPH,"Memphis, TN, USMEM","Charleston, SC, USCHS","Haiphong, , VNHPH",VNHPH,OOLU,OOCL,MT256104,DRY,2,10/20/2025,12/31/2025,11/5/2025 9:38,1167,1167,143,143,1310,1310
USMEM,USLAX,VNHPH,"Memphis, TN, USMEM",LALB,"Haiphong, , VNHPH",VNHPH,ONEY,ONE,CHIM354B25,DRY,1,10/1/2025,12/31/2025,11/5/2025 9:38,1416,1416,182.41,182.41,1598.41,1598.41
USMEM,USCHS,VNHPH,"Memphis, TN, USMEM","Charleston, SC, USCHS","Haiphong, , VNHPH",VNHPH,YMLU,YML,51625,DRY,1,10/27/2025,12/31/2025,11/5/2025 9:38,1582,1582,177.38,177.38,1759.38,1759.38
USMEM,USSAV,VNHPH,"Memphis, TN, USMEM","Savannah, GA, USSAV","Haiphong, , VNHPH",VNHPH,YMLU,YML,51625,DRY,1,10/27/2025,12/31/2025,11/5/2025 9:38,1583,1583,177.38,177.38,1760.38,1760.38
USMEM,USLAX,VNHPH,"Memphis, TN, USMEM",LALB,"Haiphong, , VNHPH",VNCMT,YMLU,YML,51625,DRY,1,10/27/2025,12/31/2025,11/5/2025 9:38,1600,1600,177.38,177.38,1777.38,1777.38
USMEM,USLAX,VNHPH,"Memphis, TN, USMEM",LALB,"Haiphong, , VNHPH",HAIPHONG,EGLV,EMC,SC103574,DRY,,10/1/2025,12/31/2025,11/5/2025 9:38,1600,1600,167.59,167.59,1767.59,1767.59
USMEM,USLAX,VNHPH,"Memphis, TN, USMEM",LALB,"Haiphong, , VNHPH",CNNBG,YMLU,YML,51625,DRY,1,10/27/2025,12/31/2025,11/5/2025 9:38,1600,1600,224.8,224.8,1824.8,1824.8
USMEM,USLAX,VNHPH,"Memphis, TN, USMEM",LALB,"Haiphong, , VNHPH",CNSHG,YMLU,YML,51625,DRY,1,10/27/2025,12/31/2025,11/5/2025 9:38,1600,1600,224.8,224.8,1824.8,1824.8
USMEM,USLAX,VNHPH,"Memphis, TN, USMEM",LALB,"Haiphong, , VNHPH",SGSIN,YMLU,YML,51625,DRY,1,10/27/2025,12/31/2025,11/5/2025 9:38,1700,1700,268.95,268.95,1968.95,1968.95
USMEM,USLAX,VNIPH,"Memphis, TN, USMEM",LALB,"Phuoc Long ICD, , VNIPH",VNCMT,YMLU,YML,51625,DRY,1,10/27/2025,12/31/2025,11/5/2025 9:38,1045,1045,177.38,177.38,1222.38,1222.38
USMEM,USLAX,VNNHD,"Memphis, TN, USMEM",LALB,"Nam Hai Dinh Vu Port, HP, VNNHD",VNNHD,YMLU,YML,51625,DRY,1,10/27/2025,12/31/2025,11/5/2025 9:38,850,850,0,0,850,850
USMEM,USLAX,VNSGN,"Memphis, TN, USMEM",LALB,"Ho Chi Minh City, , VNSGN",VNSGN,MAEU,Maersk,300094432,DRY,0,10/16/2025,3/31/2026,10/22/2025 19:06,652,652,0,0,652,652
USMEM,USSAV,VNSGN,"Memphis, TN, USMEM","Savannah, GA, USSAV","Ho Chi Minh City, , VNSGN",VNSGN,MAEU,Maersk,300094432,DRY,0,10/16/2025,3/31/2026,10/22/2025 19:06,781,781,0,0,781,781
USMEM,USLGB,VNSGN,"Memphis, TN, USMEM",LALB,"Ho Chi Minh City, , VNSGN",VNSGN,OOLU,OOCL,MT256104,DRY,2,10/20/2025,12/31/2025,11/5/2025 9:38,844,844,143,143,987,987
USMEM,USLAX,VNSGN,"Memphis, TN, USMEM",LALB,"Ho Chi Minh City, , VNSGN",VNSGN,OOLU,OOCL,MT256104,DRY,2,10/20/2025,12/31/2025,11/5/2025 9:38,844,844,143,143,987,987
USMEM,USSAV,VNSGN,"Memphis, TN, USMEM","Savannah, GA, USSAV","Ho Chi Minh City, , VNSGN",VNCMT,ONEY,ONE,CHIM354B25,DRY,1,10/1/2025,12/31/2025,11/5/2025 9:38,964,964,182.41,182.41,1146.41,1146.41
USMEM,USCHS,VNSGN,"Memphis, TN, USMEM","Charleston, SC, USCHS","Ho Chi Minh City, , VNSGN",VNCMT,ONEY,ONE,CHIM354B25,DRY,1,10/1/2025,12/31/2025,11/5/2025 9:38,964,964,182.41,182.41,1146.41,1146.41
USMEM,USLAX,VNSGN,"Memphis, TN, USMEM",LALB,"Ho Chi Minh City, , VNSGN",VNCMT,YMLU,YML,51625,DRY,1,10/27/2025,12/31/2025,11/5/2025 9:38,980,980,177.38,177.38,1157.38,1157.38
USMEM,USLAX,VNSGN,"Memphis, TN, USMEM",LALB,"Ho Chi Minh City, , VNSGN",VNSGN,YMLU,YML,51625,DRY,1,10/27/2025,12/31/2025,11/5/2025 9:38,980,980,177.38,177.38,1157.38,1157.38
USMEM,USCHS,VNSGN,"Memphis, TN, USMEM","Charleston, SC, USCHS","Ho Chi Minh City, , VNSGN",HO CHI MINH,EGLV,EMC,SC103574,DRY,,10/1/2025,12/31/2025,11/5/2025 9:38,1000,1000,167.59,167.59,1167.59,1167.59
USMEM,USORF,VNSGN,"Memphis, TN, USMEM","Norfolk, VA, USORF","Ho Chi Minh City, , VNSGN",HO CHI MINH,EGLV,EMC,SC103574,DRY,,10/1/2025,12/31/2025,11/5/2025 9:38,1000,1000,167.59,167.59,1167.59,1167.59
USMEM,USSAV,VNSGN,"Memphis, TN, USMEM","Savannah, GA, USSAV","Ho Chi Minh City, , VNSGN",HO CHI MINH,EGLV,EMC,SC103574,DRY,,10/1/2025,12/31/2025,11/5/2025 9:38,1000,1000,167.59,167.59,1167.59,1167.59
USMEM,USLAX,VNSGN,"Memphis, TN, USMEM",LALB,"Ho Chi Minh City, , VNSGN",VNSGN,ONEY,ONE,CHIM354B25,DRY,1,10/1/2025,12/31/2025,11/5/2025 9:38,1141,1141,182.41,182.41,1323.41,1323.41
USMEM,USCHS,VNSGN,"Memphis, TN, USMEM","Charleston, SC, USCHS","Ho Chi Minh City, , VNSGN",VNSGN,OOLU,OOCL,MT256104,DRY,2,10/20/2025,12/31/2025,11/5/2025 9:38,1142,1142,143,143,1285,1285
USMEM,USSAV,VNSGN,"Memphis, TN, USMEM","Savannah, GA, USSAV","Ho Chi Minh City, , VNSGN",VNSGN,OOLU,OOCL,MT256104,DRY,2,10/20/2025,12/31/2025,11/5/2025 9:38,1142,1142,143,143,1285,1285
USMEM,USLAX,VNSGN,"Memphis, TN, USMEM",LALB,"Ho Chi Minh City, , VNSGN",HO CHI MINH,EGLV,EMC,SC103574,DRY,,10/1/2025,12/31/2025,11/5/2025 9:38,1600,1600,167.59,167.59,1767.59,1767.59
USMEM,USCHS,VNTOT,"Memphis, TN, USMEM","Charleston, SC, USCHS","Cai Mep, 43, VNTOT",CAI MEP,EGLV,EMC,SC103574,DRY,,10/1/2025,12/31/2025,11/5/2025 9:38,1000,1000,167.59,167.59,1167.59,1167.59
USMEM,USSAV,VNTOT,"Memphis, TN, USMEM","Savannah, GA, USSAV","Cai Mep, 43, VNTOT",CAI MEP,EGLV,EMC,SC103574,DRY,,10/1/2025,12/31/2025,11/5/2025 9:38,1000,1000,167.59,167.59,1167.59,1167.59
USMEM,USORF,VNTOT,"Memphis, TN, USMEM","Norfolk, VA, USORF","Cai Mep, 43, VNTOT",CAI MEP,EGLV,EMC,SC103574,DRY,,10/1/2025,12/31/2025,11/5/2025 9:38,1000,1000,167.59,167.59,1167.59,1167.59
USMEM,USLAX,VNTOT,"Memphis, TN, USMEM",LALB,"Cai Mep, 43, VNTOT",CAI MEP,EGLV,EMC,SC103574,DRY,,10/1/2025,12/31/2025,11/5/2025 9:38,1600,1600,167.59,167.59,1767.59,1767.59
USMEM,USLAX,VNTTH,"Memphis, TN, USMEM",LALB,"Tan Thanh, 43, VNTTH",VNTTH,OOLU,OOCL,MT256104,DRY,2,10/20/2025,12/31/2025,11/5/2025 9:38,794,794,143,143,937,937
USMEM,USLGB,VNTTH,"Memphis, TN, USMEM",LALB,"Tan Thanh, 43, VNTTH",VNTTH,OOLU,OOCL,MT256104,DRY,2,10/20/2025,12/31/2025,11/5/2025 9:38,794,794,143,143,937,937
USMEM,USSAV,VNTTH,"Memphis, TN, USMEM","Savannah, GA, USSAV","Tan Thanh, 43, VNTTH",VNTTH,OOLU,OOCL,MT256104,DRY,2,10/20/2025,12/31/2025,11/5/2025 9:38,1167,1167,143,143,1310,1310
USMEM,USCHS,VNTTH,"Memphis, TN, USMEM","Charleston, SC, USCHS","Tan Thanh, 43, VNTTH",VNTTH,OOLU,OOCL,MT256104,DRY,2,10/20/2025,12/31/2025,11/5/2025 9:38,1167,1167,143,143,1310,1310
USMEM,USLAX,VNVUT,"Memphis, TN, USMEM",LALB,"Vung Tau, 43, VNVUT",VNVUT,MAEU,Maersk,300094432,DRY,0,10/16/2025,3/31/2026,10/22/2025 19:06,1170,1170,0,0,1170,1170
USMEM,USSAV,VNVUT,"Memphis, TN, USMEM","Savannah, GA, USSAV","Vung Tau, 43, VNVUT",VNVUT,MAEU,Maersk,300094432,DRY,0,10/16/2025,3/31/2026,10/22/2025 19:06,1299,1299,0,0,1299,1299
USMEM,USSAV,ZACPT,"Memphis, TN, USMEM","Savannah, GA, USSAV","Cape Town, , ZACPT",ZACPT,ONEY,ONE,CHIM354B25,DRY,1,10/1/2025,12/31/2025,11/5/2025 4:10,3395,3395,371.98,371.98,3766.98,3766.98
USMEM,USLAX,ZACPT,"Memphis, TN, USMEM",LALB,"Cape Town, , ZACPT",ZACPT,ONEY,ONE,CHIM354B25,DRY,1,6/10/2025,3/31/2026,11/5/2025 4:10,5960,5960,371.98,371.98,6331.98,6331.98
USMEM,USSAV,ZADUR,"Memphis, TN, USMEM","Savannah, GA, USSAV","Durban, , ZADUR",ZADUR,ONEY,ONE,CHIM354B25,DRY,1,10/1/2025,12/31/2025,11/5/2025 4:10,3095,3095,371.98,371.98,3466.98,3466.98
USMEM,USLAX,ZADUR,"Memphis, TN, USMEM",LALB,"Durban, , ZADUR",ZADUR,ONEY,ONE,CHIM354B25,DRY,1,6/10/2025,3/31/2026,11/5/2025 4:10,5960,5960,371.98,371.98,6331.98,6331.98
USORF,USORF,AEJEA,"Norfolk, VA, USORF","Norfolk, VA, USORF","Jebel Ali, , AEJEA",CNSHG,YMLU,YML,51625,DRY,1,10/27/2025,12/31/2025,11/5/2025 9:38,2422.5,2422.5,224.8,224.8,2647.3,2647.3
USORF,USORF,AEJEA,"Norfolk, VA, USORF","Norfolk, VA, USORF","Jebel Ali, , AEJEA",CNNBG,YMLU,YML,51625,DRY,1,10/27/2025,12/31/2025,11/5/2025 9:38,2422.5,2422.5,224.8,224.8,2647.3,2647.3
USORF,USORF,BDCGP,"Norfolk, VA, USORF","Norfolk, VA, USORF","Chattogram/Chittagong, , BDCGP",CHATTOGRAM,EGLV,EMC,SC103574,DRY,,10/1/2025,12/31/2025,11/5/2025 9:38,1700,1700,0,0,1700,1700
USORF,USORF,BDCGP,"Norfolk, VA, USORF","Norfolk, VA, USORF","Chattogram/Chittagong, , BDCGP",BDCGP,OOLU,OOCL,MT256104,DRY,2,10/20/2025,12/31/2025,11/5/2025 9:38,1717,1717,65,65,1782,1782
USORF,USORF,BDCGP,"Norfolk, VA, USORF","Norfolk, VA, USORF","Chattogram/Chittagong, , BDCGP",BDCGP,ONEY,ONE,CHIM354B25,DRY,1,10/1/2025,12/31/2025,11/5/2025 9:38,1814,1814,150,150,1964,1964
USORF,USORF,BDCGP,"Norfolk, VA, USORF","Norfolk, VA, USORF","Chattogram/Chittagong, , BDCGP",BDCGP,MAEU,Maersk,300094432,DRY,0,10/16/2025,3/31/2026,11/5/2025 9:38,2537,2537,0,0,2537,2537
USORF,USORF,CLARI,"Norfolk, VA, USORF","Norfolk, VA, USORF","Arica, TA, CLARI",CLARI,ONEY,ONE,CHIM354B25,DRY,1,10/1/2025,12/31/2025,11/5/2025 9:38,2568,2568,150,150,2718,2718
USORF,USORF,CLSAI,"Norfolk, VA, USORF","Norfolk, VA, USORF","San Antonio, VS, CLSAI",CLSAI,ONEY,ONE,CHIM354B25,DRY,1,10/1/2025,12/31/2025,11/5/2025 9:38,1968,1968,150,150,2118,2118
USORF,USORF,CNAQG,"Norfolk, VA, USORF","Norfolk, VA, USORF","Anqing Pt, 34, CNAQG",CNSHG,YMLU,YML,51625,DRY,1,10/27/2025,12/31/2025,11/5/2025 9:38,722.5,722.5,224.8,224.8,947.3,947.3
USORF,USORF,CNAQG,"Norfolk, VA, USORF","Norfolk, VA, USORF","Anqing Pt, 34, CNAQG",CNAQG,MAEU,Maersk,300094432,DRY,0,10/16/2025,3/31/2026,11/5/2025 9:38,872.73,872.73,0,0,872.73,872.73
USORF,USORF,CNAQG,"Norfolk, VA, USORF","Norfolk, VA, USORF","Anqing Pt, 34, CNAQG",CNAQG,ONEY,ONE,CHIM354B25,DRY,1,10/1/2025,12/31/2025,11/5/2025 9:38,1014,1014,120.97,120.97,1134.97,1134.97
USORF,USORF,CNCAN,"Norfolk, VA, USORF","Norfolk, VA, USORF","Guangzhou Baiyun, 44, CNCAN",CNCAN,ONEY,ONE,CHIM354B25,DRY,1,10/1/2025,12/31/2025,11/5/2025 9:38,1064,1064,170.85,170.85,1234.85,1234.85
USORF,USORF,CNCGS,"Norfolk, VA, USORF","Norfolk, VA, USORF","Changshu Pt, 37, CNCGS",CNSHG,YMLU,YML,51625,DRY,1,10/27/2025,12/31/2025,11/5/2025 9:38,712.5,712.5,224.8,224.8,937.3,937.3
USORF,USORF,CNCGU,"Norfolk, VA, USORF","Norfolk, VA, USORF","Changshu, 32, CNCGU",CNCGU,ONEY,ONE,CHIM354B25,DRY,1,10/1/2025,12/31/2025,11/5/2025 9:38,914,914,116.33,116.33,1030.33,1030.33
USORF,USORF,CNCHQ,"Norfolk, VA, USORF","Norfolk, VA, USORF","Chongqing Pt, 50, CNCHQ",CNCHQ,MAEU,Maersk,300094432,DRY,0,10/16/2025,3/31/2026,11/5/2025 9:38,552.73,552.73,0,0,552.73,552.73
USORF,USORF,CNCHQ,"Norfolk, VA, USORF","Norfolk, VA, USORF","Chongqing Pt, 50, CNCHQ",CNSHG,YMLU,YML,51625,DRY,1,10/27/2025,12/31/2025,11/5/2025 9:38,1282.5,1282.5,224.8,224.8,1507.3,1507.3
USORF,USORF,CNCKG,"Norfolk, VA, USORF","Norfolk, VA, USORF","Chongqing Jiangbei, 51, CNCKG",CNCKG,ONEY,ONE,CHIM354B25,DRY,1,10/1/2025,12/31/2025,11/5/2025 9:38,1124,1124,116.33,116.33,1240.33,1240.33
USORF,USORF,CNCNA,"Norfolk, VA, USORF","Norfolk, VA, USORF","Changsha, 44, CNCNA",CNSHG,YMLU,YML,51625,DRY,1,10/27/2025,12/31/2025,11/5/2025 9:38,1327.5,1327.5,224.8,224.8,1552.3,1552.3
USORF,USORF,CNCZX,"Norfolk, VA, USORF","Norfolk, VA, USORF","Changzhou Pt, 32, CNCZX",CNSHG,YMLU,YML,51625,DRY,1,10/27/2025,12/31/2025,11/5/2025 9:38,712.5,712.5,224.8,224.8,937.3,937.3
USORF,USORF,CNCZX,"Norfolk, VA, USORF","Norfolk, VA, USORF","Changzhou Pt, 32, CNCZX",CNCZX,MAEU,Maersk,300094432,DRY,0,10/16/2025,3/31/2026,11/5/2025 9:38,846.73,846.73,0,0,846.73,846.73
USORF,USORF,CNDAG,"Norfolk, VA, USORF","Norfolk, VA, USORF","Dalian Pt, 34, CNDAG",CNDAG,MAEU,Maersk,300094432,DRY,0,10/16/2025,3/31/2026,11/5/2025 9:38,398.05,398.05,0,0,398.05,398.05
USORF,USORF,CNDAG,"Norfolk, VA, USORF","Norfolk, VA, USORF","Dalian Pt, 34, CNDAG",CNDAG,YMLU,YML,51625,DRY,1,10/27/2025,12/31/2025,11/5/2025 9:38,407.5,407.5,224.8,224.8,632.3,632.3
USORF,USORF,CNDAG,"Norfolk, VA, USORF","Norfolk, VA, USORF","Dalian Pt, 34, CNDAG",CNDAG,OOLU,OOCL,MT256104,DRY,2,10/20/2025,12/31/2025,11/5/2025 9:38,617,617,159.19,159.19,776.19,776.19
USORF,USORF,CNDFG,"Norfolk, VA, USORF","Norfolk, VA, USORF","Dafeng Pt, 22, CNDFG",CNDFG,MAEU,Maersk,300094432,DRY,0,10/16/2025,3/31/2026,11/5/2025 9:38,490.73,490.73,0,0,490.73,490.73
USORF,USORF,CNDFG,"Norfolk, VA, USORF","Norfolk, VA, USORF","Dafeng Pt, 22, CNDFG",CNSHG,YMLU,YML,51625,DRY,1,10/27/2025,12/31/2025,11/5/2025 9:38,792.5,792.5,224.8,224.8,1017.3,1017.3
USORF,USORF,CNDOU,"Norfolk, VA, USORF","Norfolk, VA, USORF","Doumen Pt, 44, CNDOU",CNDOU,ONEY,ONE,CHIM354B25,DRY,1,10/1/2025,12/31/2025,11/5/2025 9:38,964,964,170.85,170.85,1134.85,1134.85
USORF,USORF,CNFOC,"Norfolk, VA, USORF","Norfolk, VA, USORF","Fuzhou Changle, 35, CNFOC",CNFOC,ONEY,ONE,CHIM354B25,DRY,1,10/1/2025,12/31/2025,11/5/2025 9:38,1089,1089,116.19,116.19,1205.19,1205.19
USORF,USORF,CNFZG,"Norfolk, VA, USORF","Norfolk, VA, USORF","Fuzhou Pt, 23, CNFZG",CNFZG,MAEU,Maersk,300094432,DRY,0,10/16/2025,3/31/2026,11/5/2025 9:38,398.05,398.05,0,0,398.05,398.05
USORF,USORF,CNFZG,"Norfolk, VA, USORF","Norfolk, VA, USORF","Fuzhou Pt, 23, CNFZG",CNNBG,YMLU,YML,51625,DRY,1,10/27/2025,12/31/2025,11/5/2025 9:38,882.5,882.5,224.8,224.8,1107.3,1107.3
USORF,USORF,CNGOM,"Norfolk, VA, USORF","Norfolk, VA, USORF","Gaoming Pt, 44, CNGOM",CNGOM,MAEU,Maersk,300094432,DRY,0,10/16/2025,3/31/2026,11/5/2025 9:38,859.05,859.05,0,0,859.05,859.05
USORF,USORF,CNGON,"Norfolk, VA, USORF","Norfolk, VA, USORF","Gaolan, 44, CNGON",CNGON,ONEY,ONE,CHIM354B25,DRY,1,10/1/2025,12/31/2025,11/5/2025 9:38,1014,1014,170.85,170.85,1184.85,1184.85
USORF,USORF,CNGZG,"Norfolk, VA, USORF","Norfolk, VA, USORF","Guangzhou Pt, 22, CNGZG",CNYTN,YMLU,YML,51625,DRY,1,10/27/2025,12/31/2025,11/5/2025 9:38,817.5,817.5,224.8,224.8,1042.3,1042.3
USORF,USORF,CNHFI,"Norfolk, VA, USORF","Norfolk, VA, USORF","Hefei, 34, CNHFI",CNSHG,YMLU,YML,51625,DRY,1,10/27/2025,12/31/2025,11/5/2025 9:38,1772.5,1772.5,224.8,224.8,1997.3,1997.3
USORF,USORF,CNHSI,"Norfolk, VA, USORF","Norfolk, VA, USORF","Huangshi Pt, 42, CNHSI",CNSHG,YMLU,YML,51625,DRY,1,10/27/2025,12/31/2025,11/5/2025 9:38,852.5,852.5,224.8,224.8,1077.3,1077.3
USORF,USORF,CNHUA,"Norfolk, VA, USORF","Norfolk, VA, USORF","Huangpu Pt, 44, CNHUA",CNHUA,MAEU,Maersk,300094432,DRY,0,10/16/2025,3/31/2026,11/5/2025 9:38,561.05,561.05,0,0,561.05,561.05
USORF,USORF,CNHUA,"Norfolk, VA, USORF","Norfolk, VA, USORF","Huangpu Pt, 44, CNHUA",CNHUA,OOLU,OOCL,MT256104,DRY,2,10/20/2025,12/31/2025,11/5/2025 9:38,622,622,159.19,159.19,781.19,781.19
USORF,USORF,CNHUA,"Norfolk, VA, USORF","Norfolk, VA, USORF","Huangpu Pt, 44, CNHUA",CNHUA,ONEY,ONE,CHIM354B25,DRY,1,10/1/2025,12/31/2025,11/5/2025 9:38,624,624,170.85,170.85,794.85,794.85
USORF,USORF,CNHUA,"Norfolk, VA, USORF","Norfolk, VA, USORF","Huangpu Pt, 44, CNHUA",CNYTN,YMLU,YML,51625,DRY,1,10/27/2025,12/31/2025,11/5/2025 9:38,817.5,817.5,224.8,224.8,1042.3,1042.3
USORF,USORF,CNHZH,"Norfolk, VA, USORF","Norfolk, VA, USORF","Huzhou Pt, 33, CNHZH",CNSHG,YMLU,YML,51625,DRY,1,10/27/2025,12/31/2025,11/5/2025 9:38,647.5,647.5,224.8,224.8,872.3,872.3
USORF,USORF,CNJIA,"Norfolk, VA, USORF","Norfolk, VA, USORF","Jiangyin Pt, 32, CNJIA",CNJIA,MAEU,Maersk,300094432,DRY,0,10/16/2025,3/31/2026,11/5/2025 9:38,709.73,709.73,0,0,709.73,709.73
USORF,USORF,CNJIA,"Norfolk, VA, USORF","Norfolk, VA, USORF","Jiangyin Pt, 32, CNJIA",CNSHG,YMLU,YML,51625,DRY,1,10/27/2025,12/31/2025,11/5/2025 9:38,712.5,712.5,224.8,224.8,937.3,937.3
USORF,USORF,CNJIU,"Norfolk, VA, USORF","Norfolk, VA, USORF","Jiujiang Pt, 36, CNJIU",CNSHG,YMLU,YML,51625,DRY,1,10/27/2025,12/31/2025,11/5/2025 9:38,842.5,842.5,224.8,224.8,1067.3,1067.3
USORF,USORF,CNJIU,"Norfolk, VA, USORF","Norfolk, VA, USORF","Jiujiang Pt, 36, CNJIU",CNJIU,MAEU,Maersk,300094432,DRY,0,10/16/2025,3/31/2026,11/5/2025 9:38,1671.78,1671.78,0,0,1671.78,1671.78
USORF,USORF,CNJMN,"Norfolk, VA, USORF","Norfolk, VA, USORF","Jiangmen Pt, 44, CNJMN",CNJMN,MAEU,Maersk,300094432,DRY,0,10/16/2025,3/31/2026,11/5/2025 9:38,829.05,829.05,0,0,829.05,829.05
USORF,USORF,CNJZK,"Norfolk, VA, USORF","Norfolk, VA, USORF","Jingzhou Pt, 42, CNJZK",CNSHG,YMLU,YML,51625,DRY,1,10/27/2025,12/31/2025,11/5/2025 9:38,862.5,862.5,224.8,224.8,1087.3,1087.3
USORF,USORF,CNKHN,"Norfolk, VA, USORF","Norfolk, VA, USORF","Nanchang Changbei, 36, CNKHN",CNSHG,YMLU,YML,51625,DRY,1,10/27/2025,12/31/2025,11/5/2025 9:38,922.5,922.5,224.8,224.8,1147.3,1147.3
USORF,USORF,CNKUS,"Norfolk, VA, USORF","Norfolk, VA, USORF","Kunshan, 32, CNKUS",CNSHG,YMLU,YML,51625,DRY,1,10/27/2025,12/31/2025,11/5/2025 9:38,872.5,872.5,224.8,224.8,1097.3,1097.3
USORF,USORF,CNLYG,"Norfolk, VA, USORF","Norfolk, VA, USORF","Lianyungang, 32, CNLYG",CNLYG,MAEU,Maersk,300094432,DRY,0,10/16/2025,3/31/2026,11/5/2025 9:38,361.05,361.05,0,0,361.05,361.05
USORF,USORF,CNLYG,"Norfolk, VA, USORF","Norfolk, VA, USORF","Lianyungang, 32, CNLYG",CNLYG,ONEY,ONE,CHIM354B25,DRY,1,10/1/2025,12/31/2025,11/5/2025 9:38,639,639,117.04,117.04,756.04,756.04
USORF,USORF,CNLYG,"Norfolk, VA, USORF","Norfolk, VA, USORF","Lianyungang, 32, CNLYG",CNSHG,YMLU,YML,51625,DRY,1,10/27/2025,12/31/2025,11/5/2025 9:38,797.5,797.5,224.8,224.8,1022.3,1022.3
USORF,USORF,CNLYG,"Norfolk, VA, USORF","Norfolk, VA, USORF","Lianyungang, 32, CNLYG",CNNBG,YMLU,YML,51625,DRY,1,10/27/2025,12/31/2025,11/5/2025 9:38,797.5,797.5,224.8,224.8,1022.3,1022.3
USORF,USORF,CNLZU,"Norfolk, VA, USORF","Norfolk, VA, USORF","Luzhou, 51, CNLZU",CNSHG,YMLU,YML,51625,DRY,1,10/27/2025,12/31/2025,11/5/2025 9:38,1322.5,1322.5,224.8,224.8,1547.3,1547.3
USORF,USORF,CNMAA,"Norfolk, VA, USORF","Norfolk, VA, USORF","Maanshan Pt, 34, CNMAA",CNSHG,YMLU,YML,51625,DRY,1,10/27/2025,12/31/2025,11/5/2025 9:38,722.5,722.5,224.8,224.8,947.3,947.3
USORF,USORF,CNNBG,"Norfolk, VA, USORF","Norfolk, VA, USORF","Ningbo Pt, 33, CNNBG",CNNBG,YMLU,YML,51625,DRY,1,10/27/2025,12/31/2025,11/5/2025 9:38,107.5,107.5,224.8,224.8,332.3,332.3
USORF,USORF,CNNBG,"Norfolk, VA, USORF","Norfolk, VA, USORF","Ningbo Pt, 33, CNNBG",CNNBG,MAEU,Maersk,300094432,DRY,0,10/16/2025,3/31/2026,11/5/2025 9:38,221.05,221.05,0,0,221.05,221.05
USORF,USORF,CNNBG,"Norfolk, VA, USORF","Norfolk, VA, USORF","Ningbo Pt, 33, CNNBG",CNNBG,OOLU,OOCL,MT256104,DRY,2,10/20/2025,12/31/2025,11/5/2025 9:38,267,267,160.87,160.87,427.87,427.87
USORF,USORF,CNNBG,"Norfolk, VA, USORF","Norfolk, VA, USORF","Ningbo Pt, 33, CNNBG",CNNBG,YMLU,YML,51625,DRY,1,10/27/2025,12/31/2025,11/5/2025 9:38,382.5,382.5,224.8,224.8,607.3,607.3
USORF,USORF,CNNBG,"Norfolk, VA, USORF","Norfolk, VA, USORF","Ningbo Pt, 33, CNNBG","NINGBO, CHINA",EGLV,EMC,SC103574,DRY,,10/1/2025,12/31/2025,11/5/2025 9:38,450,450,0,0,450,450
USORF,USORF,CNNBG,"Norfolk, VA, USORF","Norfolk, VA, USORF","Ningbo Pt, 33, CNNBG",CNNBG,ONEY,ONE,CHIM354B25,DRY,1,10/1/2025,12/31/2025,11/5/2025 9:38,574,574,120.69,120.69,694.69,694.69
USORF,USORF,CNNBG,"Norfolk, VA, USORF","Norfolk, VA, USORF","Ningbo Pt, 33, CNNBG",SGSIN,YMLU,YML,51625,DRY,1,10/27/2025,12/31/2025,11/5/2025 9:38,642.5,642.5,268.95,268.95,911.45,911.45
USORF,USORF,CNNJG,"Norfolk, VA, USORF","Norfolk, VA, USORF","Nanjing Pt, 35, CNNJG",CNSHG,YMLU,YML,51625,DRY,1,10/27/2025,12/31/2025,11/5/2025 9:38,712.5,712.5,224.8,224.8,937.3,937.3
USORF,USORF,CNNJG,"Norfolk, VA, USORF","Norfolk, VA, USORF","Nanjing Pt, 35, CNNJG",CNNJG,MAEU,Maersk,300094432,DRY,0,10/16/2025,3/31/2026,11/5/2025 9:38,713.73,713.73,0,0,713.73,713.73
USORF,USORF,CNNJP,"Norfolk, VA, USORF","Norfolk, VA, USORF","Nanjing Pt, 32, CNNJP",CNSHG,YMLU,YML,51625,DRY,1,10/27/2025,12/31/2025,11/5/2025 9:38,712.5,712.5,224.8,224.8,937.3,937.3
USORF,USORF,CNNKG,"Norfolk, VA, USORF","Norfolk, VA, USORF","Nanjing Lukou, 32, CNNKG",CNSHG,YMLU,YML,51625,DRY,1,10/27/2025,12/31/2025,11/5/2025 9:38,712.5,712.5,224.8,224.8,937.3,937.3
USORF,USORF,CNNKG,"Norfolk, VA, USORF","Norfolk, VA, USORF","Nanjing Lukou, 32, CNNKG",CNNKG,ONEY,ONE,CHIM354B25,DRY,1,10/1/2025,12/31/2025,11/5/2025 9:38,799,799,116.33,116.33,915.33,915.33
USORF,USORF,CNNSA,"Norfolk, VA, USORF","Norfolk, VA, USORF","Nansha Pt, 44, CNNSA",CNNSA,ONEY,ONE,CHIM354B25,DRY,1,10/1/2025,12/31/2025,11/5/2025 9:38,939,939,170.85,170.85,1109.85,1109.85
USORF,USORF,CNNTG,"Norfolk, VA, USORF","Norfolk, VA, USORF","Nantong Pt, 32, CNNTG",CNNTG,MAEU,Maersk,300094432,DRY,0,10/16/2025,3/31/2026,11/5/2025 9:38,360.73,360.73,0,0,360.73,360.73
USORF,USORF,CNNTG,"Norfolk, VA, USORF","Norfolk, VA, USORF","Nantong Pt, 32, CNNTG",CNNTG,ONEY,ONE,CHIM354B25,DRY,1,10/1/2025,12/31/2025,11/5/2025 9:38,674,674,116.33,116.33,790.33,790.33
USORF,USORF,CNNTG,"Norfolk, VA, USORF","Norfolk, VA, USORF","Nantong Pt, 32, CNNTG",CNSHG,YMLU,YML,51625,DRY,1,10/27/2025,12/31/2025,11/5/2025 9:38,712.5,712.5,224.8,224.8,937.3,937.3
USORF,USORF,CNQDG,"Norfolk, VA, USORF","Norfolk, VA, USORF","Qingdao Pt, 32, CNQDG",CNQDG,MAEU,Maersk,300094432,DRY,0,10/16/2025,3/31/2026,11/5/2025 9:38,121.05,121.05,0,0,121.05,121.05
USORF,USORF,CNQDG,"Norfolk, VA, USORF","Norfolk, VA, USORF","Qingdao Pt, 32, CNQDG",CNQDG,OOLU,OOCL,MT256104,DRY,2,10/20/2025,12/31/2025,11/5/2025 9:38,327,327,190.8,190.8,517.8,517.8
USORF,USORF,CNQDG,"Norfolk, VA, USORF","Norfolk, VA, USORF","Qingdao Pt, 32, CNQDG",CNQDG,YMLU,YML,51625,DRY,1,10/27/2025,12/31/2025,11/5/2025 9:38,382.5,382.5,224.8,224.8,607.3,607.3
USORF,USORF,CNQDG,"Norfolk, VA, USORF","Norfolk, VA, USORF","Qingdao Pt, 32, CNQDG","QINGDAO, CHINA",EGLV,EMC,SC103574,DRY,,10/1/2025,12/31/2025,11/5/2025 9:38,450,450,0,0,450,450
USORF,USORF,CNQDG,"Norfolk, VA, USORF","Norfolk, VA, USORF","Qingdao Pt, 32, CNQDG",CNQDG,ONEY,ONE,CHIM354B25,DRY,1,10/1/2025,12/31/2025,11/5/2025 9:38,574,574,117.04,117.04,691.04,691.04
USORF,USORF,CNQDG,"Norfolk, VA, USORF","Norfolk, VA, USORF","Qingdao Pt, 32, CNQDG",SGSIN,YMLU,YML,51625,DRY,1,10/27/2025,12/31/2025,11/5/2025 9:38,757.5,757.5,268.95,268.95,1026.45,1026.45
USORF,USORF,CNQZH,"Norfolk, VA, USORF","Norfolk, VA, USORF","Qinzhou Pt, 45, CNQZH",CNQZH,MAEU,Maersk,300094432,DRY,0,10/16/2025,3/31/2026,11/5/2025 9:38,783.05,783.05,0,0,783.05,783.05
USORF,USORF,CNRUG,"Norfolk, VA, USORF","Norfolk, VA, USORF","Rugao Pt, 32, CNRUG",CNRUG,MAEU,Maersk,300094432,DRY,0,10/16/2025,3/31/2026,11/5/2025 9:38,502.73,502.73,0,0,502.73,502.73
USORF,USORF,CNSHG,"Norfolk, VA, USORF","Norfolk, VA, USORF","Shanghai Pt, 44, CNSHG",CNSHG,YMLU,YML,51625,DRY,1,10/27/2025,12/31/2025,11/5/2025 9:38,107.5,107.5,224.8,224.8,332.3,332.3
USORF,USORF,CNSHG,"Norfolk, VA, USORF","Norfolk, VA, USORF","Shanghai Pt, 44, CNSHG",CNSHG,MAEU,Maersk,300094432,DRY,0,10/16/2025,3/31/2026,11/5/2025 9:38,258.05,258.05,0,0,258.05,258.05
USORF,USORF,CNSHG,"Norfolk, VA, USORF","Norfolk, VA, USORF","Shanghai Pt, 44, CNSHG",CNSHG,OOLU,OOCL,MT256104,DRY,2,10/20/2025,12/31/2025,11/5/2025 9:38,267,267,160.87,160.87,427.87,427.87
USORF,USORF,CNSHG,"Norfolk, VA, USORF","Norfolk, VA, USORF","Shanghai Pt, 44, CNSHG",CNSHG,YMLU,YML,51625,DRY,1,10/27/2025,12/31/2025,11/5/2025 9:38,382.5,382.5,224.8,224.8,607.3,607.3
USORF,USORF,CNSHG,"Norfolk, VA, USORF","Norfolk, VA, USORF","Shanghai Pt, 44, CNSHG",SHANGHAI,EGLV,EMC,SC103574,DRY,,10/1/2025,12/31/2025,11/5/2025 9:38,450,450,0,0,450,450
USORF,USORF,CNSHG,"Norfolk, VA, USORF","Norfolk, VA, USORF","Shanghai Pt, 44, CNSHG",CNSHG,ONEY,ONE,CHIM354B25,DRY,1,10/1/2025,12/31/2025,11/5/2025 9:38,464,464,116.33,116.33,580.33,580.33
USORF,USORF,CNSHG,"Norfolk, VA, USORF","Norfolk, VA, USORF","Shanghai Pt, 44, CNSHG",SGSIN,YMLU,YML,51625,DRY,1,10/27/2025,12/31/2025,11/5/2025 9:38,642.5,642.5,268.95,268.95,911.45,911.45
USORF,USORF,CNSHK,"Norfolk, VA, USORF","Norfolk, VA, USORF","Shekou Pt, 44, CNSHK",SGSIN,YMLU,YML,51625,DRY,1,10/27/2025,12/31/2025,11/5/2025 9:38,587.5,587.5,268.95,268.95,856.45,856.45
USORF,USORF,CNSHK,"Norfolk, VA, USORF","Norfolk, VA, USORF","Shekou Pt, 44, CNSHK",CNSHK,ONEY,ONE,CHIM354B25,DRY,1,10/1/2025,12/31/2025,11/5/2025 9:38,989,989,170.85,170.85,1159.85,1159.85
USORF,USORF,CNSZG,"Norfolk, VA, USORF","Norfolk, VA, USORF","Suzhou Pt, 32, CNSZG",CNSHG,YMLU,YML,51625,DRY,1,10/27/2025,12/31/2025,11/5/2025 9:38,872.5,872.5,224.8,224.8,1097.3,1097.3
USORF,USORF,CNTAC,"Norfolk, VA, USORF","Norfolk, VA, USORF","Taicang Pt, 32, CNTAC",CNSHG,YMLU,YML,51625,DRY,1,10/27/2025,12/31/2025,11/5/2025 9:38,482.5,482.5,224.8,224.8,707.3,707.3
USORF,USORF,CNTAG,"Norfolk, VA, USORF","Norfolk, VA, USORF","Taicang, 32, CNTAG",CNSHG,YMLU,YML,51625,DRY,1,10/27/2025,12/31/2025,11/5/2025 9:38,482.5,482.5,224.8,224.8,707.3,707.3
USORF,USORF,CNTAZ,"Norfolk, VA, USORF","Norfolk, VA, USORF","Taizhou Pt, 33, CNTAZ",CNSHG,YMLU,YML,51625,DRY,1,10/27/2025,12/31/2025,11/5/2025 9:38,712.5,712.5,224.8,224.8,937.3,937.3
USORF,USORF,CNTOL,"Norfolk, VA, USORF","Norfolk, VA, USORF","Tongling Pt, 34, CNTOL",CNSHG,YMLU,YML,51625,DRY,1,10/27/2025,12/31/2025,11/5/2025 9:38,752.5,752.5,224.8,224.8,977.3,977.3
USORF,USORF,CNTXG,"Norfolk, VA, USORF","Norfolk, VA, USORF","Tianjin Xingang Pt, 12, CNTXG",CNTXG,MAEU,Maersk,300094432,DRY,0,10/16/2025,3/31/2026,11/5/2025 9:38,151.05,151.05,0,0,151.05,151.05
USORF,USORF,CNTXG,"Norfolk, VA, USORF","Norfolk, VA, USORF","Tianjin Xingang Pt, 12, CNTXG",CNTXG,YMLU,YML,51625,DRY,1,10/27/2025,12/31/2025,11/5/2025 9:38,322.5,322.5,224.8,224.8,547.3,547.3
USORF,USORF,CNTXG,"Norfolk, VA, USORF","Norfolk, VA, USORF","Tianjin Xingang Pt, 12, CNTXG",CNTXG,OOLU,OOCL,MT256104,DRY,2,10/20/2025,12/31/2025,11/5/2025 9:38,427,427,159.19,159.19,586.19,586.19
USORF,USORF,CNTXG,"Norfolk, VA, USORF","Norfolk, VA, USORF","Tianjin Xingang Pt, 12, CNTXG",CNTXG,ONEY,ONE,CHIM354B25,DRY,1,10/1/2025,12/31/2025,11/5/2025 9:38,549,549,114.37,114.37,663.37,663.37
USORF,USORF,CNTXG,"Norfolk, VA, USORF","Norfolk, VA, USORF","Tianjin Xingang Pt, 12, CNTXG",CNTXG,YMLU,YML,51625,DRY,1,10/27/2025,12/31/2025,11/5/2025 9:38,557.5,557.5,224.8,224.8,782.3,782.3
USORF,USORF,CNTXG,"Norfolk, VA, USORF","Norfolk, VA, USORF","Tianjin Xingang Pt, 12, CNTXG",TWKHH,YMLU,YML,51625,DRY,1,10/27/2025,12/31/2025,11/5/2025 9:38,817.5,817.5,227.3,227.3,1044.8,1044.8
USORF,USORF,CNWHG,"Norfolk, VA, USORF","Norfolk, VA, USORF","Wuhan Pt, 42, CNWHG",CNWHG,MAEU,Maersk,300094432,DRY,0,10/16/2025,3/31/2026,11/5/2025 9:38,425.73,425.73,0,0,425.73,425.73
USORF,USORF,CNWHG,"Norfolk, VA, USORF","Norfolk, VA, USORF","Wuhan Pt, 42, CNWHG",CNSHG,YMLU,YML,51625,DRY,1,10/27/2025,12/31/2025,11/5/2025 9:38,852.5,852.5,224.8,224.8,1077.3,1077.3
USORF,USORF,CNWHI,"Norfolk, VA, USORF","Norfolk, VA, USORF","Wuhu Pt, 34, CNWHI",CNSHG,YMLU,YML,51625,DRY,1,10/27/2025,12/31/2025,11/5/2025 9:38,712.5,712.5,224.8,224.8,937.3,937.3
USORF,USORF,CNWJA,"Norfolk, VA, USORF","Norfolk, VA, USORF","Wujiang, 32, CNWJA",CNSHG,YMLU,YML,51625,DRY,1,10/27/2025,12/31/2025,11/5/2025 9:38,892.5,892.5,224.8,224.8,1117.3,1117.3
USORF,USORF,CNWNZ,"Norfolk, VA, USORF","Norfolk, VA, USORF","Wenzhou Longwan, 33, CNWNZ",CNSHG,YMLU,YML,51625,DRY,1,10/27/2025,12/31/2025,11/5/2025 9:38,752.5,752.5,224.8,224.8,977.3,977.3
USORF,USORF,CNWNZ,"Norfolk, VA, USORF","Norfolk, VA, USORF","Wenzhou Longwan, 33, CNWNZ",CNNBG,YMLU,YML,51625,DRY,1,10/27/2025,12/31/2025,11/5/2025 9:38,752.5,752.5,224.8,224.8,977.3,977.3
USORF,USORF,CNWUH,"Norfolk, VA, USORF","Norfolk, VA, USORF","Wuhan Tianhe, 42, CNWUH",CNWUH,ONEY,ONE,CHIM354B25,DRY,1,10/1/2025,12/31/2025,11/5/2025 9:38,774,774,116.33,116.33,890.33,890.33
USORF,USORF,CNWUZ,"Norfolk, VA, USORF","Norfolk, VA, USORF","Wuzhou Pt, 45, CNWUZ",CNWUZ,ONEY,ONE,CHIM354B25,DRY,1,10/1/2025,12/31/2025,11/5/2025 9:38,939,939,170.85,170.85,1109.85,1109.85
USORF,USORF,CNXIA,"Norfolk, VA, USORF","Norfolk, VA, USORF","Xian, 33, CNXIA",CNSHG,YMLU,YML,51625,DRY,1,10/27/2025,12/31/2025,11/5/2025 9:38,2657.5,2657.5,224.8,224.8,2882.3,2882.3
USORF,USORF,CNXMG,"Norfolk, VA, USORF","Norfolk, VA, USORF","Xiamen Pt, 35, CNXMG",CNXMG,OOLU,OOCL,MT256104,DRY,2,10/20/2025,12/31/2025,11/5/2025 9:38,267,267,159.19,159.19,426.19,426.19
USORF,USORF,CNXMG,"Norfolk, VA, USORF","Norfolk, VA, USORF","Xiamen Pt, 35, CNXMG",CNXMG,MAEU,Maersk,300094432,DRY,0,10/16/2025,3/31/2026,11/5/2025 9:38,301.05,301.05,0,0,301.05,301.05
USORF,USORF,CNXMG,"Norfolk, VA, USORF","Norfolk, VA, USORF","Xiamen Pt, 35, CNXMG",CNXMG,ONEY,ONE,CHIM354B25,DRY,1,10/1/2025,12/31/2025,11/5/2025 9:38,614,614,114.37,114.37,728.37,728.37
USORF,USORF,CNXMG,"Norfolk, VA, USORF","Norfolk, VA, USORF","Xiamen Pt, 35, CNXMG","XIAMEN, CHINA",EGLV,EMC,SC103574,DRY,,10/1/2025,12/31/2025,11/5/2025 9:38,650,650,0,0,650,650
USORF,USORF,CNYBN,"Norfolk, VA, USORF","Norfolk, VA, USORF","Yibin, 51, CNYBN",CNSHG,YMLU,YML,51625,DRY,1,10/27/2025,12/31/2025,11/5/2025 9:38,1382.5,1382.5,224.8,224.8,1607.3,1607.3
USORF,USORF,CNYIC,"Norfolk, VA, USORF","Norfolk, VA, USORF","Yichang, 42, CNYIC",CNSHG,YMLU,YML,51625,DRY,1,10/27/2025,12/31/2025,11/5/2025 9:38,962.5,962.5,224.8,224.8,1187.3,1187.3
USORF,USORF,CNYNT,"Norfolk, VA, USORF","Norfolk, VA, USORF","Yantai Laishan, 37, CNYNT",CNYNT,ONEY,ONE,CHIM354B25,DRY,1,10/1/2025,12/31/2025,11/5/2025 9:38,814,814,117.04,117.04,931.04,931.04
USORF,USORF,CNYTN,"Norfolk, VA, USORF","Norfolk, VA, USORF","Yantian Pt, 44, CNYTN",CNYTN,YMLU,YML,51625,DRY,1,10/27/2025,12/31/2025,11/5/2025 9:38,157.5,157.5,224.8,224.8,382.3,382.3
USORF,USORF,CNYTN,"Norfolk, VA, USORF","Norfolk, VA, USORF","Yantian Pt, 44, CNYTN",CNYTN,MAEU,Maersk,300094432,DRY,0,10/16/2025,3/31/2026,11/5/2025 9:38,259.05,259.05,0,0,259.05,259.05
USORF,USORF,CNYTN,"Norfolk, VA, USORF","Norfolk, VA, USORF","Yantian Pt, 44, CNYTN",CNYTN,OOLU,OOCL,MT256104,DRY,2,10/20/2025,12/31/2025,11/5/2025 9:38,267,267,159.19,159.19,426.19,426.19
USORF,USORF,CNYTN,"Norfolk, VA, USORF","Norfolk, VA, USORF","Yantian Pt, 44, CNYTN",CNYTN,YMLU,YML,51625,DRY,1,10/27/2025,12/31/2025,11/5/2025 9:38,382.5,382.5,224.8,224.8,607.3,607.3
USORF,USORF,CNYTN,"Norfolk, VA, USORF","Norfolk, VA, USORF","Yantian Pt, 44, CNYTN",CNYTN,ONEY,ONE,CHIM354B25,DRY,1,10/1/2025,12/31/2025,11/5/2025 9:38,614,614,170.85,170.85,784.85,784.85
USORF,USORF,CNYTN,"Norfolk, VA, USORF","Norfolk, VA, USORF","Yantian Pt, 44, CNYTN","YANTIAN, CHINA",EGLV,EMC,SC103574,DRY,,10/1/2025,12/31/2025,11/5/2025 9:38,700,700,0,0,700,700
USORF,USORF,CNYYA,"Norfolk, VA, USORF","Norfolk, VA, USORF","Yueyang, 50, CNYYA",CNYYA,MAEU,Maersk,300094432,DRY,0,10/16/2025,3/31/2026,11/5/2025 9:38,362.73,362.73,0,0,362.73,362.73
USORF,USORF,CNYYA,"Norfolk, VA, USORF","Norfolk, VA, USORF","Yueyang, 50, CNYYA",CNYYA,ONEY,ONE,CHIM354B25,DRY,1,10/1/2025,12/31/2025,11/5/2025 9:38,824,824,120.97,120.97,944.97,944.97
USORF,USORF,CNYYA,"Norfolk, VA, USORF","Norfolk, VA, USORF","Yueyang, 50, CNYYA",CNSHG,YMLU,YML,51625,DRY,1,10/27/2025,12/31/2025,11/5/2025 9:38,962.5,962.5,224.8,224.8,1187.3,1187.3
USORF,USORF,CNYZH,"Norfolk, VA, USORF","Norfolk, VA, USORF","Yangzhou Pt, 32, CNYZH",CNSHG,YMLU,YML,51625,DRY,1,10/27/2025,12/31/2025,11/5/2025 9:38,712.5,712.5,224.8,224.8,937.3,937.3
USORF,USORF,CNZAP,"Norfolk, VA, USORF","Norfolk, VA, USORF","Zhapu, 33, CNZAP",CNNBG,YMLU,YML,51625,DRY,1,10/27/2025,12/31/2025,11/5/2025 9:38,662.5,662.5,224.8,224.8,887.3,887.3
USORF,USORF,CNZHE,"Norfolk, VA, USORF","Norfolk, VA, USORF","Zhenjiang Pt, 32, CNZHE",CNSHG,YMLU,YML,51625,DRY,1,10/27/2025,12/31/2025,11/5/2025 9:38,682.5,682.5,224.8,224.8,907.3,907.3
USORF,USORF,CNZHU,"Norfolk, VA, USORF","Norfolk, VA, USORF","Zhuao, 41, CNZHU",CNZHU,MAEU,Maersk,300094432,DRY,0,10/16/2025,3/31/2026,11/5/2025 9:38,819.05,819.05,0,0,819.05,819.05
USORF,USORF,CNZJG,"Norfolk, VA, USORF","Norfolk, VA, USORF","Zhangjiagang, 32, CNZJG",CNZJG,ONEY,ONE,CHIM354B25,DRY,1,10/1/2025,12/31/2025,11/5/2025 9:38,674,674,116.33,116.33,790.33,790.33
USORF,USORF,CNZJG,"Norfolk, VA, USORF","Norfolk, VA, USORF","Zhangjiagang, 32, CNZJG",CNSHG,YMLU,YML,51625,DRY,1,10/27/2025,12/31/2025,11/5/2025 9:38,712.5,712.5,224.8,224.8,937.3,937.3
USORF,USORF,CNZJG,"Norfolk, VA, USORF","Norfolk, VA, USORF","Zhangjiagang, 32, CNZJG",CNZJG,MAEU,Maersk,300094432,DRY,0,10/16/2025,3/31/2026,11/5/2025 9:38,750.73,750.73,0,0,750.73,750.73
USORF,USORF,CNZNG,"Norfolk, VA, USORF","Norfolk, VA, USORF","Zhanjiang Pt, 44, CNZNG",CNZNG,MAEU,Maersk,300094432,DRY,0,10/16/2025,3/31/2026,11/5/2025 9:38,959.05,959.05,0,0,959.05,959.05
USORF,USORF,CNZSN,"Norfolk, VA, USORF","Norfolk, VA, USORF","Zhongshan Pt, 44, CNZSN",CNZSN,ONEY,ONE,CHIM354B25,DRY,1,10/1/2025,12/31/2025,11/5/2025 9:38,839,839,170.85,170.85,1009.85,1009.85
USORF,USORF,CNZUH,"Norfolk, VA, USORF","Norfolk, VA, USORF","Zhuhai Pt, 44, CNZUH",CNZUH,ONEY,ONE,CHIM354B25,DRY,1,10/1/2025,12/31/2025,11/5/2025 9:38,789,789,170.85,170.85,959.85,959.85
USORF,USORF,COBUN,"Norfolk, VA, USORF","Norfolk, VA, USORF","Buenaventura, , COBUN",COBUN,ONEY,ONE,CHIM354B25,DRY,1,10/1/2025,12/31/2025,11/5/2025 9:38,1968,1968,141,141,2109,2109
USORF,USORF,DZALG,"Norfolk, VA, USORF","Norfolk, VA, USORF","Alger (Algiers), 16, DZALG",DZALG,MAEU,Maersk,300094432,DRY,0,10/16/2025,3/31/2026,11/5/2025 9:38,2442,2442,0,0,2442,2442
USORF,USORF,ECGYE,"Norfolk, VA, USORF","Norfolk, VA, USORF","Guayaquil, G, ECGYE",ECGYE,ONEY,ONE,CHIM354B25,DRY,1,10/1/2025,12/31/2025,11/5/2025 9:38,1658,1658,410,310,2068,1968
USORF,USORF,EGALY,"Norfolk, VA, USORF","Norfolk, VA, USORF","Alexandria, , EGALY",EGALY,ONEY,ONE,CHIM354B25,DRY,1,10/1/2025,12/31/2025,11/5/2025 9:38,1451,1451,0,0,1451,1451
USORF,USORF,EGALY,"Norfolk, VA, USORF","Norfolk, VA, USORF","Alexandria, , EGALY",EGALY,MAEU,Maersk,300094432,DRY,0,10/16/2025,3/31/2026,11/5/2025 9:38,1578,1578,0,0,1578,1578
USORF,USORF,EGDAM,"Norfolk, VA, USORF","Norfolk, VA, USORF","Damietta, , EGDAM",EGDAM,ONEY,ONE,CHIM354B25,DRY,1,10/1/2025,12/31/2025,11/5/2025 9:38,1556,1556,0,0,1556,1556
USORF,USORF,EGDAM,"Norfolk, VA, USORF","Norfolk, VA, USORF","Damietta, , EGDAM",EGDAM,MAEU,Maersk,300094432,DRY,0,10/16/2025,3/31/2026,11/5/2025 9:38,1578,1578,0,0,1578,1578
USORF,USORF,ESALG,"Norfolk, VA, USORF","Norfolk, VA, USORF","Algeciras, , ESALG",ESALG,ONEY,ONE,CHIM354B25,DRY,1,10/1/2025,12/31/2025,11/5/2025 9:38,639,639,386.41,386.41,1025.41,1025.41
USORF,USORF,ESVLC,"Norfolk, VA, USORF","Norfolk, VA, USORF","Valencia, , ESVLC",ESVLC,ONEY,ONE,CHIM354B25,DRY,1,10/1/2025,12/31/2025,11/5/2025 9:38,729,729,420.75,420.75,1149.75,1149.75
USORF,USORF,IDBLW,"Norfolk, VA, USORF","Norfolk, VA, USORF","Belawan, , IDBLW",IDBLW,OOLU,OOCL,MT256104,DRY,2,10/20/2025,12/31/2025,11/5/2025 9:38,667,667,145,145,812,812
USORF,USORF,IDBLW,"Norfolk, VA, USORF","Norfolk, VA, USORF","Belawan, , IDBLW",BELAWAN,EGLV,EMC,SC103574,DRY,,10/1/2025,12/31/2025,11/5/2025 9:38,850,850,145,145,995,995
USORF,USORF,IDBLW,"Norfolk, VA, USORF","Norfolk, VA, USORF","Belawan, , IDBLW",IDBLW,ONEY,ONE,CHIM354B25,DRY,1,10/1/2025,12/31/2025,11/5/2025 9:38,1264,1264,505.63,505.63,1769.63,1769.63
USORF,USORF,IDBLW,"Norfolk, VA, USORF","Norfolk, VA, USORF","Belawan, , IDBLW",SGSIN,YMLU,YML,51625,DRY,1,10/27/2025,12/31/2025,11/5/2025 9:38,1287.5,1287.5,268.95,268.95,1556.45,1556.45
USORF,USORF,IDBLW,"Norfolk, VA, USORF","Norfolk, VA, USORF","Belawan, , IDBLW",CNSHG,YMLU,YML,51625,DRY,1,10/27/2025,12/31/2025,11/5/2025 9:38,1287.5,1287.5,224.8,224.8,1512.3,1512.3
USORF,USORF,IDBLW,"Norfolk, VA, USORF","Norfolk, VA, USORF","Belawan, , IDBLW",IDBLW,YMLU,YML,51625,DRY,1,10/27/2025,12/31/2025,11/5/2025 9:38,1482.5,1482.5,0,0,1482.5,1482.5
USORF,USORF,IDCKR,"Norfolk, VA, USORF","Norfolk, VA, USORF","Cikarang, JB, IDCKR",IDCKR,ONEY,ONE,CHIM354B25,DRY,1,10/1/2025,12/31/2025,11/5/2025 9:38,1724,1724,505.63,505.63,2229.63,2229.63
USORF,USORF,IDJKT,"Norfolk, VA, USORF","Norfolk, VA, USORF","Jakarta, JK, IDJKT",IDJKT,OOLU,OOCL,MT256104,DRY,2,10/20/2025,12/31/2025,11/5/2025 9:38,667,667,145,145,812,812
USORF,USORF,IDJKT,"Norfolk, VA, USORF","Norfolk, VA, USORF","Jakarta, JK, IDJKT",IDJKT,YMLU,YML,51625,DRY,1,10/27/2025,12/31/2025,11/5/2025 9:38,772.5,772.5,0,0,772.5,772.5
USORF,USORF,IDJKT,"Norfolk, VA, USORF","Norfolk, VA, USORF","Jakarta, JK, IDJKT",IDJKT,YMLU,YML,51625,DRY,1,10/27/2025,12/31/2025,11/5/2025 9:38,772.5,772.5,145,145,917.5,917.5
USORF,USORF,IDJKT,"Norfolk, VA, USORF","Norfolk, VA, USORF","Jakarta, JK, IDJKT",IDJKT,MAEU,Maersk,300094432,DRY,0,10/16/2025,3/31/2026,11/5/2025 9:38,775,775,0,0,775,775
USORF,USORF,IDJKT,"Norfolk, VA, USORF","Norfolk, VA, USORF","Jakarta, JK, IDJKT",IDJKT,ONEY,ONE,CHIM354B25,DRY,1,10/1/2025,12/31/2025,11/5/2025 9:38,814,814,505.63,505.63,1319.63,1319.63
USORF,USORF,IDJKT,"Norfolk, VA, USORF","Norfolk, VA, USORF","Jakarta, JK, IDJKT",JAKARTA,EGLV,EMC,SC103574,DRY,,10/1/2025,12/31/2025,11/5/2025 9:38,850,850,145,145,995,995
USORF,USORF,IDJKT,"Norfolk, VA, USORF","Norfolk, VA, USORF","Jakarta, JK, IDJKT",CNSHG,YMLU,YML,51625,DRY,1,10/27/2025,12/31/2025,11/5/2025 9:38,982.5,982.5,224.8,224.8,1207.3,1207.3
USORF,USORF,IDJKT,"Norfolk, VA, USORF","Norfolk, VA, USORF","Jakarta, JK, IDJKT",SGSIN,YMLU,YML,51625,DRY,1,10/27/2025,12/31/2025,11/5/2025 9:38,982.5,982.5,268.95,268.95,1251.45,1251.45
USORF,USORF,IDPLM,"Norfolk, VA, USORF","Norfolk, VA, USORF","Palembang, Sumatra, , IDPLM",SGSIN,YMLU,YML,51625,DRY,1,10/27/2025,12/31/2025,11/5/2025 9:38,1432.5,1432.5,268.95,268.95,1701.45,1701.45
USORF,USORF,IDSRG,"Norfolk, VA, USORF","Norfolk, VA, USORF","Semarang, JT, IDSRG",IDSRG,OOLU,OOCL,MT256104,DRY,2,10/20/2025,12/31/2025,11/5/2025 9:38,667,667,145,145,812,812
USORF,USORF,IDSRG,"Norfolk, VA, USORF","Norfolk, VA, USORF","Semarang, JT, IDSRG",IDSRG,MAEU,Maersk,300094432,DRY,0,10/16/2025,3/31/2026,11/5/2025 9:38,775,775,0,0,775,775
USORF,USORF,IDSRG,"Norfolk, VA, USORF","Norfolk, VA, USORF","Semarang, JT, IDSRG",SEMARANG,EGLV,EMC,SC103574,DRY,,10/1/2025,12/31/2025,11/5/2025 9:38,850,850,145,145,995,995
USORF,USORF,IDSRG,"Norfolk, VA, USORF","Norfolk, VA, USORF","Semarang, JT, IDSRG",IDSRG,YMLU,YML,51625,DRY,1,10/27/2025,12/31/2025,11/5/2025 9:38,957.5,957.5,0,0,957.5,957.5
USORF,USORF,IDSRG,"Norfolk, VA, USORF","Norfolk, VA, USORF","Semarang, JT, IDSRG",SGSIN,YMLU,YML,51625,DRY,1,10/27/2025,12/31/2025,11/5/2025 9:38,1032.5,1032.5,268.95,268.95,1301.45,1301.45
USORF,USORF,IDSRG,"Norfolk, VA, USORF","Norfolk, VA, USORF","Semarang, JT, IDSRG",IDSRG,ONEY,ONE,CHIM354B25,DRY,1,10/1/2025,12/31/2025,11/5/2025 9:38,1119,1119,505.63,505.63,1624.63,1624.63
USORF,USORF,IDSUB,"Norfolk, VA, USORF","Norfolk, VA, USORF","Surabaya, JI, IDSUB",IDSUB,YMLU,YML,51625,DRY,1,10/27/2025,12/31/2025,11/5/2025 9:38,657.5,657.5,145,145,802.5,802.5
USORF,USORF,IDSUB,"Norfolk, VA, USORF","Norfolk, VA, USORF","Surabaya, JI, IDSUB",IDSUB,OOLU,OOCL,MT256104,DRY,2,10/20/2025,12/31/2025,11/5/2025 9:38,667,667,145,145,812,812
USORF,USORF,IDSUB,"Norfolk, VA, USORF","Norfolk, VA, USORF","Surabaya, JI, IDSUB",IDSUB,YMLU,YML,51625,DRY,1,10/27/2025,12/31/2025,11/5/2025 9:38,757.5,757.5,0,0,757.5,757.5
USORF,USORF,IDSUB,"Norfolk, VA, USORF","Norfolk, VA, USORF","Surabaya, JI, IDSUB",IDSUB,MAEU,Maersk,300094432,DRY,0,10/16/2025,3/31/2026,11/5/2025 9:38,775,775,0,0,775,775
USORF,USORF,IDSUB,"Norfolk, VA, USORF","Norfolk, VA, USORF","Surabaya, JI, IDSUB",SURABAYA,EGLV,EMC,SC103574,DRY,,10/1/2025,12/31/2025,11/5/2025 9:38,850,850,145,145,995,995
USORF,USORF,IDSUB,"Norfolk, VA, USORF","Norfolk, VA, USORF","Surabaya, JI, IDSUB",SGSIN,YMLU,YML,51625,DRY,1,10/27/2025,12/31/2025,11/5/2025 9:38,982.5,982.5,268.95,268.95,1251.45,1251.45
USORF,USORF,IDSUB,"Norfolk, VA, USORF","Norfolk, VA, USORF","Surabaya, JI, IDSUB",CNSHG,YMLU,YML,51625,DRY,1,10/27/2025,12/31/2025,11/5/2025 9:38,982.5,982.5,224.8,224.8,1207.3,1207.3
USORF,USORF,IDSUB,"Norfolk, VA, USORF","Norfolk, VA, USORF","Surabaya, JI, IDSUB",IDSUB,ONEY,ONE,CHIM354B25,DRY,1,10/1/2025,12/31/2025,11/5/2025 9:38,1024,1024,505.63,505.63,1529.63,1529.63
USORF,USORF,INCCU,"Norfolk, VA, USORF","Norfolk, VA, USORF","Kolkata (ex Calcutta), WB, INCCU",INCCU,ONEY,ONE,CHIM354B25,DRY,1,10/1/2025,12/31/2025,11/5/2025 9:38,1964,1964,280.64,280.64,2244.64,2244.64
USORF,USORF,INCCU,"Norfolk, VA, USORF","Norfolk, VA, USORF","Kolkata (ex Calcutta), WB, INCCU",SGSIN,YMLU,YML,51625,DRY,1,10/27/2025,12/31/2025,11/5/2025 9:38,2032.5,2032.5,268.95,268.95,2301.45,2301.45
USORF,USORF,INCCU,"Norfolk, VA, USORF","Norfolk, VA, USORF","Kolkata (ex Calcutta), WB, INCCU",CNSHG,YMLU,YML,51625,DRY,1,10/27/2025,12/31/2025,11/5/2025 9:38,2032.5,2032.5,224.8,224.8,2257.3,2257.3
USORF,USORF,INCCU,"Norfolk, VA, USORF","Norfolk, VA, USORF","Kolkata (ex Calcutta), WB, INCCU",CNNBG,YMLU,YML,51625,DRY,1,10/27/2025,12/31/2025,11/5/2025 9:38,2032.5,2032.5,224.8,224.8,2257.3,2257.3
USORF,USORF,INCOK,"Norfolk, VA, USORF","Norfolk, VA, USORF","Cochin, KL, INCOK",INCOK,MAEU,Maersk,300094432,DRY,0,10/16/2025,3/31/2026,11/5/2025 9:38,1764,1764,0,0,1764,1764
USORF,USORF,INCOK,"Norfolk, VA, USORF","Norfolk, VA, USORF","Cochin, KL, INCOK",INCOK,ONEY,ONE,CHIM354B25,DRY,1,10/1/2025,12/31/2025,11/5/2025 9:38,1964,1964,249.51,249.51,2213.51,2213.51
USORF,USORF,INHAL,"Norfolk, VA, USORF","Norfolk, VA, USORF","Haldia, WB, INHAL",INHAL,OOLU,OOCL,MT256104,DRY,2,10/20/2025,12/31/2025,11/5/2025 9:38,2957,2957,0,0,2957,2957
USORF,USORF,INHZA,"Norfolk, VA, USORF","Norfolk, VA, USORF","Hazira Port/Surat, GJ, INHZA",INHZA,ONEY,ONE,CHIM354B25,DRY,1,10/1/2025,12/31/2025,11/5/2025 9:38,1064,1064,262.63,262.63,1326.63,1326.63
USORF,USORF,INKOC,"Norfolk, VA, USORF","Norfolk, VA, USORF","Kochi, , INKOC",INKOC,OOLU,OOCL,MT256104,DRY,2,10/20/2025,12/31/2025,11/5/2025 9:38,3187,3187,270.35,270.35,3457.35,3457.35
USORF,USORF,INKTP,"Norfolk, VA, USORF","Norfolk, VA, USORF","Kattupalli Port, TN, INKTP",INKTP,OOLU,OOCL,MT256104,DRY,2,10/20/2025,12/31/2025,11/5/2025 9:38,1337,1337,0,0,1337,1337
USORF,USORF,INMAA,"Norfolk, VA, USORF","Norfolk, VA, USORF","Chennai (ex Madras), TN, INMAA",INMAA,MAEU,Maersk,300094432,DRY,0,10/16/2025,3/31/2026,11/5/2025 9:38,1764,1764,0,0,1764,1764
USORF,USORF,INMAA,"Norfolk, VA, USORF","Norfolk, VA, USORF","Chennai (ex Madras), TN, INMAA",SGSIN,YMLU,YML,51625,DRY,1,10/27/2025,12/31/2025,11/5/2025 9:38,1782.5,1782.5,268.95,268.95,2051.45,2051.45
USORF,USORF,INMAA,"Norfolk, VA, USORF","Norfolk, VA, USORF","Chennai (ex Madras), TN, INMAA",CNSHG,YMLU,YML,51625,DRY,1,10/27/2025,12/31/2025,11/5/2025 9:38,1782.5,1782.5,224.8,224.8,2007.3,2007.3
USORF,USORF,INMAA,"Norfolk, VA, USORF","Norfolk, VA, USORF","Chennai (ex Madras), TN, INMAA",CNNBG,YMLU,YML,51625,DRY,1,10/27/2025,12/31/2025,11/5/2025 9:38,1782.5,1782.5,224.8,224.8,2007.3,2007.3
USORF,USORF,INMAA,"Norfolk, VA, USORF","Norfolk, VA, USORF","Chennai (ex Madras), TN, INMAA",INMAA,ONEY,ONE,CHIM354B25,DRY,1,10/1/2025,12/31/2025,11/5/2025 9:38,1964,1964,227.54,227.54,2191.54,2191.54
USORF,USORF,INMUN,"Norfolk, VA, USORF","Norfolk, VA, USORF","Mundra, GJ, INMUN",INMUN,OOLU,OOCL,MT256104,DRY,2,10/20/2025,12/31/2025,11/5/2025 9:38,747,747,180.23,180.23,927.23,927.23
USORF,USORF,INMUN,"Norfolk, VA, USORF","Norfolk, VA, USORF","Mundra, GJ, INMUN",INMUN,ONEY,ONE,CHIM354B25,DRY,1,10/1/2025,12/31/2025,11/5/2025 9:38,1114,1114,324.41,324.41,1438.41,1438.41
USORF,USORF,INMUN,"Norfolk, VA, USORF","Norfolk, VA, USORF","Mundra, GJ, INMUN",INMUN,MAEU,Maersk,300094432,DRY,0,10/16/2025,3/31/2026,11/5/2025 9:38,1420,1420,0,0,1420,1420
USORF,USORF,INNSA,"Norfolk, VA, USORF","Norfolk, VA, USORF","Nhava Sheva, MH, INNSA",INNSA,OOLU,OOCL,MT256104,DRY,2,10/20/2025,12/31/2025,11/5/2025 9:38,747,747,157.7,157.7,904.7,904.7
USORF,USORF,INNSA,"Norfolk, VA, USORF","Norfolk, VA, USORF","Nhava Sheva, MH, INNSA",INNSA,ONEY,ONE,CHIM354B25,DRY,1,10/1/2025,12/31/2025,11/5/2025 9:38,1114,1114,290.62,290.62,1404.62,1404.62
USORF,USORF,INNSA,"Norfolk, VA, USORF","Norfolk, VA, USORF","Nhava Sheva, MH, INNSA",NHAVA SHEVA,EGLV,EMC,SC103574,DRY,,10/1/2025,12/31/2025,11/5/2025 9:38,1300,1300,199.65,199.65,1499.65,1499.65
USORF,USORF,INNSA,"Norfolk, VA, USORF","Norfolk, VA, USORF","Nhava Sheva, MH, INNSA",INNSA,MAEU,Maersk,300094432,DRY,0,10/16/2025,3/31/2026,11/5/2025 9:38,1420,1420,0,0,1420,1420
USORF,USORF,INPAV,"Norfolk, VA, USORF","Norfolk, VA, USORF","Pipavav (Victor) Port, GJ, INPAV",INPAV,ONEY,ONE,CHIM354B25,DRY,1,10/1/2025,12/31/2025,11/5/2025 9:38,2164,2164,279.98,279.98,2443.98,2443.98
USORF,USORF,INTUT,"Norfolk, VA, USORF","Norfolk, VA, USORF","Tuticorin, TN, INTUT",INTUT,MAEU,Maersk,300094432,DRY,0,10/16/2025,3/31/2026,11/5/2025 9:38,1420,1420,0,0,1420,1420
USORF,USORF,INTUT,"Norfolk, VA, USORF","Norfolk, VA, USORF","Tuticorin, TN, INTUT",INTUT,ONEY,ONE,CHIM354B25,DRY,1,10/1/2025,12/31/2025,11/5/2025 9:38,1964,1964,211.77,211.77,2175.77,2175.77
USORF,USORF,INTUT,"Norfolk, VA, USORF","Norfolk, VA, USORF","Tuticorin, TN, INTUT",INTUT,OOLU,OOCL,MT256104,DRY,2,10/20/2025,12/31/2025,11/5/2025 9:38,2117,2117,78.85,78.85,2195.85,2195.85
USORF,USORF,ITSPE,"Norfolk, VA, USORF","Norfolk, VA, USORF","La Spezia, , ITSPE",ITSPE,ONEY,ONE,CHIM354B25,DRY,1,10/1/2025,12/31/2025,11/5/2025 9:38,754,754,380.47,380.47,1134.47,1134.47
USORF,USORF,JPHIJ,"Norfolk, VA, USORF","Norfolk, VA, USORF","Hiroshima, 34, JPHIJ",JPHIJ,ONEY,ONE,CHIM354B25,DRY,1,10/1/2025,12/31/2025,11/5/2025 9:38,1404,1404,324.73,324.73,1728.73,1728.73
USORF,USORF,JPHTD,"Norfolk, VA, USORF","Norfolk, VA, USORF","Hakata, 38, JPHTD",HAKATA,EGLV,EMC,SC103574,DRY,,10/1/2025,12/31/2025,11/5/2025 9:38,950,950,311.74,311.74,1261.74,1261.74
USORF,USORF,JPHTD,"Norfolk, VA, USORF","Norfolk, VA, USORF","Hakata, 38, JPHTD",JPHTD,OOLU,OOCL,MT256104,DRY,2,10/20/2025,12/31/2025,11/5/2025 9:38,982,982,318.23,318.23,1300.23,1300.23
USORF,USORF,JPIMI,"Norfolk, VA, USORF","Norfolk, VA, USORF","Imari, 41, JPIMI",CNSHG,YMLU,YML,51625,DRY,1,10/27/2025,12/31/2025,11/5/2025 9:38,1352.5,1352.5,224.8,224.8,1577.3,1577.3
USORF,USORF,JPIYM,"Norfolk, VA, USORF","Norfolk, VA, USORF","Iyomishima, 38, JPIYM",CNSHG,YMLU,YML,51625,DRY,1,10/27/2025,12/31/2025,11/5/2025 9:38,1182.5,1182.5,224.8,224.8,1407.3,1407.3
USORF,USORF,JPIYM,"Norfolk, VA, USORF","Norfolk, VA, USORF","Iyomishima, 38, JPIYM",JPIYM,ONEY,ONE,CHIM354B25,DRY,1,10/1/2025,12/31/2025,11/5/2025 9:38,1564,1564,342.26,342.26,1906.26,1906.26
USORF,USORF,JPKCZ,"Norfolk, VA, USORF","Norfolk, VA, USORF","Kochi, 39, JPKCZ",JPKCZ,ONEY,ONE,CHIM354B25,DRY,1,10/1/2025,12/31/2025,11/5/2025 9:38,1704,1704,342.26,342.26,2046.26,2046.26
USORF,USORF,JPKIJ,"Norfolk, VA, USORF","Norfolk, VA, USORF","Niigata, 15, JPKIJ",JPKIJ,ONEY,ONE,CHIM354B25,DRY,1,10/1/2025,12/31/2025,11/5/2025 9:38,1464,1464,342.26,342.26,1806.26,1806.26
USORF,USORF,JPKWS,"Norfolk, VA, USORF","Norfolk, VA, USORF","Kawasaki, 14, JPKWS",JPKWS,ONEY,ONE,CHIM354B25,DRY,1,10/1/2025,12/31/2025,11/5/2025 9:38,674,674,17.54,17.54,691.54,691.54
USORF,USORF,JPMIZ,"Norfolk, VA, USORF","Norfolk, VA, USORF","Mizushima, 33, JPMIZ",CNNBG,YMLU,YML,51625,DRY,1,10/27/2025,12/31/2025,11/5/2025 9:38,1052.5,1052.5,224.8,224.8,1277.3,1277.3
USORF,USORF,JPMOJ,"Norfolk, VA, USORF","Norfolk, VA, USORF","Moji/Kitakyushu, 40, JPMOJ",JPMOJ,ONEY,ONE,CHIM354B25,DRY,1,10/1/2025,12/31/2025,11/5/2025 9:38,1164,1164,342.26,342.26,1506.26,1506.26
USORF,USORF,JPNAH,"Norfolk, VA, USORF","Norfolk, VA, USORF","Naha, Okinawa, 47, JPNAH",TWKHH,YMLU,YML,51625,DRY,1,10/27/2025,12/31/2025,11/5/2025 9:38,1212.5,1212.5,227.3,227.3,1439.8,1439.8
USORF,USORF,JPNAO,"Norfolk, VA, USORF","Norfolk, VA, USORF","Naoetsu, 15, JPNAO",JPNAO,ONEY,ONE,CHIM354B25,DRY,1,10/1/2025,12/31/2025,11/5/2025 9:38,1774,1774,342.26,342.26,2116.26,2116.26
USORF,USORF,JPNGO,"Norfolk, VA, USORF","Norfolk, VA, USORF","Nagoya, Aichi, 23, JPNGO",JPNGO,MAEU,Maersk,300094432,DRY,0,10/16/2025,3/31/2026,10/22/2025 19:06,380,380,0,0,380,380
USORF,USORF,JPNGO,"Norfolk, VA, USORF","Norfolk, VA, USORF","Nagoya, Aichi, 23, JPNGO",SGSIN,YMLU,YML,51625,DRY,1,10/27/2025,12/31/2025,11/5/2025 9:38,482.5,482.5,321.48,321.48,803.98,803.98
USORF,USORF,JPNGO,"Norfolk, VA, USORF","Norfolk, VA, USORF","Nagoya, Aichi, 23, JPNGO",SGSIN,YMLU,YML,51625,DRY,1,10/27/2025,12/31/2025,11/5/2025 9:38,557.5,557.5,268.95,268.95,826.45,826.45
USORF,USORF,JPNGO,"Norfolk, VA, USORF","Norfolk, VA, USORF","Nagoya, Aichi, 23, JPNGO",JPNGO,ONEY,ONE,CHIM354B25,DRY,1,10/1/2025,12/31/2025,11/5/2025 9:38,674,674,342.26,342.26,1016.26,1016.26
USORF,USORF,JPNGO,"Norfolk, VA, USORF","Norfolk, VA, USORF","Nagoya, Aichi, 23, JPNGO",NAGOYA,EGLV,EMC,SC103574,DRY,,10/1/2025,12/31/2025,11/5/2025 9:38,950,950,311.74,311.74,1261.74,1261.74
USORF,USORF,JPNGO,"Norfolk, VA, USORF","Norfolk, VA, USORF","Nagoya, Aichi, 23, JPNGO",JPNGO,OOLU,OOCL,MT256104,DRY,2,10/20/2025,12/31/2025,11/5/2025 9:38,982,982,318.23,318.23,1300.23,1300.23
USORF,USORF,JPOSA,"Norfolk, VA, USORF","Norfolk, VA, USORF","Osaka, 27, JPOSA","Kobe, JP",MAEU,Maersk,300094432,DRY,0,10/16/2025,3/31/2026,10/22/2025 19:06,430,430,0,0,430,430
USORF,USORF,JPOSA,"Norfolk, VA, USORF","Norfolk, VA, USORF","Osaka, 27, JPOSA",JPOSA,YMLU,YML,51625,DRY,1,10/27/2025,12/31/2025,11/5/2025 9:38,607.5,607.5,321.48,321.48,928.98,928.98
USORF,USORF,JPOSA,"Norfolk, VA, USORF","Norfolk, VA, USORF","Osaka, 27, JPOSA",JPOSA,ONEY,ONE,CHIM354B25,DRY,1,10/1/2025,12/31/2025,11/5/2025 9:38,789,789,342.26,342.26,1131.26,1131.26
USORF,USORF,JPOSA,"Norfolk, VA, USORF","Norfolk, VA, USORF","Osaka, 27, JPOSA",OSAKA,EGLV,EMC,SC103574,DRY,,10/1/2025,12/31/2025,11/5/2025 9:38,950,950,311.74,311.74,1261.74,1261.74
USORF,USORF,JPSBS,"Norfolk, VA, USORF","Norfolk, VA, USORF","Shibushi, 46, JPSBS",JPSBS,ONEY,ONE,CHIM354B25,DRY,1,10/1/2025,12/31/2025,11/5/2025 9:38,1374,1374,342.26,342.26,1716.26,1716.26
USORF,USORF,JPSDJ,"Norfolk, VA, USORF","Norfolk, VA, USORF","Sendai, Miyagi, 4, JPSDJ",JPSDJ,ONEY,ONE,CHIM354B25,DRY,1,10/1/2025,12/31/2025,11/5/2025 9:38,1494,1494,342.26,342.26,1836.26,1836.26
USORF,USORF,JPSMN,"Norfolk, VA, USORF","Norfolk, VA, USORF","Sakaiminato, 31, JPSMN",JPSMN,ONEY,ONE,CHIM354B25,DRY,1,10/1/2025,12/31/2025,11/5/2025 9:38,1804,1804,0,0,1804,1804
USORF,USORF,JPSMZ,"Norfolk, VA, USORF","Norfolk, VA, USORF","Shimizu, 22, JPSMZ",JPSMZ,ONEY,ONE,CHIM354B25,DRY,1,10/1/2025,12/31/2025,11/5/2025 9:38,864,864,342.26,342.26,1206.26,1206.26
USORF,USORF,JPTKS,"Norfolk, VA, USORF","Norfolk, VA, USORF","Tokushima, 36, JPTKS",JPTKS,ONEY,ONE,CHIM354B25,DRY,1,10/1/2025,12/31/2025,11/5/2025 9:38,2164,2164,342.26,342.26,2506.26,2506.26
USORF,USORF,JPTMK,"Norfolk, VA, USORF","Norfolk, VA, USORF","Tomakomai, 1, JPTMK",JPTMK,ONEY,ONE,CHIM354B25,DRY,1,10/1/2025,12/31/2025,11/5/2025 9:38,679,679,342.26,342.26,1021.26,1021.26
USORF,USORF,JPTYO,"Norfolk, VA, USORF","Norfolk, VA, USORF","Tokyo, 13, JPTYO",JPTYO,MAEU,Maersk,300094432,DRY,0,10/16/2025,3/31/2026,10/22/2025 19:06,380,380,0,0,380,380
USORF,USORF,JPTYO,"Norfolk, VA, USORF","Norfolk, VA, USORF","Tokyo, 13, JPTYO",SGSIN,YMLU,YML,51625,DRY,1,10/27/2025,12/31/2025,11/5/2025 9:38,557.5,557.5,268.95,268.95,826.45,826.45
USORF,USORF,JPTYO,"Norfolk, VA, USORF","Norfolk, VA, USORF","Tokyo, 13, JPTYO",JPTYO,ONEY,ONE,CHIM354B25,DRY,1,10/1/2025,12/31/2025,11/5/2025 9:38,674,674,342.26,342.26,1016.26,1016.26
USORF,USORF,JPTYO,"Norfolk, VA, USORF","Norfolk, VA, USORF","Tokyo, 13, JPTYO",JPTYO,OOLU,OOCL,MT256104,DRY,2,10/20/2025,12/31/2025,11/5/2025 9:38,1237,1237,318.23,318.23,1555.23,1555.23
USORF,USORF,JPUKB,"Norfolk, VA, USORF","Norfolk, VA, USORF","Kobe, 28, JPUKB",SGSIN,YMLU,YML,51625,DRY,1,10/27/2025,12/31/2025,11/5/2025 9:38,482.5,482.5,321.48,321.48,803.98,803.98
USORF,USORF,JPUKB,"Norfolk, VA, USORF","Norfolk, VA, USORF","Kobe, 28, JPUKB",JPUKB,MAEU,Maersk,300094432,DRY,0,10/16/2025,3/31/2026,10/22/2025 19:06,517,517,0,0,517,517
USORF,USORF,JPUKB,"Norfolk, VA, USORF","Norfolk, VA, USORF","Kobe, 28, JPUKB",SGSIN,YMLU,YML,51625,DRY,1,10/27/2025,12/31/2025,11/5/2025 9:38,557.5,557.5,268.95,268.95,826.45,826.45
USORF,USORF,JPUKB,"Norfolk, VA, USORF","Norfolk, VA, USORF","Kobe, 28, JPUKB",JPUKB,ONEY,ONE,CHIM354B25,DRY,1,10/1/2025,12/31/2025,11/5/2025 9:38,674,674,342.26,342.26,1016.26,1016.26
USORF,USORF,JPUKB,"Norfolk, VA, USORF","Norfolk, VA, USORF","Kobe, 28, JPUKB",KOBE,EGLV,EMC,SC103574,DRY,,10/1/2025,12/31/2025,11/5/2025 9:38,950,950,311.74,311.74,1261.74,1261.74
USORF,USORF,JPUKB,"Norfolk, VA, USORF","Norfolk, VA, USORF","Kobe, 28, JPUKB",JPUKB,OOLU,OOCL,MT256104,DRY,2,10/20/2025,12/31/2025,11/5/2025 9:38,982,982,318.23,318.23,1300.23,1300.23
USORF,USORF,JPYKK,"Norfolk, VA, USORF","Norfolk, VA, USORF","Yokkaichi, 24, JPYKK","Nagoya, JP",MAEU,Maersk,300094432,DRY,0,10/16/2025,3/31/2026,10/22/2025 19:06,683.64,683.64,0,0,683.64,683.64
USORF,USORF,JPYOK,"Norfolk, VA, USORF","Norfolk, VA, USORF","Yokohama, 14, JPYOK",JPYOK,OOLU,OOCL,MT256104,DRY,2,10/20/2025,12/31/2025,11/5/2025 9:38,467,467,318.23,318.23,785.23,785.23
USORF,USORF,JPYOK,"Norfolk, VA, USORF","Norfolk, VA, USORF","Yokohama, 14, JPYOK",JPYOK,ONEY,ONE,CHIM354B25,DRY,1,10/1/2025,12/31/2025,11/5/2025 9:38,664,664,342.26,342.26,1006.26,1006.26
USORF,USORF,JPYOK,"Norfolk, VA, USORF","Norfolk, VA, USORF","Yokohama, 14, JPYOK",JPYOK,MAEU,Maersk,300094432,DRY,0,10/16/2025,3/31/2026,10/22/2025 19:06,934,934,0,0,934,934
USORF,USORF,KRKAN,"Norfolk, VA, USORF","Norfolk, VA, USORF","Gwangyang, 46, KRKAN",KRKAN,MAEU,Maersk,300094432,DRY,0,10/16/2025,3/31/2026,10/22/2025 19:06,407,407,0,0,407,407
USORF,USORF,KRKAN,"Norfolk, VA, USORF","Norfolk, VA, USORF","Gwangyang, 46, KRKAN",KRKAN,ONEY,ONE,CHIM354B25,DRY,1,10/1/2025,12/31/2025,11/5/2025 9:38,664,664,171.43,171.42,835.43,835.42
USORF,USORF,KRKWA,"Norfolk, VA, USORF","Norfolk, VA, USORF","Kwangyang, 49, KRKWA",KRPUS,YMLU,YML,51625,DRY,1,10/27/2025,12/31/2025,11/5/2025 9:38,657.5,657.5,125.98,125.98,783.48,783.48
USORF,USORF,KRPUS,"Norfolk, VA, USORF","Norfolk, VA, USORF","Busan, 26, KRPUS",KRPUS,YMLU,YML,51625,DRY,1,10/27/2025,12/31/2025,11/5/2025 9:38,107.5,107.5,125.98,125.98,233.48,233.48
USORF,USORF,KRPUS,"Norfolk, VA, USORF","Norfolk, VA, USORF","Busan, 26, KRPUS",KRPUS,OOLU,OOCL,MT256104,DRY,2,10/20/2025,12/31/2025,11/5/2025 9:38,317,317,132.98,132.98,449.98,449.98
USORF,USORF,KRPUS,"Norfolk, VA, USORF","Norfolk, VA, USORF","Busan, 26, KRPUS",KRPUS,MAEU,Maersk,300094432,DRY,0,10/16/2025,3/31/2026,10/22/2025 19:06,317,317,0,0,317,317
USORF,USORF,KRPUS,"Norfolk, VA, USORF","Norfolk, VA, USORF","Busan, 26, KRPUS",KRPUS,ONEY,ONE,CHIM354B25,DRY,1,10/1/2025,12/31/2025,11/5/2025 9:38,514,514,175.71,175.7,689.71,689.7
USORF,USORF,KRPUS,"Norfolk, VA, USORF","Norfolk, VA, USORF","Busan, 26, KRPUS",SGSIN,YMLU,YML,51625,DRY,1,10/27/2025,12/31/2025,11/5/2025 9:38,702.5,702.5,268.95,268.95,971.45,971.45
USORF,USORF,LKCMB,"Norfolk, VA, USORF","Norfolk, VA, USORF","Colombo, , LKCMB",LKCMB,ONEY,ONE,CHIM354B25,DRY,1,10/1/2025,12/31/2025,11/5/2025 9:38,1364,1364,0,0,1364,1364
USORF,USORF,LKCMB,"Norfolk, VA, USORF","Norfolk, VA, USORF","Colombo, , LKCMB",LKCMB,YMLU,YML,51625,DRY,1,10/27/2025,12/31/2025,11/5/2025 9:38,1607.5,1607.5,0,0,1607.5,1607.5
USORF,USORF,MYKCH,"Norfolk, VA, USORF","Norfolk, VA, USORF","Kuching, Sarawak, , MYKCH",SGSIN,YMLU,YML,51625,DRY,1,10/27/2025,12/31/2025,11/5/2025 9:38,1347.5,1347.5,268.95,268.95,1616.45,1616.45
USORF,USORF,MYPEN,"Norfolk, VA, USORF","Norfolk, VA, USORF","Penang, , MYPEN",MYPEN,YMLU,YML,51625,DRY,1,10/27/2025,12/31/2025,11/5/2025 9:38,557.5,557.5,192.69,192.69,750.19,750.19
USORF,USORF,MYPEN,"Norfolk, VA, USORF","Norfolk, VA, USORF","Penang, , MYPEN",MYPEN,ONEY,ONE,CHIM354B25,DRY,1,10/1/2025,12/31/2025,11/5/2025 9:38,574,574,203.44,203.44,777.44,777.44
USORF,USORF,MYPEN,"Norfolk, VA, USORF","Norfolk, VA, USORF","Penang, , MYPEN",MYPEN,MAEU,Maersk,300094432,DRY,0,10/16/2025,3/31/2026,10/22/2025 19:06,897,897,0,0,897,897
USORF,USORF,MYPEN,"Norfolk, VA, USORF","Norfolk, VA, USORF","Penang, , MYPEN",MYPEN,OOLU,OOCL,MT256104,DRY,2,10/20/2025,12/31/2025,11/5/2025 9:38,962,962,191.02,202.96,1153.02,1164.96
USORF,USORF,MYPEN,"Norfolk, VA, USORF","Norfolk, VA, USORF","Penang, , MYPEN",CNSHG,YMLU,YML,51625,DRY,1,10/27/2025,12/31/2025,11/5/2025 9:38,1127.5,1127.5,224.8,224.8,1352.3,1352.3
USORF,USORF,MYPEN,"Norfolk, VA, USORF","Norfolk, VA, USORF","Penang, , MYPEN",SGSIN,YMLU,YML,51625,DRY,1,10/27/2025,12/31/2025,11/5/2025 9:38,1127.5,1127.5,268.95,268.95,1396.45,1396.45
USORF,USORF,MYPGU,"Norfolk, VA, USORF","Norfolk, VA, USORF","Pasir Gudang, Johor, , MYPGU",MYPGU,YMLU,YML,51625,DRY,1,10/27/2025,12/31/2025,11/5/2025 9:38,607.5,607.5,167.62,167.62,775.12,775.12
USORF,USORF,MYPGU,"Norfolk, VA, USORF","Norfolk, VA, USORF","Pasir Gudang, Johor, , MYPGU",MYPGU,ONEY,ONE,CHIM354B25,DRY,1,10/1/2025,12/31/2025,11/5/2025 9:38,724,724,180.75,180.75,904.75,904.75
USORF,USORF,MYPGU,"Norfolk, VA, USORF","Norfolk, VA, USORF","Pasir Gudang, Johor, , MYPGU","Tanjung Pelepas, MY",MAEU,Maersk,300094432,DRY,0,10/16/2025,3/31/2026,10/22/2025 19:06,897,897,0,0,897,897
USORF,USORF,MYPGU,"Norfolk, VA, USORF","Norfolk, VA, USORF","Pasir Gudang, Johor, , MYPGU",MYPGU,OOLU,OOCL,MT256104,DRY,2,10/20/2025,12/31/2025,11/5/2025 9:38,962,962,162.37,162.37,1124.37,1124.37
USORF,USORF,MYPGU,"Norfolk, VA, USORF","Norfolk, VA, USORF","Pasir Gudang, Johor, , MYPGU",SGSIN,YMLU,YML,51625,DRY,1,10/27/2025,12/31/2025,11/5/2025 9:38,982.5,982.5,268.95,268.95,1251.45,1251.45
USORF,USORF,MYPGU,"Norfolk, VA, USORF","Norfolk, VA, USORF","Pasir Gudang, Johor, , MYPGU",CNSHG,YMLU,YML,51625,DRY,1,10/27/2025,12/31/2025,11/5/2025 9:38,982.5,982.5,224.8,224.8,1207.3,1207.3
USORF,USORF,MYPKG,"Norfolk, VA, USORF","Norfolk, VA, USORF","Port Klang, 10, MYPKG",MYPKG,OOLU,OOCL,MT256104,DRY,2,10/20/2025,12/31/2025,11/5/2025 9:38,367,367,280.08,280.08,647.08,647.08
USORF,USORF,MYPKG,"Norfolk, VA, USORF","Norfolk, VA, USORF","Port Klang, 10, MYPKG",MYPKG,YMLU,YML,51625,DRY,1,10/27/2025,12/31/2025,11/5/2025 9:38,632.5,632.5,170.73,170.73,803.23,803.23
USORF,USORF,MYPKG,"Norfolk, VA, USORF","Norfolk, VA, USORF","Port Klang, 10, MYPKG",MYPKG,ONEY,ONE,CHIM354B25,DRY,1,10/1/2025,12/31/2025,11/5/2025 9:38,764,764,179.56,179.56,943.56,943.56
USORF,USORF,MYPKG,"Norfolk, VA, USORF","Norfolk, VA, USORF","Port Klang, 10, MYPKG",SGSIN,YMLU,YML,51625,DRY,1,10/27/2025,12/31/2025,11/5/2025 9:38,792.5,792.5,268.95,268.95,1061.45,1061.45
USORF,USORF,MYPKG,"Norfolk, VA, USORF","Norfolk, VA, USORF","Port Klang, 10, MYPKG",CNNBG,YMLU,YML,51625,DRY,1,10/27/2025,12/31/2025,11/5/2025 9:38,792.5,792.5,224.8,224.8,1017.3,1017.3
USORF,USORF,MYPKG,"Norfolk, VA, USORF","Norfolk, VA, USORF","Port Klang, 10, MYPKG",CNSHG,YMLU,YML,51625,DRY,1,10/27/2025,12/31/2025,11/5/2025 9:38,792.5,792.5,224.8,224.8,1017.3,1017.3
USORF,USORF,MYPKG,"Norfolk, VA, USORF","Norfolk, VA, USORF","Port Klang, 10, MYPKG",MYPKG,MAEU,Maersk,300094432,DRY,0,10/16/2025,3/31/2026,10/22/2025 19:06,897,897,0,0,897,897
USORF,USORF,MYPKG,"Norfolk, VA, USORF","Norfolk, VA, USORF","Port Klang, 10, MYPKG",CNSHG,YMLU,YML,51625,DRY,1,10/27/2025,12/31/2025,11/5/2025 9:38,982.5,982.5,224.8,224.8,1207.3,1207.3
USORF,USORF,MYPKG,"Norfolk, VA, USORF","Norfolk, VA, USORF","Port Klang, 10, MYPKG",SGSIN,YMLU,YML,51625,DRY,1,10/27/2025,12/31/2025,11/5/2025 9:38,982.5,982.5,268.95,268.95,1251.45,1251.45
USORF,USORF,MYTPP,"Norfolk, VA, USORF","Norfolk, VA, USORF","Tanjung Pelepas, 1, MYTPP",MYTPP,MAEU,Maersk,300094432,DRY,0,10/16/2025,3/31/2026,10/22/2025 19:06,697,697,0,0,697,697
USORF,USORF,PAROD,"Norfolk, VA, USORF","Norfolk, VA, USORF","Rodman, 8, PAROD",PAROD,ONEY,ONE,CHIM354B25,DRY,1,10/1/2025,12/31/2025,11/5/2025 9:38,1488,1488,292,292,1780,1780
USORF,USORF,PECLL,"Norfolk, VA, USORF","Norfolk, VA, USORF","Callao, , PECLL",PECLL,ONEY,ONE,CHIM354B25,DRY,1,10/1/2025,12/31/2025,11/5/2025 9:38,1183,1183,105,105,1288,1288
USORF,USORF,PHCEB,"Norfolk, VA, USORF","Norfolk, VA, USORF","Cebu, , PHCEB",PHCEB,OOLU,OOCL,MT256104,DRY,2,10/20/2025,12/31/2025,11/5/2025 9:38,952,952,236,236,1188,1188
USORF,USORF,PHCEB,"Norfolk, VA, USORF","Norfolk, VA, USORF","Cebu, , PHCEB",PHCEB,MAEU,Maersk,300094432,DRY,0,10/16/2025,3/31/2026,10/22/2025 19:06,1028,1028,0,0,1028,1028
USORF,USORF,PHCEB,"Norfolk, VA, USORF","Norfolk, VA, USORF","Cebu, , PHCEB",TWKHH,YMLU,YML,51625,DRY,1,10/27/2025,12/31/2025,11/5/2025 9:38,1762.5,1762.5,227.3,227.3,1989.8,1989.8
USORF,USORF,PHDVO,"Norfolk, VA, USORF","Norfolk, VA, USORF","Davao, Mindanao, , PHDVO",DAVAO,EGLV,EMC,SC103574,DRY,,10/1/2025,12/31/2025,11/5/2025 9:38,800,800,253,286,1053,1086
USORF,USORF,PHDVO,"Norfolk, VA, USORF","Norfolk, VA, USORF","Davao, Mindanao, , PHDVO",CNSHG,YMLU,YML,51625,DRY,1,10/27/2025,12/31/2025,11/5/2025 9:38,1517.5,1517.5,224.8,224.8,1742.3,1742.3
USORF,USORF,PHDVO,"Norfolk, VA, USORF","Norfolk, VA, USORF","Davao, Mindanao, , PHDVO",SGSIN,YMLU,YML,51625,DRY,1,10/27/2025,12/31/2025,11/5/2025 9:38,1517.5,1517.5,268.95,268.95,1786.45,1786.45
USORF,USORF,PHMNL,"Norfolk, VA, USORF","Norfolk, VA, USORF","Manila, , PHMNL",PHMNL,YMLU,YML,51625,DRY,1,10/27/2025,12/31/2025,11/5/2025 9:38,807.5,807.5,248,281,1055.5,1088.5
USORF,USORF,PHMNL,"Norfolk, VA, USORF","Norfolk, VA, USORF","Manila, , PHMNL",TWKHH,YMLU,YML,51625,DRY,1,10/27/2025,12/31/2025,11/5/2025 9:38,882.5,882.5,227.3,227.3,1109.8,1109.8
USORF,USORF,PHMNL,"Norfolk, VA, USORF","Norfolk, VA, USORF","Manila, , PHMNL",PHMNL,ONEY,ONE,CHIM354B25,DRY,1,10/1/2025,12/31/2025,11/5/2025 9:38,889,889,265,265,1154,1154
USORF,USORF,PHMNL,"Norfolk, VA, USORF","Norfolk, VA, USORF","Manila, , PHMNL",PHMNL,MAEU,Maersk,300094432,DRY,0,10/16/2025,3/31/2026,10/22/2025 19:06,890,890,0,0,890,890
USORF,USORF,PHMNL,"Norfolk, VA, USORF","Norfolk, VA, USORF","Manila, , PHMNL",MANILA (NORTH PORT),EGLV,EMC,SC103574,DRY,,10/1/2025,12/31/2025,11/5/2025 9:38,950,950,230,260,1180,1210
USORF,USORF,PHMNL,"Norfolk, VA, USORF","Norfolk, VA, USORF","Manila, , PHMNL",PHMNL,OOLU,OOCL,MT256104,DRY,2,10/20/2025,12/31/2025,11/5/2025 9:38,952,952,236,236,1188,1188
USORF,USORF,PHMNS,"Norfolk, VA, USORF","Norfolk, VA, USORF","Manila South Harbour, , PHMNS",MANILA SOUTH PORT,EGLV,EMC,SC103574,DRY,,10/1/2025,12/31/2025,11/5/2025 9:38,950,950,306,336,1256,1286
USORF,USORF,PKBQM,"Norfolk, VA, USORF","Norfolk, VA, USORF","Port Qasim/Karachi, SD, PKBQM",PKBQM,MAEU,Maersk,300094432,DRY,0,10/16/2025,3/31/2026,10/22/2025 19:06,1424,1424,0,0,1424,1424
USORF,USORF,PKKHI,"Norfolk, VA, USORF","Norfolk, VA, USORF","Karachi, SD, PKKHI",KARACHI,EGLV,EMC,SC103574,DRY,,10/1/2025,12/31/2025,11/5/2025 9:38,1300,1300,170,170,1470,1470
USORF,USORF,PKKHI,"Norfolk, VA, USORF","Norfolk, VA, USORF","Karachi, SD, PKKHI","Keamari Karachi, PK",MAEU,Maersk,300094432,DRY,0,10/16/2025,3/31/2026,10/22/2025 19:06,1424,1424,0,0,1424,1424
USORF,USORF,PKKHI,"Norfolk, VA, USORF","Norfolk, VA, USORF","Karachi, SD, PKKHI",PKKHI,ONEY,ONE,CHIM354B25,DRY,1,10/1/2025,12/31/2025,11/5/2025 9:38,1974,1974,428,428,2402,2402
USORF,USORF,PKQCT,"Norfolk, VA, USORF","Norfolk, VA, USORF","Qasim Container Terminal/Karachi, , PKQCT",PKQCT,OOLU,OOCL,MT256104,DRY,2,10/20/2025,12/31/2025,11/5/2025 9:38,947,947,155,155,1102,1102
USORF,USORF,PTLEI,"Norfolk, VA, USORF","Norfolk, VA, USORF","Leixoes, 13, PTLEI",PTLEI,MAEU,Maersk,300094432,DRY,0,10/16/2025,3/31/2026,10/22/2025 19:06,1636,1636,0,0,1636,1636
USORF,USORF,PTLEI,"Norfolk, VA, USORF","Norfolk, VA, USORF","Leixoes, 13, PTLEI",PTLEI,ONEY,ONE,CHIM354B25,DRY,1,10/1/2025,12/31/2025,11/5/2025 9:38,2169,2169,345.67,345.67,2514.67,2514.67
USORF,USORF,PTLIS,"Norfolk, VA, USORF","Norfolk, VA, USORF","Lisboa, 11, PTLIS",PTLIS,ONEY,ONE,CHIM354B25,DRY,1,10/1/2025,12/31/2025,11/5/2025 9:38,1704,1704,345.67,345.67,2049.67,2049.67
USORF,USORF,SGSIN,"Norfolk, VA, USORF","Norfolk, VA, USORF","Singapore, , SGSIN",SGSIN,YMLU,YML,51625,DRY,1,10/27/2025,12/31/2025,11/5/2025 9:38,257.5,257.5,268.95,268.95,526.45,526.45
USORF,USORF,SGSIN,"Norfolk, VA, USORF","Norfolk, VA, USORF","Singapore, , SGSIN",SGSIN,OOLU,OOCL,MT256104,DRY,2,10/20/2025,12/31/2025,11/5/2025 4:10,367,367,299.69,299.69,666.69,666.69
USORF,USORF,SGSIN,"Norfolk, VA, USORF","Norfolk, VA, USORF","Singapore, , SGSIN",SGSIN,YMLU,YML,51625,DRY,1,10/27/2025,12/31/2025,11/5/2025 9:38,382.5,382.5,268.95,268.95,651.45,651.45
USORF,USORF,SGSIN,"Norfolk, VA, USORF","Norfolk, VA, USORF","Singapore, , SGSIN",CNSHG,YMLU,YML,51625,DRY,1,10/27/2025,12/31/2025,11/5/2025 9:38,512.5,512.5,224.8,224.8,737.3,737.3
USORF,USORF,SGSIN,"Norfolk, VA, USORF","Norfolk, VA, USORF","Singapore, , SGSIN",CNNBG,YMLU,YML,51625,DRY,1,10/27/2025,12/31/2025,11/5/2025 9:38,512.5,512.5,224.8,224.8,737.3,737.3
USORF,USORF,SGSIN,"Norfolk, VA, USORF","Norfolk, VA, USORF","Singapore, , SGSIN",SGSIN,MAEU,Maersk,300094432,DRY,0,10/16/2025,3/31/2026,10/22/2025 19:06,611,611,0,0,611,611
USORF,USORF,SGSIN,"Norfolk, VA, USORF","Norfolk, VA, USORF","Singapore, , SGSIN",SGSIN,ONEY,ONE,CHIM354B25,DRY,1,10/1/2025,12/31/2025,11/5/2025 9:38,614,614,339.65,339.65,953.65,953.65
USORF,USORF,THBKK,"Norfolk, VA, USORF","Norfolk, VA, USORF","Bangkok, , THBKK",THBKK,OOLU,OOCL,MT256104,DRY,2,10/20/2025,12/31/2025,11/5/2025 9:38,472,472,134.3,134.3,606.3,606.3
USORF,USORF,THBKK,"Norfolk, VA, USORF","Norfolk, VA, USORF","Bangkok, , THBKK",THBKK,ONEY,ONE,CHIM354B25,DRY,1,10/1/2025,12/31/2025,11/5/2025 9:38,624,624,191.42,191.42,815.42,815.42
USORF,USORF,THBKK,"Norfolk, VA, USORF","Norfolk, VA, USORF","Bangkok, , THBKK",SGSIN,YMLU,YML,51625,DRY,1,10/27/2025,12/31/2025,11/5/2025 9:38,632.5,632.5,268.95,268.95,901.45,901.45
USORF,USORF,THBKK,"Norfolk, VA, USORF","Norfolk, VA, USORF","Bangkok, , THBKK",CNNBG,YMLU,YML,51625,DRY,1,10/27/2025,12/31/2025,11/5/2025 9:38,632.5,632.5,224.8,224.8,857.3,857.3
USORF,USORF,THBKK,"Norfolk, VA, USORF","Norfolk, VA, USORF","Bangkok, , THBKK",CNSHG,YMLU,YML,51625,DRY,1,10/27/2025,12/31/2025,11/5/2025 9:38,632.5,632.5,224.8,224.8,857.3,857.3
USORF,USORF,THBKK,"Norfolk, VA, USORF","Norfolk, VA, USORF","Bangkok, , THBKK","Laem Chabang, TH",MAEU,Maersk,300094432,DRY,0,10/16/2025,3/31/2026,10/22/2025 19:06,640,640,0,0,640,640
USORF,USORF,THBKK,"Norfolk, VA, USORF","Norfolk, VA, USORF","Bangkok, , THBKK",THLCH,YMLU,YML,51625,DRY,1,10/27/2025,12/31/2025,11/5/2025 9:38,707.5,707.5,135.84,135.84,843.34,843.34
USORF,USORF,THBKK,"Norfolk, VA, USORF","Norfolk, VA, USORF","Bangkok, , THBKK",THLCH,YMLU,YML,51625,DRY,1,10/27/2025,12/31/2025,11/5/2025 9:38,712.5,712.5,135.84,135.84,848.34,848.34
USORF,USORF,THBKK,"Norfolk, VA, USORF","Norfolk, VA, USORF","Bangkok, , THBKK",BANGKOK,EGLV,EMC,SC103574,DRY,,10/1/2025,12/31/2025,11/5/2025 9:38,1000,1000,132.76,132.76,1132.76,1132.76
USORF,USORF,THBMT,"Norfolk, VA, USORF","Norfolk, VA, USORF","Bangkok Modern Terminals, , THBMT",THLCH,YMLU,YML,51625,DRY,1,10/27/2025,12/31/2025,11/5/2025 9:38,707.5,707.5,135.84,135.84,843.34,843.34
USORF,USORF,THLCH,"Norfolk, VA, USORF","Norfolk, VA, USORF","Laem Chabang, 20, THLCH",THLCH,YMLU,YML,51625,DRY,1,10/27/2025,12/31/2025,11/5/2025 9:38,107.5,107.5,135.84,135.84,243.34,243.34
USORF,USORF,THLCH,"Norfolk, VA, USORF","Norfolk, VA, USORF","Laem Chabang, 20, THLCH",THLCH,OOLU,OOCL,MT256104,DRY,2,10/20/2025,12/31/2025,11/5/2025 9:38,272,272,134.3,134.3,406.3,406.3
USORF,USORF,THLCH,"Norfolk, VA, USORF","Norfolk, VA, USORF","Laem Chabang, 20, THLCH",THLCH,YMLU,YML,51625,DRY,1,10/27/2025,12/31/2025,11/5/2025 9:38,457.5,457.5,135.84,135.84,593.34,593.34
USORF,USORF,THLCH,"Norfolk, VA, USORF","Norfolk, VA, USORF","Laem Chabang, 20, THLCH",THLCH,ONEY,ONE,CHIM354B25,DRY,1,10/1/2025,12/31/2025,11/5/2025 9:38,514,514,251.93,251.93,765.93,765.93
USORF,USORF,THLCH,"Norfolk, VA, USORF","Norfolk, VA, USORF","Laem Chabang, 20, THLCH",SGSIN,YMLU,YML,51625,DRY,1,10/27/2025,12/31/2025,11/5/2025 9:38,552.5,552.5,268.95,268.95,821.45,821.45
USORF,USORF,THLCH,"Norfolk, VA, USORF","Norfolk, VA, USORF","Laem Chabang, 20, THLCH",THLCH,MAEU,Maersk,300094432,DRY,0,10/16/2025,3/31/2026,10/22/2025 19:06,616,616,0,0,616,616
USORF,USORF,THLCH,"Norfolk, VA, USORF","Norfolk, VA, USORF","Laem Chabang, 20, THLCH",CNSHG,YMLU,YML,51625,DRY,1,10/27/2025,12/31/2025,11/5/2025 9:38,702.5,702.5,224.8,224.8,927.3,927.3
USORF,USORF,THLCH,"Norfolk, VA, USORF","Norfolk, VA, USORF","Laem Chabang, 20, THLCH",CNNBG,YMLU,YML,51625,DRY,1,10/27/2025,12/31/2025,11/5/2025 9:38,702.5,702.5,224.8,224.8,927.3,927.3
USORF,USORF,THLCH,"Norfolk, VA, USORF","Norfolk, VA, USORF","Laem Chabang, 20, THLCH",LAEM CHABANG,EGLV,EMC,SC103574,DRY,,10/1/2025,12/31/2025,11/5/2025 9:38,800,800,132.76,132.76,932.76,932.76
USORF,USORF,THLKR,"Norfolk, VA, USORF","Norfolk, VA, USORF","Lat Krabang, 10, THLKR",THLCH,YMLU,YML,51625,DRY,1,10/27/2025,12/31/2025,11/5/2025 9:38,432.5,432.5,135.84,135.84,568.34,568.34
USORF,USORF,THLKR,"Norfolk, VA, USORF","Norfolk, VA, USORF","Lat Krabang, 10, THLKR",THLKR,OOLU,OOCL,MT256104,DRY,2,10/20/2025,12/31/2025,11/5/2025 9:38,472,472,134.3,134.3,606.3,606.3
USORF,USORF,THLKR,"Norfolk, VA, USORF","Norfolk, VA, USORF","Lat Krabang, 10, THLKR",THLKR,ONEY,ONE,CHIM354B25,DRY,1,10/1/2025,12/31/2025,11/5/2025 9:38,564,564,251.93,251.93,815.93,815.93
USORF,USORF,THLKR,"Norfolk, VA, USORF","Norfolk, VA, USORF","Lat Krabang, 10, THLKR",THLCH,YMLU,YML,51625,DRY,1,10/27/2025,12/31/2025,11/5/2025 9:38,607.5,607.5,135.84,135.84,743.34,743.34
USORF,USORF,THSBP,"Norfolk, VA, USORF","Norfolk, VA, USORF","Siam Bangkok Port, , THSBP",VNCMT,YMLU,YML,51625,DRY,1,10/27/2025,12/31/2025,11/5/2025 9:38,692.5,692.5,135.84,135.84,828.34,828.34
USORF,USORF,THSCT,"Norfolk, VA, USORF","Norfolk, VA, USORF","Siam Container Terminal, 11, THSCT",THLCH,YMLU,YML,51625,DRY,1,10/27/2025,12/31/2025,11/5/2025 9:38,747.5,747.5,135.84,135.84,883.34,883.34
USORF,USORF,THSGZ,"Norfolk, VA, USORF","Norfolk, VA, USORF","Songkhla, 90, THSGZ",SGSIN,YMLU,YML,51625,DRY,1,10/27/2025,12/31/2025,11/5/2025 9:38,1502.5,1502.5,268.95,268.95,1771.45,1771.45
USORF,USORF,THSPS,"Norfolk, VA, USORF","Norfolk, VA, USORF","Samut Prakan Sahathai Terminal, 11, THSPS",THLCH,YMLU,YML,51625,DRY,1,10/27/2025,12/31/2025,11/5/2025 9:38,712.5,712.5,135.84,135.84,848.34,848.34
USORF,USORF,TRALI,"Norfolk, VA, USORF","Norfolk, VA, USORF","Aliaga, 35, TRALI",TRALI,OOLU,OOCL,MT256104,DRY,2,10/20/2025,12/31/2025,11/5/2025 9:38,790,790,377,377,1167,1167
USORF,USORF,TRALI,"Norfolk, VA, USORF","Norfolk, VA, USORF","Aliaga, 35, TRALI",TRALI,ONEY,ONE,CHIM354B25,DRY,1,10/1/2025,12/31/2025,11/5/2025 9:38,836,836,400,400,1236,1236
USORF,USORF,TRGEB,"Norfolk, VA, USORF","Norfolk, VA, USORF","Gebze, 41, TRGEB",TRGEB,OOLU,OOCL,MT256104,DRY,2,10/20/2025,12/31/2025,11/5/2025 9:38,940,940,0,0,940,940
USORF,USORF,TRGEM,"Norfolk, VA, USORF","Norfolk, VA, USORF","Gemlik, 16, TRGEM",TRGEM,OOLU,OOCL,MT256104,DRY,2,10/20/2025,12/31/2025,11/5/2025 9:38,940,940,0,0,940,940
USORF,USORF,TRGEM,"Norfolk, VA, USORF","Norfolk, VA, USORF","Gemlik, 16, TRGEM",TRGEM,MAEU,Maersk,300094432,DRY,0,10/16/2025,3/31/2026,10/22/2025 19:06,1449,1449,0,0,1449,1449
USORF,USORF,TRISK,"Norfolk, VA, USORF","Norfolk, VA, USORF","Iskenderun, 31, TRISK",TRISK,OOLU,OOCL,MT256104,DRY,2,10/20/2025,12/31/2025,11/5/2025 9:38,790,790,275,275,1065,1065
USORF,USORF,TRISK,"Norfolk, VA, USORF","Norfolk, VA, USORF","Iskenderun, 31, TRISK",TRISK,ONEY,ONE,CHIM354B25,DRY,1,10/1/2025,12/31/2025,11/5/2025 9:38,846,846,350,350,1196,1196
USORF,USORF,TRISK,"Norfolk, VA, USORF","Norfolk, VA, USORF","Iskenderun, 31, TRISK",TRISK,MAEU,Maersk,300094432,DRY,0,10/16/2025,3/31/2026,10/22/2025 19:06,1096,1096,0,0,1096,1096
USORF,USORF,TRIST,"Norfolk, VA, USORF","Norfolk, VA, USORF","Istanbul, 34, TRIST",TRIST,MAEU,Maersk,300094432,DRY,0,10/16/2025,3/31/2026,10/22/2025 19:06,684,684,0,0,684,684
USORF,USORF,TRIST,"Norfolk, VA, USORF","Norfolk, VA, USORF","Istanbul, 34, TRIST",TRIST,ONEY,ONE,CHIM354B25,DRY,1,10/1/2025,12/31/2025,11/5/2025 9:38,836,836,400,400,1236,1236
USORF,USORF,TRIZM,"Norfolk, VA, USORF","Norfolk, VA, USORF","Izmir, 35, TRIZM",TRIZM,OOLU,OOCL,MT256104,DRY,2,10/20/2025,12/31/2025,11/5/2025 9:38,940,940,275,275,1215,1215
USORF,USORF,TRIZM,"Norfolk, VA, USORF","Norfolk, VA, USORF","Izmir, 35, TRIZM",TRIZM,MAEU,Maersk,300094432,DRY,0,10/16/2025,3/31/2026,10/22/2025 19:06,1349,1349,0,0,1349,1349
USORF,USORF,TRMER,"Norfolk, VA, USORF","Norfolk, VA, USORF","Mersin, 33, TRMER",TRMER,OOLU,OOCL,MT256104,DRY,2,10/20/2025,12/31/2025,11/5/2025 9:38,940,940,272,272,1212,1212
USORF,USORF,TRMER,"Norfolk, VA, USORF","Norfolk, VA, USORF","Mersin, 33, TRMER",TRMER,MAEU,Maersk,300094432,DRY,0,10/16/2025,3/31/2026,10/22/2025 19:06,1220,1220,0,0,1220,1220
USORF,USORF,TWKEL,"Norfolk, VA, USORF","Norfolk, VA, USORF","Keelung, , TWKEL",TWKHH,YMLU,YML,51625,DRY,1,10/27/2025,12/31/2025,11/5/2025 9:38,307.5,307.5,227.3,227.3,534.8,534.8
USORF,USORF,TWKEL,"Norfolk, VA, USORF","Norfolk, VA, USORF","Keelung, , TWKEL",TWKEL,YMLU,YML,51625,DRY,1,10/27/2025,12/31/2025,11/5/2025 9:38,307.5,307.5,227.3,227.3,534.8,534.8
USORF,USORF,TWKEL,"Norfolk, VA, USORF","Norfolk, VA, USORF","Keelung, , TWKEL",TWKEL,YMLU,YML,51625,DRY,1,10/27/2025,12/31/2025,11/5/2025 9:38,407.5,407.5,227.3,227.3,634.8,634.8
USORF,USORF,TWKEL,"Norfolk, VA, USORF","Norfolk, VA, USORF","Keelung, , TWKEL",TWKEL,OOLU,OOCL,MT256104,DRY,2,10/20/2025,12/31/2025,11/5/2025 9:38,572,572,227.3,255.71,799.3,827.71
USORF,USORF,TWKEL,"Norfolk, VA, USORF","Norfolk, VA, USORF","Keelung, , TWKEL",TWKEL,ONEY,ONE,CHIM354B25,DRY,1,10/1/2025,12/31/2025,11/5/2025 9:38,674,674,227.3,255.71,901.3,929.71
USORF,USORF,TWKEL,"Norfolk, VA, USORF","Norfolk, VA, USORF","Keelung, , TWKEL",TWKHH,YMLU,YML,51625,DRY,1,10/27/2025,12/31/2025,11/5/2025 9:38,732.5,732.5,227.3,227.3,959.8,959.8
USORF,USORF,TWKEL,"Norfolk, VA, USORF","Norfolk, VA, USORF","Keelung, , TWKEL",TWKEL,MAEU,Maersk,300094432,DRY,0,10/16/2025,3/31/2026,10/22/2025 19:06,867,867,0,0,867,867
USORF,USORF,TWKHH,"Norfolk, VA, USORF","Norfolk, VA, USORF","Kaohsiung, , TWKHH",TWKHH,YMLU,YML,51625,DRY,1,10/27/2025,12/31/2025,11/5/2025 9:38,107.5,107.5,227.3,227.3,334.8,334.8
USORF,USORF,TWKHH,"Norfolk, VA, USORF","Norfolk, VA, USORF","Kaohsiung, , TWKHH",TWKHH,YMLU,YML,51625,DRY,1,10/27/2025,12/31/2025,11/5/2025 9:38,207.5,207.5,227.3,227.3,434.8,434.8
USORF,USORF,TWKHH,"Norfolk, VA, USORF","Norfolk, VA, USORF","Kaohsiung, , TWKHH",TWKHH,OOLU,OOCL,MT256104,DRY,2,10/20/2025,12/31/2025,11/5/2025 9:38,292,292,227.3,255.71,519.3,547.71
USORF,USORF,TWKHH,"Norfolk, VA, USORF","Norfolk, VA, USORF","Kaohsiung, , TWKHH",TWKHH,ONEY,ONE,CHIM354B25,DRY,1,10/1/2025,12/31/2025,11/5/2025 9:38,374,374,227.3,255.71,601.3,629.71
USORF,USORF,TWKHH,"Norfolk, VA, USORF","Norfolk, VA, USORF","Kaohsiung, , TWKHH",TWKHH,YMLU,YML,51625,DRY,1,10/27/2025,12/31/2025,11/5/2025 9:38,382.5,382.5,227.3,227.3,609.8,609.8
USORF,USORF,TWKHH,"Norfolk, VA, USORF","Norfolk, VA, USORF","Kaohsiung, , TWKHH",KAOHSIUNG,EGLV,EMC,SC103574,DRY,,10/1/2025,12/31/2025,11/5/2025 9:38,450,450,227.3,227.3,677.3,677.3
USORF,USORF,TWKHH,"Norfolk, VA, USORF","Norfolk, VA, USORF","Kaohsiung, , TWKHH",TWKHH,MAEU,Maersk,300094432,DRY,0,10/16/2025,3/31/2026,10/22/2025 19:06,1963,1963,0,0,1963,1963
USORF,USORF,TWTPE,"Norfolk, VA, USORF","Norfolk, VA, USORF","Taipei, TPE, TWTPE",TAIPEI,EGLV,EMC,SC103574,DRY,,10/1/2025,12/31/2025,11/5/2025 9:38,650,650,227.3,227.3,877.3,877.3
USORF,USORF,TWTPE,"Norfolk, VA, USORF","Norfolk, VA, USORF","Taipei, TPE, TWTPE",TWTPE,ONEY,ONE,CHIM354B25,DRY,1,10/1/2025,12/31/2025,11/5/2025 9:38,814,814,227.3,255.71,1041.3,1069.71
USORF,USORF,TWTXG,"Norfolk, VA, USORF","Norfolk, VA, USORF","Taichung, , TWTXG",TWTXG,YMLU,YML,51625,DRY,1,10/27/2025,12/31/2025,11/5/2025 9:38,157.5,157.5,227.3,227.3,384.8,384.8
USORF,USORF,TWTXG,"Norfolk, VA, USORF","Norfolk, VA, USORF","Taichung, , TWTXG",TWKHH,YMLU,YML,51625,DRY,1,10/27/2025,12/31/2025,11/5/2025 9:38,482.5,482.5,227.3,227.3,709.8,709.8
USORF,USORF,TWTXG,"Norfolk, VA, USORF","Norfolk, VA, USORF","Taichung, , TWTXG",TWTXG,ONEY,ONE,CHIM354B25,DRY,1,10/1/2025,12/31/2025,11/5/2025 9:38,564,564,227.3,255.71,791.3,819.71
USORF,USORF,TWTXG,"Norfolk, VA, USORF","Norfolk, VA, USORF","Taichung, , TWTXG",TWTXG,OOLU,OOCL,MT256104,DRY,2,10/20/2025,12/31/2025,11/5/2025 9:38,572,572,227.3,255.71,799.3,827.71
USORF,USORF,TWTXG,"Norfolk, VA, USORF","Norfolk, VA, USORF","Taichung, , TWTXG",TWTXG,MAEU,Maersk,300094432,DRY,0,10/16/2025,3/31/2026,10/22/2025 19:06,953,953,0,0,953,953
USORF,USORF,TWTYN,"Norfolk, VA, USORF","Norfolk, VA, USORF","Taoyuan, , TWTYN",TWTYN,YMLU,YML,51625,DRY,1,10/27/2025,12/31/2025,11/5/2025 9:38,357.5,357.5,227.3,227.3,584.8,584.8
USORF,USORF,TWTYN,"Norfolk, VA, USORF","Norfolk, VA, USORF","Taoyuan, , TWTYN",TWKHH,YMLU,YML,51625,DRY,1,10/27/2025,12/31/2025,11/5/2025 9:38,532.5,532.5,227.3,227.3,759.8,759.8
USORF,USORF,TWTYN,"Norfolk, VA, USORF","Norfolk, VA, USORF","Taoyuan, , TWTYN",TWTYN,ONEY,ONE,CHIM354B25,DRY,1,10/1/2025,12/31/2025,11/5/2025 9:38,664,664,227.3,255.71,891.3,919.71
USORF,USORF,TWTYN,"Norfolk, VA, USORF","Norfolk, VA, USORF","Taoyuan, , TWTYN","Keelung, TW",MAEU,Maersk,300094432,DRY,0,10/16/2025,3/31/2026,10/22/2025 19:06,1169,1169,0,0,1169,1169
USORF,USORF,VNBDG,"Norfolk, VA, USORF","Norfolk, VA, USORF","Binh Duong Terminal, 39, VNBDG",VNCMT,YMLU,YML,51625,DRY,1,10/27/2025,12/31/2025,11/5/2025 9:38,562.5,562.5,177.38,177.38,739.88,739.88
USORF,USORF,VNCLI,"Norfolk, VA, USORF","Norfolk, VA, USORF","Cat Lai, 65, VNCLI",VNCMT,YMLU,YML,51625,DRY,1,10/27/2025,12/31/2025,11/5/2025 9:38,57.5,57.5,177.38,177.38,234.88,234.88
USORF,USORF,VNCLI,"Norfolk, VA, USORF","Norfolk, VA, USORF","Cat Lai, 65, VNCLI",VNCMT,YMLU,YML,51625,DRY,1,10/27/2025,12/31/2025,11/5/2025 9:38,532.5,532.5,177.38,177.38,709.88,709.88
USORF,USORF,VNCLI,"Norfolk, VA, USORF","Norfolk, VA, USORF","Cat Lai, 65, VNCLI",TWKHH,YMLU,YML,51625,DRY,1,10/27/2025,12/31/2025,11/5/2025 9:38,532.5,532.5,227.3,227.3,759.8,759.8
USORF,USORF,VNCMT,"Norfolk, VA, USORF","Norfolk, VA, USORF","Cai Mep Terminal, 43, VNCMT",VNCMT,YMLU,YML,51625,DRY,1,10/27/2025,12/31/2025,11/5/2025 9:38,57.5,57.5,177.38,177.38,234.88,234.88
USORF,USORF,VNCMT,"Norfolk, VA, USORF","Norfolk, VA, USORF","Cai Mep Terminal, 43, VNCMT",VNCMT,YMLU,YML,51625,DRY,1,10/27/2025,12/31/2025,11/5/2025 9:38,382.5,382.5,177.38,177.38,559.88,559.88
USORF,USORF,VNCMT,"Norfolk, VA, USORF","Norfolk, VA, USORF","Cai Mep Terminal, 43, VNCMT",VNCMT,ONEY,ONE,CHIM354B25,DRY,1,10/1/2025,12/31/2025,11/5/2025 9:38,524,524,182.41,182.41,706.41,706.41
USORF,USORF,VNCMT,"Norfolk, VA, USORF","Norfolk, VA, USORF","Cai Mep Terminal, 43, VNCMT",SGSIN,YMLU,YML,51625,DRY,1,10/27/2025,12/31/2025,11/5/2025 9:38,602.5,602.5,268.95,268.95,871.45,871.45
USORF,USORF,VNDAD,"Norfolk, VA, USORF","Norfolk, VA, USORF","Da Nang, , VNDAD",DA NANG,EGLV,EMC,SC103574,DRY,,10/1/2025,12/31/2025,11/5/2025 9:38,600,600,167.59,167.59,767.59,767.59
USORF,USORF,VNDAD,"Norfolk, VA, USORF","Norfolk, VA, USORF","Da Nang, , VNDAD",VNDAD,MAEU,Maersk,300094432,DRY,0,10/16/2025,3/31/2026,11/3/2025 4:10,652,652,199.51,199.51,851.51,851.51
USORF,USORF,VNDAD,"Norfolk, VA, USORF","Norfolk, VA, USORF","Da Nang, , VNDAD",VNDAD,ONEY,ONE,CHIM354B25,DRY,1,10/1/2025,12/31/2025,11/5/2025 9:38,749,749,182.41,182.41,931.41,931.41
USORF,USORF,VNDAD,"Norfolk, VA, USORF","Norfolk, VA, USORF","Da Nang, , VNDAD",VNCMT,YMLU,YML,51625,DRY,1,10/27/2025,12/31/2025,11/5/2025 9:38,912.5,912.5,177.38,177.38,1089.88,1089.88
USORF,USORF,VNDAD,"Norfolk, VA, USORF","Norfolk, VA, USORF","Da Nang, , VNDAD",TWKHH,YMLU,YML,51625,DRY,1,10/27/2025,12/31/2025,11/5/2025 9:38,912.5,912.5,227.3,227.3,1139.8,1139.8
USORF,USORF,VNDNA,"Norfolk, VA, USORF","Norfolk, VA, USORF","Dong Nai, , VNDNA",VNCMT,YMLU,YML,51625,DRY,1,10/27/2025,12/31/2025,11/5/2025 9:38,562.5,562.5,177.38,177.38,739.88,739.88
USORF,USORF,VNHPH,"Norfolk, VA, USORF","Norfolk, VA, USORF","Haiphong, , VNHPH",VNHPH,YMLU,YML,51625,DRY,1,10/27/2025,12/31/2025,11/5/2025 9:38,157.5,157.5,177.38,177.38,334.88,334.88
USORF,USORF,VNHPH,"Norfolk, VA, USORF","Norfolk, VA, USORF","Haiphong, , VNHPH",VNHPH,OOLU,OOCL,MT256104,DRY,2,10/20/2025,12/31/2025,11/5/2025 9:38,367,367,143,143,510,510
USORF,USORF,VNHPH,"Norfolk, VA, USORF","Norfolk, VA, USORF","Haiphong, , VNHPH",HAIPHONG,EGLV,EMC,SC103574,DRY,,10/1/2025,12/31/2025,11/5/2025 9:38,600,600,167.59,167.59,767.59,767.59
USORF,USORF,VNHPH,"Norfolk, VA, USORF","Norfolk, VA, USORF","Haiphong, , VNHPH",VNHPH,MAEU,Maersk,300094432,DRY,0,10/16/2025,3/31/2026,10/22/2025 19:06,617,617,0,0,617,617
USORF,USORF,VNHPH,"Norfolk, VA, USORF","Norfolk, VA, USORF","Haiphong, , VNHPH",VNHPH,ONEY,ONE,CHIM354B25,DRY,1,10/1/2025,12/31/2025,11/5/2025 9:38,714,714,182.41,182.41,896.41,896.41
USORF,USORF,VNHPH,"Norfolk, VA, USORF","Norfolk, VA, USORF","Haiphong, , VNHPH",CNNBG,YMLU,YML,51625,DRY,1,10/27/2025,12/31/2025,11/5/2025 9:38,1082.5,1082.5,224.8,224.8,1307.3,1307.3
USORF,USORF,VNHPH,"Norfolk, VA, USORF","Norfolk, VA, USORF","Haiphong, , VNHPH",CNSHG,YMLU,YML,51625,DRY,1,10/27/2025,12/31/2025,11/5/2025 9:38,1082.5,1082.5,224.8,224.8,1307.3,1307.3
USORF,USORF,VNHPH,"Norfolk, VA, USORF","Norfolk, VA, USORF","Haiphong, , VNHPH",VNCMT,YMLU,YML,51625,DRY,1,10/27/2025,12/31/2025,11/5/2025 9:38,1082.5,1082.5,177.38,177.38,1259.88,1259.88
USORF,USORF,VNHPH,"Norfolk, VA, USORF","Norfolk, VA, USORF","Haiphong, , VNHPH",SGSIN,YMLU,YML,51625,DRY,1,10/27/2025,12/31/2025,11/5/2025 9:38,1082.5,1082.5,268.95,268.95,1351.45,1351.45
USORF,USORF,VNIPH,"Norfolk, VA, USORF","Norfolk, VA, USORF","Phuoc Long ICD, , VNIPH",VNCMT,YMLU,YML,51625,DRY,1,10/27/2025,12/31/2025,11/5/2025 9:38,527.5,527.5,177.38,177.38,704.88,704.88
USORF,USORF,VNSGN,"Norfolk, VA, USORF","Norfolk, VA, USORF","Ho Chi Minh City, , VNSGN",VNSGN,OOLU,OOCL,MT256104,DRY,2,10/20/2025,12/31/2025,11/5/2025 9:38,342,342,143,143,485,485
USORF,USORF,VNSGN,"Norfolk, VA, USORF","Norfolk, VA, USORF","Ho Chi Minh City, , VNSGN",VNCMT,YMLU,YML,51625,DRY,1,10/27/2025,12/31/2025,11/5/2025 9:38,462.5,462.5,177.38,177.38,639.88,639.88
USORF,USORF,VNSGN,"Norfolk, VA, USORF","Norfolk, VA, USORF","Ho Chi Minh City, , VNSGN",VNSGN,ONEY,ONE,CHIM354B25,DRY,1,10/1/2025,12/31/2025,11/5/2025 9:38,524,524,182.41,182.41,706.41,706.41
USORF,USORF,VNSGN,"Norfolk, VA, USORF","Norfolk, VA, USORF","Ho Chi Minh City, , VNSGN",VNSGN,MAEU,Maersk,300094432,DRY,0,10/16/2025,3/31/2026,10/22/2025 19:06,597,597,0,0,597,597
USORF,USORF,VNSGN,"Norfolk, VA, USORF","Norfolk, VA, USORF","Ho Chi Minh City, , VNSGN",HO CHI MINH,EGLV,EMC,SC103574,DRY,,10/1/2025,12/31/2025,11/5/2025 9:38,600,600,167.59,167.59,767.59,767.59
USORF,USORF,VNTOT,"Norfolk, VA, USORF","Norfolk, VA, USORF","Cai Mep, 43, VNTOT",CAI MEP,EGLV,EMC,SC103574,DRY,,10/1/2025,12/31/2025,11/5/2025 9:38,600,600,167.59,167.59,767.59,767.59
USORF,USORF,VNTTH,"Norfolk, VA, USORF","Norfolk, VA, USORF","Tan Thanh, 43, VNTTH",VNTTH,OOLU,OOCL,MT256104,DRY,2,10/20/2025,12/31/2025,11/5/2025 9:38,367,367,143,143,510,510
USORF,USORF,VNVUT,"Norfolk, VA, USORF","Norfolk, VA, USORF","Vung Tau, 43, VNVUT",VNVUT,MAEU,Maersk,300094432,DRY,0,10/16/2025,3/31/2026,10/22/2025 19:06,467,467,0,0,467,467
USORF,USORF,ZACPT,"Norfolk, VA, USORF","Norfolk, VA, USORF","Cape Town, , ZACPT",ZACPT,ONEY,ONE,CHIM354B25,DRY,1,10/1/2025,12/31/2025,11/5/2025 4:10,2620,2620,371.98,371.98,2991.98,2991.98
USORF,USORF,ZADUR,"Norfolk, VA, USORF","Norfolk, VA, USORF","Durban, , ZADUR",ZADUR,ONEY,ONE,CHIM354B25,DRY,1,10/1/2025,12/31/2025,11/5/2025 4:10,2620,2620,371.98,371.98,2991.98,2991.98
USSAV,USSAV,AEJEA,"Savannah, GA, USSAV","Savannah, GA, USSAV","Jebel Ali, , AEJEA",CNNBG,YMLU,YML,51625,DRY,1,10/27/2025,12/31/2025,11/5/2025 9:38,2423,2423,224.8,224.8,2647.8,2647.8
USSAV,USSAV,AEJEA,"Savannah, GA, USSAV","Savannah, GA, USSAV","Jebel Ali, , AEJEA",CNSHG,YMLU,YML,51625,DRY,1,10/27/2025,12/31/2025,11/5/2025 9:38,2423,2423,224.8,224.8,2647.8,2647.8
USSAV,USSAV,BDCGP,"Savannah, GA, USSAV","Savannah, GA, USSAV","Chattogram/Chittagong, , BDCGP",CHATTOGRAM,EGLV,EMC,SC103574,DRY,,10/1/2025,12/31/2025,11/5/2025 9:38,1700,1700,0,0,1700,1700
USSAV,USSAV,BDCGP,"Savannah, GA, USSAV","Savannah, GA, USSAV","Chattogram/Chittagong, , BDCGP",BDCGP,OOLU,OOCL,MT256104,DRY,2,10/20/2025,12/31/2025,11/5/2025 9:38,1717,1717,65,65,1782,1782
USSAV,USSAV,BDCGP,"Savannah, GA, USSAV","Savannah, GA, USSAV","Chattogram/Chittagong, , BDCGP",BDCGP,ONEY,ONE,CHIM354B25,DRY,1,10/1/2025,12/31/2025,11/5/2025 9:38,1814,1814,150,150,1964,1964
USSAV,USSAV,BDCGP,"Savannah, GA, USSAV","Savannah, GA, USSAV","Chattogram/Chittagong, , BDCGP",BDCGP,MAEU,Maersk,300094432,DRY,0,10/16/2025,3/31/2026,11/5/2025 9:38,2437,2437,0,0,2437,2437
USSAV,USSAV,CLARI,"Savannah, GA, USSAV","Savannah, GA, USSAV","Arica, TA, CLARI",CLARI,ONEY,ONE,CHIM354B25,DRY,1,10/1/2025,12/31/2025,11/5/2025 9:38,2568,2568,150,150,2718,2718
USSAV,USSAV,CLSAI,"Savannah, GA, USSAV","Savannah, GA, USSAV","San Antonio, VS, CLSAI",CLSAI,ONEY,ONE,CHIM354B25,DRY,1,10/1/2025,12/31/2025,11/5/2025 9:38,1968,1968,150,150,2118,2118
USSAV,USSAV,CNAQG,"Savannah, GA, USSAV","Savannah, GA, USSAV","Anqing Pt, 34, CNAQG",CNAQG,ONEY,ONE,CHIM354B25,DRY,1,10/1/2025,12/31/2025,11/5/2025 9:38,614,614,120.97,120.97,734.97,734.97
USSAV,USSAV,CNAQG,"Savannah, GA, USSAV","Savannah, GA, USSAV","Anqing Pt, 34, CNAQG",CNSHG,YMLU,YML,51625,DRY,1,10/27/2025,12/31/2025,11/5/2025 9:38,723,723,224.8,224.8,947.8,947.8
USSAV,USSAV,CNAQG,"Savannah, GA, USSAV","Savannah, GA, USSAV","Anqing Pt, 34, CNAQG",CNAQG,MAEU,Maersk,300094432,DRY,0,10/16/2025,3/31/2026,11/5/2025 9:38,872.73,872.73,0,0,872.73,872.73
USSAV,USSAV,CNCAN,"Savannah, GA, USSAV","Savannah, GA, USSAV","Guangzhou Baiyun, 44, CNCAN",CNCAN,ONEY,ONE,CHIM354B25,DRY,1,10/1/2025,12/31/2025,11/5/2025 9:38,964,964,170.85,170.85,1134.85,1134.85
USSAV,USSAV,CNCGS,"Savannah, GA, USSAV","Savannah, GA, USSAV","Changshu Pt, 37, CNCGS",CNSHG,YMLU,YML,51625,DRY,1,10/27/2025,12/31/2025,11/5/2025 9:38,713,713,224.8,224.8,937.8,937.8
USSAV,USSAV,CNCGU,"Savannah, GA, USSAV","Savannah, GA, USSAV","Changshu, 32, CNCGU",CNCGU,ONEY,ONE,CHIM354B25,DRY,1,10/1/2025,12/31/2025,11/5/2025 9:38,814,814,116.33,116.33,930.33,930.33
USSAV,USSAV,CNCHQ,"Savannah, GA, USSAV","Savannah, GA, USSAV","Chongqing Pt, 50, CNCHQ",CNCHQ,MAEU,Maersk,300094432,DRY,0,10/16/2025,3/31/2026,11/5/2025 9:38,552.73,552.73,0,0,552.73,552.73
USSAV,USSAV,CNCHQ,"Savannah, GA, USSAV","Savannah, GA, USSAV","Chongqing Pt, 50, CNCHQ",CNSHG,YMLU,YML,51625,DRY,1,10/27/2025,12/31/2025,11/5/2025 9:38,1283,1283,224.8,224.8,1507.8,1507.8
USSAV,USSAV,CNCKG,"Savannah, GA, USSAV","Savannah, GA, USSAV","Chongqing Jiangbei, 51, CNCKG",CNCKG,ONEY,ONE,CHIM354B25,DRY,1,10/1/2025,12/31/2025,11/5/2025 9:38,1069,1069,116.33,116.33,1185.33,1185.33
USSAV,USSAV,CNCNA,"Savannah, GA, USSAV","Savannah, GA, USSAV","Changsha, 44, CNCNA",CNSHG,YMLU,YML,51625,DRY,1,10/27/2025,12/31/2025,11/5/2025 9:38,1328,1328,224.8,224.8,1552.8,1552.8
USSAV,USSAV,CNCZX,"Savannah, GA, USSAV","Savannah, GA, USSAV","Changzhou Pt, 32, CNCZX",CNSHG,YMLU,YML,51625,DRY,1,10/27/2025,12/31/2025,11/5/2025 9:38,713,713,224.8,224.8,937.8,937.8
USSAV,USSAV,CNCZX,"Savannah, GA, USSAV","Savannah, GA, USSAV","Changzhou Pt, 32, CNCZX",CNCZX,MAEU,Maersk,300094432,DRY,0,10/16/2025,3/31/2026,11/5/2025 9:38,846.73,846.73,0,0,846.73,846.73
USSAV,USSAV,CNDAG,"Savannah, GA, USSAV","Savannah, GA, USSAV","Dalian Pt, 34, CNDAG",CNDAG,YMLU,YML,51625,DRY,1,10/27/2025,12/31/2025,11/5/2025 9:38,408,408,224.8,224.8,632.8,632.8
USSAV,USSAV,CNDAG,"Savannah, GA, USSAV","Savannah, GA, USSAV","Dalian Pt, 34, CNDAG",CNDAG,MAEU,Maersk,300094432,DRY,0,10/16/2025,3/31/2026,11/5/2025 9:38,598.05,598.05,0,0,598.05,598.05
USSAV,USSAV,CNDAG,"Savannah, GA, USSAV","Savannah, GA, USSAV","Dalian Pt, 34, CNDAG",CNDAG,OOLU,OOCL,MT256104,DRY,2,10/20/2025,12/31/2025,11/5/2025 9:38,617,617,159.19,159.19,776.19,776.19
USSAV,USSAV,CNDAG,"Savannah, GA, USSAV","Savannah, GA, USSAV","Dalian Pt, 34, CNDAG",KRPUS,YMLU,YML,51625,DRY,1,10/27/2025,12/31/2025,11/5/2025 9:38,903,903,125.98,125.98,1028.98,1028.98
USSAV,USSAV,CNDFG,"Savannah, GA, USSAV","Savannah, GA, USSAV","Dafeng Pt, 22, CNDFG",CNDFG,MAEU,Maersk,300094432,DRY,0,10/16/2025,3/31/2026,11/5/2025 9:38,490.73,490.73,0,0,490.73,490.73
USSAV,USSAV,CNDFG,"Savannah, GA, USSAV","Savannah, GA, USSAV","Dafeng Pt, 22, CNDFG",CNSHG,YMLU,YML,51625,DRY,1,10/27/2025,12/31/2025,11/5/2025 9:38,793,793,224.8,224.8,1017.8,1017.8
USSAV,USSAV,CNDOU,"Savannah, GA, USSAV","Savannah, GA, USSAV","Doumen Pt, 44, CNDOU",CNDOU,ONEY,ONE,CHIM354B25,DRY,1,10/1/2025,12/31/2025,11/5/2025 9:38,864,864,170.85,170.85,1034.85,1034.85
USSAV,USSAV,CNFOC,"Savannah, GA, USSAV","Savannah, GA, USSAV","Fuzhou Changle, 35, CNFOC",CNFOC,ONEY,ONE,CHIM354B25,DRY,1,10/1/2025,12/31/2025,11/5/2025 9:38,989,989,116.19,116.19,1105.19,1105.19
USSAV,USSAV,CNFZG,"Savannah, GA, USSAV","Savannah, GA, USSAV","Fuzhou Pt, 23, CNFZG",CNFZG,MAEU,Maersk,300094432,DRY,0,10/16/2025,3/31/2026,11/5/2025 9:38,398.05,398.05,0,0,398.05,398.05
USSAV,USSAV,CNFZG,"Savannah, GA, USSAV","Savannah, GA, USSAV","Fuzhou Pt, 23, CNFZG",CNNBG,YMLU,YML,51625,DRY,1,10/27/2025,12/31/2025,11/5/2025 9:38,883,883,224.8,224.8,1107.8,1107.8
USSAV,USSAV,CNGOM,"Savannah, GA, USSAV","Savannah, GA, USSAV","Gaoming Pt, 44, CNGOM",CNGOM,MAEU,Maersk,300094432,DRY,0,10/16/2025,3/31/2026,11/5/2025 9:38,859.05,859.05,0,0,859.05,859.05
USSAV,USSAV,CNGON,"Savannah, GA, USSAV","Savannah, GA, USSAV","Gaolan, 44, CNGON",CNGON,ONEY,ONE,CHIM354B25,DRY,1,10/1/2025,12/31/2025,11/5/2025 9:38,914,914,170.85,170.85,1084.85,1084.85
USSAV,USSAV,CNGZG,"Savannah, GA, USSAV","Savannah, GA, USSAV","Guangzhou Pt, 22, CNGZG",CNYTN,YMLU,YML,51625,DRY,1,10/27/2025,12/31/2025,11/5/2025 9:38,508,508,224.8,224.8,732.8,732.8
USSAV,USSAV,CNHFI,"Savannah, GA, USSAV","Savannah, GA, USSAV","Hefei, 34, CNHFI",CNSHG,YMLU,YML,51625,DRY,1,10/27/2025,12/31/2025,11/5/2025 9:38,1773,1773,224.8,224.8,1997.8,1997.8
USSAV,USSAV,CNHSI,"Savannah, GA, USSAV","Savannah, GA, USSAV","Huangshi Pt, 42, CNHSI",CNSHG,YMLU,YML,51625,DRY,1,10/27/2025,12/31/2025,11/5/2025 9:38,853,853,224.8,224.8,1077.8,1077.8
USSAV,USSAV,CNHUA,"Savannah, GA, USSAV","Savannah, GA, USSAV","Huangpu Pt, 44, CNHUA",CNYTN,YMLU,YML,51625,DRY,1,10/27/2025,12/31/2025,11/5/2025 9:38,508,508,224.8,224.8,732.8,732.8
USSAV,USSAV,CNHUA,"Savannah, GA, USSAV","Savannah, GA, USSAV","Huangpu Pt, 44, CNHUA",CNHUA,MAEU,Maersk,300094432,DRY,0,10/16/2025,3/31/2026,11/5/2025 9:38,561.05,561.05,0,0,561.05,561.05
USSAV,USSAV,CNHUA,"Savannah, GA, USSAV","Savannah, GA, USSAV","Huangpu Pt, 44, CNHUA",CNHUA,OOLU,OOCL,MT256104,DRY,2,10/20/2025,12/31/2025,11/5/2025 9:38,622,622,159.19,159.19,781.19,781.19
USSAV,USSAV,CNHUA,"Savannah, GA, USSAV","Savannah, GA, USSAV","Huangpu Pt, 44, CNHUA",CNHUA,ONEY,ONE,CHIM354B25,DRY,1,10/1/2025,12/31/2025,11/5/2025 9:38,624,624,170.85,170.85,794.85,794.85
USSAV,USSAV,CNHZH,"Savannah, GA, USSAV","Savannah, GA, USSAV","Huzhou Pt, 33, CNHZH",CNSHG,YMLU,YML,51625,DRY,1,10/27/2025,12/31/2025,11/5/2025 9:38,648,648,224.8,224.8,872.8,872.8
USSAV,USSAV,CNJIA,"Savannah, GA, USSAV","Savannah, GA, USSAV","Jiangyin Pt, 32, CNJIA",CNJIA,MAEU,Maersk,300094432,DRY,0,10/16/2025,3/31/2026,11/5/2025 9:38,709.73,709.73,0,0,709.73,709.73
USSAV,USSAV,CNJIA,"Savannah, GA, USSAV","Savannah, GA, USSAV","Jiangyin Pt, 32, CNJIA",CNSHG,YMLU,YML,51625,DRY,1,10/27/2025,12/31/2025,11/5/2025 9:38,713,713,224.8,224.8,937.8,937.8
USSAV,USSAV,CNJIU,"Savannah, GA, USSAV","Savannah, GA, USSAV","Jiujiang Pt, 36, CNJIU",CNSHG,YMLU,YML,51625,DRY,1,10/27/2025,12/31/2025,11/5/2025 9:38,843,843,224.8,224.8,1067.8,1067.8
USSAV,USSAV,CNJIU,"Savannah, GA, USSAV","Savannah, GA, USSAV","Jiujiang Pt, 36, CNJIU",CNJIU,MAEU,Maersk,300094432,DRY,0,10/16/2025,3/31/2026,11/5/2025 9:38,1671.78,1671.78,0,0,1671.78,1671.78
USSAV,USSAV,CNJMN,"Savannah, GA, USSAV","Savannah, GA, USSAV","Jiangmen Pt, 44, CNJMN",CNJMN,MAEU,Maersk,300094432,DRY,0,10/16/2025,3/31/2026,11/5/2025 9:38,829.05,829.05,0,0,829.05,829.05
USSAV,USSAV,CNJNZ,"Savannah, GA, USSAV","Savannah, GA, USSAV","Jinzhou Pt, 21, CNJNZ",KRPUS,YMLU,YML,51625,DRY,1,10/27/2025,12/31/2025,11/5/2025 9:38,1403,1403,125.98,125.98,1528.98,1528.98
USSAV,USSAV,CNJZK,"Savannah, GA, USSAV","Savannah, GA, USSAV","Jingzhou Pt, 42, CNJZK",CNSHG,YMLU,YML,51625,DRY,1,10/27/2025,12/31/2025,11/5/2025 9:38,863,863,224.8,224.8,1087.8,1087.8
USSAV,USSAV,CNKHN,"Savannah, GA, USSAV","Savannah, GA, USSAV","Nanchang Changbei, 36, CNKHN",CNSHG,YMLU,YML,51625,DRY,1,10/27/2025,12/31/2025,11/5/2025 9:38,923,923,224.8,224.8,1147.8,1147.8
USSAV,USSAV,CNKPN,"Savannah, GA, USSAV","Savannah, GA, USSAV","Kaiping, 13, CNKPN",CNKPN,OOLU,OOCL,MT256104,DRY,2,10/20/2025,12/31/2025,11/5/2025 9:38,587,587,0,0,587,587
USSAV,USSAV,CNKUS,"Savannah, GA, USSAV","Savannah, GA, USSAV","Kunshan, 32, CNKUS",CNSHG,YMLU,YML,51625,DRY,1,10/27/2025,12/31/2025,11/5/2025 9:38,873,873,224.8,224.8,1097.8,1097.8
USSAV,USSAV,CNLYG,"Savannah, GA, USSAV","Savannah, GA, USSAV","Lianyungang, 32, CNLYG",CNLYG,MAEU,Maersk,300094432,DRY,0,10/16/2025,3/31/2026,11/5/2025 9:38,361.05,361.05,0,0,361.05,361.05
USSAV,USSAV,CNLYG,"Savannah, GA, USSAV","Savannah, GA, USSAV","Lianyungang, 32, CNLYG",CNLYG,ONEY,ONE,CHIM354B25,DRY,1,10/1/2025,12/31/2025,11/5/2025 9:38,624,624,117.04,117.04,741.04,741.04
USSAV,USSAV,CNLYG,"Savannah, GA, USSAV","Savannah, GA, USSAV","Lianyungang, 32, CNLYG",CNSHG,YMLU,YML,51625,DRY,1,10/27/2025,12/31/2025,11/5/2025 9:38,798,798,224.8,224.8,1022.8,1022.8
USSAV,USSAV,CNLYG,"Savannah, GA, USSAV","Savannah, GA, USSAV","Lianyungang, 32, CNLYG",CNNBG,YMLU,YML,51625,DRY,1,10/27/2025,12/31/2025,11/5/2025 9:38,798,798,224.8,224.8,1022.8,1022.8
USSAV,USSAV,CNLZU,"Savannah, GA, USSAV","Savannah, GA, USSAV","Luzhou, 51, CNLZU",CNSHG,YMLU,YML,51625,DRY,1,10/27/2025,12/31/2025,11/5/2025 9:38,1323,1323,224.8,224.8,1547.8,1547.8
USSAV,USSAV,CNMAA,"Savannah, GA, USSAV","Savannah, GA, USSAV","Maanshan Pt, 34, CNMAA",CNSHG,YMLU,YML,51625,DRY,1,10/27/2025,12/31/2025,11/5/2025 9:38,723,723,224.8,224.8,947.8,947.8
USSAV,USSAV,CNNBG,"Savannah, GA, USSAV","Savannah, GA, USSAV","Ningbo Pt, 33, CNNBG",CNNBG,YMLU,YML,51625,DRY,1,10/27/2025,12/31/2025,11/5/2025 9:38,108,108,224.8,224.8,332.8,332.8
USSAV,USSAV,CNNBG,"Savannah, GA, USSAV","Savannah, GA, USSAV","Ningbo Pt, 33, CNNBG",CNNBG,MAEU,Maersk,300094432,DRY,0,10/16/2025,3/31/2026,11/5/2025 9:38,221.05,221.05,0,0,221.05,221.05
USSAV,USSAV,CNNBG,"Savannah, GA, USSAV","Savannah, GA, USSAV","Ningbo Pt, 33, CNNBG",CNNBG,OOLU,OOCL,MT256104,DRY,2,10/20/2025,12/31/2025,11/5/2025 9:38,267,267,160.87,160.87,427.87,427.87
USSAV,USSAV,CNNBG,"Savannah, GA, USSAV","Savannah, GA, USSAV","Ningbo Pt, 33, CNNBG",CNNBG,YMLU,YML,51625,DRY,1,10/27/2025,12/31/2025,11/5/2025 9:38,383,383,224.8,224.8,607.8,607.8
USSAV,USSAV,CNNBG,"Savannah, GA, USSAV","Savannah, GA, USSAV","Ningbo Pt, 33, CNNBG","NINGBO, CHINA",EGLV,EMC,SC103574,DRY,,10/1/2025,12/31/2025,11/5/2025 9:38,450,450,0,0,450,450
USSAV,USSAV,CNNBG,"Savannah, GA, USSAV","Savannah, GA, USSAV","Ningbo Pt, 33, CNNBG",CNNBG,ONEY,ONE,CHIM354B25,DRY,1,10/1/2025,12/31/2025,11/5/2025 9:38,574,574,120.69,120.69,694.69,694.69
USSAV,USSAV,CNNBG,"Savannah, GA, USSAV","Savannah, GA, USSAV","Ningbo Pt, 33, CNNBG",KRPUS,YMLU,YML,51625,DRY,1,10/27/2025,12/31/2025,11/5/2025 9:38,603,603,125.98,125.98,728.98,728.98
USSAV,USSAV,CNNBG,"Savannah, GA, USSAV","Savannah, GA, USSAV","Ningbo Pt, 33, CNNBG",SGSIN,YMLU,YML,51625,DRY,1,10/27/2025,12/31/2025,11/5/2025 9:38,643,643,268.95,268.95,911.95,911.95
USSAV,USSAV,CNNJG,"Savannah, GA, USSAV","Savannah, GA, USSAV","Nanjing Pt, 35, CNNJG",CNSHG,YMLU,YML,51625,DRY,1,10/27/2025,12/31/2025,11/5/2025 9:38,713,713,224.8,224.8,937.8,937.8
USSAV,USSAV,CNNJG,"Savannah, GA, USSAV","Savannah, GA, USSAV","Nanjing Pt, 35, CNNJG",CNNJG,MAEU,Maersk,300094432,DRY,0,10/16/2025,3/31/2026,11/5/2025 9:38,713.73,713.73,0,0,713.73,713.73
USSAV,USSAV,CNNJP,"Savannah, GA, USSAV","Savannah, GA, USSAV","Nanjing Pt, 32, CNNJP",CNSHG,YMLU,YML,51625,DRY,1,10/27/2025,12/31/2025,11/5/2025 9:38,713,713,224.8,224.8,937.8,937.8
USSAV,USSAV,CNNKG,"Savannah, GA, USSAV","Savannah, GA, USSAV","Nanjing Lukou, 32, CNNKG",CNNKG,ONEY,ONE,CHIM354B25,DRY,1,10/1/2025,12/31/2025,11/5/2025 9:38,699,699,116.33,116.33,815.33,815.33
USSAV,USSAV,CNNKG,"Savannah, GA, USSAV","Savannah, GA, USSAV","Nanjing Lukou, 32, CNNKG",CNSHG,YMLU,YML,51625,DRY,1,10/27/2025,12/31/2025,11/5/2025 9:38,713,713,224.8,224.8,937.8,937.8
USSAV,USSAV,CNNSA,"Savannah, GA, USSAV","Savannah, GA, USSAV","Nansha Pt, 44, CNNSA",CNNSA,ONEY,ONE,CHIM354B25,DRY,1,10/1/2025,12/31/2025,11/5/2025 9:38,839,839,170.85,170.85,1009.85,1009.85
USSAV,USSAV,CNNTG,"Savannah, GA, USSAV","Savannah, GA, USSAV","Nantong Pt, 32, CNNTG",CNNTG,MAEU,Maersk,300094432,DRY,0,10/16/2025,3/31/2026,11/5/2025 9:38,360.73,360.73,0,0,360.73,360.73
USSAV,USSAV,CNNTG,"Savannah, GA, USSAV","Savannah, GA, USSAV","Nantong Pt, 32, CNNTG",CNNTG,ONEY,ONE,CHIM354B25,DRY,1,10/1/2025,12/31/2025,11/5/2025 9:38,674,674,116.33,116.33,790.33,790.33
USSAV,USSAV,CNNTG,"Savannah, GA, USSAV","Savannah, GA, USSAV","Nantong Pt, 32, CNNTG",CNSHG,YMLU,YML,51625,DRY,1,10/27/2025,12/31/2025,11/5/2025 9:38,713,713,224.8,224.8,937.8,937.8
USSAV,USSAV,CNQDG,"Savannah, GA, USSAV","Savannah, GA, USSAV","Qingdao Pt, 32, CNQDG",CNQDG,MAEU,Maersk,300094432,DRY,0,10/16/2025,3/31/2026,11/5/2025 9:38,121.05,121.05,0,0,121.05,121.05
USSAV,USSAV,CNQDG,"Savannah, GA, USSAV","Savannah, GA, USSAV","Qingdao Pt, 32, CNQDG",CNQDG,YMLU,YML,51625,DRY,1,10/27/2025,12/31/2025,11/5/2025 9:38,308,308,224.8,224.8,532.8,532.8
USSAV,USSAV,CNQDG,"Savannah, GA, USSAV","Savannah, GA, USSAV","Qingdao Pt, 32, CNQDG",CNQDG,OOLU,OOCL,MT256104,DRY,2,10/20/2025,12/31/2025,11/5/2025 9:38,327,327,190.8,190.8,517.8,517.8
USSAV,USSAV,CNQDG,"Savannah, GA, USSAV","Savannah, GA, USSAV","Qingdao Pt, 32, CNQDG","QINGDAO, CHINA",EGLV,EMC,SC103574,DRY,,10/1/2025,12/31/2025,11/5/2025 9:38,450,450,0,0,450,450
USSAV,USSAV,CNQDG,"Savannah, GA, USSAV","Savannah, GA, USSAV","Qingdao Pt, 32, CNQDG",CNQDG,ONEY,ONE,CHIM354B25,DRY,1,10/1/2025,12/31/2025,11/5/2025 9:38,614,614,117.04,117.04,731.04,731.04
USSAV,USSAV,CNQDG,"Savannah, GA, USSAV","Savannah, GA, USSAV","Qingdao Pt, 32, CNQDG",KRPUS,YMLU,YML,51625,DRY,1,10/27/2025,12/31/2025,11/5/2025 9:38,713,713,125.98,125.98,838.98,838.98
USSAV,USSAV,CNQDG,"Savannah, GA, USSAV","Savannah, GA, USSAV","Qingdao Pt, 32, CNQDG",SGSIN,YMLU,YML,51625,DRY,1,10/27/2025,12/31/2025,11/5/2025 9:38,758,758,268.95,268.95,1026.95,1026.95
USSAV,USSAV,CNQZH,"Savannah, GA, USSAV","Savannah, GA, USSAV","Qinzhou Pt, 45, CNQZH",CNQZH,MAEU,Maersk,300094432,DRY,0,10/16/2025,3/31/2026,11/5/2025 9:38,783.05,783.05,0,0,783.05,783.05
USSAV,USSAV,CNRUG,"Savannah, GA, USSAV","Savannah, GA, USSAV","Rugao Pt, 32, CNRUG",CNRUG,MAEU,Maersk,300094432,DRY,0,10/16/2025,3/31/2026,11/5/2025 9:38,502.73,502.73,0,0,502.73,502.73
USSAV,USSAV,CNSBU,"Savannah, GA, USSAV","Savannah, GA, USSAV","Sanbu Pt, 44, CNSBU",CNSBU,OOLU,OOCL,MT256104,DRY,2,10/20/2025,12/31/2025,11/5/2025 9:38,587,587,0,0,587,587
USSAV,USSAV,CNSBU,"Savannah, GA, USSAV","Savannah, GA, USSAV","Sanbu Pt, 44, CNSBU",CNSBU,ONEY,ONE,CHIM354B25,DRY,1,10/1/2025,12/31/2025,11/5/2025 9:38,964,964,170.85,170.85,1134.85,1134.85
USSAV,USSAV,CNSHG,"Savannah, GA, USSAV","Savannah, GA, USSAV","Shanghai Pt, 44, CNSHG",CNSHG,YMLU,YML,51625,DRY,1,10/27/2025,12/31/2025,11/5/2025 9:38,108,108,224.8,224.8,332.8,332.8
USSAV,USSAV,CNSHG,"Savannah, GA, USSAV","Savannah, GA, USSAV","Shanghai Pt, 44, CNSHG",CNSHG,MAEU,Maersk,300094432,DRY,0,10/16/2025,3/31/2026,11/5/2025 9:38,258.05,258.05,0,0,258.05,258.05
USSAV,USSAV,CNSHG,"Savannah, GA, USSAV","Savannah, GA, USSAV","Shanghai Pt, 44, CNSHG",CNSHG,OOLU,OOCL,MT256104,DRY,2,10/20/2025,12/31/2025,11/5/2025 9:38,267,267,160.87,160.87,427.87,427.87
USSAV,USSAV,CNSHG,"Savannah, GA, USSAV","Savannah, GA, USSAV","Shanghai Pt, 44, CNSHG",CNSHG,YMLU,YML,51625,DRY,1,10/27/2025,12/31/2025,11/5/2025 9:38,383,383,224.8,224.8,607.8,607.8
USSAV,USSAV,CNSHG,"Savannah, GA, USSAV","Savannah, GA, USSAV","Shanghai Pt, 44, CNSHG",SHANGHAI,EGLV,EMC,SC103574,DRY,,10/1/2025,12/31/2025,11/5/2025 9:38,450,450,0,0,450,450
USSAV,USSAV,CNSHG,"Savannah, GA, USSAV","Savannah, GA, USSAV","Shanghai Pt, 44, CNSHG",CNSHG,ONEY,ONE,CHIM354B25,DRY,1,10/1/2025,12/31/2025,11/5/2025 9:38,464,464,116.33,116.33,580.33,580.33
USSAV,USSAV,CNSHG,"Savannah, GA, USSAV","Savannah, GA, USSAV","Shanghai Pt, 44, CNSHG",SGSIN,YMLU,YML,51625,DRY,1,10/27/2025,12/31/2025,11/5/2025 9:38,643,643,268.95,268.95,911.95,911.95
USSAV,USSAV,CNSHK,"Savannah, GA, USSAV","Savannah, GA, USSAV","Shekou Pt, 44, CNSHK",SGSIN,YMLU,YML,51625,DRY,1,10/27/2025,12/31/2025,11/5/2025 9:38,588,588,268.95,268.95,856.95,856.95
USSAV,USSAV,CNSHK,"Savannah, GA, USSAV","Savannah, GA, USSAV","Shekou Pt, 44, CNSHK",CNSHK,ONEY,ONE,CHIM354B25,DRY,1,10/1/2025,12/31/2025,11/5/2025 9:38,889,889,170.85,170.85,1059.85,1059.85
USSAV,USSAV,CNSZG,"Savannah, GA, USSAV","Savannah, GA, USSAV","Suzhou Pt, 32, CNSZG",CNSHG,YMLU,YML,51625,DRY,1,10/27/2025,12/31/2025,11/5/2025 9:38,873,873,224.8,224.8,1097.8,1097.8
USSAV,USSAV,CNTAC,"Savannah, GA, USSAV","Savannah, GA, USSAV","Taicang Pt, 32, CNTAC",CNSHG,YMLU,YML,51625,DRY,1,10/27/2025,12/31/2025,11/5/2025 9:38,483,483,224.8,224.8,707.8,707.8
USSAV,USSAV,CNTAG,"Savannah, GA, USSAV","Savannah, GA, USSAV","Taicang, 32, CNTAG",CNSHG,YMLU,YML,51625,DRY,1,10/27/2025,12/31/2025,11/5/2025 9:38,483,483,224.8,224.8,707.8,707.8
USSAV,USSAV,CNTAZ,"Savannah, GA, USSAV","Savannah, GA, USSAV","Taizhou Pt, 33, CNTAZ",CNSHG,YMLU,YML,51625,DRY,1,10/27/2025,12/31/2025,11/5/2025 9:38,713,713,224.8,224.8,937.8,937.8
USSAV,USSAV,CNTOL,"Savannah, GA, USSAV","Savannah, GA, USSAV","Tongling Pt, 34, CNTOL",CNSHG,YMLU,YML,51625,DRY,1,10/27/2025,12/31/2025,11/5/2025 9:38,753,753,224.8,224.8,977.8,977.8
USSAV,USSAV,CNTXG,"Savannah, GA, USSAV","Savannah, GA, USSAV","Tianjin Xingang Pt, 12, CNTXG",CNTXG,MAEU,Maersk,300094432,DRY,0,10/16/2025,3/31/2026,11/5/2025 9:38,151.05,151.05,0,0,151.05,151.05
USSAV,USSAV,CNTXG,"Savannah, GA, USSAV","Savannah, GA, USSAV","Tianjin Xingang Pt, 12, CNTXG",CNTXG,OOLU,OOCL,MT256104,DRY,2,10/20/2025,12/31/2025,11/5/2025 9:38,427,427,159.19,159.19,586.19,586.19
USSAV,USSAV,CNTXG,"Savannah, GA, USSAV","Savannah, GA, USSAV","Tianjin Xingang Pt, 12, CNTXG",CNTXG,YMLU,YML,51625,DRY,1,10/27/2025,12/31/2025,11/5/2025 9:38,458,458,224.8,224.8,682.8,682.8
USSAV,USSAV,CNTXG,"Savannah, GA, USSAV","Savannah, GA, USSAV","Tianjin Xingang Pt, 12, CNTXG",CNTXG,ONEY,ONE,CHIM354B25,DRY,1,10/1/2025,12/31/2025,11/5/2025 9:38,549,549,114.37,114.37,663.37,663.37
USSAV,USSAV,CNTXG,"Savannah, GA, USSAV","Savannah, GA, USSAV","Tianjin Xingang Pt, 12, CNTXG",CNTXG,YMLU,YML,51625,DRY,1,10/27/2025,12/31/2025,11/5/2025 9:38,558,558,224.8,224.8,782.8,782.8
USSAV,USSAV,CNTXG,"Savannah, GA, USSAV","Savannah, GA, USSAV","Tianjin Xingang Pt, 12, CNTXG",KRPUS,YMLU,YML,51625,DRY,1,10/27/2025,12/31/2025,11/5/2025 9:38,733,733,125.98,125.98,858.98,858.98
USSAV,USSAV,CNTXG,"Savannah, GA, USSAV","Savannah, GA, USSAV","Tianjin Xingang Pt, 12, CNTXG",TWKHH,YMLU,YML,51625,DRY,1,10/27/2025,12/31/2025,11/5/2025 9:38,818,818,227.3,227.3,1045.3,1045.3
USSAV,USSAV,CNWHG,"Savannah, GA, USSAV","Savannah, GA, USSAV","Wuhan Pt, 42, CNWHG",CNWHG,MAEU,Maersk,300094432,DRY,0,10/16/2025,3/31/2026,11/5/2025 9:38,425.73,425.73,0,0,425.73,425.73
USSAV,USSAV,CNWHG,"Savannah, GA, USSAV","Savannah, GA, USSAV","Wuhan Pt, 42, CNWHG",CNSHG,YMLU,YML,51625,DRY,1,10/27/2025,12/31/2025,11/5/2025 9:38,853,853,224.8,224.8,1077.8,1077.8
USSAV,USSAV,CNWHI,"Savannah, GA, USSAV","Savannah, GA, USSAV","Wuhu Pt, 34, CNWHI",CNSHG,YMLU,YML,51625,DRY,1,10/27/2025,12/31/2025,11/5/2025 9:38,713,713,224.8,224.8,937.8,937.8
USSAV,USSAV,CNWJA,"Savannah, GA, USSAV","Savannah, GA, USSAV","Wujiang, 32, CNWJA",CNSHG,YMLU,YML,51625,DRY,1,10/27/2025,12/31/2025,11/5/2025 9:38,893,893,224.8,224.8,1117.8,1117.8
USSAV,USSAV,CNWNZ,"Savannah, GA, USSAV","Savannah, GA, USSAV","Wenzhou Longwan, 33, CNWNZ",CNNBG,YMLU,YML,51625,DRY,1,10/27/2025,12/31/2025,11/5/2025 9:38,753,753,224.8,224.8,977.8,977.8
USSAV,USSAV,CNWNZ,"Savannah, GA, USSAV","Savannah, GA, USSAV","Wenzhou Longwan, 33, CNWNZ",CNSHG,YMLU,YML,51625,DRY,1,10/27/2025,12/31/2025,11/5/2025 9:38,753,753,224.8,224.8,977.8,977.8
USSAV,USSAV,CNWUH,"Savannah, GA, USSAV","Savannah, GA, USSAV","Wuhan Tianhe, 42, CNWUH",CNWUH,ONEY,ONE,CHIM354B25,DRY,1,10/1/2025,12/31/2025,11/5/2025 9:38,809,809,116.33,116.33,925.33,925.33
USSAV,USSAV,CNWUZ,"Savannah, GA, USSAV","Savannah, GA, USSAV","Wuzhou Pt, 45, CNWUZ",CNWUZ,MAEU,Maersk,300094432,DRY,0,10/16/2025,3/31/2026,11/5/2025 9:38,633.05,633.05,0,0,633.05,633.05
USSAV,USSAV,CNWUZ,"Savannah, GA, USSAV","Savannah, GA, USSAV","Wuzhou Pt, 45, CNWUZ",CNWUZ,ONEY,ONE,CHIM354B25,DRY,1,10/1/2025,12/31/2025,11/5/2025 9:38,839,839,170.85,170.85,1009.85,1009.85
USSAV,USSAV,CNXIA,"Savannah, GA, USSAV","Savannah, GA, USSAV","Xian, 33, CNXIA",CNSHG,YMLU,YML,51625,DRY,1,10/27/2025,12/31/2025,11/5/2025 9:38,2658,2658,224.8,224.8,2882.8,2882.8
USSAV,USSAV,CNXMG,"Savannah, GA, USSAV","Savannah, GA, USSAV","Xiamen Pt, 35, CNXMG",CNXMG,YMLU,YML,51625,DRY,1,10/27/2025,12/31/2025,11/5/2025 9:38,108,108,224.8,224.8,332.8,332.8
USSAV,USSAV,CNXMG,"Savannah, GA, USSAV","Savannah, GA, USSAV","Xiamen Pt, 35, CNXMG",CNXMG,OOLU,OOCL,MT256104,DRY,2,10/20/2025,12/31/2025,11/5/2025 9:38,267,267,159.19,159.19,426.19,426.19
USSAV,USSAV,CNXMG,"Savannah, GA, USSAV","Savannah, GA, USSAV","Xiamen Pt, 35, CNXMG",CNXMG,MAEU,Maersk,300094432,DRY,0,10/16/2025,3/31/2026,11/5/2025 9:38,301.05,301.05,0,0,301.05,301.05
USSAV,USSAV,CNXMG,"Savannah, GA, USSAV","Savannah, GA, USSAV","Xiamen Pt, 35, CNXMG",CNXMG,ONEY,ONE,CHIM354B25,DRY,1,10/1/2025,12/31/2025,11/5/2025 9:38,514,514,114.37,114.37,628.37,628.37
USSAV,USSAV,CNXMG,"Savannah, GA, USSAV","Savannah, GA, USSAV","Xiamen Pt, 35, CNXMG","XIAMEN, CHINA",EGLV,EMC,SC103574,DRY,,10/1/2025,12/31/2025,11/5/2025 9:38,650,650,0,0,650,650
USSAV,USSAV,CNYBN,"Savannah, GA, USSAV","Savannah, GA, USSAV","Yibin, 51, CNYBN",CNSHG,YMLU,YML,51625,DRY,1,10/27/2025,12/31/2025,11/5/2025 9:38,1383,1383,224.8,224.8,1607.8,1607.8
USSAV,USSAV,CNYIC,"Savannah, GA, USSAV","Savannah, GA, USSAV","Yichang, 42, CNYIC",CNSHG,YMLU,YML,51625,DRY,1,10/27/2025,12/31/2025,11/5/2025 9:38,963,963,224.8,224.8,1187.8,1187.8
USSAV,USSAV,CNYNT,"Savannah, GA, USSAV","Savannah, GA, USSAV","Yantai Laishan, 37, CNYNT",CNYNT,ONEY,ONE,CHIM354B25,DRY,1,10/1/2025,12/31/2025,11/5/2025 9:38,729,729,117.04,117.04,846.04,846.04
USSAV,USSAV,CNYPG,"Savannah, GA, USSAV","Savannah, GA, USSAV","Yangpu Pt, 46, CNYPG",CNYPG,OOLU,OOCL,MT256104,DRY,2,10/20/2025,12/31/2025,11/5/2025 9:38,267,267,0,0,267,267
USSAV,USSAV,CNYTN,"Savannah, GA, USSAV","Savannah, GA, USSAV","Yantian Pt, 44, CNYTN",CNYTN,YMLU,YML,51625,DRY,1,10/27/2025,12/31/2025,11/5/2025 9:38,158,158,224.8,224.8,382.8,382.8
USSAV,USSAV,CNYTN,"Savannah, GA, USSAV","Savannah, GA, USSAV","Yantian Pt, 44, CNYTN",CNYTN,OOLU,OOCL,MT256104,DRY,2,10/20/2025,12/31/2025,11/5/2025 9:38,267,267,159.19,159.19,426.19,426.19
USSAV,USSAV,CNYTN,"Savannah, GA, USSAV","Savannah, GA, USSAV","Yantian Pt, 44, CNYTN",CNYTN,YMLU,YML,51625,DRY,1,10/27/2025,12/31/2025,11/5/2025 9:38,383,383,224.8,224.8,607.8,607.8
USSAV,USSAV,CNYTN,"Savannah, GA, USSAV","Savannah, GA, USSAV","Yantian Pt, 44, CNYTN",CNYTN,MAEU,Maersk,300094432,DRY,0,10/16/2025,3/31/2026,11/5/2025 9:38,459.05,459.05,0,0,459.05,459.05
USSAV,USSAV,CNYTN,"Savannah, GA, USSAV","Savannah, GA, USSAV","Yantian Pt, 44, CNYTN",CNYTN,ONEY,ONE,CHIM354B25,DRY,1,10/1/2025,12/31/2025,11/5/2025 9:38,514,514,170.85,170.85,684.85,684.85
USSAV,USSAV,CNYTN,"Savannah, GA, USSAV","Savannah, GA, USSAV","Yantian Pt, 44, CNYTN",KRPUS,YMLU,YML,51625,DRY,1,10/27/2025,12/31/2025,11/5/2025 9:38,563,563,125.98,125.98,688.98,688.98
USSAV,USSAV,CNYTN,"Savannah, GA, USSAV","Savannah, GA, USSAV","Yantian Pt, 44, CNYTN","YANTIAN, CHINA",EGLV,EMC,SC103574,DRY,,10/1/2025,12/31/2025,11/5/2025 9:38,700,700,0,0,700,700
USSAV,USSAV,CNYYA,"Savannah, GA, USSAV","Savannah, GA, USSAV","Yueyang, 50, CNYYA",CNYYA,MAEU,Maersk,300094432,DRY,0,10/16/2025,3/31/2026,11/5/2025 9:38,362.73,362.73,0,0,362.73,362.73
USSAV,USSAV,CNYYA,"Savannah, GA, USSAV","Savannah, GA, USSAV","Yueyang, 50, CNYYA",CNYYA,ONEY,ONE,CHIM354B25,DRY,1,10/1/2025,12/31/2025,11/5/2025 9:38,874,874,120.97,120.97,994.97,994.97
USSAV,USSAV,CNYYA,"Savannah, GA, USSAV","Savannah, GA, USSAV","Yueyang, 50, CNYYA",CNSHG,YMLU,YML,51625,DRY,1,10/27/2025,12/31/2025,11/5/2025 9:38,963,963,224.8,224.8,1187.8,1187.8
USSAV,USSAV,CNYZH,"Savannah, GA, USSAV","Savannah, GA, USSAV","Yangzhou Pt, 32, CNYZH",CNSHG,YMLU,YML,51625,DRY,1,10/27/2025,12/31/2025,11/5/2025 9:38,713,713,224.8,224.8,937.8,937.8
USSAV,USSAV,CNZAP,"Savannah, GA, USSAV","Savannah, GA, USSAV","Zhapu, 33, CNZAP",CNNBG,YMLU,YML,51625,DRY,1,10/27/2025,12/31/2025,11/5/2025 9:38,663,663,224.8,224.8,887.8,887.8
USSAV,USSAV,CNZHE,"Savannah, GA, USSAV","Savannah, GA, USSAV","Zhenjiang Pt, 32, CNZHE",CNSHG,YMLU,YML,51625,DRY,1,10/27/2025,12/31/2025,11/5/2025 9:38,683,683,224.8,224.8,907.8,907.8
USSAV,USSAV,CNZHU,"Savannah, GA, USSAV","Savannah, GA, USSAV","Zhuao, 41, CNZHU",CNZHU,MAEU,Maersk,300094432,DRY,0,10/16/2025,3/31/2026,11/5/2025 9:38,819.05,819.05,0,0,819.05,819.05
USSAV,USSAV,CNZJG,"Savannah, GA, USSAV","Savannah, GA, USSAV","Zhangjiagang, 32, CNZJG",CNZJG,ONEY,ONE,CHIM354B25,DRY,1,10/1/2025,12/31/2025,11/5/2025 9:38,674,674,116.33,116.33,790.33,790.33
USSAV,USSAV,CNZJG,"Savannah, GA, USSAV","Savannah, GA, USSAV","Zhangjiagang, 32, CNZJG",CNSHG,YMLU,YML,51625,DRY,1,10/27/2025,12/31/2025,11/5/2025 9:38,713,713,224.8,224.8,937.8,937.8
USSAV,USSAV,CNZJG,"Savannah, GA, USSAV","Savannah, GA, USSAV","Zhangjiagang, 32, CNZJG",CNZJG,MAEU,Maersk,300094432,DRY,0,10/16/2025,3/31/2026,11/5/2025 9:38,750.73,750.73,0,0,750.73,750.73
USSAV,USSAV,CNZNG,"Savannah, GA, USSAV","Savannah, GA, USSAV","Zhanjiang Pt, 44, CNZNG",CNZNG,MAEU,Maersk,300094432,DRY,0,10/16/2025,3/31/2026,11/5/2025 9:38,959.05,959.05,0,0,959.05,959.05
USSAV,USSAV,CNZSN,"Savannah, GA, USSAV","Savannah, GA, USSAV","Zhongshan Pt, 44, CNZSN",CNZSN,ONEY,ONE,CHIM354B25,DRY,1,10/1/2025,12/31/2025,11/5/2025 9:38,739,739,170.85,170.85,909.85,909.85
USSAV,USSAV,CNZUH,"Savannah, GA, USSAV","Savannah, GA, USSAV","Zhuhai Pt, 44, CNZUH",CNZUH,ONEY,ONE,CHIM354B25,DRY,1,10/1/2025,12/31/2025,11/5/2025 9:38,789,789,170.85,170.85,959.85,959.85
USSAV,USSAV,COBUN,"Savannah, GA, USSAV","Savannah, GA, USSAV","Buenaventura, , COBUN",COBUN,ONEY,ONE,CHIM354B25,DRY,1,10/1/2025,12/31/2025,11/5/2025 9:38,1968,1968,141,141,2109,2109
USSAV,USSAV,COSPC,"Savannah, GA, USSAV","Savannah, GA, USSAV","Portuaria Regional Cartagena, BOL, COSPC",COSPC,ONEY,ONE,CHIM354B25,DRY,1,10/1/2025,12/31/2025,11/5/2025 9:38,1458,1458,125,125,1583,1583
USSAV,USSAV,DJJIB,"Savannah, GA, USSAV","Savannah, GA, USSAV","Djibouti, , DJJIB",DJJIB,MAEU,Maersk,300094432,DRY,0,10/16/2025,3/31/2026,11/5/2025 9:38,2373,2373,0,0,2373,2373
USSAV,USSAV,DZALG,"Savannah, GA, USSAV","Savannah, GA, USSAV","Alger (Algiers), 16, DZALG",DZALG,MAEU,Maersk,300094432,DRY,0,10/16/2025,3/31/2026,11/5/2025 9:38,2442,2442,0,0,2442,2442
USSAV,USSAV,ECGYE,"Savannah, GA, USSAV","Savannah, GA, USSAV","Guayaquil, G, ECGYE",ECGYE,MSCU,MSC,25-348WCSA,DRY,0,11/3/2025,12/31/2025,11/4/2025 4:10,1370,1370,200,200,1570,1570
USSAV,USSAV,ECGYE,"Savannah, GA, USSAV","Savannah, GA, USSAV","Guayaquil, G, ECGYE",ECGYE,ONEY,ONE,CHIM354B25,DRY,1,10/1/2025,12/31/2025,11/5/2025 9:38,1758,1758,410,310,2168,2068
USSAV,USSAV,EGALY,"Savannah, GA, USSAV","Savannah, GA, USSAV","Alexandria, , EGALY",EGALY,ONEY,ONE,CHIM354B25,DRY,1,10/1/2025,12/31/2025,11/5/2025 9:38,1426,1426,0,0,1426,1426
USSAV,USSAV,EGALY,"Savannah, GA, USSAV","Savannah, GA, USSAV","Alexandria, , EGALY",EGALY,MAEU,Maersk,300094432,DRY,0,10/16/2025,3/31/2026,11/5/2025 9:38,3156,3156,0,0,3156,3156
USSAV,USSAV,EGDAM,"Savannah, GA, USSAV","Savannah, GA, USSAV","Damietta, , EGDAM",EGDAM,ONEY,ONE,CHIM354B25,DRY,1,10/1/2025,12/31/2025,11/5/2025 9:38,1426,1426,0,0,1426,1426
USSAV,USSAV,EGDAM,"Savannah, GA, USSAV","Savannah, GA, USSAV","Damietta, , EGDAM",EGDAM,MAEU,Maersk,300094432,DRY,0,10/16/2025,3/31/2026,11/5/2025 9:38,1578,1578,0,0,1578,1578
USSAV,USSAV,EGPSD,"Savannah, GA, USSAV","Savannah, GA, USSAV","Port Said, , EGPSD",EGPSD,ONEY,ONE,CHIM354B25,DRY,1,10/1/2025,12/31/2025,11/5/2025 9:38,1661,1661,0,0,1661,1661
USSAV,USSAV,ESALG,"Savannah, GA, USSAV","Savannah, GA, USSAV","Algeciras, , ESALG",ESALG,ONEY,ONE,CHIM354B25,DRY,1,10/1/2025,12/31/2025,11/5/2025 9:38,614,614,386.41,386.41,1000.41,1000.41
USSAV,USSAV,ESBCN,"Savannah, GA, USSAV","Savannah, GA, USSAV","Barcelona, , ESBCN",ESBCN,ONEY,ONE,CHIM354B25,DRY,1,10/1/2025,12/31/2025,11/5/2025 9:38,1554,1554,416.14,416.14,1970.14,1970.14
USSAV,USSAV,ESVLC,"Savannah, GA, USSAV","Savannah, GA, USSAV","Valencia, , ESVLC",ESVLC,ONEY,ONE,CHIM354B25,DRY,1,10/1/2025,12/31/2025,11/5/2025 9:38,729,729,420.75,420.75,1149.75,1149.75
USSAV,USSAV,GTGUA,"Savannah, GA, USSAV","Savannah, GA, USSAV","Guatemala City, , GTGUA",PUERTO SANTO TOMAS DE CASTILLA,EGLV,EMC,SC103574,DRY,,10/31/2025,11/30/2025,11/5/2025 9:38,3000,3000,0,0,3000,3000
USSAV,USSAV,HNPCR,"Savannah, GA, USSAV","Savannah, GA, USSAV","Puerto Cortes, , HNPCR",PUERTO CORTES,EGLV,EMC,SC103574,DRY,,10/31/2025,11/30/2025,11/5/2025 9:38,2500,2500,190,190,2690,2690
USSAV,USSAV,IDBLW,"Savannah, GA, USSAV","Savannah, GA, USSAV","Belawan, , IDBLW",IDBLW,OOLU,OOCL,MT256104,DRY,2,10/20/2025,12/31/2025,11/5/2025 9:38,667,667,145,145,812,812
USSAV,USSAV,IDBLW,"Savannah, GA, USSAV","Savannah, GA, USSAV","Belawan, , IDBLW",BELAWAN,EGLV,EMC,SC103574,DRY,,10/1/2025,12/31/2025,11/5/2025 9:38,850,850,145,145,995,995
USSAV,USSAV,IDBLW,"Savannah, GA, USSAV","Savannah, GA, USSAV","Belawan, , IDBLW",IDBLW,MAEU,Maersk,300094432,DRY,0,10/16/2025,3/31/2026,11/5/2025 9:38,1025,1025,0,0,1025,1025
USSAV,USSAV,IDBLW,"Savannah, GA, USSAV","Savannah, GA, USSAV","Belawan, , IDBLW",IDBLW,ONEY,ONE,CHIM354B25,DRY,1,10/1/2025,12/31/2025,11/5/2025 9:38,1264,1264,505.63,505.63,1769.63,1769.63
USSAV,USSAV,IDBLW,"Savannah, GA, USSAV","Savannah, GA, USSAV","Belawan, , IDBLW",CNSHG,YMLU,YML,51625,DRY,1,10/27/2025,12/31/2025,11/5/2025 9:38,1288,1288,224.8,224.8,1512.8,1512.8
USSAV,USSAV,IDBLW,"Savannah, GA, USSAV","Savannah, GA, USSAV","Belawan, , IDBLW",SGSIN,YMLU,YML,51625,DRY,1,10/27/2025,12/31/2025,11/5/2025 9:38,1288,1288,268.95,268.95,1556.95,1556.95
USSAV,USSAV,IDBLW,"Savannah, GA, USSAV","Savannah, GA, USSAV","Belawan, , IDBLW",IDBLW,YMLU,YML,51625,DRY,1,10/27/2025,12/31/2025,11/5/2025 9:38,1458,1458,0,0,1458,1458
USSAV,USSAV,IDCKR,"Savannah, GA, USSAV","Savannah, GA, USSAV","Cikarang, JB, IDCKR",IDCKR,ONEY,ONE,CHIM354B25,DRY,1,10/1/2025,12/31/2025,11/5/2025 9:38,1014,1014,505.63,505.63,1519.63,1519.63
USSAV,USSAV,IDJKT,"Savannah, GA, USSAV","Savannah, GA, USSAV","Jakarta, JK, IDJKT",IDJKT,OOLU,OOCL,MT256104,DRY,2,10/20/2025,12/31/2025,11/5/2025 9:38,667,667,145,145,812,812
USSAV,USSAV,IDJKT,"Savannah, GA, USSAV","Savannah, GA, USSAV","Jakarta, JK, IDJKT",IDJKT,YMLU,YML,51625,DRY,1,10/27/2025,12/31/2025,11/5/2025 9:38,733,733,0,0,733,733
USSAV,USSAV,IDJKT,"Savannah, GA, USSAV","Savannah, GA, USSAV","Jakarta, JK, IDJKT",IDJKT,YMLU,YML,51625,DRY,1,10/27/2025,12/31/2025,11/5/2025 9:38,733,733,145,145,878,878
USSAV,USSAV,IDJKT,"Savannah, GA, USSAV","Savannah, GA, USSAV","Jakarta, JK, IDJKT",IDJKT,MAEU,Maersk,300094432,DRY,0,10/16/2025,3/31/2026,11/5/2025 9:38,775,775,0,0,775,775
USSAV,USSAV,IDJKT,"Savannah, GA, USSAV","Savannah, GA, USSAV","Jakarta, JK, IDJKT",IDJKT,ONEY,ONE,CHIM354B25,DRY,1,10/1/2025,12/31/2025,11/5/2025 9:38,814,814,505.63,505.63,1319.63,1319.63
USSAV,USSAV,IDJKT,"Savannah, GA, USSAV","Savannah, GA, USSAV","Jakarta, JK, IDJKT",JAKARTA,EGLV,EMC,SC103574,DRY,,10/1/2025,12/31/2025,11/5/2025 9:38,850,850,145,145,995,995
USSAV,USSAV,IDJKT,"Savannah, GA, USSAV","Savannah, GA, USSAV","Jakarta, JK, IDJKT",SGSIN,YMLU,YML,51625,DRY,1,10/27/2025,12/31/2025,11/5/2025 9:38,983,983,268.95,268.95,1251.95,1251.95
USSAV,USSAV,IDJKT,"Savannah, GA, USSAV","Savannah, GA, USSAV","Jakarta, JK, IDJKT",CNSHG,YMLU,YML,51625,DRY,1,10/27/2025,12/31/2025,11/5/2025 9:38,983,983,224.8,224.8,1207.8,1207.8
USSAV,USSAV,IDPLM,"Savannah, GA, USSAV","Savannah, GA, USSAV","Palembang, Sumatra, , IDPLM",SGSIN,YMLU,YML,51625,DRY,1,10/27/2025,12/31/2025,11/5/2025 9:38,1433,1433,268.95,268.95,1701.95,1701.95
USSAV,USSAV,IDSRG,"Savannah, GA, USSAV","Savannah, GA, USSAV","Semarang, JT, IDSRG",IDSRG,OOLU,OOCL,MT256104,DRY,2,10/20/2025,12/31/2025,11/5/2025 9:38,667,667,145,145,812,812
USSAV,USSAV,IDSRG,"Savannah, GA, USSAV","Savannah, GA, USSAV","Semarang, JT, IDSRG",IDSRG,MAEU,Maersk,300094432,DRY,0,10/16/2025,3/31/2026,11/5/2025 9:38,775,775,0,0,775,775
USSAV,USSAV,IDSRG,"Savannah, GA, USSAV","Savannah, GA, USSAV","Semarang, JT, IDSRG",SEMARANG,EGLV,EMC,SC103574,DRY,,10/1/2025,12/31/2025,11/5/2025 9:38,850,850,145,145,995,995
USSAV,USSAV,IDSRG,"Savannah, GA, USSAV","Savannah, GA, USSAV","Semarang, JT, IDSRG",IDSRG,YMLU,YML,51625,DRY,1,10/27/2025,12/31/2025,11/5/2025 9:38,958,958,0,0,958,958
USSAV,USSAV,IDSRG,"Savannah, GA, USSAV","Savannah, GA, USSAV","Semarang, JT, IDSRG",SGSIN,YMLU,YML,51625,DRY,1,10/27/2025,12/31/2025,11/5/2025 9:38,1033,1033,268.95,268.95,1301.95,1301.95
USSAV,USSAV,IDSRG,"Savannah, GA, USSAV","Savannah, GA, USSAV","Semarang, JT, IDSRG",IDSRG,ONEY,ONE,CHIM354B25,DRY,1,10/1/2025,12/31/2025,11/5/2025 9:38,1144,1144,505.63,505.63,1649.63,1649.63
USSAV,USSAV,IDSUB,"Savannah, GA, USSAV","Savannah, GA, USSAV","Surabaya, JI, IDSUB",IDSUB,YMLU,YML,51625,DRY,1,10/27/2025,12/31/2025,11/5/2025 9:38,618,618,145,145,763,763
USSAV,USSAV,IDSUB,"Savannah, GA, USSAV","Savannah, GA, USSAV","Surabaya, JI, IDSUB",IDSUB,YMLU,YML,51625,DRY,1,10/27/2025,12/31/2025,11/5/2025 9:38,658,658,0,0,658,658
USSAV,USSAV,IDSUB,"Savannah, GA, USSAV","Savannah, GA, USSAV","Surabaya, JI, IDSUB",IDSUB,OOLU,OOCL,MT256104,DRY,2,10/20/2025,12/31/2025,11/5/2025 9:38,667,667,145,145,812,812
USSAV,USSAV,IDSUB,"Savannah, GA, USSAV","Savannah, GA, USSAV","Surabaya, JI, IDSUB",IDSUB,MAEU,Maersk,300094432,DRY,0,10/16/2025,3/31/2026,11/5/2025 9:38,775,775,0,0,775,775
USSAV,USSAV,IDSUB,"Savannah, GA, USSAV","Savannah, GA, USSAV","Surabaya, JI, IDSUB",SURABAYA,EGLV,EMC,SC103574,DRY,,10/1/2025,12/31/2025,11/5/2025 9:38,850,850,145,145,995,995
USSAV,USSAV,IDSUB,"Savannah, GA, USSAV","Savannah, GA, USSAV","Surabaya, JI, IDSUB",CNSHG,YMLU,YML,51625,DRY,1,10/27/2025,12/31/2025,11/5/2025 9:38,983,983,224.8,224.8,1207.8,1207.8
USSAV,USSAV,IDSUB,"Savannah, GA, USSAV","Savannah, GA, USSAV","Surabaya, JI, IDSUB",SGSIN,YMLU,YML,51625,DRY,1,10/27/2025,12/31/2025,11/5/2025 9:38,983,983,268.95,268.95,1251.95,1251.95
USSAV,USSAV,IDSUB,"Savannah, GA, USSAV","Savannah, GA, USSAV","Surabaya, JI, IDSUB",IDSUB,ONEY,ONE,CHIM354B25,DRY,1,10/1/2025,12/31/2025,11/5/2025 9:38,1034,1034,505.63,505.63,1539.63,1539.63
USSAV,USSAV,INCCU,"Savannah, GA, USSAV","Savannah, GA, USSAV","Kolkata (ex Calcutta), WB, INCCU",INCCU,ONEY,ONE,CHIM354B25,DRY,1,10/1/2025,12/31/2025,11/5/2025 9:38,1964,1964,280.64,280.64,2244.64,2244.64
USSAV,USSAV,INCCU,"Savannah, GA, USSAV","Savannah, GA, USSAV","Kolkata (ex Calcutta), WB, INCCU",CNSHG,YMLU,YML,51625,DRY,1,10/27/2025,12/31/2025,11/5/2025 9:38,2033,2033,224.8,224.8,2257.8,2257.8
USSAV,USSAV,INCCU,"Savannah, GA, USSAV","Savannah, GA, USSAV","Kolkata (ex Calcutta), WB, INCCU",CNNBG,YMLU,YML,51625,DRY,1,10/27/2025,12/31/2025,11/5/2025 9:38,2033,2033,224.8,224.8,2257.8,2257.8
USSAV,USSAV,INCCU,"Savannah, GA, USSAV","Savannah, GA, USSAV","Kolkata (ex Calcutta), WB, INCCU",SGSIN,YMLU,YML,51625,DRY,1,10/27/2025,12/31/2025,11/5/2025 9:38,2033,2033,268.95,268.95,2301.95,2301.95
USSAV,USSAV,INCOK,"Savannah, GA, USSAV","Savannah, GA, USSAV","Cochin, KL, INCOK",INCOK,MAEU,Maersk,300094432,DRY,0,10/16/2025,3/31/2026,11/5/2025 9:38,1764,1764,0,0,1764,1764
USSAV,USSAV,INCOK,"Savannah, GA, USSAV","Savannah, GA, USSAV","Cochin, KL, INCOK",INCOK,ONEY,ONE,CHIM354B25,DRY,1,10/1/2025,12/31/2025,11/5/2025 9:38,1964,1964,249.51,249.51,2213.51,2213.51
USSAV,USSAV,INHAL,"Savannah, GA, USSAV","Savannah, GA, USSAV","Haldia, WB, INHAL",INHAL,OOLU,OOCL,MT256104,DRY,2,10/20/2025,12/31/2025,11/5/2025 9:38,2957,2957,0,0,2957,2957
USSAV,USSAV,INHZA,"Savannah, GA, USSAV","Savannah, GA, USSAV","Hazira Port/Surat, GJ, INHZA",INHZA,ONEY,ONE,CHIM354B25,DRY,1,10/1/2025,12/31/2025,11/5/2025 9:38,1064,1064,262.63,262.63,1326.63,1326.63
USSAV,USSAV,INKOC,"Savannah, GA, USSAV","Savannah, GA, USSAV","Kochi, , INKOC",KRPUS,YMLU,YML,51625,DRY,1,10/27/2025,12/31/2025,11/5/2025 9:38,2423,2423,125.98,125.98,2548.98,2548.98
USSAV,USSAV,INKOC,"Savannah, GA, USSAV","Savannah, GA, USSAV","Kochi, , INKOC",INKOC,OOLU,OOCL,MT256104,DRY,2,10/20/2025,12/31/2025,11/5/2025 9:38,3187,3187,270.35,270.35,3457.35,3457.35
USSAV,USSAV,INKTP,"Savannah, GA, USSAV","Savannah, GA, USSAV","Kattupalli Port, TN, INKTP",INKTP,OOLU,OOCL,MT256104,DRY,2,10/20/2025,12/31/2025,11/5/2025 9:38,1337,1337,0,0,1337,1337
USSAV,USSAV,INMAA,"Savannah, GA, USSAV","Savannah, GA, USSAV","Chennai (ex Madras), TN, INMAA",INMAA,MAEU,Maersk,300094432,DRY,0,10/16/2025,3/31/2026,11/5/2025 9:38,1764,1764,0,0,1764,1764
USSAV,USSAV,INMAA,"Savannah, GA, USSAV","Savannah, GA, USSAV","Chennai (ex Madras), TN, INMAA",CNSHG,YMLU,YML,51625,DRY,1,10/27/2025,12/31/2025,11/5/2025 9:38,1783,1783,224.8,224.8,2007.8,2007.8
USSAV,USSAV,INMAA,"Savannah, GA, USSAV","Savannah, GA, USSAV","Chennai (ex Madras), TN, INMAA",CNNBG,YMLU,YML,51625,DRY,1,10/27/2025,12/31/2025,11/5/2025 9:38,1783,1783,224.8,224.8,2007.8,2007.8
USSAV,USSAV,INMAA,"Savannah, GA, USSAV","Savannah, GA, USSAV","Chennai (ex Madras), TN, INMAA",SGSIN,YMLU,YML,51625,DRY,1,10/27/2025,12/31/2025,11/5/2025 9:38,1783,1783,268.95,268.95,2051.95,2051.95
USSAV,USSAV,INMAA,"Savannah, GA, USSAV","Savannah, GA, USSAV","Chennai (ex Madras), TN, INMAA",INMAA,ONEY,ONE,CHIM354B25,DRY,1,10/1/2025,12/31/2025,11/5/2025 9:38,1964,1964,227.54,227.54,2191.54,2191.54
USSAV,USSAV,INMUN,"Savannah, GA, USSAV","Savannah, GA, USSAV","Mundra, GJ, INMUN",INMUN,OOLU,OOCL,MT256104,DRY,2,10/20/2025,12/31/2025,11/5/2025 9:38,747,747,180.23,180.23,927.23,927.23
USSAV,USSAV,INMUN,"Savannah, GA, USSAV","Savannah, GA, USSAV","Mundra, GJ, INMUN",INMUN,ONEY,ONE,CHIM354B25,DRY,1,10/1/2025,12/31/2025,11/5/2025 9:38,1114,1114,324.41,324.41,1438.41,1438.41
USSAV,USSAV,INMUN,"Savannah, GA, USSAV","Savannah, GA, USSAV","Mundra, GJ, INMUN",INMUN,MAEU,Maersk,300094432,DRY,0,10/16/2025,3/31/2026,11/5/2025 9:38,1420,1420,0,0,1420,1420
USSAV,USSAV,INNSA,"Savannah, GA, USSAV","Savannah, GA, USSAV","Nhava Sheva, MH, INNSA",INNSA,OOLU,OOCL,MT256104,DRY,2,10/20/2025,12/31/2025,11/5/2025 9:38,747,747,157.7,157.7,904.7,904.7
USSAV,USSAV,INNSA,"Savannah, GA, USSAV","Savannah, GA, USSAV","Nhava Sheva, MH, INNSA",INNSA,ONEY,ONE,CHIM354B25,DRY,1,10/1/2025,12/31/2025,11/5/2025 9:38,1114,1114,290.62,290.62,1404.62,1404.62
USSAV,USSAV,INNSA,"Savannah, GA, USSAV","Savannah, GA, USSAV","Nhava Sheva, MH, INNSA",NHAVA SHEVA,EGLV,EMC,SC103574,DRY,,10/1/2025,12/31/2025,11/5/2025 9:38,1300,1300,199.65,199.65,1499.65,1499.65
USSAV,USSAV,INNSA,"Savannah, GA, USSAV","Savannah, GA, USSAV","Nhava Sheva, MH, INNSA",INNSA,MAEU,Maersk,300094432,DRY,0,10/16/2025,3/31/2026,11/5/2025 9:38,1420,1420,0,0,1420,1420
USSAV,USSAV,INPAV,"Savannah, GA, USSAV","Savannah, GA, USSAV","Pipavav (Victor) Port, GJ, INPAV",INPAV,MAEU,Maersk,300094432,DRY,0,10/16/2025,3/31/2026,11/5/2025 9:38,1420,1420,0,0,1420,1420
USSAV,USSAV,INPAV,"Savannah, GA, USSAV","Savannah, GA, USSAV","Pipavav (Victor) Port, GJ, INPAV",INPAV,ONEY,ONE,CHIM354B25,DRY,1,10/1/2025,12/31/2025,11/5/2025 9:38,1964,1964,279.98,279.98,2243.98,2243.98
USSAV,USSAV,INTUT,"Savannah, GA, USSAV","Savannah, GA, USSAV","Tuticorin, TN, INTUT",INTUT,MAEU,Maersk,300094432,DRY,0,10/16/2025,3/31/2026,11/5/2025 9:38,1420,1420,0,0,1420,1420
USSAV,USSAV,INTUT,"Savannah, GA, USSAV","Savannah, GA, USSAV","Tuticorin, TN, INTUT",INTUT,ONEY,ONE,CHIM354B25,DRY,1,10/1/2025,12/31/2025,11/5/2025 9:38,1964,1964,211.77,211.77,2175.77,2175.77
USSAV,USSAV,INTUT,"Savannah, GA, USSAV","Savannah, GA, USSAV","Tuticorin, TN, INTUT",INTUT,OOLU,OOCL,MT256104,DRY,2,10/20/2025,12/31/2025,11/5/2025 9:38,2117,2117,78.85,78.85,2195.85,2195.85
USSAV,USSAV,ITSPE,"Savannah, GA, USSAV","Savannah, GA, USSAV","La Spezia, , ITSPE",ITSPE,ONEY,ONE,CHIM354B25,DRY,1,10/1/2025,12/31/2025,11/5/2025 9:38,809,809,380.47,380.47,1189.47,1189.47
USSAV,USSAV,JPABU,"Savannah, GA, USSAV","Savannah, GA, USSAV","Aburatsu, 45, JPABU",KRPUS,YMLU,YML,51625,DRY,1,10/27/2025,12/31/2025,11/5/2025 9:38,1933,1933,125.98,125.98,2058.98,2058.98
USSAV,USSAV,JPAXT,"Savannah, GA, USSAV","Savannah, GA, USSAV","Akita, 5, JPAXT",KRPUS,YMLU,YML,51625,DRY,1,10/27/2025,12/31/2025,11/5/2025 9:38,1933,1933,125.98,125.98,2058.98,2058.98
USSAV,USSAV,JPFKY,"Savannah, GA, USSAV","Savannah, GA, USSAV","Fukuyama, Hiroshima, 34, JPFKY",KRPUS,YMLU,YML,51625,DRY,1,10/27/2025,12/31/2025,11/5/2025 9:38,2253,2253,125.98,125.98,2378.98,2378.98
USSAV,USSAV,JPHHE,"Savannah, GA, USSAV","Savannah, GA, USSAV","Hachinohe, 2, JPHHE",KRPUS,YMLU,YML,51625,DRY,1,10/27/2025,12/31/2025,11/5/2025 9:38,2733,2733,125.98,125.98,2858.98,2858.98
USSAV,USSAV,JPHIJ,"Savannah, GA, USSAV","Savannah, GA, USSAV","Hiroshima, 34, JPHIJ",JPHIJ,ONEY,ONE,CHIM354B25,DRY,1,10/1/2025,12/31/2025,11/5/2025 9:38,1404,1404,324.73,324.73,1728.73,1728.73
USSAV,USSAV,JPHIJ,"Savannah, GA, USSAV","Savannah, GA, USSAV","Hiroshima, 34, JPHIJ",KRPUS,YMLU,YML,51625,DRY,1,10/27/2025,12/31/2025,11/5/2025 9:38,1543,1543,125.98,125.98,1668.98,1668.98
USSAV,USSAV,JPHKD,"Savannah, GA, USSAV","Savannah, GA, USSAV","Hakodate, 1, JPHKD",KRPUS,YMLU,YML,51625,DRY,1,10/27/2025,12/31/2025,11/5/2025 9:38,2183,2183,125.98,125.98,2308.98,2308.98
USSAV,USSAV,JPHMD,"Savannah, GA, USSAV","Savannah, GA, USSAV","Hamada, 32, JPHMD",KRPUS,YMLU,YML,51625,DRY,1,10/27/2025,12/31/2025,11/5/2025 9:38,2453,2453,125.98,125.98,2578.98,2578.98
USSAV,USSAV,JPHSM,"Savannah, GA, USSAV","Savannah, GA, USSAV","Hososhima, 45, JPHSM",JPHSM,ONEY,ONE,CHIM354B25,DRY,1,10/1/2025,12/31/2025,11/5/2025 9:38,1264,1264,342.26,342.26,1606.26,1606.26
USSAV,USSAV,JPHTD,"Savannah, GA, USSAV","Savannah, GA, USSAV","Hakata, 38, JPHTD",HAKATA,EGLV,EMC,SC103574,DRY,,10/1/2025,12/31/2025,11/5/2025 9:38,950,950,311.74,311.74,1261.74,1261.74
USSAV,USSAV,JPHTD,"Savannah, GA, USSAV","Savannah, GA, USSAV","Hakata, 38, JPHTD",JPHTD,OOLU,OOCL,MT256104,DRY,2,10/20/2025,12/31/2025,11/5/2025 9:38,982,982,318.23,318.23,1300.23,1300.23
USSAV,USSAV,JPIMB,"Savannah, GA, USSAV","Savannah, GA, USSAV","Imabari, 38, JPIMB",KRPUS,YMLU,YML,51625,DRY,1,10/27/2025,12/31/2025,11/5/2025 9:38,1993,1993,125.98,125.98,2118.98,2118.98
USSAV,USSAV,JPIMI,"Savannah, GA, USSAV","Savannah, GA, USSAV","Imari, 41, JPIMI",CNSHG,YMLU,YML,51625,DRY,1,10/27/2025,12/31/2025,11/5/2025 9:38,1353,1353,224.8,224.8,1577.8,1577.8
USSAV,USSAV,JPISI,"Savannah, GA, USSAV","Savannah, GA, USSAV","Ishikari, 1, JPISI",KRPUS,YMLU,YML,51625,DRY,1,10/27/2025,12/31/2025,11/5/2025 9:38,2313,2313,125.98,125.98,2438.98,2438.98
USSAV,USSAV,JPIWK,"Savannah, GA, USSAV","Savannah, GA, USSAV","Iwakuni, 35, JPIWK",KRPUS,YMLU,YML,51625,DRY,1,10/27/2025,12/31/2025,11/5/2025 9:38,2193,2193,125.98,125.98,2318.98,2318.98
USSAV,USSAV,JPIYM,"Savannah, GA, USSAV","Savannah, GA, USSAV","Iyomishima, 38, JPIYM",CNSHG,YMLU,YML,51625,DRY,1,10/27/2025,12/31/2025,11/5/2025 9:38,1183,1183,224.8,224.8,1407.8,1407.8
USSAV,USSAV,JPIYM,"Savannah, GA, USSAV","Savannah, GA, USSAV","Iyomishima, 38, JPIYM",JPIYM,ONEY,ONE,CHIM354B25,DRY,1,10/1/2025,12/31/2025,11/5/2025 9:38,1564,1564,342.26,342.26,1906.26,1906.26
USSAV,USSAV,JPKCZ,"Savannah, GA, USSAV","Savannah, GA, USSAV","Kochi, 39, JPKCZ",JPKCZ,ONEY,ONE,CHIM354B25,DRY,1,10/1/2025,12/31/2025,11/5/2025 9:38,1704,1704,342.26,342.26,2046.26,2046.26
USSAV,USSAV,JPKIJ,"Savannah, GA, USSAV","Savannah, GA, USSAV","Niigata, 15, JPKIJ",JPKIJ,ONEY,ONE,CHIM354B25,DRY,1,10/1/2025,12/31/2025,11/5/2025 9:38,1464,1464,342.26,342.26,1806.26,1806.26
USSAV,USSAV,JPKMJ,"Savannah, GA, USSAV","Savannah, GA, USSAV","Kumamoto, 43, JPKMJ",KRPUS,YMLU,YML,51625,DRY,1,10/27/2025,12/31/2025,11/5/2025 9:38,1883,1883,125.98,125.98,2008.98,2008.98
USSAV,USSAV,JPKNZ,"Savannah, GA, USSAV","Savannah, GA, USSAV","Kanazawa, 17, JPKNZ",KRPUS,YMLU,YML,51625,DRY,1,10/27/2025,12/31/2025,11/5/2025 9:38,2123,2123,125.98,125.98,2248.98,2248.98
USSAV,USSAV,JPKST,"Savannah, GA, USSAV","Savannah, GA, USSAV","Kisakata, 5, JPKST",KRPUS,YMLU,YML,51625,DRY,1,10/27/2025,12/31/2025,11/5/2025 9:38,2313,2313,125.98,125.98,2438.98,2438.98
USSAV,USSAV,JPKUH,"Savannah, GA, USSAV","Savannah, GA, USSAV","Kushiro, 1, JPKUH",KRPUS,YMLU,YML,51625,DRY,1,10/27/2025,12/31/2025,11/5/2025 9:38,2538,2538,125.98,125.98,2663.98,2663.98
USSAV,USSAV,JPKWS,"Savannah, GA, USSAV","Savannah, GA, USSAV","Kawasaki, 14, JPKWS",JPKWS,ONEY,ONE,CHIM354B25,DRY,1,10/1/2025,12/31/2025,11/5/2025 9:38,674,674,17.54,17.54,691.54,691.54
USSAV,USSAV,JPMII,"Savannah, GA, USSAV","Savannah, GA, USSAV","Miike, Fukuoka, 40, JPMII",KRPUS,YMLU,YML,51625,DRY,1,10/27/2025,12/31/2025,11/5/2025 9:38,2253,2253,125.98,125.98,2378.98,2378.98
USSAV,USSAV,JPMIZ,"Savannah, GA, USSAV","Savannah, GA, USSAV","Mizushima, 33, JPMIZ",CNNBG,YMLU,YML,51625,DRY,1,10/27/2025,12/31/2025,11/5/2025 9:38,1053,1053,224.8,224.8,1277.8,1277.8
USSAV,USSAV,JPMOJ,"Savannah, GA, USSAV","Savannah, GA, USSAV","Moji/Kitakyushu, 40, JPMOJ",JPMOJ,MAEU,Maersk,300094432,DRY,0,10/16/2025,3/31/2026,10/22/2025 19:06,638,638,0,0,638,638
USSAV,USSAV,JPMOJ,"Savannah, GA, USSAV","Savannah, GA, USSAV","Moji/Kitakyushu, 40, JPMOJ",JPMOJ,ONEY,ONE,CHIM354B25,DRY,1,10/1/2025,12/31/2025,11/5/2025 9:38,1164,1164,342.26,342.26,1506.26,1506.26
USSAV,USSAV,JPNAH,"Savannah, GA, USSAV","Savannah, GA, USSAV","Naha, Okinawa, 47, JPNAH",TWKHH,YMLU,YML,51625,DRY,1,10/27/2025,12/31/2025,11/5/2025 9:38,1213,1213,227.3,227.3,1440.3,1440.3
USSAV,USSAV,JPNAO,"Savannah, GA, USSAV","Savannah, GA, USSAV","Naoetsu, 15, JPNAO",JPNAO,ONEY,ONE,CHIM354B25,DRY,1,10/1/2025,12/31/2025,11/5/2025 9:38,1774,1774,342.26,342.26,2116.26,2116.26
USSAV,USSAV,JPNAO,"Savannah, GA, USSAV","Savannah, GA, USSAV","Naoetsu, 15, JPNAO",KRPUS,YMLU,YML,51625,DRY,1,10/27/2025,12/31/2025,11/5/2025 9:38,2333,2333,125.98,125.98,2458.98,2458.98
USSAV,USSAV,JPNGO,"Savannah, GA, USSAV","Savannah, GA, USSAV","Nagoya, Aichi, 23, JPNGO",JPNGO,MAEU,Maersk,300094432,DRY,0,10/16/2025,3/31/2026,10/22/2025 19:06,380,380,0,0,380,380
USSAV,USSAV,JPNGO,"Savannah, GA, USSAV","Savannah, GA, USSAV","Nagoya, Aichi, 23, JPNGO",SGSIN,YMLU,YML,51625,DRY,1,10/27/2025,12/31/2025,11/5/2025 9:38,483,483,321.48,321.48,804.48,804.48
USSAV,USSAV,JPNGO,"Savannah, GA, USSAV","Savannah, GA, USSAV","Nagoya, Aichi, 23, JPNGO",SGSIN,YMLU,YML,51625,DRY,1,10/27/2025,12/31/2025,11/5/2025 9:38,558,558,268.95,268.95,826.95,826.95
USSAV,USSAV,JPNGO,"Savannah, GA, USSAV","Savannah, GA, USSAV","Nagoya, Aichi, 23, JPNGO",JPNGO,ONEY,ONE,CHIM354B25,DRY,1,10/1/2025,12/31/2025,11/5/2025 9:38,674,674,342.26,342.26,1016.26,1016.26
USSAV,USSAV,JPNGO,"Savannah, GA, USSAV","Savannah, GA, USSAV","Nagoya, Aichi, 23, JPNGO",NAGOYA,EGLV,EMC,SC103574,DRY,,10/1/2025,12/31/2025,11/5/2025 9:38,950,950,311.74,311.74,1261.74,1261.74
USSAV,USSAV,JPNGO,"Savannah, GA, USSAV","Savannah, GA, USSAV","Nagoya, Aichi, 23, JPNGO",JPNGO,OOLU,OOCL,MT256104,DRY,2,10/20/2025,12/31/2025,11/5/2025 9:38,982,982,318.23,318.23,1300.23,1300.23
USSAV,USSAV,JPOIT,"Savannah, GA, USSAV","Savannah, GA, USSAV","Oita, 44, JPOIT",KRPUS,YMLU,YML,51625,DRY,1,10/27/2025,12/31/2025,11/5/2025 9:38,1953,1953,125.98,125.98,2078.98,2078.98
USSAV,USSAV,JPONA,"Savannah, GA, USSAV","Savannah, GA, USSAV","Onahama, 7, JPONA",KRPUS,YMLU,YML,51625,DRY,1,10/27/2025,12/31/2025,11/5/2025 9:38,2473,2473,125.98,125.98,2598.98,2598.98
USSAV,USSAV,JPOSA,"Savannah, GA, USSAV","Savannah, GA, USSAV","Osaka, 27, JPOSA",JPOSA,YMLU,YML,51625,DRY,1,10/27/2025,12/31/2025,11/5/2025 9:38,608,608,321.48,321.48,929.48,929.48
USSAV,USSAV,JPOSA,"Savannah, GA, USSAV","Savannah, GA, USSAV","Osaka, 27, JPOSA","Kobe, JP",MAEU,Maersk,300094432,DRY,0,10/16/2025,3/31/2026,10/22/2025 19:06,630,630,0,0,630,630
USSAV,USSAV,JPOSA,"Savannah, GA, USSAV","Savannah, GA, USSAV","Osaka, 27, JPOSA",JPOSA,ONEY,ONE,CHIM354B25,DRY,1,10/1/2025,12/31/2025,11/5/2025 9:38,769,769,342.26,342.26,1111.26,1111.26
USSAV,USSAV,JPOSA,"Savannah, GA, USSAV","Savannah, GA, USSAV","Osaka, 27, JPOSA",OSAKA,EGLV,EMC,SC103574,DRY,,10/1/2025,12/31/2025,11/5/2025 9:38,950,950,311.74,311.74,1261.74,1261.74
USSAV,USSAV,JPOTK,"Savannah, GA, USSAV","Savannah, GA, USSAV","Otake, 34, JPOTK",KRPUS,YMLU,YML,51625,DRY,1,10/27/2025,12/31/2025,11/5/2025 9:38,2333,2333,125.98,125.98,2458.98,2458.98
USSAV,USSAV,JPSBS,"Savannah, GA, USSAV","Savannah, GA, USSAV","Shibushi, 46, JPSBS",JPSBS,ONEY,ONE,CHIM354B25,DRY,1,10/1/2025,12/31/2025,11/5/2025 9:38,1564,1564,342.26,342.26,1906.26,1906.26
USSAV,USSAV,JPSDJ,"Savannah, GA, USSAV","Savannah, GA, USSAV","Sendai, Miyagi, 4, JPSDJ",JPSDJ,ONEY,ONE,CHIM354B25,DRY,1,10/1/2025,12/31/2025,11/5/2025 9:38,1494,1494,342.26,342.26,1836.26,1836.26
USSAV,USSAV,JPSDJ,"Savannah, GA, USSAV","Savannah, GA, USSAV","Sendai, Miyagi, 4, JPSDJ",KRPUS,YMLU,YML,51625,DRY,1,10/27/2025,12/31/2025,11/5/2025 9:38,2483,2483,125.98,125.98,2608.98,2608.98
USSAV,USSAV,JPSEN,"Savannah, GA, USSAV","Savannah, GA, USSAV","Satsumasendai, 46, JPSEN",KRPUS,YMLU,YML,51625,DRY,1,10/27/2025,12/31/2025,11/5/2025 9:38,2363,2363,125.98,125.98,2488.98,2488.98
USSAV,USSAV,JPSHS,"Savannah, GA, USSAV","Savannah, GA, USSAV","Shimonoseki, 35, JPSHS",KRPUS,YMLU,YML,51625,DRY,1,10/27/2025,12/31/2025,11/5/2025 9:38,2203,2203,125.98,125.98,2328.98,2328.98
USSAV,USSAV,JPSMN,"Savannah, GA, USSAV","Savannah, GA, USSAV","Sakaiminato, 31, JPSMN",JPSMN,ONEY,ONE,CHIM354B25,DRY,1,10/1/2025,12/31/2025,11/5/2025 9:38,1804,1804,0,0,1804,1804
USSAV,USSAV,JPSMZ,"Savannah, GA, USSAV","Savannah, GA, USSAV","Shimizu, 22, JPSMZ",JPSMZ,ONEY,ONE,CHIM354B25,DRY,1,10/1/2025,12/31/2025,11/5/2025 9:38,864,864,342.26,342.26,1206.26,1206.26
USSAV,USSAV,JPTAK,"Savannah, GA, USSAV","Savannah, GA, USSAV","Takamatsu, 37, JPTAK",KRPUS,YMLU,YML,51625,DRY,1,10/27/2025,12/31/2025,11/5/2025 9:38,2253,2253,125.98,125.98,2378.98,2378.98
USSAV,USSAV,JPTHS,"Savannah, GA, USSAV","Savannah, GA, USSAV","Toyohashi, 23, JPTHS",KRPUS,YMLU,YML,51625,DRY,1,10/27/2025,12/31/2025,11/5/2025 9:38,1343,1343,125.98,125.98,1468.98,1468.98
USSAV,USSAV,JPTKS,"Savannah, GA, USSAV","Savannah, GA, USSAV","Tokushima, 36, JPTKS",JPTKS,ONEY,ONE,CHIM354B25,DRY,1,10/1/2025,12/31/2025,11/5/2025 9:38,2164,2164,342.26,342.26,2506.26,2506.26
USSAV,USSAV,JPTKS,"Savannah, GA, USSAV","Savannah, GA, USSAV","Tokushima, 36, JPTKS",KRPUS,YMLU,YML,51625,DRY,1,10/27/2025,12/31/2025,11/5/2025 9:38,2233,2233,125.98,125.98,2358.98,2358.98
USSAV,USSAV,JPTKY,"Savannah, GA, USSAV","Savannah, GA, USSAV","Tokuyama, 35, JPTKY",KRPUS,YMLU,YML,51625,DRY,1,10/27/2025,12/31/2025,11/5/2025 9:38,2023,2023,125.98,125.98,2148.98,2148.98
USSAV,USSAV,JPTMK,"Savannah, GA, USSAV","Savannah, GA, USSAV","Tomakomai, 1, JPTMK",JPTMK,ONEY,ONE,CHIM354B25,DRY,1,10/1/2025,12/31/2025,11/5/2025 9:38,674,674,342.26,342.26,1016.26,1016.26
USSAV,USSAV,JPTMK,"Savannah, GA, USSAV","Savannah, GA, USSAV","Tomakomai, 1, JPTMK",KRPUS,YMLU,YML,51625,DRY,1,10/27/2025,12/31/2025,11/5/2025 9:38,1958,1958,125.98,125.98,2083.98,2083.98
USSAV,USSAV,JPTOY,"Savannah, GA, USSAV","Savannah, GA, USSAV","Toyama, 16, JPTOY",KRPUS,YMLU,YML,51625,DRY,1,10/27/2025,12/31/2025,11/5/2025 9:38,2173,2173,125.98,125.98,2298.98,2298.98
USSAV,USSAV,JPTRG,"Savannah, GA, USSAV","Savannah, GA, USSAV","Tsuruga, 18, JPTRG",KRPUS,YMLU,YML,51625,DRY,1,10/27/2025,12/31/2025,11/5/2025 9:38,2093,2093,125.98,125.98,2218.98,2218.98
USSAV,USSAV,JPTYO,"Savannah, GA, USSAV","Savannah, GA, USSAV","Tokyo, 13, JPTYO",JPTYO,MAEU,Maersk,300094432,DRY,0,10/16/2025,3/31/2026,10/22/2025 19:06,380,380,0,0,380,380
USSAV,USSAV,JPTYO,"Savannah, GA, USSAV","Savannah, GA, USSAV","Tokyo, 13, JPTYO",SGSIN,YMLU,YML,51625,DRY,1,10/27/2025,12/31/2025,11/5/2025 9:38,558,558,268.95,268.95,826.95,826.95
USSAV,USSAV,JPTYO,"Savannah, GA, USSAV","Savannah, GA, USSAV","Tokyo, 13, JPTYO",JPTYO,ONEY,ONE,CHIM354B25,DRY,1,10/1/2025,12/31/2025,11/5/2025 9:38,674,674,342.26,342.26,1016.26,1016.26
USSAV,USSAV,JPTYO,"Savannah, GA, USSAV","Savannah, GA, USSAV","Tokyo, 13, JPTYO",JPTYO,OOLU,OOCL,MT256104,DRY,2,10/20/2025,12/31/2025,11/5/2025 9:38,1237,1237,318.23,318.23,1555.23,1555.23
USSAV,USSAV,JPUKB,"Savannah, GA, USSAV","Savannah, GA, USSAV","Kobe, 28, JPUKB",SGSIN,YMLU,YML,51625,DRY,1,10/27/2025,12/31/2025,11/5/2025 9:38,483,483,321.48,321.48,804.48,804.48
USSAV,USSAV,JPUKB,"Savannah, GA, USSAV","Savannah, GA, USSAV","Kobe, 28, JPUKB",SGSIN,YMLU,YML,51625,DRY,1,10/27/2025,12/31/2025,11/5/2025 9:38,558,558,268.95,268.95,826.95,826.95
USSAV,USSAV,JPUKB,"Savannah, GA, USSAV","Savannah, GA, USSAV","Kobe, 28, JPUKB",JPUKB,ONEY,ONE,CHIM354B25,DRY,1,10/1/2025,12/31/2025,11/5/2025 9:38,674,674,342.26,342.26,1016.26,1016.26
USSAV,USSAV,JPUKB,"Savannah, GA, USSAV","Savannah, GA, USSAV","Kobe, 28, JPUKB",JPUKB,MAEU,Maersk,300094432,DRY,0,10/16/2025,3/31/2026,10/22/2025 19:06,717,717,0,0,717,717
USSAV,USSAV,JPUKB,"Savannah, GA, USSAV","Savannah, GA, USSAV","Kobe, 28, JPUKB",KOBE,EGLV,EMC,SC103574,DRY,,10/1/2025,12/31/2025,11/5/2025 9:38,950,950,311.74,311.74,1261.74,1261.74
USSAV,USSAV,JPUKB,"Savannah, GA, USSAV","Savannah, GA, USSAV","Kobe, 28, JPUKB",JPUKB,OOLU,OOCL,MT256104,DRY,2,10/20/2025,12/31/2025,11/5/2025 9:38,982,982,318.23,318.23,1300.23,1300.23
USSAV,USSAV,JPYKK,"Savannah, GA, USSAV","Savannah, GA, USSAV","Yokkaichi, 24, JPYKK","Nagoya, JP",MAEU,Maersk,300094432,DRY,0,10/16/2025,3/31/2026,10/22/2025 19:06,683.64,683.64,0,0,683.64,683.64
USSAV,USSAV,JPYKK,"Savannah, GA, USSAV","Savannah, GA, USSAV","Yokkaichi, 24, JPYKK",KRPUS,YMLU,YML,51625,DRY,1,10/27/2025,12/31/2025,11/5/2025 9:38,2283,2283,125.98,125.98,2408.98,2408.98
USSAV,USSAV,JPYOK,"Savannah, GA, USSAV","Savannah, GA, USSAV","Yokohama, 14, JPYOK",JPYOK,OOLU,OOCL,MT256104,DRY,2,10/20/2025,12/31/2025,11/5/2025 9:38,467,467,318.23,318.23,785.23,785.23
USSAV,USSAV,JPYOK,"Savannah, GA, USSAV","Savannah, GA, USSAV","Yokohama, 14, JPYOK",JPYOK,ONEY,ONE,CHIM354B25,DRY,1,10/1/2025,12/31/2025,11/5/2025 9:38,664,664,342.26,342.26,1006.26,1006.26
USSAV,USSAV,JPYOK,"Savannah, GA, USSAV","Savannah, GA, USSAV","Yokohama, 14, JPYOK",JPYOK,MAEU,Maersk,300094432,DRY,0,10/16/2025,3/31/2026,10/22/2025 19:06,934,934,0,0,934,934
USSAV,USSAV,KRDDC,"Savannah, GA, USSAV","Savannah, GA, USSAV","Dongducheon, 41, KRDDC",KRPUS,YMLU,YML,51625,DRY,1,10/27/2025,12/31/2025,11/5/2025 9:38,1208,1208,125.98,125.98,1333.98,1333.98
USSAV,USSAV,KRKAN,"Savannah, GA, USSAV","Savannah, GA, USSAV","Gwangyang, 46, KRKAN",KRKAN,MAEU,Maersk,300094432,DRY,0,10/16/2025,3/31/2026,10/22/2025 19:06,407,407,0,0,407,407
USSAV,USSAV,KRKAN,"Savannah, GA, USSAV","Savannah, GA, USSAV","Gwangyang, 46, KRKAN",KRKAN,ONEY,ONE,CHIM354B25,DRY,1,10/1/2025,12/31/2025,11/5/2025 9:38,664,664,171.43,171.42,835.43,835.42
USSAV,USSAV,KRKWA,"Savannah, GA, USSAV","Savannah, GA, USSAV","Kwangyang, 49, KRKWA",KRPUS,YMLU,YML,51625,DRY,1,10/27/2025,12/31/2025,11/5/2025 9:38,658,658,125.98,125.98,783.98,783.98
USSAV,USSAV,KRPOC,"Savannah, GA, USSAV","Savannah, GA, USSAV","Pocheon, 41, KRPOC",KRPUS,YMLU,YML,51625,DRY,1,10/27/2025,12/31/2025,11/5/2025 9:38,1218,1218,125.98,125.98,1343.98,1343.98
USSAV,USSAV,KRPUS,"Savannah, GA, USSAV","Savannah, GA, USSAV","Busan, 26, KRPUS",KRPUS,YMLU,YML,51625,DRY,1,10/27/2025,12/31/2025,11/5/2025 9:38,83,83,125.98,125.98,208.98,208.98
USSAV,USSAV,KRPUS,"Savannah, GA, USSAV","Savannah, GA, USSAV","Busan, 26, KRPUS",KRPUS,MAEU,Maersk,300094432,DRY,0,10/16/2025,3/31/2026,10/22/2025 19:06,317,317,0,0,317,317
USSAV,USSAV,KRPUS,"Savannah, GA, USSAV","Savannah, GA, USSAV","Busan, 26, KRPUS",KRPUS,OOLU,OOCL,MT256104,DRY,2,10/20/2025,12/31/2025,11/5/2025 9:38,317,317,132.98,132.98,449.98,449.98
USSAV,USSAV,KRPUS,"Savannah, GA, USSAV","Savannah, GA, USSAV","Busan, 26, KRPUS",KRPUS,YMLU,YML,51625,DRY,1,10/27/2025,12/31/2025,11/5/2025 9:38,383,383,125.98,125.98,508.98,508.98
USSAV,USSAV,KRPUS,"Savannah, GA, USSAV","Savannah, GA, USSAV","Busan, 26, KRPUS",KRPUS,ONEY,ONE,CHIM354B25,DRY,1,10/1/2025,12/31/2025,11/5/2025 9:38,414,414,175.71,175.7,589.71,589.7
USSAV,USSAV,KRPUS,"Savannah, GA, USSAV","Savannah, GA, USSAV","Busan, 26, KRPUS",SGSIN,YMLU,YML,51625,DRY,1,10/27/2025,12/31/2025,11/5/2025 9:38,703,703,268.95,268.95,971.95,971.95
USSAV,USSAV,KRSEJ,"Savannah, GA, USSAV","Savannah, GA, USSAV","Seongju-gun, 47, KRSEJ",KRPUS,YMLU,YML,51625,DRY,1,10/27/2025,12/31/2025,11/5/2025 9:38,883,883,125.98,125.98,1008.98,1008.98
USSAV,USSAV,KRYSN,"Savannah, GA, USSAV","Savannah, GA, USSAV","Yangsan, 48, KRYSN",KRPUS,YMLU,YML,51625,DRY,1,10/27/2025,12/31/2025,11/5/2025 9:38,708,708,125.98,125.98,833.98,833.98
USSAV,USSAV,KRYYU,"Savannah, GA, USSAV","Savannah, GA, USSAV","Yangju, 41, KRYYU",KRPUS,YMLU,YML,51625,DRY,1,10/27/2025,12/31/2025,11/5/2025 9:38,1288,1288,125.98,125.98,1413.98,1413.98
USSAV,USSAV,LKCMB,"Savannah, GA, USSAV","Savannah, GA, USSAV","Colombo, , LKCMB",LKCMB,ONEY,ONE,CHIM354B25,DRY,1,10/1/2025,12/31/2025,11/5/2025 9:38,1364,1364,0,0,1364,1364
USSAV,USSAV,LKCMB,"Savannah, GA, USSAV","Savannah, GA, USSAV","Colombo, , LKCMB",LKCMB,YMLU,YML,51625,DRY,1,10/27/2025,12/31/2025,11/5/2025 9:38,1608,1608,0,0,1608,1608
USSAV,USSAV,MYKCH,"Savannah, GA, USSAV","Savannah, GA, USSAV","Kuching, Sarawak, , MYKCH",SGSIN,YMLU,YML,51625,DRY,1,10/27/2025,12/31/2025,11/5/2025 9:38,1348,1348,268.95,268.95,1616.95,1616.95
USSAV,USSAV,MYPEN,"Savannah, GA, USSAV","Savannah, GA, USSAV","Penang, , MYPEN",MYPEN,YMLU,YML,51625,DRY,1,10/27/2025,12/31/2025,11/5/2025 9:38,558,558,192.69,192.69,750.69,750.69
USSAV,USSAV,MYPEN,"Savannah, GA, USSAV","Savannah, GA, USSAV","Penang, , MYPEN",MYPEN,ONEY,ONE,CHIM354B25,DRY,1,10/1/2025,12/31/2025,11/5/2025 9:38,574,574,203.44,203.44,777.44,777.44
USSAV,USSAV,MYPEN,"Savannah, GA, USSAV","Savannah, GA, USSAV","Penang, , MYPEN",MYPEN,MAEU,Maersk,300094432,DRY,0,10/16/2025,3/31/2026,10/22/2025 19:06,897,897,0,0,897,897
USSAV,USSAV,MYPEN,"Savannah, GA, USSAV","Savannah, GA, USSAV","Penang, , MYPEN",MYPEN,OOLU,OOCL,MT256104,DRY,2,10/20/2025,12/31/2025,11/5/2025 9:38,962,962,191.02,202.96,1153.02,1164.96
USSAV,USSAV,MYPEN,"Savannah, GA, USSAV","Savannah, GA, USSAV","Penang, , MYPEN",CNSHG,YMLU,YML,51625,DRY,1,10/27/2025,12/31/2025,11/5/2025 9:38,1128,1128,224.8,224.8,1352.8,1352.8
USSAV,USSAV,MYPEN,"Savannah, GA, USSAV","Savannah, GA, USSAV","Penang, , MYPEN",SGSIN,YMLU,YML,51625,DRY,1,10/27/2025,12/31/2025,11/5/2025 9:38,1128,1128,268.95,268.95,1396.95,1396.95
USSAV,USSAV,MYPGU,"Savannah, GA, USSAV","Savannah, GA, USSAV","Pasir Gudang, Johor, , MYPGU",MYPGU,YMLU,YML,51625,DRY,1,10/27/2025,12/31/2025,11/5/2025 9:38,608,608,167.62,167.62,775.62,775.62
USSAV,USSAV,MYPGU,"Savannah, GA, USSAV","Savannah, GA, USSAV","Pasir Gudang, Johor, , MYPGU",MYPGU,ONEY,ONE,CHIM354B25,DRY,1,10/1/2025,12/31/2025,11/5/2025 9:38,724,724,180.75,180.75,904.75,904.75
USSAV,USSAV,MYPGU,"Savannah, GA, USSAV","Savannah, GA, USSAV","Pasir Gudang, Johor, , MYPGU","Tanjung Pelepas, MY",MAEU,Maersk,300094432,DRY,0,10/16/2025,3/31/2026,10/22/2025 19:06,897,897,0,0,897,897
USSAV,USSAV,MYPGU,"Savannah, GA, USSAV","Savannah, GA, USSAV","Pasir Gudang, Johor, , MYPGU",MYPGU,OOLU,OOCL,MT256104,DRY,2,10/20/2025,12/31/2025,11/5/2025 9:38,962,962,162.37,162.37,1124.37,1124.37
USSAV,USSAV,MYPGU,"Savannah, GA, USSAV","Savannah, GA, USSAV","Pasir Gudang, Johor, , MYPGU",CNSHG,YMLU,YML,51625,DRY,1,10/27/2025,12/31/2025,11/5/2025 9:38,983,983,224.8,224.8,1207.8,1207.8
USSAV,USSAV,MYPGU,"Savannah, GA, USSAV","Savannah, GA, USSAV","Pasir Gudang, Johor, , MYPGU",SGSIN,YMLU,YML,51625,DRY,1,10/27/2025,12/31/2025,11/5/2025 9:38,983,983,268.95,268.95,1251.95,1251.95
USSAV,USSAV,MYPKG,"Savannah, GA, USSAV","Savannah, GA, USSAV","Port Klang, 10, MYPKG",MYPKG,OOLU,OOCL,MT256104,DRY,2,10/20/2025,12/31/2025,11/5/2025 9:38,367,367,280.08,280.08,647.08,647.08
USSAV,USSAV,MYPKG,"Savannah, GA, USSAV","Savannah, GA, USSAV","Port Klang, 10, MYPKG",MYPKG,YMLU,YML,51625,DRY,1,10/27/2025,12/31/2025,11/5/2025 9:38,658,658,170.73,170.73,828.73,828.73
USSAV,USSAV,MYPKG,"Savannah, GA, USSAV","Savannah, GA, USSAV","Port Klang, 10, MYPKG",MYPKG,ONEY,ONE,CHIM354B25,DRY,1,10/1/2025,12/31/2025,11/5/2025 9:38,764,764,179.56,179.56,943.56,943.56
USSAV,USSAV,MYPKG,"Savannah, GA, USSAV","Savannah, GA, USSAV","Port Klang, 10, MYPKG",CNNBG,YMLU,YML,51625,DRY,1,10/27/2025,12/31/2025,11/5/2025 9:38,793,793,224.8,224.8,1017.8,1017.8
USSAV,USSAV,MYPKG,"Savannah, GA, USSAV","Savannah, GA, USSAV","Port Klang, 10, MYPKG",CNSHG,YMLU,YML,51625,DRY,1,10/27/2025,12/31/2025,11/5/2025 9:38,793,793,224.8,224.8,1017.8,1017.8
USSAV,USSAV,MYPKG,"Savannah, GA, USSAV","Savannah, GA, USSAV","Port Klang, 10, MYPKG",SGSIN,YMLU,YML,51625,DRY,1,10/27/2025,12/31/2025,11/5/2025 9:38,793,793,268.95,268.95,1061.95,1061.95
USSAV,USSAV,MYPKG,"Savannah, GA, USSAV","Savannah, GA, USSAV","Port Klang, 10, MYPKG",MYPKG,MAEU,Maersk,300094432,DRY,0,10/16/2025,3/31/2026,10/22/2025 19:06,897,897,0,0,897,897
USSAV,USSAV,MYPKG,"Savannah, GA, USSAV","Savannah, GA, USSAV","Port Klang, 10, MYPKG",CNSHG,YMLU,YML,51625,DRY,1,10/27/2025,12/31/2025,11/5/2025 9:38,983,983,224.8,224.8,1207.8,1207.8
USSAV,USSAV,MYPKG,"Savannah, GA, USSAV","Savannah, GA, USSAV","Port Klang, 10, MYPKG",SGSIN,YMLU,YML,51625,DRY,1,10/27/2025,12/31/2025,11/5/2025 9:38,983,983,268.95,268.95,1251.95,1251.95
USSAV,USSAV,MYTPP,"Savannah, GA, USSAV","Savannah, GA, USSAV","Tanjung Pelepas, 1, MYTPP",MYTPP,MAEU,Maersk,300094432,DRY,0,10/16/2025,3/31/2026,10/22/2025 19:06,697,697,0,0,697,697
USSAV,USSAV,NIMGA,"Savannah, GA, USSAV","Savannah, GA, USSAV","Managua, , NIMGA",NIMGA,ONEY,ONE,CHIM354B25,DRY,1,10/1/2025,12/31/2025,11/5/2025 9:38,3788,3788,405,405,4193,4193
USSAV,USSAV,PAROD,"Savannah, GA, USSAV","Savannah, GA, USSAV","Rodman, 8, PAROD",PAROD,ONEY,ONE,CHIM354B25,DRY,1,10/1/2025,12/31/2025,11/5/2025 9:38,1498,1498,292,292,1790,1790
USSAV,USSAV,PECLL,"Savannah, GA, USSAV","Savannah, GA, USSAV","Callao, , PECLL",PECLL,ONEY,ONE,CHIM354B25,DRY,1,10/1/2025,12/31/2025,11/5/2025 9:38,1183,1183,105,105,1288,1288
USSAV,USSAV,PECLL,"Savannah, GA, USSAV","Savannah, GA, USSAV","Callao, , PECLL",CALLAO,EGLV,EMC,SC103574,DRY,,10/31/2025,11/30/2025,11/5/2025 9:38,1200,1200,80,80,1280,1280
USSAV,USSAV,PECLL,"Savannah, GA, USSAV","Savannah, GA, USSAV","Callao, , PECLL",PECLL,MSCU,MSC,25-348WCSA,DRY,0,11/3/2025,12/31/2025,11/5/2025 9:38,1370,1370,65,65,1435,1435
USSAV,USSAV,PHCEB,"Savannah, GA, USSAV","Savannah, GA, USSAV","Cebu, , PHCEB",PHCEB,OOLU,OOCL,MT256104,DRY,2,10/20/2025,12/31/2025,11/5/2025 9:38,952,952,236,236,1188,1188
USSAV,USSAV,PHCEB,"Savannah, GA, USSAV","Savannah, GA, USSAV","Cebu, , PHCEB",PHCEB,MAEU,Maersk,300094432,DRY,0,10/16/2025,3/31/2026,10/22/2025 19:06,1228,1228,0,0,1228,1228
USSAV,USSAV,PHCEB,"Savannah, GA, USSAV","Savannah, GA, USSAV","Cebu, , PHCEB",TWKHH,YMLU,YML,51625,DRY,1,10/27/2025,12/31/2025,11/5/2025 9:38,1763,1763,227.3,227.3,1990.3,1990.3
USSAV,USSAV,PHDVO,"Savannah, GA, USSAV","Savannah, GA, USSAV","Davao, Mindanao, , PHDVO",DAVAO,EGLV,EMC,SC103574,DRY,,10/1/2025,12/31/2025,11/5/2025 9:38,800,800,253,286,1053,1086
USSAV,USSAV,PHDVO,"Savannah, GA, USSAV","Savannah, GA, USSAV","Davao, Mindanao, , PHDVO",CNSHG,YMLU,YML,51625,DRY,1,10/27/2025,12/31/2025,11/5/2025 9:38,1518,1518,224.8,224.8,1742.8,1742.8
USSAV,USSAV,PHDVO,"Savannah, GA, USSAV","Savannah, GA, USSAV","Davao, Mindanao, , PHDVO",SGSIN,YMLU,YML,51625,DRY,1,10/27/2025,12/31/2025,11/5/2025 9:38,1518,1518,268.95,268.95,1786.95,1786.95
USSAV,USSAV,PHMNL,"Savannah, GA, USSAV","Savannah, GA, USSAV","Manila, , PHMNL",PHMNL,ONEY,ONE,CHIM354B25,DRY,1,10/1/2025,12/31/2025,11/5/2025 9:38,689,689,265,265,954,954
USSAV,USSAV,PHMNL,"Savannah, GA, USSAV","Savannah, GA, USSAV","Manila, , PHMNL",PHMNL,YMLU,YML,51625,DRY,1,10/27/2025,12/31/2025,11/5/2025 9:38,808,808,248,281,1056,1089
USSAV,USSAV,PHMNL,"Savannah, GA, USSAV","Savannah, GA, USSAV","Manila, , PHMNL",TWKHH,YMLU,YML,51625,DRY,1,10/27/2025,12/31/2025,11/5/2025 9:38,883,883,227.3,227.3,1110.3,1110.3
USSAV,USSAV,PHMNL,"Savannah, GA, USSAV","Savannah, GA, USSAV","Manila, , PHMNL",MANILA (NORTH PORT),EGLV,EMC,SC103574,DRY,,10/1/2025,12/31/2025,11/5/2025 9:38,950,950,230,260,1180,1210
USSAV,USSAV,PHMNL,"Savannah, GA, USSAV","Savannah, GA, USSAV","Manila, , PHMNL",PHMNL,OOLU,OOCL,MT256104,DRY,2,10/20/2025,12/31/2025,11/5/2025 9:38,952,952,236,236,1188,1188
USSAV,USSAV,PHMNL,"Savannah, GA, USSAV","Savannah, GA, USSAV","Manila, , PHMNL",PHMNL,MAEU,Maersk,300094432,DRY,0,10/16/2025,3/31/2026,10/22/2025 19:06,1090,1090,0,0,1090,1090
USSAV,USSAV,PHMNS,"Savannah, GA, USSAV","Savannah, GA, USSAV","Manila South Harbour, , PHMNS",MANILA SOUTH PORT,EGLV,EMC,SC103574,DRY,,10/1/2025,12/31/2025,11/5/2025 9:38,950,950,306,336,1256,1286
USSAV,USSAV,PKBQM,"Savannah, GA, USSAV","Savannah, GA, USSAV","Port Qasim/Karachi, SD, PKBQM",PKBQM,MAEU,Maersk,300094432,DRY,0,10/16/2025,3/31/2026,10/22/2025 19:06,1324,1324,0,0,1324,1324
USSAV,USSAV,PKKHI,"Savannah, GA, USSAV","Savannah, GA, USSAV","Karachi, SD, PKKHI",KARACHI,EGLV,EMC,SC103574,DRY,,10/1/2025,12/31/2025,11/5/2025 9:38,1300,1300,170,170,1470,1470
USSAV,USSAV,PKKHI,"Savannah, GA, USSAV","Savannah, GA, USSAV","Karachi, SD, PKKHI","Keamari Karachi, PK",MAEU,Maersk,300094432,DRY,0,10/16/2025,3/31/2026,10/22/2025 19:06,1324,1324,0,0,1324,1324
USSAV,USSAV,PKKHI,"Savannah, GA, USSAV","Savannah, GA, USSAV","Karachi, SD, PKKHI",PKKHI,ONEY,ONE,CHIM354B25,DRY,1,10/1/2025,12/31/2025,11/5/2025 9:38,1974,1974,428,428,2402,2402
USSAV,USSAV,PKQCT,"Savannah, GA, USSAV","Savannah, GA, USSAV","Qasim Container Terminal/Karachi, , PKQCT",PKQCT,OOLU,OOCL,MT256104,DRY,2,10/20/2025,12/31/2025,11/5/2025 9:38,947,947,155,155,1102,1102
USSAV,USSAV,PTLEI,"Savannah, GA, USSAV","Savannah, GA, USSAV","Leixoes, 13, PTLEI",PTLEI,MAEU,Maersk,300094432,DRY,0,10/16/2025,3/31/2026,10/22/2025 19:06,1636,1636,0,0,1636,1636
USSAV,USSAV,PTLEI,"Savannah, GA, USSAV","Savannah, GA, USSAV","Leixoes, 13, PTLEI",PTLEI,ONEY,ONE,CHIM354B25,DRY,1,10/1/2025,12/31/2025,11/5/2025 9:38,2229,2229,345.67,345.67,2574.67,2574.67
USSAV,USSAV,PTLIS,"Savannah, GA, USSAV","Savannah, GA, USSAV","Lisboa, 11, PTLIS",PTLIS,ONEY,ONE,CHIM354B25,DRY,1,10/1/2025,12/31/2025,11/5/2025 9:38,1729,1729,345.67,345.67,2074.67,2074.67
USSAV,USSAV,SGSIN,"Savannah, GA, USSAV","Savannah, GA, USSAV","Singapore, , SGSIN",SGSIN,YMLU,YML,51625,DRY,1,10/27/2025,12/31/2025,11/5/2025 9:38,333,333,268.95,268.95,601.95,601.95
USSAV,USSAV,SGSIN,"Savannah, GA, USSAV","Savannah, GA, USSAV","Singapore, , SGSIN",SGSIN,OOLU,OOCL,MT256104,DRY,2,10/20/2025,12/31/2025,11/5/2025 4:10,367,367,299.69,299.69,666.69,666.69
USSAV,USSAV,SGSIN,"Savannah, GA, USSAV","Savannah, GA, USSAV","Singapore, , SGSIN",SGSIN,YMLU,YML,51625,DRY,1,10/27/2025,12/31/2025,11/5/2025 9:38,383,383,268.95,268.95,651.95,651.95
USSAV,USSAV,SGSIN,"Savannah, GA, USSAV","Savannah, GA, USSAV","Singapore, , SGSIN",CNNBG,YMLU,YML,51625,DRY,1,10/27/2025,12/31/2025,11/5/2025 9:38,513,513,224.8,224.8,737.8,737.8
USSAV,USSAV,SGSIN,"Savannah, GA, USSAV","Savannah, GA, USSAV","Singapore, , SGSIN",CNSHG,YMLU,YML,51625,DRY,1,10/27/2025,12/31/2025,11/5/2025 9:38,513,513,224.8,224.8,737.8,737.8
USSAV,USSAV,SGSIN,"Savannah, GA, USSAV","Savannah, GA, USSAV","Singapore, , SGSIN",SGSIN,MAEU,Maersk,300094432,DRY,0,10/16/2025,3/31/2026,10/22/2025 19:06,611,611,0,0,611,611
USSAV,USSAV,SGSIN,"Savannah, GA, USSAV","Savannah, GA, USSAV","Singapore, , SGSIN",SGSIN,ONEY,ONE,CHIM354B25,DRY,1,10/1/2025,12/31/2025,11/5/2025 9:38,774,774,339.65,339.65,1113.65,1113.65
USSAV,USSAV,THBKK,"Savannah, GA, USSAV","Savannah, GA, USSAV","Bangkok, , THBKK",THLCH,YMLU,YML,51625,DRY,1,10/27/2025,12/31/2025,11/5/2025 9:38,408,408,135.84,135.84,543.84,543.84
USSAV,USSAV,THBKK,"Savannah, GA, USSAV","Savannah, GA, USSAV","Bangkok, , THBKK",THBKK,OOLU,OOCL,MT256104,DRY,2,10/20/2025,12/31/2025,11/5/2025 9:38,472,472,134.3,134.3,606.3,606.3
USSAV,USSAV,THBKK,"Savannah, GA, USSAV","Savannah, GA, USSAV","Bangkok, , THBKK",THBKK,ONEY,ONE,CHIM354B25,DRY,1,10/1/2025,12/31/2025,11/5/2025 9:38,624,624,191.42,191.42,815.42,815.42
USSAV,USSAV,THBKK,"Savannah, GA, USSAV","Savannah, GA, USSAV","Bangkok, , THBKK",SGSIN,YMLU,YML,51625,DRY,1,10/27/2025,12/31/2025,11/5/2025 9:38,633,633,268.95,268.95,901.95,901.95
USSAV,USSAV,THBKK,"Savannah, GA, USSAV","Savannah, GA, USSAV","Bangkok, , THBKK",CNSHG,YMLU,YML,51625,DRY,1,10/27/2025,12/31/2025,11/5/2025 9:38,633,633,224.8,224.8,857.8,857.8
USSAV,USSAV,THBKK,"Savannah, GA, USSAV","Savannah, GA, USSAV","Bangkok, , THBKK",CNNBG,YMLU,YML,51625,DRY,1,10/27/2025,12/31/2025,11/5/2025 9:38,633,633,224.8,224.8,857.8,857.8
USSAV,USSAV,THBKK,"Savannah, GA, USSAV","Savannah, GA, USSAV","Bangkok, , THBKK","Laem Chabang, TH",MAEU,Maersk,300094432,DRY,0,10/16/2025,3/31/2026,10/22/2025 19:06,640,640,0,0,640,640
USSAV,USSAV,THBKK,"Savannah, GA, USSAV","Savannah, GA, USSAV","Bangkok, , THBKK",THLCH,YMLU,YML,51625,DRY,1,10/27/2025,12/31/2025,11/5/2025 9:38,708,708,135.84,135.84,843.84,843.84
USSAV,USSAV,THBKK,"Savannah, GA, USSAV","Savannah, GA, USSAV","Bangkok, , THBKK",THLCH,YMLU,YML,51625,DRY,1,10/27/2025,12/31/2025,11/5/2025 9:38,713,713,135.84,135.84,848.84,848.84
USSAV,USSAV,THBKK,"Savannah, GA, USSAV","Savannah, GA, USSAV","Bangkok, , THBKK",BANGKOK,EGLV,EMC,SC103574,DRY,,10/1/2025,12/31/2025,11/5/2025 9:38,1000,1000,132.76,132.76,1132.76,1132.76
USSAV,USSAV,THBMT,"Savannah, GA, USSAV","Savannah, GA, USSAV","Bangkok Modern Terminals, , THBMT",THLCH,YMLU,YML,51625,DRY,1,10/27/2025,12/31/2025,11/5/2025 9:38,408,408,135.84,135.84,543.84,543.84
USSAV,USSAV,THBMT,"Savannah, GA, USSAV","Savannah, GA, USSAV","Bangkok Modern Terminals, , THBMT",THLCH,YMLU,YML,51625,DRY,1,10/27/2025,12/31/2025,11/5/2025 9:38,708,708,135.84,135.84,843.84,843.84
USSAV,USSAV,THLCH,"Savannah, GA, USSAV","Savannah, GA, USSAV","Laem Chabang, 20, THLCH",THLCH,YMLU,YML,51625,DRY,1,10/27/2025,12/31/2025,11/5/2025 9:38,108,108,135.84,135.84,243.84,243.84
USSAV,USSAV,THLCH,"Savannah, GA, USSAV","Savannah, GA, USSAV","Laem Chabang, 20, THLCH",THLCH,OOLU,OOCL,MT256104,DRY,2,10/20/2025,12/31/2025,11/5/2025 9:38,272,272,134.3,134.3,406.3,406.3
USSAV,USSAV,THLCH,"Savannah, GA, USSAV","Savannah, GA, USSAV","Laem Chabang, 20, THLCH",THLCH,ONEY,ONE,CHIM354B25,DRY,1,10/1/2025,12/31/2025,11/5/2025 9:38,414,414,251.93,251.93,665.93,665.93
USSAV,USSAV,THLCH,"Savannah, GA, USSAV","Savannah, GA, USSAV","Laem Chabang, 20, THLCH",THLCH,YMLU,YML,51625,DRY,1,10/27/2025,12/31/2025,11/5/2025 9:38,458,458,135.84,135.84,593.84,593.84
USSAV,USSAV,THLCH,"Savannah, GA, USSAV","Savannah, GA, USSAV","Laem Chabang, 20, THLCH",SGSIN,YMLU,YML,51625,DRY,1,10/27/2025,12/31/2025,11/5/2025 9:38,553,553,268.95,268.95,821.95,821.95
USSAV,USSAV,THLCH,"Savannah, GA, USSAV","Savannah, GA, USSAV","Laem Chabang, 20, THLCH",THLCH,MAEU,Maersk,300094432,DRY,0,10/16/2025,3/31/2026,10/22/2025 19:06,616,616,0,0,616,616
USSAV,USSAV,THLCH,"Savannah, GA, USSAV","Savannah, GA, USSAV","Laem Chabang, 20, THLCH",CNNBG,YMLU,YML,51625,DRY,1,10/27/2025,12/31/2025,11/5/2025 9:38,703,703,224.8,224.8,927.8,927.8
USSAV,USSAV,THLCH,"Savannah, GA, USSAV","Savannah, GA, USSAV","Laem Chabang, 20, THLCH",CNSHG,YMLU,YML,51625,DRY,1,10/27/2025,12/31/2025,11/5/2025 9:38,703,703,224.8,224.8,927.8,927.8
USSAV,USSAV,THLCH,"Savannah, GA, USSAV","Savannah, GA, USSAV","Laem Chabang, 20, THLCH",LAEM CHABANG,EGLV,EMC,SC103574,DRY,,10/1/2025,12/31/2025,11/5/2025 9:38,800,800,132.76,132.76,932.76,932.76
USSAV,USSAV,THLKR,"Savannah, GA, USSAV","Savannah, GA, USSAV","Lat Krabang, 10, THLKR",THLCH,YMLU,YML,51625,DRY,1,10/27/2025,12/31/2025,11/5/2025 9:38,408,408,135.84,135.84,543.84,543.84
USSAV,USSAV,THLKR,"Savannah, GA, USSAV","Savannah, GA, USSAV","Lat Krabang, 10, THLKR",THLKR,OOLU,OOCL,MT256104,DRY,2,10/20/2025,12/31/2025,11/5/2025 9:38,472,472,134.3,134.3,606.3,606.3
USSAV,USSAV,THLKR,"Savannah, GA, USSAV","Savannah, GA, USSAV","Lat Krabang, 10, THLKR",THLKR,ONEY,ONE,CHIM354B25,DRY,1,10/1/2025,12/31/2025,11/5/2025 9:38,564,564,251.93,251.93,815.93,815.93
USSAV,USSAV,THLKR,"Savannah, GA, USSAV","Savannah, GA, USSAV","Lat Krabang, 10, THLKR",THLCH,YMLU,YML,51625,DRY,1,10/27/2025,12/31/2025,11/5/2025 9:38,608,608,135.84,135.84,743.84,743.84
USSAV,USSAV,THSBP,"Savannah, GA, USSAV","Savannah, GA, USSAV","Siam Bangkok Port, , THSBP",VNCMT,YMLU,YML,51625,DRY,1,10/27/2025,12/31/2025,11/5/2025 9:38,318,318,135.84,135.84,453.84,453.84
USSAV,USSAV,THSCT,"Savannah, GA, USSAV","Savannah, GA, USSAV","Siam Container Terminal, 11, THSCT",THLCH,YMLU,YML,51625,DRY,1,10/27/2025,12/31/2025,11/5/2025 9:38,748,748,135.84,135.84,883.84,883.84
USSAV,USSAV,THSGZ,"Savannah, GA, USSAV","Savannah, GA, USSAV","Songkhla, 90, THSGZ",SGSIN,YMLU,YML,51625,DRY,1,10/27/2025,12/31/2025,11/5/2025 9:38,1503,1503,268.95,268.95,1771.95,1771.95
USSAV,USSAV,THSPS,"Savannah, GA, USSAV","Savannah, GA, USSAV","Samut Prakan Sahathai Terminal, 11, THSPS",THLCH,YMLU,YML,51625,DRY,1,10/27/2025,12/31/2025,11/5/2025 9:38,713,713,135.84,135.84,848.84,848.84
USSAV,USSAV,TRALI,"Savannah, GA, USSAV","Savannah, GA, USSAV","Aliaga, 35, TRALI",TRALI,OOLU,OOCL,MT256104,DRY,2,10/20/2025,12/31/2025,11/5/2025 9:38,790,790,377,377,1167,1167
USSAV,USSAV,TRALI,"Savannah, GA, USSAV","Savannah, GA, USSAV","Aliaga, 35, TRALI",TRALI,ONEY,ONE,CHIM354B25,DRY,1,10/1/2025,12/31/2025,11/5/2025 9:38,836,836,400,400,1236,1236
USSAV,USSAV,TRGEB,"Savannah, GA, USSAV","Savannah, GA, USSAV","Gebze, 41, TRGEB",TRGEB,OOLU,OOCL,MT256104,DRY,2,10/20/2025,12/31/2025,11/5/2025 9:38,940,940,0,0,940,940
USSAV,USSAV,TRGEM,"Savannah, GA, USSAV","Savannah, GA, USSAV","Gemlik, 16, TRGEM",TRGEM,OOLU,OOCL,MT256104,DRY,2,10/20/2025,12/31/2025,11/5/2025 9:38,940,940,0,0,940,940
USSAV,USSAV,TRGEM,"Savannah, GA, USSAV","Savannah, GA, USSAV","Gemlik, 16, TRGEM",TRGEM,MAEU,Maersk,300094432,DRY,0,10/16/2025,3/31/2026,10/22/2025 19:06,1449,1449,0,0,1449,1449
USSAV,USSAV,TRISK,"Savannah, GA, USSAV","Savannah, GA, USSAV","Iskenderun, 31, TRISK",TRISK,OOLU,OOCL,MT256104,DRY,2,10/20/2025,12/31/2025,11/5/2025 9:38,790,790,275,275,1065,1065
USSAV,USSAV,TRISK,"Savannah, GA, USSAV","Savannah, GA, USSAV","Iskenderun, 31, TRISK",TRISK,ONEY,ONE,CHIM354B25,DRY,1,10/1/2025,12/31/2025,11/5/2025 9:38,836,836,350,350,1186,1186
USSAV,USSAV,TRISK,"Savannah, GA, USSAV","Savannah, GA, USSAV","Iskenderun, 31, TRISK",TRISK,MAEU,Maersk,300094432,DRY,0,10/16/2025,3/31/2026,10/22/2025 19:06,1096,1096,0,0,1096,1096
USSAV,USSAV,TRIST,"Savannah, GA, USSAV","Savannah, GA, USSAV","Istanbul, 34, TRIST",TRIST,MAEU,Maersk,300094432,DRY,0,10/16/2025,3/31/2026,10/22/2025 19:06,684,684,0,0,684,684
USSAV,USSAV,TRIST,"Savannah, GA, USSAV","Savannah, GA, USSAV","Istanbul, 34, TRIST",TRIST,ONEY,ONE,CHIM354B25,DRY,1,10/1/2025,12/31/2025,11/5/2025 9:38,836,836,400,400,1236,1236
USSAV,USSAV,TRIZM,"Savannah, GA, USSAV","Savannah, GA, USSAV","Izmir, 35, TRIZM",TRIZM,OOLU,OOCL,MT256104,DRY,2,10/20/2025,12/31/2025,11/5/2025 9:38,940,940,275,275,1215,1215
USSAV,USSAV,TRIZM,"Savannah, GA, USSAV","Savannah, GA, USSAV","Izmir, 35, TRIZM",TRIZM,MAEU,Maersk,300094432,DRY,0,10/16/2025,3/31/2026,10/22/2025 19:06,1349,1349,0,0,1349,1349
USSAV,USSAV,TRIZT,"Savannah, GA, USSAV","Savannah, GA, USSAV","Izmit, 41, TRIZT",TRIZT,MAEU,Maersk,300094432,DRY,0,10/16/2025,3/31/2026,10/22/2025 19:06,1259,1259,0,0,1259,1259
USSAV,USSAV,TRMER,"Savannah, GA, USSAV","Savannah, GA, USSAV","Mersin, 33, TRMER",TRMER,OOLU,OOCL,MT256104,DRY,2,10/20/2025,12/31/2025,11/5/2025 9:38,940,940,272,272,1212,1212
USSAV,USSAV,TRMER,"Savannah, GA, USSAV","Savannah, GA, USSAV","Mersin, 33, TRMER",TRMER,MAEU,Maersk,300094432,DRY,0,10/16/2025,3/31/2026,10/22/2025 19:06,1220,1220,0,0,1220,1220
USSAV,USSAV,TWKEL,"Savannah, GA, USSAV","Savannah, GA, USSAV","Keelung, , TWKEL",TWKEL,YMLU,YML,51625,DRY,1,10/27/2025,12/31/2025,11/5/2025 9:38,308,308,227.3,227.3,535.3,535.3
USSAV,USSAV,TWKEL,"Savannah, GA, USSAV","Savannah, GA, USSAV","Keelung, , TWKEL",TWKHH,YMLU,YML,51625,DRY,1,10/27/2025,12/31/2025,11/5/2025 9:38,308,308,227.3,227.3,535.3,535.3
USSAV,USSAV,TWKEL,"Savannah, GA, USSAV","Savannah, GA, USSAV","Keelung, , TWKEL",TWKEL,YMLU,YML,51625,DRY,1,10/27/2025,12/31/2025,11/5/2025 9:38,483,483,227.3,227.3,710.3,710.3
USSAV,USSAV,TWKEL,"Savannah, GA, USSAV","Savannah, GA, USSAV","Keelung, , TWKEL",TWKEL,OOLU,OOCL,MT256104,DRY,2,10/20/2025,12/31/2025,11/5/2025 9:38,572,572,227.3,255.71,799.3,827.71
USSAV,USSAV,TWKEL,"Savannah, GA, USSAV","Savannah, GA, USSAV","Keelung, , TWKEL",TWKEL,ONEY,ONE,CHIM354B25,DRY,1,10/1/2025,12/31/2025,11/5/2025 9:38,674,674,227.3,255.71,901.3,929.71
USSAV,USSAV,TWKEL,"Savannah, GA, USSAV","Savannah, GA, USSAV","Keelung, , TWKEL",TWKHH,YMLU,YML,51625,DRY,1,10/27/2025,12/31/2025,11/5/2025 9:38,733,733,227.3,227.3,960.3,960.3
USSAV,USSAV,TWKEL,"Savannah, GA, USSAV","Savannah, GA, USSAV","Keelung, , TWKEL",TWKEL,MAEU,Maersk,300094432,DRY,0,10/16/2025,3/31/2026,10/22/2025 19:06,867,867,0,0,867,867
USSAV,USSAV,TWKHH,"Savannah, GA, USSAV","Savannah, GA, USSAV","Kaohsiung, , TWKHH",TWKHH,YMLU,YML,51625,DRY,1,10/27/2025,12/31/2025,11/5/2025 9:38,108,108,227.3,227.3,335.3,335.3
USSAV,USSAV,TWKHH,"Savannah, GA, USSAV","Savannah, GA, USSAV","Kaohsiung, , TWKHH",TWKHH,YMLU,YML,51625,DRY,1,10/27/2025,12/31/2025,11/5/2025 9:38,208,208,227.3,227.3,435.3,435.3
USSAV,USSAV,TWKHH,"Savannah, GA, USSAV","Savannah, GA, USSAV","Kaohsiung, , TWKHH",TWKHH,OOLU,OOCL,MT256104,DRY,2,10/20/2025,12/31/2025,11/5/2025 9:38,292,292,227.3,255.71,519.3,547.71
USSAV,USSAV,TWKHH,"Savannah, GA, USSAV","Savannah, GA, USSAV","Kaohsiung, , TWKHH",TWKHH,ONEY,ONE,CHIM354B25,DRY,1,10/1/2025,12/31/2025,11/5/2025 9:38,374,374,227.3,255.71,601.3,629.71
USSAV,USSAV,TWKHH,"Savannah, GA, USSAV","Savannah, GA, USSAV","Kaohsiung, , TWKHH",TWKHH,YMLU,YML,51625,DRY,1,10/27/2025,12/31/2025,11/5/2025 9:38,383,383,227.3,227.3,610.3,610.3
USSAV,USSAV,TWKHH,"Savannah, GA, USSAV","Savannah, GA, USSAV","Kaohsiung, , TWKHH",KAOHSIUNG,EGLV,EMC,SC103574,DRY,,10/1/2025,12/31/2025,11/5/2025 9:38,450,450,227.3,227.3,677.3,677.3
USSAV,USSAV,TWKHH,"Savannah, GA, USSAV","Savannah, GA, USSAV","Kaohsiung, , TWKHH",TWKHH,MAEU,Maersk,300094432,DRY,0,10/16/2025,3/31/2026,10/22/2025 19:06,717,717,0,0,717,717
USSAV,USSAV,TWTPE,"Savannah, GA, USSAV","Savannah, GA, USSAV","Taipei, TPE, TWTPE",TAIPEI,EGLV,EMC,SC103574,DRY,,10/1/2025,12/31/2025,11/5/2025 9:38,650,650,227.3,227.3,877.3,877.3
USSAV,USSAV,TWTPE,"Savannah, GA, USSAV","Savannah, GA, USSAV","Taipei, TPE, TWTPE",TWTPE,ONEY,ONE,CHIM354B25,DRY,1,10/1/2025,12/31/2025,11/5/2025 9:38,714,714,227.3,255.71,941.3,969.71
USSAV,USSAV,TWTXG,"Savannah, GA, USSAV","Savannah, GA, USSAV","Taichung, , TWTXG",TWTXG,YMLU,YML,51625,DRY,1,10/27/2025,12/31/2025,11/5/2025 9:38,158,158,227.3,227.3,385.3,385.3
USSAV,USSAV,TWTXG,"Savannah, GA, USSAV","Savannah, GA, USSAV","Taichung, , TWTXG",TWKHH,YMLU,YML,51625,DRY,1,10/27/2025,12/31/2025,11/5/2025 9:38,483,483,227.3,227.3,710.3,710.3
USSAV,USSAV,TWTXG,"Savannah, GA, USSAV","Savannah, GA, USSAV","Taichung, , TWTXG",TWTXG,ONEY,ONE,CHIM354B25,DRY,1,10/1/2025,12/31/2025,11/5/2025 9:38,564,564,227.3,255.71,791.3,819.71
USSAV,USSAV,TWTXG,"Savannah, GA, USSAV","Savannah, GA, USSAV","Taichung, , TWTXG",TWTXG,OOLU,OOCL,MT256104,DRY,2,10/20/2025,12/31/2025,11/5/2025 9:38,572,572,227.3,255.71,799.3,827.71
USSAV,USSAV,TWTXG,"Savannah, GA, USSAV","Savannah, GA, USSAV","Taichung, , TWTXG",TWTXG,MAEU,Maersk,300094432,DRY,0,10/16/2025,3/31/2026,10/22/2025 19:06,953,953,0,0,953,953
USSAV,USSAV,TWTYN,"Savannah, GA, USSAV","Savannah, GA, USSAV","Taoyuan, , TWTYN",TWTYN,YMLU,YML,51625,DRY,1,10/27/2025,12/31/2025,11/5/2025 9:38,358,358,227.3,227.3,585.3,585.3
USSAV,USSAV,TWTYN,"Savannah, GA, USSAV","Savannah, GA, USSAV","Taoyuan, , TWTYN",TWKHH,YMLU,YML,51625,DRY,1,10/27/2025,12/31/2025,11/5/2025 9:38,533,533,227.3,227.3,760.3,760.3
USSAV,USSAV,TWTYN,"Savannah, GA, USSAV","Savannah, GA, USSAV","Taoyuan, , TWTYN",TWTYN,ONEY,ONE,CHIM354B25,DRY,1,10/1/2025,12/31/2025,11/5/2025 9:38,664,664,227.3,255.71,891.3,919.71
USSAV,USSAV,TWTYN,"Savannah, GA, USSAV","Savannah, GA, USSAV","Taoyuan, , TWTYN","Keelung, TW",MAEU,Maersk,300094432,DRY,0,10/16/2025,3/31/2026,10/22/2025 19:06,1169,1169,0,0,1169,1169
USSAV,USSAV,VNBDG,"Savannah, GA, USSAV","Savannah, GA, USSAV","Binh Duong Terminal, 39, VNBDG",VNCMT,YMLU,YML,51625,DRY,1,10/27/2025,12/31/2025,11/5/2025 9:38,563,563,177.38,177.38,740.38,740.38
USSAV,USSAV,VNCLI,"Savannah, GA, USSAV","Savannah, GA, USSAV","Cat Lai, 65, VNCLI",VNCMT,YMLU,YML,51625,DRY,1,10/27/2025,12/31/2025,11/5/2025 9:38,58,58,177.38,177.38,235.38,235.38
USSAV,USSAV,VNCLI,"Savannah, GA, USSAV","Savannah, GA, USSAV","Cat Lai, 65, VNCLI",VNCMT,YMLU,YML,51625,DRY,1,10/27/2025,12/31/2025,11/5/2025 9:38,533,533,177.38,177.38,710.38,710.38
USSAV,USSAV,VNCLI,"Savannah, GA, USSAV","Savannah, GA, USSAV","Cat Lai, 65, VNCLI",TWKHH,YMLU,YML,51625,DRY,1,10/27/2025,12/31/2025,11/5/2025 9:38,533,533,227.3,227.3,760.3,760.3
USSAV,USSAV,VNCMT,"Savannah, GA, USSAV","Savannah, GA, USSAV","Cai Mep Terminal, 43, VNCMT",VNCMT,YMLU,YML,51625,DRY,1,10/27/2025,12/31/2025,11/5/2025 9:38,58,58,177.38,177.38,235.38,235.38
USSAV,USSAV,VNCMT,"Savannah, GA, USSAV","Savannah, GA, USSAV","Cai Mep Terminal, 43, VNCMT",VNCMT,YMLU,YML,51625,DRY,1,10/27/2025,12/31/2025,11/5/2025 9:38,383,383,177.38,177.38,560.38,560.38
USSAV,USSAV,VNCMT,"Savannah, GA, USSAV","Savannah, GA, USSAV","Cai Mep Terminal, 43, VNCMT",VNCMT,ONEY,ONE,CHIM354B25,DRY,1,10/1/2025,12/31/2025,11/5/2025 9:38,524,524,182.41,182.41,706.41,706.41
USSAV,USSAV,VNCMT,"Savannah, GA, USSAV","Savannah, GA, USSAV","Cai Mep Terminal, 43, VNCMT",SGSIN,YMLU,YML,51625,DRY,1,10/27/2025,12/31/2025,11/5/2025 9:38,603,603,268.95,268.95,871.95,871.95
USSAV,USSAV,VNDAD,"Savannah, GA, USSAV","Savannah, GA, USSAV","Da Nang, , VNDAD",DA NANG,EGLV,EMC,SC103574,DRY,,10/1/2025,12/31/2025,11/5/2025 9:38,600,600,167.59,167.59,767.59,767.59
USSAV,USSAV,VNDAD,"Savannah, GA, USSAV","Savannah, GA, USSAV","Da Nang, , VNDAD",VNDAD,MAEU,Maersk,300094432,DRY,0,10/16/2025,3/31/2026,11/3/2025 4:10,652,652,199.51,199.51,851.51,851.51
USSAV,USSAV,VNDAD,"Savannah, GA, USSAV","Savannah, GA, USSAV","Da Nang, , VNDAD",VNDAD,ONEY,ONE,CHIM354B25,DRY,1,10/1/2025,12/31/2025,11/5/2025 9:38,749,749,182.41,182.41,931.41,931.41
USSAV,USSAV,VNDAD,"Savannah, GA, USSAV","Savannah, GA, USSAV","Da Nang, , VNDAD",VNDAD,YMLU,YML,51625,DRY,1,10/27/2025,12/31/2025,11/5/2025 9:38,858,858,177.38,177.38,1035.38,1035.38
USSAV,USSAV,VNDAD,"Savannah, GA, USSAV","Savannah, GA, USSAV","Da Nang, , VNDAD",VNCMT,YMLU,YML,51625,DRY,1,10/27/2025,12/31/2025,11/5/2025 9:38,913,913,177.38,177.38,1090.38,1090.38
USSAV,USSAV,VNDAD,"Savannah, GA, USSAV","Savannah, GA, USSAV","Da Nang, , VNDAD",TWKHH,YMLU,YML,51625,DRY,1,10/27/2025,12/31/2025,11/5/2025 9:38,913,913,227.3,227.3,1140.3,1140.3
USSAV,USSAV,VNDNA,"Savannah, GA, USSAV","Savannah, GA, USSAV","Dong Nai, , VNDNA",VNCMT,YMLU,YML,51625,DRY,1,10/27/2025,12/31/2025,11/5/2025 9:38,563,563,177.38,177.38,740.38,740.38
USSAV,USSAV,VNHPH,"Savannah, GA, USSAV","Savannah, GA, USSAV","Haiphong, , VNHPH",VNHPH,YMLU,YML,51625,DRY,1,10/27/2025,12/31/2025,11/5/2025 9:38,158,158,177.38,177.38,335.38,335.38
USSAV,USSAV,VNHPH,"Savannah, GA, USSAV","Savannah, GA, USSAV","Haiphong, , VNHPH",VNHPH,OOLU,OOCL,MT256104,DRY,2,10/20/2025,12/31/2025,11/5/2025 9:38,367,367,143,143,510,510
USSAV,USSAV,VNHPH,"Savannah, GA, USSAV","Savannah, GA, USSAV","Haiphong, , VNHPH",HAIPHONG,EGLV,EMC,SC103574,DRY,,10/1/2025,12/31/2025,11/5/2025 9:38,600,600,167.59,167.59,767.59,767.59
USSAV,USSAV,VNHPH,"Savannah, GA, USSAV","Savannah, GA, USSAV","Haiphong, , VNHPH",VNHPH,MAEU,Maersk,300094432,DRY,0,10/16/2025,3/31/2026,10/22/2025 19:06,617,617,0,0,617,617
USSAV,USSAV,VNHPH,"Savannah, GA, USSAV","Savannah, GA, USSAV","Haiphong, , VNHPH",VNHPH,ONEY,ONE,CHIM354B25,DRY,1,10/1/2025,12/31/2025,11/5/2025 9:38,664,664,182.41,182.41,846.41,846.41
USSAV,USSAV,VNHPH,"Savannah, GA, USSAV","Savannah, GA, USSAV","Haiphong, , VNHPH",SGSIN,YMLU,YML,51625,DRY,1,10/27/2025,12/31/2025,11/5/2025 9:38,1083,1083,268.95,268.95,1351.95,1351.95
USSAV,USSAV,VNHPH,"Savannah, GA, USSAV","Savannah, GA, USSAV","Haiphong, , VNHPH",VNCMT,YMLU,YML,51625,DRY,1,10/27/2025,12/31/2025,11/5/2025 9:38,1083,1083,177.38,177.38,1260.38,1260.38
USSAV,USSAV,VNHPH,"Savannah, GA, USSAV","Savannah, GA, USSAV","Haiphong, , VNHPH",CNNBG,YMLU,YML,51625,DRY,1,10/27/2025,12/31/2025,11/5/2025 9:38,1083,1083,224.8,224.8,1307.8,1307.8
USSAV,USSAV,VNHPH,"Savannah, GA, USSAV","Savannah, GA, USSAV","Haiphong, , VNHPH",CNSHG,YMLU,YML,51625,DRY,1,10/27/2025,12/31/2025,11/5/2025 9:38,1083,1083,224.8,224.8,1307.8,1307.8
USSAV,USSAV,VNIPH,"Savannah, GA, USSAV","Savannah, GA, USSAV","Phuoc Long ICD, , VNIPH",VNCMT,YMLU,YML,51625,DRY,1,10/27/2025,12/31/2025,11/5/2025 9:38,528,528,177.38,177.38,705.38,705.38
USSAV,USSAV,VNSGN,"Savannah, GA, USSAV","Savannah, GA, USSAV","Ho Chi Minh City, , VNSGN",VNCMT,YMLU,YML,51625,DRY,1,10/27/2025,12/31/2025,11/5/2025 9:38,338,338,177.38,177.38,515.38,515.38
USSAV,USSAV,VNSGN,"Savannah, GA, USSAV","Savannah, GA, USSAV","Ho Chi Minh City, , VNSGN",VNSGN,OOLU,OOCL,MT256104,DRY,2,10/20/2025,12/31/2025,11/5/2025 9:38,342,342,143,143,485,485
USSAV,USSAV,VNSGN,"Savannah, GA, USSAV","Savannah, GA, USSAV","Ho Chi Minh City, , VNSGN",VNCMT,YMLU,YML,51625,DRY,1,10/27/2025,12/31/2025,11/5/2025 9:38,463,463,177.38,177.38,640.38,640.38
USSAV,USSAV,VNSGN,"Savannah, GA, USSAV","Savannah, GA, USSAV","Ho Chi Minh City, , VNSGN",VNSGN,ONEY,ONE,CHIM354B25,DRY,1,10/1/2025,12/31/2025,11/5/2025 9:38,524,524,182.41,182.41,706.41,706.41
USSAV,USSAV,VNSGN,"Savannah, GA, USSAV","Savannah, GA, USSAV","Ho Chi Minh City, , VNSGN","Vung Tau, VN",MAEU,Maersk,300094432,DRY,0,10/16/2025,3/31/2026,10/22/2025 19:06,597,597,0,0,597,597
USSAV,USSAV,VNSGN,"Savannah, GA, USSAV","Savannah, GA, USSAV","Ho Chi Minh City, , VNSGN",HO CHI MINH,EGLV,EMC,SC103574,DRY,,10/1/2025,12/31/2025,11/5/2025 9:38,600,600,167.59,167.59,767.59,767.59
USSAV,USSAV,VNTOT,"Savannah, GA, USSAV","Savannah, GA, USSAV","Cai Mep, 43, VNTOT",CAI MEP,EGLV,EMC,SC103574,DRY,,10/1/2025,12/31/2025,11/5/2025 9:38,600,600,167.59,167.59,767.59,767.59
USSAV,USSAV,VNTTH,"Savannah, GA, USSAV","Savannah, GA, USSAV","Tan Thanh, 43, VNTTH",VNTTH,OOLU,OOCL,MT256104,DRY,2,10/20/2025,12/31/2025,11/5/2025 9:38,367,367,143,143,510,510
USSAV,USSAV,VNVUT,"Savannah, GA, USSAV","Savannah, GA, USSAV","Vung Tau, 43, VNVUT",VNVUT,MAEU,Maersk,300094432,DRY,0,10/16/2025,3/31/2026,10/22/2025 19:06,667,667,0,0,667,667
USSAV,USSAV,ZACPT,"Savannah, GA, USSAV","Savannah, GA, USSAV","Cape Town, , ZACPT",ZACPT,ONEY,ONE,CHIM354B25,DRY,1,10/1/2025,12/31/2025,11/5/2025 4:10,2620,2620,371.98,371.98,2991.98,2991.98
USSAV,USSAV,ZADUR,"Savannah, GA, USSAV","Savannah, GA, USSAV","Durban, , ZADUR",ZADUR,ONEY,ONE,CHIM354B25,DRY,1,10/1/2025,12/31/2025,11/5/2025 4:10,2620,2620,371.98,371.98,2991.98,2991.98
