RECID,BUSINESSUNIT,CARGOTYPE,RATETYPE,ORIGINCITY,DESTINATIONCITY,ORIGIN,DESTINATION,CARRIER,CONTACTNAME,TEL_NUM,EMAIL,CURRENCY,BASE RATE,FUEL,CHASSIS,YARDPULL,DETENTION,STORAGE,PREPULL,REMARKS,EFFECTIVEDATE,UPDATEDATE,EXPIRATIONDATE,DISTANCE,PRIOR BASE RATE
149177,COTTON,OTR,EXPORT,"HUMBOLDT, TN","West Memphis, AR",HUMBOLDT,West Memphis,SCM,Stacy Ulriksen,912-443-4008 ext. 6402,Neal Nacci dallasdispatch@scmllc.net,,350,,,,,,,,1-Dec-25,4-Dec-25,31-Mar-26,,
149176,COTTON,OTR,EXPORT,"NEW ALBANY, MS","West Memphis, AR",NEW ALBANY,West Memphis,SCM,Stacy Ulriksen,912-443-4008 ext. 6402,Neal Nacci dallasdispatch@scmllc.net,,300,,,,,,,,1-Dec-25,4-Dec-25,31-Mar-26,,
149175,COTTON,OTR,EXPORT,"CLARKSDALE, MS","West Memphis, AR",CLARKSDALE,West Memphis,SCM,Stacy Ulriksen,912-443-4008 ext. 6402,Neal Nacci dallasdispatch@scmllc.net,,300,,,,,,,,1-Dec-25,4-Dec-25,31-Mar-26,,
149174,COTTON,OTR,EXPORT,"SOMERVILLE, TN","West Memphis, AR",SOMERVILLE,West Memphis,SCM,Stacy Ulriksen,912-443-4008 ext. 6402,Neal Nacci dallasdispatch@scmllc.net,,250,,,,,,,,1-Dec-25,4-Dec-25,31-Mar-26,,
149173,COTTON,OTR,EXPORT,"MONETTE, AR","West Memphis, AR",MONETTE,West Memphis,SCM,Stacy Ulriksen,912-443-4008 ext. 6402,Neal Nacci dallasdispatch@scmllc.net,,325,,,,,,,,1-Dec-25,4-Dec-25,31-Mar-26,,
149172,COTTON,OTR,EXPORT,"MANILA, AR","West Memphis, AR",MANILA,West Memphis,SCM,Stacy Ulriksen,912-443-4008 ext. 6402,Neal Nacci dallasdispatch@scmllc.net,,325,,,,,,,,1-Dec-25,4-Dec-25,31-Mar-26,,
149171,COTTON,OTR,EXPORT,"DELL, AR","West Memphis, AR",DELL,West Memphis,SCM,Stacy Ulriksen,912-443-4008 ext. 6402,Neal Nacci dallasdispatch@scmllc.net,,325,,,,,,,,1-Dec-25,4-Dec-25,31-Mar-26,,
149170,COTTON,OTR,EXPORT,"BROWNSVILLE, TN","West Memphis, AR",BROWNSVILLE,West Memphis,SCM,Stacy Ulriksen,912-443-4008 ext. 6402,Neal Nacci dallasdispatch@scmllc.net,,300,,,,,,,,1-Dec-25,4-Dec-25,31-Mar-26,,
149169,COTTON,OTR,EXPORT,"Olive Branch, MS","West Memphis, AR",Olive Branch,West Memphis,SCM,Stacy Ulriksen,912-443-4008 ext. 6402,Neal Nacci dallasdispatch@scmllc.net,,200,,,,,,,,1-Dec-25,4-Dec-25,31-Mar-26,,
149168,COTTON,OTR,EXPORT,"MILAN, TN","West Memphis, AR",MILAN,West Memphis,SCM,Stacy Ulriksen,912-443-4008 ext. 6402,Neal Nacci dallasdispatch@scmllc.net,,350,,,,,,,,1-Dec-25,4-Dec-25,31-Mar-26,,
149167,COTTON,OTR,EXPORT,"Forrest City, AR","West Memphis, AR",Forrest City,West Memphis,SCM,Stacy Ulriksen,912-443-4008 ext. 6402,Neal Nacci dallasdispatch@scmllc.net,,250,,,,,,,,1-Dec-25,4-Dec-25,31-Mar-26,,
149166,COTTON,OTR,EXPORT,"ELORA, TN","West Memphis, AR",ELORA,West Memphis,SCM,Stacy Ulriksen,912-443-4008 ext. 6402,Neal Nacci dallasdispatch@scmllc.net,,675,,,,,,,,1-Dec-25,4-Dec-25,31-Mar-26,,
149165,COTTON,OTR,EXPORT,"ARBRYD, MO","West Memphis, AR",ARBRYD,West Memphis,SCM,Stacy Ulriksen,912-443-4008 ext. 6402,Neal Nacci dallasdispatch@scmllc.net,,635,,,,,,,,1-Dec-25,4-Dec-25,31-Mar-26,,
149164,COTTON,OTR,EXPORT,"LONOKE, AR","West Memphis, AR",LONOKE,West Memphis,SCM,Stacy Ulriksen,912-443-4008 ext. 6402,Neal Nacci dallasdispatch@scmllc.net,,635,,,,,,,,1-Dec-25,4-Dec-25,31-Mar-26,,
149163,COTTON,OTR,EXPORT,"KENNETT, MO","West Memphis, AR",KENNETT,West Memphis,SCM,Stacy Ulriksen,912-443-4008 ext. 6402,Neal Nacci dallasdispatch@scmllc.net,,600,,,,,,,,1-Dec-25,4-Dec-25,31-Mar-26,,
149161,COTTON,OTR,EXPORT,"PARMA, MO","West Memphis, AR",PARMA,West Memphis,SCM,Stacy Ulriksen,912-443-4008 ext. 6402,Neal Nacci dallasdispatch@scmllc.net,,615,,,,,,,,1-Dec-25,4-Dec-25,31-Mar-26,,
149162,COTTON,OTR,EXPORT,"ALTHEIMER, AR","West Memphis, AR",ALTHEIMER,West Memphis,SCM,Stacy Ulriksen,912-443-4008 ext. 6402,Neal Nacci dallasdispatch@scmllc.net,,650,,,,,,,,1-Dec-25,4-Dec-25,31-Mar-26,,
149159,COTTON,OTR,EXPORT,"BRADLEY, AR","West Memphis, AR",BRADLEY,West Memphis,SCM,Stacy Ulriksen,912-443-4008 ext. 6402,Neal Nacci dallasdispatch@scmllc.net,,700,,,,,,,,1-Dec-25,4-Dec-25,31-Mar-26,,
149160,COTTON,OTR,EXPORT,"GIDEON, MO","West Memphis, AR",GIDEON,West Memphis,SCM,Stacy Ulriksen,912-443-4008 ext. 6402,Neal Nacci dallasdispatch@scmllc.net,,615,,,,,,,,1-Dec-25,4-Dec-25,31-Mar-26,,
149158,COTTON,OTR,EXPORT,"SENATH, MO","West Memphis, AR",SENATH,West Memphis,SCM,Stacy Ulriksen,912-443-4008 ext. 6402,Neal Nacci dallasdispatch@scmllc.net,,500,,,,,,,,1-Dec-25,4-Dec-25,31-Mar-26,,
149157,COTTON,OTR,EXPORT,"STEELE, MO","West Memphis, AR",STEELE,West Memphis,SCM,Stacy Ulriksen,912-443-4008 ext. 6402,Neal Nacci dallasdispatch@scmllc.net,,500,,,,,,,,1-Dec-25,4-Dec-25,31-Mar-26,,
149156,COTTON,OTR,EXPORT,"HOLLAND, MO","West Memphis, AR",HOLLAND,West Memphis,SCM,Stacy Ulriksen,912-443-4008 ext. 6402,Neal Nacci dallasdispatch@scmllc.net,,500,,,,,,,,1-Dec-25,4-Dec-25,31-Mar-26,,
149155,COTTON,OTR,EXPORT,"HAYTI, MO","West Memphis, AR",HAYTI,West Memphis,SCM,Stacy Ulriksen,912-443-4008 ext. 6402,Neal Nacci dallasdispatch@scmllc.net,,500,,,,,,,,1-Dec-25,4-Dec-25,31-Mar-26,,
149154,COTTON,OTR,EXPORT,"LELAND, MS","West Memphis, AR",LELAND,West Memphis,SCM,Stacy Ulriksen,912-443-4008 ext. 6402,Neal Nacci dallasdispatch@scmllc.net,,515,,,,,,,,1-Dec-25,4-Dec-25,31-Mar-26,,
149153,COTTON,OTR,EXPORT,"TCHULA, MS","West Memphis, AR",TCHULA,West Memphis,SCM,Stacy Ulriksen,912-443-4008 ext. 6402,Neal Nacci dallasdispatch@scmllc.net,,525,,,,,,,,1-Dec-25,4-Dec-25,31-Mar-26,,
149152,COTTON,OTR,EXPORT,"HOLLANDALE, MS","West Memphis, AR",HOLLANDALE,West Memphis,SCM,Stacy Ulriksen,912-443-4008 ext. 6402,Neal Nacci dallasdispatch@scmllc.net,,525,,,,,,,,1-Dec-25,4-Dec-25,31-Mar-26,,
149151,COTTON,OTR,EXPORT,"Drew, MS","West Memphis, AR",Drew,West Memphis,SCM,Stacy Ulriksen,912-443-4008 ext. 6402,Neal Nacci dallasdispatch@scmllc.net,,500,,,,,,,,1-Dec-25,4-Dec-25,31-Mar-26,,
149149,COTTON,OTR,EXPORT,"Rolling Fork, MS","West Memphis, AR",Rolling Fork,West Memphis,SCM,Stacy Ulriksen,912-443-4008 ext. 6402,Neal Nacci dallasdispatch@scmllc.net,,525,,,,,,,,1-Dec-25,4-Dec-25,31-Mar-26,,
149150,COTTON,OTR,EXPORT,"BELZONI, MS","West Memphis, AR",BELZONI,West Memphis,SCM,Stacy Ulriksen,912-443-4008 ext. 6402,Neal Nacci dallasdispatch@scmllc.net,,525,,,,,,,,1-Dec-25,4-Dec-25,31-Mar-26,,
149148,COTTON,OTR,EXPORT,"WEST HELENA, AR","West Memphis, AR",WEST HELENA,West Memphis,SCM,Stacy Ulriksen,912-443-4008 ext. 6402,Neal Nacci dallasdispatch@scmllc.net,,385,,,,,,,,1-Dec-25,4-Dec-25,31-Mar-26,,
149147,COTTON,OTR,EXPORT,"JACKSON, MS","West Memphis, AR",JACKSON,West Memphis,SCM,Stacy Ulriksen,912-443-4008 ext. 6402,Neal Nacci dallasdispatch@scmllc.net,,525,,,,,,,,1-Dec-25,4-Dec-25,31-Mar-26,,
149146,COTTON,OTR,EXPORT,"New Madrid, MO","West Memphis, AR",New Madrid,West Memphis,SCM,Stacy Ulriksen,912-443-4008 ext. 6402,Neal Nacci dallasdispatch@scmllc.net,,450,,,,,,,,1-Dec-25,4-Dec-25,31-Mar-26,,
149145,COTTON,OTR,EXPORT,"MCGEHEE, AR","West Memphis, AR",MCGEHEE,West Memphis,SCM,Stacy Ulriksen,912-443-4008 ext. 6402,Neal Nacci dallasdispatch@scmllc.net,,500,,,,,,,,1-Dec-25,4-Dec-25,31-Mar-26,,
149144,COTTON,OTR,EXPORT,"MARVELL, AR","West Memphis, AR",MARVELL,West Memphis,SCM,Stacy Ulriksen,912-443-4008 ext. 6402,Neal Nacci dallasdispatch@scmllc.net,,385,,,,,,,,1-Dec-25,4-Dec-25,31-Mar-26,,
149143,COTTON,OTR,EXPORT,"JACKSON, TN","West Memphis, AR",JACKSON,West Memphis,SCM,Stacy Ulriksen,912-443-4008 ext. 6402,Neal Nacci dallasdispatch@scmllc.net,,400,,,,,,,,1-Dec-25,4-Dec-25,31-Mar-26,,
149142,COTTON,OTR,EXPORT,"HORN LAKE, MS","West Memphis, AR",HORN LAKE,West Memphis,SCM,Stacy Ulriksen,912-443-4008 ext. 6402,Neal Nacci dallasdispatch@scmllc.net,,300,,,,,,,,1-Dec-25,4-Dec-25,31-Mar-26,,
149141,COTTON,OTR,EXPORT,"DUMAS, AR","West Memphis, AR",DUMAS,West Memphis,SCM,Stacy Ulriksen,912-443-4008 ext. 6402,Neal Nacci dallasdispatch@scmllc.net,,500,,,,,,,,1-Dec-25,4-Dec-25,31-Mar-26,,
149140,COTTON,OTR,EXPORT,"DERMOTT, AR","West Memphis, AR",DERMOTT,West Memphis,SCM,Stacy Ulriksen,912-443-4008 ext. 6402,Neal Nacci dallasdispatch@scmllc.net,,500,,,,,,,,1-Dec-25,4-Dec-25,31-Mar-26,,
149139,COTTON,OTR,EXPORT,"MARKED TREE, AR","West Memphis, AR",MARKED TREE,West Memphis,SCM,Stacy Ulriksen,912-443-4008 ext. 6402,Neal Nacci dallasdispatch@scmllc.net,,300,,,,,,,,1-Dec-25,4-Dec-25,31-Mar-26,,
149138,COTTON,OTR,EXPORT,"YAZOO CITY, MS","West Memphis, AR",YAZOO CITY,West Memphis,SCM,Stacy Ulriksen,912-443-4008 ext. 6402,Neal Nacci dallasdispatch@scmllc.net,,525,,,,,,,,1-Dec-25,4-Dec-25,31-Mar-26,,
149137,COTTON,OTR,EXPORT,"PORTLAND, AR","West Memphis, AR",PORTLAND,West Memphis,SCM,Stacy Ulriksen,912-443-4008 ext. 6402,Neal Nacci dallasdispatch@scmllc.net,,500,,,,,,,,1-Dec-25,4-Dec-25,31-Mar-26,,
149136,COTTON,OTR,EXPORT,"MARIANNA, AR","West Memphis, AR",MARIANNA,West Memphis,SCM,Stacy Ulriksen,912-443-4008 ext. 6402,Neal Nacci dallasdispatch@scmllc.net,,350,,,,,,,,1-Dec-25,4-Dec-25,31-Mar-26,,
149135,COTTON,OTR,EXPORT,"INVERNESS, MS","West Memphis, AR",INVERNESS,West Memphis,SCM,Stacy Ulriksen,912-443-4008 ext. 6402,Neal Nacci dallasdispatch@scmllc.net,,450,,,,,,,,1-Dec-25,4-Dec-25,31-Mar-26,,
149134,COTTON,OTR,EXPORT,"INDIANOLA, MS","West Memphis, AR",INDIANOLA,West Memphis,SCM,Stacy Ulriksen,912-443-4008 ext. 6402,Neal Nacci dallasdispatch@scmllc.net,,450,,,,,,,,1-Dec-25,4-Dec-25,31-Mar-26,,
149133,COTTON,OTR,EXPORT,"TRUMANN, AR","West Memphis, AR",TRUMANN,West Memphis,SCM,Stacy Ulriksen,912-443-4008 ext. 6402,Neal Nacci dallasdispatch@scmllc.net,,325,,,,,,,,1-Dec-25,4-Dec-25,31-Mar-26,,
149132,COTTON,OTR,EXPORT,"WILSON, AR","West Memphis, AR",WILSON,West Memphis,SCM,Stacy Ulriksen,912-443-4008 ext. 6402,Neal Nacci dallasdispatch@scmllc.net,,300,,,,,,,,1-Dec-25,4-Dec-25,31-Mar-26,,
149131,COTTON,OTR,EXPORT,"SALTILLO, MS","West Memphis, AR",SALTILLO,West Memphis,SCM,Stacy Ulriksen,912-443-4008 ext. 6402,Neal Nacci dallasdispatch@scmllc.net,,425,,,,,,,,1-Dec-25,4-Dec-25,31-Mar-26,,
149130,COTTON,OTR,EXPORT,"Malden, MO","West Memphis, AR",Malden,West Memphis,SCM,Stacy Ulriksen,912-443-4008 ext. 6402,Neal Nacci dallasdispatch@scmllc.net,,450,,,,,,,,1-Dec-25,4-Dec-25,31-Mar-26,,
149129,COTTON,OTR,EXPORT,"GRENADA, MS","West Memphis, AR",GRENADA,West Memphis,SCM,Stacy Ulriksen,912-443-4008 ext. 6402,Neal Nacci dallasdispatch@scmllc.net,,400,,,,,,,,1-Dec-25,4-Dec-25,31-Mar-26,,
149128,COTTON,OTR,EXPORT,"DYESS, AR","West Memphis, AR",DYESS,West Memphis,SCM,Stacy Ulriksen,912-443-4008 ext. 6402,Neal Nacci dallasdispatch@scmllc.net,,300,,,,,,,,1-Dec-25,4-Dec-25,31-Mar-26,,
149127,COTTON,OTR,EXPORT,"BLYTHEVILLE, AR","West Memphis, AR",BLYTHEVILLE,West Memphis,SCM,Stacy Ulriksen,912-443-4008 ext. 6402,Neal Nacci dallasdispatch@scmllc.net,,350,,,,,,,,1-Dec-25,4-Dec-25,31-Mar-26,,
149125,COTTON,OTR,EXPORT,"TUNICA, MS","West Memphis, AR",TUNICA,West Memphis,SCM,Stacy Ulriksen,912-443-4008 ext. 6402,Neal Nacci dallasdispatch@scmllc.net,,275,,,,,,,,1-Dec-25,4-Dec-25,31-Mar-26,,
149126,COTTON,OTR,EXPORT,"West Memphis, AR","West Memphis, AR",West Memphis,West Memphis,SCM,Stacy Ulriksen,912-443-4008 ext. 6402,Neal Nacci dallasdispatch@scmllc.net,,250,,,,,,,,1-Dec-25,4-Dec-25,31-Mar-26,,
149124,COTTON,OTR,EXPORT,"PRAIRIE, MS","West Memphis, AR",PRAIRIE,West Memphis,SCM,Stacy Ulriksen,912-443-4008 ext. 6402,Neal Nacci dallasdispatch@scmllc.net,,425,,,,,,,,1-Dec-25,4-Dec-25,31-Mar-26,,
149123,COTTON,OTR,EXPORT,"PORTAGEVILLE, MO","West Memphis, AR",PORTAGEVILLE,West Memphis,SCM,Stacy Ulriksen,912-443-4008 ext. 6402,Neal Nacci dallasdispatch@scmllc.net,,425,,,,,,,,1-Dec-25,4-Dec-25,31-Mar-26,,
149122,COTTON,OTR,EXPORT,"Memphis, TN","West Memphis, AR",Memphis,West Memphis,SCM,Stacy Ulriksen,912-443-4008 ext. 6402,Neal Nacci dallasdispatch@scmllc.net,,200,,,,,,,,1-Dec-25,4-Dec-25,31-Mar-26,,
149121,COTTON,OTR,EXPORT,"MEMPHIS, TN","West Memphis, AR",MEMPHIS,West Memphis,SCM,Stacy Ulriksen,912-443-4008 ext. 6402,Neal Nacci dallasdispatch@scmllc.net,,200,,,,,,,,1-Dec-25,4-Dec-25,31-Mar-26,,
149120,COTTON,OTR,EXPORT,"MASON, TN","West Memphis, AR",MASON,West Memphis,SCM,Stacy Ulriksen,912-443-4008 ext. 6402,Neal Nacci dallasdispatch@scmllc.net,,275,,,,,,,,1-Dec-25,4-Dec-25,31-Mar-26,,
149119,COTTON,OTR,EXPORT,"Itta Bena, MS","West Memphis, AR",Itta Bena,West Memphis,SCM,Stacy Ulriksen,912-443-4008 ext. 6402,Neal Nacci dallasdispatch@scmllc.net,,425,,,,,,,,1-Dec-25,4-Dec-25,31-Mar-26,,
149118,COTTON,OTR,EXPORT,"HELENA, AR","West Memphis, AR",HELENA,West Memphis,SCM,Stacy Ulriksen,912-443-4008 ext. 6402,Neal Nacci dallasdispatch@scmllc.net,,350,,,,,,,,1-Dec-25,4-Dec-25,31-Mar-26,,
149117,COTTON,OTR,EXPORT,"HALLS, TN","West Memphis, AR",HALLS,West Memphis,SCM,Stacy Ulriksen,912-443-4008 ext. 6402,Neal Nacci dallasdispatch@scmllc.net,,325,,,,,,,,1-Dec-25,4-Dec-25,31-Mar-26,,
149116,COTTON,OTR,EXPORT,"GREENWOOD, MS","West Memphis, AR",GREENWOOD,West Memphis,SCM,Stacy Ulriksen,912-443-4008 ext. 6402,Neal Nacci dallasdispatch@scmllc.net,,425,,,,,,,,1-Dec-25,4-Dec-25,31-Mar-26,,
149115,COTTON,OTR,EXPORT,"GREENWOOD, MS","West Memphis, AR",GREENWOOD,West Memphis,SCM,Stacy Ulriksen,912-443-4008 ext. 6402,Neal Nacci dallasdispatch@scmllc.net,,425,,,,,,,,1-Dec-25,4-Dec-25,31-Mar-26,,
149113,COTTON,OTR,EXPORT,"Greenville, MS","West Memphis, AR",Greenville,West Memphis,SCM,Stacy Ulriksen,912-443-4008 ext. 6402,Neal Nacci dallasdispatch@scmllc.net,,500,,,,,,,,1-Dec-25,4-Dec-25,31-Mar-26,,
149114,COTTON,OTR,EXPORT,"GREENVILLE, MS","West Memphis, AR",GREENVILLE,West Memphis,SCM,Stacy Ulriksen,912-443-4008 ext. 6402,Neal Nacci dallasdispatch@scmllc.net,,500,,,,,,,,1-Dec-25,4-Dec-25,31-Mar-26,,
149112,COTTON,OTR,EXPORT,"CRAWFORDSVILLE, AR","West Memphis, AR",CRAWFORDSVILLE,West Memphis,SCM,Stacy Ulriksen,912-443-4008 ext. 6402,Neal Nacci dallasdispatch@scmllc.net,,250,,,,,,,,1-Dec-25,4-Dec-25,31-Mar-26,,
149111,COTTON,OTR,EXPORT,"COVINGTON, TN","West Memphis, AR",COVINGTON,West Memphis,SCM,Stacy Ulriksen,912-443-4008 ext. 6402,Neal Nacci dallasdispatch@scmllc.net,,275,,,,,,,,1-Dec-25,4-Dec-25,31-Mar-26,,
149110,COTTON,OTR,EXPORT,"COVINGTON, TN","West Memphis, AR",COVINGTON,West Memphis,SCM,Stacy Ulriksen,912-443-4008 ext. 6402,Neal Nacci dallasdispatch@scmllc.net,,275,,,,,,,,1-Dec-25,4-Dec-25,31-Mar-26,,
149109,COTTON,OTR,EXPORT,"CARUTHERSVILLE, MO","West Memphis, AR",CARUTHERSVILLE,West Memphis,SCM,Stacy Ulriksen,912-443-4008 ext. 6402,Neal Nacci dallasdispatch@scmllc.net,,400,,,,,,,,1-Dec-25,4-Dec-25,31-Mar-26,,
149107,COTTON,OTR,EXPORT,"LIBERAL, KS","Pasadena, TX",LIBERAL,Pasadena,SCM,Stacy Ulriksen,912-443-4008 ext. 6402,Neal Nacci dallasdispatch@scmllc.net,,1150,,,,,,,,1-Dec-25,4-Dec-25,31-Mar-26,,
149108,COTTON,OTR,EXPORT,"CALDWELL, AR","West Memphis, AR",CALDWELL,West Memphis,SCM,Stacy Ulriksen,912-443-4008 ext. 6402,Neal Nacci dallasdispatch@scmllc.net,,275,,,,,,,,1-Dec-25,4-Dec-25,31-Mar-26,,
149106,COTTON,OTR,EXPORT,"Clearwater, KS","Pasadena, TX",Clearwater,Pasadena,SCM,Stacy Ulriksen,912-443-4008 ext. 6402,Neal Nacci dallasdispatch@scmllc.net,,1050,,,,,,,,1-Dec-25,4-Dec-25,31-Mar-26,,
149105,COTTON,OTR,EXPORT,"FABENS, TX","Pasadena, TX",FABENS,Pasadena,SCM,Stacy Ulriksen,912-443-4008 ext. 6402,Neal Nacci dallasdispatch@scmllc.net,,1000,,,,,,,,1-Dec-25,4-Dec-25,31-Mar-26,,
149104,COTTON,OTR,EXPORT,"TORNILLO, TX","Pasadena, TX",TORNILLO,Pasadena,SCM,Stacy Ulriksen,912-443-4008 ext. 6402,Neal Nacci dallasdispatch@scmllc.net,,985,,,,,,,,1-Dec-25,4-Dec-25,31-Mar-26,,
149103,COTTON,OTR,EXPORT,"TALLULAH, LA","Pasadena, TX",TALLULAH,Pasadena,SCM,Stacy Ulriksen,912-443-4008 ext. 6402,Neal Nacci dallasdispatch@scmllc.net,,850,,,,,,,,1-Dec-25,4-Dec-25,31-Mar-26,,
149101,COTTON,OTR,EXPORT,"LAKE PROVIDENCE, LA","Pasadena, TX",LAKE PROVIDENCE,Pasadena,SCM,Stacy Ulriksen,912-443-4008 ext. 6402,Neal Nacci dallasdispatch@scmllc.net,,845,,,,,,,,1-Dec-25,4-Dec-25,31-Mar-26,,
149102,COTTON,OTR,EXPORT,"OAKGROVE, LA","Pasadena, TX",OAKGROVE,Pasadena,SCM,Stacy Ulriksen,912-443-4008 ext. 6402,Neal Nacci dallasdispatch@scmllc.net,,850,,,,,,,,1-Dec-25,4-Dec-25,31-Mar-26,,
149099,COTTON,OTR,EXPORT,"ALTUS, OK","Pasadena, TX",ALTUS,Pasadena,SCM,Stacy Ulriksen,912-443-4008 ext. 6402,Neal Nacci dallasdispatch@scmllc.net,,825,,,,,,,,1-Dec-25,4-Dec-25,31-Mar-26,,
149100,COTTON,OTR,EXPORT,"Amarillo, TX","Pasadena, TX",Amarillo,Pasadena,SCM,Stacy Ulriksen,912-443-4008 ext. 6402,Neal Nacci dallasdispatch@scmllc.net,,825,,,,,,,,1-Dec-25,4-Dec-25,31-Mar-26,,
149097,COTTON,OTR,EXPORT,"PLAINVIEW, TX","Pasadena, TX",PLAINVIEW,Pasadena,SCM,Stacy Ulriksen,912-443-4008 ext. 6402,Neal Nacci dallasdispatch@scmllc.net,,810,,,,,,,,1-Dec-25,4-Dec-25,31-Mar-26,,
149098,COTTON,OTR,EXPORT,"Denver City, TX","Pasadena, TX",Denver City,Pasadena,SCM,Stacy Ulriksen,912-443-4008 ext. 6402,Neal Nacci dallasdispatch@scmllc.net,,815,,,,,,,,1-Dec-25,4-Dec-25,31-Mar-26,,
149096,COTTON,OTR,EXPORT,"Weslaco, TX","Pasadena, TX",Weslaco,Pasadena,SCM,Stacy Ulriksen,912-443-4008 ext. 6402,Neal Nacci dallasdispatch@scmllc.net,,800,,,,,,,,1-Dec-25,4-Dec-25,31-Mar-26,,
149095,COTTON,OTR,EXPORT,"HARLINGEN, TX","Pasadena, TX",HARLINGEN,Pasadena,SCM,Stacy Ulriksen,912-443-4008 ext. 6402,Neal Nacci dallasdispatch@scmllc.net,,800,,,,,,,,1-Dec-25,4-Dec-25,31-Mar-26,,
149094,COTTON,OTR,EXPORT,"TULIA, TX","Pasadena, TX",TULIA,Pasadena,SCM,Stacy Ulriksen,912-443-4008 ext. 6402,Neal Nacci dallasdispatch@scmllc.net,,800,,,,,,,,1-Dec-25,4-Dec-25,31-Mar-26,,
149093,COTTON,OTR,EXPORT,"MULESHOE, TX","Pasadena, TX",MULESHOE,Pasadena,SCM,Stacy Ulriksen,912-443-4008 ext. 6402,Neal Nacci dallasdispatch@scmllc.net,,800,,,,,,,,1-Dec-25,4-Dec-25,31-Mar-26,,
149092,COTTON,OTR,EXPORT,"FREDERICK, OK","Pasadena, TX",FREDERICK,Pasadena,SCM,Stacy Ulriksen,912-443-4008 ext. 6402,Neal Nacci dallasdispatch@scmllc.net,,800,,,,,,,,1-Dec-25,4-Dec-25,31-Mar-26,,
149091,COTTON,OTR,EXPORT,"MER ROUGE, LA","Pasadena, TX",MER ROUGE,Pasadena,SCM,Stacy Ulriksen,912-443-4008 ext. 6402,Neal Nacci dallasdispatch@scmllc.net,,795,,,,,,,,1-Dec-25,4-Dec-25,31-Mar-26,,
149090,COTTON,OTR,EXPORT,"Laredo, TX","Pasadena, TX",Laredo,Pasadena,SCM,Stacy Ulriksen,912-443-4008 ext. 6402,Neal Nacci dallasdispatch@scmllc.net,,790,,,,,,,,1-Dec-25,4-Dec-25,31-Mar-26,,
149089,COTTON,OTR,EXPORT,"VERNON, TX","Pasadena, TX",VERNON,Pasadena,SCM,Stacy Ulriksen,912-443-4008 ext. 6402,Neal Nacci dallasdispatch@scmllc.net,,775,,,,,,,,1-Dec-25,4-Dec-25,31-Mar-26,,
149088,COTTON,OTR,EXPORT,"SEBASTIAN, TX","Pasadena, TX",SEBASTIAN,Pasadena,SCM,Stacy Ulriksen,912-443-4008 ext. 6402,Neal Nacci dallasdispatch@scmllc.net,,775,,,,,,,,1-Dec-25,4-Dec-25,31-Mar-26,,
149087,COTTON,OTR,EXPORT,"RAYMONDVILLE, TX","Pasadena, TX",RAYMONDVILLE,Pasadena,SCM,Stacy Ulriksen,912-443-4008 ext. 6402,Neal Nacci dallasdispatch@scmllc.net,,775,,,,,,,,1-Dec-25,4-Dec-25,31-Mar-26,,
149086,COTTON,OTR,EXPORT,"RAYVILLE, LA","Pasadena, TX",RAYVILLE,Pasadena,SCM,Stacy Ulriksen,912-443-4008 ext. 6402,Neal Nacci dallasdispatch@scmllc.net,,775,,,,,,,,1-Dec-25,4-Dec-25,31-Mar-26,,
149085,COTTON,OTR,EXPORT,"SHALLOWATER, TX","Pasadena, TX",SHALLOWATER,Pasadena,SCM,Stacy Ulriksen,912-443-4008 ext. 6402,Neal Nacci dallasdispatch@scmllc.net,,750,,,,,,,,1-Dec-25,4-Dec-25,31-Mar-26,,
149083,COTTON,OTR,EXPORT,"SUDAN, TX","Pasadena, TX",SUDAN,Pasadena,SCM,Stacy Ulriksen,912-443-4008 ext. 6402,Neal Nacci dallasdispatch@scmllc.net,,740,,,,,,,,1-Dec-25,4-Dec-25,31-Mar-26,,
149084,COTTON,OTR,EXPORT,"ST. JOSEPH, LA","Pasadena, TX",ST. JOSEPH,Pasadena,SCM,Stacy Ulriksen,912-443-4008 ext. 6402,Neal Nacci dallasdispatch@scmllc.net,,750,,,,,,,,1-Dec-25,4-Dec-25,31-Mar-26,,
149082,COTTON,OTR,EXPORT,"WINNSBORO, LA","Pasadena, TX",WINNSBORO,Pasadena,SCM,Stacy Ulriksen,912-443-4008 ext. 6402,Neal Nacci dallasdispatch@scmllc.net,,735,,,,,,,,1-Dec-25,4-Dec-25,31-Mar-26,,
149081,COTTON,OTR,EXPORT,"ABERNATHY, TX","Pasadena, TX",ABERNATHY,Pasadena,SCM,Stacy Ulriksen,912-443-4008 ext. 6402,Neal Nacci dallasdispatch@scmllc.net,,725,,,,,,,,1-Dec-25,4-Dec-25,31-Mar-26,,
149080,COTTON,OTR,EXPORT,"O`DONNELL, TX","Pasadena, TX",O`DONNELL,Pasadena,SCM,Stacy Ulriksen,912-443-4008 ext. 6402,Neal Nacci dallasdispatch@scmllc.net,,725,,,,,,,,1-Dec-25,4-Dec-25,31-Mar-26,,
149079,COTTON,OTR,EXPORT,"SEMINOLE, TX","Pasadena, TX",SEMINOLE,Pasadena,SCM,Stacy Ulriksen,912-443-4008 ext. 6402,Neal Nacci dallasdispatch@scmllc.net,,725,,,,,,,,1-Dec-25,4-Dec-25,31-Mar-26,,
149078,COTTON,OTR,EXPORT,"TURKEY, TX","Pasadena, TX",TURKEY,Pasadena,SCM,Stacy Ulriksen,912-443-4008 ext. 6402,Neal Nacci dallasdispatch@scmllc.net,,725,,,,,,,,1-Dec-25,4-Dec-25,31-Mar-26,,
149077,COTTON,OTR,EXPORT,"QUITAQUE, TX","Pasadena, TX",QUITAQUE,Pasadena,SCM,Stacy Ulriksen,912-443-4008 ext. 6402,Neal Nacci dallasdispatch@scmllc.net,,705,,,,,,,,1-Dec-25,4-Dec-25,31-Mar-26,,
149076,COTTON,OTR,EXPORT,"BROWNFIELD, TX","Pasadena, TX",BROWNFIELD,Pasadena,SCM,Stacy Ulriksen,912-443-4008 ext. 6402,Neal Nacci dallasdispatch@scmllc.net,,700,,,,,,,,1-Dec-25,4-Dec-25,31-Mar-26,,
149075,COTTON,OTR,EXPORT,"LUBBOCK, TX","Pasadena, TX",LUBBOCK,Pasadena,SCM,Stacy Ulriksen,912-443-4008 ext. 6402,Neal Nacci dallasdispatch@scmllc.net,,700,,,,,,,,1-Dec-25,4-Dec-25,31-Mar-26,,
149074,COTTON,OTR,EXPORT,"LEVELLAND, TX","Pasadena, TX",LEVELLAND,Pasadena,SCM,Stacy Ulriksen,912-443-4008 ext. 6402,Neal Nacci dallasdispatch@scmllc.net,,700,,,,,,,,1-Dec-25,4-Dec-25,31-Mar-26,,
149073,COTTON,OTR,EXPORT,"FERRIDAY, LA","Pasadena, TX",FERRIDAY,Pasadena,SCM,Stacy Ulriksen,912-443-4008 ext. 6402,Neal Nacci dallasdispatch@scmllc.net,,700,,,,,,,,1-Dec-25,4-Dec-25,31-Mar-26,,
149071,COTTON,OTR,EXPORT,"SEAGRAVES, TX","Pasadena, TX",SEAGRAVES,Pasadena,SCM,Stacy Ulriksen,912-443-4008 ext. 6402,Neal Nacci dallasdispatch@scmllc.net,,680,,,,,,,,1-Dec-25,4-Dec-25,31-Mar-26,,
149072,COTTON,OTR,EXPORT,"MEMPHIS, TX","Pasadena, TX",MEMPHIS,Pasadena,SCM,Stacy Ulriksen,912-443-4008 ext. 6402,Neal Nacci dallasdispatch@scmllc.net,,690,,,,,,,,1-Dec-25,4-Dec-25,31-Mar-26,,
149069,COTTON,OTR,EXPORT,"RALLS, TX","Pasadena, TX",RALLS,Pasadena,SCM,Stacy Ulriksen,912-443-4008 ext. 6402,Neal Nacci dallasdispatch@scmllc.net,,675,,,,,,,,1-Dec-25,4-Dec-25,31-Mar-26,,
149070,COTTON,OTR,EXPORT,"LAMESA, TX","Pasadena, TX",LAMESA,Pasadena,SCM,Stacy Ulriksen,912-443-4008 ext. 6402,Neal Nacci dallasdispatch@scmllc.net,,675,,,,,,,,1-Dec-25,4-Dec-25,31-Mar-26,,
149068,COTTON,OTR,EXPORT,"POST, TX","Pasadena, TX",POST,Pasadena,SCM,Stacy Ulriksen,912-443-4008 ext. 6402,Neal Nacci dallasdispatch@scmllc.net,,675,,,,,,,,1-Dec-25,4-Dec-25,31-Mar-26,,
149067,COTTON,OTR,EXPORT,"LOCKNEY, TX","Pasadena, TX",LOCKNEY,Pasadena,SCM,Stacy Ulriksen,912-443-4008 ext. 6402,Neal Nacci dallasdispatch@scmllc.net,,675,,,,,,,,1-Dec-25,4-Dec-25,31-Mar-26,,
149066,COTTON,OTR,EXPORT,"HAMLIN, TX","Pasadena, TX",HAMLIN,Pasadena,SCM,Stacy Ulriksen,912-443-4008 ext. 6402,Neal Nacci dallasdispatch@scmllc.net,,670,,,,,,,,1-Dec-25,4-Dec-25,31-Mar-26,,
149065,COTTON,OTR,EXPORT,"TAHOKA, TX","Pasadena, TX",TAHOKA,Pasadena,SCM,Stacy Ulriksen,912-443-4008 ext. 6402,Neal Nacci dallasdispatch@scmllc.net,,665,,,,,,,,1-Dec-25,4-Dec-25,31-Mar-26,,
149064,COTTON,OTR,EXPORT,"OAK GROVE, LA","Pasadena, TX",OAK GROVE,Pasadena,SCM,Stacy Ulriksen,912-443-4008 ext. 6402,Neal Nacci dallasdispatch@scmllc.net,,660,,,,,,,,1-Dec-25,4-Dec-25,31-Mar-26,,
149063,COTTON,OTR,EXPORT,"CHENEYVILLE, LA","Pasadena, TX",CHENEYVILLE,Pasadena,SCM,Stacy Ulriksen,912-443-4008 ext. 6402,Neal Nacci dallasdispatch@scmllc.net,,660,,,,,,,,1-Dec-25,4-Dec-25,31-Mar-26,,
149062,COTTON,OTR,EXPORT,"NEW ORLEANS, LA","Pasadena, TX",NEW ORLEANS,Pasadena,SCM,Stacy Ulriksen,912-443-4008 ext. 6402,Neal Nacci dallasdispatch@scmllc.net,,650,,,,,,,,1-Dec-25,4-Dec-25,31-Mar-26,,
149061,COTTON,OTR,EXPORT,"Cooper, TX","Pasadena, TX",Cooper,Pasadena,SCM,Stacy Ulriksen,912-443-4008 ext. 6402,Neal Nacci dallasdispatch@scmllc.net,,650,,,,,,,,1-Dec-25,4-Dec-25,31-Mar-26,,
149060,COTTON,OTR,EXPORT,"BALLINGER, TX","Pasadena, TX",BALLINGER,Pasadena,SCM,Stacy Ulriksen,912-443-4008 ext. 6402,Neal Nacci dallasdispatch@scmllc.net,,650,,,,,,,,1-Dec-25,4-Dec-25,31-Mar-26,,
149059,COTTON,OTR,EXPORT,"STAMFORD, TX","Pasadena, TX",STAMFORD,Pasadena,SCM,Stacy Ulriksen,912-443-4008 ext. 6402,Neal Nacci dallasdispatch@scmllc.net,,650,,,,,,,,1-Dec-25,4-Dec-25,31-Mar-26,,
149058,COTTON,OTR,EXPORT,"SNYDER, TX","Pasadena, TX",SNYDER,Pasadena,SCM,Stacy Ulriksen,912-443-4008 ext. 6402,Neal Nacci dallasdispatch@scmllc.net,,650,,,,,,,,1-Dec-25,4-Dec-25,31-Mar-26,,
149057,COTTON,OTR,EXPORT,"QUANAH, TX","Pasadena, TX",QUANAH,Pasadena,SCM,Stacy Ulriksen,912-443-4008 ext. 6402,Neal Nacci dallasdispatch@scmllc.net,,650,,,,,,,,1-Dec-25,4-Dec-25,31-Mar-26,,
149056,COTTON,OTR,EXPORT,"JONESVILLE, LA","Pasadena, TX",JONESVILLE,Pasadena,SCM,Stacy Ulriksen,912-443-4008 ext. 6402,Neal Nacci dallasdispatch@scmllc.net,,650,,,,,,,,1-Dec-25,4-Dec-25,31-Mar-26,,
149055,COTTON,OTR,EXPORT,"Haskell, TX","Pasadena, TX",Haskell,Pasadena,SCM,Stacy Ulriksen,912-443-4008 ext. 6402,Neal Nacci dallasdispatch@scmllc.net,,625,,,,,,,,1-Dec-25,4-Dec-25,31-Mar-26,,
149054,COTTON,OTR,EXPORT,"PECOS, TX","Pasadena, TX",PECOS,Pasadena,SCM,Stacy Ulriksen,912-443-4008 ext. 6402,Neal Nacci dallasdispatch@scmllc.net,,625,,,,,,,,1-Dec-25,4-Dec-25,31-Mar-26,,
149053,COTTON,OTR,EXPORT,"DEPORT, TX","Pasadena, TX",DEPORT,Pasadena,SCM,Stacy Ulriksen,912-443-4008 ext. 6402,Neal Nacci dallasdispatch@scmllc.net,,625,,,,,,,,1-Dec-25,4-Dec-25,31-Mar-26,,
149052,COTTON,OTR,EXPORT,"PADUCAH, TX","Pasadena, TX",PADUCAH,Pasadena,SCM,Stacy Ulriksen,912-443-4008 ext. 6402,Neal Nacci dallasdispatch@scmllc.net,,625,,,,,,,,1-Dec-25,4-Dec-25,31-Mar-26,,
149051,COTTON,OTR,EXPORT,"BIG SPRINGS, TX","Pasadena, TX",BIG SPRINGS,Pasadena,SCM,Stacy Ulriksen,912-443-4008 ext. 6402,Neal Nacci dallasdispatch@scmllc.net,,625,,,,,,,,1-Dec-25,4-Dec-25,31-Mar-26,,
149050,COTTON,OTR,EXPORT,"MATHIS, TX","Pasadena, TX",MATHIS,Pasadena,SCM,Stacy Ulriksen,912-443-4008 ext. 6402,Neal Nacci dallasdispatch@scmllc.net,,615,,,,,,,,1-Dec-25,4-Dec-25,31-Mar-26,,
149049,COTTON,OTR,EXPORT,"PORTLAND, TX","Pasadena, TX",PORTLAND,Pasadena,SCM,Stacy Ulriksen,912-443-4008 ext. 6402,Neal Nacci dallasdispatch@scmllc.net,,610,,,,,,,,1-Dec-25,4-Dec-25,31-Mar-26,,
149048,COTTON,OTR,EXPORT,"CORPUS CHRISTI, TX","Pasadena, TX",CORPUS CHRISTI,Pasadena,SCM,Stacy Ulriksen,912-443-4008 ext. 6402,Neal Nacci dallasdispatch@scmllc.net,,610,,,,,,,,1-Dec-25,4-Dec-25,31-Mar-26,,
149047,COTTON,OTR,EXPORT,"STANTON, TX","Pasadena, TX",STANTON,Pasadena,SCM,Stacy Ulriksen,912-443-4008 ext. 6402,Neal Nacci dallasdispatch@scmllc.net,,600,,,,,,,,1-Dec-25,4-Dec-25,31-Mar-26,,
149046,COTTON,OTR,EXPORT,"SWEETWATER, TX","Pasadena, TX",SWEETWATER,Pasadena,SCM,Stacy Ulriksen,912-443-4008 ext. 6402,Neal Nacci dallasdispatch@scmllc.net,,600,,,,,,,,1-Dec-25,4-Dec-25,31-Mar-26,,
149045,COTTON,OTR,EXPORT,"BIG SPRING, TX","Pasadena, TX",BIG SPRING,Pasadena,SCM,Stacy Ulriksen,912-443-4008 ext. 6402,Neal Nacci dallasdispatch@scmllc.net,,600,,,,,,,,1-Dec-25,4-Dec-25,31-Mar-26,,
149043,COTTON,OTR,EXPORT,"Garden City, TX","Pasadena, TX",Garden City,Pasadena,SCM,Stacy Ulriksen,912-443-4008 ext. 6402,Neal Nacci dallasdispatch@scmllc.net,,593,,,,,,,,1-Dec-25,4-Dec-25,31-Mar-26,,
149044,COTTON,OTR,EXPORT,"RULE, TX","Pasadena, TX",RULE,Pasadena,SCM,Stacy Ulriksen,912-443-4008 ext. 6402,Neal Nacci dallasdispatch@scmllc.net,,600,,,,,,,,1-Dec-25,4-Dec-25,31-Mar-26,,
149042,COTTON,OTR,EXPORT,"SAN ANGELO, TX","Pasadena, TX",SAN ANGELO,Pasadena,SCM,Stacy Ulriksen,912-443-4008 ext. 6402,Neal Nacci dallasdispatch@scmllc.net,,590,,,,,,,,1-Dec-25,4-Dec-25,31-Mar-26,,
149041,COTTON,OTR,EXPORT,"ABILENE, TX","Pasadena, TX",ABILENE,Pasadena,SCM,Stacy Ulriksen,912-443-4008 ext. 6402,Neal Nacci dallasdispatch@scmllc.net,,585,,,,,,,,1-Dec-25,4-Dec-25,31-Mar-26,,
149040,COTTON,OTR,EXPORT,"Hutchins, TX","Pasadena, TX",Hutchins,Pasadena,SCM,Stacy Ulriksen,912-443-4008 ext. 6402,Neal Nacci dallasdispatch@scmllc.net,,560,,,,,,,,1-Dec-25,4-Dec-25,31-Mar-26,,
149039,COTTON,OTR,EXPORT,"ALEXANDRIA, LA","Pasadena, TX",ALEXANDRIA,Pasadena,SCM,Stacy Ulriksen,912-443-4008 ext. 6402,Neal Nacci dallasdispatch@scmllc.net,,560,,,,,,,,1-Dec-25,4-Dec-25,31-Mar-26,,
149038,COTTON,OTR,EXPORT,"FLOWER MOUND, TX","Pasadena, TX",FLOWER MOUND,Pasadena,SCM,Stacy Ulriksen,912-443-4008 ext. 6402,Neal Nacci dallasdispatch@scmllc.net,,555,,,,,,,,1-Dec-25,4-Dec-25,31-Mar-26,,
149037,COTTON,OTR,EXPORT,"MCKINNEY, TX","Pasadena, TX",MCKINNEY,Pasadena,SCM,Stacy Ulriksen,912-443-4008 ext. 6402,Neal Nacci dallasdispatch@scmllc.net,,555,,,,,,,,1-Dec-25,4-Dec-25,31-Mar-26,,
149036,COTTON,OTR,EXPORT,"Kenedy, TX","Pasadena, TX",Kenedy,Pasadena,SCM,Stacy Ulriksen,912-443-4008 ext. 6402,Neal Nacci dallasdispatch@scmllc.net,,525,,,,,,,,1-Dec-25,4-Dec-25,31-Mar-26,,
149035,COTTON,OTR,EXPORT,"ARLINGTON, TX","Pasadena, TX",ARLINGTON,Pasadena,SCM,Stacy Ulriksen,912-443-4008 ext. 6402,Neal Nacci dallasdispatch@scmllc.net,,525,,,,,,,,1-Dec-25,4-Dec-25,31-Mar-26,,
149034,COTTON,OTR,EXPORT,"HASLET, TX","Pasadena, TX",HASLET,Pasadena,SCM,Stacy Ulriksen,912-443-4008 ext. 6402,Neal Nacci dallasdispatch@scmllc.net,,520,,,,,,,,1-Dec-25,4-Dec-25,31-Mar-26,,
149033,COTTON,OTR,EXPORT,"Ft Worth , TX","Pasadena, TX",Ft Worth,Pasadena,SCM,Stacy Ulriksen,912-443-4008 ext. 6402,Neal Nacci dallasdispatch@scmllc.net,,520,,,,,,,,1-Dec-25,4-Dec-25,31-Mar-26,,
149032,COTTON,OTR,EXPORT,"Desoto, TX","Pasadena, TX",Desoto,Pasadena,SCM,Stacy Ulriksen,912-443-4008 ext. 6402,Neal Nacci dallasdispatch@scmllc.net,,520,,,,,,,,1-Dec-25,4-Dec-25,31-Mar-26,,
149031,COTTON,OTR,EXPORT,"Garland, TX","Pasadena, TX",Garland,Pasadena,SCM,Stacy Ulriksen,912-443-4008 ext. 6402,Neal Nacci dallasdispatch@scmllc.net,,515,,,,,,,,1-Dec-25,4-Dec-25,31-Mar-26,,
149030,COTTON,OTR,EXPORT,"MALONE, TX","Pasadena, TX",MALONE,Pasadena,SCM,Stacy Ulriksen,912-443-4008 ext. 6402,Neal Nacci dallasdispatch@scmllc.net,,515,,,,,,,,1-Dec-25,4-Dec-25,31-Mar-26,,
149029,COTTON,OTR,EXPORT,"Grand Prairie, TX","Pasadena, TX",Grand Prairie,Pasadena,SCM,Stacy Ulriksen,912-443-4008 ext. 6402,Neal Nacci dallasdispatch@scmllc.net,,515,,,,,,,,1-Dec-25,4-Dec-25,31-Mar-26,,
149028,COTTON,OTR,EXPORT,"Dallas, TX","Pasadena, TX",Dallas,Pasadena,SCM,Stacy Ulriksen,912-443-4008 ext. 6402,Neal Nacci dallasdispatch@scmllc.net,,515,,,,,,,,1-Dec-25,4-Dec-25,31-Mar-26,,
149027,COTTON,OTR,EXPORT,"Fort Worth, TX","Pasadena, TX",Fort Worth,Pasadena,SCM,Stacy Ulriksen,912-443-4008 ext. 6402,Neal Nacci dallasdispatch@scmllc.net,,515,,,,,,,,1-Dec-25,4-Dec-25,31-Mar-26,,
149025,COTTON,OTR,EXPORT,"TAYLOR, TX","Pasadena, TX",TAYLOR,Pasadena,SCM,Stacy Ulriksen,912-443-4008 ext. 6402,Neal Nacci dallasdispatch@scmllc.net,,475,,,,,,,,1-Dec-25,4-Dec-25,31-Mar-26,,
149026,COTTON,OTR,EXPORT,"Wilmer, TX","Pasadena, TX",Wilmer,Pasadena,SCM,Stacy Ulriksen,912-443-4008 ext. 6402,Neal Nacci dallasdispatch@scmllc.net,,510,,,,,,,,1-Dec-25,4-Dec-25,31-Mar-26,,
149024,COTTON,OTR,EXPORT,"BRYAN, TX","Pasadena, TX",BRYAN,Pasadena,SCM,Stacy Ulriksen,912-443-4008 ext. 6402,Neal Nacci dallasdispatch@scmllc.net,,450,,,,,,,,1-Dec-25,4-Dec-25,31-Mar-26,,
149023,COTTON,OTR,EXPORT,"EL CAMPO, TX","Pasadena, TX",EL CAMPO,Pasadena,SCM,Stacy Ulriksen,912-443-4008 ext. 6402,Neal Nacci dallasdispatch@scmllc.net,,355,,,,,,,,1-Dec-25,4-Dec-25,31-Mar-26,,
149022,COTTON,OTR,EXPORT,"ROSENBERG, TX","Pasadena, TX",ROSENBERG,Pasadena,SCM,Stacy Ulriksen,912-443-4008 ext. 6402,Neal Nacci dallasdispatch@scmllc.net,,350,,,,,,,,1-Dec-25,4-Dec-25,31-Mar-26,,
149021,COTTON,OTR,EXPORT,"HOUSTON, TX","Pasadena, TX",HOUSTON,Pasadena,SCM,Stacy Ulriksen,912-443-4008 ext. 6402,Neal Nacci dallasdispatch@scmllc.net,,315,,,,,,,,1-Dec-25,4-Dec-25,31-Mar-26,,
149020,COTTON,OTR,EXPORT,"GALVESTON, TX","Pasadena, TX",GALVESTON,Pasadena,SCM,Stacy Ulriksen,912-443-4008 ext. 6402,Neal Nacci dallasdispatch@scmllc.net,,315,,,,,,,,1-Dec-25,4-Dec-25,31-Mar-26,,
149019,COTTON,OTR,EXPORT,"Pasadena, TX","Pasadena, TX",Pasadena,Pasadena,SCM,Stacy Ulriksen,912-443-4008 ext. 6402,Neal Nacci dallasdispatch@scmllc.net,,300,,,,,,,,1-Dec-25,4-Dec-25,31-Mar-26,,
149017,COTTON,OTR,EXPORT,"Forrest City, AR","Memphis, TN",Forrest City,Memphis,SCM,Stacy Ulriksen,912-443-4008 ext. 6402,Neal Nacci dallasdispatch@scmllc.net,,250,,,,,,,,1-Dec-25,4-Dec-25,31-Mar-26,,
149018,COTTON,OTR,EXPORT,"Baytown, TX","Pasadena, TX",Baytown,Pasadena,SCM,Stacy Ulriksen,912-443-4008 ext. 6402,Neal Nacci dallasdispatch@scmllc.net,,300,,,,,,,,1-Dec-25,4-Dec-25,31-Mar-26,,
149016,COTTON,OTR,EXPORT,"MONETTE, AR","Memphis, TN",MONETTE,Memphis,SCM,Stacy Ulriksen,912-443-4008 ext. 6402,Neal Nacci dallasdispatch@scmllc.net,,325,,,,,,,,1-Dec-25,4-Dec-25,31-Mar-26,,
149015,COTTON,OTR,EXPORT,"TRUMANN, AR","Memphis, TN",TRUMANN,Memphis,SCM,Stacy Ulriksen,912-443-4008 ext. 6402,Neal Nacci dallasdispatch@scmllc.net,,325,,,,,,,,1-Dec-25,4-Dec-25,31-Mar-26,,
149014,COTTON,OTR,EXPORT,"BROWNSVILLE, TN","Memphis, TN",BROWNSVILLE,Memphis,SCM,Stacy Ulriksen,912-443-4008 ext. 6402,Neal Nacci dallasdispatch@scmllc.net,,300,,,,,,,,1-Dec-25,4-Dec-25,31-Mar-26,,
149013,COTTON,OTR,EXPORT,"SOMERVILLE, TN","Memphis, TN",SOMERVILLE,Memphis,SCM,Stacy Ulriksen,912-443-4008 ext. 6402,Neal Nacci dallasdispatch@scmllc.net,,250,,,,,,,,1-Dec-25,4-Dec-25,31-Mar-26,,
149011,COTTON,OTR,EXPORT,"MILAN, TN","Memphis, TN",MILAN,Memphis,SCM,Stacy Ulriksen,912-443-4008 ext. 6402,Neal Nacci dallasdispatch@scmllc.net,,350,,,,,,,,1-Dec-25,4-Dec-25,31-Mar-26,,
149012,COTTON,OTR,EXPORT,"Olive Branch, MS","Memphis, TN",Olive Branch,Memphis,SCM,Stacy Ulriksen,912-443-4008 ext. 6402,Neal Nacci dallasdispatch@scmllc.net,,200,,,,,,,,1-Dec-25,4-Dec-25,31-Mar-26,,
149010,COTTON,OTR,EXPORT,"MEMPHIS, TN","Memphis, TN",MEMPHIS,Memphis,SCM,Stacy Ulriksen,912-443-4008 ext. 6402,Neal Nacci dallasdispatch@scmllc.net,,200,,,,,,,,1-Dec-25,4-Dec-25,31-Mar-26,,
149009,COTTON,OTR,EXPORT,"MANILA, AR","Memphis, TN",MANILA,Memphis,SCM,Stacy Ulriksen,912-443-4008 ext. 6402,Neal Nacci dallasdispatch@scmllc.net,,325,,,,,,,,1-Dec-25,4-Dec-25,31-Mar-26,,
149008,COTTON,OTR,EXPORT,"DELL, AR","Memphis, TN",DELL,Memphis,SCM,Stacy Ulriksen,912-443-4008 ext. 6402,Neal Nacci dallasdispatch@scmllc.net,,325,,,,,,,,1-Dec-25,4-Dec-25,31-Mar-26,,
149007,COTTON,OTR,EXPORT,"NEW ALBANY, MS","Memphis, TN",NEW ALBANY,Memphis,SCM,Stacy Ulriksen,912-443-4008 ext. 6402,Neal Nacci dallasdispatch@scmllc.net,,300,,,,,,,,1-Dec-25,4-Dec-25,31-Mar-26,,
149006,COTTON,OTR,EXPORT,"ELORA, TN","Memphis, TN",ELORA,Memphis,SCM,Stacy Ulriksen,912-443-4008 ext. 6402,Neal Nacci dallasdispatch@scmllc.net,,675,,,,,,,,1-Dec-25,4-Dec-25,31-Mar-26,,
149005,COTTON,OTR,EXPORT,"BELZONI, MS","Memphis, TN",BELZONI,Memphis,SCM,Stacy Ulriksen,912-443-4008 ext. 6402,Neal Nacci dallasdispatch@scmllc.net,,525,,,,,,,,1-Dec-25,4-Dec-25,31-Mar-26,,
149003,COTTON,OTR,EXPORT,"Rolling Fork, MS","Memphis, TN",Rolling Fork,Memphis,SCM,Stacy Ulriksen,912-443-4008 ext. 6402,Neal Nacci dallasdispatch@scmllc.net,,525,,,,,,,,1-Dec-25,4-Dec-25,31-Mar-26,,
149004,COTTON,OTR,EXPORT,"YAZOO CITY, MS","Memphis, TN",YAZOO CITY,Memphis,SCM,Stacy Ulriksen,912-443-4008 ext. 6402,Neal Nacci dallasdispatch@scmllc.net,,525,,,,,,,,1-Dec-25,4-Dec-25,31-Mar-26,,
149001,COTTON,OTR,EXPORT,"SALTILLO, MS","Memphis, TN",SALTILLO,Memphis,SCM,Stacy Ulriksen,912-443-4008 ext. 6402,Neal Nacci dallasdispatch@scmllc.net,,425,,,,,,,,1-Dec-25,4-Dec-25,31-Mar-26,,
149002,COTTON,OTR,EXPORT,"GREENVILLE, MS","Memphis, TN",GREENVILLE,Memphis,SCM,Stacy Ulriksen,912-443-4008 ext. 6402,Neal Nacci dallasdispatch@scmllc.net,,500,,,,,,,,1-Dec-25,4-Dec-25,31-Mar-26,,
149000,COTTON,OTR,EXPORT,"PORTLAND, AR","Memphis, TN",PORTLAND,Memphis,SCM,Stacy Ulriksen,912-443-4008 ext. 6402,Neal Nacci dallasdispatch@scmllc.net,,500,,,,,,,,1-Dec-25,4-Dec-25,31-Mar-26,,
148999,COTTON,OTR,EXPORT,"MCGEHEE, AR","Memphis, TN",MCGEHEE,Memphis,SCM,Stacy Ulriksen,912-443-4008 ext. 6402,Neal Nacci dallasdispatch@scmllc.net,,500,,,,,,,,1-Dec-25,4-Dec-25,31-Mar-26,,
148998,COTTON,OTR,EXPORT,"JACKSON, MS","Memphis, TN",JACKSON,Memphis,SCM,Stacy Ulriksen,912-443-4008 ext. 6402,Neal Nacci dallasdispatch@scmllc.net,,525,,,,,,,,1-Dec-25,4-Dec-25,31-Mar-26,,
148997,COTTON,OTR,EXPORT,"INDIANOLA, MS","Memphis, TN",INDIANOLA,Memphis,SCM,Stacy Ulriksen,912-443-4008 ext. 6402,Neal Nacci dallasdispatch@scmllc.net,,450,,,,,,,,1-Dec-25,4-Dec-25,31-Mar-26,,
148996,COTTON,OTR,EXPORT,"GRENADA, MS","Memphis, TN",GRENADA,Memphis,SCM,Stacy Ulriksen,912-443-4008 ext. 6402,Neal Nacci dallasdispatch@scmllc.net,,400,,,,,,,,1-Dec-25,4-Dec-25,31-Mar-26,,
148995,COTTON,OTR,EXPORT,"DUMAS, AR","Memphis, TN",DUMAS,Memphis,SCM,Stacy Ulriksen,912-443-4008 ext. 6402,Neal Nacci dallasdispatch@scmllc.net,,500,,,,,,,,1-Dec-25,4-Dec-25,31-Mar-26,,
148994,COTTON,OTR,EXPORT,"INVERNESS, MS","Memphis, TN",INVERNESS,Memphis,SCM,Stacy Ulriksen,912-443-4008 ext. 6402,Neal Nacci dallasdispatch@scmllc.net,,450,,,,,,,,1-Dec-25,4-Dec-25,31-Mar-26,,
148993,COTTON,OTR,EXPORT,"MARIANNA, AR","Memphis, TN",MARIANNA,Memphis,SCM,Stacy Ulriksen,912-443-4008 ext. 6402,Neal Nacci dallasdispatch@scmllc.net,,350,,,,,,,,1-Dec-25,4-Dec-25,31-Mar-26,,
148992,COTTON,OTR,EXPORT,"Malden, MO","Memphis, TN",Malden,Memphis,SCM,Stacy Ulriksen,912-443-4008 ext. 6402,Neal Nacci dallasdispatch@scmllc.net,,450,,,,,,,,1-Dec-25,4-Dec-25,31-Mar-26,,
148991,COTTON,OTR,EXPORT,"HELENA, AR","Memphis, TN",HELENA,Memphis,SCM,Stacy Ulriksen,912-443-4008 ext. 6402,Neal Nacci dallasdispatch@scmllc.net,,350,,,,,,,,1-Dec-25,4-Dec-25,31-Mar-26,,
148990,COTTON,OTR,EXPORT,"GREENWOOD, MS","Memphis, TN",GREENWOOD,Memphis,SCM,Stacy Ulriksen,912-443-4008 ext. 6402,Neal Nacci dallasdispatch@scmllc.net,,425,,,,,,,,1-Dec-25,4-Dec-25,31-Mar-26,,
148989,COTTON,OTR,EXPORT,"West Memphis, AR","Memphis, TN",West Memphis,Memphis,SCM,Stacy Ulriksen,912-443-4008 ext. 6402,Neal Nacci dallasdispatch@scmllc.net,,250,,,,,,,,1-Dec-25,4-Dec-25,31-Mar-26,,
148988,COTTON,OTR,EXPORT,"TUNICA, MS","Memphis, TN",TUNICA,Memphis,SCM,Stacy Ulriksen,912-443-4008 ext. 6402,Neal Nacci dallasdispatch@scmllc.net,,275,,,,,,,,1-Dec-25,4-Dec-25,31-Mar-26,,
148986,COTTON,OTR,EXPORT,"PRAIRIE, MS","Memphis, TN",PRAIRIE,Memphis,SCM,Stacy Ulriksen,912-443-4008 ext. 6402,Neal Nacci dallasdispatch@scmllc.net,,425,,,,,,,,1-Dec-25,4-Dec-25,31-Mar-26,,
148987,COTTON,OTR,EXPORT,"TCHULA, MS","Memphis, TN",TCHULA,Memphis,SCM,Stacy Ulriksen,912-443-4008 ext. 6402,Neal Nacci dallasdispatch@scmllc.net,,525,,,,,,,,1-Dec-25,4-Dec-25,31-Mar-26,,
148985,COTTON,OTR,EXPORT,"PORTAGEVILLE, MO","Memphis, TN",PORTAGEVILLE,Memphis,SCM,Stacy Ulriksen,912-443-4008 ext. 6402,Neal Nacci dallasdispatch@scmllc.net,,425,,,,,,,,1-Dec-25,4-Dec-25,31-Mar-26,,
148983,COTTON,OTR,EXPORT,"MASON, TN","Memphis, TN",MASON,Memphis,SCM,Stacy Ulriksen,912-443-4008 ext. 6402,Neal Nacci dallasdispatch@scmllc.net,,275,,,,,,,,1-Dec-25,4-Dec-25,31-Mar-26,,
148984,COTTON,OTR,EXPORT,"New Madrid, MO","Memphis, TN",New Madrid,Memphis,SCM,Stacy Ulriksen,912-443-4008 ext. 6402,Neal Nacci dallasdispatch@scmllc.net,,450,,,,,,,,1-Dec-25,4-Dec-25,31-Mar-26,,
148982,COTTON,OTR,EXPORT,"Itta Bena, MS","Memphis, TN",Itta Bena,Memphis,SCM,Stacy Ulriksen,912-443-4008 ext. 6402,Neal Nacci dallasdispatch@scmllc.net,,425,,,,,,,,1-Dec-25,4-Dec-25,31-Mar-26,,
148981,COTTON,OTR,EXPORT,"HUMBOLDT, TN","Memphis, TN",HUMBOLDT,Memphis,SCM,Stacy Ulriksen,912-443-4008 ext. 6402,Neal Nacci dallasdispatch@scmllc.net,,350,,,,,,,,1-Dec-25,4-Dec-25,31-Mar-26,,
148980,COTTON,OTR,EXPORT,"HOLLANDALE, MS","Memphis, TN",HOLLANDALE,Memphis,SCM,Stacy Ulriksen,912-443-4008 ext. 6402,Neal Nacci dallasdispatch@scmllc.net,,525,,,,,,,,1-Dec-25,4-Dec-25,31-Mar-26,,
148979,COTTON,OTR,EXPORT,"HALLS, TN","Memphis, TN",HALLS,Memphis,SCM,Stacy Ulriksen,912-443-4008 ext. 6402,Neal Nacci dallasdispatch@scmllc.net,,325,,,,,,,,1-Dec-25,4-Dec-25,31-Mar-26,,
148978,COTTON,OTR,EXPORT,"DERMOTT, AR","Memphis, TN",DERMOTT,Memphis,SCM,Stacy Ulriksen,912-443-4008 ext. 6402,Neal Nacci dallasdispatch@scmllc.net,,500,,,,,,,,1-Dec-25,4-Dec-25,31-Mar-26,,
148976,COTTON,OTR,EXPORT,"COVINGTON, TN","Memphis, TN",COVINGTON,Memphis,SCM,Stacy Ulriksen,912-443-4008 ext. 6402,Neal Nacci dallasdispatch@scmllc.net,,275,,,,,,,,1-Dec-25,4-Dec-25,31-Mar-26,,
148977,COTTON,OTR,EXPORT,"CRAWFORDSVILLE, AR","Memphis, TN",CRAWFORDSVILLE,Memphis,SCM,Stacy Ulriksen,912-443-4008 ext. 6402,Neal Nacci dallasdispatch@scmllc.net,,250,,,,,,,,1-Dec-25,4-Dec-25,31-Mar-26,,
148975,COTTON,OTR,EXPORT,"CLARKSDALE, MS","Memphis, TN",CLARKSDALE,Memphis,SCM,Stacy Ulriksen,912-443-4008 ext. 6402,Neal Nacci dallasdispatch@scmllc.net,,300,,,,,,,,1-Dec-25,4-Dec-25,31-Mar-26,,
148974,COTTON,OTR,EXPORT,"CARUTHERSVILLE, MO","Memphis, TN",CARUTHERSVILLE,Memphis,SCM,Stacy Ulriksen,912-443-4008 ext. 6402,Neal Nacci dallasdispatch@scmllc.net,,400,,,,,,,,1-Dec-25,4-Dec-25,31-Mar-26,,
148973,COTTON,OTR,EXPORT,"CALDWELL, AR","Memphis, TN",CALDWELL,Memphis,SCM,Stacy Ulriksen,912-443-4008 ext. 6402,Neal Nacci dallasdispatch@scmllc.net,,275,,,,,,,,1-Dec-25,4-Dec-25,31-Mar-26,,
148972,COTTON,OTR,EXPORT,"BLYTHEVILLE, AR","Memphis, TN",BLYTHEVILLE,Memphis,SCM,Stacy Ulriksen,912-443-4008 ext. 6402,Neal Nacci dallasdispatch@scmllc.net,,350,,,,,,,,1-Dec-25,4-Dec-25,31-Mar-26,,
148971,COTTON,OTR,EXPORT,"TUNICA, MS","Marion , AR",TUNICA,Marion,SCM,Stacy Ulriksen,912-443-4008 ext. 6402,Neal Nacci dallasdispatch@scmllc.net,,270,,,,,,,,1-Dec-25,4-Dec-25,31-Mar-26,,
148970,COTTON,OTR,EXPORT,"TRUMANN, AR","Marion , AR",TRUMANN,Marion,SCM,Stacy Ulriksen,912-443-4008 ext. 6402,Neal Nacci dallasdispatch@scmllc.net,,300,,,,,,,,1-Dec-25,4-Dec-25,31-Mar-26,,
148969,COTTON,OTR,EXPORT,"LONOKE, AR","Marion , AR",LONOKE,Marion,SCM,Stacy Ulriksen,912-443-4008 ext. 6402,Neal Nacci dallasdispatch@scmllc.net,,630,,,,,,,,1-Dec-25,4-Dec-25,31-Mar-26,,
148968,COTTON,OTR,EXPORT,"New Madrid, MO","Marion , AR",New Madrid,Marion,SCM,Stacy Ulriksen,912-443-4008 ext. 6402,Neal Nacci dallasdispatch@scmllc.net,,600,,,,,,,,1-Dec-25,4-Dec-25,31-Mar-26,,
148966,COTTON,OTR,EXPORT,"BRADLEY, AR","Marion , AR",BRADLEY,Marion,SCM,Stacy Ulriksen,912-443-4008 ext. 6402,Neal Nacci dallasdispatch@scmllc.net,,720,,,,,,,,1-Dec-25,4-Dec-25,31-Mar-26,,
148967,COTTON,OTR,EXPORT,"Malden, MO","Marion , AR",Malden,Marion,SCM,Stacy Ulriksen,912-443-4008 ext. 6402,Neal Nacci dallasdispatch@scmllc.net,,615,,,,,,,,1-Dec-25,4-Dec-25,31-Mar-26,,
148965,COTTON,OTR,EXPORT,"PARMA, MO","Marion , AR",PARMA,Marion,SCM,Stacy Ulriksen,912-443-4008 ext. 6402,Neal Nacci dallasdispatch@scmllc.net,,615,,,,,,,,1-Dec-25,4-Dec-25,31-Mar-26,,
148963,COTTON,OTR,EXPORT,"SENATH, MO","Marion , AR",SENATH,Marion,SCM,Stacy Ulriksen,912-443-4008 ext. 6402,Neal Nacci dallasdispatch@scmllc.net,,510,,,,,,,,1-Dec-25,4-Dec-25,31-Mar-26,,
148964,COTTON,OTR,EXPORT,"GIDEON, MO","Marion , AR",GIDEON,Marion,SCM,Stacy Ulriksen,912-443-4008 ext. 6402,Neal Nacci dallasdispatch@scmllc.net,,600,,,,,,,,1-Dec-25,4-Dec-25,31-Mar-26,,
148962,COTTON,OTR,EXPORT,"HAYTI, MO","Marion , AR",HAYTI,Marion,SCM,Stacy Ulriksen,912-443-4008 ext. 6402,Neal Nacci dallasdispatch@scmllc.net,,510,,,,,,,,1-Dec-25,4-Dec-25,31-Mar-26,,
148961,COTTON,OTR,EXPORT,"CARUTHERSVILLE, MO","Marion , AR",CARUTHERSVILLE,Marion,SCM,Stacy Ulriksen,912-443-4008 ext. 6402,Neal Nacci dallasdispatch@scmllc.net,,510,,,,,,,,1-Dec-25,4-Dec-25,31-Mar-26,,
148959,COTTON,OTR,EXPORT,"MCGEHEE, AR","Marion , AR",MCGEHEE,Marion,SCM,Stacy Ulriksen,912-443-4008 ext. 6402,Neal Nacci dallasdispatch@scmllc.net,,585,,,,,,,,1-Dec-25,4-Dec-25,31-Mar-26,,
148960,COTTON,OTR,EXPORT,"STEELE, MO","Marion , AR",STEELE,Marion,SCM,Stacy Ulriksen,912-443-4008 ext. 6402,Neal Nacci dallasdispatch@scmllc.net,,495,,,,,,,,1-Dec-25,4-Dec-25,31-Mar-26,,
148958,COTTON,OTR,EXPORT,"DERMOTT, AR","Marion , AR",DERMOTT,Marion,SCM,Stacy Ulriksen,912-443-4008 ext. 6402,Neal Nacci dallasdispatch@scmllc.net,,585,,,,,,,,1-Dec-25,4-Dec-25,31-Mar-26,,
148957,COTTON,OTR,EXPORT,"HOLLAND, MO","Marion , AR",HOLLAND,Marion,SCM,Stacy Ulriksen,912-443-4008 ext. 6402,Neal Nacci dallasdispatch@scmllc.net,,495,,,,,,,,1-Dec-25,4-Dec-25,31-Mar-26,,
148956,COTTON,OTR,EXPORT,"DUMAS, AR","Marion , AR",DUMAS,Marion,SCM,Stacy Ulriksen,912-443-4008 ext. 6402,Neal Nacci dallasdispatch@scmllc.net,,570,,,,,,,,1-Dec-25,4-Dec-25,31-Mar-26,,
148955,COTTON,OTR,EXPORT,"ARBRYD, MO","Marion , AR",ARBRYD,Marion,SCM,Stacy Ulriksen,912-443-4008 ext. 6402,Neal Nacci dallasdispatch@scmllc.net,,495,,,,,,,,1-Dec-25,4-Dec-25,31-Mar-26,,
148954,COTTON,OTR,EXPORT,"TCHULA, MS","Marion , AR",TCHULA,Marion,SCM,Stacy Ulriksen,912-443-4008 ext. 6402,Neal Nacci dallasdispatch@scmllc.net,,540,,,,,,,,1-Dec-25,4-Dec-25,31-Mar-26,,
148953,COTTON,OTR,EXPORT,"INVERNESS, MS","Marion , AR",INVERNESS,Marion,SCM,Stacy Ulriksen,912-443-4008 ext. 6402,Neal Nacci dallasdispatch@scmllc.net,,540,,,,,,,,1-Dec-25,4-Dec-25,31-Mar-26,,
148952,COTTON,OTR,EXPORT,"HOLLANDALE, MS","Marion , AR",HOLLANDALE,Marion,SCM,Stacy Ulriksen,912-443-4008 ext. 6402,Neal Nacci dallasdispatch@scmllc.net,,540,,,,,,,,1-Dec-25,4-Dec-25,31-Mar-26,,
148950,COTTON,OTR,EXPORT,"KENNETT, MO","Marion , AR",KENNETT,Marion,SCM,Stacy Ulriksen,912-443-4008 ext. 6402,Neal Nacci dallasdispatch@scmllc.net,,510,,,,,,,,1-Dec-25,4-Dec-25,31-Mar-26,,
148951,COTTON,OTR,EXPORT,"ELORA, TN","Marion , AR",ELORA,Marion,SCM,Stacy Ulriksen,912-443-4008 ext. 6402,Neal Nacci dallasdispatch@scmllc.net,,540,,,,,,,,1-Dec-25,4-Dec-25,31-Mar-26,,
148949,COTTON,OTR,EXPORT,"Rolling Fork, MS","Marion , AR",Rolling Fork,Marion,SCM,Stacy Ulriksen,912-443-4008 ext. 6402,Neal Nacci dallasdispatch@scmllc.net,,555,,,,,,,,1-Dec-25,4-Dec-25,31-Mar-26,,
148948,COTTON,OTR,EXPORT,"BELZONI, MS","Marion , AR",BELZONI,Marion,SCM,Stacy Ulriksen,912-443-4008 ext. 6402,Neal Nacci dallasdispatch@scmllc.net,,540,,,,,,,,1-Dec-25,4-Dec-25,31-Mar-26,,
148947,COTTON,OTR,EXPORT,"JACKSON, MS","Marion , AR",JACKSON,Marion,SCM,Stacy Ulriksen,912-443-4008 ext. 6402,Neal Nacci dallasdispatch@scmllc.net,,570,,,,,,,,1-Dec-25,4-Dec-25,31-Mar-26,,
148946,COTTON,OTR,EXPORT,"INDIANOLA, MS","Marion , AR",INDIANOLA,Marion,SCM,Stacy Ulriksen,912-443-4008 ext. 6402,Neal Nacci dallasdispatch@scmllc.net,,510,,,,,,,,1-Dec-25,4-Dec-25,31-Mar-26,,
148944,COTTON,OTR,EXPORT,"MILAN, TN","Marion , AR",MILAN,Marion,SCM,Stacy Ulriksen,912-443-4008 ext. 6402,Neal Nacci dallasdispatch@scmllc.net,,465,,,,,,,,1-Dec-25,4-Dec-25,31-Mar-26,,
148945,COTTON,OTR,EXPORT,"MASON, TN","Marion , AR",MASON,Marion,SCM,Stacy Ulriksen,912-443-4008 ext. 6402,Neal Nacci dallasdispatch@scmllc.net,,375,,,,,,,,1-Dec-25,4-Dec-25,31-Mar-26,,
148943,COTTON,OTR,EXPORT,"Drew, MS","Marion , AR",Drew,Marion,SCM,Stacy Ulriksen,912-443-4008 ext. 6402,Neal Nacci dallasdispatch@scmllc.net,,510,,,,,,,,1-Dec-25,4-Dec-25,31-Mar-26,,
148942,COTTON,OTR,EXPORT,"PORTAGEVILLE, MO","Marion , AR",PORTAGEVILLE,Marion,SCM,Stacy Ulriksen,912-443-4008 ext. 6402,Neal Nacci dallasdispatch@scmllc.net,,510,,,,,,,,1-Dec-25,4-Dec-25,31-Mar-26,,
148941,COTTON,OTR,EXPORT,"SOMERVILLE, TN","Marion , AR",SOMERVILLE,Marion,SCM,Stacy Ulriksen,912-443-4008 ext. 6402,Neal Nacci dallasdispatch@scmllc.net,,375,,,,,,,,1-Dec-25,4-Dec-25,31-Mar-26,,
148940,COTTON,OTR,EXPORT,"LELAND, MS","Marion , AR",LELAND,Marion,SCM,Stacy Ulriksen,912-443-4008 ext. 6402,Neal Nacci dallasdispatch@scmllc.net,,525,,,,,,,,1-Dec-25,4-Dec-25,31-Mar-26,,
148939,COTTON,OTR,EXPORT,"SALTILLO, MS","Marion , AR",SALTILLO,Marion,SCM,Stacy Ulriksen,912-443-4008 ext. 6402,Neal Nacci dallasdispatch@scmllc.net,,465,,,,,,,,1-Dec-25,4-Dec-25,31-Mar-26,,
148938,COTTON,OTR,EXPORT,"WEST HELENA, AR","Marion , AR",WEST HELENA,Marion,SCM,Stacy Ulriksen,912-443-4008 ext. 6402,Neal Nacci dallasdispatch@scmllc.net,,390,,,,,,,,1-Dec-25,4-Dec-25,31-Mar-26,,
148937,COTTON,OTR,EXPORT,"MARIANNA, AR","Marion , AR",MARIANNA,Marion,SCM,Stacy Ulriksen,912-443-4008 ext. 6402,Neal Nacci dallasdispatch@scmllc.net,,375,,,,,,,,1-Dec-25,4-Dec-25,31-Mar-26,,
148936,COTTON,OTR,EXPORT,"BROWNSVILLE, TN","Marion , AR",BROWNSVILLE,Marion,SCM,Stacy Ulriksen,912-443-4008 ext. 6402,Neal Nacci dallasdispatch@scmllc.net,,375,,,,,,,,1-Dec-25,4-Dec-25,31-Mar-26,,
148935,COTTON,OTR,EXPORT,"CRAWFORDSVILLE, AR","Marion , AR",CRAWFORDSVILLE,Marion,SCM,Stacy Ulriksen,912-443-4008 ext. 6402,Neal Nacci dallasdispatch@scmllc.net,,285,,,,,,,,1-Dec-25,4-Dec-25,31-Mar-26,,
148934,COTTON,OTR,EXPORT,"HALLS, TN","Marion , AR",HALLS,Marion,SCM,Stacy Ulriksen,912-443-4008 ext. 6402,Neal Nacci dallasdispatch@scmllc.net,,375,,,,,,,,1-Dec-25,4-Dec-25,31-Mar-26,,
148933,COTTON,OTR,EXPORT,"JACKSON, TN","Marion , AR",JACKSON,Marion,SCM,Stacy Ulriksen,912-443-4008 ext. 6402,Neal Nacci dallasdispatch@scmllc.net,,405,,,,,,,,1-Dec-25,4-Dec-25,31-Mar-26,,
148932,COTTON,OTR,EXPORT,"HUMBOLDT, TN","Marion , AR",HUMBOLDT,Marion,SCM,Stacy Ulriksen,912-443-4008 ext. 6402,Neal Nacci dallasdispatch@scmllc.net,,405,,,,,,,,1-Dec-25,4-Dec-25,31-Mar-26,,
148930,COTTON,OTR,EXPORT,"DELL, AR","Marion , AR",DELL,Marion,SCM,Stacy Ulriksen,912-443-4008 ext. 6402,Neal Nacci dallasdispatch@scmllc.net,,375,,,,,,,,1-Dec-25,4-Dec-25,31-Mar-26,,
148931,COTTON,OTR,EXPORT,"Olive Branch, MS","Marion , AR",Olive Branch,Marion,SCM,Stacy Ulriksen,912-443-4008 ext. 6402,Neal Nacci dallasdispatch@scmllc.net,,270,,,,,,,,1-Dec-25,4-Dec-25,31-Mar-26,,
148929,COTTON,OTR,EXPORT,"BLYTHEVILLE, AR","Marion , AR",BLYTHEVILLE,Marion,SCM,Stacy Ulriksen,912-443-4008 ext. 6402,Neal Nacci dallasdispatch@scmllc.net,,375,,,,,,,,1-Dec-25,4-Dec-25,31-Mar-26,,
148928,COTTON,OTR,EXPORT,"YAZOO CITY, MS","Marion , AR",YAZOO CITY,Marion,SCM,Stacy Ulriksen,912-443-4008 ext. 6402,Neal Nacci dallasdispatch@scmllc.net,,555,,,,,,,,1-Dec-25,4-Dec-25,31-Mar-26,,
148927,COTTON,OTR,EXPORT,"WILSON, AR","Marion , AR",WILSON,Marion,SCM,Stacy Ulriksen,912-443-4008 ext. 6402,Neal Nacci dallasdispatch@scmllc.net,,300,,,,,,,,1-Dec-25,4-Dec-25,31-Mar-26,,
148926,COTTON,OTR,EXPORT,"West Memphis, AR","Marion , AR",West Memphis,Marion,SCM,Stacy Ulriksen,912-443-4008 ext. 6402,Neal Nacci dallasdispatch@scmllc.net,,285,,,,,,,,1-Dec-25,4-Dec-25,31-Mar-26,,
148925,COTTON,OTR,EXPORT,"PRAIRIE, MS","Marion , AR",PRAIRIE,Marion,SCM,Stacy Ulriksen,912-443-4008 ext. 6402,Neal Nacci dallasdispatch@scmllc.net,,540,,,,,,,,1-Dec-25,4-Dec-25,31-Mar-26,,
148924,COTTON,OTR,EXPORT,"PORTLAND, AR","Marion , AR",PORTLAND,Marion,SCM,Stacy Ulriksen,912-443-4008 ext. 6402,Neal Nacci dallasdispatch@scmllc.net,,585,,,,,,,,1-Dec-25,4-Dec-25,31-Mar-26,,
148923,COTTON,OTR,EXPORT,"NEW ALBANY, MS","Marion , AR",NEW ALBANY,Marion,SCM,Stacy Ulriksen,912-443-4008 ext. 6402,Neal Nacci dallasdispatch@scmllc.net,,345,,,,,,,,1-Dec-25,4-Dec-25,31-Mar-26,,
148922,COTTON,OTR,EXPORT,"MONETTE, AR","Marion , AR",MONETTE,Marion,SCM,Stacy Ulriksen,912-443-4008 ext. 6402,Neal Nacci dallasdispatch@scmllc.net,,375,,,,,,,,1-Dec-25,4-Dec-25,31-Mar-26,,
148920,COTTON,OTR,EXPORT,"MEMPHIS, TN","Marion , AR",MEMPHIS,Marion,SCM,Stacy Ulriksen,912-443-4008 ext. 6402,Neal Nacci dallasdispatch@scmllc.net,,270,,,,,,,,1-Dec-25,4-Dec-25,31-Mar-26,,
148921,COTTON,OTR,EXPORT,"Memphis, TN","Marion , AR",Memphis,Marion,SCM,Stacy Ulriksen,912-443-4008 ext. 6402,Neal Nacci dallasdispatch@scmllc.net,,270,,,,,,,,1-Dec-25,4-Dec-25,31-Mar-26,,
148919,COTTON,OTR,EXPORT,"MARVELL, AR","Marion , AR",MARVELL,Marion,SCM,Stacy Ulriksen,912-443-4008 ext. 6402,Neal Nacci dallasdispatch@scmllc.net,,390,,,,,,,,1-Dec-25,4-Dec-25,31-Mar-26,,
148918,COTTON,OTR,EXPORT,"MARKED TREE, AR","Marion , AR",MARKED TREE,Marion,SCM,Stacy Ulriksen,912-443-4008 ext. 6402,Neal Nacci dallasdispatch@scmllc.net,,300,,,,,,,,1-Dec-25,4-Dec-25,31-Mar-26,,
148917,COTTON,OTR,EXPORT,"MANILA, AR","Marion , AR",MANILA,Marion,SCM,Stacy Ulriksen,912-443-4008 ext. 6402,Neal Nacci dallasdispatch@scmllc.net,,375,,,,,,,,1-Dec-25,4-Dec-25,31-Mar-26,,
148916,COTTON,OTR,EXPORT,"Itta Bena, MS","Marion , AR",Itta Bena,Marion,SCM,Stacy Ulriksen,912-443-4008 ext. 6402,Neal Nacci dallasdispatch@scmllc.net,,540,,,,,,,,1-Dec-25,4-Dec-25,31-Mar-26,,
148915,COTTON,OTR,EXPORT,"HORN LAKE, MS","Marion , AR",HORN LAKE,Marion,SCM,Stacy Ulriksen,912-443-4008 ext. 6402,Neal Nacci dallasdispatch@scmllc.net,,255,,,,,,,,1-Dec-25,4-Dec-25,31-Mar-26,,
148914,COTTON,OTR,EXPORT,"HELENA, AR","Marion , AR",HELENA,Marion,SCM,Stacy Ulriksen,912-443-4008 ext. 6402,Neal Nacci dallasdispatch@scmllc.net,,390,,,,,,,,1-Dec-25,4-Dec-25,31-Mar-26,,
148913,COTTON,OTR,EXPORT,"GRENADA, MS","Marion , AR",GRENADA,Marion,SCM,Stacy Ulriksen,912-443-4008 ext. 6402,Neal Nacci dallasdispatch@scmllc.net,,510,,,,,,,,1-Dec-25,4-Dec-25,31-Mar-26,,
148912,COTTON,OTR,EXPORT,"GREENWOOD, MS","Marion , AR",GREENWOOD,Marion,SCM,Stacy Ulriksen,912-443-4008 ext. 6402,Neal Nacci dallasdispatch@scmllc.net,,510,,,,,,,,1-Dec-25,4-Dec-25,31-Mar-26,,
148911,COTTON,OTR,EXPORT,"GREENWOOD, MS","Marion , AR",GREENWOOD,Marion,SCM,Stacy Ulriksen,912-443-4008 ext. 6402,Neal Nacci dallasdispatch@scmllc.net,,510,,,,,,,,1-Dec-25,4-Dec-25,31-Mar-26,,
148909,COTTON,OTR,EXPORT,"Greenville, MS","Marion , AR",Greenville,Marion,SCM,Stacy Ulriksen,912-443-4008 ext. 6402,Neal Nacci dallasdispatch@scmllc.net,,540,,,,,,,,1-Dec-25,4-Dec-25,31-Mar-26,,
148910,COTTON,OTR,EXPORT,"GREENVILLE, MS","Marion , AR",GREENVILLE,Marion,SCM,Stacy Ulriksen,912-443-4008 ext. 6402,Neal Nacci dallasdispatch@scmllc.net,,540,,,,,,,,1-Dec-25,4-Dec-25,31-Mar-26,,
148908,COTTON,OTR,EXPORT,"Forrest City, AR","Marion , AR",Forrest City,Marion,SCM,Stacy Ulriksen,912-443-4008 ext. 6402,Neal Nacci dallasdispatch@scmllc.net,,300,,,,,,,,1-Dec-25,4-Dec-25,31-Mar-26,,
148907,COTTON,OTR,EXPORT,"DYESS, AR","Marion , AR",DYESS,Marion,SCM,Stacy Ulriksen,912-443-4008 ext. 6402,Neal Nacci dallasdispatch@scmllc.net,,300,,,,,,,,1-Dec-25,4-Dec-25,31-Mar-26,,
148906,COTTON,OTR,EXPORT,"COVINGTON, TN","Marion , AR",COVINGTON,Marion,SCM,Stacy Ulriksen,912-443-4008 ext. 6402,Neal Nacci dallasdispatch@scmllc.net,,300,,,,,,,,1-Dec-25,4-Dec-25,31-Mar-26,,
148905,COTTON,OTR,EXPORT,"COVINGTON, TN","Marion , AR",COVINGTON,Marion,SCM,Stacy Ulriksen,912-443-4008 ext. 6402,Neal Nacci dallasdispatch@scmllc.net,,300,,,,,,,,1-Dec-25,4-Dec-25,31-Mar-26,,
148903,COTTON,OTR,EXPORT,"CALDWELL, AR","Marion , AR",CALDWELL,Marion,SCM,Stacy Ulriksen,912-443-4008 ext. 6402,Neal Nacci dallasdispatch@scmllc.net,,300,,,,,,,,1-Dec-25,4-Dec-25,31-Mar-26,,
148904,COTTON,OTR,EXPORT,"CLARKSDALE, MS","Marion , AR",CLARKSDALE,Marion,SCM,Stacy Ulriksen,912-443-4008 ext. 6402,Neal Nacci dallasdispatch@scmllc.net,,345,,,,,,,,1-Dec-25,4-Dec-25,31-Mar-26,,
148902,COTTON,OTR,EXPORT,"ALTHEIMER, AR","Marion , AR",ALTHEIMER,Marion,SCM,Stacy Ulriksen,912-443-4008 ext. 6402,Neal Nacci dallasdispatch@scmllc.net,,645,,,,,,,,1-Dec-25,4-Dec-25,31-Mar-26,,
148900,COTTON,OTR,EXPORT,"OPELIKA, AL","Garden City, GA",OPELIKA,Garden City,SCM,Stacy Ulriksen,912-443-4008 ext. 6402,Neal Nacci dallasdispatch@scmllc.net,,875,,,,,,,,1-Dec-25,4-Dec-25,31-Mar-26,,
148901,COTTON,OTR,EXPORT,"EUFAULA, AL","Garden City, GA",EUFAULA,Garden City,SCM,Stacy Ulriksen,912-443-4008 ext. 6402,Neal Nacci dallasdispatch@scmllc.net,,900,,,,,,,,1-Dec-25,4-Dec-25,31-Mar-26,,
148898,COTTON,OTR,EXPORT,"PONTE VEDRA, FL","Garden City, GA",PONTE VEDRA,Garden City,SCM,Stacy Ulriksen,912-443-4008 ext. 6402,Neal Nacci dallasdispatch@scmllc.net,,600,,,,,,,,1-Dec-25,4-Dec-25,31-Mar-26,,
148899,COTTON,OTR,EXPORT,"WINDSOR, VA","Garden City, GA",WINDSOR,Garden City,SCM,Stacy Ulriksen,912-443-4008 ext. 6402,Neal Nacci dallasdispatch@scmllc.net,,1000,,,,,,,,1-Dec-25,4-Dec-25,31-Mar-26,,
148897,COTTON,OTR,EXPORT,"RIDGEWAY, VA","Garden City, GA",RIDGEWAY,Garden City,SCM,Stacy Ulriksen,912-443-4008 ext. 6402,Neal Nacci dallasdispatch@scmllc.net,,1000,,,,,,,,1-Dec-25,4-Dec-25,31-Mar-26,,
148896,COTTON,OTR,EXPORT,"TOWN CREEK, AL","Garden City, GA",TOWN CREEK,Garden City,SCM,Stacy Ulriksen,912-443-4008 ext. 6402,Neal Nacci dallasdispatch@scmllc.net,,1175,,,,,,,,1-Dec-25,4-Dec-25,31-Mar-26,,
148894,COTTON,OTR,EXPORT,"HUNTSVILLE, AL","Garden City, GA",HUNTSVILLE,Garden City,SCM,Stacy Ulriksen,912-443-4008 ext. 6402,Neal Nacci dallasdispatch@scmllc.net,,1025,,,,,,,,1-Dec-25,4-Dec-25,31-Mar-26,,
148895,COTTON,OTR,EXPORT,"LEIGHTON, AL","Garden City, GA",LEIGHTON,Garden City,SCM,Stacy Ulriksen,912-443-4008 ext. 6402,Neal Nacci dallasdispatch@scmllc.net,,1175,,,,,,,,1-Dec-25,4-Dec-25,31-Mar-26,,
148893,COTTON,OTR,EXPORT,"FLORENCE, AL","Garden City, GA",FLORENCE,Garden City,SCM,Stacy Ulriksen,912-443-4008 ext. 6402,Neal Nacci dallasdispatch@scmllc.net,,1175,,,,,,,,1-Dec-25,4-Dec-25,31-Mar-26,,
148892,COTTON,OTR,EXPORT,"TUSCALOOSA, AL","Garden City, GA",TUSCALOOSA,Garden City,SCM,Stacy Ulriksen,912-443-4008 ext. 6402,Neal Nacci dallasdispatch@scmllc.net,,1000,,,,,,,,1-Dec-25,4-Dec-25,31-Mar-26,,
148891,COTTON,OTR,EXPORT,"WALNUT HILL, FL","Garden City, GA",WALNUT HILL,Garden City,SCM,Stacy Ulriksen,912-443-4008 ext. 6402,Neal Nacci dallasdispatch@scmllc.net,,1000,,,,,,,,1-Dec-25,4-Dec-25,31-Mar-26,,
148890,COTTON,OTR,EXPORT,"MCCULLOUGH, AL","Garden City, GA",MCCULLOUGH,Garden City,SCM,Stacy Ulriksen,912-443-4008 ext. 6402,Neal Nacci dallasdispatch@scmllc.net,,1025,,,,,,,,1-Dec-25,4-Dec-25,31-Mar-26,,
148889,COTTON,OTR,EXPORT,"EMPORIA, VA","Garden City, GA",EMPORIA,Garden City,SCM,Stacy Ulriksen,912-443-4008 ext. 6402,Neal Nacci dallasdispatch@scmllc.net,,900,,,,,,,,1-Dec-25,4-Dec-25,31-Mar-26,,
148888,COTTON,OTR,EXPORT,"CENTRE, AL","Garden City, GA",CENTRE,Garden City,SCM,Stacy Ulriksen,912-443-4008 ext. 6402,Neal Nacci dallasdispatch@scmllc.net,,925,,,,,,,,1-Dec-25,4-Dec-25,31-Mar-26,,
148887,COTTON,OTR,EXPORT,"ABBEVILLE, AL","Garden City, GA",ABBEVILLE,Garden City,SCM,Stacy Ulriksen,912-443-4008 ext. 6402,Neal Nacci dallasdispatch@scmllc.net,,850,,,,100,40,150,,1-Dec-25,30-Mar-26,31-Mar-26,,
148886,COTTON,OTR,EXPORT,"WINSTON-SALEM, NC","Garden City, GA",WINSTON-SALEM,Garden City,SCM,Stacy Ulriksen,912-443-4008 ext. 6402,Neal Nacci dallasdispatch@scmllc.net,,875,,,,,,,,1-Dec-25,4-Dec-25,31-Mar-26,,
148885,COTTON,OTR,EXPORT,"Dothan, AL","Garden City, GA",Dothan,Garden City,SCM,Stacy Ulriksen,912-443-4008 ext. 6402,Neal Nacci dallasdispatch@scmllc.net,,850,,,,,,,,1-Dec-25,4-Dec-25,31-Mar-26,,
148884,COTTON,OTR,EXPORT,"URIAH, AL","Garden City, GA",URIAH,Garden City,SCM,Stacy Ulriksen,912-443-4008 ext. 6402,Neal Nacci dallasdispatch@scmllc.net,,1025,,,,,,,,1-Dec-25,4-Dec-25,31-Mar-26,,
148882,COTTON,OTR,EXPORT,"NEW MARKET, AL","Garden City, GA",NEW MARKET,Garden City,SCM,Stacy Ulriksen,912-443-4008 ext. 6402,Neal Nacci dallasdispatch@scmllc.net,,1025,,,,,,,,1-Dec-25,4-Dec-25,31-Mar-26,,
148883,COTTON,OTR,EXPORT,"TALLASSEE, AL","Garden City, GA",TALLASSEE,Garden City,SCM,Stacy Ulriksen,912-443-4008 ext. 6402,Neal Nacci dallasdispatch@scmllc.net,,900,,,,,,,,1-Dec-25,4-Dec-25,31-Mar-26,,
148881,COTTON,OTR,EXPORT,"SUFFOLK, VA","Garden City, GA",SUFFOLK,Garden City,SCM,Stacy Ulriksen,912-443-4008 ext. 6402,Neal Nacci dallasdispatch@scmllc.net,,1000,,,,,,,,1-Dec-25,4-Dec-25,31-Mar-26,,
148880,COTTON,OTR,EXPORT,"JAY, FL","Garden City, GA",JAY,Garden City,SCM,Stacy Ulriksen,912-443-4008 ext. 6402,Neal Nacci dallasdispatch@scmllc.net,,1000,,,,,,,,1-Dec-25,4-Dec-25,31-Mar-26,,
148879,COTTON,OTR,EXPORT,"Elm City, NC","Garden City, GA",Elm City,Garden City,SCM,Stacy Ulriksen,912-443-4008 ext. 6402,Neal Nacci dallasdispatch@scmllc.net,,850,,,,,,,,1-Dec-25,4-Dec-25,31-Mar-26,,
148878,COTTON,OTR,EXPORT,"SELMA, AL","Garden City, GA",SELMA,Garden City,SCM,Stacy Ulriksen,912-443-4008 ext. 6402,Neal Nacci dallasdispatch@scmllc.net,,1000,,,,,,,,1-Dec-25,4-Dec-25,31-Mar-26,,
148877,COTTON,OTR,EXPORT,"ANDALUSIA, AL","Garden City, GA",ANDALUSIA,Garden City,SCM,Stacy Ulriksen,912-443-4008 ext. 6402,Neal Nacci dallasdispatch@scmllc.net,,975,,,,,,,,1-Dec-25,4-Dec-25,31-Mar-26,,
148876,COTTON,OTR,EXPORT,"EDENTON, NC","Garden City, GA",EDENTON,Garden City,SCM,Stacy Ulriksen,912-443-4008 ext. 6402,Neal Nacci dallasdispatch@scmllc.net,,925,,,,,,,,1-Dec-25,4-Dec-25,31-Mar-26,,
148875,COTTON,OTR,EXPORT,"SCOTLAND NECK, NC","Garden City, GA",SCOTLAND NECK,Garden City,SCM,Stacy Ulriksen,912-443-4008 ext. 6402,Neal Nacci dallasdispatch@scmllc.net,,925,,,,,,,,1-Dec-25,4-Dec-25,31-Mar-26,,
148874,COTTON,OTR,EXPORT,"Lawrenceville, VA","Garden City, GA",Lawrenceville,Garden City,SCM,Stacy Ulriksen,912-443-4008 ext. 6402,Neal Nacci dallasdispatch@scmllc.net,,900,,,,,,,,1-Dec-25,4-Dec-25,31-Mar-26,,
148872,COTTON,OTR,EXPORT,"Hertford, NC","Garden City, GA",Hertford,Garden City,SCM,Stacy Ulriksen,912-443-4008 ext. 6402,Neal Nacci dallasdispatch@scmllc.net,,925,,,,,,,,1-Dec-25,4-Dec-25,31-Mar-26,,
148873,COTTON,OTR,EXPORT,"WELDON, NC","Garden City, GA",WELDON,Garden City,SCM,Stacy Ulriksen,912-443-4008 ext. 6402,Neal Nacci dallasdispatch@scmllc.net,,925,,,,,,,,1-Dec-25,4-Dec-25,31-Mar-26,,
148871,COTTON,OTR,EXPORT,"ROANOKE RAPIDS, NC","Garden City, GA",ROANOKE RAPIDS,Garden City,SCM,Stacy Ulriksen,912-443-4008 ext. 6402,Neal Nacci dallasdispatch@scmllc.net,,925,,,,,,,,1-Dec-25,4-Dec-25,31-Mar-26,,
148870,COTTON,OTR,EXPORT,"Gaston, NC","Garden City, GA",Gaston,Garden City,SCM,Stacy Ulriksen,912-443-4008 ext. 6402,Neal Nacci dallasdispatch@scmllc.net,,925,,,,,,,,1-Dec-25,4-Dec-25,31-Mar-26,,
148869,COTTON,OTR,EXPORT,"CRESWELL, NC","Garden City, GA",CRESWELL,Garden City,SCM,Stacy Ulriksen,912-443-4008 ext. 6402,Neal Nacci dallasdispatch@scmllc.net,,925,,,,,,,,1-Dec-25,4-Dec-25,31-Mar-26,,
148868,COTTON,OTR,EXPORT,"Montgomery, AL","Garden City, GA",Montgomery,Garden City,SCM,Stacy Ulriksen,912-443-4008 ext. 6402,Neal Nacci dallasdispatch@scmllc.net,,900,,,,,,,,1-Dec-25,4-Dec-25,31-Mar-26,,
148866,COTTON,OTR,EXPORT,"LUMBERTON, NC","Garden City, GA",LUMBERTON,Garden City,SCM,Stacy Ulriksen,912-443-4008 ext. 6402,Neal Nacci dallasdispatch@scmllc.net,,750,,,,,,,,1-Dec-25,4-Dec-25,31-Mar-26,,
148867,COTTON,OTR,EXPORT,"GATES, NC","Garden City, GA",GATES,Garden City,SCM,Stacy Ulriksen,912-443-4008 ext. 6402,Neal Nacci dallasdispatch@scmllc.net,,925,,,,,,,,1-Dec-25,4-Dec-25,31-Mar-26,,
148865,COTTON,OTR,EXPORT,"RAEFORD, NC","Garden City, GA",RAEFORD,Garden City,SCM,Stacy Ulriksen,912-443-4008 ext. 6402,Neal Nacci dallasdispatch@scmllc.net,,750,,,,,,,,1-Dec-25,4-Dec-25,31-Mar-26,,
148864,COTTON,OTR,EXPORT,"SEABOARD, NC","Garden City, GA",SEABOARD,Garden City,SCM,Stacy Ulriksen,912-443-4008 ext. 6402,Neal Nacci dallasdispatch@scmllc.net,,925,,,,,,,,1-Dec-25,4-Dec-25,31-Mar-26,,
148863,COTTON,OTR,EXPORT,"BATTLEBORO, NC","Garden City, GA",BATTLEBORO,Garden City,SCM,Stacy Ulriksen,912-443-4008 ext. 6402,Neal Nacci dallasdispatch@scmllc.net,,850,,,,,,,,1-Dec-25,4-Dec-25,31-Mar-26,,
148862,COTTON,OTR,EXPORT,"Hartford, AL","Garden City, GA",Hartford,Garden City,SCM,Stacy Ulriksen,912-443-4008 ext. 6402,Neal Nacci dallasdispatch@scmllc.net,,850,,,,,,,,1-Dec-25,4-Dec-25,31-Mar-26,,
148861,COTTON,OTR,EXPORT,"Jackson, NC","Garden City, GA",Jackson,Garden City,SCM,Stacy Ulriksen,912-443-4008 ext. 6402,Neal Nacci dallasdispatch@scmllc.net,,925,,,,,,,,1-Dec-25,4-Dec-25,31-Mar-26,,
148860,COTTON,OTR,EXPORT,"HEADLAND, AL","Garden City, GA",HEADLAND,Garden City,SCM,Stacy Ulriksen,912-443-4008 ext. 6402,Neal Nacci dallasdispatch@scmllc.net,,850,,,,,,,,1-Dec-25,4-Dec-25,31-Mar-26,,
148859,COTTON,OTR,EXPORT,"Williamston, NC","Garden City, GA",Williamston,Garden City,SCM,Stacy Ulriksen,912-443-4008 ext. 6402,Neal Nacci dallasdispatch@scmllc.net,,925,,,,,,,,1-Dec-25,4-Dec-25,31-Mar-26,,
148858,COTTON,OTR,EXPORT,"DILLON, SC","Garden City, GA",DILLON,Garden City,SCM,Stacy Ulriksen,912-443-4008 ext. 6402,Neal Nacci dallasdispatch@scmllc.net,,650,,,,,,,,1-Dec-25,4-Dec-25,31-Mar-26,,
148857,COTTON,OTR,EXPORT,"BENNETTSVILLE, SC","Garden City, GA",BENNETTSVILLE,Garden City,SCM,Stacy Ulriksen,912-443-4008 ext. 6402,Neal Nacci dallasdispatch@scmllc.net,,650,,,,,,,,1-Dec-25,4-Dec-25,31-Mar-26,,
148856,COTTON,OTR,EXPORT,"GATESVILLE, NC","Garden City, GA",GATESVILLE,Garden City,SCM,Stacy Ulriksen,912-443-4008 ext. 6402,Neal Nacci dallasdispatch@scmllc.net,,925,,,,,,,,1-Dec-25,4-Dec-25,31-Mar-26,,
148855,COTTON,OTR,EXPORT,"ECLECTIC, AL","Garden City, GA",ECLECTIC,Garden City,SCM,Stacy Ulriksen,912-443-4008 ext. 6402,Neal Nacci dallasdispatch@scmllc.net,,900,,,,,,,,1-Dec-25,4-Dec-25,31-Mar-26,,
148854,COTTON,OTR,EXPORT,"Sanford, NC","Garden City, GA",Sanford,Garden City,SCM,Stacy Ulriksen,912-443-4008 ext. 6402,Neal Nacci dallasdispatch@scmllc.net,,750,,,,,,,,1-Dec-25,4-Dec-25,31-Mar-26,,
148853,COTTON,OTR,EXPORT,"TYNER, NC","Garden City, GA",TYNER,Garden City,SCM,Stacy Ulriksen,912-443-4008 ext. 6402,Neal Nacci dallasdispatch@scmllc.net,,925,,,,,,,,1-Dec-25,4-Dec-25,31-Mar-26,,
148852,COTTON,OTR,EXPORT,"CAMERON, SC","Garden City, GA",CAMERON,Garden City,SCM,Stacy Ulriksen,912-443-4008 ext. 6402,Neal Nacci dallasdispatch@scmllc.net,,525,,,,,,,,1-Dec-25,4-Dec-25,31-Mar-26,,
148851,COTTON,OTR,EXPORT,"DEATSVILLE, AL","Garden City, GA",DEATSVILLE,Garden City,SCM,Stacy Ulriksen,912-443-4008 ext. 6402,Neal Nacci dallasdispatch@scmllc.net,,925,,,,,,,,1-Dec-25,4-Dec-25,31-Mar-26,,
148850,COTTON,OTR,EXPORT,"LOXLEY, AL","Garden City, GA",LOXLEY,Garden City,SCM,Stacy Ulriksen,912-443-4008 ext. 6402,Neal Nacci dallasdispatch@scmllc.net,,1050,,,,,,,,1-Dec-25,4-Dec-25,31-Mar-26,,
148849,COTTON,OTR,EXPORT,"CHARLOTTE, NC","Garden City, GA",CHARLOTTE,Garden City,SCM,Stacy Ulriksen,912-443-4008 ext. 6402,Neal Nacci dallasdispatch@scmllc.net,,725,,,,,,,,1-Dec-25,4-Dec-25,31-Mar-26,,
148848,COTTON,OTR,EXPORT,"ALLENDALE, SC","Garden City, GA",ALLENDALE,Garden City,SCM,Stacy Ulriksen,912-443-4008 ext. 6402,Neal Nacci dallasdispatch@scmllc.net,,475,,,,,,,,1-Dec-25,4-Dec-25,31-Mar-26,,
148847,COTTON,OTR,EXPORT,"GASTONIA, NC","Garden City, GA",GASTONIA,Garden City,SCM,Stacy Ulriksen,912-443-4008 ext. 6402,Neal Nacci dallasdispatch@scmllc.net,,725,,,,,,,,1-Dec-25,4-Dec-25,31-Mar-26,,
148846,COTTON,OTR,EXPORT,"LAURINBURG, NC","Garden City, GA",LAURINBURG,Garden City,SCM,Stacy Ulriksen,912-443-4008 ext. 6402,Neal Nacci dallasdispatch@scmllc.net,,725,,,,,,,,1-Dec-25,4-Dec-25,31-Mar-26,,
148845,COTTON,OTR,EXPORT,"NEW LONDON, NC","Garden City, GA",NEW LONDON,Garden City,SCM,Stacy Ulriksen,912-443-4008 ext. 6402,Neal Nacci dallasdispatch@scmllc.net,,750,,,,,,,,1-Dec-25,4-Dec-25,31-Mar-26,,
148844,COTTON,OTR,EXPORT,"ENFIELD, NC","Garden City, GA",ENFIELD,Garden City,SCM,Stacy Ulriksen,912-443-4008 ext. 6402,Neal Nacci dallasdispatch@scmllc.net,,850,,,,,,,,1-Dec-25,4-Dec-25,31-Mar-26,,
148843,COTTON,OTR,EXPORT,"LAUREL HILL, NC","Garden City, GA",LAUREL HILL,Garden City,SCM,Stacy Ulriksen,912-443-4008 ext. 6402,Neal Nacci dallasdispatch@scmllc.net,,725,,,,,,,,1-Dec-25,4-Dec-25,31-Mar-26,,
148842,COTTON,OTR,EXPORT,"Lynchburg, SC","Garden City, GA",Lynchburg,Garden City,SCM,Stacy Ulriksen,912-443-4008 ext. 6402,Neal Nacci dallasdispatch@scmllc.net,,625,,,,,,,,1-Dec-25,4-Dec-25,31-Mar-26,,
148840,COTTON,OTR,EXPORT,"ESTILL, SC","Garden City, GA",ESTILL,Garden City,SCM,Stacy Ulriksen,912-443-4008 ext. 6402,Neal Nacci dallasdispatch@scmllc.net,,450,,,,,,,,1-Dec-25,4-Dec-25,31-Mar-26,,
148841,COTTON,OTR,EXPORT,"MANNING, SC","Garden City, GA",MANNING,Garden City,SCM,Stacy Ulriksen,912-443-4008 ext. 6402,Neal Nacci dallasdispatch@scmllc.net,,550,,,,,,,,1-Dec-25,4-Dec-25,31-Mar-26,,
148839,COTTON,OTR,EXPORT,"WILSON, NC","Garden City, GA",WILSON,Garden City,SCM,Stacy Ulriksen,912-443-4008 ext. 6402,Neal Nacci dallasdispatch@scmllc.net,,775,,,,,,,,1-Dec-25,4-Dec-25,31-Mar-26,,
148838,COTTON,OTR,EXPORT,"CONWAY, NC","Garden City, GA",CONWAY,Garden City,SCM,Stacy Ulriksen,912-443-4008 ext. 6402,Neal Nacci dallasdispatch@scmllc.net,,925,,,,,,,,1-Dec-25,4-Dec-25,31-Mar-26,,
148837,COTTON,OTR,EXPORT,"TARBORO, NC","Garden City, GA",TARBORO,Garden City,SCM,Stacy Ulriksen,912-443-4008 ext. 6402,Neal Nacci dallasdispatch@scmllc.net,,850,,,,,,,,1-Dec-25,4-Dec-25,31-Mar-26,,
148836,COTTON,OTR,EXPORT,"BISHOPVILLE, SC","Garden City, GA",BISHOPVILLE,Garden City,SCM,Stacy Ulriksen,912-443-4008 ext. 6402,Neal Nacci dallasdispatch@scmllc.net,,625,,,,,,,,1-Dec-25,4-Dec-25,31-Mar-26,,
148834,COTTON,OTR,EXPORT,"SMITHFIELD, NC","Garden City, GA",SMITHFIELD,Garden City,SCM,Stacy Ulriksen,912-443-4008 ext. 6402,Neal Nacci dallasdispatch@scmllc.net,,750,,,,,,,,1-Dec-25,4-Dec-25,31-Mar-26,,
148835,COTTON,OTR,EXPORT,"Hobgood, NC","Garden City, GA",Hobgood,Garden City,SCM,Stacy Ulriksen,912-443-4008 ext. 6402,Neal Nacci dallasdispatch@scmllc.net,,875,,,,,,,,1-Dec-25,4-Dec-25,31-Mar-26,,
148833,COTTON,OTR,EXPORT,"Orangeburg, SC","Garden City, GA",Orangeburg,Garden City,SCM,Stacy Ulriksen,912-443-4008 ext. 6402,Neal Nacci dallasdispatch@scmllc.net,,525,,,,,,,,1-Dec-25,4-Dec-25,31-Mar-26,,
148832,COTTON,OTR,EXPORT,"ENTERPRISE, AL","Garden City, GA",ENTERPRISE,Garden City,SCM,Stacy Ulriksen,912-443-4008 ext. 6402,Neal Nacci dallasdispatch@scmllc.net,,850,,,,,,,,1-Dec-25,4-Dec-25,31-Mar-26,,
148831,COTTON,OTR,EXPORT,"DECATUR, AL","Garden City, GA",DECATUR,Garden City,SCM,Stacy Ulriksen,912-443-4008 ext. 6402,Neal Nacci dallasdispatch@scmllc.net,,1025,,,,,,,,1-Dec-25,4-Dec-25,31-Mar-26,,
148830,COTTON,OTR,EXPORT,"BELLE MINA, AL","Garden City, GA",BELLE MINA,Garden City,SCM,Stacy Ulriksen,912-443-4008 ext. 6402,Neal Nacci dallasdispatch@scmllc.net,,1025,,,,,,,,1-Dec-25,4-Dec-25,31-Mar-26,,
148828,COTTON,OTR,EXPORT,"PANTEGO, NC","Garden City, GA",PANTEGO,Garden City,SCM,Stacy Ulriksen,912-443-4008 ext. 6402,Neal Nacci dallasdispatch@scmllc.net,,925,,,,,,,,1-Dec-25,4-Dec-25,31-Mar-26,,
148829,COTTON,OTR,EXPORT,"ALBERTVILLE, AL","Garden City, GA",ALBERTVILLE,Garden City,SCM,Stacy Ulriksen,912-443-4008 ext. 6402,Neal Nacci dallasdispatch@scmllc.net,,925,,,,,,,,1-Dec-25,4-Dec-25,31-Mar-26,,
148827,COTTON,OTR,EXPORT,"Lake City, SC","Garden City, GA",Lake City,Garden City,SCM,Stacy Ulriksen,912-443-4008 ext. 6402,Neal Nacci dallasdispatch@scmllc.net,,625,,,,,,,,1-Dec-25,4-Dec-25,31-Mar-26,,
148826,COTTON,OTR,EXPORT,"THEODORE, AL","Garden City, GA",THEODORE,Garden City,SCM,Stacy Ulriksen,912-443-4008 ext. 6402,Neal Nacci dallasdispatch@scmllc.net,,1050,,,,,,,,1-Dec-25,4-Dec-25,31-Mar-26,,
148825,COTTON,OTR,EXPORT,"CLIO, SC","Garden City, GA",CLIO,Garden City,SCM,Stacy Ulriksen,912-443-4008 ext. 6402,Neal Nacci dallasdispatch@scmllc.net,,650,,,,,,,,1-Dec-25,4-Dec-25,31-Mar-26,,
148824,COTTON,OTR,EXPORT,"MURFREESBORO, NC","Garden City, GA",MURFREESBORO,Garden City,SCM,Stacy Ulriksen,912-443-4008 ext. 6402,Neal Nacci dallasdispatch@scmllc.net,,925,,,,,,,,1-Dec-25,4-Dec-25,31-Mar-26,,
148823,COTTON,OTR,EXPORT,"SHELBY, NC","Garden City, GA",SHELBY,Garden City,SCM,Stacy Ulriksen,912-443-4008 ext. 6402,Neal Nacci dallasdispatch@scmllc.net,,750,,,,,,,,1-Dec-25,4-Dec-25,31-Mar-26,,
148822,COTTON,OTR,EXPORT,"ST. MATTHEWS, SC","Garden City, GA",ST. MATTHEWS,Garden City,SCM,Stacy Ulriksen,912-443-4008 ext. 6402,Neal Nacci dallasdispatch@scmllc.net,,525,,,,,,,,1-Dec-25,4-Dec-25,31-Mar-26,,
148821,COTTON,OTR,EXPORT,"NORTH, SC","Garden City, GA",NORTH,Garden City,SCM,Stacy Ulriksen,912-443-4008 ext. 6402,Neal Nacci dallasdispatch@scmllc.net,,525,,,,,,,,1-Dec-25,4-Dec-25,31-Mar-26,,
148820,COTTON,OTR,EXPORT,"GOLDSBORO, NC","Garden City, GA",GOLDSBORO,Garden City,SCM,Stacy Ulriksen,912-443-4008 ext. 6402,Neal Nacci dallasdispatch@scmllc.net,,775,,,,,,,,1-Dec-25,4-Dec-25,31-Mar-26,,
148819,COTTON,OTR,EXPORT,"FAYETTEVILLE, NC","Garden City, GA",FAYETTEVILLE,Garden City,SCM,Stacy Ulriksen,912-443-4008 ext. 6402,Neal Nacci dallasdispatch@scmllc.net,,750,,,,,,,,1-Dec-25,4-Dec-25,31-Mar-26,,
148818,COTTON,OTR,EXPORT,"SWEET WATER, AL","Garden City, GA",SWEET WATER,Garden City,SCM,Stacy Ulriksen,912-443-4008 ext. 6402,Neal Nacci dallasdispatch@scmllc.net,,1000,,,,,,,,1-Dec-25,4-Dec-25,31-Mar-26,,
148817,COTTON,OTR,EXPORT,"HILLSBORO, AL","Garden City, GA",HILLSBORO,Garden City,SCM,Stacy Ulriksen,912-443-4008 ext. 6402,Neal Nacci dallasdispatch@scmllc.net,,1025,,,,,,,,1-Dec-25,4-Dec-25,31-Mar-26,,
148816,COTTON,OTR,EXPORT,"COURTLAND, AL","Garden City, GA",COURTLAND,Garden City,SCM,Stacy Ulriksen,912-443-4008 ext. 6402,Neal Nacci dallasdispatch@scmllc.net,,1025,,,,,,,,1-Dec-25,4-Dec-25,31-Mar-26,,
148814,COTTON,OTR,EXPORT,"DUNN, NC","Garden City, GA",DUNN,Garden City,SCM,Stacy Ulriksen,912-443-4008 ext. 6402,Neal Nacci dallasdispatch@scmllc.net,,750,,,,,,,,1-Dec-25,4-Dec-25,31-Mar-26,,
148815,COTTON,OTR,EXPORT,"Athens, AL","Garden City, GA",Athens,Garden City,SCM,Stacy Ulriksen,912-443-4008 ext. 6402,Neal Nacci dallasdispatch@scmllc.net,,1025,,,,,,,,1-Dec-25,4-Dec-25,31-Mar-26,,
148813,COTTON,OTR,EXPORT,"LUVERNE, AL","Garden City, GA",LUVERNE,Garden City,SCM,Stacy Ulriksen,912-443-4008 ext. 6402,Neal Nacci dallasdispatch@scmllc.net,,925,,,,,,,,1-Dec-25,4-Dec-25,31-Mar-26,,
148812,COTTON,OTR,EXPORT,"DARLINGTON, SC","Garden City, GA",DARLINGTON,Garden City,SCM,Stacy Ulriksen,912-443-4008 ext. 6402,Neal Nacci dallasdispatch@scmllc.net,,625,,,,,,,,1-Dec-25,4-Dec-25,31-Mar-26,,
148811,COTTON,OTR,EXPORT,"HARTSVILLE, SC","Garden City, GA",HARTSVILLE,Garden City,SCM,Stacy Ulriksen,912-443-4008 ext. 6402,Neal Nacci dallasdispatch@scmllc.net,,625,,,,,,,,1-Dec-25,4-Dec-25,31-Mar-26,,
148810,COTTON,OTR,EXPORT,"MINTURN, SC","Garden City, GA",MINTURN,Garden City,SCM,Stacy Ulriksen,912-443-4008 ext. 6402,Neal Nacci dallasdispatch@scmllc.net,,650,,,,,,,,1-Dec-25,4-Dec-25,31-Mar-26,,
148809,COTTON,OTR,EXPORT,"NEWTON GROVE, NC","Garden City, GA",NEWTON GROVE,Garden City,SCM,Stacy Ulriksen,912-443-4008 ext. 6402,Neal Nacci dallasdispatch@scmllc.net,,750,,,,,,,,1-Dec-25,4-Dec-25,31-Mar-26,,
148808,COTTON,OTR,EXPORT,"EVERETTS, NC","Garden City, GA",EVERETTS,Garden City,SCM,Stacy Ulriksen,912-443-4008 ext. 6402,Neal Nacci dallasdispatch@scmllc.net,,850,,,,,,,,1-Dec-25,4-Dec-25,31-Mar-26,,
148807,COTTON,OTR,EXPORT,"BETHEL, NC","Garden City, GA",BETHEL,Garden City,SCM,Stacy Ulriksen,912-443-4008 ext. 6402,Neal Nacci dallasdispatch@scmllc.net,,825,,,,,,,,1-Dec-25,4-Dec-25,31-Mar-26,,
148806,COTTON,OTR,EXPORT,"PENNINGTON, AL","Garden City, GA",PENNINGTON,Garden City,SCM,Stacy Ulriksen,912-443-4008 ext. 6402,Neal Nacci dallasdispatch@scmllc.net,,1050,,,,,,,,1-Dec-25,4-Dec-25,31-Mar-26,,
148805,COTTON,OTR,EXPORT,"CHOCOWINITY, NC","Garden City, GA",CHOCOWINITY,Garden City,SCM,Stacy Ulriksen,912-443-4008 ext. 6402,Neal Nacci dallasdispatch@scmllc.net,,825,,,,,,,,1-Dec-25,4-Dec-25,31-Mar-26,,
148804,COTTON,OTR,EXPORT,"ELLOREE, SC","Garden City, GA",ELLOREE,Garden City,SCM,Stacy Ulriksen,912-443-4008 ext. 6402,Neal Nacci dallasdispatch@scmllc.net,,525,,,,,,,,1-Dec-25,4-Dec-25,31-Mar-26,,
148802,COTTON,OTR,EXPORT,"TRENTON, NC","Garden City, GA",TRENTON,Garden City,SCM,Stacy Ulriksen,912-443-4008 ext. 6402,Neal Nacci dallasdispatch@scmllc.net,,825,,,,,,,,1-Dec-25,4-Dec-25,31-Mar-26,,
148803,COTTON,OTR,EXPORT,"SPARTANBURG, SC","Garden City, GA",SPARTANBURG,Garden City,SCM,Stacy Ulriksen,912-443-4008 ext. 6402,Neal Nacci dallasdispatch@scmllc.net,,650,,,,,,,,1-Dec-25,4-Dec-25,31-Mar-26,,
148801,COTTON,OTR,EXPORT,"Taylors, SC","Garden City, GA",Taylors,Garden City,SCM,Stacy Ulriksen,912-443-4008 ext. 6402,Neal Nacci dallasdispatch@scmllc.net,,650,,,,,,,,1-Dec-25,4-Dec-25,31-Mar-26,,
148800,COTTON,OTR,EXPORT,"Snow Hill, NC","Garden City, GA",Snow Hill,Garden City,SCM,Stacy Ulriksen,912-443-4008 ext. 6402,Neal Nacci dallasdispatch@scmllc.net,,825,,,,,,,,1-Dec-25,4-Dec-25,31-Mar-26,,
148799,COTTON,OTR,EXPORT,"La Grange, NC","Garden City, GA",La Grange,Garden City,SCM,Stacy Ulriksen,912-443-4008 ext. 6402,Neal Nacci dallasdispatch@scmllc.net,,775,,,,,,,,1-Dec-25,4-Dec-25,31-Mar-26,,
148798,COTTON,OTR,EXPORT,"Kinston, NC","Garden City, GA",Kinston,Garden City,SCM,Stacy Ulriksen,912-443-4008 ext. 6402,Neal Nacci dallasdispatch@scmllc.net,,775,,,,,,,,1-Dec-25,4-Dec-25,31-Mar-26,,
148796,COTTON,OTR,EXPORT,"GREENVILLE, SC","Garden City, GA",GREENVILLE,Garden City,SCM,Stacy Ulriksen,912-443-4008 ext. 6402,Neal Nacci dallasdispatch@scmllc.net,,650,,,,,,,,1-Dec-25,4-Dec-25,31-Mar-26,,
148797,COTTON,OTR,EXPORT,"GREER, SC","Garden City, GA",GREER,Garden City,SCM,Stacy Ulriksen,912-443-4008 ext. 6402,Neal Nacci dallasdispatch@scmllc.net,,650,,,,,,,,1-Dec-25,4-Dec-25,31-Mar-26,,
148795,COTTON,OTR,EXPORT,"AYDEN, NC","Garden City, GA",AYDEN,Garden City,SCM,Stacy Ulriksen,912-443-4008 ext. 6402,Neal Nacci dallasdispatch@scmllc.net,,825,,,,,,,,1-Dec-25,4-Dec-25,31-Mar-26,,
148794,COTTON,OTR,EXPORT,"TAYLORSVILLE, GA","Garden City, GA",TAYLORSVILLE,Garden City,SCM,Stacy Ulriksen,912-443-4008 ext. 6402,Neal Nacci dallasdispatch@scmllc.net,,750,,,,,,,,1-Dec-25,4-Dec-25,31-Mar-26,,
148793,COTTON,OTR,EXPORT,"SHELLMAN, GA","Garden City, GA",SHELLMAN,Garden City,SCM,Stacy Ulriksen,912-443-4008 ext. 6402,Neal Nacci dallasdispatch@scmllc.net,,725,,,,,,,,1-Dec-25,4-Dec-25,31-Mar-26,,
148792,COTTON,OTR,EXPORT,"BAINBRIDGE, GA","Garden City, GA",BAINBRIDGE,Garden City,SCM,Stacy Ulriksen,912-443-4008 ext. 6402,Neal Nacci dallasdispatch@scmllc.net,,725,,,,,,,,1-Dec-25,4-Dec-25,31-Mar-26,,
148791,COTTON,OTR,EXPORT,"DONALSONVILLE, GA","Garden City, GA",DONALSONVILLE,Garden City,SCM,Stacy Ulriksen,912-443-4008 ext. 6402,Neal Nacci dallasdispatch@scmllc.net,,725,,,,,,,,1-Dec-25,4-Dec-25,31-Mar-26,,
148790,COTTON,OTR,EXPORT,"Cuthbert, GA","Garden City, GA",Cuthbert,Garden City,SCM,Stacy Ulriksen,912-443-4008 ext. 6402,Neal Nacci dallasdispatch@scmllc.net,,725,,,,,,,,1-Dec-25,4-Dec-25,31-Mar-26,,
148789,COTTON,OTR,EXPORT,"BLAKELY, GA","Garden City, GA",BLAKELY,Garden City,SCM,Stacy Ulriksen,912-443-4008 ext. 6402,Neal Nacci dallasdispatch@scmllc.net,,725,,,,,,,,1-Dec-25,4-Dec-25,31-Mar-26,,
148788,COTTON,OTR,EXPORT,"ARLINGTON, GA","Garden City, GA",ARLINGTON,Garden City,SCM,Stacy Ulriksen,912-443-4008 ext. 6402,Neal Nacci dallasdispatch@scmllc.net,,725,,,,,,,,1-Dec-25,4-Dec-25,31-Mar-26,,
148787,COTTON,OTR,EXPORT,"Colquitt, GA","Garden City, GA",Colquitt,Garden City,SCM,Stacy Ulriksen,912-443-4008 ext. 6402,Neal Nacci dallasdispatch@scmllc.net,,725,,,,,,,,1-Dec-25,4-Dec-25,31-Mar-26,,
148786,COTTON,OTR,EXPORT,"CLIMAX, GA","Garden City, GA",CLIMAX,Garden City,SCM,Stacy Ulriksen,912-443-4008 ext. 6402,Neal Nacci dallasdispatch@scmllc.net,,700,,,,,,,,1-Dec-25,4-Dec-25,31-Mar-26,,
148784,COTTON,OTR,EXPORT,"Buena Vista, GA","Garden City, GA",Buena Vista,Garden City,SCM,Stacy Ulriksen,912-443-4008 ext. 6402,Neal Nacci dallasdispatch@scmllc.net,,650,,,,,,,,1-Dec-25,4-Dec-25,31-Mar-26,,
148785,COTTON,OTR,EXPORT,"MORROW, GA","Garden City, GA",MORROW,Garden City,SCM,Stacy Ulriksen,912-443-4008 ext. 6402,Neal Nacci dallasdispatch@scmllc.net,,675,,,,,,,,1-Dec-25,4-Dec-25,31-Mar-26,,
148782,COTTON,OTR,EXPORT,"DESOTO, GA","Garden City, GA",DESOTO,Garden City,SCM,Stacy Ulriksen,912-443-4008 ext. 6402,Neal Nacci dallasdispatch@scmllc.net,,625,,,,,,,,1-Dec-25,4-Dec-25,31-Mar-26,,
148783,COTTON,OTR,EXPORT,"LESLIE, GA","Garden City, GA",LESLIE,Garden City,SCM,Stacy Ulriksen,912-443-4008 ext. 6402,Neal Nacci dallasdispatch@scmllc.net,,625,,,,,,,,1-Dec-25,4-Dec-25,31-Mar-26,,
148781,COTTON,OTR,EXPORT,"CAMILLA, GA","Garden City, GA",CAMILLA,Garden City,SCM,Stacy Ulriksen,912-443-4008 ext. 6402,Neal Nacci dallasdispatch@scmllc.net,,625,,,,,,,,1-Dec-25,4-Dec-25,31-Mar-26,,
148780,COTTON,OTR,EXPORT,"BRONWOOD, GA","Garden City, GA",BRONWOOD,Garden City,SCM,Stacy Ulriksen,912-443-4008 ext. 6402,Neal Nacci dallasdispatch@scmllc.net,,625,,,,,,,,1-Dec-25,4-Dec-25,31-Mar-26,,
148779,COTTON,OTR,EXPORT,"BOSTON, GA","Garden City, GA",BOSTON,Garden City,SCM,Stacy Ulriksen,912-443-4008 ext. 6402,Neal Nacci dallasdispatch@scmllc.net,,625,,,,,,,,1-Dec-25,4-Dec-25,31-Mar-26,,
148778,COTTON,OTR,EXPORT,"SYLVESTER, GA","Garden City, GA",SYLVESTER,Garden City,SCM,Stacy Ulriksen,912-443-4008 ext. 6402,Neal Nacci dallasdispatch@scmllc.net,,615,,,,,,,,1-Dec-25,4-Dec-25,31-Mar-26,,
148777,COTTON,OTR,EXPORT,"MOULTRIE, GA","Garden City, GA",MOULTRIE,Garden City,SCM,Stacy Ulriksen,912-443-4008 ext. 6402,Neal Nacci dallasdispatch@scmllc.net,,615,,,,,,,,1-Dec-25,4-Dec-25,31-Mar-26,,
148776,COTTON,OTR,EXPORT,"AMERICUS, GA","Garden City, GA",AMERICUS,Garden City,SCM,Stacy Ulriksen,912-443-4008 ext. 6402,Neal Nacci dallasdispatch@scmllc.net,,610,,,,,,,,1-Dec-25,4-Dec-25,31-Mar-26,,
148774,COTTON,OTR,EXPORT,"Vienna, GA","Garden City, GA",Vienna,Garden City,SCM,Stacy Ulriksen,912-443-4008 ext. 6402,Neal Nacci dallasdispatch@scmllc.net,,600,,,,,,,,1-Dec-25,4-Dec-25,31-Mar-26,,
148775,COTTON,OTR,EXPORT,"COCHRAN, GA","Garden City, GA",COCHRAN,Garden City,SCM,Stacy Ulriksen,912-443-4008 ext. 6402,Neal Nacci dallasdispatch@scmllc.net,,600,,,,,,,,1-Dec-25,4-Dec-25,31-Mar-26,,
148773,COTTON,OTR,EXPORT,"Pinehurst, GA","Garden City, GA",Pinehurst,Garden City,SCM,Stacy Ulriksen,912-443-4008 ext. 6402,Neal Nacci dallasdispatch@scmllc.net,,600,,,,,,,,1-Dec-25,4-Dec-25,31-Mar-26,,
148772,COTTON,OTR,EXPORT,"CORDELE, GA","Garden City, GA",CORDELE,Garden City,SCM,Stacy Ulriksen,912-443-4008 ext. 6402,Neal Nacci dallasdispatch@scmllc.net,,600,,,,,,,,1-Dec-25,4-Dec-25,31-Mar-26,,
148771,COTTON,OTR,EXPORT,"UNADILLA, GA","Garden City, GA",UNADILLA,Garden City,SCM,Stacy Ulriksen,912-443-4008 ext. 6402,Neal Nacci dallasdispatch@scmllc.net,,600,,,,,,,,1-Dec-25,4-Dec-25,31-Mar-26,,
148770,COTTON,OTR,EXPORT,"SYCAMORE, GA","Garden City, GA",SYCAMORE,Garden City,SCM,Stacy Ulriksen,912-443-4008 ext. 6402,Neal Nacci dallasdispatch@scmllc.net,,600,,,,,,,,1-Dec-25,4-Dec-25,31-Mar-26,,
148769,COTTON,OTR,EXPORT,"OMEGA, GA","Garden City, GA",OMEGA,Garden City,SCM,Stacy Ulriksen,912-443-4008 ext. 6402,Neal Nacci dallasdispatch@scmllc.net,,600,,,,,,,,1-Dec-25,4-Dec-25,31-Mar-26,,
148768,COTTON,OTR,EXPORT,"NORMAN PARK, GA","Garden City, GA",NORMAN PARK,Garden City,SCM,Stacy Ulriksen,912-443-4008 ext. 6402,Neal Nacci dallasdispatch@scmllc.net,,600,,,,,,,,1-Dec-25,4-Dec-25,31-Mar-26,,
148766,COTTON,OTR,EXPORT,"MEIGS, GA","Garden City, GA",MEIGS,Garden City,SCM,Stacy Ulriksen,912-443-4008 ext. 6402,Neal Nacci dallasdispatch@scmllc.net,,600,,,,,,,,1-Dec-25,4-Dec-25,31-Mar-26,,
148767,COTTON,OTR,EXPORT,"PELHAM, GA","Garden City, GA",PELHAM,Garden City,SCM,Stacy Ulriksen,912-443-4008 ext. 6402,Neal Nacci dallasdispatch@scmllc.net,,600,,,,,,,,1-Dec-25,4-Dec-25,31-Mar-26,,
148765,COTTON,OTR,EXPORT,"DOERUN, GA","Garden City, GA",DOERUN,Garden City,SCM,Stacy Ulriksen,912-443-4008 ext. 6402,Neal Nacci dallasdispatch@scmllc.net,,600,,,,,,,,1-Dec-25,4-Dec-25,31-Mar-26,,
148764,COTTON,OTR,EXPORT,"ALBANY, GA","Garden City, GA",ALBANY,Garden City,SCM,Stacy Ulriksen,912-443-4008 ext. 6402,Neal Nacci dallasdispatch@scmllc.net,,600,,,,,,,,1-Dec-25,4-Dec-25,31-Mar-26,,
148763,COTTON,OTR,EXPORT,"BYROMVILLE, GA","Garden City, GA",BYROMVILLE,Garden City,SCM,Stacy Ulriksen,912-443-4008 ext. 6402,Neal Nacci dallasdispatch@scmllc.net,,586,,,,,,,,1-Dec-25,4-Dec-25,31-Mar-26,,
148762,COTTON,OTR,EXPORT,"Madison, GA","Garden City, GA",Madison,Garden City,SCM,Stacy Ulriksen,912-443-4008 ext. 6402,Neal Nacci dallasdispatch@scmllc.net,,575,,,,,,,,1-Dec-25,4-Dec-25,31-Mar-26,,
148761,COTTON,OTR,EXPORT,"Tifton, GA","Garden City, GA",Tifton,Garden City,SCM,Stacy Ulriksen,912-443-4008 ext. 6402,Neal Nacci dallasdispatch@scmllc.net,,575,,,,,,,,1-Dec-25,4-Dec-25,31-Mar-26,,
148759,COTTON,OTR,EXPORT,"Lenox, GA","Garden City, GA",Lenox,Garden City,SCM,Stacy Ulriksen,912-443-4008 ext. 6402,Neal Nacci dallasdispatch@scmllc.net,,575,,,,,,,,1-Dec-25,4-Dec-25,31-Mar-26,,
148760,COTTON,OTR,EXPORT,"REYNOLDS, GA","Garden City, GA",REYNOLDS,Garden City,SCM,Stacy Ulriksen,912-443-4008 ext. 6402,Neal Nacci dallasdispatch@scmllc.net,,575,,,,,,,,1-Dec-25,4-Dec-25,31-Mar-26,,
148758,COTTON,OTR,EXPORT,"HAWKINSVILLE, GA","Garden City, GA",HAWKINSVILLE,Garden City,SCM,Stacy Ulriksen,912-443-4008 ext. 6402,Neal Nacci dallasdispatch@scmllc.net,,570,,,,,,,,1-Dec-25,4-Dec-25,31-Mar-26,,
148757,COTTON,OTR,EXPORT,"PITTS, GA","Garden City, GA",PITTS,Garden City,SCM,Stacy Ulriksen,912-443-4008 ext. 6402,Neal Nacci dallasdispatch@scmllc.net,,565,,,,,,,,1-Dec-25,4-Dec-25,31-Mar-26,,
148756,COTTON,OTR,EXPORT,"VALDOSTA, GA","Garden City, GA",VALDOSTA,Garden City,SCM,Stacy Ulriksen,912-443-4008 ext. 6402,Neal Nacci dallasdispatch@scmllc.net,,565,,,,,,,,1-Dec-25,4-Dec-25,31-Mar-26,,
148755,COTTON,OTR,EXPORT,"NASHVILLE, GA","Garden City, GA",NASHVILLE,Garden City,SCM,Stacy Ulriksen,912-443-4008 ext. 6402,Neal Nacci dallasdispatch@scmllc.net,,560,,,,,,,,1-Dec-25,4-Dec-25,31-Mar-26,,
148753,COTTON,OTR,EXPORT,"ENIGMA, GA","Garden City, GA",ENIGMA,Garden City,SCM,Stacy Ulriksen,912-443-4008 ext. 6402,Neal Nacci dallasdispatch@scmllc.net,,549,,,,,,,,1-Dec-25,4-Dec-25,31-Mar-26,,
148754,COTTON,OTR,EXPORT,"OCILLA, GA","Garden City, GA",OCILLA,Garden City,SCM,Stacy Ulriksen,912-443-4008 ext. 6402,Neal Nacci dallasdispatch@scmllc.net,,549,,,,,,,,1-Dec-25,4-Dec-25,31-Mar-26,,
148752,COTTON,OTR,EXPORT,"EASTMAN, GA","Garden City, GA",EASTMAN,Garden City,SCM,Stacy Ulriksen,912-443-4008 ext. 6402,Neal Nacci dallasdispatch@scmllc.net,,530,,,,,,,,1-Dec-25,4-Dec-25,31-Mar-26,,
148751,COTTON,OTR,EXPORT,"AUGUSTA, GA","Garden City, GA",AUGUSTA,Garden City,SCM,Stacy Ulriksen,912-443-4008 ext. 6402,Neal Nacci dallasdispatch@scmllc.net,,525,,,,,,,,1-Dec-25,4-Dec-25,31-Mar-26,,
148749,COTTON,OTR,EXPORT,"DOUGLAS, GA","Garden City, GA",DOUGLAS,Garden City,SCM,Stacy Ulriksen,912-443-4008 ext. 6402,Neal Nacci dallasdispatch@scmllc.net,,515,,,,,,,,1-Dec-25,4-Dec-25,31-Mar-26,,
148750,COTTON,OTR,EXPORT,"DEXTER, GA","Garden City, GA",DEXTER,Garden City,SCM,Stacy Ulriksen,912-443-4008 ext. 6402,Neal Nacci dallasdispatch@scmllc.net,,525,,,,,,,,1-Dec-25,4-Dec-25,31-Mar-26,,
148748,COTTON,OTR,EXPORT,"DUBLIN, GA","Garden City, GA",DUBLIN,Garden City,SCM,Stacy Ulriksen,912-443-4008 ext. 6402,Neal Nacci dallasdispatch@scmllc.net,,500,,,,,,,,1-Dec-25,4-Dec-25,31-Mar-26,,
148747,COTTON,OTR,EXPORT,"WAYNESBORO, GA","Garden City, GA",WAYNESBORO,Garden City,SCM,Stacy Ulriksen,912-443-4008 ext. 6402,Neal Nacci dallasdispatch@scmllc.net,,475,,,,,,,,1-Dec-25,4-Dec-25,31-Mar-26,,
148746,COTTON,OTR,EXPORT,"HAZLEHURST, GA","Garden City, GA",HAZLEHURST,Garden City,SCM,Stacy Ulriksen,912-443-4008 ext. 6402,Neal Nacci dallasdispatch@scmllc.net,,475,,,,,,,,1-Dec-25,4-Dec-25,31-Mar-26,,
148745,COTTON,OTR,EXPORT,"BARTOW, GA","Garden City, GA",BARTOW,Garden City,SCM,Stacy Ulriksen,912-443-4008 ext. 6402,Neal Nacci dallasdispatch@scmllc.net,,450,,,,,,,,1-Dec-25,4-Dec-25,31-Mar-26,,
148744,COTTON,OTR,EXPORT,"WADLEY, GA","Garden City, GA",WADLEY,Garden City,SCM,Stacy Ulriksen,912-443-4008 ext. 6402,Neal Nacci dallasdispatch@scmllc.net,,450,,,,,,,,1-Dec-25,4-Dec-25,31-Mar-26,,
148743,COTTON,OTR,EXPORT,"Millen, GA","Garden City, GA",Millen,Garden City,SCM,Stacy Ulriksen,912-443-4008 ext. 6402,Neal Nacci dallasdispatch@scmllc.net,,425,,,,,,,,1-Dec-25,4-Dec-25,31-Mar-26,,
148742,COTTON,OTR,EXPORT,"Baxley, GA","Garden City, GA",Baxley,Garden City,SCM,Stacy Ulriksen,912-443-4008 ext. 6402,Neal Nacci dallasdispatch@scmllc.net,,425,,,,,,,,1-Dec-25,4-Dec-25,31-Mar-26,,
148741,COTTON,OTR,EXPORT,"SYLVANIA, GA","Garden City, GA",SYLVANIA,Garden City,SCM,Stacy Ulriksen,912-443-4008 ext. 6402,Neal Nacci dallasdispatch@scmllc.net,,400,,,,,,,,1-Dec-25,4-Dec-25,31-Mar-26,,
148740,COTTON,OTR,EXPORT,"SURRENCY, GA","Garden City, GA",SURRENCY,Garden City,SCM,Stacy Ulriksen,912-443-4008 ext. 6402,Neal Nacci dallasdispatch@scmllc.net,,400,,,,,,,,1-Dec-25,4-Dec-25,31-Mar-26,,
148739,COTTON,OTR,EXPORT,"MIDVILLE, GA","Garden City, GA",MIDVILLE,Garden City,SCM,Stacy Ulriksen,912-443-4008 ext. 6402,Neal Nacci dallasdispatch@scmllc.net,,400,,,,,,,,1-Dec-25,4-Dec-25,31-Mar-26,,
148738,COTTON,OTR,EXPORT,"METTER, GA","Garden City, GA",METTER,Garden City,SCM,Stacy Ulriksen,912-443-4008 ext. 6402,Neal Nacci dallasdispatch@scmllc.net,,384,,,,,,,,1-Dec-25,4-Dec-25,31-Mar-26,,
148737,COTTON,OTR,EXPORT,"Statesboro, GA","Garden City, GA",Statesboro,Garden City,SCM,Stacy Ulriksen,912-443-4008 ext. 6402,Neal Nacci dallasdispatch@scmllc.net,,350,,,,,,,,1-Dec-25,4-Dec-25,31-Mar-26,,
148736,COTTON,OTR,EXPORT,"North Statesboro, GA","Garden City, GA",North Statesboro,Garden City,SCM,Stacy Ulriksen,912-443-4008 ext. 6402,Neal Nacci dallasdispatch@scmllc.net,,350,,,,,,,,1-Dec-25,4-Dec-25,31-Mar-26,,
148735,COTTON,OTR,EXPORT,"BROOKLET, GA","Garden City, GA",BROOKLET,Garden City,SCM,Stacy Ulriksen,912-443-4008 ext. 6402,Neal Nacci dallasdispatch@scmllc.net,,350,,,,,,,,1-Dec-25,4-Dec-25,31-Mar-26,,
148734,COTTON,OTR,EXPORT,"Rincon, GA","Garden City, GA",Rincon,Garden City,SCM,Stacy Ulriksen,912-443-4008 ext. 6402,Neal Nacci dallasdispatch@scmllc.net,,315,,,,,,,,1-Dec-25,4-Dec-25,31-Mar-26,,
148733,COTTON,OTR,EXPORT,"SAVANNAH, GA","Garden City, GA",SAVANNAH,Garden City,SCM,Stacy Ulriksen,912-443-4008 ext. 6402,Neal Nacci dallasdispatch@scmllc.net,,300,,,,,,,,1-Dec-25,4-Dec-25,31-Mar-26,,
148732,COTTON,OTR,EXPORT,"Port Wentworth, GA","Garden City, GA",Port Wentworth,Garden City,SCM,Stacy Ulriksen,912-443-4008 ext. 6402,Neal Nacci dallasdispatch@scmllc.net,,300,,,,,,,,1-Dec-25,4-Dec-25,31-Mar-26,,
148731,COTTON,OTR,EXPORT,"Garden City, GA","Garden City, GA",Garden City,Garden City,SCM,Stacy Ulriksen,912-443-4008 ext. 6402,Neal Nacci dallasdispatch@scmllc.net,,300,,,,,,,,1-Dec-25,4-Dec-25,31-Mar-26,,
148729,COTTON,OTR,EXPORT,"SEBASTIAN, TX","Dallas, TX",SEBASTIAN,Dallas,SCM,Stacy Ulriksen,912-443-4008 ext. 6402,Neal Nacci dallasdispatch@scmllc.net,,1063,,,,,,,,1-Dec-25,4-Dec-25,31-Mar-26,,
148730,COTTON,OTR,EXPORT,"Weslaco, TX","Dallas, TX",Weslaco,Dallas,SCM,Stacy Ulriksen,912-443-4008 ext. 6402,Neal Nacci dallasdispatch@scmllc.net,,1065,,,,,,,,1-Dec-25,4-Dec-25,31-Mar-26,,
148728,COTTON,OTR,EXPORT,"TORNILLO, TX","Dallas, TX",TORNILLO,Dallas,SCM,Stacy Ulriksen,912-443-4008 ext. 6402,Neal Nacci dallasdispatch@scmllc.net,,989,,,,,,,,1-Dec-25,4-Dec-25,31-Mar-26,,
148726,COTTON,OTR,EXPORT,"LIBERAL, KS","Dallas, TX",LIBERAL,Dallas,SCM,Stacy Ulriksen,912-443-4008 ext. 6402,Neal Nacci dallasdispatch@scmllc.net,,916,,,,,,,,1-Dec-25,4-Dec-25,31-Mar-26,,
148727,COTTON,OTR,EXPORT,"FABENS, TX","Dallas, TX",FABENS,Dallas,SCM,Stacy Ulriksen,912-443-4008 ext. 6402,Neal Nacci dallasdispatch@scmllc.net,,989,,,,,,,,1-Dec-25,4-Dec-25,31-Mar-26,,
148725,COTTON,OTR,EXPORT,"Laredo, TX","Dallas, TX",Laredo,Dallas,SCM,Stacy Ulriksen,912-443-4008 ext. 6402,Neal Nacci dallasdispatch@scmllc.net,,915,,,,,,,,1-Dec-25,4-Dec-25,31-Mar-26,,
148724,COTTON,OTR,EXPORT,"PECOS, TX","Dallas, TX",PECOS,Dallas,SCM,Stacy Ulriksen,912-443-4008 ext. 6402,Neal Nacci dallasdispatch@scmllc.net,,867,,,,,,,,1-Dec-25,4-Dec-25,31-Mar-26,,
148722,COTTON,OTR,EXPORT,"PORTLAND, TX","Dallas, TX",PORTLAND,Dallas,SCM,Stacy Ulriksen,912-443-4008 ext. 6402,Neal Nacci dallasdispatch@scmllc.net,,835,,,,,,,,1-Dec-25,4-Dec-25,31-Mar-26,,
148723,COTTON,OTR,EXPORT,"Clearwater, KS","Dallas, TX",Clearwater,Dallas,SCM,Stacy Ulriksen,912-443-4008 ext. 6402,Neal Nacci dallasdispatch@scmllc.net,,850,,,,,,,,1-Dec-25,4-Dec-25,31-Mar-26,,
148721,COTTON,OTR,EXPORT,"Kenedy, TX","Dallas, TX",Kenedy,Dallas,SCM,Stacy Ulriksen,912-443-4008 ext. 6402,Neal Nacci dallasdispatch@scmllc.net,,775,,,,,,,,1-Dec-25,4-Dec-25,31-Mar-26,,
148720,COTTON,OTR,EXPORT,"MULESHOE, TX","Dallas, TX",MULESHOE,Dallas,SCM,Stacy Ulriksen,912-443-4008 ext. 6402,Neal Nacci dallasdispatch@scmllc.net,,724,,,,,,,,1-Dec-25,4-Dec-25,31-Mar-26,,
148719,COTTON,OTR,EXPORT,"SUDAN, TX","Dallas, TX",SUDAN,Dallas,SCM,Stacy Ulriksen,912-443-4008 ext. 6402,Neal Nacci dallasdispatch@scmllc.net,,714,,,,,,,,1-Dec-25,4-Dec-25,31-Mar-26,,
148718,COTTON,OTR,EXPORT,"TURKEY, TX","Dallas, TX",TURKEY,Dallas,SCM,Stacy Ulriksen,912-443-4008 ext. 6402,Neal Nacci dallasdispatch@scmllc.net,,676,,,,,,,,1-Dec-25,4-Dec-25,31-Mar-26,,
148717,COTTON,OTR,EXPORT,"QUITAQUE, TX","Dallas, TX",QUITAQUE,Dallas,SCM,Stacy Ulriksen,912-443-4008 ext. 6402,Neal Nacci dallasdispatch@scmllc.net,,676,,,,,,,,1-Dec-25,4-Dec-25,31-Mar-26,,
148716,COTTON,OTR,EXPORT,"Denver City, TX","Dallas, TX",Denver City,Dallas,SCM,Stacy Ulriksen,912-443-4008 ext. 6402,Neal Nacci dallasdispatch@scmllc.net,,665,,,,,,,,1-Dec-25,4-Dec-25,31-Mar-26,,
148715,COTTON,OTR,EXPORT,"SEMINOLE, TX","Dallas, TX",SEMINOLE,Dallas,SCM,Stacy Ulriksen,912-443-4008 ext. 6402,Neal Nacci dallasdispatch@scmllc.net,,656,,,,,,,,1-Dec-25,4-Dec-25,31-Mar-26,,
148714,COTTON,OTR,EXPORT,"TULIA, TX","Dallas, TX",TULIA,Dallas,SCM,Stacy Ulriksen,912-443-4008 ext. 6402,Neal Nacci dallasdispatch@scmllc.net,,652,,,,,,,,1-Dec-25,4-Dec-25,31-Mar-26,,
148713,COTTON,OTR,EXPORT,"Amarillo, TX","Dallas, TX",Amarillo,Dallas,SCM,Stacy Ulriksen,912-443-4008 ext. 6402,Neal Nacci dallasdispatch@scmllc.net,,652,,,,,,,,1-Dec-25,4-Dec-25,31-Mar-26,,
148712,COTTON,OTR,EXPORT,"ABERNATHY, TX","Dallas, TX",ABERNATHY,Dallas,SCM,Stacy Ulriksen,912-443-4008 ext. 6402,Neal Nacci dallasdispatch@scmllc.net,,652,,,,,,,,1-Dec-25,4-Dec-25,31-Mar-26,,
148710,COTTON,OTR,EXPORT,"LUBBOCK, TX","Dallas, TX",LUBBOCK,Dallas,SCM,Stacy Ulriksen,912-443-4008 ext. 6402,Neal Nacci dallasdispatch@scmllc.net,,640,,,,,,,,1-Dec-25,4-Dec-25,31-Mar-26,,
148711,COTTON,OTR,EXPORT,"SHALLOWATER, TX","Dallas, TX",SHALLOWATER,Dallas,SCM,Stacy Ulriksen,912-443-4008 ext. 6402,Neal Nacci dallasdispatch@scmllc.net,,645,,,,,,,,1-Dec-25,4-Dec-25,31-Mar-26,,
148709,COTTON,OTR,EXPORT,"BROWNFIELD, TX","Dallas, TX",BROWNFIELD,Dallas,SCM,Stacy Ulriksen,912-443-4008 ext. 6402,Neal Nacci dallasdispatch@scmllc.net,,640,,,,,,,,1-Dec-25,4-Dec-25,31-Mar-26,,
148708,COTTON,OTR,EXPORT,"PLAINVIEW, TX","Dallas, TX",PLAINVIEW,Dallas,SCM,Stacy Ulriksen,912-443-4008 ext. 6402,Neal Nacci dallasdispatch@scmllc.net,,637,,,,,,,,1-Dec-25,4-Dec-25,31-Mar-26,,
148707,COTTON,OTR,EXPORT,"O`DONNELL, TX","Dallas, TX",O`DONNELL,Dallas,SCM,Stacy Ulriksen,912-443-4008 ext. 6402,Neal Nacci dallasdispatch@scmllc.net,,634,,,,,,,,1-Dec-25,4-Dec-25,31-Mar-26,,
148706,COTTON,OTR,EXPORT,"LEVELLAND, TX","Dallas, TX",LEVELLAND,Dallas,SCM,Stacy Ulriksen,912-443-4008 ext. 6402,Neal Nacci dallasdispatch@scmllc.net,,630,,,,,,,,1-Dec-25,4-Dec-25,31-Mar-26,,
148704,COTTON,OTR,EXPORT,"Baytown, TX","Dallas, TX",Baytown,Dallas,SCM,Stacy Ulriksen,912-443-4008 ext. 6402,Neal Nacci dallasdispatch@scmllc.net,,620,,,,,,,,1-Dec-25,4-Dec-25,31-Mar-26,,
148705,COTTON,OTR,EXPORT,"ROSENBERG, TX","Dallas, TX",ROSENBERG,Dallas,SCM,Stacy Ulriksen,912-443-4008 ext. 6402,Neal Nacci dallasdispatch@scmllc.net,,630,,,,,,,,1-Dec-25,4-Dec-25,31-Mar-26,,
148703,COTTON,OTR,EXPORT,"LOCKNEY, TX","Dallas, TX",LOCKNEY,Dallas,SCM,Stacy Ulriksen,912-443-4008 ext. 6402,Neal Nacci dallasdispatch@scmllc.net,,613,,,,,,,,1-Dec-25,4-Dec-25,31-Mar-26,,
148702,COTTON,OTR,EXPORT,"LAMESA, TX","Dallas, TX",LAMESA,Dallas,SCM,Stacy Ulriksen,912-443-4008 ext. 6402,Neal Nacci dallasdispatch@scmllc.net,,610,,,,,,,,1-Dec-25,4-Dec-25,31-Mar-26,,
148701,COTTON,OTR,EXPORT,"HOUSTON, TX","Dallas, TX",HOUSTON,Dallas,SCM,Stacy Ulriksen,912-443-4008 ext. 6402,Neal Nacci dallasdispatch@scmllc.net,,608,,,,,,,,1-Dec-25,4-Dec-25,31-Mar-26,,
148700,COTTON,OTR,EXPORT,"SEAGRAVES, TX","Dallas, TX",SEAGRAVES,Dallas,SCM,Stacy Ulriksen,912-443-4008 ext. 6402,Neal Nacci dallasdispatch@scmllc.net,,605,,,,,,,,1-Dec-25,4-Dec-25,31-Mar-26,,
148699,COTTON,OTR,EXPORT,"RALLS, TX","Dallas, TX",RALLS,Dallas,SCM,Stacy Ulriksen,912-443-4008 ext. 6402,Neal Nacci dallasdispatch@scmllc.net,,597,,,,,,,,1-Dec-25,4-Dec-25,31-Mar-26,,
148698,COTTON,OTR,EXPORT,"Pasadena, TX","Dallas, TX",Pasadena,Dallas,SCM,Stacy Ulriksen,912-443-4008 ext. 6402,Neal Nacci dallasdispatch@scmllc.net,,587,,,,,,,,1-Dec-25,4-Dec-25,31-Mar-26,,
148697,COTTON,OTR,EXPORT,"POST, TX","Dallas, TX",POST,Dallas,SCM,Stacy Ulriksen,912-443-4008 ext. 6402,Neal Nacci dallasdispatch@scmllc.net,,571,,,,,,,,1-Dec-25,4-Dec-25,31-Mar-26,,
148696,COTTON,OTR,EXPORT,"TAHOKA, TX","Dallas, TX",TAHOKA,Dallas,SCM,Stacy Ulriksen,912-443-4008 ext. 6402,Neal Nacci dallasdispatch@scmllc.net,,571,,,,,,,,1-Dec-25,4-Dec-25,31-Mar-26,,
148695,COTTON,OTR,EXPORT,"Garden City, TX","Dallas, TX",Garden City,Dallas,SCM,Stacy Ulriksen,912-443-4008 ext. 6402,Neal Nacci dallasdispatch@scmllc.net,,571,,,,,,,,1-Dec-25,4-Dec-25,31-Mar-26,,
148694,COTTON,OTR,EXPORT,"STANTON, TX","Dallas, TX",STANTON,Dallas,SCM,Stacy Ulriksen,912-443-4008 ext. 6402,Neal Nacci dallasdispatch@scmllc.net,,550,,,,,,,,1-Dec-25,4-Dec-25,31-Mar-26,,
148692,COTTON,OTR,EXPORT,"FREDERICK, OK","Dallas, TX",FREDERICK,Dallas,SCM,Stacy Ulriksen,912-443-4008 ext. 6402,Neal Nacci dallasdispatch@scmllc.net,,549,,,,,,,,1-Dec-25,4-Dec-25,31-Mar-26,,
148693,COTTON,OTR,EXPORT,"QUANAH, TX","Dallas, TX",QUANAH,Dallas,SCM,Stacy Ulriksen,912-443-4008 ext. 6402,Neal Nacci dallasdispatch@scmllc.net,,550,,,,,,,,1-Dec-25,4-Dec-25,31-Mar-26,,
148691,COTTON,OTR,EXPORT,"SNYDER, TX","Dallas, TX",SNYDER,Dallas,SCM,Stacy Ulriksen,912-443-4008 ext. 6402,Neal Nacci dallasdispatch@scmllc.net,,545,,,,,,,,1-Dec-25,4-Dec-25,31-Mar-26,,
148690,COTTON,OTR,EXPORT,"BALLINGER, TX","Dallas, TX",BALLINGER,Dallas,SCM,Stacy Ulriksen,912-443-4008 ext. 6402,Neal Nacci dallasdispatch@scmllc.net,,539,,,,,,,,1-Dec-25,4-Dec-25,31-Mar-26,,
148689,COTTON,OTR,EXPORT,"PADUCAH, TX","Dallas, TX",PADUCAH,Dallas,SCM,Stacy Ulriksen,912-443-4008 ext. 6402,Neal Nacci dallasdispatch@scmllc.net,,539,,,,,,,,1-Dec-25,4-Dec-25,31-Mar-26,,
148688,COTTON,OTR,EXPORT,"ALTUS, OK","Dallas, TX",ALTUS,Dallas,SCM,Stacy Ulriksen,912-443-4008 ext. 6402,Neal Nacci dallasdispatch@scmllc.net,,533,,,,,,,,1-Dec-25,4-Dec-25,31-Mar-26,,
148687,COTTON,OTR,EXPORT,"VERNON, TX","Dallas, TX",VERNON,Dallas,SCM,Stacy Ulriksen,912-443-4008 ext. 6402,Neal Nacci dallasdispatch@scmllc.net,,529,,,,,,,,1-Dec-25,4-Dec-25,31-Mar-26,,
148686,COTTON,OTR,EXPORT,"MEMPHIS, TX","Dallas, TX",MEMPHIS,Dallas,SCM,Stacy Ulriksen,912-443-4008 ext. 6402,Neal Nacci dallasdispatch@scmllc.net,,529,,,,,,,,1-Dec-25,4-Dec-25,31-Mar-26,,
148684,COTTON,OTR,EXPORT,"SAN ANGELO, TX","Dallas, TX",SAN ANGELO,Dallas,SCM,Stacy Ulriksen,912-443-4008 ext. 6402,Neal Nacci dallasdispatch@scmllc.net,,528,,,,,,,,1-Dec-25,4-Dec-25,31-Mar-26,,
148685,COTTON,OTR,EXPORT,"RULE, TX","Dallas, TX",RULE,Dallas,SCM,Stacy Ulriksen,912-443-4008 ext. 6402,Neal Nacci dallasdispatch@scmllc.net,,529,,,,,,,,1-Dec-25,4-Dec-25,31-Mar-26,,
148683,COTTON,OTR,EXPORT,"BIG SPRINGS, TX","Dallas, TX",BIG SPRINGS,Dallas,SCM,Stacy Ulriksen,912-443-4008 ext. 6402,Neal Nacci dallasdispatch@scmllc.net,,525,,,,,,,,1-Dec-25,4-Dec-25,31-Mar-26,,
148682,COTTON,OTR,EXPORT,"BIG SPRING, TX","Dallas, TX",BIG SPRING,Dallas,SCM,Stacy Ulriksen,912-443-4008 ext. 6402,Neal Nacci dallasdispatch@scmllc.net,,525,,,,,,,,1-Dec-25,4-Dec-25,31-Mar-26,,
148680,COTTON,OTR,EXPORT,"ABILENE, TX","Dallas, TX",ABILENE,Dallas,SCM,Stacy Ulriksen,912-443-4008 ext. 6402,Neal Nacci dallasdispatch@scmllc.net,,503,,,,,,,,1-Dec-25,4-Dec-25,31-Mar-26,,
148681,COTTON,OTR,EXPORT,"Haskell, TX","Dallas, TX",Haskell,Dallas,SCM,Stacy Ulriksen,912-443-4008 ext. 6402,Neal Nacci dallasdispatch@scmllc.net,,503,,,,,,,,1-Dec-25,4-Dec-25,31-Mar-26,,
148679,COTTON,OTR,EXPORT,"SWEETWATER, TX","Dallas, TX",SWEETWATER,Dallas,SCM,Stacy Ulriksen,912-443-4008 ext. 6402,Neal Nacci dallasdispatch@scmllc.net,,503,,,,,,,,1-Dec-25,4-Dec-25,31-Mar-26,,
148678,COTTON,OTR,EXPORT,"HAMLIN, TX","Dallas, TX",HAMLIN,Dallas,SCM,Stacy Ulriksen,912-443-4008 ext. 6402,Neal Nacci dallasdispatch@scmllc.net,,503,,,,,,,,1-Dec-25,4-Dec-25,31-Mar-26,,
148676,COTTON,OTR,EXPORT,"DEPORT, TX","Dallas, TX",DEPORT,Dallas,SCM,Stacy Ulriksen,912-443-4008 ext. 6402,Neal Nacci dallasdispatch@scmllc.net,,422,,,,,,,,1-Dec-25,4-Dec-25,31-Mar-26,,
148677,COTTON,OTR,EXPORT,"STAMFORD, TX","Dallas, TX",STAMFORD,Dallas,SCM,Stacy Ulriksen,912-443-4008 ext. 6402,Neal Nacci dallasdispatch@scmllc.net,,497,,,,,,,,1-Dec-25,4-Dec-25,31-Mar-26,,
148675,COTTON,OTR,EXPORT,"MALONE, TX","Dallas, TX",MALONE,Dallas,SCM,Stacy Ulriksen,912-443-4008 ext. 6402,Neal Nacci dallasdispatch@scmllc.net,,337,,,,,,,,1-Dec-25,4-Dec-25,31-Mar-26,,
148674,COTTON,OTR,EXPORT,"ARLINGTON, TX","Dallas, TX",ARLINGTON,Dallas,SCM,Stacy Ulriksen,912-443-4008 ext. 6402,Neal Nacci dallasdispatch@scmllc.net,,328,,,,,,,,1-Dec-25,4-Dec-25,31-Mar-26,,
148673,COTTON,OTR,EXPORT,"Ft Worth , TX","Dallas, TX",Ft Worth,Dallas,SCM,Stacy Ulriksen,912-443-4008 ext. 6402,Neal Nacci dallasdispatch@scmllc.net,,328,,,,,,,,1-Dec-25,4-Dec-25,31-Mar-26,,
148672,COTTON,OTR,EXPORT,"Fort Worth, TX","Dallas, TX",Fort Worth,Dallas,SCM,Stacy Ulriksen,912-443-4008 ext. 6402,Neal Nacci dallasdispatch@scmllc.net,,328,,,,,,,,1-Dec-25,4-Dec-25,31-Mar-26,,
148671,COTTON,OTR,EXPORT,"Desoto, TX","Dallas, TX",Desoto,Dallas,SCM,Stacy Ulriksen,912-443-4008 ext. 6402,Neal Nacci dallasdispatch@scmllc.net,,317,,,,,,,,1-Dec-25,4-Dec-25,31-Mar-26,,
148670,COTTON,OTR,EXPORT,"Wilmer, TX","Dallas, TX",Wilmer,Dallas,SCM,Stacy Ulriksen,912-443-4008 ext. 6402,Neal Nacci dallasdispatch@scmllc.net,,317,,,,,,,,1-Dec-25,4-Dec-25,31-Mar-26,,
148669,COTTON,OTR,EXPORT,"HASLET, TX","Dallas, TX",HASLET,Dallas,SCM,Stacy Ulriksen,912-443-4008 ext. 6402,Neal Nacci dallasdispatch@scmllc.net,,317,,,,,,,,1-Dec-25,4-Dec-25,31-Mar-26,,
148667,COTTON,OTR,EXPORT,"Garland, TX","Dallas, TX",Garland,Dallas,SCM,Stacy Ulriksen,912-443-4008 ext. 6402,Neal Nacci dallasdispatch@scmllc.net,,317,,,,,,,,1-Dec-25,4-Dec-25,31-Mar-26,,
148668,COTTON,OTR,EXPORT,"Grand Prairie, TX","Dallas, TX",Grand Prairie,Dallas,SCM,Stacy Ulriksen,912-443-4008 ext. 6402,Neal Nacci dallasdispatch@scmllc.net,,317,,,,,,,,1-Dec-25,4-Dec-25,31-Mar-26,,
148666,COTTON,OTR,EXPORT,"Dallas, TX","Dallas, TX",Dallas,Dallas,SCM,Stacy Ulriksen,912-443-4008 ext. 6402,Neal Nacci dallasdispatch@scmllc.net,,317,,,,,,,,1-Dec-25,4-Dec-25,31-Mar-26,,
148664,COTTON,OTR,EXPORT,"FLOWER MOUND, TX","Dallas, TX",FLOWER MOUND,Dallas,SCM,Stacy Ulriksen,912-443-4008 ext. 6402,Neal Nacci dallasdispatch@scmllc.net,,317,,,,,,,,1-Dec-25,4-Dec-25,31-Mar-26,,
148665,COTTON,OTR,EXPORT,"MCKINNEY, TX","Dallas, TX",MCKINNEY,Dallas,SCM,Stacy Ulriksen,912-443-4008 ext. 6402,Neal Nacci dallasdispatch@scmllc.net,,317,,,,,,,,1-Dec-25,4-Dec-25,31-Mar-26,,
148663,COTTON,OTR,EXPORT,"Hutchins, TX","Dallas, TX",Hutchins,Dallas,SCM,Stacy Ulriksen,912-443-4008 ext. 6402,Neal Nacci dallasdispatch@scmllc.net,,297,,,,,,,,1-Dec-25,4-Dec-25,31-Mar-26,,
148661,COTTON,OTR,EXPORT,"Clearwater, KS","Baytown, TX",Clearwater,Baytown,SCM,Stacy Ulriksen,912-443-4008 ext. 6402,Neal Nacci dallasdispatch@scmllc.net,,1100,,,,,,,,1-Dec-25,4-Dec-25,31-Mar-26,,
148662,COTTON,OTR,EXPORT,"LIBERAL, KS","Baytown, TX",LIBERAL,Baytown,SCM,Stacy Ulriksen,912-443-4008 ext. 6402,Neal Nacci dallasdispatch@scmllc.net,,1175,,,,,,,,1-Dec-25,4-Dec-25,31-Mar-26,,
148660,COTTON,OTR,EXPORT,"FABENS, TX","Baytown, TX",FABENS,Baytown,SCM,Stacy Ulriksen,912-443-4008 ext. 6402,Neal Nacci dallasdispatch@scmllc.net,,1000,,,,,,,,1-Dec-25,4-Dec-25,31-Mar-26,,
148659,COTTON,OTR,EXPORT,"TORNILLO, TX","Baytown, TX",TORNILLO,Baytown,SCM,Stacy Ulriksen,912-443-4008 ext. 6402,Neal Nacci dallasdispatch@scmllc.net,,975,,,,,,,,1-Dec-25,4-Dec-25,31-Mar-26,,
148658,COTTON,OTR,EXPORT,"NEW ORLEANS, LA","Baytown, TX",NEW ORLEANS,Baytown,SCM,Stacy Ulriksen,912-443-4008 ext. 6402,Neal Nacci dallasdispatch@scmllc.net,,915,,,,,,,,1-Dec-25,4-Dec-25,31-Mar-26,,
148657,COTTON,OTR,EXPORT,"ALEXANDRIA, LA","Baytown, TX",ALEXANDRIA,Baytown,SCM,Stacy Ulriksen,912-443-4008 ext. 6402,Neal Nacci dallasdispatch@scmllc.net,,900,,,,,,,,1-Dec-25,4-Dec-25,31-Mar-26,,
148656,COTTON,OTR,EXPORT,"ALTUS, OK","Baytown, TX",ALTUS,Baytown,SCM,Stacy Ulriksen,912-443-4008 ext. 6402,Neal Nacci dallasdispatch@scmllc.net,,860,,,,,,,,1-Dec-25,4-Dec-25,31-Mar-26,,
148655,COTTON,OTR,EXPORT,"WINNSBORO, LA","Baytown, TX",WINNSBORO,Baytown,SCM,Stacy Ulriksen,912-443-4008 ext. 6402,Neal Nacci dallasdispatch@scmllc.net,,850,,,,,,,,1-Dec-25,4-Dec-25,31-Mar-26,,
148654,COTTON,OTR,EXPORT,"OAK GROVE, LA","Baytown, TX",OAK GROVE,Baytown,SCM,Stacy Ulriksen,912-443-4008 ext. 6402,Neal Nacci dallasdispatch@scmllc.net,,850,,,,,,,,1-Dec-25,4-Dec-25,31-Mar-26,,
148653,COTTON,OTR,EXPORT,"PLAINVIEW, TX","Baytown, TX",PLAINVIEW,Baytown,SCM,Stacy Ulriksen,912-443-4008 ext. 6402,Neal Nacci dallasdispatch@scmllc.net,,835,,,,,,,,1-Dec-25,4-Dec-25,31-Mar-26,,
148652,COTTON,OTR,EXPORT,"Amarillo, TX","Baytown, TX",Amarillo,Baytown,SCM,Stacy Ulriksen,912-443-4008 ext. 6402,Neal Nacci dallasdispatch@scmllc.net,,825,,,,,,,,1-Dec-25,4-Dec-25,31-Mar-26,,
148651,COTTON,OTR,EXPORT,"Denver City, TX","Baytown, TX",Denver City,Baytown,SCM,Stacy Ulriksen,912-443-4008 ext. 6402,Neal Nacci dallasdispatch@scmllc.net,,815,,,,,,,,1-Dec-25,4-Dec-25,31-Mar-26,,
148650,COTTON,OTR,EXPORT,"Weslaco, TX","Baytown, TX",Weslaco,Baytown,SCM,Stacy Ulriksen,912-443-4008 ext. 6402,Neal Nacci dallasdispatch@scmllc.net,,800,,,,,,,,1-Dec-25,4-Dec-25,31-Mar-26,,
148649,COTTON,OTR,EXPORT,"HARLINGEN, TX","Baytown, TX",HARLINGEN,Baytown,SCM,Stacy Ulriksen,912-443-4008 ext. 6402,Neal Nacci dallasdispatch@scmllc.net,,800,,,,,,,,1-Dec-25,4-Dec-25,31-Mar-26,,
148648,COTTON,OTR,EXPORT,"TULIA, TX","Baytown, TX",TULIA,Baytown,SCM,Stacy Ulriksen,912-443-4008 ext. 6402,Neal Nacci dallasdispatch@scmllc.net,,800,,,,,,,,1-Dec-25,4-Dec-25,31-Mar-26,,
148647,COTTON,OTR,EXPORT,"MULESHOE, TX","Baytown, TX",MULESHOE,Baytown,SCM,Stacy Ulriksen,912-443-4008 ext. 6402,Neal Nacci dallasdispatch@scmllc.net,,800,,,,,,,,1-Dec-25,4-Dec-25,31-Mar-26,,
148646,COTTON,OTR,EXPORT,"FREDERICK, OK","Baytown, TX",FREDERICK,Baytown,SCM,Stacy Ulriksen,912-443-4008 ext. 6402,Neal Nacci dallasdispatch@scmllc.net,,800,,,,,,,,1-Dec-25,4-Dec-25,31-Mar-26,,
148645,COTTON,OTR,EXPORT,"ST. JOSEPH, LA","Baytown, TX",ST. JOSEPH,Baytown,SCM,Stacy Ulriksen,912-443-4008 ext. 6402,Neal Nacci dallasdispatch@scmllc.net,,800,,,,,,,,1-Dec-25,4-Dec-25,31-Mar-26,,
148643,COTTON,OTR,EXPORT,"VERNON, TX","Baytown, TX",VERNON,Baytown,SCM,Stacy Ulriksen,912-443-4008 ext. 6402,Neal Nacci dallasdispatch@scmllc.net,,775,,,,,,,,1-Dec-25,4-Dec-25,31-Mar-26,,
148644,COTTON,OTR,EXPORT,"Laredo, TX","Baytown, TX",Laredo,Baytown,SCM,Stacy Ulriksen,912-443-4008 ext. 6402,Neal Nacci dallasdispatch@scmllc.net,,790,,,,,,,,1-Dec-25,4-Dec-25,31-Mar-26,,
148642,COTTON,OTR,EXPORT,"SEBASTIAN, TX","Baytown, TX",SEBASTIAN,Baytown,SCM,Stacy Ulriksen,912-443-4008 ext. 6402,Neal Nacci dallasdispatch@scmllc.net,,775,,,,,,,,1-Dec-25,4-Dec-25,31-Mar-26,,
148640,COTTON,OTR,EXPORT,"SUDAN, TX","Baytown, TX",SUDAN,Baytown,SCM,Stacy Ulriksen,912-443-4008 ext. 6402,Neal Nacci dallasdispatch@scmllc.net,,775,,,,,,,,1-Dec-25,4-Dec-25,31-Mar-26,,
148641,COTTON,OTR,EXPORT,"RAYMONDVILLE, TX","Baytown, TX",RAYMONDVILLE,Baytown,SCM,Stacy Ulriksen,912-443-4008 ext. 6402,Neal Nacci dallasdispatch@scmllc.net,,775,,,,,,,,1-Dec-25,4-Dec-25,31-Mar-26,,
148639,COTTON,OTR,EXPORT,"MER ROUGE, LA","Baytown, TX",MER ROUGE,Baytown,SCM,Stacy Ulriksen,912-443-4008 ext. 6402,Neal Nacci dallasdispatch@scmllc.net,,775,,,,,,,,1-Dec-25,4-Dec-25,31-Mar-26,,
148638,COTTON,OTR,EXPORT,"LAKE PROVIDENCE, LA","Baytown, TX",LAKE PROVIDENCE,Baytown,SCM,Stacy Ulriksen,912-443-4008 ext. 6402,Neal Nacci dallasdispatch@scmllc.net,,765,,,,,,,,1-Dec-25,4-Dec-25,31-Mar-26,,
148637,COTTON,OTR,EXPORT,"SHALLOWATER, TX","Baytown, TX",SHALLOWATER,Baytown,SCM,Stacy Ulriksen,912-443-4008 ext. 6402,Neal Nacci dallasdispatch@scmllc.net,,750,,,,,,,,1-Dec-25,4-Dec-25,31-Mar-26,,
148636,COTTON,OTR,EXPORT,"O`DONNELL, TX","Baytown, TX",O`DONNELL,Baytown,SCM,Stacy Ulriksen,912-443-4008 ext. 6402,Neal Nacci dallasdispatch@scmllc.net,,750,,,,,,,,1-Dec-25,4-Dec-25,31-Mar-26,,
148635,COTTON,OTR,EXPORT,"TURKEY, TX","Baytown, TX",TURKEY,Baytown,SCM,Stacy Ulriksen,912-443-4008 ext. 6402,Neal Nacci dallasdispatch@scmllc.net,,740,,,,,,,,1-Dec-25,4-Dec-25,31-Mar-26,,
148634,COTTON,OTR,EXPORT,"QUITAQUE, TX","Baytown, TX",QUITAQUE,Baytown,SCM,Stacy Ulriksen,912-443-4008 ext. 6402,Neal Nacci dallasdispatch@scmllc.net,,730,,,,,,,,1-Dec-25,4-Dec-25,31-Mar-26,,
148633,COTTON,OTR,EXPORT,"ABERNATHY, TX","Baytown, TX",ABERNATHY,Baytown,SCM,Stacy Ulriksen,912-443-4008 ext. 6402,Neal Nacci dallasdispatch@scmllc.net,,725,,,,,,,,1-Dec-25,4-Dec-25,31-Mar-26,,
148631,COTTON,OTR,EXPORT,"MEMPHIS, TX","Baytown, TX",MEMPHIS,Baytown,SCM,Stacy Ulriksen,912-443-4008 ext. 6402,Neal Nacci dallasdispatch@scmllc.net,,725,,,,,,,,1-Dec-25,4-Dec-25,31-Mar-26,,
148632,COTTON,OTR,EXPORT,"SEMINOLE, TX","Baytown, TX",SEMINOLE,Baytown,SCM,Stacy Ulriksen,912-443-4008 ext. 6402,Neal Nacci dallasdispatch@scmllc.net,,725,,,,,,,,1-Dec-25,4-Dec-25,31-Mar-26,,
148630,COTTON,OTR,EXPORT,"TAHOKA, TX","Baytown, TX",TAHOKA,Baytown,SCM,Stacy Ulriksen,912-443-4008 ext. 6402,Neal Nacci dallasdispatch@scmllc.net,,705,,,,,,,,1-Dec-25,4-Dec-25,31-Mar-26,,
148629,COTTON,OTR,EXPORT,"BROWNFIELD, TX","Baytown, TX",BROWNFIELD,Baytown,SCM,Stacy Ulriksen,912-443-4008 ext. 6402,Neal Nacci dallasdispatch@scmllc.net,,700,,,,,,,,1-Dec-25,4-Dec-25,31-Mar-26,,
148628,COTTON,OTR,EXPORT,"LUBBOCK, TX","Baytown, TX",LUBBOCK,Baytown,SCM,Stacy Ulriksen,912-443-4008 ext. 6402,Neal Nacci dallasdispatch@scmllc.net,,700,,,,,,,,1-Dec-25,4-Dec-25,31-Mar-26,,
148626,COTTON,OTR,EXPORT,"RALLS, TX","Baytown, TX",RALLS,Baytown,SCM,Stacy Ulriksen,912-443-4008 ext. 6402,Neal Nacci dallasdispatch@scmllc.net,,700,,,,,,,,1-Dec-25,4-Dec-25,31-Mar-26,,
148627,COTTON,OTR,EXPORT,"LEVELLAND, TX","Baytown, TX",LEVELLAND,Baytown,SCM,Stacy Ulriksen,912-443-4008 ext. 6402,Neal Nacci dallasdispatch@scmllc.net,,700,,,,,,,,1-Dec-25,4-Dec-25,31-Mar-26,,
148625,COTTON,OTR,EXPORT,"POST, TX","Baytown, TX",POST,Baytown,SCM,Stacy Ulriksen,912-443-4008 ext. 6402,Neal Nacci dallasdispatch@scmllc.net,,700,,,,,,,,1-Dec-25,4-Dec-25,31-Mar-26,,
148624,COTTON,OTR,EXPORT,"TALLULAH, LA","Baytown, TX",TALLULAH,Baytown,SCM,Stacy Ulriksen,912-443-4008 ext. 6402,Neal Nacci dallasdispatch@scmllc.net,,700,,,,,,,,1-Dec-25,4-Dec-25,31-Mar-26,,
148623,COTTON,OTR,EXPORT,"LOCKNEY, TX","Baytown, TX",LOCKNEY,Baytown,SCM,Stacy Ulriksen,912-443-4008 ext. 6402,Neal Nacci dallasdispatch@scmllc.net,,700,,,,,,,,1-Dec-25,4-Dec-25,31-Mar-26,,
148622,COTTON,OTR,EXPORT,"HAMLIN, TX","Baytown, TX",HAMLIN,Baytown,SCM,Stacy Ulriksen,912-443-4008 ext. 6402,Neal Nacci dallasdispatch@scmllc.net,,695,,,,,,,,1-Dec-25,4-Dec-25,31-Mar-26,,
148621,COTTON,OTR,EXPORT,"SEAGRAVES, TX","Baytown, TX",SEAGRAVES,Baytown,SCM,Stacy Ulriksen,912-443-4008 ext. 6402,Neal Nacci dallasdispatch@scmllc.net,,680,,,,,,,,1-Dec-25,4-Dec-25,31-Mar-26,,
148620,COTTON,OTR,EXPORT,"LAMESA, TX","Baytown, TX",LAMESA,Baytown,SCM,Stacy Ulriksen,912-443-4008 ext. 6402,Neal Nacci dallasdispatch@scmllc.net,,675,,,,,,,,1-Dec-25,4-Dec-25,31-Mar-26,,
148619,COTTON,OTR,EXPORT,"QUANAH, TX","Baytown, TX",QUANAH,Baytown,SCM,Stacy Ulriksen,912-443-4008 ext. 6402,Neal Nacci dallasdispatch@scmllc.net,,665,,,,,,,,1-Dec-25,4-Dec-25,31-Mar-26,,
148618,COTTON,OTR,EXPORT,"RAYVILLE, LA","Baytown, TX",RAYVILLE,Baytown,SCM,Stacy Ulriksen,912-443-4008 ext. 6402,Neal Nacci dallasdispatch@scmllc.net,,660,,,,,,,,1-Dec-25,4-Dec-25,31-Mar-26,,
148617,COTTON,OTR,EXPORT,"CHENEYVILLE, LA","Baytown, TX",CHENEYVILLE,Baytown,SCM,Stacy Ulriksen,912-443-4008 ext. 6402,Neal Nacci dallasdispatch@scmllc.net,,660,,,,,,,,1-Dec-25,4-Dec-25,31-Mar-26,,
148616,COTTON,OTR,EXPORT,"MATHIS, TX","Baytown, TX",MATHIS,Baytown,SCM,Stacy Ulriksen,912-443-4008 ext. 6402,Neal Nacci dallasdispatch@scmllc.net,,655,,,,,,,,1-Dec-25,4-Dec-25,31-Mar-26,,
148615,COTTON,OTR,EXPORT,"Cooper, TX","Baytown, TX",Cooper,Baytown,SCM,Stacy Ulriksen,912-443-4008 ext. 6402,Neal Nacci dallasdispatch@scmllc.net,,650,,,,,,,,1-Dec-25,4-Dec-25,31-Mar-26,,
148614,COTTON,OTR,EXPORT,"BALLINGER, TX","Baytown, TX",BALLINGER,Baytown,SCM,Stacy Ulriksen,912-443-4008 ext. 6402,Neal Nacci dallasdispatch@scmllc.net,,650,,,,,,,,1-Dec-25,4-Dec-25,31-Mar-26,,
148613,COTTON,OTR,EXPORT,"Garden City, TX","Baytown, TX",Garden City,Baytown,SCM,Stacy Ulriksen,912-443-4008 ext. 6402,Neal Nacci dallasdispatch@scmllc.net,,650,,,,,,,,1-Dec-25,4-Dec-25,31-Mar-26,,
148612,COTTON,OTR,EXPORT,"STAMFORD, TX","Baytown, TX",STAMFORD,Baytown,SCM,Stacy Ulriksen,912-443-4008 ext. 6402,Neal Nacci dallasdispatch@scmllc.net,,650,,,,,,,,1-Dec-25,4-Dec-25,31-Mar-26,,
148611,COTTON,OTR,EXPORT,"SNYDER, TX","Baytown, TX",SNYDER,Baytown,SCM,Stacy Ulriksen,912-443-4008 ext. 6402,Neal Nacci dallasdispatch@scmllc.net,,650,,,,,,,,1-Dec-25,4-Dec-25,31-Mar-26,,
148610,COTTON,OTR,EXPORT,"PECOS, TX","Baytown, TX",PECOS,Baytown,SCM,Stacy Ulriksen,912-443-4008 ext. 6402,Neal Nacci dallasdispatch@scmllc.net,,650,,,,,,,,1-Dec-25,4-Dec-25,31-Mar-26,,
148609,COTTON,OTR,EXPORT,"DEPORT, TX","Baytown, TX",DEPORT,Baytown,SCM,Stacy Ulriksen,912-443-4008 ext. 6402,Neal Nacci dallasdispatch@scmllc.net,,650,,,,,,,,1-Dec-25,4-Dec-25,31-Mar-26,,
148608,COTTON,OTR,EXPORT,"PADUCAH, TX","Baytown, TX",PADUCAH,Baytown,SCM,Stacy Ulriksen,912-443-4008 ext. 6402,Neal Nacci dallasdispatch@scmllc.net,,650,,,,,,,,1-Dec-25,4-Dec-25,31-Mar-26,,
148607,COTTON,OTR,EXPORT,"OAKGROVE, LA","Baytown, TX",OAKGROVE,Baytown,SCM,Stacy Ulriksen,912-443-4008 ext. 6402,Neal Nacci dallasdispatch@scmllc.net,,650,,,,,,,,1-Dec-25,4-Dec-25,31-Mar-26,,
148606,COTTON,OTR,EXPORT,"JONESVILLE, LA","Baytown, TX",JONESVILLE,Baytown,SCM,Stacy Ulriksen,912-443-4008 ext. 6402,Neal Nacci dallasdispatch@scmllc.net,,650,,,,,,,,1-Dec-25,4-Dec-25,31-Mar-26,,
148604,COTTON,OTR,EXPORT,"PORTLAND, TX","Baytown, TX",PORTLAND,Baytown,SCM,Stacy Ulriksen,912-443-4008 ext. 6402,Neal Nacci dallasdispatch@scmllc.net,,610,,,,,,,,1-Dec-25,4-Dec-25,31-Mar-26,,
148605,COTTON,OTR,EXPORT,"BIG SPRINGS, TX","Baytown, TX",BIG SPRINGS,Baytown,SCM,Stacy Ulriksen,912-443-4008 ext. 6402,Neal Nacci dallasdispatch@scmllc.net,,625,,,,,,,,1-Dec-25,4-Dec-25,31-Mar-26,,
148603,COTTON,OTR,EXPORT,"CORPUS CHRISTI, TX","Baytown, TX",CORPUS CHRISTI,Baytown,SCM,Stacy Ulriksen,912-443-4008 ext. 6402,Neal Nacci dallasdispatch@scmllc.net,,610,,,,,,,,1-Dec-25,4-Dec-25,31-Mar-26,,
148602,COTTON,OTR,EXPORT,"ABILENE, TX","Baytown, TX",ABILENE,Baytown,SCM,Stacy Ulriksen,912-443-4008 ext. 6402,Neal Nacci dallasdispatch@scmllc.net,,610,,,,,,,,1-Dec-25,4-Dec-25,31-Mar-26,,
148600,COTTON,OTR,EXPORT,"Haskell, TX","Baytown, TX",Haskell,Baytown,SCM,Stacy Ulriksen,912-443-4008 ext. 6402,Neal Nacci dallasdispatch@scmllc.net,,600,,,,,,,,1-Dec-25,4-Dec-25,31-Mar-26,,
148601,COTTON,OTR,EXPORT,"STANTON, TX","Baytown, TX",STANTON,Baytown,SCM,Stacy Ulriksen,912-443-4008 ext. 6402,Neal Nacci dallasdispatch@scmllc.net,,600,,,,,,,,1-Dec-25,4-Dec-25,31-Mar-26,,
148598,COTTON,OTR,EXPORT,"BIG SPRING, TX","Baytown, TX",BIG SPRING,Baytown,SCM,Stacy Ulriksen,912-443-4008 ext. 6402,Neal Nacci dallasdispatch@scmllc.net,,600,,,,,,,,1-Dec-25,4-Dec-25,31-Mar-26,,
148599,COTTON,OTR,EXPORT,"SWEETWATER, TX","Baytown, TX",SWEETWATER,Baytown,SCM,Stacy Ulriksen,912-443-4008 ext. 6402,Neal Nacci dallasdispatch@scmllc.net,,600,,,,,,,,1-Dec-25,4-Dec-25,31-Mar-26,,
148596,COTTON,OTR,EXPORT,"RULE, TX","Baytown, TX",RULE,Baytown,SCM,Stacy Ulriksen,912-443-4008 ext. 6402,Neal Nacci dallasdispatch@scmllc.net,,600,,,,,,,,1-Dec-25,4-Dec-25,31-Mar-26,,
148597,COTTON,OTR,EXPORT,"SAN ANGELO, TX","Baytown, TX",SAN ANGELO,Baytown,SCM,Stacy Ulriksen,912-443-4008 ext. 6402,Neal Nacci dallasdispatch@scmllc.net,,600,,,,,,,,1-Dec-25,4-Dec-25,31-Mar-26,,
148594,COTTON,OTR,EXPORT,"MCKINNEY, TX","Baytown, TX",MCKINNEY,Baytown,SCM,Stacy Ulriksen,912-443-4008 ext. 6402,Neal Nacci dallasdispatch@scmllc.net,,570,,,,,,,,1-Dec-25,4-Dec-25,31-Mar-26,,
148595,COTTON,OTR,EXPORT,"FLOWER MOUND, TX","Baytown, TX",FLOWER MOUND,Baytown,SCM,Stacy Ulriksen,912-443-4008 ext. 6402,Neal Nacci dallasdispatch@scmllc.net,,590,,,,,,,,1-Dec-25,4-Dec-25,31-Mar-26,,
148593,COTTON,OTR,EXPORT,"FERRIDAY, LA","Baytown, TX",FERRIDAY,Baytown,SCM,Stacy Ulriksen,912-443-4008 ext. 6402,Neal Nacci dallasdispatch@scmllc.net,,560,,,,,,,,1-Dec-25,4-Dec-25,31-Mar-26,,
148592,COTTON,OTR,EXPORT,"Hutchins, TX","Baytown, TX",Hutchins,Baytown,SCM,Stacy Ulriksen,912-443-4008 ext. 6402,Neal Nacci dallasdispatch@scmllc.net,,555,,,,,,,,1-Dec-25,4-Dec-25,31-Mar-26,,
148591,COTTON,OTR,EXPORT,"ARLINGTON, TX","Baytown, TX",ARLINGTON,Baytown,SCM,Stacy Ulriksen,912-443-4008 ext. 6402,Neal Nacci dallasdispatch@scmllc.net,,550,,,,,,,,1-Dec-25,4-Dec-25,31-Mar-26,,
148590,COTTON,OTR,EXPORT,"MALONE, TX","Baytown, TX",MALONE,Baytown,SCM,Stacy Ulriksen,912-443-4008 ext. 6402,Neal Nacci dallasdispatch@scmllc.net,,530,,,,,,,,1-Dec-25,4-Dec-25,31-Mar-26,,
148589,COTTON,OTR,EXPORT,"Wilmer, TX","Baytown, TX",Wilmer,Baytown,SCM,Stacy Ulriksen,912-443-4008 ext. 6402,Neal Nacci dallasdispatch@scmllc.net,,530,,,,,,,,1-Dec-25,4-Dec-25,31-Mar-26,,
148588,COTTON,OTR,EXPORT,"Garland, TX","Baytown, TX",Garland,Baytown,SCM,Stacy Ulriksen,912-443-4008 ext. 6402,Neal Nacci dallasdispatch@scmllc.net,,515,,,,,,,,1-Dec-25,4-Dec-25,31-Mar-26,,
148587,COTTON,OTR,EXPORT,"HASLET, TX","Baytown, TX",HASLET,Baytown,SCM,Stacy Ulriksen,912-443-4008 ext. 6402,Neal Nacci dallasdispatch@scmllc.net,,515,,,,,,,,1-Dec-25,4-Dec-25,31-Mar-26,,
148586,COTTON,OTR,EXPORT,"Grand Prairie, TX","Baytown, TX",Grand Prairie,Baytown,SCM,Stacy Ulriksen,912-443-4008 ext. 6402,Neal Nacci dallasdispatch@scmllc.net,,515,,,,,,,,1-Dec-25,4-Dec-25,31-Mar-26,,
148585,COTTON,OTR,EXPORT,"Ft Worth , TX","Baytown, TX",Ft Worth,Baytown,SCM,Stacy Ulriksen,912-443-4008 ext. 6402,Neal Nacci dallasdispatch@scmllc.net,,515,,,,,,,,1-Dec-25,4-Dec-25,31-Mar-26,,
148584,COTTON,OTR,EXPORT,"Fort Worth, TX","Baytown, TX",Fort Worth,Baytown,SCM,Stacy Ulriksen,912-443-4008 ext. 6402,Neal Nacci dallasdispatch@scmllc.net,,515,,,,,,,,1-Dec-25,4-Dec-25,31-Mar-26,,
148582,COTTON,OTR,EXPORT,"Dallas, TX","Baytown, TX",Dallas,Baytown,SCM,Stacy Ulriksen,912-443-4008 ext. 6402,Neal Nacci dallasdispatch@scmllc.net,,515,,,,,,,,1-Dec-25,4-Dec-25,31-Mar-26,,
148583,COTTON,OTR,EXPORT,"Desoto, TX","Baytown, TX",Desoto,Baytown,SCM,Stacy Ulriksen,912-443-4008 ext. 6402,Neal Nacci dallasdispatch@scmllc.net,,515,,,,,,,,1-Dec-25,4-Dec-25,31-Mar-26,,
148581,COTTON,OTR,EXPORT,"Kenedy, TX","Baytown, TX",Kenedy,Baytown,SCM,Stacy Ulriksen,912-443-4008 ext. 6402,Neal Nacci dallasdispatch@scmllc.net,,500,,,,,,,,1-Dec-25,4-Dec-25,31-Mar-26,,
148579,COTTON,OTR,EXPORT,"TAYLOR, TX","Baytown, TX",TAYLOR,Baytown,SCM,Stacy Ulriksen,912-443-4008 ext. 6402,Neal Nacci dallasdispatch@scmllc.net,,450,,,,,,,,1-Dec-25,4-Dec-25,31-Mar-26,,
148580,COTTON,OTR,EXPORT,"BRYAN, TX","Baytown, TX",BRYAN,Baytown,SCM,Stacy Ulriksen,912-443-4008 ext. 6402,Neal Nacci dallasdispatch@scmllc.net,,450,,,,,,,,1-Dec-25,4-Dec-25,31-Mar-26,,
148577,COTTON,OTR,EXPORT,"ROSENBERG, TX","Baytown, TX",ROSENBERG,Baytown,SCM,Stacy Ulriksen,912-443-4008 ext. 6402,Neal Nacci dallasdispatch@scmllc.net,,325,,,,,,,,1-Dec-25,4-Dec-25,31-Mar-26,,
148578,COTTON,OTR,EXPORT,"EL CAMPO, TX","Baytown, TX",EL CAMPO,Baytown,SCM,Stacy Ulriksen,912-443-4008 ext. 6402,Neal Nacci dallasdispatch@scmllc.net,,375,,,,,,,,1-Dec-25,4-Dec-25,31-Mar-26,,
148576,COTTON,OTR,EXPORT,"GALVESTON, TX","Baytown, TX",GALVESTON,Baytown,SCM,Stacy Ulriksen,912-443-4008 ext. 6402,Neal Nacci dallasdispatch@scmllc.net,,320,,,,,,,,1-Dec-25,4-Dec-25,31-Mar-26,,
148574,COTTON,OTR,EXPORT,"Pasadena, TX","Baytown, TX",Pasadena,Baytown,SCM,Stacy Ulriksen,912-443-4008 ext. 6402,Neal Nacci dallasdispatch@scmllc.net,,300,,,,,,,,1-Dec-25,4-Dec-25,31-Mar-26,,
148575,COTTON,OTR,EXPORT,"HOUSTON, TX","Baytown, TX",HOUSTON,Baytown,SCM,Stacy Ulriksen,912-443-4008 ext. 6402,Neal Nacci dallasdispatch@scmllc.net,,315,,,,,,,,1-Dec-25,4-Dec-25,31-Mar-26,,
148573,COTTON,OTR,EXPORT,"Baytown, TX","Baytown, TX",Baytown,Baytown,SCM,Stacy Ulriksen,912-443-4008 ext. 6402,Neal Nacci dallasdispatch@scmllc.net,,300,,,,,,,,1-Dec-25,4-Dec-25,31-Mar-26,,
