unOrig,unVia,unDest,orig,via,dest,dischargePort,scacCode,carrierName,contractNumber,rateType,amendmentNumber,effectiveDate,expirationDate,updateTime,40FT,40HC,DTHC40FT,DTHC40HC,ALLIN40FT,ALLIN40HC
USCHI,USNYC,BEANR,"Chicago, IL, USCHI","New York, NY, USNYC","Antwerp, VAN, BEANR",BEANR,ONEY,ONE,CHIM354B25,DRY,15,5/16/2026,6/30/2026,5/6/2026,1060,1060,0,0,1060,1060
USCHI,USLAX,AUBNE,"Chicago, IL, USCHI","Los Angeles, CA, USLAX","Brisbane, QLD, AUBNE",AUBNE,YMJA,YML,051625,DRY,10,5/13/2026,6/30/2026,5/16/2026,3000,3000,0,0,3000,3000
USCHI,USSEA,AUBNE,"Chicago, IL, USCHI","Seattle, WA, USSEA","Brisbane, QLD, AUBNE",AUBNE,YMJA,YML,051625,DRY,10,5/13/2026,6/30/2026,5/16/2026,3000,3000,0,0,3000,3000
USCHI,USTIW,AUBNE,"Chicago, IL, USCHI","Tacoma, WA, USTIW","Brisbane, QLD, AUBNE",AUBNE,YMJA,YML,051625,DRY,10,5/13/2026,6/30/2026,5/16/2026,3000,3000,0,0,3000,3000
USCHI,USLAX,VNCMT,"Chicago, IL, USCHI","Los Angeles, CA, USLAX","Cai Mep Terminal, 43, VNCMT",VNCMT,YMJA,YML,051625,DRY,10,5/13/2026,6/30/2026,5/16/2026,1450,1450,0,0,1450,1450
USCHI,USLAX,VNCMT,"Chicago, IL, USCHI","Los Angeles, CA, USLAX","Cai Mep Terminal, 43, VNCMT",VNCMT,YMJA,YML,051625,DRY,10,5/13/2026,6/30/2026,5/16/2026,900,900,0,0,900,900
USCHI,USSEA,VNCMT,"Chicago, IL, USCHI","Seattle, WA, USSEA","Cai Mep Terminal, 43, VNCMT",VNCMT,YMJA,YML,051625,DRY,10,5/13/2026,6/30/2026,5/16/2026,1450,1450,0,0,1450,1450
USCHI,USTIW,VNCMT,"Chicago, IL, USCHI","Tacoma, WA, USTIW","Cai Mep Terminal, 43, VNCMT",VNCMT,YMJA,YML,051625,DRY,10,5/13/2026,6/30/2026,5/16/2026,1450,1450,0,0,1450,1450
USCHI,USLAX,VNCLI,"Chicago, IL, USCHI","Los Angeles, CA, USLAX","Cat Lai, 65, VNCLI",TWKHH,YMJA,YML,051625,DRY,10,5/13/2026,6/30/2026,5/16/2026,1150,1150,0,0,1150,1150
USCHI,USLAX,CNCNA,"Chicago, IL, USCHI","Los Angeles, CA, USLAX","Changsha, 44, CNCNA",CNCNA,YMJA,YML,051625,DRY,10,5/13/2026,6/30/2026,5/16/2026,1925,1925,0,0,1925,1925
USCHI,USSEA,CNCNA,"Chicago, IL, USCHI","Seattle, WA, USSEA","Changsha, 44, CNCNA",CNCNA,YMJA,YML,051625,DRY,10,5/13/2026,6/30/2026,5/16/2026,1925,1925,0,0,1925,1925
USCHI,USTIW,CNCNA,"Chicago, IL, USCHI","Tacoma, WA, USTIW","Changsha, 44, CNCNA",CNCNA,YMJA,YML,051625,DRY,10,5/13/2026,6/30/2026,5/16/2026,1925,1925,0,0,1925,1925
USCHI,USLAX,CNCZX,"Chicago, IL, USCHI","Los Angeles, CA, USLAX","Changzhou Pt, 32, CNCZX",CNCZX,YMJA,YML,051625,DRY,10,5/13/2026,6/30/2026,5/16/2026,1300,1300,0,0,1300,1300
USCHI,USSEA,CNCZX,"Chicago, IL, USCHI","Seattle, WA, USSEA","Changzhou Pt, 32, CNCZX",CNCZX,YMJA,YML,051625,DRY,10,5/13/2026,6/30/2026,5/16/2026,1300,1300,0,0,1300,1300
USCHI,USTIW,CNCZX,"Chicago, IL, USCHI","Tacoma, WA, USTIW","Changzhou Pt, 32, CNCZX",CNCZX,YMJA,YML,051625,DRY,10,5/13/2026,6/30/2026,5/16/2026,1300,1300,0,0,1300,1300
USCHI,USLAX,CNCQI,"Chicago, IL, USCHI","Los Angeles, CA, USLAX","Chongqing, 50, CNCQI",CNCQI,YMJA,YML,051625,DRY,10,5/13/2026,6/30/2026,5/16/2026,1925,1925,0,0,1925,1925
USCHI,USSEA,CNCQI,"Chicago, IL, USCHI","Seattle, WA, USSEA","Chongqing, 50, CNCQI",CNCQI,YMJA,YML,051625,DRY,10,5/13/2026,6/30/2026,5/16/2026,1925,1925,0,0,1925,1925
USCHI,USTIW,CNCQI,"Chicago, IL, USCHI","Tacoma, WA, USTIW","Chongqing, 50, CNCQI",CNCQI,YMJA,YML,051625,DRY,10,5/13/2026,6/30/2026,5/16/2026,1925,1925,0,0,1925,1925
USCHI,USLAX,CNDLC,"Chicago, IL, USCHI","Los Angeles, CA, USLAX","Dalian, 21, CNDLC",CNDLC,YMJA,YML,051625,DRY,10,5/13/2026,5/31/2026,5/16/2026,1050,1050,0,0,1050,1050
USCHI,USLAX,CNDLC,"Chicago, IL, USCHI","Los Angeles, CA, USLAX","Dalian, 21, CNDLC",CNDLC,YMJA,YML,051625,DRY,10,5/13/2026,6/30/2026,5/16/2026,1350,1350,0,0,1350,1350
USCHI,USSEA,CNDLC,"Chicago, IL, USCHI","Seattle, WA, USSEA","Dalian, 21, CNDLC",CNDLC,YMJA,YML,051625,DRY,10,5/13/2026,6/30/2026,5/16/2026,1150,1150,0,0,1150,1150
USCHI,USTIW,CNDLC,"Chicago, IL, USCHI","Tacoma, WA, USTIW","Dalian, 21, CNDLC",CNDLC,YMJA,YML,051625,DRY,10,5/13/2026,6/30/2026,5/16/2026,1150,1150,0,0,1150,1150
USCHI,USLAX,VNHPH,"Chicago, IL, USCHI","Los Angeles, CA, USLAX","Haiphong, , VNHPH",VNHPH,YMJA,YML,051625,DRY,10,5/13/2026,6/30/2026,5/16/2026,1250,1250,0,0,1250,1250
USCHI,USLAX,VNSGN,"Chicago, IL, USCHI","Los Angeles, CA, USLAX","Ho Chi Minh City, , VNSGN",VNCMT,YMJA,YML,051625,DRY,10,5/13/2026,6/30/2026,5/16/2026,1100,1100,0,0,1100,1100
USCHI,USSEA,VNSGN,"Chicago, IL, USCHI","Seattle, WA, USSEA","Ho Chi Minh City, , VNSGN",VNSGN,YMJA,YML,051625,DRY,10,5/13/2026,6/30/2026,5/16/2026,1100,1100,0,0,1100,1100
USCHI,USTIW,VNSGN,"Chicago, IL, USCHI","Tacoma, WA, USTIW","Ho Chi Minh City, , VNSGN",VNSGN,YMJA,YML,051625,DRY,10,5/13/2026,6/30/2026,5/16/2026,1100,1100,0,0,1100,1100
USCHI,USLAX,HKHKG,"Chicago, IL, USCHI","Los Angeles, CA, USLAX","Hong Kong, , HKHKG",HKHKG,YMJA,YML,051625,DRY,10,5/13/2026,6/30/2026,5/16/2026,1000,1000,0,0,1000,1000
USCHI,USSEA,HKHKG,"Chicago, IL, USCHI","Seattle, WA, USSEA","Hong Kong, , HKHKG",HKHKG,YMJA,YML,051625,DRY,10,5/13/2026,6/30/2026,5/16/2026,1000,1000,0,0,1000,1000
USCHI,USTIW,HKHKG,"Chicago, IL, USCHI","Tacoma, WA, USTIW","Hong Kong, , HKHKG",HKHKG,YMJA,YML,051625,DRY,10,5/13/2026,6/30/2026,5/16/2026,1000,1000,0,0,1000,1000
USCHI,USLAX,CNHUA,"Chicago, IL, USCHI","Los Angeles, CA, USLAX","Huangpu Pt, 44, CNHUA",CNHUA,YMJA,YML,051625,DRY,10,5/13/2026,6/30/2026,5/16/2026,1250,1250,0,0,1250,1250
USCHI,USLAX,CNGZG,"Chicago, IL, USCHI","Los Angeles, CA, USLAX","Guangzhou Pt, 22, CNGZG",CNGZG,YMJA,YML,051625,DRY,10,5/13/2026,6/30/2026,5/16/2026,1250,1250,0,0,1250,1250
USCHI,USSEA,CNHUA,"Chicago, IL, USCHI","Seattle, WA, USSEA","Huangpu Pt, 44, CNHUA",CNHUA,YMJA,YML,051625,DRY,10,5/13/2026,6/30/2026,5/16/2026,1250,1250,0,0,1250,1250
USCHI,USTIW,CNHUA,"Chicago, IL, USCHI","Tacoma, WA, USTIW","Huangpu Pt, 44, CNHUA",CNHUA,YMJA,YML,051625,DRY,10,5/13/2026,6/30/2026,5/16/2026,1250,1250,0,0,1250,1250
USCHI,USSEA,CNGZG,"Chicago, IL, USCHI","Seattle, WA, USSEA","Guangzhou Pt, 22, CNGZG",CNGZG,YMJA,YML,051625,DRY,10,5/13/2026,6/30/2026,5/16/2026,1250,1250,0,0,1250,1250
USCHI,USTIW,CNGZG,"Chicago, IL, USCHI","Tacoma, WA, USTIW","Guangzhou Pt, 22, CNGZG",CNGZG,YMJA,YML,051625,DRY,10,5/13/2026,6/30/2026,5/16/2026,1250,1250,0,0,1250,1250
USCHI,USLAX,KRINC,"Chicago, IL, USCHI","Los Angeles, CA, USLAX","Incheon, 28, KRINC",KRINC,YMJA,YML,051625,DRY,10,5/13/2026,6/30/2026,5/16/2026,1450,1450,0,0,1450,1450
USCHI,USLAX,KRINC,"Chicago, IL, USCHI","Los Angeles, CA, USLAX","Incheon, 28, KRINC",KRPUS,YMJA,YML,051625,DRY,10,5/13/2026,6/30/2026,5/16/2026,2255,2255,0,0,2255,2255
USCHI,USLAX,KRINC,"Chicago, IL, USCHI","Los Angeles, CA, USLAX","Incheon, 28, KRINC",KRKAN,YMJA,YML,051625,DRY,10,5/13/2026,6/30/2026,5/16/2026,2255,2255,0,0,2255,2255
USCHI,USSEA,KRINC,"Chicago, IL, USCHI","Seattle, WA, USSEA","Incheon, 28, KRINC",KRINC,YMJA,YML,051625,DRY,10,5/13/2026,6/30/2026,5/16/2026,1450,1450,0,0,1450,1450
USCHI,USTIW,KRINC,"Chicago, IL, USCHI","Tacoma, WA, USTIW","Incheon, 28, KRINC",KRINC,YMJA,YML,051625,DRY,10,5/13/2026,6/30/2026,5/16/2026,1450,1450,0,0,1450,1450
USCHI,USSEA,KRINC,"Chicago, IL, USCHI","Seattle, WA, USSEA","Incheon, 28, KRINC",KRPUS,YMJA,YML,051625,DRY,10,5/13/2026,6/30/2026,5/16/2026,2255,2255,0,0,2255,2255
USCHI,USSEA,KRINC,"Chicago, IL, USCHI","Seattle, WA, USSEA","Incheon, 28, KRINC",KRKAN,YMJA,YML,051625,DRY,10,5/13/2026,6/30/2026,5/16/2026,2255,2255,0,0,2255,2255
USCHI,USTIW,KRINC,"Chicago, IL, USCHI","Tacoma, WA, USTIW","Incheon, 28, KRINC",KRPUS,YMJA,YML,051625,DRY,10,5/13/2026,6/30/2026,5/16/2026,2255,2255,0,0,2255,2255
USCHI,USTIW,KRINC,"Chicago, IL, USCHI","Tacoma, WA, USTIW","Incheon, 28, KRINC",KRKAN,YMJA,YML,051625,DRY,10,5/13/2026,6/30/2026,5/16/2026,2255,2255,0,0,2255,2255
USCHI,USLAX,KRINC,"Chicago, IL, USCHI","Los Angeles, CA, USLAX","Incheon, 28, KRINC",KRINC,YMJA,YML,051625,DRY,10,5/13/2026,6/30/2026,5/16/2026,1050,1050,0,0,1050,1050
USCHI,USLAX,IDJKT,"Chicago, IL, USCHI","Los Angeles, CA, USLAX","Jakarta, JK, IDJKT",CNNBG,YMJA,YML,051625,DRY,10,5/13/2026,6/30/2026,5/16/2026,1150,1150,0,0,1150,1150
USCHI,USSEA,IDJKT,"Chicago, IL, USCHI","Seattle, WA, USSEA","Jakarta, JK, IDJKT",CNNBG,YMJA,YML,051625,DRY,10,5/13/2026,6/30/2026,5/16/2026,1150,1150,0,0,1150,1150
USCHI,USTIW,IDJKT,"Chicago, IL, USCHI","Tacoma, WA, USTIW","Jakarta, JK, IDJKT",CNNBG,YMJA,YML,051625,DRY,10,5/13/2026,6/30/2026,5/16/2026,1150,1150,0,0,1150,1150
USCHI,USLAX,AEJEA,"Chicago, IL, USCHI","Los Angeles, CA, USLAX","Jebel Ali, , AEJEA",AEJEA,YMJA,YML,051625,DRY,10,5/13/2026,6/30/2026,5/16/2026,3694,3694,0,0,3694,3694
USCHI,USSEA,AEJEA,"Chicago, IL, USCHI","Seattle, WA, USSEA","Jebel Ali, , AEJEA",AEJEA,YMJA,YML,051625,DRY,10,5/13/2026,6/30/2026,5/16/2026,3694,3694,0,0,3694,3694
USCHI,USTIW,AEJEA,"Chicago, IL, USCHI","Tacoma, WA, USTIW","Jebel Ali, , AEJEA",AEJEA,YMJA,YML,051625,DRY,10,5/13/2026,6/30/2026,5/16/2026,3694,3694,0,0,3694,3694
USCHI,USLAX,TWKHH,"Chicago, IL, USCHI","Los Angeles, CA, USLAX","Kaohsiung, , TWKHH",TWKHH,YMJA,YML,051625,DRY,10,5/13/2026,6/30/2026,5/16/2026,1300,1300,0,0,1300,1300
USCHI,USSEA,TWKHH,"Chicago, IL, USCHI","Seattle, WA, USSEA","Kaohsiung, , TWKHH",TWKHH,YMJA,YML,051625,DRY,10,5/13/2026,6/30/2026,5/16/2026,1300,1300,0,0,1300,1300
USCHI,USTIW,TWKHH,"Chicago, IL, USCHI","Tacoma, WA, USTIW","Kaohsiung, , TWKHH",TWKHH,YMJA,YML,051625,DRY,10,5/13/2026,6/30/2026,5/16/2026,1300,1300,0,0,1300,1300
USCHI,USLAX,TWKHH,"Chicago, IL, USCHI","Los Angeles, CA, USLAX","Kaohsiung, , TWKHH",TWKHH,YMJA,YML,051625,DRY,10,5/13/2026,6/30/2026,5/16/2026,1550,1550,0,0,1550,1550
USCHI,USSEA,TWKHH,"Chicago, IL, USCHI","Seattle, WA, USSEA","Kaohsiung, , TWKHH",TWKHH,YMJA,YML,051625,DRY,10,5/13/2026,6/30/2026,5/16/2026,1550,1550,0,0,1550,1550
USCHI,USTIW,TWKHH,"Chicago, IL, USCHI","Tacoma, WA, USTIW","Kaohsiung, , TWKHH",TWKHH,YMJA,YML,051625,DRY,10,5/13/2026,6/30/2026,5/16/2026,1550,1550,0,0,1550,1550
USCHI,USLAX,TWKHH,"Chicago, IL, USCHI","Los Angeles, CA, USLAX","Kaohsiung, , TWKHH",TWKHH,YMJA,YML,051625,DRY,10,5/13/2026,6/30/2026,5/16/2026,850,850,0,0,850,850
USCHI,USSEA,TWKHH,"Chicago, IL, USCHI","Seattle, WA, USSEA","Kaohsiung, , TWKHH",TWKHH,YMJA,YML,051625,DRY,10,5/13/2026,6/30/2026,5/16/2026,850,850,0,0,850,850
USCHI,USTIW,TWKHH,"Chicago, IL, USCHI","Tacoma, WA, USTIW","Kaohsiung, , TWKHH",TWKHH,YMJA,YML,051625,DRY,10,5/13/2026,6/30/2026,5/16/2026,850,850,0,0,850,850
USCHI,USLAX,TWKEL,"Chicago, IL, USCHI","Los Angeles, CA, USLAX","Keelung, , TWKEL",TWKEL,YMJA,YML,051625,DRY,10,5/13/2026,6/30/2026,5/16/2026,1300,1300,0,0,1300,1300
USCHI,USLAX,TWKEL,"Chicago, IL, USCHI","Los Angeles, CA, USLAX","Keelung, , TWKEL",TWKEL,YMJA,YML,051625,DRY,10,5/13/2026,6/30/2026,5/16/2026,1550,1550,0,0,1550,1550
USCHI,USLAX,TWKEL,"Chicago, IL, USCHI","Los Angeles, CA, USLAX","Keelung, , TWKEL",TWKEL,YMJA,YML,051625,DRY,10,5/13/2026,6/30/2026,5/16/2026,800,800,0,0,800,800
USCHI,USLAX,JPUKB,"Chicago, IL, USCHI","Los Angeles, CA, USLAX","Kobe, 28, JPUKB",JPUKB,YMJA,YML,051625,DRY,10,5/13/2026,6/30/2026,5/16/2026,1450,1450,0,0,1450,1450
USCHI,USSEA,JPUKB,"Chicago, IL, USCHI","Seattle, WA, USSEA","Kobe, 28, JPUKB",JPUKB,YMJA,YML,051625,DRY,10,5/13/2026,6/30/2026,5/16/2026,1450,1450,0,0,1450,1450
USCHI,USTIW,JPUKB,"Chicago, IL, USCHI","Tacoma, WA, USTIW","Kobe, 28, JPUKB",JPUKB,YMJA,YML,051625,DRY,10,5/13/2026,6/30/2026,5/16/2026,1450,1450,0,0,1450,1450
USCHI,USLAX,JPUKB,"Chicago, IL, USCHI","Los Angeles, CA, USLAX","Kobe, 28, JPUKB",JPUKB,YMJA,YML,051625,DRY,10,5/13/2026,6/30/2026,5/16/2026,1000,1000,0,0,1000,1000
USCHI,USSEA,JPUKB,"Chicago, IL, USCHI","Seattle, WA, USSEA","Kobe, 28, JPUKB",JPUKB,YMJA,YML,051625,DRY,10,5/13/2026,6/30/2026,5/16/2026,1000,1000,0,0,1000,1000
USCHI,USTIW,JPUKB,"Chicago, IL, USCHI","Tacoma, WA, USTIW","Kobe, 28, JPUKB",JPUKB,YMJA,YML,051625,DRY,10,5/13/2026,6/30/2026,5/16/2026,1000,1000,0,0,1000,1000
USCHI,USLAX,KRKAN,"Chicago, IL, USCHI","Los Angeles, CA, USLAX","Gwangyang, 46, KRKAN",KRKAN,YMJA,YML,051625,DRY,10,5/13/2026,6/30/2026,5/16/2026,1450,1450,0,0,1450,1450
USCHI,USLAX,KRKAN,"Chicago, IL, USCHI","Los Angeles, CA, USLAX","Gwangyang, 46, KRKAN",KRKAN,YMJA,YML,051625,DRY,10,5/13/2026,6/30/2026,5/16/2026,900,900,0,0,900,900
USCHI,USSEA,KRKAN,"Chicago, IL, USCHI","Seattle, WA, USSEA","Gwangyang, 46, KRKAN",KRKAN,YMJA,YML,051625,DRY,10,5/13/2026,6/30/2026,5/16/2026,1450,1450,0,0,1450,1450
USCHI,USTIW,KRKAN,"Chicago, IL, USCHI","Tacoma, WA, USTIW","Gwangyang, 46, KRKAN",KRKAN,YMJA,YML,051625,DRY,10,5/13/2026,6/30/2026,5/16/2026,1450,1450,0,0,1450,1450
USCHI,USLAX,VNNHD,"Chicago, IL, USCHI","Los Angeles, CA, USLAX","Nam Hai Dinh Vu Port, HP, VNNHD",VNNHD,YMJA,YML,051625,DRY,10,5/13/2026,6/30/2026,5/16/2026,1150,1150,0,0,1150,1150
USCHI,USLAX,THLCH,"Chicago, IL, USCHI","Los Angeles, CA, USLAX","Laem Chabang, 20, THLCH",THLCH,YMJA,YML,051625,DRY,10,5/13/2026,6/30/2026,5/16/2026,1200,1200,0,0,1200,1200
USCHI,USSEA,THLCH,"Chicago, IL, USCHI","Seattle, WA, USSEA","Laem Chabang, 20, THLCH",THLCH,YMJA,YML,051625,DRY,10,5/13/2026,6/30/2026,5/16/2026,1200,1200,0,0,1200,1200
USCHI,USTIW,THLCH,"Chicago, IL, USCHI","Tacoma, WA, USTIW","Laem Chabang, 20, THLCH",THLCH,YMJA,YML,051625,DRY,10,5/13/2026,6/30/2026,5/16/2026,1200,1200,0,0,1200,1200
USCHI,USLAX,CNLUU,"Chicago, IL, USCHI","Los Angeles, CA, USLAX","Leliu, 44, CNLUU",CNLUU,YMJA,YML,051625,DRY,10,5/13/2026,6/30/2026,5/16/2026,1300,1300,0,0,1300,1300
USCHI,USSEA,CNLUU,"Chicago, IL, USCHI","Seattle, WA, USSEA","Leliu, 44, CNLUU",CNLUU,YMJA,YML,051625,DRY,10,5/13/2026,6/30/2026,5/16/2026,1300,1300,0,0,1300,1300
USCHI,USTIW,CNLUU,"Chicago, IL, USCHI","Tacoma, WA, USTIW","Leliu, 44, CNLUU",CNLUU,YMJA,YML,051625,DRY,10,5/13/2026,6/30/2026,5/16/2026,1300,1300,0,0,1300,1300
USCHI,USLAX,PHMNL,"Chicago, IL, USCHI","Los Angeles, CA, USLAX","Manila, , PHMNL",PHMNL,YMJA,YML,051625,DRY,10,5/13/2026,6/30/2026,5/16/2026,1500,1500,0,0,1500,1500
USCHI,USSEA,PHMNL,"Chicago, IL, USCHI","Seattle, WA, USSEA","Manila, , PHMNL",PHMNL,YMJA,YML,051625,DRY,10,5/13/2026,6/30/2026,5/16/2026,1500,1500,0,0,1500,1500
USCHI,USTIW,PHMNL,"Chicago, IL, USCHI","Tacoma, WA, USTIW","Manila, , PHMNL",PHMNL,YMJA,YML,051625,DRY,10,5/13/2026,6/30/2026,5/16/2026,1500,1500,0,0,1500,1500
USCHI,USLAX,AUMEL,"Chicago, IL, USCHI","Los Angeles, CA, USLAX","Melbourne, VIC, AUMEL",AUMEL,YMJA,YML,051625,DRY,10,5/13/2026,6/30/2026,5/16/2026,3000,3000,0,0,3000,3000
USCHI,USSEA,AUMEL,"Chicago, IL, USCHI","Seattle, WA, USSEA","Melbourne, VIC, AUMEL",AUMEL,YMJA,YML,051625,DRY,10,5/13/2026,6/30/2026,5/16/2026,3000,3000,0,0,3000,3000
USCHI,USTIW,AUMEL,"Chicago, IL, USCHI","Tacoma, WA, USTIW","Melbourne, VIC, AUMEL",AUMEL,YMJA,YML,051625,DRY,10,5/13/2026,6/30/2026,5/16/2026,3000,3000,0,0,3000,3000
USCHI,USLAX,JPNGO,"Chicago, IL, USCHI","Los Angeles, CA, USLAX","Nagoya, Aichi, 23, JPNGO",JPNGO,YMJA,YML,051625,DRY,10,5/13/2026,6/30/2026,5/16/2026,1450,1450,0,0,1450,1450
USCHI,USSEA,JPNGO,"Chicago, IL, USCHI","Seattle, WA, USSEA","Nagoya, Aichi, 23, JPNGO",JPNGO,YMJA,YML,051625,DRY,10,5/13/2026,6/30/2026,5/16/2026,1450,1450,0,0,1450,1450
USCHI,USTIW,JPNGO,"Chicago, IL, USCHI","Tacoma, WA, USTIW","Nagoya, Aichi, 23, JPNGO",JPNGO,YMJA,YML,051625,DRY,10,5/13/2026,6/30/2026,5/16/2026,1450,1450,0,0,1450,1450
USCHI,USLAX,JPNGO,"Chicago, IL, USCHI","Los Angeles, CA, USLAX","Nagoya, Aichi, 23, JPNGO",JPNGO,YMJA,YML,051625,DRY,10,5/13/2026,6/30/2026,5/16/2026,1000,1000,0,0,1000,1000
USCHI,USSEA,JPNGO,"Chicago, IL, USCHI","Seattle, WA, USSEA","Nagoya, Aichi, 23, JPNGO",JPNGO,YMJA,YML,051625,DRY,10,5/13/2026,6/30/2026,5/16/2026,1000,1000,0,0,1000,1000
USCHI,USTIW,JPNGO,"Chicago, IL, USCHI","Tacoma, WA, USTIW","Nagoya, Aichi, 23, JPNGO",JPNGO,YMJA,YML,051625,DRY,10,5/13/2026,6/30/2026,5/16/2026,1000,1000,0,0,1000,1000
USCHI,USLAX,CNNSA,"Chicago, IL, USCHI","Los Angeles, CA, USLAX","Nansha Pt, 44, CNNSA",CNNSA,YMJA,YML,051625,DRY,10,5/13/2026,6/30/2026,5/16/2026,1300,1300,0,0,1300,1300
USCHI,USSEA,CNNSA,"Chicago, IL, USCHI","Seattle, WA, USSEA","Nansha Pt, 44, CNNSA",CNNSA,YMJA,YML,051625,DRY,10,5/13/2026,6/30/2026,5/16/2026,1300,1300,0,0,1300,1300
USCHI,USTIW,CNNSA,"Chicago, IL, USCHI","Tacoma, WA, USTIW","Nansha Pt, 44, CNNSA",CNNSA,YMJA,YML,051625,DRY,10,5/13/2026,6/30/2026,5/16/2026,1300,1300,0,0,1300,1300
USCHI,USLAX,INNSA,"Chicago, IL, USCHI","Los Angeles, CA, USLAX","Nhava Sheva, MH, INNSA",INNSA,YMJA,YML,051625,DRY,10,5/13/2026,6/30/2026,5/16/2026,2675,2675,0,0,2675,2675
USCHI,USLAX,CNNBG,"Chicago, IL, USCHI","Los Angeles, CA, USLAX","Ningbo Pt, 33, CNNBG",CNNBG,YMJA,YML,051625,DRY,10,5/13/2026,6/30/2026,5/16/2026,1450,1450,0,0,1450,1450
USCHI,USSEA,CNNBG,"Chicago, IL, USCHI","Seattle, WA, USSEA","Ningbo Pt, 33, CNNBG",CNNBG,YMJA,YML,051625,DRY,10,5/13/2026,6/30/2026,5/16/2026,1450,1450,0,0,1450,1450
USCHI,USTIW,CNNBG,"Chicago, IL, USCHI","Tacoma, WA, USTIW","Ningbo Pt, 33, CNNBG",CNNBG,YMJA,YML,051625,DRY,10,5/13/2026,6/30/2026,5/16/2026,1450,1450,0,0,1450,1450
USCHI,USLAX,CNNBG,"Chicago, IL, USCHI","Los Angeles, CA, USLAX","Ningbo Pt, 33, CNNBG",CNNBG,YMJA,YML,051625,DRY,10,5/13/2026,6/30/2026,5/16/2026,900,900,0,0,900,900
USCHI,USSEA,CNNBG,"Chicago, IL, USCHI","Seattle, WA, USSEA","Ningbo Pt, 33, CNNBG",CNNBG,YMJA,YML,051625,DRY,10,5/13/2026,6/30/2026,5/16/2026,900,900,0,0,900,900
USCHI,USTIW,CNNBG,"Chicago, IL, USCHI","Tacoma, WA, USTIW","Ningbo Pt, 33, CNNBG",CNNBG,YMJA,YML,051625,DRY,10,5/13/2026,6/30/2026,5/16/2026,900,900,0,0,900,900
USCHI,USLAX,JPOSA,"Chicago, IL, USCHI","Los Angeles, CA, USLAX","Osaka, 27, JPOSA",JPOSA,YMJA,YML,051625,DRY,10,5/13/2026,6/30/2026,5/16/2026,1350,1350,0,0,1350,1350
USCHI,USSEA,JPOSA,"Chicago, IL, USCHI","Seattle, WA, USSEA","Osaka, 27, JPOSA",JPOSA,YMJA,YML,051625,DRY,10,5/13/2026,6/30/2026,5/16/2026,1350,1350,0,0,1350,1350
USCHI,USTIW,JPOSA,"Chicago, IL, USCHI","Tacoma, WA, USTIW","Osaka, 27, JPOSA",JPOSA,YMJA,YML,051625,DRY,10,5/13/2026,6/30/2026,5/16/2026,1350,1350,0,0,1350,1350
USCHI,USLAX,MYPEN,"Chicago, IL, USCHI","Los Angeles, CA, USLAX","Penang, , MYPEN",MYPEN,YMJA,YML,051625,DRY,10,5/13/2026,6/30/2026,5/16/2026,1400,1400,0,0,1400,1400
USCHI,USSEA,MYPEN,"Chicago, IL, USCHI","Seattle, WA, USSEA","Penang, , MYPEN",MYPEN,YMJA,YML,051625,DRY,10,5/13/2026,6/30/2026,5/16/2026,1400,1400,0,0,1400,1400
USCHI,USTIW,MYPEN,"Chicago, IL, USCHI","Tacoma, WA, USTIW","Penang, , MYPEN",MYPEN,YMJA,YML,051625,DRY,10,5/13/2026,6/30/2026,5/16/2026,1400,1400,0,0,1400,1400
USCHI,USLAX,INPAV,"Chicago, IL, USCHI","Los Angeles, CA, USLAX","Pipavav (Victor) Port, GJ, INPAV",INPAV,YMJA,YML,051625,DRY,10,5/13/2026,6/30/2026,5/16/2026,2675,2675,0,0,2675,2675
USCHI,USLAX,MYPKG,"Chicago, IL, USCHI","Los Angeles, CA, USLAX","Port Klang, 10, MYPKG",MYPKG,YMJA,YML,051625,DRY,10,5/13/2026,6/30/2026,5/16/2026,1325,1325,0,0,1325,1325
USCHI,USSEA,MYPKG,"Chicago, IL, USCHI","Seattle, WA, USSEA","Port Klang, 10, MYPKG",MYPKG,YMJA,YML,051625,DRY,10,5/13/2026,6/30/2026,5/16/2026,1325,1325,0,0,1325,1325
USCHI,USTIW,MYPKG,"Chicago, IL, USCHI","Tacoma, WA, USTIW","Port Klang, 10, MYPKG",MYPKG,YMJA,YML,051625,DRY,10,5/13/2026,6/30/2026,5/16/2026,1325,1325,0,0,1325,1325
USCHI,USLAX,KRPUS,"Chicago, IL, USCHI","Los Angeles, CA, USLAX","Busan, 26, KRPUS",KRPUS,YMJA,YML,051625,DRY,10,5/13/2026,6/30/2026,5/16/2026,1450,1450,0,0,1450,1450
USCHI,USSEA,KRPUS,"Chicago, IL, USCHI","Seattle, WA, USSEA","Busan, 26, KRPUS",KRPUS,YMJA,YML,051625,DRY,10,5/13/2026,6/30/2026,5/16/2026,1450,1450,0,0,1450,1450
USCHI,USTIW,KRPUS,"Chicago, IL, USCHI","Tacoma, WA, USTIW","Busan, 26, KRPUS",KRPUS,YMJA,YML,051625,DRY,10,5/13/2026,6/30/2026,5/16/2026,1450,1450,0,0,1450,1450
USCHI,USLAX,KRPUS,"Chicago, IL, USCHI","Los Angeles, CA, USLAX","Busan, 26, KRPUS",KRPUS,YMJA,YML,051625,DRY,10,5/13/2026,6/30/2026,5/16/2026,850,850,0,0,850,850
USCHI,USSEA,KRPUS,"Chicago, IL, USCHI","Seattle, WA, USSEA","Busan, 26, KRPUS",KRPUS,YMJA,YML,051625,DRY,10,5/13/2026,6/30/2026,5/16/2026,850,850,0,0,850,850
USCHI,USTIW,KRPUS,"Chicago, IL, USCHI","Tacoma, WA, USTIW","Busan, 26, KRPUS",KRPUS,YMJA,YML,051625,DRY,10,5/13/2026,6/30/2026,5/16/2026,850,850,0,0,850,850
USCHI,USLAX,CNTAO,"Chicago, IL, USCHI","Los Angeles, CA, USLAX","Qingdao, 37, CNTAO",CNTAO,YMJA,YML,051625,DRY,10,5/13/2026,6/30/2026,5/16/2026,1450,1450,0,0,1450,1450
USCHI,USSEA,CNTAO,"Chicago, IL, USCHI","Seattle, WA, USSEA","Qingdao, 37, CNTAO",CNTAO,YMJA,YML,051625,DRY,10,5/13/2026,6/30/2026,5/16/2026,1450,1450,0,0,1450,1450
USCHI,USTIW,CNTAO,"Chicago, IL, USCHI","Tacoma, WA, USTIW","Qingdao, 37, CNTAO",CNTAO,YMJA,YML,051625,DRY,10,5/13/2026,6/30/2026,5/16/2026,1450,1450,0,0,1450,1450
USCHI,USLAX,CNTAO,"Chicago, IL, USCHI","Los Angeles, CA, USLAX","Qingdao, 37, CNTAO",CNTAO,YMJA,YML,051625,DRY,10,5/13/2026,6/30/2026,5/16/2026,900,900,0,0,900,900
USCHI,USSEA,CNTAO,"Chicago, IL, USCHI","Seattle, WA, USSEA","Qingdao, 37, CNTAO",CNTAO,YMJA,YML,051625,DRY,10,5/13/2026,6/30/2026,5/16/2026,900,900,0,0,900,900
USCHI,USTIW,CNTAO,"Chicago, IL, USCHI","Tacoma, WA, USTIW","Qingdao, 37, CNTAO",CNTAO,YMJA,YML,051625,DRY,10,5/13/2026,6/30/2026,5/16/2026,900,900,0,0,900,900
USCHI,USLAX,CNSHA,"Chicago, IL, USCHI","Los Angeles, CA, USLAX","Shanghai, 31, CNSHA",CNSHA,YMJA,YML,051625,DRY,10,5/13/2026,6/30/2026,5/16/2026,1450,1450,0,0,1450,1450
USCHI,USSEA,CNSHA,"Chicago, IL, USCHI","Seattle, WA, USSEA","Shanghai, 31, CNSHA",CNSHA,YMJA,YML,051625,DRY,10,5/13/2026,6/30/2026,5/16/2026,1450,1450,0,0,1450,1450
USCHI,USTIW,CNSHA,"Chicago, IL, USCHI","Tacoma, WA, USTIW","Shanghai, 31, CNSHA",CNSHA,YMJA,YML,051625,DRY,10,5/13/2026,6/30/2026,5/16/2026,1450,1450,0,0,1450,1450
USCHI,USLAX,CNSHA,"Chicago, IL, USCHI","Los Angeles, CA, USLAX","Shanghai, 31, CNSHA",CNSHA,YMJA,YML,051625,DRY,10,5/13/2026,6/30/2026,5/16/2026,850,850,0,0,850,850
USCHI,USSEA,CNSHA,"Chicago, IL, USCHI","Seattle, WA, USSEA","Shanghai, 31, CNSHA",CNSHA,YMJA,YML,051625,DRY,10,5/13/2026,6/30/2026,5/16/2026,850,850,0,0,850,850
USCHI,USTIW,CNSHA,"Chicago, IL, USCHI","Tacoma, WA, USTIW","Shanghai, 31, CNSHA",CNSHA,YMJA,YML,051625,DRY,10,5/13/2026,6/30/2026,5/16/2026,850,850,0,0,850,850
USCHI,USLAX,CNSHK,"Chicago, IL, USCHI","Los Angeles, CA, USLAX","Shekou Pt, 44, CNSHK",CNSHK,YMJA,YML,051625,DRY,10,5/13/2026,6/30/2026,5/16/2026,1450,1450,0,0,1450,1450
USCHI,USLAX,JPSMZ,"Chicago, IL, USCHI","Los Angeles, CA, USLAX","Shimizu, 22, JPSMZ",JPSMZ,YMJA,YML,051625,DRY,10,5/13/2026,6/30/2026,5/16/2026,1450,1450,0,0,1450,1450
USCHI,USLAX,CNSUD,"Chicago, IL, USCHI","Los Angeles, CA, USLAX","Shunde Pt, 44, CNSUD",CNSUD,YMJA,YML,051625,DRY,10,5/13/2026,6/30/2026,5/16/2026,1300,1300,0,0,1300,1300
USCHI,USSEA,CNSUD,"Chicago, IL, USCHI","Seattle, WA, USSEA","Shunde Pt, 44, CNSUD",CNSUD,YMJA,YML,051625,DRY,10,5/13/2026,6/30/2026,5/16/2026,1300,1300,0,0,1300,1300
USCHI,USTIW,CNSUD,"Chicago, IL, USCHI","Tacoma, WA, USTIW","Shunde Pt, 44, CNSUD",CNSUD,YMJA,YML,051625,DRY,10,5/13/2026,6/30/2026,5/16/2026,1300,1300,0,0,1300,1300
USCHI,USLAX,SGSIN,"Chicago, IL, USCHI","Los Angeles, CA, USLAX","Singapore, , SGSIN",SGSIN,YMJA,YML,051625,DRY,10,5/13/2026,6/30/2026,5/16/2026,1450,1450,0,0,1450,1450
USCHI,USSEA,SGSIN,"Chicago, IL, USCHI","Seattle, WA, USSEA","Singapore, , SGSIN",SGSIN,YMJA,YML,051625,DRY,10,5/13/2026,6/30/2026,5/16/2026,1450,1450,0,0,1450,1450
USCHI,USTIW,SGSIN,"Chicago, IL, USCHI","Tacoma, WA, USTIW","Singapore, , SGSIN",SGSIN,YMJA,YML,051625,DRY,10,5/13/2026,6/30/2026,5/16/2026,1450,1450,0,0,1450,1450
USCHI,USLAX,SGSIN,"Chicago, IL, USCHI","Los Angeles, CA, USLAX","Singapore, , SGSIN",SGSIN,YMJA,YML,051625,DRY,10,5/13/2026,6/30/2026,5/16/2026,950,950,0,0,950,950
USCHI,USSEA,SGSIN,"Chicago, IL, USCHI","Seattle, WA, USSEA","Singapore, , SGSIN",SGSIN,YMJA,YML,051625,DRY,10,5/13/2026,6/30/2026,5/16/2026,950,950,0,0,950,950
USCHI,USTIW,SGSIN,"Chicago, IL, USCHI","Tacoma, WA, USTIW","Singapore, , SGSIN",SGSIN,YMJA,YML,051625,DRY,10,5/13/2026,6/30/2026,5/16/2026,950,950,0,0,950,950
USCHI,USLAX,AUSYD,"Chicago, IL, USCHI","Los Angeles, CA, USLAX","Sydney, NSW, AUSYD",AUSYD,YMJA,YML,051625,DRY,10,5/13/2026,6/30/2026,5/16/2026,3000,3000,0,0,3000,3000
USCHI,USSEA,AUSYD,"Chicago, IL, USCHI","Seattle, WA, USSEA","Sydney, NSW, AUSYD",AUSYD,YMJA,YML,051625,DRY,10,5/13/2026,6/30/2026,5/16/2026,3000,3000,0,0,3000,3000
USCHI,USTIW,AUSYD,"Chicago, IL, USCHI","Tacoma, WA, USTIW","Sydney, NSW, AUSYD",AUSYD,YMJA,YML,051625,DRY,10,5/13/2026,6/30/2026,5/16/2026,3000,3000,0,0,3000,3000
USCHI,USLAX,TWTXG,"Chicago, IL, USCHI","Los Angeles, CA, USLAX","Taichung, , TWTXG",TWTXG,YMJA,YML,051625,DRY,10,5/13/2026,6/30/2026,5/16/2026,900,900,0,0,900,900
USCHI,USSEA,TWTXG,"Chicago, IL, USCHI","Seattle, WA, USSEA","Taichung, , TWTXG",TWTXG,YMJA,YML,051625,DRY,10,5/13/2026,6/30/2026,5/16/2026,900,900,0,0,900,900
USCHI,USTIW,TWTXG,"Chicago, IL, USCHI","Tacoma, WA, USTIW","Taichung, , TWTXG",TWTXG,YMJA,YML,051625,DRY,10,5/13/2026,6/30/2026,5/16/2026,900,900,0,0,900,900
USCHI,USLAX,TWTYN,"Chicago, IL, USCHI","Los Angeles, CA, USLAX","Taoyuan, , TWTYN",TWTYN,YMJA,YML,051625,DRY,10,5/13/2026,6/30/2026,5/16/2026,950,950,0,0,950,950
USCHI,USSEA,TWTYN,"Chicago, IL, USCHI","Seattle, WA, USSEA","Taoyuan, , TWTYN",TWTYN,YMJA,YML,051625,DRY,10,5/13/2026,6/30/2026,5/16/2026,950,950,0,0,950,950
USCHI,USTIW,TWTYN,"Chicago, IL, USCHI","Tacoma, WA, USTIW","Taoyuan, , TWTYN",TWTYN,YMJA,YML,051625,DRY,10,5/13/2026,6/30/2026,5/16/2026,950,950,0,0,950,950
USCHI,USLAX,JPTYO,"Chicago, IL, USCHI","Los Angeles, CA, USLAX","Tokyo, 13, JPTYO",JPTYO,YMJA,YML,051625,DRY,10,5/13/2026,6/30/2026,5/16/2026,1450,1450,0,0,1450,1450
USCHI,USSEA,JPTYO,"Chicago, IL, USCHI","Seattle, WA, USSEA","Tokyo, 13, JPTYO",JPTYO,YMJA,YML,051625,DRY,10,5/13/2026,6/30/2026,5/16/2026,1450,1450,0,0,1450,1450
USCHI,USTIW,JPTYO,"Chicago, IL, USCHI","Tacoma, WA, USTIW","Tokyo, 13, JPTYO",JPTYO,YMJA,YML,051625,DRY,10,5/13/2026,6/30/2026,5/16/2026,1450,1450,0,0,1450,1450
USCHI,USLAX,JPTYO,"Chicago, IL, USCHI","Los Angeles, CA, USLAX","Tokyo, 13, JPTYO",JPTYO,YMJA,YML,051625,DRY,10,5/13/2026,6/30/2026,5/16/2026,1050,1050,0,0,1050,1050
USCHI,USSEA,JPTYO,"Chicago, IL, USCHI","Seattle, WA, USSEA","Tokyo, 13, JPTYO",JPTYO,YMJA,YML,051625,DRY,10,5/13/2026,6/30/2026,5/16/2026,1050,1050,0,0,1050,1050
USCHI,USTIW,JPTYO,"Chicago, IL, USCHI","Tacoma, WA, USTIW","Tokyo, 13, JPTYO",JPTYO,YMJA,YML,051625,DRY,10,5/13/2026,6/30/2026,5/16/2026,1050,1050,0,0,1050,1050
USCHI,USLAX,CNXMN,"Chicago, IL, USCHI","Los Angeles, CA, USLAX","Xiamen, 35, CNXMN",CNXMN,YMJA,YML,051625,DRY,10,5/13/2026,6/30/2026,5/16/2026,1450,1450,0,0,1450,1450
USCHI,USSEA,CNXMN,"Chicago, IL, USCHI","Seattle, WA, USSEA","Xiamen, 35, CNXMN",CNXMN,YMJA,YML,051625,DRY,10,5/13/2026,6/30/2026,5/16/2026,1450,1450,0,0,1450,1450
USCHI,USTIW,CNXMN,"Chicago, IL, USCHI","Tacoma, WA, USTIW","Xiamen, 35, CNXMN",CNXMN,YMJA,YML,051625,DRY,10,5/13/2026,6/30/2026,5/16/2026,1450,1450,0,0,1450,1450
USCHI,USLAX,CNXMN,"Chicago, IL, USCHI","Los Angeles, CA, USLAX","Xiamen, 35, CNXMN",CNXMN,YMJA,YML,051625,DRY,10,5/13/2026,6/30/2026,5/16/2026,900,900,0,0,900,900
USCHI,USLAX,CNXMN,"Chicago, IL, USCHI","Los Angeles, CA, USLAX","Xiamen, 35, CNXMN",CNXMN,YMJA,YML,051625,DRY,10,5/13/2026,6/30/2026,5/16/2026,1150,1150,0,0,1150,1150
USCHI,USSEA,CNXMN,"Chicago, IL, USCHI","Seattle, WA, USSEA","Xiamen, 35, CNXMN",CNXMN,YMJA,YML,051625,DRY,10,5/13/2026,6/30/2026,5/16/2026,900,900,0,0,900,900
USCHI,USTIW,CNXMN,"Chicago, IL, USCHI","Tacoma, WA, USTIW","Xiamen, 35, CNXMN",CNXMN,YMJA,YML,051625,DRY,10,5/13/2026,6/30/2026,5/16/2026,900,900,0,0,900,900
USCHI,USSEA,CNXMN,"Chicago, IL, USCHI","Seattle, WA, USSEA","Xiamen, 35, CNXMN",CNXMN,YMJA,YML,051625,DRY,10,5/13/2026,6/30/2026,5/16/2026,1150,1150,0,0,1150,1150
USCHI,USTIW,CNXMN,"Chicago, IL, USCHI","Tacoma, WA, USTIW","Xiamen, 35, CNXMN",CNXMN,YMJA,YML,051625,DRY,10,5/13/2026,6/30/2026,5/16/2026,1150,1150,0,0,1150,1150
USCHI,USLAX,CNTXG,"Chicago, IL, USCHI","Los Angeles, CA, USLAX","Tianjin Xingang Pt, 12, CNTXG",CNTXG,YMJA,YML,051625,DRY,10,5/13/2026,6/30/2026,5/16/2026,1450,1450,0,0,1450,1450
USCHI,USSEA,CNTXG,"Chicago, IL, USCHI","Seattle, WA, USSEA","Tianjin Xingang Pt, 12, CNTXG",CNTXG,YMJA,YML,051625,DRY,10,5/13/2026,6/30/2026,5/16/2026,1450,1450,0,0,1450,1450
USCHI,USTIW,CNTXG,"Chicago, IL, USCHI","Tacoma, WA, USTIW","Tianjin Xingang Pt, 12, CNTXG",CNTXG,YMJA,YML,051625,DRY,10,5/13/2026,6/30/2026,5/16/2026,1450,1450,0,0,1450,1450
USCHI,USLAX,CNTXG,"Chicago, IL, USCHI","Los Angeles, CA, USLAX","Tianjin Xingang Pt, 12, CNTXG",CNTXG,YMJA,YML,051625,DRY,10,5/13/2026,5/31/2026,5/16/2026,900,900,0,0,900,900
USCHI,USLAX,CNYTN,"Chicago, IL, USCHI","Los Angeles, CA, USLAX","Yantian Pt, 44, CNYTN",CNYTN,YMJA,YML,051625,DRY,10,5/13/2026,6/30/2026,5/16/2026,1450,1450,0,0,1450,1450
USCHI,USSEA,CNYTN,"Chicago, IL, USCHI","Seattle, WA, USSEA","Yantian Pt, 44, CNYTN",CNYTN,YMJA,YML,051625,DRY,10,5/13/2026,6/30/2026,5/16/2026,1450,1450,0,0,1450,1450
USCHI,USTIW,CNYTN,"Chicago, IL, USCHI","Tacoma, WA, USTIW","Yantian Pt, 44, CNYTN",CNYTN,YMJA,YML,051625,DRY,10,5/13/2026,6/30/2026,5/16/2026,1450,1450,0,0,1450,1450
USCHI,USLAX,CNYTN,"Chicago, IL, USCHI","Los Angeles, CA, USLAX","Yantian Pt, 44, CNYTN",CNYTN,YMJA,YML,051625,DRY,10,5/13/2026,6/30/2026,5/16/2026,900,900,0,0,900,900
USCHI,USSEA,CNYTN,"Chicago, IL, USCHI","Seattle, WA, USSEA","Yantian Pt, 44, CNYTN",CNYTN,YMJA,YML,051625,DRY,10,5/13/2026,6/30/2026,5/16/2026,900,900,0,0,900,900
USCHI,USTIW,CNYTN,"Chicago, IL, USCHI","Tacoma, WA, USTIW","Yantian Pt, 44, CNYTN",CNYTN,YMJA,YML,051625,DRY,10,5/13/2026,6/30/2026,5/16/2026,900,900,0,0,900,900
USCHI,USLAX,JPYOK,"Chicago, IL, USCHI","Los Angeles, CA, USLAX","Yokohama, 14, JPYOK",JPYOK,YMJA,YML,051625,DRY,10,5/13/2026,6/30/2026,5/16/2026,1450,1450,0,0,1450,1450
USCHI,USSEA,JPYOK,"Chicago, IL, USCHI","Seattle, WA, USSEA","Yokohama, 14, JPYOK",JPYOK,YMJA,YML,051625,DRY,10,5/13/2026,6/30/2026,5/16/2026,1450,1450,0,0,1450,1450
USCHI,USTIW,JPYOK,"Chicago, IL, USCHI","Tacoma, WA, USTIW","Yokohama, 14, JPYOK",JPYOK,YMJA,YML,051625,DRY,10,5/13/2026,6/30/2026,5/16/2026,1450,1450,0,0,1450,1450
USLAX,USLAX,BDCGP,"Los Angeles, CA, USLAX","Los Angeles, CA, USLAX","Chattogram/Chittagong, , BDCGP",BDCGP,MAEU,Maersk,300094432,DRY,0,4/1/2026,9/30/2026,3/24/2026,2891,2891,0,0,2891,2891
USLAX,USLAX,CNAQG,"Los Angeles, CA, USLAX","Los Angeles, CA, USLAX","Anqing Pt, 34, CNAQG",CNAQG,MAEU,Maersk,300094432,DRY,0,4/1/2026,9/30/2026,3/24/2026,654,654,0,0,654,654
USLAX,USLAX,CNBHY,"Los Angeles, CA, USLAX","Los Angeles, CA, USLAX","Beihai Fucheng Apt, 45, CNBHY",CNBHY,MAEU,Maersk,300094432,DRY,0,4/1/2026,9/30/2026,3/24/2026,906,906,0,0,906,906
USLAX,USLAX,CNCHQ,"Los Angeles, CA, USLAX","Los Angeles, CA, USLAX","Chongqing Pt, 50, CNCHQ",CNCHQ,MAEU,Maersk,300094432,DRY,0,4/1/2026,9/30/2026,3/24/2026,719,719,0,0,719,719
USLAX,USLAX,CNCZX,"Los Angeles, CA, USLAX","Los Angeles, CA, USLAX","Changzhou Pt, 32, CNCZX",CNCZX,MAEU,Maersk,300094432,DRY,0,4/1/2026,9/30/2026,3/24/2026,863,863,0,0,863,863
USLAX,USLAX,CNDLC,"Los Angeles, CA, USLAX","Los Angeles, CA, USLAX","Dalian, 21, CNDLC",CNDLC,MAEU,Maersk,300094432,DRY,0,4/1/2026,9/30/2026,3/24/2026,254,254,0,0,254,254
USLAX,USLAX,CNDFG,"Los Angeles, CA, USLAX","Los Angeles, CA, USLAX","Dafeng Pt, 22, CNDFG",CNDFG,MAEU,Maersk,300094432,DRY,0,4/1/2026,9/30/2026,3/24/2026,349,349,0,0,349,349
USLAX,USLAX,CNFAN,"Los Angeles, CA, USLAX","Los Angeles, CA, USLAX","Fangcheng Pt, 45, CNFAN",CNFAN,MAEU,Maersk,300094432,DRY,0,4/1/2026,9/30/2026,3/24/2026,956,956,0,0,956,956
USLAX,USLAX,CNFZG,"Los Angeles, CA, USLAX","Los Angeles, CA, USLAX","Fuzhou Pt, 23, CNFZG",CNFZG,MAEU,Maersk,300094432,DRY,0,4/1/2026,9/30/2026,3/24/2026,712,712,0,0,712,712
USLAX,USLAX,CNGOM,"Los Angeles, CA, USLAX","Los Angeles, CA, USLAX","Gaoming Pt, 44, CNGOM",CNGOM,MAEU,Maersk,300094432,DRY,0,4/1/2026,9/30/2026,3/24/2026,631,631,0,0,631,631
USLAX,USLAX,CNHUA,"Los Angeles, CA, USLAX","Los Angeles, CA, USLAX","Huangpu Pt, 44, CNHUA",CNHUA,MAEU,Maersk,300094432,DRY,0,4/1/2026,9/30/2026,3/24/2026,301,301,0,0,301,301
USLAX,USLAX,CNJIA,"Los Angeles, CA, USLAX","Los Angeles, CA, USLAX","Jiangyin Pt, 32, CNJIA",CNJIA,MAEU,Maersk,300094432,DRY,0,4/1/2026,9/30/2026,3/24/2026,479,479,0,0,479,479
USLAX,USLAX,CNJIU,"Los Angeles, CA, USLAX","Los Angeles, CA, USLAX","Jiujiang Pt, 36, CNJIU",CNJIU,MAEU,Maersk,300094432,DRY,0,4/1/2026,9/30/2026,3/24/2026,1175,1175,0,0,1175,1175
USLAX,USLAX,CNJMN,"Los Angeles, CA, USLAX","Los Angeles, CA, USLAX","Jiangmen Pt, 44, CNJMN",CNJMN,MAEU,Maersk,300094432,DRY,0,4/1/2026,9/30/2026,3/24/2026,601,601,0,0,601,601
USLAX,USLAX,CNLYG,"Los Angeles, CA, USLAX","Los Angeles, CA, USLAX","Lianyungang, 32, CNLYG",CNLYG,MAEU,Maersk,300094432,DRY,0,4/1/2026,9/30/2026,3/24/2026,449,449,0,0,449,449
USLAX,USLAX,CNMAA,"Los Angeles, CA, USLAX","Los Angeles, CA, USLAX","Maanshan Pt, 34, CNMAA",CNMAA,MAEU,Maersk,300094432,DRY,0,4/1/2026,9/30/2026,3/24/2026,742,742,0,0,742,742
USLAX,USLAX,CNMAW,"Los Angeles, CA, USLAX","Los Angeles, CA, USLAX","Mawei Pt, 35, CNMAW",CNMAW,MAEU,Maersk,300094432,DRY,0,4/1/2026,9/30/2026,3/24/2026,742,742,0,0,742,742
USLAX,USLAX,CNNBG,"Los Angeles, CA, USLAX","Los Angeles, CA, USLAX","Ningbo Pt, 33, CNNBG",CNNBG,MAEU,Maersk,300094432,DRY,0,4/1/2026,9/30/2026,3/24/2026,161,161,0,0,161,161
USLAX,USLAX,CNNJG,"Los Angeles, CA, USLAX","Los Angeles, CA, USLAX","Nanjing Pt, 35, CNNJG",CNNJG,MAEU,Maersk,300094432,DRY,0,4/1/2026,9/30/2026,3/24/2026,742,742,0,0,742,742
USLAX,USLAX,CNNTG,"Los Angeles, CA, USLAX","Los Angeles, CA, USLAX","Nantong Pt, 32, CNNTG",CNNTG,MAEU,Maersk,300094432,DRY,0,4/1/2026,9/30/2026,3/24/2026,604,604,0,0,604,604
USLAX,USLAX,CNTAO,"Los Angeles, CA, USLAX","Los Angeles, CA, USLAX","Qingdao, 37, CNTAO",CNTAO,MAEU,Maersk,300094432,DRY,0,4/1/2026,9/30/2026,3/24/2026,117,117,0,0,117,117
USLAX,USLAX,CNQZH,"Los Angeles, CA, USLAX","Los Angeles, CA, USLAX","Qinzhou Pt, 45, CNQZH",CNQZH,MAEU,Maersk,300094432,DRY,0,4/1/2026,9/30/2026,3/24/2026,1304,1304,0,0,1304,1304
USLAX,USLAX,CNRUG,"Los Angeles, CA, USLAX","Los Angeles, CA, USLAX","Rugao Pt, 32, CNRUG",CNRUG,MAEU,Maersk,300094432,DRY,0,4/1/2026,9/30/2026,3/24/2026,384,384,0,0,384,384
USLAX,USLAX,CNSHA,"Los Angeles, CA, USLAX","Los Angeles, CA, USLAX","Shanghai, 31, CNSHA",CNSHA,MAEU,Maersk,300094432,DRY,0,4/1/2026,9/30/2026,3/24/2026,92,92,0,0,92,92
USLAX,USLAX,CNTXG,"Los Angeles, CA, USLAX","Los Angeles, CA, USLAX","Tianjin Xingang Pt, 12, CNTXG",CNTXG,MAEU,Maersk,300094432,DRY,0,4/1/2026,9/30/2026,3/24/2026,151,151,0,0,151,151
USLAX,USLAX,CNWHG,"Los Angeles, CA, USLAX","Los Angeles, CA, USLAX","Wuhan Pt, 42, CNWHG",CNWHG,MAEU,Maersk,300094432,DRY,0,4/1/2026,9/30/2026,3/24/2026,679,679,0,0,679,679
USLAX,USLAX,CNWHI,"Los Angeles, CA, USLAX","Los Angeles, CA, USLAX","Wuhu Pt, 34, CNWHI",CNWHI,MAEU,Maersk,300094432,DRY,0,4/1/2026,9/30/2026,3/24/2026,762,762,0,0,762,762
USLAX,USLAX,CNWUZ,"Los Angeles, CA, USLAX","Los Angeles, CA, USLAX","Wuzhou Pt, 45, CNWUZ",CNWUZ,MAEU,Maersk,300094432,DRY,0,4/1/2026,9/30/2026,3/24/2026,651,651,0,0,651,651
USLAX,USLAX,CNXIN,"Los Angeles, CA, USLAX","Los Angeles, CA, USLAX","Xinhui Pt, 44, CNXIN",CNXIN,MAEU,Maersk,300094432,DRY,0,4/1/2026,9/30/2026,3/24/2026,631,631,0,0,631,631
USLAX,USLAX,CNXMN,"Los Angeles, CA, USLAX","Los Angeles, CA, USLAX","Xiamen, 35, CNXMN",CNXMN,MAEU,Maersk,300094432,DRY,0,4/1/2026,9/30/2026,3/24/2026,161,161,0,0,161,161
USLAX,USLAX,CNYTN,"Los Angeles, CA, USLAX","Los Angeles, CA, USLAX","Yantian Pt, 44, CNYTN",CNYTN,MAEU,Maersk,300094432,DRY,0,4/1/2026,9/30/2026,3/24/2026,521,521,0,0,521,521
USLAX,USLAX,CNYYA,"Los Angeles, CA, USLAX","Los Angeles, CA, USLAX","Yueyang, 50, CNYYA",CNYYA,MAEU,Maersk,300094432,DRY,0,4/1/2026,9/30/2026,3/24/2026,549,549,0,0,549,549
USLAX,USLAX,CNZGA,"Los Angeles, CA, USLAX","Los Angeles, CA, USLAX","Zhongshan, 45, CNZGA",CNZGA,MAEU,Maersk,300094432,DRY,0,4/1/2026,9/30/2026,3/24/2026,621,621,0,0,621,621
USLAX,USLAX,CNZHU,"Los Angeles, CA, USLAX","Los Angeles, CA, USLAX","Zhuao, 41, CNZHU",CNZHU,MAEU,Maersk,300094432,DRY,0,4/1/2026,9/30/2026,3/24/2026,591,591,0,0,591,591
USLAX,USLAX,CNZJG,"Los Angeles, CA, USLAX","Los Angeles, CA, USLAX","Zhangjiagang, 32, CNZJG",CNZJG,MAEU,Maersk,300094432,DRY,0,4/1/2026,9/30/2026,3/24/2026,924,924,0,0,924,924
USLAX,USLAX,CNZNG,"Los Angeles, CA, USLAX","Los Angeles, CA, USLAX","Zhanjiang Pt, 44, CNZNG",CNZNG,MAEU,Maersk,300094432,DRY,0,4/1/2026,9/30/2026,3/24/2026,731,731,0,0,731,731
USLAX,USLAX,HKHKG,"Los Angeles, CA, USLAX","Los Angeles, CA, USLAX","Hong Kong, , HKHKG",HKHKG,MAEU,Maersk,300094432,DRY,0,4/1/2026,9/30/2026,3/24/2026,284,284,0,0,284,284
USLAX,USLAX,IDBLW,"Los Angeles, CA, USLAX","Los Angeles, CA, USLAX","Belawan, , IDBLW",IDBLW,MAEU,Maersk,300094432,DRY,0,4/1/2026,9/30/2026,3/24/2026,881,881,0,0,881,881
USLAX,USLAX,IDJKT,"Los Angeles, CA, USLAX","Los Angeles, CA, USLAX","Jakarta, JK, IDJKT",IDJKT,MAEU,Maersk,300094432,DRY,0,4/1/2026,9/30/2026,3/24/2026,574,574,0,0,574,574
USLAX,USLAX,IDSRG,"Los Angeles, CA, USLAX","Los Angeles, CA, USLAX","Semarang, JT, IDSRG",IDSRG,MAEU,Maersk,300094432,DRY,0,4/1/2026,9/30/2026,3/24/2026,574,574,0,0,574,574
USLAX,USLAX,IDSUB,"Los Angeles, CA, USLAX","Los Angeles, CA, USLAX","Surabaya, JI, IDSUB",IDSUB,MAEU,Maersk,300094432,DRY,0,4/1/2026,9/30/2026,3/24/2026,574,574,0,0,574,574
USLAX,USLAX,INCOK,"Los Angeles, CA, USLAX","Los Angeles, CA, USLAX","Cochin, KL, INCOK",INCOK,MAEU,Maersk,300094432,DRY,0,4/1/2026,9/30/2026,3/24/2026,3434,3434,0,0,3434,3434
USLAX,USLAX,INMAA,"Los Angeles, CA, USLAX","Los Angeles, CA, USLAX","Chennai (ex Madras), TN, INMAA",INMAA,MAEU,Maersk,300094432,DRY,0,4/1/2026,9/30/2026,3/24/2026,2934,2934,0,0,2934,2934
USLAX,USLAX,INMUN,"Los Angeles, CA, USLAX","Los Angeles, CA, USLAX","Mundra, GJ, INMUN",INMUN,MAEU,Maersk,300094432,DRY,0,4/1/2026,9/30/2026,3/24/2026,1782,1782,0,0,1782,1782
USLAX,USLAX,INNSA,"Los Angeles, CA, USLAX","Los Angeles, CA, USLAX","Nhava Sheva, MH, INNSA",INNSA,MAEU,Maersk,300094432,DRY,0,4/1/2026,9/30/2026,3/24/2026,1682,1682,0,0,1682,1682
USLAX,USLAX,INTUT,"Los Angeles, CA, USLAX","Los Angeles, CA, USLAX","Tuticorin, TN, INTUT",INTUT,MAEU,Maersk,300094432,DRY,0,4/1/2026,9/30/2026,3/24/2026,1982,1982,0,0,1982,1982
USLAX,USLAX,JPHTD,"Los Angeles, CA, USLAX","Los Angeles, CA, USLAX","Hakata, 38, JPHTD",JPHTD,MAEU,Maersk,300094432,DRY,0,4/1/2026,9/30/2026,3/24/2026,746,746,0,0,746,746
USLAX,USLAX,JPMOJ,"Los Angeles, CA, USLAX","Los Angeles, CA, USLAX","Moji/Kitakyushu, 40, JPMOJ",JPMOJ,MAEU,Maersk,300094432,DRY,0,4/1/2026,9/30/2026,3/24/2026,694,694,0,0,694,694
USLAX,USLAX,JPNGO,"Los Angeles, CA, USLAX","Los Angeles, CA, USLAX","Nagoya, Aichi, 23, JPNGO",JPNGO,MAEU,Maersk,300094432,DRY,0,4/1/2026,9/30/2026,3/24/2026,244,244,0,0,244,244
USLAX,USLAX,JPOSA,"Los Angeles, CA, USLAX","Los Angeles, CA, USLAX","Osaka, 27, JPOSA","Yokohama, JP",MAEU,Maersk,300094432,DRY,0,4/1/2026,9/30/2026,3/24/2026,504,504,0,0,504,504
USLAX,USLAX,JPTYO,"Los Angeles, CA, USLAX","Los Angeles, CA, USLAX","Tokyo, 13, JPTYO","Yokohama, JP",MAEU,Maersk,300094432,DRY,0,4/1/2026,9/30/2026,3/24/2026,454,454,0,0,454,454
USLAX,USLAX,JPUKB,"Los Angeles, CA, USLAX","Los Angeles, CA, USLAX","Kobe, 28, JPUKB",JPUKB,MAEU,Maersk,300094432,DRY,0,4/1/2026,9/30/2026,3/24/2026,331,331,0,0,331,331
USLAX,USLAX,JPYKK,"Los Angeles, CA, USLAX","Los Angeles, CA, USLAX","Yokkaichi, 24, JPYKK","Nagoya, JP",MAEU,Maersk,300094432,DRY,0,4/1/2026,9/30/2026,3/24/2026,531.18,531.18,0,0,531.18,531.18
USLAX,USLAX,JPYOK,"Los Angeles, CA, USLAX","Los Angeles, CA, USLAX","Yokohama, 14, JPYOK",JPYOK,MAEU,Maersk,300094432,DRY,0,4/1/2026,9/30/2026,3/24/2026,706,706,0,0,706,706
USLAX,USLAX,KRPUS,"Los Angeles, CA, USLAX","Los Angeles, CA, USLAX","Busan, 26, KRPUS",KRPUS,MAEU,Maersk,300094432,DRY,0,4/1/2026,9/30/2026,3/24/2026,234,234,0,0,234,234
USLAX,USLAX,MYPEN,"Los Angeles, CA, USLAX","Los Angeles, CA, USLAX","Penang, , MYPEN",MYPEN,MAEU,Maersk,300094432,DRY,0,4/1/2026,9/30/2026,3/24/2026,828,828,0,0,828,828
USLAX,USLAX,MYPGU,"Los Angeles, CA, USLAX","Los Angeles, CA, USLAX","Pasir Gudang, Johor, , MYPGU","Tanjung Pelepas, MY",MAEU,Maersk,300094432,DRY,0,4/1/2026,9/30/2026,3/24/2026,591,591,0,0,591,591
USLAX,USLAX,MYPKG,"Los Angeles, CA, USLAX","Los Angeles, CA, USLAX","Port Klang, 10, MYPKG",MYPKG,MAEU,Maersk,300094432,DRY,0,4/1/2026,9/30/2026,3/24/2026,751,751,0,0,751,751
USLAX,USLAX,MYTPP,"Los Angeles, CA, USLAX","Los Angeles, CA, USLAX","Tanjung Pelepas, 1, MYTPP",MYTPP,MAEU,Maersk,300094432,DRY,0,4/1/2026,9/30/2026,3/24/2026,391,391,0,0,391,391
USLAX,USLAX,PHCEB,"Los Angeles, CA, USLAX","Los Angeles, CA, USLAX","Cebu, , PHCEB",PHCEB,MAEU,Maersk,300094432,DRY,0,4/1/2026,9/30/2026,3/24/2026,901,901,0,0,901,901
USLAX,USLAX,PHMNL,"Los Angeles, CA, USLAX","Los Angeles, CA, USLAX","Manila, , PHMNL",PHMNL,MAEU,Maersk,300094432,DRY,0,4/1/2026,9/30/2026,3/24/2026,801,801,0,0,801,801
USLAX,USLAX,PKBQM,"Los Angeles, CA, USLAX","Los Angeles, CA, USLAX","Port Qasim/Karachi, SD, PKBQM","Keamari Karachi, PK",MAEU,Maersk,300094432,DRY,0,4/1/2026,9/30/2026,3/24/2026,1982,1982,0,0,1982,1982
USLAX,USLAX,SGSIN,"Los Angeles, CA, USLAX","Los Angeles, CA, USLAX","Singapore, , SGSIN",SGSIN,MAEU,Maersk,300094432,DRY,0,4/1/2026,9/30/2026,3/24/2026,761,761,0,0,761,761
USLAX,USLAX,THBKK,"Los Angeles, CA, USLAX","Los Angeles, CA, USLAX","Bangkok, , THBKK","Laem Chabang, TH",MAEU,Maersk,300094432,DRY,0,4/1/2026,9/30/2026,3/24/2026,374,374,0,0,374,374
USLAX,USLAX,THLCH,"Los Angeles, CA, USLAX","Los Angeles, CA, USLAX","Laem Chabang, 20, THLCH",THLCH,MAEU,Maersk,300094432,DRY,0,4/1/2026,9/30/2026,3/24/2026,374,374,0,0,374,374
USLAX,USLAX,TWKEL,"Los Angeles, CA, USLAX","Los Angeles, CA, USLAX","Keelung, , TWKEL",TWKEL,MAEU,Maersk,300094432,DRY,0,4/1/2026,9/30/2026,3/24/2026,734,734,0,0,734,734
USLAX,USLAX,TWKHH,"Los Angeles, CA, USLAX","Los Angeles, CA, USLAX","Kaohsiung, , TWKHH",TWKHH,MAEU,Maersk,300094432,DRY,0,4/1/2026,9/30/2026,3/24/2026,484,484,0,0,484,484
USLAX,USLAX,TWTXG,"Los Angeles, CA, USLAX","Los Angeles, CA, USLAX","Taichung, , TWTXG",TWTXG,MAEU,Maersk,300094432,DRY,0,4/1/2026,9/30/2026,3/24/2026,477,477,0,0,477,477
USLAX,USLAX,TWTYN,"Los Angeles, CA, USLAX","Los Angeles, CA, USLAX","Taoyuan, , TWTYN","Keelung, TW",MAEU,Maersk,300094432,DRY,0,4/1/2026,9/30/2026,3/24/2026,834,834,0,0,834,834
USLAX,USLAX,TZDAR,"Los Angeles, CA, USLAX","Los Angeles, CA, USLAX","Dar es Salaam, , TZDAR",TZDAR,MAEU,Maersk,300094432,DRY,0,4/1/2026,9/30/2026,3/24/2026,2806,2806,0,0,2806,2806
USLAX,USLAX,VNDAD,"Los Angeles, CA, USLAX","Los Angeles, CA, USLAX","Da Nang, , VNDAD",VNDAD,MAEU,Maersk,300094432,DRY,0,4/1/2026,9/30/2026,3/24/2026,434,434,0,0,434,434
USLAX,USLAX,VNHPH,"Los Angeles, CA, USLAX","Los Angeles, CA, USLAX","Haiphong, , VNHPH",VNHPH,MAEU,Maersk,300094432,DRY,0,4/1/2026,9/30/2026,3/24/2026,289,289,0,0,289,289
USLAX,USLAX,VNSGN,"Los Angeles, CA, USLAX","Los Angeles, CA, USLAX","Ho Chi Minh City, , VNSGN","Vung Tau, VN",MAEU,Maersk,300094432,DRY,0,4/1/2026,9/30/2026,3/24/2026,289,289,0,0,289,289
USLAX,USLAX,VNUIH,"Los Angeles, CA, USLAX","Los Angeles, CA, USLAX","Qui Nhon, , VNUIH",VNUIH,MAEU,Maersk,300094432,DRY,0,4/1/2026,9/30/2026,3/24/2026,1028,1028,0,0,1028,1028
USLAX,USLAX,VNVUT,"Los Angeles, CA, USLAX","Los Angeles, CA, USLAX","Vung Tau, 43, VNVUT",VNVUT,MAEU,Maersk,300094432,DRY,0,4/1/2026,9/30/2026,3/24/2026,289,289,0,0,289,289
USLAX,USLAX,CRCAL,"Los Angeles, CA, USLAX","Los Angeles, CA, USLAX","Caldera, P, CRCAL",CRCAL,ONEY,ONE,CHIM354B25,DRY,15,5/16/2026,6/30/2026,5/6/2026,1650,1650,0,0,1650,1650
USLAX,USLAX,GTPRQ,"Los Angeles, CA, USLAX","Los Angeles, CA, USLAX","Puerto Quetzal, , GTPRQ",GTPRQ,ONEY,ONE,CHIM354B25,DRY,15,5/16/2026,6/30/2026,5/6/2026,1650,1650,0,0,1650,1650
USLAX,USLAX,PAMIT,"Los Angeles, CA, USLAX","Los Angeles, CA, USLAX","Manzanillo, , PAMIT",PAMIT,ONEY,ONE,CHIM354B25,DRY,15,5/16/2026,6/30/2026,5/6/2026,1350,1350,0,0,1350,1350
USLAX,USLAX,PAROD,"Los Angeles, CA, USLAX","Los Angeles, CA, USLAX","Rodman, 8, PAROD",PAROD,ONEY,ONE,CHIM354B25,DRY,15,5/16/2026,6/30/2026,5/6/2026,1550,1550,0,0,1550,1550
USLAX,USLAX,MXLZC,"Los Angeles, CA, USLAX","Los Angeles, CA, USLAX","Lazaro Cardenas, MIC, MXLZC",MXLZC,ONEY,ONE,CHIM354B25,DRY,15,5/16/2026,6/30/2026,5/6/2026,1350,1350,0,0,1350,1350
USLAX,USLAX,MXZLO,"Los Angeles, CA, USLAX","Los Angeles, CA, USLAX","Manzanillo, COL, MXZLO",MXZLO,ONEY,ONE,CHIM354B25,DRY,15,5/16/2026,6/30/2026,5/6/2026,1350,1350,0,0,1350,1350
USLAX,USLAX,CLARI,"Los Angeles, CA, USLAX","Los Angeles, CA, USLAX","Arica, TA, CLARI",CLARI,ONEY,ONE,CHIM354B25,DRY,15,5/16/2026,6/30/2026,5/6/2026,2150,2150,0,0,2150,2150
USLAX,USLAX,CLSAI,"Los Angeles, CA, USLAX","Los Angeles, CA, USLAX","San Antonio, VS, CLSAI",CLSAI,ONEY,ONE,CHIM354B25,DRY,15,5/16/2026,6/30/2026,5/6/2026,1650,1650,0,0,1650,1650
USLAX,USLAX,CLVAP,"Los Angeles, CA, USLAX","Los Angeles, CA, USLAX","Valparaiso, VS, CLVAP",CLVAP,ONEY,ONE,CHIM354B25,DRY,15,5/16/2026,6/30/2026,5/6/2026,1650,1650,0,0,1650,1650
USLAX,USLAX,COBUN,"Los Angeles, CA, USLAX","Los Angeles, CA, USLAX","Buenaventura, , COBUN",COBUN,ONEY,ONE,CHIM354B25,DRY,15,5/16/2026,6/30/2026,5/6/2026,1100,1100,0,0,1100,1100
USLAX,USLAX,ECGYE,"Los Angeles, CA, USLAX","Los Angeles, CA, USLAX","Guayaquil, G, ECGYE",ECGYE,ONEY,ONE,CHIM354B25,DRY,15,5/16/2026,6/30/2026,5/6/2026,1650,1650,0,0,1650,1650
USLAX,USLAX,PECLL,"Los Angeles, CA, USLAX","Los Angeles, CA, USLAX","Callao, , PECLL",PECLL,ONEY,ONE,CHIM354B25,DRY,15,5/16/2026,6/30/2026,5/6/2026,1050,1050,0,0,1050,1050
USLAX,USLAX,PEPAI,"Los Angeles, CA, USLAX","Los Angeles, CA, USLAX","Paita, , PEPAI",PEPAI,ONEY,ONE,CHIM354B25,DRY,15,5/16/2026,6/30/2026,5/6/2026,1650,1650,0,0,1650,1650
USLAX,USLAX,CNAQG,"Los Angeles, CA, USLAX","Los Angeles, CA, USLAX","Anqing Pt, 34, CNAQG",CNAQG,ONEY,ONE,CHIM354B25,DRY,15,5/16/2026,6/30/2026,5/6/2026,610,610,0,0,610,610
USLAX,USLAX,CNCAN,"Los Angeles, CA, USLAX","Los Angeles, CA, USLAX","Guangzhou Baiyun, 44, CNCAN",CNCAN,ONEY,ONE,CHIM354B25,DRY,15,5/16/2026,6/30/2026,5/6/2026,775,775,0,0,775,775
USLAX,USLAX,CNCGU,"Los Angeles, CA, USLAX","Los Angeles, CA, USLAX","Changshu, 32, CNCGU",CNCGU,ONEY,ONE,CHIM354B25,DRY,15,5/16/2026,6/30/2026,5/6/2026,675,675,0,0,675,675
USLAX,USLAX,CNCKG,"Los Angeles, CA, USLAX","Los Angeles, CA, USLAX","Chongqing Jiangbei, 51, CNCKG",CNCKG,ONEY,ONE,CHIM354B25,DRY,15,5/16/2026,6/30/2026,5/6/2026,965,965,0,0,965,965
USLAX,USLAX,CNDOU,"Los Angeles, CA, USLAX","Los Angeles, CA, USLAX","Doumen Pt, 44, CNDOU",CNDOU,ONEY,ONE,CHIM354B25,DRY,15,5/16/2026,6/30/2026,5/6/2026,675,675,0,0,675,675
USLAX,USLAX,CNFOC,"Los Angeles, CA, USLAX","Los Angeles, CA, USLAX","Fuzhou Changle, 35, CNFOC",CNFOC,ONEY,ONE,CHIM354B25,DRY,15,5/16/2026,6/30/2026,5/6/2026,800,800,0,0,800,800
USLAX,USLAX,CNGON,"Los Angeles, CA, USLAX","Los Angeles, CA, USLAX","Gaolan, 44, CNGON",CNGON,ONEY,ONE,CHIM354B25,DRY,15,5/16/2026,6/30/2026,5/6/2026,785,785,0,0,785,785
USLAX,USLAX,CNHUA,"Los Angeles, CA, USLAX","Los Angeles, CA, USLAX","Huangpu Pt, 44, CNHUA",CNHUA,ONEY,ONE,CHIM354B25,DRY,15,5/16/2026,6/30/2026,5/6/2026,450,450,0,0,450,450
USLAX,USLAX,CNLYG,"Los Angeles, CA, USLAX","Los Angeles, CA, USLAX","Lianyungang, 32, CNLYG",CNLYG,ONEY,ONE,CHIM354B25,DRY,15,5/16/2026,6/30/2026,5/6/2026,690,690,0,0,690,690
USLAX,USLAX,CNNBG,"Los Angeles, CA, USLAX","Los Angeles, CA, USLAX","Ningbo Pt, 33, CNNBG",CNNBG,ONEY,ONE,CHIM354B25,DRY,15,5/16/2026,6/30/2026,5/6/2026,510,510,0,0,510,510
USLAX,USLAX,CNNKG,"Los Angeles, CA, USLAX","Los Angeles, CA, USLAX","Nanjing Lukou, 32, CNNKG",CNNKG,ONEY,ONE,CHIM354B25,DRY,15,5/16/2026,6/30/2026,5/6/2026,560,560,0,0,560,560
USLAX,USLAX,CNNSA,"Los Angeles, CA, USLAX","Los Angeles, CA, USLAX","Nansha Pt, 44, CNNSA",CNNSA,ONEY,ONE,CHIM354B25,DRY,15,5/16/2026,6/30/2026,5/6/2026,650,650,0,0,650,650
USLAX,USLAX,CNNTG,"Los Angeles, CA, USLAX","Los Angeles, CA, USLAX","Nantong Pt, 32, CNNTG",CNNTG,ONEY,ONE,CHIM354B25,DRY,15,5/16/2026,6/30/2026,5/6/2026,490,490,0,0,490,490
USLAX,USLAX,CNTAO,"Los Angeles, CA, USLAX","Los Angeles, CA, USLAX","Qingdao, 37, CNTAO",CNTAO,ONEY,ONE,CHIM354B25,DRY,15,5/16/2026,6/30/2026,5/6/2026,460,460,0,0,460,460
USLAX,USLAX,CNSHA,"Los Angeles, CA, USLAX","Los Angeles, CA, USLAX","Shanghai, 31, CNSHA",CNSHA,ONEY,ONE,CHIM354B25,DRY,15,5/16/2026,6/30/2026,5/6/2026,460,460,0,0,460,460
USLAX,USLAX,CNSHK,"Los Angeles, CA, USLAX","Los Angeles, CA, USLAX","Shekou Pt, 44, CNSHK",CNSHK,ONEY,ONE,CHIM354B25,DRY,15,5/16/2026,6/30/2026,5/6/2026,380,380,0,0,380,380
USLAX,USLAX,CNTXG,"Los Angeles, CA, USLAX","Los Angeles, CA, USLAX","Tianjin Xingang Pt, 12, CNTXG",CNTXG,ONEY,ONE,CHIM354B25,DRY,15,5/16/2026,6/30/2026,5/6/2026,710,710,0,0,710,710
USLAX,USLAX,CNWUH,"Los Angeles, CA, USLAX","Los Angeles, CA, USLAX","Wuhan Tianhe, 42, CNWUH",CNWUH,ONEY,ONE,CHIM354B25,DRY,15,5/16/2026,6/30/2026,5/6/2026,710,710,0,0,710,710
USLAX,USLAX,CNWUZ,"Los Angeles, CA, USLAX","Los Angeles, CA, USLAX","Wuzhou Pt, 45, CNWUZ",CNWUZ,ONEY,ONE,CHIM354B25,DRY,15,5/16/2026,6/30/2026,5/6/2026,710,710,0,0,710,710
USLAX,USLAX,CNXMN,"Los Angeles, CA, USLAX","Los Angeles, CA, USLAX","Xiamen, 35, CNXMN",CNXMN,ONEY,ONE,CHIM354B25,DRY,15,5/16/2026,6/30/2026,5/6/2026,810,810,0,0,810,810
USLAX,USLAX,CNYNT,"Los Angeles, CA, USLAX","Los Angeles, CA, USLAX","Yantai Laishan, 37, CNYNT",CNYNT,ONEY,ONE,CHIM354B25,DRY,15,5/16/2026,6/30/2026,5/6/2026,625,625,0,0,625,625
USLAX,USLAX,CNYTN,"Los Angeles, CA, USLAX","Los Angeles, CA, USLAX","Yantian Pt, 44, CNYTN",CNYTN,ONEY,ONE,CHIM354B25,DRY,15,5/16/2026,6/30/2026,5/6/2026,390,390,0,0,390,390
USLAX,USLAX,CNYYA,"Los Angeles, CA, USLAX","Los Angeles, CA, USLAX","Yueyang, 50, CNYYA",CNYYA,ONEY,ONE,CHIM354B25,DRY,15,5/16/2026,6/30/2026,5/6/2026,940,940,0,0,940,940
USLAX,USLAX,CNZJG,"Los Angeles, CA, USLAX","Los Angeles, CA, USLAX","Zhangjiagang, 32, CNZJG",CNZJG,ONEY,ONE,CHIM354B25,DRY,15,5/16/2026,6/30/2026,5/6/2026,660,660,0,0,660,660
USLAX,USLAX,CNZSN,"Los Angeles, CA, USLAX","Los Angeles, CA, USLAX","Zhongshan Pt, 44, CNZSN",CNZSN,ONEY,ONE,CHIM354B25,DRY,15,5/16/2026,6/30/2026,5/6/2026,550,550,0,0,550,550
USLAX,USLAX,CNZUH,"Los Angeles, CA, USLAX","Los Angeles, CA, USLAX","Zhuhai Pt, 44, CNZUH",CNZUH,ONEY,ONE,CHIM354B25,DRY,15,5/16/2026,6/30/2026,5/6/2026,710,710,0,0,710,710
USLAX,USLAX,HKHKG,"Los Angeles, CA, USLAX","Los Angeles, CA, USLAX","Hong Kong, , HKHKG",HKHKG,ONEY,ONE,CHIM354B25,DRY,15,5/16/2026,6/30/2026,5/6/2026,660,660,0,0,660,660
USLAX,USLAX,IDBLW,"Los Angeles, CA, USLAX","Los Angeles, CA, USLAX","Belawan, , IDBLW",IDBLW,ONEY,ONE,CHIM354B25,DRY,15,5/16/2026,6/30/2026,5/6/2026,960,960,0,0,960,960
USLAX,USLAX,IDCKR,"Los Angeles, CA, USLAX","Los Angeles, CA, USLAX","Cikarang, JB, IDCKR",IDCKR,ONEY,ONE,CHIM354B25,DRY,15,5/16/2026,6/30/2026,5/6/2026,1100,1100,0,0,1100,1100
USLAX,USLAX,IDJKT,"Los Angeles, CA, USLAX","Los Angeles, CA, USLAX","Jakarta, JK, IDJKT",IDJKT,ONEY,ONE,CHIM354B25,DRY,15,5/16/2026,6/30/2026,5/6/2026,735,735,0,0,735,735
USLAX,USLAX,IDSRG,"Los Angeles, CA, USLAX","Los Angeles, CA, USLAX","Semarang, JT, IDSRG",IDSRG,ONEY,ONE,CHIM354B25,DRY,15,5/16/2026,6/30/2026,5/6/2026,880,880,0,0,880,880
USLAX,USLAX,IDSUB,"Los Angeles, CA, USLAX","Los Angeles, CA, USLAX","Surabaya, JI, IDSUB",IDSUB,ONEY,ONE,CHIM354B25,DRY,15,5/16/2026,6/30/2026,5/6/2026,785,785,0,0,785,785
USLAX,USLAX,JPHIJ,"Los Angeles, CA, USLAX","Los Angeles, CA, USLAX","Hiroshima, 34, JPHIJ",JPHIJ,ONEY,ONE,CHIM354B25,DRY,15,5/16/2026,6/30/2026,5/6/2026,1050,1050,0,0,1050,1050
USLAX,USLAX,JPHSM,"Los Angeles, CA, USLAX","Los Angeles, CA, USLAX","Hososhima, 45, JPHSM",JPHSM,ONEY,ONE,CHIM354B25,DRY,15,5/16/2026,6/30/2026,5/6/2026,1150,1150,0,0,1150,1150
USLAX,USLAX,JPIYM,"Los Angeles, CA, USLAX","Los Angeles, CA, USLAX","Iyomishima, 38, JPIYM",JPIYM,ONEY,ONE,CHIM354B25,DRY,15,5/16/2026,6/30/2026,5/6/2026,1210,1210,0,0,1210,1210
USLAX,USLAX,JPKCZ,"Los Angeles, CA, USLAX","Los Angeles, CA, USLAX","Kochi, 39, JPKCZ",JPKCZ,ONEY,ONE,CHIM354B25,DRY,15,5/16/2026,6/30/2026,5/6/2026,1350,1350,0,0,1350,1350
USLAX,USLAX,JPKIJ,"Los Angeles, CA, USLAX","Los Angeles, CA, USLAX","Niigata, 15, JPKIJ",JPKIJ,ONEY,ONE,CHIM354B25,DRY,15,5/16/2026,6/30/2026,5/6/2026,1110,1110,0,0,1110,1110
USLAX,USLAX,JPMOJ,"Los Angeles, CA, USLAX","Los Angeles, CA, USLAX","Moji/Kitakyushu, 40, JPMOJ",JPMOJ,ONEY,ONE,CHIM354B25,DRY,15,5/16/2026,6/30/2026,5/6/2026,800,800,0,0,800,800
USLAX,USLAX,JPNAO,"Los Angeles, CA, USLAX","Los Angeles, CA, USLAX","Naoetsu, 15, JPNAO",JPNAO,ONEY,ONE,CHIM354B25,DRY,15,5/16/2026,6/30/2026,5/6/2026,1420,1420,0,0,1420,1420
USLAX,USLAX,JPNGO,"Los Angeles, CA, USLAX","Los Angeles, CA, USLAX","Nagoya, Aichi, 23, JPNGO",JPNGO,ONEY,ONE,CHIM354B25,DRY,15,5/16/2026,6/30/2026,5/6/2026,385,385,0,0,385,385
USLAX,USLAX,JPOSA,"Los Angeles, CA, USLAX","Los Angeles, CA, USLAX","Osaka, 27, JPOSA",JPOSA,ONEY,ONE,CHIM354B25,DRY,15,5/16/2026,6/30/2026,5/6/2026,495,495,0,0,495,495
USLAX,USLAX,JPSBS,"Los Angeles, CA, USLAX","Los Angeles, CA, USLAX","Shibushi, 46, JPSBS",JPSBS,ONEY,ONE,CHIM354B25,DRY,15,5/16/2026,6/30/2026,5/6/2026,1210,1210,0,0,1210,1210
USLAX,USLAX,JPSDJ,"Los Angeles, CA, USLAX","Los Angeles, CA, USLAX","Sendai, Miyagi, 4, JPSDJ",JPSDJ,ONEY,ONE,CHIM354B25,DRY,15,5/16/2026,6/30/2026,5/6/2026,1140,1140,0,0,1140,1140
USLAX,USLAX,JPSMN,"Los Angeles, CA, USLAX","Los Angeles, CA, USLAX","Sakaiminato, 31, JPSMN",JPSMN,ONEY,ONE,CHIM354B25,DRY,15,5/16/2026,6/30/2026,5/6/2026,1450,1450,0,0,1450,1450
USLAX,USLAX,JPSMZ,"Los Angeles, CA, USLAX","Los Angeles, CA, USLAX","Shimizu, 22, JPSMZ",JPSMZ,ONEY,ONE,CHIM354B25,DRY,15,5/16/2026,6/30/2026,5/6/2026,610,610,0,0,610,610
USLAX,USLAX,JPTKS,"Los Angeles, CA, USLAX","Los Angeles, CA, USLAX","Tokushima, 36, JPTKS",JPTKS,ONEY,ONE,CHIM354B25,DRY,15,5/16/2026,6/30/2026,5/6/2026,1810,1810,0,0,1810,1810
USLAX,USLAX,JPTMK,"Los Angeles, CA, USLAX","Los Angeles, CA, USLAX","Tomakomai, 1, JPTMK",JPTMK,ONEY,ONE,CHIM354B25,DRY,15,5/16/2026,6/30/2026,5/6/2026,1610,1610,0,0,1610,1610
USLAX,USLAX,JPTYO,"Los Angeles, CA, USLAX","Los Angeles, CA, USLAX","Tokyo, 13, JPTYO",JPTYO,ONEY,ONE,CHIM354B25,DRY,15,5/16/2026,6/30/2026,5/6/2026,385,385,0,0,385,385
USLAX,USLAX,JPUKB,"Los Angeles, CA, USLAX","Los Angeles, CA, USLAX","Kobe, 28, JPUKB",JPUKB,ONEY,ONE,CHIM354B25,DRY,15,5/16/2026,6/30/2026,5/6/2026,385,385,0,0,385,385
USLAX,USLAX,JPYOK,"Los Angeles, CA, USLAX","Los Angeles, CA, USLAX","Yokohama, 14, JPYOK",JPYOK,ONEY,ONE,CHIM354B25,DRY,15,5/16/2026,6/30/2026,5/6/2026,610,610,0,0,610,610
USLAX,USLAX,KHKOS,"Los Angeles, CA, USLAX","Los Angeles, CA, USLAX","Sihanoukville (Kampong Saom), , KHKOS",KHKOS,ONEY,ONE,CHIM354B25,DRY,15,5/16/2026,6/30/2026,5/6/2026,775,775,0,0,775,775
USLAX,USLAX,KRINC,"Los Angeles, CA, USLAX","Los Angeles, CA, USLAX","Incheon, 28, KRINC",KRINC,ONEY,ONE,CHIM354B25,DRY,15,5/16/2026,6/30/2026,5/6/2026,310,310,0,0,310,310
USLAX,USLAX,KRKAN,"Los Angeles, CA, USLAX","Los Angeles, CA, USLAX","Gwangyang, 46, KRKAN",KRKAN,ONEY,ONE,CHIM354B25,DRY,15,5/16/2026,6/30/2026,5/6/2026,325,325,0,0,325,325
USLAX,USLAX,KRPUS,"Los Angeles, CA, USLAX","Los Angeles, CA, USLAX","Busan, 26, KRPUS",KRPUS,ONEY,ONE,CHIM354B25,DRY,15,5/16/2026,6/30/2026,5/6/2026,250,250,0,0,250,250
USLAX,USLAX,MMRGN,"Los Angeles, CA, USLAX","Los Angeles, CA, USLAX","Yangon, , MMRGN",MMRGN,ONEY,ONE,CHIM354B25,DRY,15,5/16/2026,6/30/2026,5/6/2026,775,775,0,0,775,775
USLAX,USLAX,MYPEN,"Los Angeles, CA, USLAX","Los Angeles, CA, USLAX","Penang, , MYPEN",MYPEN,ONEY,ONE,CHIM354B25,DRY,15,5/16/2026,6/30/2026,5/6/2026,710,710,0,0,710,710
USLAX,USLAX,MYPGU,"Los Angeles, CA, USLAX","Los Angeles, CA, USLAX","Pasir Gudang, Johor, , MYPGU",MYPGU,ONEY,ONE,CHIM354B25,DRY,15,5/16/2026,6/30/2026,5/6/2026,710,710,0,0,710,710
USLAX,USLAX,MYPKG,"Los Angeles, CA, USLAX","Los Angeles, CA, USLAX","Port Klang, 10, MYPKG",MYPKG,ONEY,ONE,CHIM354B25,DRY,15,5/16/2026,6/30/2026,5/6/2026,750,750,0,0,750,750
USLAX,USLAX,PHMNL,"Los Angeles, CA, USLAX","Los Angeles, CA, USLAX","Manila, , PHMNL",PHMNL,ONEY,ONE,CHIM354B25,DRY,15,5/16/2026,6/30/2026,5/6/2026,710,710,0,0,710,710
USLAX,USLAX,SGSIN,"Los Angeles, CA, USLAX","Los Angeles, CA, USLAX","Singapore, , SGSIN",SGSIN,ONEY,ONE,CHIM354B25,DRY,15,5/16/2026,6/30/2026,5/6/2026,475,475,0,0,475,475
USLAX,USLAX,THBKK,"Los Angeles, CA, USLAX","Los Angeles, CA, USLAX","Bangkok, , THBKK",THBKK,ONEY,ONE,CHIM354B25,DRY,15,5/16/2026,6/30/2026,5/6/2026,1230,1230,0,0,1230,1230
USLAX,USLAX,THLCH,"Los Angeles, CA, USLAX","Los Angeles, CA, USLAX","Laem Chabang, 20, THLCH",THLCH,ONEY,ONE,CHIM354B25,DRY,15,5/16/2026,6/30/2026,5/6/2026,890,890,0,0,890,890
USLAX,USLAX,THLKR,"Los Angeles, CA, USLAX","Los Angeles, CA, USLAX","Lat Krabang, 10, THLKR",THLKR,ONEY,ONE,CHIM354B25,DRY,15,5/16/2026,6/30/2026,5/6/2026,845,845,0,0,845,845
USLAX,USLAX,TWKEL,"Los Angeles, CA, USLAX","Los Angeles, CA, USLAX","Keelung, , TWKEL",TWKEL,ONEY,ONE,CHIM354B25,DRY,15,5/16/2026,6/30/2026,5/6/2026,375,375,0,0,375,375
USLAX,USLAX,TWKHH,"Los Angeles, CA, USLAX","Los Angeles, CA, USLAX","Kaohsiung, , TWKHH",TWKHH,ONEY,ONE,CHIM354B25,DRY,15,5/16/2026,6/30/2026,5/6/2026,375,375,0,0,375,375
USLAX,USLAX,TWTPE,"Los Angeles, CA, USLAX","Los Angeles, CA, USLAX","Taipei, TPE, TWTPE",TWTPE,ONEY,ONE,CHIM354B25,DRY,15,5/16/2026,6/30/2026,5/6/2026,460,460,0,0,460,460
USLAX,USLAX,TWTXG,"Los Angeles, CA, USLAX","Los Angeles, CA, USLAX","Taichung, , TWTXG",TWTXG,ONEY,ONE,CHIM354B25,DRY,15,5/16/2026,6/30/2026,5/6/2026,510,510,0,0,510,510
USLAX,USLAX,TWTYN,"Los Angeles, CA, USLAX","Los Angeles, CA, USLAX","Taoyuan, , TWTYN",TWTYN,ONEY,ONE,CHIM354B25,DRY,15,5/16/2026,6/30/2026,5/6/2026,660,660,0,0,660,660
USLAX,USLAX,VNCMT,"Los Angeles, CA, USLAX","Los Angeles, CA, USLAX","Cai Mep Terminal, 43, VNCMT",VNCMT,ONEY,ONE,CHIM354B25,DRY,15,5/16/2026,6/30/2026,5/6/2026,150,150,0,0,150,150
USLAX,USLAX,VNDAD,"Los Angeles, CA, USLAX","Los Angeles, CA, USLAX","Da Nang, , VNDAD",VNDAD,ONEY,ONE,CHIM354B25,DRY,15,5/16/2026,6/30/2026,5/6/2026,875,875,0,0,875,875
USLAX,USLAX,VNHPH,"Los Angeles, CA, USLAX","Los Angeles, CA, USLAX","Haiphong, , VNHPH",VNHPH,ONEY,ONE,CHIM354B25,DRY,15,5/16/2026,6/30/2026,5/6/2026,750,750,0,0,750,750
USLAX,USLAX,VNSGN,"Los Angeles, CA, USLAX","Los Angeles, CA, USLAX","Ho Chi Minh City, , VNSGN",VNSGN,ONEY,ONE,CHIM354B25,DRY,15,5/16/2026,6/30/2026,5/6/2026,150,150,0,0,150,150
USLAX,USLAX,BDCGP,"Los Angeles, CA, USLAX","Los Angeles, CA, USLAX","Chattogram/Chittagong, , BDCGP",BDCGP,ONEY,ONE,CHIM354B25,DRY,15,5/16/2026,6/30/2026,5/6/2026,2250,2250,0,0,2250,2250
USLAX,USLAX,INCCU,"Los Angeles, CA, USLAX","Los Angeles, CA, USLAX","Kolkata (ex Calcutta), WB, INCCU",INCCU,ONEY,ONE,CHIM354B25,DRY,15,5/16/2026,6/30/2026,5/6/2026,1860,1860,0,0,1860,1860
USLAX,USLAX,INCOK,"Los Angeles, CA, USLAX","Los Angeles, CA, USLAX","Cochin, KL, INCOK",INCOK,ONEY,ONE,CHIM354B25,DRY,15,5/16/2026,6/30/2026,5/6/2026,1860,1860,0,0,1860,1860
USLAX,USLAX,INMAA,"Los Angeles, CA, USLAX","Los Angeles, CA, USLAX","Chennai (ex Madras), TN, INMAA",INMAA,ONEY,ONE,CHIM354B25,DRY,15,5/16/2026,6/30/2026,5/6/2026,1860,1860,0,0,1860,1860
USLAX,USLAX,INMUN,"Los Angeles, CA, USLAX","Los Angeles, CA, USLAX","Mundra, GJ, INMUN",INMUN,ONEY,ONE,CHIM354B25,DRY,15,5/16/2026,6/30/2026,5/6/2026,1760,1760,0,0,1760,1760
USLAX,USLAX,INNSA,"Los Angeles, CA, USLAX","Los Angeles, CA, USLAX","Nhava Sheva, MH, INNSA",INNSA,ONEY,ONE,CHIM354B25,DRY,15,5/16/2026,6/30/2026,5/6/2026,1760,1760,0,0,1760,1760
USLAX,USLAX,INPAV,"Los Angeles, CA, USLAX","Los Angeles, CA, USLAX","Pipavav (Victor) Port, GJ, INPAV",INPAV,ONEY,ONE,CHIM354B25,DRY,15,5/16/2026,6/30/2026,5/6/2026,1050,1050,0,0,1050,1050
USLAX,USLAX,INTUT,"Los Angeles, CA, USLAX","Los Angeles, CA, USLAX","Tuticorin, TN, INTUT",INTUT,ONEY,ONE,CHIM354B25,DRY,15,5/16/2026,6/30/2026,5/6/2026,1850,1850,0,0,1850,1850
USLAX,USLAX,LKCMB,"Los Angeles, CA, USLAX","Los Angeles, CA, USLAX","Colombo, , LKCMB",LKCMB,ONEY,ONE,CHIM354B25,DRY,15,5/16/2026,6/30/2026,5/6/2026,1860,1860,0,0,1860,1860
USLAX,USLAX,PKKHI,"Los Angeles, CA, USLAX","Los Angeles, CA, USLAX","Karachi, SD, PKKHI",PKKHI,ONEY,ONE,CHIM354B25,DRY,15,5/16/2026,6/30/2026,5/6/2026,1860,1860,0,0,1860,1860
USLAX,USLAX,EGALY,"Los Angeles, CA, USLAX","Los Angeles, CA, USLAX","Alexandria, , EGALY",EGALY,ONEY,ONE,CHIM354B25,DRY,15,5/6/2026,9/30/2026,5/6/2026,3100,3100,0,0,3100,3100
USLAX,USLAX,GRPIR,"Los Angeles, CA, USLAX","Los Angeles, CA, USLAX","Piraeus, , GRPIR",GRPIR,ONEY,ONE,CHIM354B25,DRY,15,5/6/2026,9/30/2026,5/6/2026,3100,3100,0,0,3100,3100
USLAX,USLAX,ILHFA,"Los Angeles, CA, USLAX","Los Angeles, CA, USLAX","Haifa, , ILHFA",ILHFA,ONEY,ONE,CHIM354B25,DRY,15,5/6/2026,9/30/2026,5/6/2026,3100,3100,0,0,3100,3100
USLAX,USLAX,PTLEI,"Los Angeles, CA, USLAX","Los Angeles, CA, USLAX","Leixoes, 13, PTLEI",PTLEI,ONEY,ONE,CHIM354B25,DRY,15,5/6/2026,9/30/2026,5/6/2026,2660,2660,0,0,2660,2660
USLAX,USLAX,PTLIS,"Los Angeles, CA, USLAX","Los Angeles, CA, USLAX","Lisboa, 11, PTLIS",PTLIS,ONEY,ONE,CHIM354B25,DRY,15,5/6/2026,9/30/2026,5/6/2026,3010,3010,0,0,3010,3010
USLAX,USLAX,BEANR,"Los Angeles, CA, USLAX","Los Angeles, CA, USLAX","Antwerp, VAN, BEANR",BEANR,ONEY,ONE,CHIM354B25,DRY,15,5/16/2026,6/30/2026,5/6/2026,2022,2022,0,0,2022,2022
USLAX,USLAX,DEBRE,"Los Angeles, CA, USLAX","Los Angeles, CA, USLAX","Bremen, HB, DEBRE",DEBRE,ONEY,ONE,CHIM354B25,DRY,15,5/16/2026,6/30/2026,5/6/2026,2322,2322,0,0,2322,2322
USLAX,USLAX,DEBRV,"Los Angeles, CA, USLAX","Los Angeles, CA, USLAX","Bremerhaven, HB, DEBRV",DEBRV,ONEY,ONE,CHIM354B25,DRY,15,5/16/2026,6/30/2026,5/6/2026,2672,2672,0,0,2672,2672
USLAX,USLAX,DEHAM,"Los Angeles, CA, USLAX","Los Angeles, CA, USLAX","Hamburg, HH, DEHAM",DEHAM,ONEY,ONE,CHIM354B25,DRY,15,5/16/2026,6/30/2026,5/6/2026,2022,2022,0,0,2022,2022
USLAX,USLAX,FRLEH,"Los Angeles, CA, USLAX","Los Angeles, CA, USLAX","Le Havre, 76, FRLEH",FRLEH,ONEY,ONE,CHIM354B25,DRY,15,5/16/2026,6/30/2026,5/6/2026,2022,2022,0,0,2022,2022
USLAX,USLAX,GBLIV,"Los Angeles, CA, USLAX","Los Angeles, CA, USLAX","Liverpool, MSY, GBLIV",GBLIV,ONEY,ONE,CHIM354B25,DRY,15,5/16/2026,6/30/2026,5/6/2026,2868,2868,0,0,2868,2868
USLAX,USLAX,GBSOU,"Los Angeles, CA, USLAX","Los Angeles, CA, USLAX","Southampton, HAM, GBSOU",GBSOU,ONEY,ONE,CHIM354B25,DRY,15,5/16/2026,6/30/2026,5/6/2026,1968,1968,0,0,1968,1968
USLAX,USLAX,ZACPT,"Los Angeles, CA, USLAX","Los Angeles, CA, USLAX","Cape Town, , ZACPT",ZACPT,ONEY,ONE,CHIM354B25,DRY,15,5/6/2026,9/30/2026,5/6/2026,4835,4835,0,0,4835,4835
USLAX,USLAX,ZADUR,"Los Angeles, CA, USLAX","Los Angeles, CA, USLAX","Durban, , ZADUR",ZADUR,ONEY,ONE,CHIM354B25,DRY,15,5/6/2026,9/30/2026,5/6/2026,4835,4835,0,0,4835,4835
USLAX,USLAX,BDCGP,"Los Angeles, CA, USLAX","Los Angeles, CA, USLAX","Chattogram/Chittagong, , BDCGP",BDCGP,OOLU,OOCL,MT256104,DRY,16,4/1/2026,6/30/2026,5/16/2026,2160,2160,0,0,2160,2160
USLAX,USLAX,CNDLC,"Los Angeles, CA, USLAX","Los Angeles, CA, USLAX","Dalian, 21, CNDLC",CNDLC,OOLU,OOCL,MT256104,DRY,16,4/1/2026,6/30/2026,5/16/2026,520,520,0,0,520,520
USLAX,USLAX,CNHUA,"Los Angeles, CA, USLAX","Los Angeles, CA, USLAX","Huangpu Pt, 44, CNHUA",CNHUA,OOLU,OOCL,MT256104,DRY,16,4/1/2026,6/30/2026,5/16/2026,450,450,0,0,450,450
USLAX,USLAX,CNLYG,"Los Angeles, CA, USLAX","Los Angeles, CA, USLAX","Lianyungang, 32, CNLYG",CNLYG,OOLU,OOCL,MT256104,DRY,16,4/1/2026,6/30/2026,5/16/2026,1140,1140,0,0,1140,1140
USLAX,USLAX,CNNSA,"Los Angeles, CA, USLAX","Los Angeles, CA, USLAX","Nansha Pt, 44, CNNSA",CNNSA,OOLU,OOCL,MT256104,DRY,16,4/1/2026,6/30/2026,5/16/2026,410,410,0,0,410,410
USLAX,USLAX,CNNBG,"Los Angeles, CA, USLAX","Los Angeles, CA, USLAX","Ningbo Pt, 33, CNNBG",CNNBG,OOLU,OOCL,MT256104,DRY,16,4/1/2026,6/30/2026,5/16/2026,160,160,0,0,160,160
USLAX,USLAX,CNTAO,"Los Angeles, CA, USLAX","Los Angeles, CA, USLAX","Qingdao, 37, CNTAO",CNTAO,OOLU,OOCL,MT256104,DRY,16,4/1/2026,6/30/2026,5/16/2026,160,160,0,0,160,160
USLAX,USLAX,CNSHA,"Los Angeles, CA, USLAX","Los Angeles, CA, USLAX","Shanghai, 31, CNSHA",CNSHA,OOLU,OOCL,MT256104,DRY,16,4/1/2026,6/30/2026,5/16/2026,160,160,0,0,160,160
USLAX,USLAX,CNSHK,"Los Angeles, CA, USLAX","Los Angeles, CA, USLAX","Shekou Pt, 44, CNSHK",CNSHK,OOLU,OOCL,MT256104,DRY,16,4/1/2026,6/30/2026,5/16/2026,890,890,0,0,890,890
USLAX,USLAX,CNXMN,"Los Angeles, CA, USLAX","Los Angeles, CA, USLAX","Xiamen, 35, CNXMN",CNXMN,OOLU,OOCL,MT256104,DRY,16,4/1/2026,6/30/2026,5/16/2026,160,160,0,0,160,160
USLAX,USLAX,CNTXG,"Los Angeles, CA, USLAX","Los Angeles, CA, USLAX","Tianjin Xingang Pt, 12, CNTXG",CNTXG,OOLU,OOCL,MT256104,DRY,16,4/1/2026,6/30/2026,5/16/2026,410,410,0,0,410,410
USLAX,USLAX,CNYPG,"Los Angeles, CA, USLAX","Los Angeles, CA, USLAX","Yangpu Pt, 46, CNYPG",CNYPG,OOLU,OOCL,MT256104,DRY,16,4/1/2026,6/30/2026,5/16/2026,160,160,0,0,160,160
USLAX,USLAX,CNYTN,"Los Angeles, CA, USLAX","Los Angeles, CA, USLAX","Yantian Pt, 44, CNYTN",CNYTN,OOLU,OOCL,MT256104,DRY,16,4/1/2026,6/30/2026,5/16/2026,160,160,0,0,160,160
USLAX,USLAX,THBKK,"Los Angeles, CA, USLAX","Los Angeles, CA, USLAX","Bangkok, , THBKK",THBKK,OOLU,OOCL,MT256104,DRY,16,4/1/2026,6/30/2026,5/16/2026,585,585,0,0,585,585
USLAX,USLAX,IDBLW,"Los Angeles, CA, USLAX","Los Angeles, CA, USLAX","Belawan, , IDBLW",IDBLW,OOLU,OOCL,MT256104,DRY,16,4/1/2026,6/30/2026,5/16/2026,635,635,0,0,635,635
USLAX,USLAX,KRPUS,"Los Angeles, CA, USLAX","Los Angeles, CA, USLAX","Busan, 26, KRPUS",KRPUS,OOLU,OOCL,MT256104,DRY,16,4/1/2026,6/30/2026,5/16/2026,160,160,0,0,160,160
USLAX,USLAX,PHCEB,"Los Angeles, CA, USLAX","Los Angeles, CA, USLAX","Cebu, , PHCEB",PHCEB,OOLU,OOCL,MT256104,DRY,16,4/1/2026,6/30/2026,5/16/2026,820,820,0,0,820,820
USLAX,USLAX,VNHPH,"Los Angeles, CA, USLAX","Los Angeles, CA, USLAX","Haiphong, , VNHPH",VNHPH,OOLU,OOCL,MT256104,DRY,16,4/1/2026,6/30/2026,5/16/2026,160,160,0,0,160,160
USLAX,USLAX,INHAL,"Los Angeles, CA, USLAX","Los Angeles, CA, USLAX","Haldia, WB, INHAL",INHAL,OOLU,OOCL,MT256104,DRY,16,4/1/2026,6/30/2026,5/16/2026,3015,3015,0,0,3015,3015
USLAX,USLAX,VNSGN,"Los Angeles, CA, USLAX","Los Angeles, CA, USLAX","Ho Chi Minh City, , VNSGN",VNSGN,OOLU,OOCL,MT256104,DRY,16,4/1/2026,6/30/2026,5/16/2026,210,210,0,0,210,210
USLAX,USLAX,HKHKG,"Los Angeles, CA, USLAX","Los Angeles, CA, USLAX","Hong Kong, , HKHKG",HKHKG,OOLU,OOCL,MT256104,DRY,16,4/1/2026,6/30/2026,5/16/2026,160,160,0,0,160,160
USLAX,USLAX,IDJKT,"Los Angeles, CA, USLAX","Los Angeles, CA, USLAX","Jakarta, JK, IDJKT",IDJKT,OOLU,OOCL,MT256104,DRY,16,4/1/2026,6/30/2026,5/16/2026,635,635,0,0,635,635
USLAX,USLAX,TWKHH,"Los Angeles, CA, USLAX","Los Angeles, CA, USLAX","Kaohsiung, , TWKHH",TWKHH,OOLU,OOCL,MT256104,DRY,16,4/1/2026,6/30/2026,5/16/2026,160,160,0,0,160,160
USLAX,USLAX,INKTP,"Los Angeles, CA, USLAX","Los Angeles, CA, USLAX","Kattupalli Port, TN, INKTP",INKTP,OOLU,OOCL,MT256104,DRY,16,4/1/2026,6/30/2026,5/16/2026,1235,1235,0,0,1235,1235
USLAX,USLAX,TWKEL,"Los Angeles, CA, USLAX","Los Angeles, CA, USLAX","Keelung, , TWKEL",TWKEL,OOLU,OOCL,MT256104,DRY,16,4/1/2026,6/30/2026,5/16/2026,340,340,0,0,340,340
USLAX,USLAX,INKOC,"Los Angeles, CA, USLAX","Los Angeles, CA, USLAX","Kochi, , INKOC",INKOC,OOLU,OOCL,MT256104,DRY,16,4/1/2026,6/30/2026,5/16/2026,2085,2085,0,0,2085,2085
USLAX,USLAX,KRKAN,"Los Angeles, CA, USLAX","Los Angeles, CA, USLAX","Gwangyang, 46, KRKAN",KRKAN,OOLU,OOCL,MT256104,DRY,16,4/1/2026,6/30/2026,5/16/2026,235,235,0,0,235,235
USLAX,USLAX,THLCH,"Los Angeles, CA, USLAX","Los Angeles, CA, USLAX","Laem Chabang, 20, THLCH",THLCH,OOLU,OOCL,MT256104,DRY,16,4/1/2026,6/30/2026,5/16/2026,185,185,0,0,185,185
USLAX,USLAX,THLKR,"Los Angeles, CA, USLAX","Los Angeles, CA, USLAX","Lat Krabang, 10, THLKR",THLKR,OOLU,OOCL,MT256104,DRY,16,4/1/2026,6/30/2026,5/16/2026,585,585,0,0,585,585
USLAX,USLAX,PHMNL,"Los Angeles, CA, USLAX","Los Angeles, CA, USLAX","Manila, , PHMNL",PHMNL,OOLU,OOCL,MT256104,DRY,16,4/1/2026,6/30/2026,5/16/2026,820,820,0,0,820,820
USLAX,USLAX,INNSA,"Los Angeles, CA, USLAX","Los Angeles, CA, USLAX","Nhava Sheva, MH, INNSA",INNSA,OOLU,OOCL,MT256104,DRY,16,4/1/2026,6/30/2026,5/16/2026,715,715,0,0,715,715
USLAX,USLAX,MYPGU,"Los Angeles, CA, USLAX","Los Angeles, CA, USLAX","Pasir Gudang, Johor, , MYPGU",MYPGU,OOLU,OOCL,MT256104,DRY,16,4/1/2026,6/30/2026,5/16/2026,815,815,0,0,815,815
USLAX,USLAX,MYPEN,"Los Angeles, CA, USLAX","Los Angeles, CA, USLAX","Penang, , MYPEN",MYPEN,OOLU,OOCL,MT256104,DRY,16,4/1/2026,6/30/2026,5/16/2026,815,815,0,0,815,815
USLAX,USLAX,MYPKG,"Los Angeles, CA, USLAX","Los Angeles, CA, USLAX","Port Klang, 10, MYPKG",MYPKG,OOLU,OOCL,MT256104,DRY,16,4/1/2026,6/30/2026,5/16/2026,275,275,0,0,275,275
USLAX,USLAX,INRJU,"Los Angeles, CA, USLAX","Los Angeles, CA, USLAX","Rajula, GJ, INRJU",INRJU,OOLU,OOCL,MT256104,DRY,16,4/1/2026,6/30/2026,5/16/2026,1210,1210,0,0,1210,1210
USLAX,USLAX,IDSRG,"Los Angeles, CA, USLAX","Los Angeles, CA, USLAX","Semarang, JT, IDSRG",IDSRG,OOLU,OOCL,MT256104,DRY,16,4/1/2026,6/30/2026,5/16/2026,635,635,0,0,635,635
USLAX,USLAX,KHKOS,"Los Angeles, CA, USLAX","Los Angeles, CA, USLAX","Sihanoukville (Kampong Saom), , KHKOS",KHKOS,OOLU,OOCL,MT256104,DRY,16,4/1/2026,6/30/2026,5/16/2026,1490,1490,0,0,1490,1490
USLAX,USLAX,SGSIN,"Los Angeles, CA, USLAX","Los Angeles, CA, USLAX","Singapore, , SGSIN",SGSIN,OOLU,OOCL,MT256104,DRY,16,4/1/2026,6/30/2026,5/16/2026,335,335,0,0,335,335
USLAX,USLAX,IDSUB,"Los Angeles, CA, USLAX","Los Angeles, CA, USLAX","Surabaya, JI, IDSUB",IDSUB,OOLU,OOCL,MT256104,DRY,16,4/1/2026,6/30/2026,5/16/2026,635,635,0,0,635,635
USLAX,USLAX,TWTXG,"Los Angeles, CA, USLAX","Los Angeles, CA, USLAX","Taichung, , TWTXG",TWTXG,OOLU,OOCL,MT256104,DRY,16,4/1/2026,6/30/2026,5/16/2026,340,340,0,0,340,340
USLAX,USLAX,TWTPE,"Los Angeles, CA, USLAX","Los Angeles, CA, USLAX","Taipei, TPE, TWTPE",TWTPE,OOLU,OOCL,MT256104,DRY,16,4/1/2026,6/30/2026,5/16/2026,260,260,0,0,260,260
USLAX,USLAX,VNTTH,"Los Angeles, CA, USLAX","Los Angeles, CA, USLAX","Tan Thanh, 43, VNTTH",VNTTH,OOLU,OOCL,MT256104,DRY,16,4/1/2026,6/30/2026,5/16/2026,160,160,0,0,160,160
USLAX,USLAX,INTUT,"Los Angeles, CA, USLAX","Los Angeles, CA, USLAX","Tuticorin, TN, INTUT",INTUT,OOLU,OOCL,MT256104,DRY,16,4/1/2026,6/30/2026,5/16/2026,835,835,0,0,835,835
USLAX,USLAX,CNAQG,"Los Angeles, CA, USLAX","Los Angeles, CA, USLAX","Anqing Pt, 34, CNAQG",CNAQG,YMJA,YML,051625,DRY,10,5/13/2026,6/30/2026,5/16/2026,440,440,0,0,440,440
USLAX,USLAX,THBKK,"Los Angeles, CA, USLAX","Los Angeles, CA, USLAX","Bangkok, , THBKK",THBKK,YMJA,YML,051625,DRY,10,5/13/2026,6/30/2026,5/16/2026,500,500,0,0,500,500
USLAX,USLAX,AUBNE,"Los Angeles, CA, USLAX","Los Angeles, CA, USLAX","Brisbane, QLD, AUBNE",AUBNE,YMJA,YML,051625,DRY,10,5/13/2026,6/30/2026,5/16/2026,2000,2000,0,0,2000,2000
USLAX,USLAX,VNCMT,"Los Angeles, CA, USLAX","Los Angeles, CA, USLAX","Cai Mep Terminal, 43, VNCMT",VNCMT,YMJA,YML,051625,DRY,10,5/13/2026,6/30/2026,5/16/2026,250,250,0,0,250,250
USLAX,USLAX,VNCMT,"Los Angeles, CA, USLAX","Los Angeles, CA, USLAX","Cai Mep Terminal, 43, VNCMT",VNCMT,YMJA,YML,051625,DRY,10,5/13/2026,6/30/2026,5/16/2026,100,100,0,0,100,100
USLAX,USLAX,VNCLI,"Los Angeles, CA, USLAX","Los Angeles, CA, USLAX","Cat Lai, 65, VNCLI",VNCMT,YMJA,YML,051625,DRY,10,5/13/2026,6/30/2026,5/16/2026,250,250,0,0,250,250
USLAX,USLAX,PHCEB,"Los Angeles, CA, USLAX","Los Angeles, CA, USLAX","Cebu, , PHCEB",PHCEB,YMJA,YML,051625,DRY,10,5/13/2026,6/30/2026,5/16/2026,550,550,0,0,550,550
USLAX,USLAX,CNDLC,"Los Angeles, CA, USLAX","Los Angeles, CA, USLAX","Dalian, 21, CNDLC",CNDLC,YMJA,YML,051625,DRY,10,5/13/2026,5/31/2026,5/16/2026,250,250,0,0,250,250
USLAX,USLAX,CNDLC,"Los Angeles, CA, USLAX","Los Angeles, CA, USLAX","Dalian, 21, CNDLC",CNDLC,YMJA,YML,051625,DRY,10,5/13/2026,6/30/2026,5/16/2026,350,350,0,0,350,350
USLAX,USLAX,VNHPH,"Los Angeles, CA, USLAX","Los Angeles, CA, USLAX","Haiphong, , VNHPH",VNHPH,YMJA,YML,051625,DRY,10,5/13/2026,6/30/2026,5/16/2026,450,450,0,0,450,450
USLAX,USLAX,JPHTD,"Los Angeles, CA, USLAX","Los Angeles, CA, USLAX","Hakata, 38, JPHTD",JPHTD,YMJA,YML,051625,DRY,10,5/13/2026,6/30/2026,5/16/2026,650,650,0,0,650,650
USLAX,USLAX,VNSGN,"Los Angeles, CA, USLAX","Los Angeles, CA, USLAX","Ho Chi Minh City, , VNSGN",VNSGN,YMJA,YML,051625,DRY,10,5/13/2026,6/30/2026,5/16/2026,330,330,0,0,330,330
USLAX,USLAX,HKHKG,"Los Angeles, CA, USLAX","Los Angeles, CA, USLAX","Hong Kong, , HKHKG",HKHKG,YMJA,YML,051625,DRY,10,5/13/2026,6/30/2026,5/16/2026,225,225,0,0,225,225
USLAX,USLAX,CNHUA,"Los Angeles, CA, USLAX","Los Angeles, CA, USLAX","Huangpu Pt, 44, CNHUA",CNHUA,YMJA,YML,051625,DRY,10,5/13/2026,6/30/2026,5/16/2026,355,355,0,0,355,355
USLAX,USLAX,CNGZG,"Los Angeles, CA, USLAX","Los Angeles, CA, USLAX","Guangzhou Pt, 22, CNGZG",CNGZG,YMJA,YML,051625,DRY,10,5/13/2026,6/30/2026,5/16/2026,355,355,0,0,355,355
USLAX,USLAX,KRINC,"Los Angeles, CA, USLAX","Los Angeles, CA, USLAX","Incheon, 28, KRINC",KRPUS,YMJA,YML,051625,DRY,10,5/13/2026,6/30/2026,5/16/2026,1205,1205,0,0,1205,1205
USLAX,USLAX,KRINC,"Los Angeles, CA, USLAX","Los Angeles, CA, USLAX","Incheon, 28, KRINC",KRKAN,YMJA,YML,051625,DRY,10,5/13/2026,6/30/2026,5/16/2026,1205,1205,0,0,1205,1205
USLAX,USLAX,KRINC,"Los Angeles, CA, USLAX","Los Angeles, CA, USLAX","Incheon, 28, KRINC",KRINC,YMJA,YML,051625,DRY,10,5/13/2026,6/30/2026,5/16/2026,200,200,0,0,200,200
USLAX,USLAX,IDJKT,"Los Angeles, CA, USLAX","Los Angeles, CA, USLAX","Jakarta, JK, IDJKT",IDJKT,YMJA,YML,051625,DRY,10,5/13/2026,6/30/2026,5/16/2026,700,700,0,0,700,700
USLAX,USLAX,IDJKT,"Los Angeles, CA, USLAX","Los Angeles, CA, USLAX","Jakarta, JK, IDJKT",IDJKT,YMJA,YML,051625,DRY,10,5/13/2026,6/30/2026,5/16/2026,1000,1000,0,0,1000,1000
USLAX,USLAX,AEJEA,"Los Angeles, CA, USLAX","Los Angeles, CA, USLAX","Jebel Ali, , AEJEA",AEJEA,YMJA,YML,051625,DRY,10,5/13/2026,6/30/2026,5/16/2026,1944,1944,0,0,1944,1944
USLAX,USLAX,TWKHH,"Los Angeles, CA, USLAX","Los Angeles, CA, USLAX","Kaohsiung, , TWKHH",TWKHH,YMJA,YML,051625,DRY,10,5/13/2026,6/30/2026,5/16/2026,200,200,0,0,200,200
USLAX,USLAX,TWKHH,"Los Angeles, CA, USLAX","Los Angeles, CA, USLAX","Kaohsiung, , TWKHH",TWKEL,YMJA,YML,051625,DRY,10,5/13/2026,6/30/2026,5/16/2026,770,770,0,0,770,770
USLAX,USLAX,TWKHH,"Los Angeles, CA, USLAX","Los Angeles, CA, USLAX","Kaohsiung, , TWKHH",TWKHH,YMJA,YML,051625,DRY,10,5/13/2026,6/30/2026,5/16/2026,225,225,0,0,225,225
USLAX,USLAX,TWKHH,"Los Angeles, CA, USLAX","Los Angeles, CA, USLAX","Kaohsiung, , TWKHH",TWKEL,YMJA,YML,051625,DRY,10,5/13/2026,6/30/2026,5/16/2026,225,225,0,0,225,225
USLAX,USLAX,TWKHH,"Los Angeles, CA, USLAX","Los Angeles, CA, USLAX","Kaohsiung, , TWKHH",TWKHH,YMJA,YML,051625,DRY,10,5/13/2026,6/30/2026,5/16/2026,75,75,0,0,75,75
USLAX,USLAX,TWKEL,"Los Angeles, CA, USLAX","Los Angeles, CA, USLAX","Keelung, , TWKEL",TWKEL,YMJA,YML,051625,DRY,10,5/13/2026,6/30/2026,5/16/2026,200,200,0,0,200,200
USLAX,USLAX,TWKEL,"Los Angeles, CA, USLAX","Los Angeles, CA, USLAX","Keelung, , TWKEL",TWKHH,YMJA,YML,051625,DRY,10,5/13/2026,6/30/2026,5/16/2026,770,770,0,0,770,770
USLAX,USLAX,TWKEL,"Los Angeles, CA, USLAX","Los Angeles, CA, USLAX","Keelung, , TWKEL",TWKHH,YMJA,YML,051625,DRY,10,5/13/2026,6/30/2026,5/16/2026,325,325,0,0,325,325
USLAX,USLAX,TWKEL,"Los Angeles, CA, USLAX","Los Angeles, CA, USLAX","Keelung, , TWKEL",TWKEL,YMJA,YML,051625,DRY,10,5/13/2026,6/30/2026,5/16/2026,325,325,0,0,325,325
USLAX,USLAX,TWKEL,"Los Angeles, CA, USLAX","Los Angeles, CA, USLAX","Keelung, , TWKEL",TWKEL,YMJA,YML,051625,DRY,10,5/13/2026,6/30/2026,5/16/2026,175,175,0,0,175,175
USLAX,USLAX,JPUKB,"Los Angeles, CA, USLAX","Los Angeles, CA, USLAX","Kobe, 28, JPUKB",JPUKB,YMJA,YML,051625,DRY,10,5/13/2026,6/30/2026,5/16/2026,250,250,0,0,250,250
USLAX,USLAX,JPUKB,"Los Angeles, CA, USLAX","Los Angeles, CA, USLAX","Kobe, 28, JPUKB",JPUKB,YMJA,YML,051625,DRY,10,5/13/2026,6/30/2026,5/16/2026,100,100,0,0,100,100
USLAX,USLAX,KRKAN,"Los Angeles, CA, USLAX","Los Angeles, CA, USLAX","Gwangyang, 46, KRKAN",KRKAN,YMJA,YML,051625,DRY,10,5/13/2026,6/30/2026,5/16/2026,250,250,0,0,250,250
USLAX,USLAX,KRKAN,"Los Angeles, CA, USLAX","Los Angeles, CA, USLAX","Gwangyang, 46, KRKAN",KRKAN,YMJA,YML,051625,DRY,10,5/13/2026,6/30/2026,5/16/2026,200,200,0,0,200,200
USLAX,USLAX,VNNHD,"Los Angeles, CA, USLAX","Los Angeles, CA, USLAX","Nam Hai Dinh Vu Port, HP, VNNHD",VNNHD,YMJA,YML,051625,DRY,10,5/13/2026,6/30/2026,5/16/2026,100,100,0,0,100,100
USLAX,USLAX,THLCH,"Los Angeles, CA, USLAX","Los Angeles, CA, USLAX","Laem Chabang, 20, THLCH",THLCH,YMJA,YML,051625,DRY,10,5/13/2026,6/30/2026,5/16/2026,225,225,0,0,225,225
USLAX,USLAX,THLKR,"Los Angeles, CA, USLAX","Los Angeles, CA, USLAX","Lat Krabang, 10, THLKR",THLKR,YMJA,YML,051625,DRY,10,5/13/2026,6/30/2026,5/16/2026,450,450,0,0,450,450
USLAX,USLAX,PHMNL,"Los Angeles, CA, USLAX","Los Angeles, CA, USLAX","Manila, , PHMNL",PHMNL,YMJA,YML,051625,DRY,10,5/13/2026,6/30/2026,5/16/2026,650,650,0,0,650,650
USLAX,USLAX,AUMEL,"Los Angeles, CA, USLAX","Los Angeles, CA, USLAX","Melbourne, VIC, AUMEL",AUMEL,YMJA,YML,051625,DRY,10,5/13/2026,6/30/2026,5/16/2026,2000,2000,0,0,2000,2000
USLAX,USLAX,JPNGO,"Los Angeles, CA, USLAX","Los Angeles, CA, USLAX","Nagoya, Aichi, 23, JPNGO",JPNGO,YMJA,YML,051625,DRY,10,5/13/2026,6/30/2026,5/16/2026,250,250,0,0,250,250
USLAX,USLAX,JPNGO,"Los Angeles, CA, USLAX","Los Angeles, CA, USLAX","Nagoya, Aichi, 23, JPNGO",JPNGO,YMJA,YML,051625,DRY,10,5/13/2026,6/30/2026,5/16/2026,125,125,0,0,125,125
USLAX,USLAX,CNNJG,"Los Angeles, CA, USLAX","Los Angeles, CA, USLAX","Nanjing Pt, 35, CNNJG",CNNJG,YMJA,YML,051625,DRY,10,5/13/2026,6/30/2026,5/16/2026,450,450,0,0,450,450
USLAX,USLAX,CNNSA,"Los Angeles, CA, USLAX","Los Angeles, CA, USLAX","Nansha Pt, 44, CNNSA",CNNSA,YMJA,YML,051625,DRY,10,5/13/2026,6/30/2026,5/16/2026,600,600,0,0,600,600
USLAX,USLAX,INNSA,"Los Angeles, CA, USLAX","Los Angeles, CA, USLAX","Nhava Sheva, MH, INNSA",INNSA,YMJA,YML,051625,DRY,10,5/13/2026,6/30/2026,5/16/2026,1250,1250,0,0,1250,1250
USLAX,USLAX,CNNBG,"Los Angeles, CA, USLAX","Los Angeles, CA, USLAX","Ningbo Pt, 33, CNNBG",CNNBG,YMJA,YML,051625,DRY,10,5/13/2026,6/30/2026,5/16/2026,250,250,0,0,250,250
USLAX,USLAX,CNNBG,"Los Angeles, CA, USLAX","Los Angeles, CA, USLAX","Ningbo Pt, 33, CNNBG",CNNBG,YMJA,YML,051625,DRY,10,5/13/2026,6/30/2026,5/16/2026,100,100,0,0,100,100
USLAX,USLAX,JPOSA,"Los Angeles, CA, USLAX","Los Angeles, CA, USLAX","Osaka, 27, JPOSA",JPUKB,YMJA,YML,051625,DRY,10,5/13/2026,6/30/2026,5/16/2026,375,375,0,0,375,375
USLAX,USLAX,MYPGU,"Los Angeles, CA, USLAX","Los Angeles, CA, USLAX","Pasir Gudang, Johor, , MYPGU",MYPGU,YMJA,YML,051625,DRY,10,5/13/2026,6/30/2026,5/16/2026,450,450,0,0,450,450
USLAX,USLAX,INPAV,"Los Angeles, CA, USLAX","Los Angeles, CA, USLAX","Pipavav (Victor) Port, GJ, INPAV",INPAV,YMJA,YML,051625,DRY,10,5/13/2026,6/30/2026,5/16/2026,1625,1625,0,0,1625,1625
USLAX,USLAX,MYPKG,"Los Angeles, CA, USLAX","Los Angeles, CA, USLAX","Port Klang, 10, MYPKG",MYPKG,YMJA,YML,051625,DRY,10,5/13/2026,6/30/2026,5/16/2026,600,600,0,0,600,600
USLAX,USLAX,KRPUS,"Los Angeles, CA, USLAX","Los Angeles, CA, USLAX","Busan, 26, KRPUS",KRPUS,YMJA,YML,051625,DRY,10,5/13/2026,6/30/2026,5/16/2026,250,250,0,0,250,250
USLAX,USLAX,KRPUS,"Los Angeles, CA, USLAX","Los Angeles, CA, USLAX","Busan, 26, KRPUS",KRPUS,YMJA,YML,051625,DRY,10,5/13/2026,6/30/2026,5/16/2026,75,75,0,0,75,75
USLAX,USLAX,CNTAO,"Los Angeles, CA, USLAX","Los Angeles, CA, USLAX","Qingdao, 37, CNTAO",CNTAO,YMJA,YML,051625,DRY,10,5/13/2026,6/30/2026,5/16/2026,250,250,0,0,250,250
USLAX,USLAX,CNTAO,"Los Angeles, CA, USLAX","Los Angeles, CA, USLAX","Qingdao, 37, CNTAO",CNTAO,YMJA,YML,051625,DRY,10,5/13/2026,6/30/2026,5/16/2026,100,100,0,0,100,100
USLAX,USLAX,CNSHA,"Los Angeles, CA, USLAX","Los Angeles, CA, USLAX","Shanghai, 31, CNSHA",CNSHA,YMJA,YML,051625,DRY,10,5/13/2026,6/30/2026,5/16/2026,250,250,0,0,250,250
USLAX,USLAX,CNSHA,"Los Angeles, CA, USLAX","Los Angeles, CA, USLAX","Shanghai, 31, CNSHA",CNSHA,YMJA,YML,051625,DRY,10,5/13/2026,6/30/2026,5/16/2026,100,100,0,0,100,100
USLAX,USLAX,CNSHK,"Los Angeles, CA, USLAX","Los Angeles, CA, USLAX","Shekou Pt, 44, CNSHK",CNSHK,YMJA,YML,051625,DRY,10,5/13/2026,6/30/2026,5/16/2026,250,250,0,0,250,250
USLAX,USLAX,CNSHK,"Los Angeles, CA, USLAX","Los Angeles, CA, USLAX","Shekou Pt, 44, CNSHK",CNSHK,YMJA,YML,051625,DRY,10,5/13/2026,6/30/2026,5/16/2026,100,100,0,0,100,100
USLAX,USLAX,JPSMZ,"Los Angeles, CA, USLAX","Los Angeles, CA, USLAX","Shimizu, 22, JPSMZ",JPSMZ,YMJA,YML,051625,DRY,10,5/13/2026,6/30/2026,5/16/2026,250,250,0,0,250,250
USLAX,USLAX,JPSMZ,"Los Angeles, CA, USLAX","Los Angeles, CA, USLAX","Shimizu, 22, JPSMZ",JPSMZ,YMJA,YML,051625,DRY,10,5/13/2026,6/30/2026,5/16/2026,125,125,0,0,125,125
USLAX,USLAX,KHKOS,"Los Angeles, CA, USLAX","Los Angeles, CA, USLAX","Sihanoukville (Kampong Saom), , KHKOS",KHKOS,YMJA,YML,051625,DRY,10,5/13/2026,6/30/2026,5/16/2026,950,950,0,0,950,950
USLAX,USLAX,SGSIN,"Los Angeles, CA, USLAX","Los Angeles, CA, USLAX","Singapore, , SGSIN",SGSIN,YMJA,YML,051625,DRY,10,5/13/2026,6/30/2026,5/16/2026,250,250,0,0,250,250
USLAX,USLAX,THSBP,"Los Angeles, CA, USLAX","Los Angeles, CA, USLAX","Siam Bangkok Port, , THSBP",THSBP,YMJA,YML,051625,DRY,10,5/13/2026,6/30/2026,5/16/2026,490,490,0,0,490,490
USLAX,USLAX,IDSUB,"Los Angeles, CA, USLAX","Los Angeles, CA, USLAX","Surabaya, JI, IDSUB",IDSUB,YMJA,YML,051625,DRY,10,5/13/2026,6/30/2026,5/16/2026,750,750,0,0,750,750
USLAX,USLAX,IDSUB,"Los Angeles, CA, USLAX","Los Angeles, CA, USLAX","Surabaya, JI, IDSUB",IDSUB,YMJA,YML,051625,DRY,10,5/13/2026,6/30/2026,5/16/2026,1000,1000,0,0,1000,1000
USLAX,USLAX,AUSYD,"Los Angeles, CA, USLAX","Los Angeles, CA, USLAX","Sydney, NSW, AUSYD",AUSYD,YMJA,YML,051625,DRY,10,5/13/2026,6/30/2026,5/16/2026,2000,2000,0,0,2000,2000
USLAX,USLAX,TWTXG,"Los Angeles, CA, USLAX","Los Angeles, CA, USLAX","Taichung, , TWTXG",TWTXG,YMJA,YML,051625,DRY,10,5/13/2026,6/30/2026,5/16/2026,75,75,0,0,75,75
USLAX,USLAX,TWTYN,"Los Angeles, CA, USLAX","Los Angeles, CA, USLAX","Taoyuan, , TWTYN",TWTYN,YMJA,YML,051625,DRY,10,5/13/2026,6/30/2026,5/16/2026,175,175,0,0,175,175
USLAX,USLAX,JPTYO,"Los Angeles, CA, USLAX","Los Angeles, CA, USLAX","Tokyo, 13, JPTYO",JPTYO,YMJA,YML,051625,DRY,10,5/13/2026,6/30/2026,5/16/2026,250,250,0,0,250,250
USLAX,USLAX,JPTYO,"Los Angeles, CA, USLAX","Los Angeles, CA, USLAX","Tokyo, 13, JPTYO",JPTYO,YMJA,YML,051625,DRY,10,5/13/2026,6/30/2026,5/16/2026,225,225,0,0,225,225
USLAX,USLAX,CNXMN,"Los Angeles, CA, USLAX","Los Angeles, CA, USLAX","Xiamen, 35, CNXMN",CNXMN,YMJA,YML,051625,DRY,10,5/13/2026,6/30/2026,5/16/2026,250,250,0,0,250,250
USLAX,USLAX,CNXMN,"Los Angeles, CA, USLAX","Los Angeles, CA, USLAX","Xiamen, 35, CNXMN",CNXMN,YMJA,YML,051625,DRY,10,5/13/2026,6/30/2026,5/16/2026,100,100,0,0,100,100
USLAX,USLAX,CNXMN,"Los Angeles, CA, USLAX","Los Angeles, CA, USLAX","Xiamen, 35, CNXMN",CNXMN,YMJA,YML,051625,DRY,10,5/13/2026,6/30/2026,5/16/2026,240,240,0,0,240,240
USLAX,USLAX,CNTXG,"Los Angeles, CA, USLAX","Los Angeles, CA, USLAX","Tianjin Xingang Pt, 12, CNTXG",CNTXG,YMJA,YML,051625,DRY,10,5/13/2026,5/31/2026,5/16/2026,200,200,0,0,200,200
USLAX,USLAX,CNTXG,"Los Angeles, CA, USLAX","Los Angeles, CA, USLAX","Tianjin Xingang Pt, 12, CNTXG",CNTXG,YMJA,YML,051625,DRY,10,5/13/2026,6/30/2026,5/16/2026,400,400,0,0,400,400
USLAX,USLAX,CNYTN,"Los Angeles, CA, USLAX","Los Angeles, CA, USLAX","Yantian Pt, 44, CNYTN",CNYTN,YMJA,YML,051625,DRY,10,5/13/2026,6/30/2026,5/16/2026,250,250,0,0,250,250
USLAX,USLAX,CNYTN,"Los Angeles, CA, USLAX","Los Angeles, CA, USLAX","Yantian Pt, 44, CNYTN",CNYTN,YMJA,YML,051625,DRY,10,5/13/2026,6/30/2026,5/16/2026,125,125,0,0,125,125
USLAX,USLAX,JPYOK,"Los Angeles, CA, USLAX","Los Angeles, CA, USLAX","Yokohama, 14, JPYOK",JPYOK,YMJA,YML,051625,DRY,10,5/13/2026,6/30/2026,5/16/2026,450,450,0,0,450,450
USLAX,USLAX,CNZPU,"Los Angeles, CA, USLAX","Los Angeles, CA, USLAX","Zhapu Pt, 33, CNZPU",CNZPU,YMJA,YML,051625,DRY,10,5/13/2026,6/30/2026,5/16/2026,350,350,0,0,350,350
USNYC,USNYC,INMAA,"New York, NY, USNYC","New York, NY, USNYC","Chennai (ex Madras), TN, INMAA",INMAA,ONEY,ONE,CHIM354B25,DRY,15,5/16/2026,6/30/2026,5/6/2026,1850,1850,0,0,1850,1850
USNYC,USNYC,INTUT,"New York, NY, USNYC","New York, NY, USNYC","Tuticorin, TN, INTUT",INTUT,ONEY,ONE,CHIM354B25,DRY,15,5/16/2026,6/30/2026,5/6/2026,1850,1850,0,0,1850,1850
USNYC,USNYC,CNAQG,"New York, NY, USNYC","New York, NY, USNYC","Anqing Pt, 34, CNAQG",CNAQG,CMDU,CMA,25-0720,DRY,13,4/18/2026,6/30/2026,5/12/2026,810,810,0,0,810,810
USNYC,USNYC,CNCHI,"New York, NY, USNYC","New York, NY, USNYC","Chizhou Pt, 15, CNCHI",CNCHI,CMDU,CMA,25-0720,DRY,13,4/18/2026,6/30/2026,5/12/2026,1010,1010,0,0,1010,1010
USNYC,USNYC,CNCQI,"New York, NY, USNYC","New York, NY, USNYC","Chongqing, 50, CNCQI",CNCQI,CMDU,CMA,25-0720,DRY,13,4/18/2026,6/30/2026,5/12/2026,1110,1110,0,0,1110,1110
USNYC,USNYC,CNCZX,"New York, NY, USNYC","New York, NY, USNYC","Changzhou Pt, 32, CNCZX",CNCZX,CMDU,CMA,25-0720,DRY,13,4/18/2026,6/30/2026,5/12/2026,860,860,0,0,860,860
USNYC,USNYC,CNDLC,"New York, NY, USNYC","New York, NY, USNYC","Dalian, 21, CNDLC",CNDLC,CMDU,CMA,25-0720,DRY,13,4/18/2026,6/30/2026,5/12/2026,960,960,0,0,960,960
USNYC,USNYC,CNDFG,"New York, NY, USNYC","New York, NY, USNYC","Dafeng Pt, 22, CNDFG",CNDFG,CMDU,CMA,25-0720,DRY,13,4/18/2026,6/30/2026,5/12/2026,760,760,0,0,760,760
USNYC,USNYC,CNGOM,"New York, NY, USNYC","New York, NY, USNYC","Gaoming Pt, 44, CNGOM",CNGOM,CMDU,CMA,25-0720,DRY,13,4/18/2026,6/30/2026,5/12/2026,810,810,0,0,810,810
USNYC,USNYC,CNHFI,"New York, NY, USNYC","New York, NY, USNYC","Hefei, 34, CNHFI",CNHFI,CMDU,CMA,25-0720,DRY,13,4/18/2026,6/30/2026,5/12/2026,810,810,0,0,810,810
USNYC,USNYC,CNHUA,"New York, NY, USNYC","New York, NY, USNYC","Huangpu Pt, 44, CNHUA",CNHUA,CMDU,CMA,25-0720,DRY,13,4/18/2026,6/30/2026,5/12/2026,570,570,0,0,570,570
USNYC,USNYC,CNJGZ,"New York, NY, USNYC","New York, NY, USNYC","Jingzhou, 42, CNJGZ",CNJGZ,CMDU,CMA,25-0720,DRY,13,4/18/2026,6/30/2026,5/12/2026,660,660,0,0,660,660
USNYC,USNYC,CNJMN,"New York, NY, USNYC","New York, NY, USNYC","Jiangmen Pt, 44, CNJMN",CNJMN,CMDU,CMA,25-0720,DRY,13,4/18/2026,6/30/2026,5/12/2026,810,810,0,0,810,810
USNYC,USNYC,CNLYG,"New York, NY, USNYC","New York, NY, USNYC","Lianyungang, 32, CNLYG",CNLYG,CMDU,CMA,25-0720,DRY,13,4/18/2026,6/30/2026,5/12/2026,760,760,0,0,760,760
USNYC,USNYC,CNMAA,"New York, NY, USNYC","New York, NY, USNYC","Maanshan Pt, 34, CNMAA",CNMAA,CMDU,CMA,25-0720,DRY,13,4/18/2026,6/30/2026,5/12/2026,810,810,0,0,810,810
USNYC,USNYC,CNNJG,"New York, NY, USNYC","New York, NY, USNYC","Nanjing Pt, 35, CNNJG",CNNJG,CMDU,CMA,25-0720,DRY,13,4/18/2026,6/30/2026,5/12/2026,760,760,0,0,760,760
USNYC,USNYC,CNNTG,"New York, NY, USNYC","New York, NY, USNYC","Nantong Pt, 32, CNNTG",CNNTG,CMDU,CMA,25-0720,DRY,13,4/18/2026,6/30/2026,5/12/2026,670,670,0,0,670,670
USNYC,USNYC,CNQZH,"New York, NY, USNYC","New York, NY, USNYC","Qinzhou Pt, 45, CNQZH",CNQZH,CMDU,CMA,25-0720,DRY,13,4/18/2026,6/30/2026,5/12/2026,1110,1110,0,0,1110,1110
USNYC,USNYC,CNRUG,"New York, NY, USNYC","New York, NY, USNYC","Rugao Pt, 32, CNRUG",CNRUG,CMDU,CMA,25-0720,DRY,13,4/18/2026,6/30/2026,5/12/2026,770,770,0,0,770,770
USNYC,USNYC,CNSHA,"New York, NY, USNYC","New York, NY, USNYC","Shanghai, 31, CNSHA",CNSHA,CMDU,CMA,25-0720,DRY,13,4/18/2026,6/30/2026,5/12/2026,355,355,0,0,355,355
USNYC,USNYC,CNSHK,"New York, NY, USNYC","New York, NY, USNYC","Shekou Pt, 44, CNSHK",CNSHK,CMDU,CMA,25-0720,DRY,13,4/18/2026,6/30/2026,5/12/2026,810,810,0,0,810,810
USNYC,USNYC,CNTXG,"New York, NY, USNYC","New York, NY, USNYC","Tianjin Xingang Pt, 12, CNTXG",CNTXG,CMDU,CMA,25-0720,DRY,13,4/18/2026,6/30/2026,5/12/2026,760,760,0,0,760,760
USNYC,USNYC,CNWHG,"New York, NY, USNYC","New York, NY, USNYC","Wuhan Pt, 42, CNWHG",CNWHG,CMDU,CMA,25-0720,DRY,13,4/18/2026,6/30/2026,5/12/2026,720,720,0,0,720,720
USNYC,USNYC,CNWUH,"New York, NY, USNYC","New York, NY, USNYC","Wuhan Tianhe, 42, CNWUH",CNWUH,CMDU,CMA,25-0720,DRY,13,4/18/2026,6/30/2026,5/12/2026,720,720,0,0,720,720
USNYC,USNYC,CNWHI,"New York, NY, USNYC","New York, NY, USNYC","Wuhu Pt, 34, CNWHI",CNWHI,CMDU,CMA,25-0720,DRY,13,4/18/2026,6/30/2026,5/12/2026,810,810,0,0,810,810
USNYC,USNYC,CNXMN,"New York, NY, USNYC","New York, NY, USNYC","Xiamen, 35, CNXMN",CNXMN,CMDU,CMA,25-0720,DRY,13,4/18/2026,6/30/2026,5/12/2026,355,355,0,0,355,355
USNYC,USNYC,CNYTN,"New York, NY, USNYC","New York, NY, USNYC","Yantian Pt, 44, CNYTN",CNYTN,CMDU,CMA,25-0720,DRY,13,4/18/2026,6/30/2026,5/12/2026,355,355,0,0,355,355
USNYC,USNYC,CNYYA,"New York, NY, USNYC","New York, NY, USNYC","Yueyang, 50, CNYYA",CNYYA,CMDU,CMA,25-0720,DRY,13,4/18/2026,6/30/2026,5/12/2026,760,760,0,0,760,760
USNYC,USNYC,CNZHA,"New York, NY, USNYC","New York, NY, USNYC","Zhanjiang Potou Apt, 44, CNZHA",CNZHA,CMDU,CMA,25-0720,DRY,13,4/18/2026,6/30/2026,5/12/2026,810,810,0,0,810,810
USNYC,USNYC,CNZNG,"New York, NY, USNYC","New York, NY, USNYC","Zhanjiang Pt, 44, CNZNG",CNZNG,CMDU,CMA,25-0720,DRY,13,4/18/2026,6/30/2026,5/12/2026,810,810,0,0,810,810
USNYC,USNYC,CNZJG,"New York, NY, USNYC","New York, NY, USNYC","Zhangjiagang, 32, CNZJG",CNZJG,CMDU,CMA,25-0720,DRY,13,4/18/2026,6/30/2026,5/12/2026,620,620,0,0,620,620
USNYC,USNYC,IDJKT,"New York, NY, USNYC","New York, NY, USNYC","Jakarta, JK, IDJKT",IDJKT,CMDU,CMA,25-0720,DRY,13,4/18/2026,6/30/2026,5/12/2026,720,720,0,0,720,720
USNYC,USNYC,JPYOK,"New York, NY, USNYC","New York, NY, USNYC","Yokohama, 14, JPYOK",JPYOK,CMDU,CMA,25-0720,DRY,13,4/18/2026,6/30/2026,5/12/2026,560,560,0,0,560,560
USNYC,USNYC,KRKAN,"New York, NY, USNYC","New York, NY, USNYC","Gwangyang, 46, KRKAN",KRKAN,CMDU,CMA,25-0720,DRY,13,4/18/2026,6/30/2026,5/12/2026,810,810,0,0,810,810
USNYC,USNYC,KRPUS,"New York, NY, USNYC","New York, NY, USNYC","Busan, 26, KRPUS",KRPUS,CMDU,CMA,25-0720,DRY,13,4/18/2026,6/30/2026,5/12/2026,410,410,0,0,410,410
USNYC,USNYC,TWKEL,"New York, NY, USNYC","New York, NY, USNYC","Keelung, , TWKEL",TWKHH,CMDU,CMA,25-0720,DRY,13,4/18/2026,6/30/2026,5/12/2026,960,960,0,0,960,960
USNYC,USNYC,TWKHH,"New York, NY, USNYC","New York, NY, USNYC","Kaohsiung, , TWKHH",TWKHH,CMDU,CMA,25-0720,DRY,13,4/18/2026,6/30/2026,5/12/2026,460,460,0,0,460,460
USNYC,USNYC,TWTXG,"New York, NY, USNYC","New York, NY, USNYC","Taichung, , TWTXG",TWKHH,CMDU,CMA,25-0720,DRY,13,4/18/2026,6/30/2026,5/12/2026,470,470,0,0,470,470
USNYC,USNYC,TWTYN,"New York, NY, USNYC","New York, NY, USNYC","Taoyuan, , TWTYN",TWKHH,CMDU,CMA,25-0720,DRY,13,4/18/2026,6/30/2026,5/12/2026,470,470,0,0,470,470
USNYC,USNYC,BDCGP,"New York, NY, USNYC","New York, NY, USNYC","Chattogram/Chittagong, , BDCGP",BDCGP,OOLU,OOCL,MT256104,DRY,16,4/1/2026,6/30/2026,5/16/2026,1968,1968,0,0,1968,1968
USNYC,USNYC,PKBQM,"New York, NY, USNYC","New York, NY, USNYC","Port Qasim/Karachi, SD, PKBQM",PKBQM,OOLU,OOCL,MT256104,DRY,16,4/1/2026,6/30/2026,5/16/2026,923,923,0,0,923,923
USNYC,USNYC,TRGEM,"New York, NY, USNYC","New York, NY, USNYC","Gemlik, 16, TRGEM",TRGEM,OOLU,OOCL,MT256104,DRY,16,4/1/2026,6/30/2026,5/16/2026,1185,1185,0,0,1185,1185
USNYC,USNYC,TRGEB,"New York, NY, USNYC","New York, NY, USNYC","Gebze, 41, TRGEB",TRGEB,OOLU,OOCL,MT256104,DRY,16,4/1/2026,6/30/2026,5/16/2026,1185,1185,0,0,1185,1185
USNYC,USNYC,TRALI,"New York, NY, USNYC","New York, NY, USNYC","Aliaga, 35, TRALI",TRALI,OOLU,OOCL,MT256104,DRY,16,4/1/2026,6/30/2026,5/16/2026,760,760,0,0,760,760
USNYC,USNYC,TRISK,"New York, NY, USNYC","New York, NY, USNYC","Iskenderun, 31, TRISK",TRISK,OOLU,OOCL,MT256104,DRY,16,4/1/2026,6/30/2026,5/16/2026,683,683,0,0,683,683
USNYC,USNYC,TRIZM,"New York, NY, USNYC","New York, NY, USNYC","Izmir, 35, TRIZM",TRIZM,OOLU,OOCL,MT256104,DRY,16,4/1/2026,6/30/2026,5/16/2026,1160,1160,0,0,1160,1160
USNYC,USNYC,TRMER,"New York, NY, USNYC","New York, NY, USNYC","Mersin, 33, TRMER",TRMER,OOLU,OOCL,MT256104,DRY,16,4/1/2026,6/30/2026,5/16/2026,1202,1202,0,0,1202,1202
USNYC,USNYC,THBKK,"New York, NY, USNYC","New York, NY, USNYC","Bangkok, , THBKK",THBKK,YMJA,YML,051625,DRY,10,5/13/2026,6/30/2026,5/16/2026,555,555,0,0,555,555
USNYC,USNYC,AUBNE,"New York, NY, USNYC","New York, NY, USNYC","Brisbane, QLD, AUBNE",AUBNE,YMJA,YML,051625,DRY,10,5/13/2026,6/30/2026,5/16/2026,2205,2205,0,0,2205,2205
USNYC,USNYC,VNCMT,"New York, NY, USNYC","New York, NY, USNYC","Cai Mep Terminal, 43, VNCMT",VNCMT,YMJA,YML,051625,DRY,10,5/13/2026,6/30/2026,5/16/2026,455,455,0,0,455,455
USNYC,USNYC,VNCMT,"New York, NY, USNYC","New York, NY, USNYC","Cai Mep Terminal, 43, VNCMT",VNCMT,YMJA,YML,051625,DRY,10,5/13/2026,6/30/2026,5/16/2026,105,105,0,0,105,105
USNYC,USNYC,VNCLI,"New York, NY, USNYC","New York, NY, USNYC","Cat Lai, 65, VNCLI",VNCMT,YMJA,YML,051625,DRY,10,5/13/2026,6/30/2026,5/16/2026,105,105,0,0,105,105
USNYC,USNYC,LKCMB,"New York, NY, USNYC","New York, NY, USNYC","Colombo, , LKCMB",LKCMB,YMJA,YML,051625,DRY,10,5/13/2026,6/30/2026,5/16/2026,1655,1655,0,0,1655,1655
USNYC,USNYC,VNHPH,"New York, NY, USNYC","New York, NY, USNYC","Haiphong, , VNHPH",VNHPH,YMJA,YML,051625,DRY,10,5/13/2026,6/30/2026,5/16/2026,255,255,0,0,255,255
USNYC,USNYC,VNSGN,"New York, NY, USNYC","New York, NY, USNYC","Ho Chi Minh City, , VNSGN",VNSGN,YMJA,YML,051625,DRY,10,5/13/2026,6/30/2026,5/16/2026,230,230,0,0,230,230
USNYC,USNYC,HKHKG,"New York, NY, USNYC","New York, NY, USNYC","Hong Kong, , HKHKG",HKHKG,YMJA,YML,051625,DRY,10,5/13/2026,6/30/2026,5/16/2026,525,525,0,0,525,525
USNYC,USNYC,IDJKT,"New York, NY, USNYC","New York, NY, USNYC","Jakarta, JK, IDJKT",IDJKT,YMJA,YML,051625,DRY,10,5/13/2026,6/30/2026,5/16/2026,930,930,0,0,930,930
USNYC,USNYC,TWKHH,"New York, NY, USNYC","New York, NY, USNYC","Kaohsiung, , TWKHH",TWKHH,YMJA,YML,051625,DRY,10,5/13/2026,6/30/2026,5/16/2026,405,405,0,0,405,405
USNYC,USNYC,TWKHH,"New York, NY, USNYC","New York, NY, USNYC","Kaohsiung, , TWKHH",TWKHH,YMJA,YML,051625,DRY,10,5/13/2026,6/30/2026,5/16/2026,605,605,0,0,605,605
USNYC,USNYC,TWKHH,"New York, NY, USNYC","New York, NY, USNYC","Kaohsiung, , TWKHH",TWKHH,YMJA,YML,051625,DRY,10,5/13/2026,6/30/2026,5/16/2026,205,205,0,0,205,205
USNYC,USNYC,TWKEL,"New York, NY, USNYC","New York, NY, USNYC","Keelung, , TWKEL",TWKEL,YMJA,YML,051625,DRY,10,5/13/2026,6/30/2026,5/16/2026,605,605,0,0,605,605
USNYC,USNYC,TWKEL,"New York, NY, USNYC","New York, NY, USNYC","Keelung, , TWKEL",TWKHH,YMJA,YML,051625,DRY,10,5/13/2026,6/30/2026,5/16/2026,405,405,0,0,405,405
USNYC,USNYC,JPUKB,"New York, NY, USNYC","New York, NY, USNYC","Kobe, 28, JPUKB",JPUKB,YMJA,YML,051625,DRY,10,5/13/2026,6/30/2026,5/16/2026,605,605,0,0,605,605
USNYC,USNYC,THLCH,"New York, NY, USNYC","New York, NY, USNYC","Laem Chabang, 20, THLCH",THLCH,YMJA,YML,051625,DRY,10,5/13/2026,6/30/2026,5/16/2026,580,580,0,0,580,580
USNYC,USNYC,THLCH,"New York, NY, USNYC","New York, NY, USNYC","Laem Chabang, 20, THLCH",THLCH,YMJA,YML,051625,DRY,10,5/13/2026,6/30/2026,5/16/2026,155,155,0,0,155,155
USNYC,USNYC,THLKR,"New York, NY, USNYC","New York, NY, USNYC","Lat Krabang, 10, THLKR",THLCH,YMJA,YML,051625,DRY,10,5/13/2026,6/30/2026,5/16/2026,655,655,0,0,655,655
USNYC,USNYC,PHMNL,"New York, NY, USNYC","New York, NY, USNYC","Manila, , PHMNL",PHMNL,YMJA,YML,051625,DRY,10,5/13/2026,6/30/2026,5/16/2026,930,930,0,0,930,930
USNYC,USNYC,AUMEL,"New York, NY, USNYC","New York, NY, USNYC","Melbourne, VIC, AUMEL",AUMEL,YMJA,YML,051625,DRY,10,5/13/2026,6/30/2026,5/16/2026,2205,2205,0,0,2205,2205
USNYC,USNYC,JPNGO,"New York, NY, USNYC","New York, NY, USNYC","Nagoya, Aichi, 23, JPNGO",JPNGO,YMJA,YML,051625,DRY,10,5/13/2026,6/30/2026,5/16/2026,605,605,0,0,605,605
USNYC,USNYC,CNNJG,"New York, NY, USNYC","New York, NY, USNYC","Nanjing Pt, 35, CNNJG",CNNJG,YMJA,YML,051625,DRY,10,5/13/2026,6/30/2026,5/16/2026,740,740,0,0,740,740
USNYC,USNYC,CNNBG,"New York, NY, USNYC","New York, NY, USNYC","Ningbo Pt, 33, CNNBG",CNNBG,YMJA,YML,051625,DRY,10,5/13/2026,6/30/2026,5/16/2026,455,455,0,0,455,455
USNYC,USNYC,CNNBG,"New York, NY, USNYC","New York, NY, USNYC","Ningbo Pt, 33, CNNBG",CNNBG,YMJA,YML,051625,DRY,10,5/13/2026,6/30/2026,5/16/2026,155,155,0,0,155,155
USNYC,USNYC,JPOSA,"New York, NY, USNYC","New York, NY, USNYC","Osaka, 27, JPOSA",JPOSA,YMJA,YML,051625,DRY,10,5/13/2026,6/30/2026,5/16/2026,910,910,0,0,910,910
USNYC,USNYC,MYPGU,"New York, NY, USNYC","New York, NY, USNYC","Pasir Gudang, Johor, , MYPGU",MYPGU,YMJA,YML,051625,DRY,10,5/13/2026,6/30/2026,5/16/2026,805,805,0,0,805,805
USNYC,USNYC,MYPEN,"New York, NY, USNYC","New York, NY, USNYC","Penang, , MYPEN",MYPEN,YMJA,YML,051625,DRY,10,5/13/2026,6/30/2026,5/16/2026,605,605,0,0,605,605
USNYC,USNYC,MYPKG,"New York, NY, USNYC","New York, NY, USNYC","Port Klang, 10, MYPKG",MYPKG,YMJA,YML,051625,DRY,10,5/13/2026,6/30/2026,5/16/2026,755,755,0,0,755,755
USNYC,USNYC,KRPUS,"New York, NY, USNYC","New York, NY, USNYC","Busan, 26, KRPUS",KRPUS,YMJA,YML,051625,DRY,10,5/13/2026,6/30/2026,5/16/2026,205,205,0,0,205,205
USNYC,USNYC,CNTAO,"New York, NY, USNYC","New York, NY, USNYC","Qingdao, 37, CNTAO",CNTAO,YMJA,YML,051625,DRY,10,5/13/2026,6/30/2026,5/16/2026,555,555,0,0,555,555
USNYC,USNYC,CNSHA,"New York, NY, USNYC","New York, NY, USNYC","Shanghai, 31, CNSHA",CNSHA,YMJA,YML,051625,DRY,10,5/13/2026,6/30/2026,5/16/2026,455,455,0,0,455,455
USNYC,USNYC,CNSHA,"New York, NY, USNYC","New York, NY, USNYC","Shanghai, 31, CNSHA",CNSHA,YMJA,YML,051625,DRY,10,5/13/2026,6/30/2026,5/16/2026,155,155,0,0,155,155
USNYC,USNYC,SGSIN,"New York, NY, USNYC","New York, NY, USNYC","Singapore, , SGSIN",SGSIN,YMJA,YML,051625,DRY,10,5/13/2026,6/30/2026,5/16/2026,505,505,0,0,505,505
USNYC,USNYC,SGSIN,"New York, NY, USNYC","New York, NY, USNYC","Singapore, , SGSIN",SGSIN,YMJA,YML,051625,DRY,10,5/13/2026,6/30/2026,5/16/2026,455,455,0,0,455,455
USNYC,USNYC,IDSUB,"New York, NY, USNYC","New York, NY, USNYC","Surabaya, JI, IDSUB",IDSUB,YMJA,YML,051625,DRY,10,5/13/2026,6/30/2026,5/16/2026,805,805,0,0,805,805
USNYC,USNYC,AUSYD,"New York, NY, USNYC","New York, NY, USNYC","Sydney, NSW, AUSYD",AUSYD,YMJA,YML,051625,DRY,10,5/13/2026,6/30/2026,5/16/2026,2005,2005,0,0,2005,2005
USNYC,USNYC,TWTXG,"New York, NY, USNYC","New York, NY, USNYC","Taichung, , TWTXG",TWTXG,YMJA,YML,051625,DRY,10,5/13/2026,6/30/2026,5/16/2026,255,255,0,0,255,255
USNYC,USNYC,VNHPP,"New York, NY, USNYC","New York, NY, USNYC","Tan Cang Hiep Phuoc Port, SG, VNHPP",VNCMT,YMJA,YML,051625,DRY,10,5/13/2026,6/30/2026,5/16/2026,230,230,0,0,230,230
USNYC,USNYC,TWTYN,"New York, NY, USNYC","New York, NY, USNYC","Taoyuan, , TWTYN",TWTYN,YMJA,YML,051625,DRY,10,5/13/2026,6/30/2026,5/16/2026,405,405,0,0,405,405
USNYC,USNYC,JPTYO,"New York, NY, USNYC","New York, NY, USNYC","Tokyo, 13, JPTYO",JPTYO,YMJA,YML,051625,DRY,10,5/13/2026,6/30/2026,5/16/2026,680,680,0,0,680,680
USNYC,USNYC,CNWHG,"New York, NY, USNYC","New York, NY, USNYC","Wuhan Pt, 42, CNWHG",CNWHG,YMJA,YML,051625,DRY,10,5/13/2026,6/30/2026,5/16/2026,890,890,0,0,890,890
USNYC,USNYC,CNTXG,"New York, NY, USNYC","New York, NY, USNYC","Tianjin Xingang Pt, 12, CNTXG",CNTXG,YMJA,YML,051625,DRY,10,5/13/2026,6/30/2026,5/16/2026,630,630,0,0,630,630
USNYC,USNYC,CNYTN,"New York, NY, USNYC","New York, NY, USNYC","Yantian Pt, 44, CNYTN",CNYTN,YMJA,YML,051625,DRY,10,5/13/2026,6/30/2026,5/16/2026,455,455,0,0,455,455
USNYC,USNYC,CNYTN,"New York, NY, USNYC","New York, NY, USNYC","Yantian Pt, 44, CNYTN",CNYTN,YMJA,YML,051625,DRY,10,5/13/2026,6/30/2026,5/16/2026,205,205,0,0,205,205
USSAV,USSAV,BDCGP,"Savannah, GA, USSAV","Savannah, GA, USSAV","Chattogram/Chittagong, , BDCGP",BDCGP,MAEU,Maersk,300094432,DRY,0,4/1/2026,9/30/2026,3/24/2026,2374,2374,0,0,2374,2374
USSAV,USSAV,CNAQG,"Savannah, GA, USSAV","Savannah, GA, USSAV","Anqing Pt, 34, CNAQG",CNAQG,MAEU,Maersk,300094432,DRY,0,4/1/2026,9/30/2026,3/24/2026,796,796,0,0,796,796
USSAV,USSAV,CNCHQ,"Savannah, GA, USSAV","Savannah, GA, USSAV","Chongqing Pt, 50, CNCHQ",CNCHQ,MAEU,Maersk,300094432,DRY,0,4/1/2026,9/30/2026,3/24/2026,476,476,0,0,476,476
USSAV,USSAV,CNCZX,"Savannah, GA, USSAV","Savannah, GA, USSAV","Changzhou Pt, 32, CNCZX",CNCZX,MAEU,Maersk,300094432,DRY,0,4/1/2026,9/30/2026,3/24/2026,770,770,0,0,770,770
USSAV,USSAV,CNDLC,"Savannah, GA, USSAV","Savannah, GA, USSAV","Dalian, 21, CNDLC",CNDLC,MAEU,Maersk,300094432,DRY,0,4/1/2026,9/30/2026,3/24/2026,523,523,0,0,523,523
USSAV,USSAV,CNDFG,"Savannah, GA, USSAV","Savannah, GA, USSAV","Dafeng Pt, 22, CNDFG",CNDFG,MAEU,Maersk,300094432,DRY,0,4/1/2026,9/30/2026,3/24/2026,414,414,0,0,414,414
USSAV,USSAV,CNFZG,"Savannah, GA, USSAV","Savannah, GA, USSAV","Fuzhou Pt, 23, CNFZG",CNFZG,MAEU,Maersk,300094432,DRY,0,4/1/2026,9/30/2026,3/24/2026,323,323,0,0,323,323
USSAV,USSAV,CNGOM,"Savannah, GA, USSAV","Savannah, GA, USSAV","Gaoming Pt, 44, CNGOM",CNGOM,MAEU,Maersk,300094432,DRY,0,4/1/2026,9/30/2026,3/24/2026,784,784,0,0,784,784
USSAV,USSAV,CNHUA,"Savannah, GA, USSAV","Savannah, GA, USSAV","Huangpu Pt, 44, CNHUA",CNHUA,MAEU,Maersk,300094432,DRY,0,4/1/2026,9/30/2026,3/24/2026,486,486,0,0,486,486
USSAV,USSAV,CNJIA,"Savannah, GA, USSAV","Savannah, GA, USSAV","Jiangyin Pt, 32, CNJIA",CNJIA,MAEU,Maersk,300094432,DRY,0,4/1/2026,9/30/2026,3/24/2026,633,633,0,0,633,633
USSAV,USSAV,CNJIU,"Savannah, GA, USSAV","Savannah, GA, USSAV","Jiujiang Pt, 36, CNJIU",CNJIU,MAEU,Maersk,300094432,DRY,0,4/1/2026,9/30/2026,3/24/2026,1520,1520,0,0,1520,1520
USSAV,USSAV,CNJMN,"Savannah, GA, USSAV","Savannah, GA, USSAV","Jiangmen Pt, 44, CNJMN",CNJMN,MAEU,Maersk,300094432,DRY,0,4/1/2026,9/30/2026,3/24/2026,754,754,0,0,754,754
USSAV,USSAV,CNLYG,"Savannah, GA, USSAV","Savannah, GA, USSAV","Lianyungang, 32, CNLYG",CNLYG,MAEU,Maersk,300094432,DRY,0,4/1/2026,9/30/2026,3/24/2026,286,286,0,0,286,286
USSAV,USSAV,CNNBG,"Savannah, GA, USSAV","Savannah, GA, USSAV","Ningbo Pt, 33, CNNBG",CNNBG,MAEU,Maersk,300094432,DRY,0,4/1/2026,9/30/2026,3/24/2026,146,146,0,0,146,146
USSAV,USSAV,CNNJG,"Savannah, GA, USSAV","Savannah, GA, USSAV","Nanjing Pt, 35, CNNJG",CNNJG,MAEU,Maersk,300094432,DRY,0,4/1/2026,9/30/2026,3/24/2026,637,637,0,0,637,637
USSAV,USSAV,CNNTG,"Savannah, GA, USSAV","Savannah, GA, USSAV","Nantong Pt, 32, CNNTG",CNNTG,MAEU,Maersk,300094432,DRY,0,4/1/2026,9/30/2026,3/24/2026,284,284,0,0,284,284
USSAV,USSAV,CNTAO,"Savannah, GA, USSAV","Savannah, GA, USSAV","Qingdao, 37, CNTAO",CNTAO,MAEU,Maersk,300094432,DRY,0,4/1/2026,9/30/2026,3/24/2026,46,46,0,0,46,46
USSAV,USSAV,CNQZH,"Savannah, GA, USSAV","Savannah, GA, USSAV","Qinzhou Pt, 45, CNQZH",CNQZH,MAEU,Maersk,300094432,DRY,0,4/1/2026,9/30/2026,3/24/2026,708,708,0,0,708,708
USSAV,USSAV,CNRUG,"Savannah, GA, USSAV","Savannah, GA, USSAV","Rugao Pt, 32, CNRUG",CNRUG,MAEU,Maersk,300094432,DRY,0,4/1/2026,9/30/2026,3/24/2026,426,426,0,0,426,426
USSAV,USSAV,CNSHA,"Savannah, GA, USSAV","Savannah, GA, USSAV","Shanghai, 31, CNSHA",CNSHA,MAEU,Maersk,300094432,DRY,0,4/1/2026,9/30/2026,3/24/2026,183,183,0,0,183,183
USSAV,USSAV,CNTXG,"Savannah, GA, USSAV","Savannah, GA, USSAV","Tianjin Xingang Pt, 12, CNTXG",CNTXG,MAEU,Maersk,300094432,DRY,0,4/1/2026,9/30/2026,3/24/2026,76,76,0,0,76,76
USSAV,USSAV,CNWHG,"Savannah, GA, USSAV","Savannah, GA, USSAV","Wuhan Pt, 42, CNWHG",CNWHG,MAEU,Maersk,300094432,DRY,0,4/1/2026,9/30/2026,3/24/2026,349,349,0,0,349,349
USSAV,USSAV,CNWUZ,"Savannah, GA, USSAV","Savannah, GA, USSAV","Wuzhou Pt, 45, CNWUZ",CNWUZ,MAEU,Maersk,300094432,DRY,0,4/1/2026,9/30/2026,3/24/2026,558,558,0,0,558,558
USSAV,USSAV,CNXMN,"Savannah, GA, USSAV","Savannah, GA, USSAV","Xiamen, 35, CNXMN",CNXMN,MAEU,Maersk,300094432,DRY,0,4/1/2026,9/30/2026,3/24/2026,226,226,0,0,226,226
USSAV,USSAV,CNYTN,"Savannah, GA, USSAV","Savannah, GA, USSAV","Yantian Pt, 44, CNYTN",CNYTN,MAEU,Maersk,300094432,DRY,0,4/1/2026,9/30/2026,3/24/2026,384,384,0,0,384,384
USSAV,USSAV,CNYYA,"Savannah, GA, USSAV","Savannah, GA, USSAV","Yueyang, 50, CNYYA",CNYYA,MAEU,Maersk,300094432,DRY,0,4/1/2026,9/30/2026,3/24/2026,286,286,0,0,286,286
USSAV,USSAV,CNZHU,"Savannah, GA, USSAV","Savannah, GA, USSAV","Zhuao, 41, CNZHU",CNZHU,MAEU,Maersk,300094432,DRY,0,4/1/2026,9/30/2026,3/24/2026,744,744,0,0,744,744
USSAV,USSAV,CNZJG,"Savannah, GA, USSAV","Savannah, GA, USSAV","Zhangjiagang, 32, CNZJG",CNZJG,MAEU,Maersk,300094432,DRY,0,4/1/2026,9/30/2026,3/24/2026,674,674,0,0,674,674
USSAV,USSAV,CNZNG,"Savannah, GA, USSAV","Savannah, GA, USSAV","Zhanjiang Pt, 44, CNZNG",CNZNG,MAEU,Maersk,300094432,DRY,0,4/1/2026,9/30/2026,3/24/2026,884,884,0,0,884,884
USSAV,USSAV,CRCAR,"Savannah, GA, USSAV","Savannah, GA, USSAV","Cartago, C, CRCAR","Puerto Moin, CR",MAEU,Maersk,300094432,DRY,0,4/1/2026,9/30/2026,3/24/2026,2220,2220,0,0,2220,2220
USSAV,USSAV,CRPMN,"Savannah, GA, USSAV","Savannah, GA, USSAV","Puerto Moin, L, CRPMN",CRPMN,MAEU,Maersk,300094432,DRY,0,4/1/2026,9/30/2026,3/24/2026,1526,1526,0,0,1526,1526
USSAV,USSAV,CRSJO,"Savannah, GA, USSAV","Savannah, GA, USSAV","San Jose, SJ, CRSJO","Puerto Moin, CR",MAEU,Maersk,300094432,DRY,0,4/1/2026,9/30/2026,3/24/2026,2160,2160,0,0,2160,2160
USSAV,USSAV,DJJIB,"Savannah, GA, USSAV","Savannah, GA, USSAV","Djibouti, , DJJIB",DJJIB,MAEU,Maersk,300094432,DRY,0,4/1/2026,9/30/2026,3/24/2026,2248,2248,0,0,2248,2248
USSAV,USSAV,DZALG,"Savannah, GA, USSAV","Savannah, GA, USSAV","Alger (Algiers), 16, DZALG",DZALG,MAEU,Maersk,300094432,DRY,0,4/1/2026,9/30/2026,3/24/2026,2416,2416,0,0,2416,2416
USSAV,USSAV,ECPSJ,"Savannah, GA, USSAV","Savannah, GA, USSAV","Posorja, G, ECPSJ",ECPSJ,MAEU,Maersk,300094432,DRY,0,4/1/2026,9/30/2026,3/24/2026,1430,1430,0,0,1430,1430
USSAV,USSAV,EGALY,"Savannah, GA, USSAV","Savannah, GA, USSAV","Alexandria, , EGALY",EGALY,MAEU,Maersk,300094432,DRY,0,4/1/2026,9/30/2026,3/24/2026,3104,3104,0,0,3104,3104
USSAV,USSAV,EGDAM,"Savannah, GA, USSAV","Savannah, GA, USSAV","Damietta, , EGDAM",EGDAM,MAEU,Maersk,300094432,DRY,0,4/1/2026,9/30/2026,3/24/2026,1552,1552,0,0,1552,1552
USSAV,USSAV,GTAMA,"Savannah, GA, USSAV","Savannah, GA, USSAV","Amatitlan, GU, GTAMA","Santo Tomas de Castilla, GT",MAEU,Maersk,300094432,DRY,0,4/1/2026,9/30/2026,3/24/2026,2146,2146,0,0,2146,2146
USSAV,USSAV,GTGUA,"Savannah, GA, USSAV","Savannah, GA, USSAV","Guatemala City, , GTGUA","Santo Tomas de Castilla, GT",MAEU,Maersk,300094432,DRY,0,4/1/2026,9/30/2026,3/24/2026,2221,2221,0,0,2221,2221
USSAV,USSAV,GTPAL,"Savannah, GA, USSAV","Savannah, GA, USSAV","Palin, , GTPAL","Santo Tomas de Castilla, GT",MAEU,Maersk,300094432,DRY,0,4/1/2026,9/30/2026,3/24/2026,2196,2196,0,0,2196,2196
USSAV,USSAV,GTSTC,"Savannah, GA, USSAV","Savannah, GA, USSAV","Puerto Santo Tomas de Castilla, IZ, GTSTC",GTSTC,MAEU,Maersk,300094432,DRY,0,4/1/2026,9/30/2026,3/24/2026,1661,1661,0,0,1661,1661
USSAV,USSAV,GTVIN,"Savannah, GA, USSAV","Savannah, GA, USSAV","Villa Nueva, , GTVIN","Santo Tomas de Castilla, GT",MAEU,Maersk,300094432,DRY,0,4/1/2026,9/30/2026,3/24/2026,2311,2311,0,0,2311,2311
USSAV,USSAV,HKHKG,"Savannah, GA, USSAV","Savannah, GA, USSAV","Hong Kong, , HKHKG",HKHKG,MAEU,Maersk,300094432,DRY,0,4/1/2026,9/30/2026,3/24/2026,564,564,0,0,564,564
USSAV,USSAV,HNCHO,"Savannah, GA, USSAV","Savannah, GA, USSAV","Choloma, , HNCHO","Puerto Cortes, HN",MAEU,Maersk,300094432,DRY,0,4/1/2026,9/30/2026,3/24/2026,1966,1966,0,0,1966,1966
USSAV,USSAV,HNCOF,"Savannah, GA, USSAV","Savannah, GA, USSAV","Cofradia, OL, HNCOF","Puerto Cortes, HN",MAEU,Maersk,300094432,DRY,0,4/1/2026,9/30/2026,3/24/2026,2001,2001,0,0,2001,2001
USSAV,USSAV,HNNAC,"Savannah, GA, USSAV","Savannah, GA, USSAV","Naco, SB, HNNAC","Puerto Cortes, HN",MAEU,Maersk,300094432,DRY,0,4/1/2026,9/30/2026,3/24/2026,2011,2011,0,0,2011,2011
USSAV,USSAV,HNPCR,"Savannah, GA, USSAV","Savannah, GA, USSAV","Puerto Cortes, , HNPCR",HNPCR,MAEU,Maersk,300094432,DRY,0,4/1/2026,9/30/2026,3/24/2026,1636,1636,0,0,1636,1636
USSAV,USSAV,HNSAP,"Savannah, GA, USSAV","Savannah, GA, USSAV","San Pedro Sula, , HNSAP","Puerto Cortes, HN",MAEU,Maersk,300094432,DRY,0,4/1/2026,9/30/2026,3/24/2026,1996,1996,0,0,1996,1996
USSAV,USSAV,HNSBA,"Savannah, GA, USSAV","Savannah, GA, USSAV","Santa Barbara, , HNSBA","Puerto Cortes, HN",MAEU,Maersk,300094432,DRY,0,4/1/2026,9/30/2026,3/24/2026,2286,2286,0,0,2286,2286
USSAV,USSAV,IDBLW,"Savannah, GA, USSAV","Savannah, GA, USSAV","Belawan, , IDBLW",IDBLW,MAEU,Maersk,300094432,DRY,0,4/1/2026,9/30/2026,3/24/2026,971,971,0,0,971,971
USSAV,USSAV,IDJKT,"Savannah, GA, USSAV","Savannah, GA, USSAV","Jakarta, JK, IDJKT",IDJKT,MAEU,Maersk,300094432,DRY,0,4/1/2026,9/30/2026,3/24/2026,721,721,0,0,721,721
USSAV,USSAV,IDSRG,"Savannah, GA, USSAV","Savannah, GA, USSAV","Semarang, JT, IDSRG",IDSRG,MAEU,Maersk,300094432,DRY,0,4/1/2026,9/30/2026,3/24/2026,721,721,0,0,721,721
USSAV,USSAV,IDSUB,"Savannah, GA, USSAV","Savannah, GA, USSAV","Surabaya, JI, IDSUB",IDSUB,MAEU,Maersk,300094432,DRY,0,4/1/2026,9/30/2026,3/24/2026,721,721,0,0,721,721
USSAV,USSAV,INCOK,"Savannah, GA, USSAV","Savannah, GA, USSAV","Cochin, KL, INCOK",INCOK,MAEU,Maersk,300094432,DRY,0,4/1/2026,9/30/2026,3/24/2026,1701,1701,0,0,1701,1701
USSAV,USSAV,INMAA,"Savannah, GA, USSAV","Savannah, GA, USSAV","Chennai (ex Madras), TN, INMAA",INMAA,MAEU,Maersk,300094432,DRY,0,4/1/2026,9/30/2026,3/24/2026,1701,1701,0,0,1701,1701
USSAV,USSAV,INMUN,"Savannah, GA, USSAV","Savannah, GA, USSAV","Mundra, GJ, INMUN",INMUN,MAEU,Maersk,300094432,DRY,0,4/1/2026,9/30/2026,3/24/2026,1357,1357,0,0,1357,1357
USSAV,USSAV,INNSA,"Savannah, GA, USSAV","Savannah, GA, USSAV","Nhava Sheva, MH, INNSA",INNSA,MAEU,Maersk,300094432,DRY,0,4/1/2026,9/30/2026,3/24/2026,1357,1357,0,0,1357,1357
USSAV,USSAV,INPAV,"Savannah, GA, USSAV","Savannah, GA, USSAV","Pipavav (Victor) Port, GJ, INPAV",INPAV,MAEU,Maersk,300094432,DRY,0,4/1/2026,9/30/2026,3/24/2026,1357,1357,0,0,1357,1357
USSAV,USSAV,INTUT,"Savannah, GA, USSAV","Savannah, GA, USSAV","Tuticorin, TN, INTUT",INTUT,MAEU,Maersk,300094432,DRY,0,4/1/2026,9/30/2026,3/24/2026,1357,1357,0,0,1357,1357
USSAV,USSAV,JPMOJ,"Savannah, GA, USSAV","Savannah, GA, USSAV","Moji/Kitakyushu, 40, JPMOJ",JPMOJ,MAEU,Maersk,300094432,DRY,0,4/1/2026,9/30/2026,3/24/2026,584,584,0,0,584,584
USSAV,USSAV,JPNGO,"Savannah, GA, USSAV","Savannah, GA, USSAV","Nagoya, Aichi, 23, JPNGO",JPNGO,MAEU,Maersk,300094432,DRY,0,4/1/2026,9/30/2026,3/24/2026,326,326,0,0,326,326
USSAV,USSAV,JPOSA,"Savannah, GA, USSAV","Savannah, GA, USSAV","Osaka, 27, JPOSA","Kobe, JP",MAEU,Maersk,300094432,DRY,0,4/1/2026,9/30/2026,3/24/2026,576,576,0,0,576,576
USSAV,USSAV,JPTYO,"Savannah, GA, USSAV","Savannah, GA, USSAV","Tokyo, 13, JPTYO",JPTYO,MAEU,Maersk,300094432,DRY,0,4/1/2026,9/30/2026,3/24/2026,326,326,0,0,326,326
USSAV,USSAV,JPUKB,"Savannah, GA, USSAV","Savannah, GA, USSAV","Kobe, 28, JPUKB",JPUKB,MAEU,Maersk,300094432,DRY,0,4/1/2026,9/30/2026,3/24/2026,663,663,0,0,663,663
USSAV,USSAV,JPYKK,"Savannah, GA, USSAV","Savannah, GA, USSAV","Yokkaichi, 24, JPYKK","Nagoya, JP",MAEU,Maersk,300094432,DRY,0,4/1/2026,9/30/2026,3/24/2026,613.18,613.18,0,0,613.18,613.18
USSAV,USSAV,JPYOK,"Savannah, GA, USSAV","Savannah, GA, USSAV","Yokohama, 14, JPYOK",JPYOK,MAEU,Maersk,300094432,DRY,0,4/1/2026,9/30/2026,3/24/2026,880,880,0,0,880,880
USSAV,USSAV,KRKAN,"Savannah, GA, USSAV","Savannah, GA, USSAV","Gwangyang, 46, KRKAN",KRKAN,MAEU,Maersk,300094432,DRY,0,4/1/2026,9/30/2026,3/24/2026,353,353,0,0,353,353
USSAV,USSAV,KRPUS,"Savannah, GA, USSAV","Savannah, GA, USSAV","Busan, 26, KRPUS",KRPUS,MAEU,Maersk,300094432,DRY,0,4/1/2026,9/30/2026,3/24/2026,263,263,0,0,263,263
USSAV,USSAV,MACAS,"Savannah, GA, USSAV","Savannah, GA, USSAV","Casablanca, CAS, MACAS",MACAS,MAEU,Maersk,300094432,DRY,0,4/1/2026,9/30/2026,3/24/2026,1886,1886,0,0,1886,1886
USSAV,USSAV,MMTLA,"Savannah, GA, USSAV","Savannah, GA, USSAV","Thilawa, 6, MMTLA",MMTLA,MAEU,Maersk,300094432,DRY,0,4/1/2026,9/30/2026,3/24/2026,1218,1218,0,0,1218,1218
USSAV,USSAV,MYPEN,"Savannah, GA, USSAV","Savannah, GA, USSAV","Penang, , MYPEN",MYPEN,MAEU,Maersk,300094432,DRY,0,4/1/2026,9/30/2026,3/24/2026,843,843,0,0,843,843
USSAV,USSAV,MYPGU,"Savannah, GA, USSAV","Savannah, GA, USSAV","Pasir Gudang, Johor, , MYPGU","Tanjung Pelepas, MY",MAEU,Maersk,300094432,DRY,0,4/1/2026,9/30/2026,3/24/2026,843,843,0,0,843,843
USSAV,USSAV,MYPKG,"Savannah, GA, USSAV","Savannah, GA, USSAV","Port Klang, 10, MYPKG",MYPKG,MAEU,Maersk,300094432,DRY,0,4/1/2026,9/30/2026,3/24/2026,843,843,0,0,843,843
USSAV,USSAV,MYTPP,"Savannah, GA, USSAV","Savannah, GA, USSAV","Tanjung Pelepas, 1, MYTPP",MYTPP,MAEU,Maersk,300094432,DRY,0,4/1/2026,9/30/2026,3/24/2026,643,643,0,0,643,643
USSAV,USSAV,NIMGA,"Savannah, GA, USSAV","Savannah, GA, USSAV","Managua, , NIMGA","Puerto Cortes, HN",MAEU,Maersk,300094432,DRY,0,4/1/2026,9/30/2026,3/24/2026,2694,2694,0,0,2694,2694
USSAV,USSAV,PECLL,"Savannah, GA, USSAV","Savannah, GA, USSAV","Callao, , PECLL",PECLL,MAEU,Maersk,300094432,DRY,0,4/1/2026,9/30/2026,3/24/2026,1724,1724,0,0,1724,1724
USSAV,USSAV,PHCEB,"Savannah, GA, USSAV","Savannah, GA, USSAV","Cebu, , PHCEB",PHCEB,MAEU,Maersk,300094432,DRY,0,4/1/2026,9/30/2026,3/24/2026,1152,1152,0,0,1152,1152
USSAV,USSAV,PHMNL,"Savannah, GA, USSAV","Savannah, GA, USSAV","Manila, , PHMNL",PHMNL,MAEU,Maersk,300094432,DRY,0,4/1/2026,9/30/2026,3/24/2026,1014,1014,0,0,1014,1014
USSAV,USSAV,PKBQM,"Savannah, GA, USSAV","Savannah, GA, USSAV","Port Qasim/Karachi, SD, PKBQM",PKBQM,MAEU,Maersk,300094432,DRY,0,4/1/2026,9/30/2026,3/24/2026,1097,1097,0,0,1097,1097
USSAV,USSAV,PKBQM,"Savannah, GA, USSAV","Savannah, GA, USSAV","Port Qasim/Karachi, SD, PKBQM","Keamari Karachi, PK",MAEU,Maersk,300094432,DRY,0,4/1/2026,9/30/2026,3/24/2026,1097,1097,0,0,1097,1097
USSAV,USSAV,PTLEI,"Savannah, GA, USSAV","Savannah, GA, USSAV","Leixoes, 13, PTLEI",PTLEI,MAEU,Maersk,300094432,DRY,0,4/1/2026,9/30/2026,3/24/2026,1670,1670,0,0,1670,1670
USSAV,USSAV,SGSIN,"Savannah, GA, USSAV","Savannah, GA, USSAV","Singapore, , SGSIN",SGSIN,MAEU,Maersk,300094432,DRY,0,4/1/2026,9/30/2026,3/24/2026,557,557,0,0,557,557
USSAV,USSAV,SVAPO,"Savannah, GA, USSAV","Savannah, GA, USSAV","Apopa, SS, SVAPO","Santo Tomas de Castilla, GT",MAEU,Maersk,300094432,DRY,0,4/1/2026,9/30/2026,3/24/2026,2416,2416,0,0,2416,2416
USSAV,USSAV,SVEZC,"Savannah, GA, USSAV","Savannah, GA, USSAV","Ilopango, SS, SVEZC","Santo Tomas de Castilla, GT",MAEU,Maersk,300094432,DRY,0,4/1/2026,9/30/2026,3/24/2026,2416,2416,0,0,2416,2416
USSAV,USSAV,SVSAL,"Savannah, GA, USSAV","Savannah, GA, USSAV","San Salvador, , SVSAL","Santo Tomas de Castilla, GT",MAEU,Maersk,300094432,DRY,0,4/1/2026,9/30/2026,3/24/2026,2451,2451,0,0,2451,2451
USSAV,USSAV,SVSJO,"Savannah, GA, USSAV","Savannah, GA, USSAV","San Juan Opico, LI, SVSJO","Santo Tomas de Castilla, GT",MAEU,Maersk,300094432,DRY,0,4/1/2026,9/30/2026,3/24/2026,2406,2406,0,0,2406,2406
USSAV,USSAV,SVSOY,"Savannah, GA, USSAV","Savannah, GA, USSAV","Soyapango, , SVSOY","Santo Tomas de Castilla, GT",MAEU,Maersk,300094432,DRY,0,4/1/2026,9/30/2026,3/24/2026,2451,2451,0,0,2451,2451
USSAV,USSAV,THBKK,"Savannah, GA, USSAV","Savannah, GA, USSAV","Bangkok, , THBKK","Laem Chabang, TH",MAEU,Maersk,300094432,DRY,0,4/1/2026,9/30/2026,3/24/2026,586,586,0,0,586,586
USSAV,USSAV,THLCH,"Savannah, GA, USSAV","Savannah, GA, USSAV","Laem Chabang, 20, THLCH",THLCH,MAEU,Maersk,300094432,DRY,0,4/1/2026,9/30/2026,3/24/2026,562,562,0,0,562,562
USSAV,USSAV,TRGEM,"Savannah, GA, USSAV","Savannah, GA, USSAV","Gemlik, 16, TRGEM",TRGEM,MAEU,Maersk,300094432,DRY,0,4/1/2026,9/30/2026,3/24/2026,1423,1423,0,0,1423,1423
USSAV,USSAV,TRISK,"Savannah, GA, USSAV","Savannah, GA, USSAV","Iskenderun, 31, TRISK",TRISK,MAEU,Maersk,300094432,DRY,0,4/1/2026,9/30/2026,3/24/2026,1070,1070,0,0,1070,1070
USSAV,USSAV,TRIST,"Savannah, GA, USSAV","Savannah, GA, USSAV","Istanbul, 34, TRIST",TRIST,MAEU,Maersk,300094432,DRY,0,4/1/2026,9/30/2026,3/24/2026,658,658,0,0,658,658
USSAV,USSAV,TRIZM,"Savannah, GA, USSAV","Savannah, GA, USSAV","Izmir, 35, TRIZM",TRIZM,MAEU,Maersk,300094432,DRY,0,4/1/2026,9/30/2026,3/24/2026,1323,1323,0,0,1323,1323
USSAV,USSAV,TRIZT,"Savannah, GA, USSAV","Savannah, GA, USSAV","Izmit, 41, TRIZT",TRIZT,MAEU,Maersk,300094432,DRY,0,4/1/2026,9/30/2026,3/24/2026,1233,1233,0,0,1233,1233
USSAV,USSAV,TRMER,"Savannah, GA, USSAV","Savannah, GA, USSAV","Mersin, 33, TRMER",TRMER,MAEU,Maersk,300094432,DRY,0,4/1/2026,9/30/2026,3/24/2026,1194,1194,0,0,1194,1194
USSAV,USSAV,TWKEL,"Savannah, GA, USSAV","Savannah, GA, USSAV","Keelung, , TWKEL",TWKEL,MAEU,Maersk,300094432,DRY,0,4/1/2026,9/30/2026,3/24/2026,813,813,0,0,813,813
USSAV,USSAV,TWKHH,"Savannah, GA, USSAV","Savannah, GA, USSAV","Kaohsiung, , TWKHH",TWKHH,MAEU,Maersk,300094432,DRY,0,4/1/2026,9/30/2026,3/24/2026,663,663,0,0,663,663
USSAV,USSAV,TWTXG,"Savannah, GA, USSAV","Savannah, GA, USSAV","Taichung, , TWTXG",TWTXG,MAEU,Maersk,300094432,DRY,0,4/1/2026,9/30/2026,3/24/2026,899,899,0,0,899,899
USSAV,USSAV,TWTYN,"Savannah, GA, USSAV","Savannah, GA, USSAV","Taoyuan, , TWTYN","Keelung, TW",MAEU,Maersk,300094432,DRY,0,4/1/2026,9/30/2026,3/24/2026,1115,1115,0,0,1115,1115
USSAV,USSAV,TZDAR,"Savannah, GA, USSAV","Savannah, GA, USSAV","Dar es Salaam, , TZDAR",TZDAR,MAEU,Maersk,300094432,DRY,0,4/1/2026,9/30/2026,3/24/2026,2452,2452,0,0,2452,2452
USSAV,USSAV,VNDAD,"Savannah, GA, USSAV","Savannah, GA, USSAV","Da Nang, , VNDAD",VNDAD,MAEU,Maersk,300094432,DRY,0,4/1/2026,9/30/2026,3/24/2026,598,598,0,0,598,598
USSAV,USSAV,VNHPH,"Savannah, GA, USSAV","Savannah, GA, USSAV","Haiphong, , VNHPH",VNHPH,MAEU,Maersk,300094432,DRY,0,4/1/2026,9/30/2026,3/24/2026,130,130,0,0,130,130
USSAV,USSAV,VNSGN,"Savannah, GA, USSAV","Savannah, GA, USSAV","Ho Chi Minh City, , VNSGN",VNSGN,MAEU,Maersk,300094432,DRY,0,4/1/2026,9/30/2026,3/24/2026,503,503,0,0,503,503
USSAV,USSAV,VNVUT,"Savannah, GA, USSAV","Savannah, GA, USSAV","Vung Tau, 43, VNVUT",VNVUT,MAEU,Maersk,300094432,DRY,0,4/1/2026,9/30/2026,3/24/2026,130,130,0,0,130,130
USSAV,USSAV,NIMGA,"Savannah, GA, USSAV","Savannah, GA, USSAV","Managua, , NIMGA",NIMGA,ONEY,ONE,CHIM354B25,DRY,15,5/16/2026,6/30/2026,5/6/2026,3550,3550,0,0,3550,3550
USSAV,USSAV,PAROD,"Savannah, GA, USSAV","Savannah, GA, USSAV","Rodman, 8, PAROD",PAROD,ONEY,ONE,CHIM354B25,DRY,15,5/16/2026,6/30/2026,5/6/2026,1260,1260,0,0,1260,1260
USSAV,USSAV,CLARI,"Savannah, GA, USSAV","Savannah, GA, USSAV","Arica, TA, CLARI",CLARI,ONEY,ONE,CHIM354B25,DRY,15,5/16/2026,6/30/2026,5/6/2026,2260,2260,0,0,2260,2260
USSAV,USSAV,CLSAI,"Savannah, GA, USSAV","Savannah, GA, USSAV","San Antonio, VS, CLSAI",CLSAI,ONEY,ONE,CHIM354B25,DRY,15,5/16/2026,6/30/2026,5/6/2026,1660,1660,0,0,1660,1660
USSAV,USSAV,COBUN,"Savannah, GA, USSAV","Savannah, GA, USSAV","Buenaventura, , COBUN",COBUN,ONEY,ONE,CHIM354B25,DRY,15,5/16/2026,6/30/2026,5/6/2026,1660,1660,0,0,1660,1660
USSAV,USSAV,COSPC,"Savannah, GA, USSAV","Savannah, GA, USSAV","Portuaria Regional Cartagena, BOL, COSPC",COSPC,ONEY,ONE,CHIM354B25,DRY,15,5/16/2026,6/30/2026,5/6/2026,1150,1150,0,0,1150,1150
USSAV,USSAV,ECGYE,"Savannah, GA, USSAV","Savannah, GA, USSAV","Guayaquil, G, ECGYE",ECGYE,ONEY,ONE,CHIM354B25,DRY,15,5/16/2026,6/30/2026,5/6/2026,1450,1450,0,0,1450,1450
USSAV,USSAV,PECLL,"Savannah, GA, USSAV","Savannah, GA, USSAV","Callao, , PECLL",PECLL,ONEY,ONE,CHIM354B25,DRY,15,5/16/2026,6/30/2026,5/6/2026,875,875,0,0,875,875
USSAV,USSAV,CNAQG,"Savannah, GA, USSAV","Savannah, GA, USSAV","Anqing Pt, 34, CNAQG",CNAQG,ONEY,ONE,CHIM354B25,DRY,15,5/16/2026,6/30/2026,5/6/2026,500,500,0,0,500,500
USSAV,USSAV,CNCAN,"Savannah, GA, USSAV","Savannah, GA, USSAV","Guangzhou Baiyun, 44, CNCAN",CNCAN,ONEY,ONE,CHIM354B25,DRY,15,5/16/2026,6/30/2026,5/6/2026,850,850,0,0,850,850
USSAV,USSAV,CNCGU,"Savannah, GA, USSAV","Savannah, GA, USSAV","Changshu, 32, CNCGU",CNCGU,ONEY,ONE,CHIM354B25,DRY,15,5/16/2026,6/30/2026,5/6/2026,700,700,0,0,700,700
USSAV,USSAV,CNCKG,"Savannah, GA, USSAV","Savannah, GA, USSAV","Chongqing Jiangbei, 51, CNCKG",CNCKG,ONEY,ONE,CHIM354B25,DRY,15,5/16/2026,6/30/2026,5/6/2026,955,955,0,0,955,955
USSAV,USSAV,CNDOU,"Savannah, GA, USSAV","Savannah, GA, USSAV","Doumen Pt, 44, CNDOU",CNDOU,ONEY,ONE,CHIM354B25,DRY,15,5/16/2026,6/30/2026,5/6/2026,750,750,0,0,750,750
USSAV,USSAV,CNFOC,"Savannah, GA, USSAV","Savannah, GA, USSAV","Fuzhou Changle, 35, CNFOC",CNFOC,ONEY,ONE,CHIM354B25,DRY,15,5/16/2026,6/30/2026,5/6/2026,875,875,0,0,875,875
USSAV,USSAV,CNGON,"Savannah, GA, USSAV","Savannah, GA, USSAV","Gaolan, 44, CNGON",CNGON,ONEY,ONE,CHIM354B25,DRY,15,5/16/2026,6/30/2026,5/6/2026,800,800,0,0,800,800
USSAV,USSAV,CNHUA,"Savannah, GA, USSAV","Savannah, GA, USSAV","Huangpu Pt, 44, CNHUA",CNHUA,ONEY,ONE,CHIM354B25,DRY,15,5/16/2026,6/30/2026,5/6/2026,510,510,0,0,510,510
USSAV,USSAV,CNLYG,"Savannah, GA, USSAV","Savannah, GA, USSAV","Lianyungang, 32, CNLYG",CNLYG,ONEY,ONE,CHIM354B25,DRY,15,5/16/2026,6/30/2026,5/6/2026,725,725,0,0,725,725
USSAV,USSAV,CNNBG,"Savannah, GA, USSAV","Savannah, GA, USSAV","Ningbo Pt, 33, CNNBG",CNNBG,ONEY,ONE,CHIM354B25,DRY,15,5/16/2026,6/30/2026,5/6/2026,460,460,0,0,460,460
USSAV,USSAV,CNNKG,"Savannah, GA, USSAV","Savannah, GA, USSAV","Nanjing Lukou, 32, CNNKG",CNNKG,ONEY,ONE,CHIM354B25,DRY,15,5/16/2026,6/30/2026,5/6/2026,585,585,0,0,585,585
USSAV,USSAV,CNNSA,"Savannah, GA, USSAV","Savannah, GA, USSAV","Nansha Pt, 44, CNNSA",CNNSA,ONEY,ONE,CHIM354B25,DRY,15,5/16/2026,6/30/2026,5/6/2026,725,725,0,0,725,725
USSAV,USSAV,CNNTG,"Savannah, GA, USSAV","Savannah, GA, USSAV","Nantong Pt, 32, CNNTG",CNNTG,ONEY,ONE,CHIM354B25,DRY,15,5/16/2026,6/30/2026,5/6/2026,560,560,0,0,560,560
USSAV,USSAV,CNTAO,"Savannah, GA, USSAV","Savannah, GA, USSAV","Qingdao, 37, CNTAO",CNTAO,ONEY,ONE,CHIM354B25,DRY,15,5/16/2026,6/30/2026,5/6/2026,500,500,0,0,500,500
USSAV,USSAV,CNSBU,"Savannah, GA, USSAV","Savannah, GA, USSAV","Sanbu Pt, 44, CNSBU",CNSBU,ONEY,ONE,CHIM354B25,DRY,15,5/16/2026,6/30/2026,5/6/2026,850,850,0,0,850,850
USSAV,USSAV,CNSHA,"Savannah, GA, USSAV","Savannah, GA, USSAV","Shanghai, 31, CNSHA",CNSHA,ONEY,ONE,CHIM354B25,DRY,15,5/16/2026,6/30/2026,5/6/2026,350,350,0,0,350,350
USSAV,USSAV,CNSHK,"Savannah, GA, USSAV","Savannah, GA, USSAV","Shekou Pt, 44, CNSHK",CNSHK,ONEY,ONE,CHIM354B25,DRY,15,5/16/2026,6/30/2026,5/6/2026,775,775,0,0,775,775
USSAV,USSAV,CNTXG,"Savannah, GA, USSAV","Savannah, GA, USSAV","Tianjin Xingang Pt, 12, CNTXG",CNTXG,ONEY,ONE,CHIM354B25,DRY,15,5/16/2026,6/30/2026,5/6/2026,435,435,0,0,435,435
USSAV,USSAV,CNWUH,"Savannah, GA, USSAV","Savannah, GA, USSAV","Wuhan Tianhe, 42, CNWUH",CNWUH,ONEY,ONE,CHIM354B25,DRY,15,5/16/2026,6/30/2026,5/6/2026,710,710,0,0,710,710
USSAV,USSAV,CNWUZ,"Savannah, GA, USSAV","Savannah, GA, USSAV","Wuzhou Pt, 45, CNWUZ",CNWUZ,ONEY,ONE,CHIM354B25,DRY,15,5/16/2026,6/30/2026,5/6/2026,725,725,0,0,725,725
USSAV,USSAV,CNXMN,"Savannah, GA, USSAV","Savannah, GA, USSAV","Xiamen, 35, CNXMN",CNXMN,ONEY,ONE,CHIM354B25,DRY,15,5/16/2026,6/30/2026,5/6/2026,565,565,0,0,565,565
USSAV,USSAV,CNYNT,"Savannah, GA, USSAV","Savannah, GA, USSAV","Yantai Laishan, 37, CNYNT",CNYNT,ONEY,ONE,CHIM354B25,DRY,15,5/16/2026,6/30/2026,5/6/2026,805,805,0,0,805,805
USSAV,USSAV,CNYTN,"Savannah, GA, USSAV","Savannah, GA, USSAV","Yantian Pt, 44, CNYTN",CNYTN,ONEY,ONE,CHIM354B25,DRY,15,5/16/2026,6/30/2026,5/6/2026,400,400,0,0,400,400
USSAV,USSAV,CNYYA,"Savannah, GA, USSAV","Savannah, GA, USSAV","Yueyang, 50, CNYYA",CNYYA,ONEY,ONE,CHIM354B25,DRY,15,5/16/2026,6/30/2026,5/6/2026,985,985,0,0,985,985
USSAV,USSAV,CNZJG,"Savannah, GA, USSAV","Savannah, GA, USSAV","Zhangjiagang, 32, CNZJG",CNZJG,ONEY,ONE,CHIM354B25,DRY,15,5/16/2026,6/30/2026,5/6/2026,560,560,0,0,560,560
USSAV,USSAV,CNZSN,"Savannah, GA, USSAV","Savannah, GA, USSAV","Zhongshan Pt, 44, CNZSN",CNZSN,ONEY,ONE,CHIM354B25,DRY,15,5/16/2026,6/30/2026,5/6/2026,625,625,0,0,625,625
USSAV,USSAV,CNZUH,"Savannah, GA, USSAV","Savannah, GA, USSAV","Zhuhai Pt, 44, CNZUH",CNZUH,ONEY,ONE,CHIM354B25,DRY,15,5/16/2026,6/30/2026,5/6/2026,675,675,0,0,675,675
USSAV,USSAV,HKHKG,"Savannah, GA, USSAV","Savannah, GA, USSAV","Hong Kong, , HKHKG",HKHKG,ONEY,ONE,CHIM354B25,DRY,15,5/16/2026,6/30/2026,5/6/2026,410,410,0,0,410,410
USSAV,USSAV,IDBLW,"Savannah, GA, USSAV","Savannah, GA, USSAV","Belawan, , IDBLW",IDBLW,ONEY,ONE,CHIM354B25,DRY,15,5/16/2026,6/30/2026,5/6/2026,1150,1150,0,0,1150,1150
USSAV,USSAV,IDCKR,"Savannah, GA, USSAV","Savannah, GA, USSAV","Cikarang, JB, IDCKR",IDCKR,ONEY,ONE,CHIM354B25,DRY,15,5/16/2026,6/30/2026,5/6/2026,900,900,0,0,900,900
USSAV,USSAV,IDJKT,"Savannah, GA, USSAV","Savannah, GA, USSAV","Jakarta, JK, IDJKT",IDJKT,ONEY,ONE,CHIM354B25,DRY,15,5/16/2026,6/30/2026,5/6/2026,400,400,0,0,400,400
USSAV,USSAV,IDSRG,"Savannah, GA, USSAV","Savannah, GA, USSAV","Semarang, JT, IDSRG",IDSRG,ONEY,ONE,CHIM354B25,DRY,15,5/16/2026,6/30/2026,5/6/2026,550,550,0,0,550,550
USSAV,USSAV,IDSUB,"Savannah, GA, USSAV","Savannah, GA, USSAV","Surabaya, JI, IDSUB",IDSUB,ONEY,ONE,CHIM354B25,DRY,15,5/16/2026,6/30/2026,5/6/2026,920,920,0,0,920,920
USSAV,USSAV,JPHIJ,"Savannah, GA, USSAV","Savannah, GA, USSAV","Hiroshima, 34, JPHIJ",JPHIJ,ONEY,ONE,CHIM354B25,DRY,15,5/16/2026,6/30/2026,5/6/2026,1290,1290,0,0,1290,1290
USSAV,USSAV,JPHSM,"Savannah, GA, USSAV","Savannah, GA, USSAV","Hososhima, 45, JPHSM",JPHSM,ONEY,ONE,CHIM354B25,DRY,15,5/16/2026,6/30/2026,5/6/2026,1150,1150,0,0,1150,1150
USSAV,USSAV,JPIYM,"Savannah, GA, USSAV","Savannah, GA, USSAV","Iyomishima, 38, JPIYM",JPIYM,ONEY,ONE,CHIM354B25,DRY,15,5/16/2026,6/30/2026,5/6/2026,1450,1450,0,0,1450,1450
USSAV,USSAV,JPKCZ,"Savannah, GA, USSAV","Savannah, GA, USSAV","Kochi, 39, JPKCZ",JPKCZ,ONEY,ONE,CHIM354B25,DRY,15,5/16/2026,6/30/2026,5/6/2026,1590,1590,0,0,1590,1590
USSAV,USSAV,JPKIJ,"Savannah, GA, USSAV","Savannah, GA, USSAV","Niigata, 15, JPKIJ",JPKIJ,ONEY,ONE,CHIM354B25,DRY,15,5/16/2026,6/30/2026,5/6/2026,1350,1350,0,0,1350,1350
USSAV,USSAV,JPKWS,"Savannah, GA, USSAV","Savannah, GA, USSAV","Kawasaki, 14, JPKWS",JPKWS,ONEY,ONE,CHIM354B25,DRY,15,5/16/2026,6/30/2026,5/6/2026,560,560,0,0,560,560
USSAV,USSAV,JPMOJ,"Savannah, GA, USSAV","Savannah, GA, USSAV","Moji/Kitakyushu, 40, JPMOJ",JPMOJ,ONEY,ONE,CHIM354B25,DRY,15,5/16/2026,6/30/2026,5/6/2026,1090,1090,0,0,1090,1090
USSAV,USSAV,JPNAO,"Savannah, GA, USSAV","Savannah, GA, USSAV","Naoetsu, 15, JPNAO",JPNAO,ONEY,ONE,CHIM354B25,DRY,15,5/16/2026,6/30/2026,5/6/2026,1660,1660,0,0,1660,1660
USSAV,USSAV,JPNGO,"Savannah, GA, USSAV","Savannah, GA, USSAV","Nagoya, Aichi, 23, JPNGO",JPNGO,ONEY,ONE,CHIM354B25,DRY,15,5/16/2026,6/30/2026,5/6/2026,350,350,0,0,350,350
USSAV,USSAV,JPOSA,"Savannah, GA, USSAV","Savannah, GA, USSAV","Osaka, 27, JPOSA",JPOSA,ONEY,ONE,CHIM354B25,DRY,15,5/16/2026,6/30/2026,5/6/2026,665,665,0,0,665,665
USSAV,USSAV,JPSBS,"Savannah, GA, USSAV","Savannah, GA, USSAV","Shibushi, 46, JPSBS",JPSBS,ONEY,ONE,CHIM354B25,DRY,15,5/16/2026,6/30/2026,5/6/2026,1450,1450,0,0,1450,1450
USSAV,USSAV,JPSDJ,"Savannah, GA, USSAV","Savannah, GA, USSAV","Sendai, Miyagi, 4, JPSDJ",JPSDJ,ONEY,ONE,CHIM354B25,DRY,15,5/16/2026,6/30/2026,5/6/2026,1380,1380,0,0,1380,1380
USSAV,USSAV,JPSMN,"Savannah, GA, USSAV","Savannah, GA, USSAV","Sakaiminato, 31, JPSMN",JPSMN,ONEY,ONE,CHIM354B25,DRY,15,5/16/2026,6/30/2026,5/6/2026,1690,1690,0,0,1690,1690
USSAV,USSAV,JPSMZ,"Savannah, GA, USSAV","Savannah, GA, USSAV","Shimizu, 22, JPSMZ",JPSMZ,ONEY,ONE,CHIM354B25,DRY,15,5/16/2026,6/30/2026,5/6/2026,750,750,0,0,750,750
USSAV,USSAV,JPTKS,"Savannah, GA, USSAV","Savannah, GA, USSAV","Tokushima, 36, JPTKS",JPTKS,ONEY,ONE,CHIM354B25,DRY,15,5/16/2026,6/30/2026,5/6/2026,2050,2050,0,0,2050,2050
USSAV,USSAV,JPTMK,"Savannah, GA, USSAV","Savannah, GA, USSAV","Tomakomai, 1, JPTMK",JPTMK,ONEY,ONE,CHIM354B25,DRY,15,5/16/2026,6/30/2026,5/6/2026,1370,1370,0,0,1370,1370
USSAV,USSAV,JPTYO,"Savannah, GA, USSAV","Savannah, GA, USSAV","Tokyo, 13, JPTYO",JPTYO,ONEY,ONE,CHIM354B25,DRY,15,5/16/2026,6/30/2026,5/6/2026,560,560,0,0,560,560
USSAV,USSAV,JPUKB,"Savannah, GA, USSAV","Savannah, GA, USSAV","Kobe, 28, JPUKB",JPUKB,ONEY,ONE,CHIM354B25,DRY,15,5/16/2026,6/30/2026,5/6/2026,560,560,0,0,560,560
USSAV,USSAV,JPYOK,"Savannah, GA, USSAV","Savannah, GA, USSAV","Yokohama, 14, JPYOK",JPYOK,ONEY,ONE,CHIM354B25,DRY,15,5/16/2026,6/30/2026,5/6/2026,550,550,0,0,550,550
USSAV,USSAV,KHKOS,"Savannah, GA, USSAV","Savannah, GA, USSAV","Sihanoukville (Kampong Saom), , KHKOS",KHKOS,ONEY,ONE,CHIM354B25,DRY,15,5/16/2026,6/30/2026,5/6/2026,700,700,0,0,700,700
USSAV,USSAV,KRKAN,"Savannah, GA, USSAV","Savannah, GA, USSAV","Gwangyang, 46, KRKAN",KRKAN,ONEY,ONE,CHIM354B25,DRY,15,5/16/2026,6/30/2026,5/6/2026,550,550,0,0,550,550
USSAV,USSAV,KRPUS,"Savannah, GA, USSAV","Savannah, GA, USSAV","Busan, 26, KRPUS",KRPUS,ONEY,ONE,CHIM354B25,DRY,15,5/16/2026,6/30/2026,5/6/2026,300,300,0,0,300,300
USSAV,USSAV,MYPEN,"Savannah, GA, USSAV","Savannah, GA, USSAV","Penang, , MYPEN",MYPEN,ONEY,ONE,CHIM354B25,DRY,15,5/16/2026,6/30/2026,5/6/2026,460,460,0,0,460,460
USSAV,USSAV,MYPGU,"Savannah, GA, USSAV","Savannah, GA, USSAV","Pasir Gudang, Johor, , MYPGU",MYPGU,ONEY,ONE,CHIM354B25,DRY,15,5/16/2026,6/30/2026,5/6/2026,610,610,0,0,610,610
USSAV,USSAV,MYPKG,"Savannah, GA, USSAV","Savannah, GA, USSAV","Port Klang, 10, MYPKG",MYPKG,ONEY,ONE,CHIM354B25,DRY,15,5/16/2026,6/30/2026,5/6/2026,650,650,0,0,650,650
USSAV,USSAV,PHMNL,"Savannah, GA, USSAV","Savannah, GA, USSAV","Manila, , PHMNL",PHMNL,ONEY,ONE,CHIM354B25,DRY,15,5/16/2026,6/30/2026,5/6/2026,725,725,0,0,725,725
USSAV,USSAV,BDCGP,"Savannah, GA, USSAV","Savannah, GA, USSAV","Chattogram/Chittagong, , BDCGP",BDCGP,ONEY,ONE,CHIM354B25,DRY,15,5/16/2026,6/30/2026,5/6/2026,1700,1700,0,0,1700,1700
USSAV,USSAV,INCCU,"Savannah, GA, USSAV","Savannah, GA, USSAV","Kolkata (ex Calcutta), WB, INCCU",INCCU,ONEY,ONE,CHIM354B25,DRY,15,5/16/2026,6/30/2026,5/6/2026,1850,1850,0,0,1850,1850
USSAV,USSAV,INCOK,"Savannah, GA, USSAV","Savannah, GA, USSAV","Cochin, KL, INCOK",INCOK,ONEY,ONE,CHIM354B25,DRY,15,5/16/2026,6/30/2026,5/6/2026,1850,1850,0,0,1850,1850
USSAV,USSAV,INHZA,"Savannah, GA, USSAV","Savannah, GA, USSAV","Hazira Port/Surat, GJ, INHZA",INHZA,ONEY,ONE,CHIM354B25,DRY,15,5/16/2026,6/30/2026,5/6/2026,1200,1200,0,0,1200,1200
USSAV,USSAV,INMAA,"Savannah, GA, USSAV","Savannah, GA, USSAV","Chennai (ex Madras), TN, INMAA",INMAA,ONEY,ONE,CHIM354B25,DRY,15,5/16/2026,6/30/2026,5/6/2026,1850,1850,0,0,1850,1850
USSAV,USSAV,INMUN,"Savannah, GA, USSAV","Savannah, GA, USSAV","Mundra, GJ, INMUN",INMUN,ONEY,ONE,CHIM354B25,DRY,15,5/16/2026,6/30/2026,5/6/2026,1000,1000,0,0,1000,1000
USSAV,USSAV,INNSA,"Savannah, GA, USSAV","Savannah, GA, USSAV","Nhava Sheva, MH, INNSA",INNSA,ONEY,ONE,CHIM354B25,DRY,15,5/16/2026,6/30/2026,5/6/2026,1000,1000,0,0,1000,1000
USSAV,USSAV,INPAV,"Savannah, GA, USSAV","Savannah, GA, USSAV","Pipavav (Victor) Port, GJ, INPAV",INPAV,ONEY,ONE,CHIM354B25,DRY,15,5/16/2026,6/30/2026,5/6/2026,1850,1850,0,0,1850,1850
USSAV,USSAV,INTUT,"Savannah, GA, USSAV","Savannah, GA, USSAV","Tuticorin, TN, INTUT",INTUT,ONEY,ONE,CHIM354B25,DRY,15,5/16/2026,6/30/2026,5/6/2026,1850,1850,0,0,1850,1850
USSAV,USSAV,LKCMB,"Savannah, GA, USSAV","Savannah, GA, USSAV","Colombo, , LKCMB",LKCMB,ONEY,ONE,CHIM354B25,DRY,15,5/16/2026,6/30/2026,5/6/2026,1250,1250,0,0,1250,1250
USSAV,USSAV,EGALY,"Savannah, GA, USSAV","Savannah, GA, USSAV","Alexandria, , EGALY",EGALY,ONEY,ONE,CHIM354B25,DRY,15,5/16/2026,6/30/2026,5/6/2026,1340,1340,0,0,1340,1340
USSAV,USSAV,EGDAM,"Savannah, GA, USSAV","Savannah, GA, USSAV","Damietta, , EGDAM",EGDAM,ONEY,ONE,CHIM354B25,DRY,15,5/16/2026,6/30/2026,5/6/2026,1340,1340,0,0,1340,1340
USSAV,USSAV,EGPSD,"Savannah, GA, USSAV","Savannah, GA, USSAV","Port Said, , EGPSD",EGPSD,ONEY,ONE,CHIM354B25,DRY,15,5/16/2026,6/30/2026,5/6/2026,1575,1575,0,0,1575,1575
USSAV,USSAV,GEPTI,"Savannah, GA, USSAV","Savannah, GA, USSAV","Poti, , GEPTI",GEPTI,ONEY,ONE,CHIM354B25,DRY,15,5/16/2026,6/30/2026,5/6/2026,1750,1750,0,0,1750,1750
USSAV,USSAV,GRPIR,"Savannah, GA, USSAV","Savannah, GA, USSAV","Piraeus, , GRPIR",GRPIR,ONEY,ONE,CHIM354B25,DRY,15,5/16/2026,6/30/2026,5/6/2026,1220,1220,0,0,1220,1220
USSAV,USSAV,ILASH,"Savannah, GA, USSAV","Savannah, GA, USSAV","Ashdod, , ILASH",ILASH,ONEY,ONE,CHIM354B25,DRY,15,5/16/2026,6/30/2026,5/6/2026,1475,1475,0,0,1475,1475
USSAV,USSAV,ILHFA,"Savannah, GA, USSAV","Savannah, GA, USSAV","Haifa, , ILHFA",ILHFA,ONEY,ONE,CHIM354B25,DRY,15,5/16/2026,6/30/2026,5/6/2026,1520,1520,0,0,1520,1520
USSAV,USSAV,ESALG,"Savannah, GA, USSAV","Savannah, GA, USSAV","Algeciras, , ESALG",ESALG,ONEY,ONE,CHIM354B25,DRY,15,5/16/2026,6/30/2026,5/6/2026,578,578,0,0,578,578
USSAV,USSAV,ESBCN,"Savannah, GA, USSAV","Savannah, GA, USSAV","Barcelona, , ESBCN",ESBCN,ONEY,ONE,CHIM354B25,DRY,15,5/16/2026,6/30/2026,5/6/2026,1573,1573,0,0,1573,1573
USSAV,USSAV,ESVLC,"Savannah, GA, USSAV","Savannah, GA, USSAV","Valencia, , ESVLC",ESVLC,ONEY,ONE,CHIM354B25,DRY,15,5/16/2026,6/30/2026,5/6/2026,693,693,0,0,693,693
USSAV,USSAV,ITSPE,"Savannah, GA, USSAV","Savannah, GA, USSAV","La Spezia, , ITSPE",ITSPE,ONEY,ONE,CHIM354B25,DRY,15,5/16/2026,6/30/2026,5/6/2026,788,788,0,0,788,788
USSAV,USSAV,BEANR,"Savannah, GA, USSAV","Savannah, GA, USSAV","Antwerp, VAN, BEANR",BEANR,ONEY,ONE,CHIM354B25,DRY,15,5/16/2026,6/30/2026,5/6/2026,655,655,0,0,655,655
USSAV,USSAV,DEBRV,"Savannah, GA, USSAV","Savannah, GA, USSAV","Bremerhaven, HB, DEBRV",DEBRV,ONEY,ONE,CHIM354B25,DRY,15,5/16/2026,6/30/2026,5/6/2026,635,635,0,0,635,635
USSAV,USSAV,FRFOS,"Savannah, GA, USSAV","Savannah, GA, USSAV","Fos-sur-Mer, 13, FRFOS",FRFOS,ONEY,ONE,CHIM354B25,DRY,15,5/16/2026,6/30/2026,5/6/2026,1285,1285,0,0,1285,1285
USSAV,USSAV,FRLEH,"Savannah, GA, USSAV","Savannah, GA, USSAV","Le Havre, 76, FRLEH",FRLEH,ONEY,ONE,CHIM354B25,DRY,15,5/16/2026,6/30/2026,5/6/2026,785,785,0,0,785,785
USSAV,USSAV,GBLIV,"Savannah, GA, USSAV","Savannah, GA, USSAV","Liverpool, MSY, GBLIV",GBLIV,ONEY,ONE,CHIM354B25,DRY,15,5/16/2026,6/30/2026,5/6/2026,1681,1681,0,0,1681,1681
USSAV,USSAV,GBSOU,"Savannah, GA, USSAV","Savannah, GA, USSAV","Southampton, HAM, GBSOU",GBSOU,ONEY,ONE,CHIM354B25,DRY,15,5/16/2026,6/30/2026,5/6/2026,671,671,0,0,671,671
USSAV,USSAV,SGSIN,"Savannah, GA, USSAV","Savannah, GA, USSAV","Singapore, , SGSIN",SGSIN,ONEY,ONE,CHIM354B25,DRY,15,5/16/2026,6/30/2026,5/6/2026,660,660,0,0,660,660
USSAV,USSAV,THBKK,"Savannah, GA, USSAV","Savannah, GA, USSAV","Bangkok, , THBKK",THBKK,ONEY,ONE,CHIM354B25,DRY,15,5/16/2026,6/30/2026,5/6/2026,350,350,0,0,350,350
USSAV,USSAV,THLCH,"Savannah, GA, USSAV","Savannah, GA, USSAV","Laem Chabang, 20, THLCH",THLCH,ONEY,ONE,CHIM354B25,DRY,15,5/16/2026,6/30/2026,5/6/2026,300,300,0,0,300,300
USSAV,USSAV,THLKR,"Savannah, GA, USSAV","Savannah, GA, USSAV","Lat Krabang, 10, THLKR",THLKR,ONEY,ONE,CHIM354B25,DRY,15,5/16/2026,6/30/2026,5/6/2026,450,450,0,0,450,450
USSAV,USSAV,TWKEL,"Savannah, GA, USSAV","Savannah, GA, USSAV","Keelung, , TWKEL",TWKEL,ONEY,ONE,CHIM354B25,DRY,15,5/16/2026,6/30/2026,5/6/2026,560,560,0,0,560,560
USSAV,USSAV,TWKHH,"Savannah, GA, USSAV","Savannah, GA, USSAV","Kaohsiung, , TWKHH",TWKHH,ONEY,ONE,CHIM354B25,DRY,15,5/16/2026,6/30/2026,5/6/2026,260,260,0,0,260,260
USSAV,USSAV,TWTPE,"Savannah, GA, USSAV","Savannah, GA, USSAV","Taipei, TPE, TWTPE",TWTPE,ONEY,ONE,CHIM354B25,DRY,15,5/16/2026,6/30/2026,5/6/2026,600,600,0,0,600,600
USSAV,USSAV,TWTXG,"Savannah, GA, USSAV","Savannah, GA, USSAV","Taichung, , TWTXG",TWTXG,ONEY,ONE,CHIM354B25,DRY,15,5/16/2026,6/30/2026,5/6/2026,450,450,0,0,450,450
USSAV,USSAV,TWTYN,"Savannah, GA, USSAV","Savannah, GA, USSAV","Taoyuan, , TWTYN",TWTYN,ONEY,ONE,CHIM354B25,DRY,15,5/16/2026,6/30/2026,5/6/2026,550,550,0,0,550,550
USSAV,USSAV,VNCMT,"Savannah, GA, USSAV","Savannah, GA, USSAV","Cai Mep Terminal, 43, VNCMT",VNCMT,ONEY,ONE,CHIM354B25,DRY,15,5/16/2026,6/30/2026,5/6/2026,350,350,0,0,350,350
USSAV,USSAV,VNDAD,"Savannah, GA, USSAV","Savannah, GA, USSAV","Da Nang, , VNDAD",VNDAD,ONEY,ONE,CHIM354B25,DRY,15,5/16/2026,6/30/2026,5/6/2026,425,425,0,0,425,425
USSAV,USSAV,VNHPH,"Savannah, GA, USSAV","Savannah, GA, USSAV","Haiphong, , VNHPH",VNHPH,ONEY,ONE,CHIM354B25,DRY,15,5/16/2026,6/30/2026,5/6/2026,550,550,0,0,550,550
USSAV,USSAV,VNSGN,"Savannah, GA, USSAV","Savannah, GA, USSAV","Ho Chi Minh City, , VNSGN",VNSGN,ONEY,ONE,CHIM354B25,DRY,15,5/16/2026,6/30/2026,5/6/2026,350,350,0,0,350,350
USSAV,USSAV,PKKHI,"Savannah, GA, USSAV","Savannah, GA, USSAV","Karachi, SD, PKKHI",PKKHI,ONEY,ONE,CHIM354B25,DRY,15,5/16/2026,6/30/2026,5/6/2026,1860,1860,0,0,1860,1860
USSAV,USSAV,TRALI,"Savannah, GA, USSAV","Savannah, GA, USSAV","Aliaga, 35, TRALI",TRALI,ONEY,ONE,CHIM354B25,DRY,15,5/16/2026,6/30/2026,5/6/2026,750,750,0,0,750,750
USSAV,USSAV,TRISK,"Savannah, GA, USSAV","Savannah, GA, USSAV","Iskenderun, 31, TRISK",TRISK,ONEY,ONE,CHIM354B25,DRY,15,5/16/2026,6/30/2026,5/6/2026,1050,1050,0,0,1050,1050
USSAV,USSAV,TRIST,"Savannah, GA, USSAV","Savannah, GA, USSAV","Istanbul, 34, TRIST",TRIST,ONEY,ONE,CHIM354B25,DRY,15,5/16/2026,6/30/2026,5/6/2026,750,750,0,0,750,750
USSAV,USSAV,PTLEI,"Savannah, GA, USSAV","Savannah, GA, USSAV","Leixoes, 13, PTLEI",PTLEI,ONEY,ONE,CHIM354B25,DRY,15,5/16/2026,6/30/2026,5/6/2026,2223,2223,0,0,2223,2223
USSAV,USSAV,PTLIS,"Savannah, GA, USSAV","Savannah, GA, USSAV","Lisboa, 11, PTLIS",PTLIS,ONEY,ONE,CHIM354B25,DRY,15,5/16/2026,6/30/2026,5/6/2026,2173,2173,0,0,2173,2173
USSAV,USSAV,ZACPT,"Savannah, GA, USSAV","Savannah, GA, USSAV","Cape Town, , ZACPT",ZACPT,ONEY,ONE,CHIM354B25,DRY,15,5/16/2026,6/30/2026,5/6/2026,2550,2550,0,0,2550,2550
USSAV,USSAV,ZADUR,"Savannah, GA, USSAV","Savannah, GA, USSAV","Durban, , ZADUR",ZADUR,ONEY,ONE,CHIM354B25,DRY,15,5/16/2026,6/30/2026,5/6/2026,2550,2550,0,0,2550,2550
USSAV,USSAV,THLCH,"Savannah, GA, USSAV","Savannah, GA, USSAV","Laem Chabang, 20, THLCH",THLCH,HDMU,HMM,US2600031,DRY,4,5/15/2026,6/30/2026,5/6/2026,504,504,0,0,504,504
USSAV,USSAV,THLCH,"Savannah, GA, USSAV","Savannah, GA, USSAV","Laem Chabang, 20, THLCH",THLCH,HDMU,HMM,US2600031,DRY,4,6/1/2026,7/31/2026,5/6/2026,534,534,0,0,534,534
USSAV,USSAV,TWKHH,"Savannah, GA, USSAV","Savannah, GA, USSAV","Kaohsiung, , TWKHH",TWKHH,HDMU,HMM,US2600031,DRY,4,5/15/2026,6/30/2026,5/6/2026,454,454,0,0,454,454
USSAV,USSAV,TWKHH,"Savannah, GA, USSAV","Savannah, GA, USSAV","Kaohsiung, , TWKHH",TWKHH,HDMU,HMM,US2600031,DRY,4,6/1/2026,7/31/2026,5/6/2026,484,484,0,0,484,484
USSAV,USSAV,TWTXG,"Savannah, GA, USSAV","Savannah, GA, USSAV","Taichung, , TWTXG",TWTXG,HDMU,HMM,US2600031,DRY,4,5/15/2026,6/30/2026,5/6/2026,784,784,0,0,784,784
USSAV,USSAV,TWTXG,"Savannah, GA, USSAV","Savannah, GA, USSAV","Taichung, , TWTXG",TWTXG,HDMU,HMM,US2600031,DRY,4,6/1/2026,7/31/2026,5/6/2026,814,814,0,0,814,814
USSAV,USSAV,IDJKT,"Savannah, GA, USSAV","Savannah, GA, USSAV","Jakarta, JK, IDJKT",KRPUS,HDMU,HMM,US2600031,DRY,4,5/15/2026,6/30/2026,5/6/2026,734,734,0,0,734,734
USSAV,USSAV,IDJKT,"Savannah, GA, USSAV","Savannah, GA, USSAV","Jakarta, JK, IDJKT",KRPUS,HDMU,HMM,US2600031,DRY,4,6/1/2026,7/31/2026,5/6/2026,764,764,0,0,764,764
USSAV,USSAV,IDSUB,"Savannah, GA, USSAV","Savannah, GA, USSAV","Surabaya, JI, IDSUB",KRPUS,HDMU,HMM,US2600031,DRY,4,5/15/2026,6/30/2026,5/6/2026,734,734,0,0,734,734
USSAV,USSAV,IDSUB,"Savannah, GA, USSAV","Savannah, GA, USSAV","Surabaya, JI, IDSUB",KRPUS,HDMU,HMM,US2600031,DRY,4,6/1/2026,7/31/2026,5/6/2026,764,764,0,0,764,764
USSAV,USSAV,THBKK,"Savannah, GA, USSAV","Savannah, GA, USSAV","Bangkok, , THBKK",SGSIN,HDMU,HMM,US2600031,DRY,4,5/15/2026,6/30/2026,5/6/2026,1184,1184,0,0,1184,1184
USSAV,USSAV,THBKK,"Savannah, GA, USSAV","Savannah, GA, USSAV","Bangkok, , THBKK",SGSIN,HDMU,HMM,US2600031,DRY,4,6/1/2026,7/31/2026,5/6/2026,1214,1214,0,0,1214,1214
USSAV,USSAV,THLKR,"Savannah, GA, USSAV","Savannah, GA, USSAV","Lat Krabang, 10, THLKR",THLCH,HDMU,HMM,US2600031,DRY,4,5/15/2026,6/30/2026,5/6/2026,584,584,0,0,584,584
USSAV,USSAV,THLKR,"Savannah, GA, USSAV","Savannah, GA, USSAV","Lat Krabang, 10, THLKR",THLCH,HDMU,HMM,US2600031,DRY,4,6/1/2026,7/31/2026,5/6/2026,614,614,0,0,614,614
USSAV,USSAV,VNSGN,"Savannah, GA, USSAV","Savannah, GA, USSAV","Ho Chi Minh City, , VNSGN",VNVUT,HDMU,HMM,US2600031,DRY,4,5/15/2026,6/30/2026,5/6/2026,454,454,0,0,454,454
USSAV,USSAV,VNSGN,"Savannah, GA, USSAV","Savannah, GA, USSAV","Ho Chi Minh City, , VNSGN",VNVUT,HDMU,HMM,US2600031,DRY,4,6/1/2026,7/31/2026,5/6/2026,484,484,0,0,484,484
USSAV,USSAV,CNAQG,"Savannah, GA, USSAV","Savannah, GA, USSAV","Anqing Pt, 34, CNAQG",CNAQG,CMDU,CMA,25-0720,DRY,13,4/18/2026,6/30/2026,5/12/2026,810,810,0,0,810,810
USSAV,USSAV,CNCHI,"Savannah, GA, USSAV","Savannah, GA, USSAV","Chizhou Pt, 15, CNCHI",CNCHI,CMDU,CMA,25-0720,DRY,13,4/18/2026,6/30/2026,5/12/2026,1010,1010,0,0,1010,1010
USSAV,USSAV,CNCQI,"Savannah, GA, USSAV","Savannah, GA, USSAV","Chongqing, 50, CNCQI",CNCQI,CMDU,CMA,25-0720,DRY,13,4/18/2026,6/30/2026,5/12/2026,1110,1110,0,0,1110,1110
USSAV,USSAV,CNCZX,"Savannah, GA, USSAV","Savannah, GA, USSAV","Changzhou Pt, 32, CNCZX",CNCZX,CMDU,CMA,25-0720,DRY,13,4/18/2026,6/30/2026,5/12/2026,860,860,0,0,860,860
USSAV,USSAV,CNDLC,"Savannah, GA, USSAV","Savannah, GA, USSAV","Dalian, 21, CNDLC",CNDLC,CMDU,CMA,25-0720,DRY,13,4/18/2026,6/30/2026,5/12/2026,960,960,0,0,960,960
USSAV,USSAV,CNDFG,"Savannah, GA, USSAV","Savannah, GA, USSAV","Dafeng Pt, 22, CNDFG",CNDFG,CMDU,CMA,25-0720,DRY,13,4/18/2026,6/30/2026,5/12/2026,760,760,0,0,760,760
USSAV,USSAV,CNGOM,"Savannah, GA, USSAV","Savannah, GA, USSAV","Gaoming Pt, 44, CNGOM",CNGOM,CMDU,CMA,25-0720,DRY,13,4/18/2026,6/30/2026,5/12/2026,810,810,0,0,810,810
USSAV,USSAV,CNHFI,"Savannah, GA, USSAV","Savannah, GA, USSAV","Hefei, 34, CNHFI",CNHFI,CMDU,CMA,25-0720,DRY,13,4/18/2026,6/30/2026,5/12/2026,810,810,0,0,810,810
USSAV,USSAV,CNHUA,"Savannah, GA, USSAV","Savannah, GA, USSAV","Huangpu Pt, 44, CNHUA",CNHUA,CMDU,CMA,25-0720,DRY,13,4/18/2026,6/30/2026,5/12/2026,570,570,0,0,570,570
USSAV,USSAV,CNJGZ,"Savannah, GA, USSAV","Savannah, GA, USSAV","Jingzhou, 42, CNJGZ",CNJGZ,CMDU,CMA,25-0720,DRY,13,4/18/2026,6/30/2026,5/12/2026,660,660,0,0,660,660
USSAV,USSAV,CNJMN,"Savannah, GA, USSAV","Savannah, GA, USSAV","Jiangmen Pt, 44, CNJMN",CNJMN,CMDU,CMA,25-0720,DRY,13,4/18/2026,6/30/2026,5/12/2026,810,810,0,0,810,810
USSAV,USSAV,CNLYG,"Savannah, GA, USSAV","Savannah, GA, USSAV","Lianyungang, 32, CNLYG",CNLYG,CMDU,CMA,25-0720,DRY,13,4/18/2026,6/30/2026,5/12/2026,760,760,0,0,760,760
USSAV,USSAV,CNMAA,"Savannah, GA, USSAV","Savannah, GA, USSAV","Maanshan Pt, 34, CNMAA",CNMAA,CMDU,CMA,25-0720,DRY,13,4/18/2026,6/30/2026,5/12/2026,810,810,0,0,810,810
USSAV,USSAV,CNNJG,"Savannah, GA, USSAV","Savannah, GA, USSAV","Nanjing Pt, 35, CNNJG",CNNJG,CMDU,CMA,25-0720,DRY,13,4/18/2026,6/30/2026,5/12/2026,760,760,0,0,760,760
USSAV,USSAV,CNNTG,"Savannah, GA, USSAV","Savannah, GA, USSAV","Nantong Pt, 32, CNNTG",CNNTG,CMDU,CMA,25-0720,DRY,13,4/18/2026,6/30/2026,5/12/2026,670,670,0,0,670,670
USSAV,USSAV,CNQZH,"Savannah, GA, USSAV","Savannah, GA, USSAV","Qinzhou Pt, 45, CNQZH",CNQZH,CMDU,CMA,25-0720,DRY,13,4/18/2026,6/30/2026,5/12/2026,1110,1110,0,0,1110,1110
USSAV,USSAV,CNRUG,"Savannah, GA, USSAV","Savannah, GA, USSAV","Rugao Pt, 32, CNRUG",CNRUG,CMDU,CMA,25-0720,DRY,13,4/18/2026,6/30/2026,5/12/2026,770,770,0,0,770,770
USSAV,USSAV,CNSHA,"Savannah, GA, USSAV","Savannah, GA, USSAV","Shanghai, 31, CNSHA",CNSHA,CMDU,CMA,25-0720,DRY,13,4/18/2026,6/30/2026,5/12/2026,355,355,0,0,355,355
USSAV,USSAV,CNSHK,"Savannah, GA, USSAV","Savannah, GA, USSAV","Shekou Pt, 44, CNSHK",CNSHK,CMDU,CMA,25-0720,DRY,13,4/18/2026,6/30/2026,5/12/2026,810,810,0,0,810,810
USSAV,USSAV,CNTXG,"Savannah, GA, USSAV","Savannah, GA, USSAV","Tianjin Xingang Pt, 12, CNTXG",CNTXG,CMDU,CMA,25-0720,DRY,13,4/18/2026,6/30/2026,5/12/2026,760,760,0,0,760,760
USSAV,USSAV,CNWHG,"Savannah, GA, USSAV","Savannah, GA, USSAV","Wuhan Pt, 42, CNWHG",CNWHG,CMDU,CMA,25-0720,DRY,13,4/18/2026,6/30/2026,5/12/2026,720,720,0,0,720,720
USSAV,USSAV,CNWUH,"Savannah, GA, USSAV","Savannah, GA, USSAV","Wuhan Tianhe, 42, CNWUH",CNWUH,CMDU,CMA,25-0720,DRY,13,4/18/2026,6/30/2026,5/12/2026,720,720,0,0,720,720
USSAV,USSAV,CNWHI,"Savannah, GA, USSAV","Savannah, GA, USSAV","Wuhu Pt, 34, CNWHI",CNWHI,CMDU,CMA,25-0720,DRY,13,4/18/2026,6/30/2026,5/12/2026,810,810,0,0,810,810
USSAV,USSAV,CNXMN,"Savannah, GA, USSAV","Savannah, GA, USSAV","Xiamen, 35, CNXMN",CNXMN,CMDU,CMA,25-0720,DRY,13,4/18/2026,6/30/2026,5/12/2026,355,355,0,0,355,355
USSAV,USSAV,CNYTN,"Savannah, GA, USSAV","Savannah, GA, USSAV","Yantian Pt, 44, CNYTN",CNYTN,CMDU,CMA,25-0720,DRY,13,4/18/2026,6/30/2026,5/12/2026,355,355,0,0,355,355
USSAV,USSAV,CNYYA,"Savannah, GA, USSAV","Savannah, GA, USSAV","Yueyang, 50, CNYYA",CNYYA,CMDU,CMA,25-0720,DRY,13,4/18/2026,6/30/2026,5/12/2026,760,760,0,0,760,760
USSAV,USSAV,CNZHA,"Savannah, GA, USSAV","Savannah, GA, USSAV","Zhanjiang Potou Apt, 44, CNZHA",CNZHA,CMDU,CMA,25-0720,DRY,13,4/18/2026,6/30/2026,5/12/2026,810,810,0,0,810,810
USSAV,USSAV,CNZNG,"Savannah, GA, USSAV","Savannah, GA, USSAV","Zhanjiang Pt, 44, CNZNG",CNZNG,CMDU,CMA,25-0720,DRY,13,4/18/2026,6/30/2026,5/12/2026,810,810,0,0,810,810
USSAV,USSAV,CNZJG,"Savannah, GA, USSAV","Savannah, GA, USSAV","Zhangjiagang, 32, CNZJG",CNZJG,CMDU,CMA,25-0720,DRY,13,4/18/2026,6/30/2026,5/12/2026,620,620,0,0,620,620
USSAV,USSAV,IDJKT,"Savannah, GA, USSAV","Savannah, GA, USSAV","Jakarta, JK, IDJKT",IDJKT,CMDU,CMA,25-0720,DRY,13,4/18/2026,6/30/2026,5/12/2026,720,720,0,0,720,720
USSAV,USSAV,JPYOK,"Savannah, GA, USSAV","Savannah, GA, USSAV","Yokohama, 14, JPYOK",JPYOK,CMDU,CMA,25-0720,DRY,13,4/18/2026,6/30/2026,5/12/2026,560,560,0,0,560,560
USSAV,USSAV,KRKAN,"Savannah, GA, USSAV","Savannah, GA, USSAV","Gwangyang, 46, KRKAN",KRKAN,CMDU,CMA,25-0720,DRY,13,4/18/2026,6/30/2026,5/12/2026,810,810,0,0,810,810
USSAV,USSAV,KRPUS,"Savannah, GA, USSAV","Savannah, GA, USSAV","Busan, 26, KRPUS",KRPUS,CMDU,CMA,25-0720,DRY,13,4/18/2026,6/30/2026,5/12/2026,410,410,0,0,410,410
USSAV,USSAV,TWKEL,"Savannah, GA, USSAV","Savannah, GA, USSAV","Keelung, , TWKEL",TWKHH,CMDU,CMA,25-0720,DRY,13,4/18/2026,6/30/2026,5/12/2026,960,960,0,0,960,960
USSAV,USSAV,TWKHH,"Savannah, GA, USSAV","Savannah, GA, USSAV","Kaohsiung, , TWKHH",TWKHH,CMDU,CMA,25-0720,DRY,13,4/18/2026,6/30/2026,5/12/2026,460,460,0,0,460,460
USSAV,USSAV,TWTXG,"Savannah, GA, USSAV","Savannah, GA, USSAV","Taichung, , TWTXG",TWKHH,CMDU,CMA,25-0720,DRY,13,4/18/2026,6/30/2026,5/12/2026,470,470,0,0,470,470
USSAV,USSAV,TWTYN,"Savannah, GA, USSAV","Savannah, GA, USSAV","Taoyuan, , TWTYN",TWKHH,CMDU,CMA,25-0720,DRY,13,4/18/2026,6/30/2026,5/12/2026,470,470,0,0,470,470
USSAV,USSAV,CNJIU,"Savannah, GA, USSAV","Savannah, GA, USSAV","Jiujiang Pt, 36, CNJIU",CNJIU,CMDU,CMA,25-0720,DRY,13,4/18/2026,6/30/2026,5/12/2026,720,720,0,0,720,720
USSAV,USSAV,CNNBG,"Savannah, GA, USSAV","Savannah, GA, USSAV","Ningbo Pt, 33, CNNBG",CNNBG,CMDU,CMA,25-0720,DRY,13,4/18/2026,6/30/2026,5/12/2026,410,410,0,0,410,410
USSAV,USSAV,CNTAO,"Savannah, GA, USSAV","Savannah, GA, USSAV","Qingdao, 37, CNTAO",CNTAO,CMDU,CMA,25-0720,DRY,13,4/18/2026,6/30/2026,5/12/2026,410,410,0,0,410,410
USSAV,USSAV,IDBLW,"Savannah, GA, USSAV","Savannah, GA, USSAV","Belawan, , IDBLW",IDBLW,CMDU,CMA,25-0720,DRY,13,4/18/2026,6/30/2026,5/12/2026,1210,1210,0,0,1210,1210
USSAV,USSAV,IDSRG,"Savannah, GA, USSAV","Savannah, GA, USSAV","Semarang, JT, IDSRG",IDSRG,CMDU,CMA,25-0720,DRY,13,4/18/2026,6/30/2026,5/12/2026,920,920,0,0,920,920
USSAV,USSAV,IDSUB,"Savannah, GA, USSAV","Savannah, GA, USSAV","Surabaya, JI, IDSUB",IDSUB,CMDU,CMA,25-0720,DRY,13,4/18/2026,6/30/2026,5/12/2026,920,920,0,0,920,920
USSAV,USSAV,JPNGO,"Savannah, GA, USSAV","Savannah, GA, USSAV","Nagoya, Aichi, 23, JPNGO",JPNGO,CMDU,CMA,25-0720,DRY,13,4/18/2026,6/30/2026,5/12/2026,885,885,0,0,885,885
USSAV,USSAV,JPOSA,"Savannah, GA, USSAV","Savannah, GA, USSAV","Osaka, 27, JPOSA",JPOSA,CMDU,CMA,25-0720,DRY,13,4/18/2026,6/30/2026,5/12/2026,910,910,0,0,910,910
USSAV,USSAV,MYPEN,"Savannah, GA, USSAV","Savannah, GA, USSAV","Penang, , MYPEN",MYPEN,CMDU,CMA,25-0720,DRY,13,4/18/2026,6/30/2026,5/12/2026,660,660,0,0,660,660
USSAV,USSAV,MYPGU,"Savannah, GA, USSAV","Savannah, GA, USSAV","Pasir Gudang, Johor, , MYPGU",MYPGU,CMDU,CMA,25-0720,DRY,13,4/18/2026,6/30/2026,5/12/2026,660,660,0,0,660,660
USSAV,USSAV,MYPKG,"Savannah, GA, USSAV","Savannah, GA, USSAV","Port Klang, 10, MYPKG",MYPKG,CMDU,CMA,25-0720,DRY,13,4/18/2026,6/30/2026,5/12/2026,460,460,0,0,460,460
USSAV,USSAV,MYTPP,"Savannah, GA, USSAV","Savannah, GA, USSAV","Tanjung Pelepas, 1, MYTPP",MYTPP,CMDU,CMA,25-0720,DRY,13,4/18/2026,6/30/2026,5/12/2026,960,960,0,0,960,960
USSAV,USSAV,PHMNL,"Savannah, GA, USSAV","Savannah, GA, USSAV","Manila, , PHMNL",PHMNL,CMDU,CMA,25-0720,DRY,13,4/18/2026,6/30/2026,5/12/2026,2235,2235,0,0,2235,2235
USSAV,USSAV,SGSIN,"Savannah, GA, USSAV","Savannah, GA, USSAV","Singapore, , SGSIN",SGSIN,CMDU,CMA,25-0720,DRY,13,4/18/2026,6/30/2026,5/12/2026,510,510,0,0,510,510
USSAV,USSAV,THBKK,"Savannah, GA, USSAV","Savannah, GA, USSAV","Bangkok, , THBKK",THLCH,CMDU,CMA,25-0720,DRY,13,4/18/2026,6/30/2026,5/12/2026,660,660,0,0,660,660
USSAV,USSAV,THLCH,"Savannah, GA, USSAV","Savannah, GA, USSAV","Laem Chabang, 20, THLCH",THLCH,CMDU,CMA,25-0720,DRY,13,4/18/2026,6/30/2026,5/12/2026,610,610,0,0,610,610
USSAV,USSAV,THLKR,"Savannah, GA, USSAV","Savannah, GA, USSAV","Lat Krabang, 10, THLKR",THLCH,CMDU,CMA,25-0720,DRY,13,4/18/2026,6/30/2026,5/12/2026,660,660,0,0,660,660
USSAV,USSAV,VNDAD,"Savannah, GA, USSAV","Savannah, GA, USSAV","Da Nang, , VNDAD",VNDAD,CMDU,CMA,25-0720,DRY,13,4/18/2026,6/30/2026,5/12/2026,810,810,0,0,810,810
USSAV,USSAV,VNHPH,"Savannah, GA, USSAV","Savannah, GA, USSAV","Haiphong, , VNHPH",VNHPH,CMDU,CMA,25-0720,DRY,13,4/18/2026,6/30/2026,5/12/2026,310,310,0,0,310,310
USSAV,USSAV,VNSGN,"Savannah, GA, USSAV","Savannah, GA, USSAV","Ho Chi Minh City, , VNSGN",VNVUT,CMDU,CMA,25-0720,DRY,13,4/18/2026,6/30/2026,5/12/2026,310,310,0,0,310,310
USSAV,USSAV,VNVUT,"Savannah, GA, USSAV","Savannah, GA, USSAV","Vung Tau, 43, VNVUT",VNVUT,CMDU,CMA,25-0720,DRY,13,4/18/2026,6/30/2026,5/12/2026,310,310,0,0,310,310
USSAV,USSAV,TRAMR,"Savannah, GA, USSAV","Savannah, GA, USSAV","Ambarli, 34, TRAMR",TRAMR,CMDU,CMA,25-0720,DRY,13,4/18/2026,6/30/2026,5/12/2026,1220,1220,0,0,1220,1220
USSAV,USSAV,TRISK,"Savannah, GA, USSAV","Savannah, GA, USSAV","Iskenderun, 31, TRISK",TRISK,CMDU,CMA,25-0720,DRY,13,4/18/2026,6/30/2026,5/12/2026,970,970,0,0,970,970
USSAV,USSAV,TRMER,"Savannah, GA, USSAV","Savannah, GA, USSAV","Mersin, 33, TRMER",TRMER,CMDU,CMA,25-0720,DRY,13,4/18/2026,6/30/2026,5/12/2026,2095,2095,0,0,2095,2095
USSAV,USSAV,ITSAL,"Savannah, GA, USSAV","Savannah, GA, USSAV","Salerno, , ITSAL",ITSAL,CMDU,CMA,25-0720,DRY,13,4/18/2026,6/30/2026,5/12/2026,1546,1546,0,0,1546,1546
USSAV,USSAV,ITBCO,"Savannah, GA, USSAV","Savannah, GA, USSAV","Buccino, , ITBCO",ITSAL,CMDU,CMA,25-0720,DRY,13,4/18/2026,6/30/2026,5/12/2026,1970,1970,0,0,1970,1970
USSAV,USSAV,EGALY,"Savannah, GA, USSAV","Savannah, GA, USSAV","Alexandria, , EGALY",EGALY,CMDU,CMA,25-0720,DRY,13,4/18/2026,6/30/2026,5/12/2026,2820,2820,0,0,2820,2820
USSAV,USSAV,EGPSD,"Savannah, GA, USSAV","Savannah, GA, USSAV","Port Said, , EGPSD",EGPSD,CMDU,CMA,25-0720,DRY,13,4/18/2026,6/30/2026,5/12/2026,2870,2870,0,0,2870,2870
USSAV,USSAV,INMUN,"Savannah, GA, USSAV","Savannah, GA, USSAV","Mundra, GJ, INMUN",INMUN,CMDU,CMA,25-0720,DRY,13,4/18/2026,6/30/2026,5/12/2026,1110,1110,0,0,1110,1110
USSAV,USSAV,INNSA,"Savannah, GA, USSAV","Savannah, GA, USSAV","Nhava Sheva, MH, INNSA",INNSA,CMDU,CMA,25-0720,DRY,13,4/18/2026,6/30/2026,5/12/2026,1110,1110,0,0,1110,1110
USSAV,USSAV,PKBQM,"Savannah, GA, USSAV","Savannah, GA, USSAV","Port Qasim/Karachi, SD, PKBQM",PKBQM,CMDU,CMA,25-0720,DRY,13,4/18/2026,6/30/2026,5/12/2026,1210,1210,0,0,1210,1210
USSAV,USSAV,BDCGP,"Savannah, GA, USSAV","Savannah, GA, USSAV","Chattogram/Chittagong, , BDCGP",BDCGP,CMDU,CMA,25-0720,DRY,13,4/18/2026,6/30/2026,5/12/2026,1850,1850,0,0,1850,1850
USSAV,USSAV,CRCAR,"Savannah, GA, USSAV","Savannah, GA, USSAV","Cartago, C, CRCAR",CRMOB,CMDU,CMA,25-0720,DRY,13,4/18/2026,6/30/2026,5/12/2026,3259,3259,0,0,3259,3259
USSAV,USSAV,CRMOB,"Savannah, GA, USSAV","Savannah, GA, USSAV","Moin, L, CRMOB",CRMOB,CMDU,CMA,25-0720,DRY,13,4/18/2026,6/30/2026,5/12/2026,2365,2365,0,0,2365,2365
USSAV,USSAV,ECGYE,"Savannah, GA, USSAV","Savannah, GA, USSAV","Guayaquil, G, ECGYE",ECGYE,CMDU,CMA,25-0720,DRY,13,4/18/2026,6/30/2026,5/12/2026,3154,3154,0,0,3154,3154
USSAV,USSAV,GTAMA,"Savannah, GA, USSAV","Savannah, GA, USSAV","Amatitlan, GU, GTAMA",GTPBR,CMDU,CMA,25-0720,DRY,13,4/18/2026,6/30/2026,5/12/2026,3452,3452,0,0,3452,3452
USSAV,USSAV,GTAMA,"Savannah, GA, USSAV","Savannah, GA, USSAV","Amatitlan, GU, GTAMA",GTSTC,CMDU,CMA,25-0720,DRY,13,4/18/2026,6/30/2026,5/12/2026,3452,3452,0,0,3452,3452
USSAV,USSAV,GTPAL,"Savannah, GA, USSAV","Savannah, GA, USSAV","Palin, , GTPAL",GTPBR,CMDU,CMA,25-0720,DRY,13,4/18/2026,6/30/2026,5/12/2026,3552,3552,0,0,3552,3552
USSAV,USSAV,GTPAL,"Savannah, GA, USSAV","Savannah, GA, USSAV","Palin, , GTPAL",GTSTC,CMDU,CMA,25-0720,DRY,13,4/18/2026,6/30/2026,5/12/2026,3552,3552,0,0,3552,3552
USSAV,USSAV,GTPBR,"Savannah, GA, USSAV","Savannah, GA, USSAV","Puerto Barrios, , GTPBR",GTPBR,CMDU,CMA,25-0720,DRY,13,4/18/2026,6/30/2026,5/12/2026,2345,2345,0,0,2345,2345
USSAV,USSAV,GTSTC,"Savannah, GA, USSAV","Savannah, GA, USSAV","Puerto Santo Tomas de Castilla, IZ, GTSTC",GTSTC,CMDU,CMA,25-0720,DRY,13,4/18/2026,6/30/2026,5/12/2026,2345,2345,0,0,2345,2345
USSAV,USSAV,GTVIN,"Savannah, GA, USSAV","Savannah, GA, USSAV","Villa Nueva, , GTVIN",GTPBR,CMDU,CMA,25-0720,DRY,13,4/18/2026,6/30/2026,5/12/2026,3422,3422,0,0,3422,3422
USSAV,USSAV,GTVIN,"Savannah, GA, USSAV","Savannah, GA, USSAV","Villa Nueva, , GTVIN",GTSTC,CMDU,CMA,25-0720,DRY,13,4/18/2026,6/30/2026,5/12/2026,3422,3422,0,0,3422,3422
USSAV,USSAV,HNCFR,"Savannah, GA, USSAV","Savannah, GA, USSAV","Cofradia, CR, HNCFR",HNPCR,CMDU,CMA,25-0720,DRY,13,4/18/2026,6/30/2026,5/12/2026,2740,2740,0,0,2740,2740
USSAV,USSAV,HNCHO,"Savannah, GA, USSAV","Savannah, GA, USSAV","Choloma, , HNCHO",HNPCR,CMDU,CMA,25-0720,DRY,13,4/18/2026,6/30/2026,5/12/2026,2950,2950,0,0,2950,2950
USSAV,USSAV,HNSAP,"Savannah, GA, USSAV","Savannah, GA, USSAV","San Pedro Sula, , HNSAP",HNPCR,CMDU,CMA,25-0720,DRY,13,4/18/2026,6/30/2026,5/12/2026,2740,2740,0,0,2740,2740
USSAV,USSAV,PECLL,"Savannah, GA, USSAV","Savannah, GA, USSAV","Callao, , PECLL",PECLL,CMDU,CMA,25-0720,DRY,13,4/18/2026,6/30/2026,5/12/2026,3150,3150,0,0,3150,3150
USSAV,USSAV,SVAPO,"Savannah, GA, USSAV","Savannah, GA, USSAV","Apopa, SS, SVAPO",GTPBR,CMDU,CMA,25-0720,DRY,13,4/18/2026,6/30/2026,5/12/2026,3802,3802,0,0,3802,3802
USSAV,USSAV,SVAPO,"Savannah, GA, USSAV","Savannah, GA, USSAV","Apopa, SS, SVAPO",GTSTC,CMDU,CMA,25-0720,DRY,13,4/18/2026,6/30/2026,5/12/2026,3802,3802,0,0,3802,3802
USSAV,USSAV,SVEZC,"Savannah, GA, USSAV","Savannah, GA, USSAV","Ilopango, SS, SVEZC",GTPBR,CMDU,CMA,25-0720,DRY,13,4/18/2026,6/30/2026,5/12/2026,3902,3902,0,0,3902,3902
USSAV,USSAV,SVEZC,"Savannah, GA, USSAV","Savannah, GA, USSAV","Ilopango, SS, SVEZC",GTSTC,CMDU,CMA,25-0720,DRY,13,4/18/2026,6/30/2026,5/12/2026,3902,3902,0,0,3902,3902
USSAV,USSAV,SVSOY,"Savannah, GA, USSAV","Savannah, GA, USSAV","Soyapango, , SVSOY",GTPBR,CMDU,CMA,25-0720,DRY,13,4/18/2026,6/30/2026,5/12/2026,3802,3802,0,0,3802,3802
USSAV,USSAV,SVSOY,"Savannah, GA, USSAV","Savannah, GA, USSAV","Soyapango, , SVSOY",GTSTC,CMDU,CMA,25-0720,DRY,13,4/18/2026,6/30/2026,5/12/2026,3802,3802,0,0,3802,3802
USSAV,USSAV,BDCGP,"Savannah, GA, USSAV","Savannah, GA, USSAV","Chattogram/Chittagong, , BDCGP",BDCGP,EGLV,EMC,SC103574,DRY,4,5/1/2026,6/30/2026,5/16/2026,2700,2700,0,0,2700,2700
USSAV,USSAV,CNNBG,"Savannah, GA, USSAV","Savannah, GA, USSAV","Ningbo Pt, 33, CNNBG",CNNBG,EGLV,EMC,SC103574,DRY,4,5/1/2026,6/30/2026,5/16/2026,650,650,0,0,650,650
USSAV,USSAV,CNTAO,"Savannah, GA, USSAV","Savannah, GA, USSAV","Qingdao, 37, CNTAO",CNQDG,EGLV,EMC,SC103574,DRY,4,5/1/2026,6/30/2026,5/16/2026,650,650,0,0,650,650
USSAV,USSAV,CNSHA,"Savannah, GA, USSAV","Savannah, GA, USSAV","Shanghai, 31, CNSHA",CNSHG,EGLV,EMC,SC103574,DRY,4,5/1/2026,6/30/2026,5/16/2026,650,650,0,0,650,650
USSAV,USSAV,CNXMN,"Savannah, GA, USSAV","Savannah, GA, USSAV","Xiamen, 35, CNXMN",CNXMG,EGLV,EMC,SC103574,DRY,4,5/1/2026,6/30/2026,5/16/2026,850,850,0,0,850,850
USSAV,USSAV,CNYTN,"Savannah, GA, USSAV","Savannah, GA, USSAV","Yantian Pt, 44, CNYTN",CNYTN,EGLV,EMC,SC103574,DRY,4,5/1/2026,6/30/2026,5/16/2026,900,900,0,0,900,900
USSAV,USSAV,GTGUA,"Savannah, GA, USSAV","Savannah, GA, USSAV","Guatemala City, , GTGUA",GTSTC,EGLV,EMC,SC103574,DRY,2,4/20/2026,6/30/2026,5/16/2026,3000,3000,0,0,3000,3000
USSAV,USSAV,HNPCR,"Savannah, GA, USSAV","Savannah, GA, USSAV","Puerto Cortes, , HNPCR",HNPCR,EGLV,EMC,SC103574,DRY,2,4/20/2026,6/30/2026,5/16/2026,2500,2500,0,0,2500,2500
USSAV,USSAV,IDBLW,"Savannah, GA, USSAV","Savannah, GA, USSAV","Belawan, , IDBLW",IDBLW,EGLV,EMC,SC103574,DRY,4,5/1/2026,6/30/2026,5/16/2026,1050,1050,0,0,1050,1050
USSAV,USSAV,IDJKT,"Savannah, GA, USSAV","Savannah, GA, USSAV","Jakarta, JK, IDJKT",IDJKT,EGLV,EMC,SC103574,DRY,4,5/1/2026,6/30/2026,5/16/2026,1050,1050,0,0,1050,1050
USSAV,USSAV,IDSRG,"Savannah, GA, USSAV","Savannah, GA, USSAV","Semarang, JT, IDSRG",IDSRG,EGLV,EMC,SC103574,DRY,4,5/1/2026,6/30/2026,5/16/2026,1050,1050,0,0,1050,1050
USSAV,USSAV,IDSUB,"Savannah, GA, USSAV","Savannah, GA, USSAV","Surabaya, JI, IDSUB",IDSUB,EGLV,EMC,SC103574,DRY,4,5/1/2026,6/30/2026,5/16/2026,1050,1050,0,0,1050,1050
USSAV,USSAV,INNSA,"Savannah, GA, USSAV","Savannah, GA, USSAV","Nhava Sheva, MH, INNSA",INNSA,EGLV,EMC,SC103574,DRY,4,5/1/2026,6/30/2026,5/16/2026,1800,1800,0,0,1800,1800
USSAV,USSAV,JPHTD,"Savannah, GA, USSAV","Savannah, GA, USSAV","Hakata, 38, JPHTD",JPHTD,EGLV,EMC,SC103574,DRY,4,5/1/2026,6/30/2026,5/16/2026,1150,1150,0,0,1150,1150
USSAV,USSAV,JPNGO,"Savannah, GA, USSAV","Savannah, GA, USSAV","Nagoya, Aichi, 23, JPNGO",JPNGO,EGLV,EMC,SC103574,DRY,4,5/1/2026,6/30/2026,5/16/2026,1150,1150,0,0,1150,1150
USSAV,USSAV,JPOSA,"Savannah, GA, USSAV","Savannah, GA, USSAV","Osaka, 27, JPOSA",JPOSA,EGLV,EMC,SC103574,DRY,4,5/1/2026,6/30/2026,5/16/2026,1150,1150,0,0,1150,1150
USSAV,USSAV,JPUKB,"Savannah, GA, USSAV","Savannah, GA, USSAV","Kobe, 28, JPUKB",JPUKB,EGLV,EMC,SC103574,DRY,4,5/1/2026,6/30/2026,5/16/2026,1150,1150,0,0,1150,1150
USSAV,USSAV,PECLL,"Savannah, GA, USSAV","Savannah, GA, USSAV","Callao, , PECLL",PECLL,EGLV,EMC,SC103574,DRY,2,10/1/2025,9/30/2026,5/16/2026,1200,1200,0,0,1200,1200
USSAV,USSAV,PHDVO,"Savannah, GA, USSAV","Savannah, GA, USSAV","Davao, Mindanao, , PHDVO",PHDVO,EGLV,EMC,SC103574,DRY,4,5/1/2026,6/30/2026,5/16/2026,1000,1000,0,0,1000,1000
USSAV,USSAV,PHMNL,"Savannah, GA, USSAV","Savannah, GA, USSAV","Manila, , PHMNL",PHMNL,EGLV,EMC,SC103574,DRY,4,5/1/2026,6/30/2026,5/16/2026,1150,1150,0,0,1150,1150
USSAV,USSAV,PHMNS,"Savannah, GA, USSAV","Savannah, GA, USSAV","Manila South Harbour, , PHMNS",PHMNS,EGLV,EMC,SC103574,DRY,4,5/1/2026,6/30/2026,5/16/2026,1150,1150,0,0,1150,1150
USSAV,USSAV,PKKHI,"Savannah, GA, USSAV","Savannah, GA, USSAV","Karachi, SD, PKKHI",PKKHI,EGLV,EMC,SC103574,DRY,4,5/1/2026,6/30/2026,5/16/2026,1700,1700,0,0,1700,1700
USSAV,USSAV,THBKK,"Savannah, GA, USSAV","Savannah, GA, USSAV","Bangkok, , THBKK",THBKK,EGLV,EMC,SC103574,DRY,4,5/1/2026,6/30/2026,5/16/2026,1200,1200,0,0,1200,1200
USSAV,USSAV,THLCH,"Savannah, GA, USSAV","Savannah, GA, USSAV","Laem Chabang, 20, THLCH",THLCH,EGLV,EMC,SC103574,DRY,4,5/1/2026,6/30/2026,5/16/2026,1000,1000,0,0,1000,1000
USSAV,USSAV,TWKHH,"Savannah, GA, USSAV","Savannah, GA, USSAV","Kaohsiung, , TWKHH",TWKHH,EGLV,EMC,SC103574,DRY,4,5/1/2026,6/30/2026,5/16/2026,650,650,0,0,650,650
USSAV,USSAV,TWTPE,"Savannah, GA, USSAV","Savannah, GA, USSAV","Taipei, TPE, TWTPE",TWTPE,EGLV,EMC,SC103574,DRY,4,5/1/2026,6/30/2026,5/16/2026,850,850,0,0,850,850
USSAV,USSAV,VNDAD,"Savannah, GA, USSAV","Savannah, GA, USSAV","Da Nang, , VNDAD",VNDAD,EGLV,EMC,SC103574,DRY,4,5/1/2026,6/30/2026,5/16/2026,800,800,0,0,800,800
USSAV,USSAV,VNHPH,"Savannah, GA, USSAV","Savannah, GA, USSAV","Haiphong, , VNHPH",VNHPH,EGLV,EMC,SC103574,DRY,4,5/1/2026,6/30/2026,5/16/2026,800,800,0,0,800,800
USSAV,USSAV,VNSGN,"Savannah, GA, USSAV","Savannah, GA, USSAV","Ho Chi Minh City, , VNSGN",VNSGN,EGLV,EMC,SC103574,DRY,4,5/1/2026,6/30/2026,5/16/2026,800,800,0,0,800,800
USSAV,USSAV,VNTOT,"Savannah, GA, USSAV","Savannah, GA, USSAV","Cai Mep, 43, VNTOT",VNTOT,EGLV,EMC,SC103574,DRY,4,5/1/2026,6/30/2026,5/16/2026,800,800,0,0,800,800
USSAV,USSAV,ECGYE,"Savannah, GA, USSAV","Savannah, GA, USSAV","Guayaquil, G, ECGYE",ECGYE,MSCU,MSC,25-348WCSA,DRY,7,5/1/2026,5/31/2026,5/16/2026,1766,1766,0,0,1766,1766
USSAV,USSAV,ECGYE,"Savannah, GA, USSAV","Savannah, GA, USSAV","Guayaquil, G, ECGYE",ECGYE,MSCU,MSC,25-348WCSA,DRY,7,6/1/2026,6/30/2026,5/16/2026,1840,1840,0,0,1840,1840
USSAV,USSAV,IDBLW,"Savannah, GA, USSAV","Savannah, GA, USSAV","Belawan, , IDBLW",IDBLW,MSCU,MSC,25-348WCSA,DRY,7,5/1/2026,5/31/2026,5/16/2026,1240,1240,0,0,1240,1240
USSAV,USSAV,IDBLW,"Savannah, GA, USSAV","Savannah, GA, USSAV","Belawan, , IDBLW",IDBLW,MSCU,MSC,25-348WCSA,DRY,7,6/1/2026,6/30/2026,5/16/2026,1280,1280,0,0,1280,1280
USSAV,USSAV,IDJKT,"Savannah, GA, USSAV","Savannah, GA, USSAV","Jakarta, JK, IDJKT",IDJKT,MSCU,MSC,25-348WCSA,DRY,7,5/1/2026,5/31/2026,5/16/2026,1240,1240,0,0,1240,1240
USSAV,USSAV,IDJKT,"Savannah, GA, USSAV","Savannah, GA, USSAV","Jakarta, JK, IDJKT",IDJKT,MSCU,MSC,25-348WCSA,DRY,7,6/1/2026,6/30/2026,5/16/2026,1280,1280,0,0,1280,1280
USSAV,USSAV,IDSRG,"Savannah, GA, USSAV","Savannah, GA, USSAV","Semarang, JT, IDSRG",IDSRG,MSCU,MSC,25-348WCSA,DRY,7,5/1/2026,5/31/2026,5/16/2026,1240,1240,0,0,1240,1240
USSAV,USSAV,IDSRG,"Savannah, GA, USSAV","Savannah, GA, USSAV","Semarang, JT, IDSRG",IDSRG,MSCU,MSC,25-348WCSA,DRY,7,6/1/2026,6/30/2026,5/16/2026,1280,1280,0,0,1280,1280
USSAV,USSAV,IDSUB,"Savannah, GA, USSAV","Savannah, GA, USSAV","Surabaya, JI, IDSUB",IDSUB,MSCU,MSC,25-348WCSA,DRY,7,5/1/2026,5/31/2026,5/16/2026,1240,1240,0,0,1240,1240
USSAV,USSAV,IDSUB,"Savannah, GA, USSAV","Savannah, GA, USSAV","Surabaya, JI, IDSUB",IDSUB,MSCU,MSC,25-348WCSA,DRY,7,6/1/2026,6/30/2026,5/16/2026,1280,1280,0,0,1280,1280
USSAV,USSAV,MYPEN,"Savannah, GA, USSAV","Savannah, GA, USSAV","Penang, , MYPEN",MYPEN,MSCU,MSC,25-348WCSA,DRY,7,5/1/2026,5/31/2026,5/16/2026,1240,1240,0,0,1240,1240
USSAV,USSAV,MYPEN,"Savannah, GA, USSAV","Savannah, GA, USSAV","Penang, , MYPEN",MYPEN,MSCU,MSC,25-348WCSA,DRY,7,6/1/2026,6/30/2026,5/16/2026,1280,1280,0,0,1280,1280
USSAV,USSAV,MYPGU,"Savannah, GA, USSAV","Savannah, GA, USSAV","Pasir Gudang, Johor, , MYPGU",MYPGU,MSCU,MSC,25-348WCSA,DRY,7,5/1/2026,5/31/2026,5/16/2026,1240,1240,0,0,1240,1240
USSAV,USSAV,MYPGU,"Savannah, GA, USSAV","Savannah, GA, USSAV","Pasir Gudang, Johor, , MYPGU",MYPGU,MSCU,MSC,25-348WCSA,DRY,7,6/1/2026,6/30/2026,5/16/2026,1280,1280,0,0,1280,1280
USSAV,USSAV,MYPKG,"Savannah, GA, USSAV","Savannah, GA, USSAV","Port Klang, 10, MYPKG",MYPKG,MSCU,MSC,25-348WCSA,DRY,7,5/1/2026,5/31/2026,5/16/2026,1240,1240,0,0,1240,1240
USSAV,USSAV,MYPKG,"Savannah, GA, USSAV","Savannah, GA, USSAV","Port Klang, 10, MYPKG",MYPKG,MSCU,MSC,25-348WCSA,DRY,7,6/1/2026,6/30/2026,5/16/2026,1280,1280,0,0,1280,1280
USSAV,USSAV,MYTPP,"Savannah, GA, USSAV","Savannah, GA, USSAV","Tanjung Pelepas, 1, MYTPP",MYTPP,MSCU,MSC,25-348WCSA,DRY,7,5/1/2026,5/31/2026,5/16/2026,1240,1240,0,0,1240,1240
USSAV,USSAV,MYTPP,"Savannah, GA, USSAV","Savannah, GA, USSAV","Tanjung Pelepas, 1, MYTPP",MYTPP,MSCU,MSC,25-348WCSA,DRY,7,6/1/2026,6/30/2026,5/16/2026,1280,1280,0,0,1280,1280
USSAV,USSAV,PECLL,"Savannah, GA, USSAV","Savannah, GA, USSAV","Callao, , PECLL",PECLL,MSCU,MSC,25-348WCSA,DRY,7,5/1/2026,5/31/2026,5/16/2026,1766,1766,0,0,1766,1766
USSAV,USSAV,PECLL,"Savannah, GA, USSAV","Savannah, GA, USSAV","Callao, , PECLL",PECLL,MSCU,MSC,25-348WCSA,DRY,7,6/1/2026,6/30/2026,5/16/2026,1840,1840,0,0,1840,1840
USSAV,USSAV,PHMNN,"Savannah, GA, USSAV","Savannah, GA, USSAV","Manila North Harbour, , PHMNN",PHMNN,MSCU,MSC,25-348WCSA,DRY,7,5/1/2026,5/31/2026,5/16/2026,1240,1240,0,0,1240,1240
USSAV,USSAV,PHMNN,"Savannah, GA, USSAV","Savannah, GA, USSAV","Manila North Harbour, , PHMNN",PHMNN,MSCU,MSC,25-348WCSA,DRY,7,6/1/2026,6/30/2026,5/16/2026,1280,1280,0,0,1280,1280
USSAV,USSAV,SGSIN,"Savannah, GA, USSAV","Savannah, GA, USSAV","Singapore, , SGSIN",SGSIN,MSCU,MSC,25-348WCSA,DRY,7,5/1/2026,5/31/2026,5/16/2026,1240,1240,0,0,1240,1240
USSAV,USSAV,SGSIN,"Savannah, GA, USSAV","Savannah, GA, USSAV","Singapore, , SGSIN",SGSIN,MSCU,MSC,25-348WCSA,DRY,7,6/1/2026,6/30/2026,5/16/2026,1280,1280,0,0,1280,1280
USSAV,USSAV,THBKK,"Savannah, GA, USSAV","Savannah, GA, USSAV","Bangkok, , THBKK",LAEM CHABANG,MSCU,MSC,25-348WCSA,DRY,7,5/1/2026,5/31/2026,5/16/2026,1425,1425,0,0,1425,1425
USSAV,USSAV,THBKK,"Savannah, GA, USSAV","Savannah, GA, USSAV","Bangkok, , THBKK",LAEM CHABANG,MSCU,MSC,25-348WCSA,DRY,7,6/1/2026,6/30/2026,5/16/2026,1465,1465,0,0,1465,1465
USSAV,USSAV,THBMT,"Savannah, GA, USSAV","Savannah, GA, USSAV","Bangkok Modern Terminals, , THBMT",LAEM CHABANG,MSCU,MSC,25-348WCSA,DRY,7,5/1/2026,5/31/2026,5/16/2026,1425,1425,0,0,1425,1425
USSAV,USSAV,THBMT,"Savannah, GA, USSAV","Savannah, GA, USSAV","Bangkok Modern Terminals, , THBMT",LAEM CHABANG,MSCU,MSC,25-348WCSA,DRY,7,6/1/2026,6/30/2026,5/16/2026,1465,1465,0,0,1465,1465
USSAV,USSAV,THLCH,"Savannah, GA, USSAV","Savannah, GA, USSAV","Laem Chabang, 20, THLCH",THLCH,MSCU,MSC,25-348WCSA,DRY,7,5/1/2026,5/31/2026,5/16/2026,1240,1240,0,0,1240,1240
USSAV,USSAV,THLCH,"Savannah, GA, USSAV","Savannah, GA, USSAV","Laem Chabang, 20, THLCH",THLCH,MSCU,MSC,25-348WCSA,DRY,7,6/1/2026,6/30/2026,5/16/2026,1280,1280,0,0,1280,1280
USSAV,USSAV,THLKR,"Savannah, GA, USSAV","Savannah, GA, USSAV","Lat Krabang, 10, THLKR",LAEM CHABANG,MSCU,MSC,25-348WCSA,DRY,7,5/1/2026,5/31/2026,5/16/2026,1375,1375,0,0,1375,1375
USSAV,USSAV,THLKR,"Savannah, GA, USSAV","Savannah, GA, USSAV","Lat Krabang, 10, THLKR",LAEM CHABANG,MSCU,MSC,25-348WCSA,DRY,7,6/1/2026,6/30/2026,5/16/2026,1415,1415,0,0,1415,1415
USSAV,USSAV,THSBP,"Savannah, GA, USSAV","Savannah, GA, USSAV","Siam Bangkok Port, , THSBP",LAEM CHABANG,MSCU,MSC,25-348WCSA,DRY,7,5/1/2026,5/31/2026,5/16/2026,1375,1375,0,0,1375,1375
USSAV,USSAV,THSBP,"Savannah, GA, USSAV","Savannah, GA, USSAV","Siam Bangkok Port, , THSBP",LAEM CHABANG,MSCU,MSC,25-348WCSA,DRY,7,6/1/2026,6/30/2026,5/16/2026,1415,1415,0,0,1415,1415
USSAV,USSAV,TRALI,"Savannah, GA, USSAV","Savannah, GA, USSAV","Aliaga, 35, TRALI",TRALI,MSCU,MSC,25-348WCSA,DRY,7,5/1/2026,5/31/2026,5/16/2026,1436,1436,0,0,1436,1436
USSAV,USSAV,TRALI,"Savannah, GA, USSAV","Savannah, GA, USSAV","Aliaga, 35, TRALI",TRALI,MSCU,MSC,25-348WCSA,DRY,7,6/1/2026,6/30/2026,5/16/2026,1776,1776,0,0,1776,1776
USSAV,USSAV,TREYP,"Savannah, GA, USSAV","Savannah, GA, USSAV","Evyap Port /Kocaeli, 41, TREYP",TREYP,MSCU,MSC,25-348WCSA,DRY,7,5/1/2026,5/31/2026,5/16/2026,1436,1436,0,0,1436,1436
USSAV,USSAV,TREYP,"Savannah, GA, USSAV","Savannah, GA, USSAV","Evyap Port /Kocaeli, 41, TREYP",TREYP,MSCU,MSC,25-348WCSA,DRY,7,6/1/2026,6/30/2026,5/16/2026,1776,1776,0,0,1776,1776
USSAV,USSAV,TRGEM,"Savannah, GA, USSAV","Savannah, GA, USSAV","Gemlik, 16, TRGEM",TRGEM,MSCU,MSC,25-348WCSA,DRY,7,5/1/2026,5/31/2026,5/16/2026,1436,1436,0,0,1436,1436
USSAV,USSAV,TRGEM,"Savannah, GA, USSAV","Savannah, GA, USSAV","Gemlik, 16, TRGEM",TRGEM,MSCU,MSC,25-348WCSA,DRY,7,6/1/2026,6/30/2026,5/16/2026,1776,1776,0,0,1776,1776
USSAV,USSAV,TRISK,"Savannah, GA, USSAV","Savannah, GA, USSAV","Iskenderun, 31, TRISK",TRISK,MSCU,MSC,25-348WCSA,DRY,7,5/1/2026,5/31/2026,5/16/2026,1436,1436,0,0,1436,1436
USSAV,USSAV,TRISK,"Savannah, GA, USSAV","Savannah, GA, USSAV","Iskenderun, 31, TRISK",TRISK,MSCU,MSC,25-348WCSA,DRY,7,6/1/2026,6/30/2026,5/16/2026,1776,1776,0,0,1776,1776
USSAV,USSAV,TRIST,"Savannah, GA, USSAV","Savannah, GA, USSAV","Istanbul, 34, TRIST",TRIST,MSCU,MSC,25-348WCSA,DRY,7,5/1/2026,5/31/2026,5/16/2026,1436,1436,0,0,1436,1436
USSAV,USSAV,TRIST,"Savannah, GA, USSAV","Savannah, GA, USSAV","Istanbul, 34, TRIST",TRIST,MSCU,MSC,25-348WCSA,DRY,7,6/1/2026,6/30/2026,5/16/2026,1776,1776,0,0,1776,1776
USSAV,USSAV,TRIZM,"Savannah, GA, USSAV","Savannah, GA, USSAV","Izmir, 35, TRIZM",TRIZM,MSCU,MSC,25-348WCSA,DRY,7,5/1/2026,5/31/2026,5/16/2026,1436,1436,0,0,1436,1436
USSAV,USSAV,TRIZM,"Savannah, GA, USSAV","Savannah, GA, USSAV","Izmir, 35, TRIZM",TRIZM,MSCU,MSC,25-348WCSA,DRY,7,6/1/2026,6/30/2026,5/16/2026,1776,1776,0,0,1776,1776
USSAV,USSAV,TRMER,"Savannah, GA, USSAV","Savannah, GA, USSAV","Mersin, 33, TRMER",TRMER,MSCU,MSC,25-348WCSA,DRY,7,5/1/2026,5/31/2026,5/16/2026,1436,1436,0,0,1436,1436
USSAV,USSAV,TRMER,"Savannah, GA, USSAV","Savannah, GA, USSAV","Mersin, 33, TRMER",TRMER,MSCU,MSC,25-348WCSA,DRY,7,6/1/2026,6/30/2026,5/16/2026,1776,1776,0,0,1776,1776
USSAV,USSAV,TRTEK,"Savannah, GA, USSAV","Savannah, GA, USSAV","Tekirdag, 59, TRTEK",TRTEK,MSCU,MSC,25-348WCSA,DRY,7,5/1/2026,5/31/2026,5/16/2026,1436,1436,0,0,1436,1436
USSAV,USSAV,TRTEK,"Savannah, GA, USSAV","Savannah, GA, USSAV","Tekirdag, 59, TRTEK",TRTEK,MSCU,MSC,25-348WCSA,DRY,7,6/1/2026,6/30/2026,5/16/2026,1776,1776,0,0,1776,1776
USSAV,USSAV,TWKEL,"Savannah, GA, USSAV","Savannah, GA, USSAV","Keelung, , TWKEL",TWKEL,MSCU,MSC,25-348WCSA,DRY,7,5/1/2026,5/31/2026,5/16/2026,800,800,0,0,800,800
USSAV,USSAV,TWKEL,"Savannah, GA, USSAV","Savannah, GA, USSAV","Keelung, , TWKEL",TWKEL,MSCU,MSC,25-348WCSA,DRY,7,6/1/2026,6/30/2026,5/16/2026,840,840,0,0,840,840
USSAV,USSAV,TWKHH,"Savannah, GA, USSAV","Savannah, GA, USSAV","Kaohsiung, , TWKHH",TWKHH,MSCU,MSC,25-348WCSA,DRY,7,5/1/2026,5/31/2026,5/16/2026,800,800,0,0,800,800
USSAV,USSAV,TWKHH,"Savannah, GA, USSAV","Savannah, GA, USSAV","Kaohsiung, , TWKHH",TWKHH,MSCU,MSC,25-348WCSA,DRY,7,6/1/2026,6/30/2026,5/16/2026,840,840,0,0,840,840
USSAV,USSAV,TWTXG,"Savannah, GA, USSAV","Savannah, GA, USSAV","Taichung, , TWTXG",TWTXG,MSCU,MSC,25-348WCSA,DRY,7,5/1/2026,5/31/2026,5/16/2026,800,800,0,0,800,800
USSAV,USSAV,TWTXG,"Savannah, GA, USSAV","Savannah, GA, USSAV","Taichung, , TWTXG",TWTXG,MSCU,MSC,25-348WCSA,DRY,7,6/1/2026,6/30/2026,5/16/2026,840,840,0,0,840,840
USSAV,USSAV,TWTYN,"Savannah, GA, USSAV","Savannah, GA, USSAV","Taoyuan, , TWTYN",KAOHSIUNG,MSCU,MSC,25-348WCSA,DRY,7,5/1/2026,5/31/2026,5/16/2026,1140,1140,0,0,1140,1140
USSAV,USSAV,TWTYN,"Savannah, GA, USSAV","Savannah, GA, USSAV","Taoyuan, , TWTYN",KAOHSIUNG,MSCU,MSC,25-348WCSA,DRY,7,6/1/2026,6/30/2026,5/16/2026,1180,1180,0,0,1180,1180
USSAV,USSAV,VNDAD,"Savannah, GA, USSAV","Savannah, GA, USSAV","Da Nang, , VNDAD",VNDAD,MSCU,MSC,25-348WCSA,DRY,7,5/1/2026,5/31/2026,5/16/2026,1165,1165,0,0,1165,1165
USSAV,USSAV,VNDAD,"Savannah, GA, USSAV","Savannah, GA, USSAV","Da Nang, , VNDAD",VNDAD,MSCU,MSC,25-348WCSA,DRY,7,6/1/2026,6/30/2026,5/16/2026,1205,1205,0,0,1205,1205
USSAV,USSAV,VNHPH,"Savannah, GA, USSAV","Savannah, GA, USSAV","Haiphong, , VNHPH",VNHPH,MSCU,MSC,25-348WCSA,DRY,7,3/16/2026,6/30/2026,5/16/2026,600,600,0,0,600,600
USSAV,USSAV,VNSGN,"Savannah, GA, USSAV","Savannah, GA, USSAV","Ho Chi Minh City, , VNSGN",VUNG TAU,MSCU,MSC,25-348WCSA,DRY,7,3/16/2026,6/30/2026,5/16/2026,600,600,0,0,600,600
USSAV,USSAV,VNVUT,"Savannah, GA, USSAV","Savannah, GA, USSAV","Vung Tau, 43, VNVUT",VNVUT,MSCU,MSC,25-348WCSA,DRY,7,3/16/2026,6/30/2026,5/16/2026,600,600,0,0,600,600
USSAV,USSAV,BDCGP,"Savannah, GA, USSAV","Savannah, GA, USSAV","Chattogram/Chittagong, , BDCGP",BDCGP,OOLU,OOCL,MT256104,DRY,16,4/1/2026,6/30/2026,5/16/2026,1968,1968,0,0,1968,1968
USSAV,USSAV,CNBIH,"Savannah, GA, USSAV","Savannah, GA, USSAV","Beihai Pt, 32, CNBIH",CNBIH,OOLU,OOCL,MT256104,DRY,16,4/1/2026,6/30/2026,5/16/2026,573,573,0,0,573,573
USSAV,USSAV,CNDFG,"Savannah, GA, USSAV","Savannah, GA, USSAV","Dafeng Pt, 22, CNDFG",CNDFG,OOLU,OOCL,MT256104,DRY,16,4/1/2026,6/30/2026,5/16/2026,458,458,0,0,458,458
USSAV,USSAV,CNDLC,"Savannah, GA, USSAV","Savannah, GA, USSAV","Dalian, 21, CNDLC",CNDLC,OOLU,OOCL,MT256104,DRY,16,4/1/2026,6/30/2026,5/16/2026,593,593,0,0,593,593
USSAV,USSAV,CNFRT,"Savannah, GA, USSAV","Savannah, GA, USSAV","Foshan New Pt, 44, CNFRT",CNFRT,OOLU,OOCL,MT256104,DRY,16,4/1/2026,6/30/2026,5/16/2026,443,443,0,0,443,443
USSAV,USSAV,CNHUA,"Savannah, GA, USSAV","Savannah, GA, USSAV","Huangpu Pt, 44, CNHUA",CNHUA,OOLU,OOCL,MT256104,DRY,16,4/1/2026,6/30/2026,5/16/2026,598,598,0,0,598,598
USSAV,USSAV,CNKPN,"Savannah, GA, USSAV","Savannah, GA, USSAV","Kaiping, 13, CNKPN",CNKPN,OOLU,OOCL,MT256104,DRY,16,4/1/2026,6/30/2026,5/16/2026,563,563,0,0,563,563
USSAV,USSAV,CNNBG,"Savannah, GA, USSAV","Savannah, GA, USSAV","Ningbo Pt, 33, CNNBG",CNNBG,OOLU,OOCL,MT256104,DRY,16,4/1/2026,6/30/2026,5/16/2026,243,243,0,0,243,243
USSAV,USSAV,CNTAO,"Savannah, GA, USSAV","Savannah, GA, USSAV","Qingdao, 37, CNTAO",CNTAO,OOLU,OOCL,MT256104,DRY,16,4/1/2026,6/30/2026,5/16/2026,303,303,0,0,303,303
USSAV,USSAV,CNQZH,"Savannah, GA, USSAV","Savannah, GA, USSAV","Qinzhou Pt, 45, CNQZH",CNQZH,OOLU,OOCL,MT256104,DRY,16,4/1/2026,6/30/2026,5/16/2026,593,593,0,0,593,593
USSAV,USSAV,CNSBU,"Savannah, GA, USSAV","Savannah, GA, USSAV","Sanbu Pt, 44, CNSBU",CNSBU,OOLU,OOCL,MT256104,DRY,16,4/1/2026,6/30/2026,5/16/2026,563,563,0,0,563,563
USSAV,USSAV,CNSHA,"Savannah, GA, USSAV","Savannah, GA, USSAV","Shanghai, 31, CNSHA",CNSHA,OOLU,OOCL,MT256104,DRY,16,4/1/2026,6/30/2026,5/16/2026,243,243,0,0,243,243
USSAV,USSAV,CNXMN,"Savannah, GA, USSAV","Savannah, GA, USSAV","Xiamen, 35, CNXMN",CNXMN,OOLU,OOCL,MT256104,DRY,16,4/1/2026,6/30/2026,5/16/2026,243,243,0,0,243,243
USSAV,USSAV,CNTXG,"Savannah, GA, USSAV","Savannah, GA, USSAV","Tianjin Xingang Pt, 12, CNTXG",CNTXG,OOLU,OOCL,MT256104,DRY,16,4/1/2026,6/30/2026,5/16/2026,403,403,0,0,403,403
USSAV,USSAV,CNYPG,"Savannah, GA, USSAV","Savannah, GA, USSAV","Yangpu Pt, 46, CNYPG",CNYPG,OOLU,OOCL,MT256104,DRY,16,4/1/2026,6/30/2026,5/16/2026,243,243,0,0,243,243
USSAV,USSAV,CNYTN,"Savannah, GA, USSAV","Savannah, GA, USSAV","Yantian Pt, 44, CNYTN",CNYTN,OOLU,OOCL,MT256104,DRY,16,4/1/2026,6/30/2026,5/16/2026,243,243,0,0,243,243
USSAV,USSAV,PKBQM,"Savannah, GA, USSAV","Savannah, GA, USSAV","Port Qasim/Karachi, SD, PKBQM",PKBQM,OOLU,OOCL,MT256104,DRY,16,4/1/2026,6/30/2026,5/16/2026,923,923,0,0,923,923
USSAV,USSAV,THBKK,"Savannah, GA, USSAV","Savannah, GA, USSAV","Bangkok, , THBKK",THBKK,OOLU,OOCL,MT256104,DRY,16,4/1/2026,6/30/2026,5/16/2026,448,448,0,0,448,448
USSAV,USSAV,IDBLW,"Savannah, GA, USSAV","Savannah, GA, USSAV","Belawan, , IDBLW",IDBLW,OOLU,OOCL,MT256104,DRY,16,4/1/2026,6/30/2026,5/16/2026,643,643,0,0,643,643
USSAV,USSAV,KRPUS,"Savannah, GA, USSAV","Savannah, GA, USSAV","Busan, 26, KRPUS",KRPUS,OOLU,OOCL,MT256104,DRY,16,4/1/2026,6/30/2026,5/16/2026,293,293,0,0,293,293
USSAV,USSAV,PHCEB,"Savannah, GA, USSAV","Savannah, GA, USSAV","Cebu, , PHCEB",PHCEB,OOLU,OOCL,MT256104,DRY,16,4/1/2026,6/30/2026,5/16/2026,928,928,0,0,928,928
USSAV,USSAV,IDCKR,"Savannah, GA, USSAV","Savannah, GA, USSAV","Cikarang, JB, IDCKR",IDCKR,OOLU,OOCL,MT256104,DRY,16,4/1/2026,6/30/2026,5/16/2026,823,823,0,0,823,823
USSAV,USSAV,VNHPH,"Savannah, GA, USSAV","Savannah, GA, USSAV","Haiphong, , VNHPH",VNHPH,OOLU,OOCL,MT256104,DRY,16,4/1/2026,6/30/2026,5/16/2026,193,193,0,0,193,193
USSAV,USSAV,INHAL,"Savannah, GA, USSAV","Savannah, GA, USSAV","Haldia, WB, INHAL",INHAL,OOLU,OOCL,MT256104,DRY,16,4/1/2026,6/30/2026,5/16/2026,2933,2933,0,0,2933,2933
USSAV,USSAV,VNSGN,"Savannah, GA, USSAV","Savannah, GA, USSAV","Ho Chi Minh City, , VNSGN",VNSGN,OOLU,OOCL,MT256104,DRY,16,4/1/2026,6/30/2026,5/16/2026,243,243,0,0,243,243
USSAV,USSAV,HKHKG,"Savannah, GA, USSAV","Savannah, GA, USSAV","Hong Kong, , HKHKG",HKHKG,OOLU,OOCL,MT256104,DRY,16,4/1/2026,6/30/2026,5/16/2026,293,293,0,0,293,293
USSAV,USSAV,IDJKT,"Savannah, GA, USSAV","Savannah, GA, USSAV","Jakarta, JK, IDJKT",IDJKT,OOLU,OOCL,MT256104,DRY,16,4/1/2026,6/30/2026,5/16/2026,643,643,0,0,643,643
USSAV,USSAV,TWKHH,"Savannah, GA, USSAV","Savannah, GA, USSAV","Kaohsiung, , TWKHH",TWKHH,OOLU,OOCL,MT256104,DRY,16,4/1/2026,6/30/2026,5/16/2026,268,268,0,0,268,268
USSAV,USSAV,INKTP,"Savannah, GA, USSAV","Savannah, GA, USSAV","Kattupalli Port, TN, INKTP",INKTP,OOLU,OOCL,MT256104,DRY,16,4/1/2026,6/30/2026,5/16/2026,1313,1313,0,0,1313,1313
USSAV,USSAV,TWKEL,"Savannah, GA, USSAV","Savannah, GA, USSAV","Keelung, , TWKEL",TWKEL,OOLU,OOCL,MT256104,DRY,16,4/1/2026,6/30/2026,5/16/2026,548,548,0,0,548,548
USSAV,USSAV,INKOC,"Savannah, GA, USSAV","Savannah, GA, USSAV","Kochi, , INKOC",INKOC,OOLU,OOCL,MT256104,DRY,16,4/1/2026,6/30/2026,5/16/2026,3163,3163,0,0,3163,3163
USSAV,USSAV,THLCH,"Savannah, GA, USSAV","Savannah, GA, USSAV","Laem Chabang, 20, THLCH",THLCH,OOLU,OOCL,MT256104,DRY,16,4/1/2026,6/30/2026,5/16/2026,193,193,0,0,193,193
USSAV,USSAV,THLKR,"Savannah, GA, USSAV","Savannah, GA, USSAV","Lat Krabang, 10, THLKR",THLKR,OOLU,OOCL,MT256104,DRY,16,4/1/2026,6/30/2026,5/16/2026,333,333,0,0,333,333
USSAV,USSAV,PHMNL,"Savannah, GA, USSAV","Savannah, GA, USSAV","Manila, , PHMNL",PHMNL,OOLU,OOCL,MT256104,DRY,16,4/1/2026,6/30/2026,5/16/2026,928,928,0,0,928,928
USSAV,USSAV,INMUN,"Savannah, GA, USSAV","Savannah, GA, USSAV","Mundra, GJ, INMUN",INMUN,OOLU,OOCL,MT256104,DRY,16,4/1/2026,6/30/2026,5/16/2026,723,723,0,0,723,723
USSAV,USSAV,INNSA,"Savannah, GA, USSAV","Savannah, GA, USSAV","Nhava Sheva, MH, INNSA",INNSA,OOLU,OOCL,MT256104,DRY,16,4/1/2026,6/30/2026,5/16/2026,723,723,0,0,723,723
USSAV,USSAV,MYPGU,"Savannah, GA, USSAV","Savannah, GA, USSAV","Pasir Gudang, Johor, , MYPGU",MYPGU,OOLU,OOCL,MT256104,DRY,16,4/1/2026,6/30/2026,5/16/2026,938,938,0,0,938,938
USSAV,USSAV,MYPEN,"Savannah, GA, USSAV","Savannah, GA, USSAV","Penang, , MYPEN",MYPEN,OOLU,OOCL,MT256104,DRY,16,4/1/2026,6/30/2026,5/16/2026,938,938,0,0,938,938
USSAV,USSAV,MYPKG,"Savannah, GA, USSAV","Savannah, GA, USSAV","Port Klang, 10, MYPKG",MYPKG,OOLU,OOCL,MT256104,DRY,16,4/1/2026,6/30/2026,5/16/2026,343,343,0,0,343,343
USSAV,USSAV,IDSRG,"Savannah, GA, USSAV","Savannah, GA, USSAV","Semarang, JT, IDSRG",IDSRG,OOLU,OOCL,MT256104,DRY,16,4/1/2026,6/30/2026,5/16/2026,643,643,0,0,643,643
USSAV,USSAV,KHKOS,"Savannah, GA, USSAV","Savannah, GA, USSAV","Sihanoukville (Kampong Saom), , KHKOS",KHKOS,OOLU,OOCL,MT256104,DRY,16,4/1/2026,6/30/2026,5/16/2026,1663,1663,0,0,1663,1663
USSAV,USSAV,SGSIN,"Savannah, GA, USSAV","Savannah, GA, USSAV","Singapore, , SGSIN",SGSIN,OOLU,OOCL,MT256104,DRY,16,4/1/2026,6/30/2026,5/16/2026,343,343,0,0,343,343
USSAV,USSAV,IDSUB,"Savannah, GA, USSAV","Savannah, GA, USSAV","Surabaya, JI, IDSUB",IDSUB,OOLU,OOCL,MT256104,DRY,16,4/1/2026,6/30/2026,5/16/2026,643,643,0,0,643,643
USSAV,USSAV,TWTXG,"Savannah, GA, USSAV","Savannah, GA, USSAV","Taichung, , TWTXG",TWTXG,OOLU,OOCL,MT256104,DRY,16,4/1/2026,6/30/2026,5/16/2026,548,548,0,0,548,548
USSAV,USSAV,VNTTH,"Savannah, GA, USSAV","Savannah, GA, USSAV","Tan Thanh, 43, VNTTH",VNTTH,OOLU,OOCL,MT256104,DRY,16,4/1/2026,6/30/2026,5/16/2026,193,193,0,0,193,193
USSAV,USSAV,TWTYN,"Savannah, GA, USSAV","Savannah, GA, USSAV","Taoyuan, , TWTYN",TWTYN,OOLU,OOCL,MT256104,DRY,16,4/1/2026,6/30/2026,5/16/2026,518,518,0,0,518,518
USSAV,USSAV,INTUT,"Savannah, GA, USSAV","Savannah, GA, USSAV","Tuticorin, TN, INTUT",INTUT,OOLU,OOCL,MT256104,DRY,16,4/1/2026,6/30/2026,5/16/2026,2093,2093,0,0,2093,2093
USSAV,USSAV,TRALI,"Savannah, GA, USSAV","Savannah, GA, USSAV","Aliaga, 35, TRALI",TRALI,OOLU,OOCL,MT256104,DRY,16,4/1/2026,6/30/2026,5/16/2026,760,760,0,0,760,760
USSAV,USSAV,TRISK,"Savannah, GA, USSAV","Savannah, GA, USSAV","Iskenderun, 31, TRISK",TRISK,OOLU,OOCL,MT256104,DRY,16,4/1/2026,6/30/2026,5/16/2026,683,683,0,0,683,683
USSAV,USSAV,TRIZM,"Savannah, GA, USSAV","Savannah, GA, USSAV","Izmir, 35, TRIZM",TRIZM,OOLU,OOCL,MT256104,DRY,16,4/1/2026,6/30/2026,5/16/2026,1160,1160,0,0,1160,1160
USSAV,USSAV,TRMER,"Savannah, GA, USSAV","Savannah, GA, USSAV","Mersin, 33, TRMER",TRMER,OOLU,OOCL,MT256104,DRY,16,4/1/2026,6/30/2026,5/16/2026,1202,1202,0,0,1202,1202
USSAV,USSAV,EGEDK,"Savannah, GA, USSAV","Savannah, GA, USSAV","El Dekheila, , EGEDK",EGEDK,OOLU,OOCL,MT256104,DRY,16,4/1/2026,6/30/2026,5/16/2026,785,785,0,0,785,785
USSAV,USSAV,TRGEM,"Savannah, GA, USSAV","Savannah, GA, USSAV","Gemlik, 16, TRGEM",TRGEM,OOLU,OOCL,MT256104,DRY,16,4/1/2026,6/30/2026,5/16/2026,1185,1185,0,0,1185,1185
USSAV,USSAV,TRGEB,"Savannah, GA, USSAV","Savannah, GA, USSAV","Gebze, 41, TRGEB",TRGEB,OOLU,OOCL,MT256104,DRY,16,4/1/2026,6/30/2026,5/16/2026,1185,1185,0,0,1185,1185
USSAV,USSAV,THBKK,"Savannah, GA, USSAV","Savannah, GA, USSAV","Bangkok, , THBKK",THLCH,YMJA,YML,051625,DRY,10,5/13/2026,6/30/2026,5/16/2026,458,458,0,0,458,458
USSAV,USSAV,THBMT,"Savannah, GA, USSAV","Savannah, GA, USSAV","Bangkok Modern Terminals, , THBMT",THLCH,YMJA,YML,051625,DRY,10,5/13/2026,6/30/2026,5/16/2026,458,458,0,0,458,458
USSAV,USSAV,IDBLW,"Savannah, GA, USSAV","Savannah, GA, USSAV","Belawan, , IDBLW",IDBLW,YMJA,YML,051625,DRY,10,5/13/2026,6/30/2026,5/16/2026,508,508,0,0,508,508
USSAV,USSAV,IDBLW,"Savannah, GA, USSAV","Savannah, GA, USSAV","Belawan, , IDBLW",IDBLW,YMJA,YML,051625,DRY,10,5/13/2026,6/30/2026,5/16/2026,708,708,0,0,708,708
USSAV,USSAV,AUBNE,"Savannah, GA, USSAV","Savannah, GA, USSAV","Brisbane, QLD, AUBNE",AUBNE,YMJA,YML,051625,DRY,10,5/13/2026,6/30/2026,5/16/2026,2208,2208,0,0,2208,2208
USSAV,USSAV,VNCMT,"Savannah, GA, USSAV","Savannah, GA, USSAV","Cai Mep Terminal, 43, VNCMT",VNCMT,YMJA,YML,051625,DRY,10,5/13/2026,6/30/2026,5/16/2026,433,433,0,0,433,433
USSAV,USSAV,VNCMT,"Savannah, GA, USSAV","Savannah, GA, USSAV","Cai Mep Terminal, 43, VNCMT",VNCMT,YMJA,YML,051625,DRY,10,5/13/2026,6/30/2026,5/16/2026,83,83,0,0,83,83
USSAV,USSAV,VNCLI,"Savannah, GA, USSAV","Savannah, GA, USSAV","Cat Lai, 65, VNCLI",VNCMT,YMJA,YML,051625,DRY,10,5/13/2026,6/30/2026,5/16/2026,83,83,0,0,83,83
USSAV,USSAV,PHCEB,"Savannah, GA, USSAV","Savannah, GA, USSAV","Cebu, , PHCEB",PHCEB,YMJA,YML,051625,DRY,10,5/13/2026,6/30/2026,5/16/2026,608,608,0,0,608,608
USSAV,USSAV,BDCGP,"Savannah, GA, USSAV","Savannah, GA, USSAV","Chattogram/Chittagong, , BDCGP",BDCGP,YMJA,YML,051625,DRY,10,5/13/2026,6/30/2026,5/16/2026,1458,1458,0,0,1458,1458
USSAV,USSAV,LKCMB,"Savannah, GA, USSAV","Savannah, GA, USSAV","Colombo, , LKCMB",LKCMB,YMJA,YML,051625,DRY,10,5/13/2026,6/30/2026,5/16/2026,1658,1658,0,0,1658,1658
USSAV,USSAV,VNDAD,"Savannah, GA, USSAV","Savannah, GA, USSAV","Da Nang, , VNDAD",VNDAD,YMJA,YML,051625,DRY,10,5/13/2026,6/30/2026,5/16/2026,908,908,0,0,908,908
USSAV,USSAV,CNDLC,"Savannah, GA, USSAV","Savannah, GA, USSAV","Dalian, 21, CNDLC",CNDLC,YMJA,YML,051625,DRY,10,5/13/2026,6/30/2026,5/16/2026,458,458,0,0,458,458
USSAV,USSAV,JPHHE,"Savannah, GA, USSAV","Savannah, GA, USSAV","Hachinohe, 2, JPHHE",JPHHE,YMJA,YML,051625,DRY,10,5/13/2026,6/30/2026,5/16/2026,1308,1308,0,0,1308,1308
USSAV,USSAV,VNHPH,"Savannah, GA, USSAV","Savannah, GA, USSAV","Haiphong, , VNHPH",VNHPH,YMJA,YML,051625,DRY,10,5/13/2026,6/30/2026,5/16/2026,158,158,0,0,158,158
USSAV,USSAV,VNSGN,"Savannah, GA, USSAV","Savannah, GA, USSAV","Ho Chi Minh City, , VNSGN",VNCMT,YMJA,YML,051625,DRY,10,5/13/2026,6/30/2026,5/16/2026,108,108,0,0,108,108
USSAV,USSAV,HKHKG,"Savannah, GA, USSAV","Savannah, GA, USSAV","Hong Kong, , HKHKG",HKHKG,YMJA,YML,051625,DRY,10,5/13/2026,6/30/2026,5/16/2026,428,428,0,0,428,428
USSAV,USSAV,CNHUA,"Savannah, GA, USSAV","Savannah, GA, USSAV","Huangpu Pt, 44, CNHUA",CNYTN,YMJA,YML,051625,DRY,10,5/13/2026,6/30/2026,5/16/2026,558,558,0,0,558,558
USSAV,USSAV,CNGZG,"Savannah, GA, USSAV","Savannah, GA, USSAV","Guangzhou Pt, 22, CNGZG",CNYTN,YMJA,YML,051625,DRY,10,5/13/2026,6/30/2026,5/16/2026,558,558,0,0,558,558
USSAV,USSAV,IDJKT,"Savannah, GA, USSAV","Savannah, GA, USSAV","Jakarta, JK, IDJKT",IDJKT,YMJA,YML,051625,DRY,10,5/13/2026,6/30/2026,5/16/2026,513,513,0,0,513,513
USSAV,USSAV,IDJKT,"Savannah, GA, USSAV","Savannah, GA, USSAV","Jakarta, JK, IDJKT",IDJKT,YMJA,YML,051625,DRY,10,5/13/2026,6/30/2026,5/16/2026,658,658,0,0,658,658
USSAV,USSAV,TWKHH,"Savannah, GA, USSAV","Savannah, GA, USSAV","Kaohsiung, , TWKHH",TWKHH,YMJA,YML,051625,DRY,10,5/13/2026,6/30/2026,5/16/2026,383,383,0,0,383,383
USSAV,USSAV,TWKHH,"Savannah, GA, USSAV","Savannah, GA, USSAV","Kaohsiung, , TWKHH",TWKHH,YMJA,YML,051625,DRY,10,5/13/2026,6/30/2026,5/16/2026,258,258,0,0,258,258
USSAV,USSAV,TWKHH,"Savannah, GA, USSAV","Savannah, GA, USSAV","Kaohsiung, , TWKHH",TWKHH,YMJA,YML,051625,DRY,10,5/13/2026,6/30/2026,5/16/2026,158,158,0,0,158,158
USSAV,USSAV,TWKEL,"Savannah, GA, USSAV","Savannah, GA, USSAV","Keelung, , TWKEL",TWKEL,YMJA,YML,051625,DRY,10,5/13/2026,6/30/2026,5/16/2026,533,533,0,0,533,533
USSAV,USSAV,TWKEL,"Savannah, GA, USSAV","Savannah, GA, USSAV","Keelung, , TWKEL",TWKHH,YMJA,YML,051625,DRY,10,5/13/2026,6/30/2026,5/16/2026,358,358,0,0,358,358
USSAV,USSAV,JPUKB,"Savannah, GA, USSAV","Savannah, GA, USSAV","Kobe, 28, JPUKB",SGSIN,YMJA,YML,051625,DRY,10,5/13/2026,6/30/2026,5/16/2026,308,308,0,0,308,308
USSAV,USSAV,JPUKB,"Savannah, GA, USSAV","Savannah, GA, USSAV","Kobe, 28, JPUKB",JPUKB,YMJA,YML,051625,DRY,10,5/13/2026,6/30/2026,5/16/2026,558,558,0,0,558,558
USSAV,USSAV,THLCH,"Savannah, GA, USSAV","Savannah, GA, USSAV","Laem Chabang, 20, THLCH",THLCH,YMJA,YML,051625,DRY,10,5/13/2026,6/30/2026,5/16/2026,508,508,0,0,508,508
USSAV,USSAV,THLCH,"Savannah, GA, USSAV","Savannah, GA, USSAV","Laem Chabang, 20, THLCH",THLCH,YMJA,YML,051625,DRY,10,5/13/2026,6/30/2026,5/16/2026,138,138,0,0,138,138
USSAV,USSAV,THLKR,"Savannah, GA, USSAV","Savannah, GA, USSAV","Lat Krabang, 10, THLKR",THLCH,YMJA,YML,051625,DRY,10,5/13/2026,6/30/2026,5/16/2026,408,408,0,0,408,408
USSAV,USSAV,PHMNL,"Savannah, GA, USSAV","Savannah, GA, USSAV","Manila, , PHMNL",PHMNL,YMJA,YML,051625,DRY,10,5/13/2026,6/30/2026,5/16/2026,858,858,0,0,858,858
USSAV,USSAV,AUMEL,"Savannah, GA, USSAV","Savannah, GA, USSAV","Melbourne, VIC, AUMEL",AUMEL,YMJA,YML,051625,DRY,10,5/13/2026,6/30/2026,5/16/2026,2208,2208,0,0,2208,2208
USSAV,USSAV,JPNGO,"Savannah, GA, USSAV","Savannah, GA, USSAV","Nagoya, Aichi, 23, JPNGO",SGSIN,YMJA,YML,051625,DRY,10,5/13/2026,6/30/2026,5/16/2026,308,308,0,0,308,308
USSAV,USSAV,JPNGO,"Savannah, GA, USSAV","Savannah, GA, USSAV","Nagoya, Aichi, 23, JPNGO",JPNGO,YMJA,YML,051625,DRY,10,5/13/2026,6/30/2026,5/16/2026,308,308,0,0,308,308
USSAV,USSAV,CNNBG,"Savannah, GA, USSAV","Savannah, GA, USSAV","Ningbo Pt, 33, CNNBG",CNNBG,YMJA,YML,051625,DRY,10,5/13/2026,6/30/2026,5/16/2026,433,433,0,0,433,433
USSAV,USSAV,CNNBG,"Savannah, GA, USSAV","Savannah, GA, USSAV","Ningbo Pt, 33, CNNBG",CNNBG,YMJA,YML,051625,DRY,10,5/13/2026,6/30/2026,5/16/2026,158,158,0,0,158,158
USSAV,USSAV,JPOSA,"Savannah, GA, USSAV","Savannah, GA, USSAV","Osaka, 27, JPOSA",JPOSA,YMJA,YML,051625,DRY,10,5/13/2026,6/30/2026,5/16/2026,658,658,0,0,658,658
USSAV,USSAV,MYPGU,"Savannah, GA, USSAV","Savannah, GA, USSAV","Pasir Gudang, Johor, , MYPGU",MYPGU,YMJA,YML,051625,DRY,10,5/13/2026,6/30/2026,5/16/2026,658,658,0,0,658,658
USSAV,USSAV,MYPEN,"Savannah, GA, USSAV","Savannah, GA, USSAV","Penang, , MYPEN",MYPEN,YMJA,YML,051625,DRY,10,5/13/2026,6/30/2026,5/16/2026,608,608,0,0,608,608
USSAV,USSAV,MYPKG,"Savannah, GA, USSAV","Savannah, GA, USSAV","Port Klang, 10, MYPKG",MYPKG,YMJA,YML,051625,DRY,10,5/13/2026,6/30/2026,5/16/2026,608,608,0,0,608,608
USSAV,USSAV,KRPUS,"Savannah, GA, USSAV","Savannah, GA, USSAV","Busan, 26, KRPUS",KRPUS,YMJA,YML,051625,DRY,10,5/13/2026,6/30/2026,5/16/2026,433,433,0,0,433,433
USSAV,USSAV,KRPUS,"Savannah, GA, USSAV","Savannah, GA, USSAV","Busan, 26, KRPUS",KRPUS,YMJA,YML,051625,DRY,10,5/13/2026,6/30/2026,5/16/2026,133,133,0,0,133,133
USSAV,USSAV,CNTAO,"Savannah, GA, USSAV","Savannah, GA, USSAV","Qingdao, 37, CNTAO",CNTAO,YMJA,YML,051625,DRY,10,5/13/2026,6/30/2026,5/16/2026,358,358,0,0,358,358
USSAV,USSAV,IDSRG,"Savannah, GA, USSAV","Savannah, GA, USSAV","Semarang, JT, IDSRG",IDSRG,YMJA,YML,051625,DRY,10,5/13/2026,6/30/2026,5/16/2026,558,558,0,0,558,558
USSAV,USSAV,CNSHA,"Savannah, GA, USSAV","Savannah, GA, USSAV","Shanghai, 31, CNSHA",CNSHA,YMJA,YML,051625,DRY,10,5/13/2026,6/30/2026,5/16/2026,433,433,0,0,433,433
USSAV,USSAV,CNSHA,"Savannah, GA, USSAV","Savannah, GA, USSAV","Shanghai, 31, CNSHA",CNSHA,YMJA,YML,051625,DRY,10,5/13/2026,6/30/2026,5/16/2026,158,158,0,0,158,158
USSAV,USSAV,SGSIN,"Savannah, GA, USSAV","Savannah, GA, USSAV","Singapore, , SGSIN",SGSIN,YMJA,YML,051625,DRY,10,5/13/2026,6/30/2026,5/16/2026,433,433,0,0,433,433
USSAV,USSAV,SGSIN,"Savannah, GA, USSAV","Savannah, GA, USSAV","Singapore, , SGSIN",SGSIN,YMJA,YML,051625,DRY,10,5/13/2026,6/30/2026,5/16/2026,308,308,0,0,308,308
USSAV,USSAV,THSBP,"Savannah, GA, USSAV","Savannah, GA, USSAV","Siam Bangkok Port, , THSBP",VNCMT,YMJA,YML,051625,DRY,10,5/13/2026,6/30/2026,5/16/2026,368,368,0,0,368,368
USSAV,USSAV,IDSUB,"Savannah, GA, USSAV","Savannah, GA, USSAV","Surabaya, JI, IDSUB",IDSUB,YMJA,YML,051625,DRY,10,5/13/2026,6/30/2026,5/16/2026,658,658,0,0,658,658
USSAV,USSAV,AUSYD,"Savannah, GA, USSAV","Savannah, GA, USSAV","Sydney, NSW, AUSYD",AUSYD,YMJA,YML,051625,DRY,10,5/13/2026,6/30/2026,5/16/2026,2208,2208,0,0,2208,2208
USSAV,USSAV,TWTXG,"Savannah, GA, USSAV","Savannah, GA, USSAV","Taichung, , TWTXG",TWTXG,YMJA,YML,051625,DRY,10,5/13/2026,6/30/2026,5/16/2026,208,208,0,0,208,208
USSAV,USSAV,TWTYN,"Savannah, GA, USSAV","Savannah, GA, USSAV","Taoyuan, , TWTYN",TWTYN,YMJA,YML,051625,DRY,10,5/13/2026,6/30/2026,5/16/2026,408,408,0,0,408,408
USSAV,USSAV,JPTYO,"Savannah, GA, USSAV","Savannah, GA, USSAV","Tokyo, 13, JPTYO",SGSIN,YMJA,YML,051625,DRY,10,5/13/2026,6/30/2026,5/16/2026,558,558,0,0,558,558
USSAV,USSAV,JPTYO,"Savannah, GA, USSAV","Savannah, GA, USSAV","Tokyo, 13, JPTYO",JPTYO,YMJA,YML,051625,DRY,10,5/13/2026,6/30/2026,5/16/2026,558,558,0,0,558,558
USSAV,USSAV,CNTXG,"Savannah, GA, USSAV","Savannah, GA, USSAV","Tianjin Xingang Pt, 12, CNTXG",CNTXG,YMJA,YML,051625,DRY,10,5/13/2026,6/30/2026,5/16/2026,508,508,0,0,508,508
USSAV,USSAV,CNYTN,"Savannah, GA, USSAV","Savannah, GA, USSAV","Yantian Pt, 44, CNYTN",CNYTN,YMJA,YML,051625,DRY,10,5/13/2026,6/30/2026,5/16/2026,433,433,0,0,433,433
USSAV,USSAV,CNYTN,"Savannah, GA, USSAV","Savannah, GA, USSAV","Yantian Pt, 44, CNYTN",CNYTN,YMJA,YML,051625,DRY,10,5/13/2026,6/30/2026,5/16/2026,208,208,0,0,208,208
USSAV,USSAV,JPYOK,"Savannah, GA, USSAV","Savannah, GA, USSAV","Yokohama, 14, JPYOK",JPYOK,YMJA,YML,051625,DRY,10,5/13/2026,6/30/2026,5/16/2026,838,838,0,0,838,838
USHOU,USHOU,BDCGP,"Houston, TX, USHOU","Houston, TX, USHOU","Chattogram/Chittagong, , BDCGP",BDCGP,MAEU,Maersk,300094432,DRY,0,4/1/2026,9/30/2026,3/24/2026,2884,2884,0,0,2884,2884
USHOU,USHOU,CNAQG,"Houston, TX, USHOU","Houston, TX, USHOU","Anqing Pt, 34, CNAQG",CNAQG,MAEU,Maersk,300094432,DRY,0,4/1/2026,9/30/2026,3/24/2026,1070,1070,0,0,1070,1070
USHOU,USHOU,CNBHY,"Houston, TX, USHOU","Houston, TX, USHOU","Beihai Fucheng Apt, 45, CNBHY",CNBHY,MAEU,Maersk,300094432,DRY,0,4/1/2026,9/30/2026,3/24/2026,1679,1679,0,0,1679,1679
USHOU,USHOU,CNCHQ,"Houston, TX, USHOU","Houston, TX, USHOU","Chongqing Pt, 50, CNCHQ",CNCHQ,MAEU,Maersk,300094432,DRY,0,4/1/2026,9/30/2026,3/24/2026,774,774,0,0,774,774
USHOU,USHOU,CNDLC,"Houston, TX, USHOU","Houston, TX, USHOU","Dalian, 21, CNDLC",CNDLC,MAEU,Maersk,300094432,DRY,0,4/1/2026,9/30/2026,3/24/2026,713,713,0,0,713,713
USHOU,USHOU,CNDFG,"Houston, TX, USHOU","Houston, TX, USHOU","Dafeng Pt, 22, CNDFG",CNDFG,MAEU,Maersk,300094432,DRY,0,4/1/2026,9/30/2026,3/24/2026,719,719,0,0,719,719
USHOU,USHOU,CNFZG,"Houston, TX, USHOU","Houston, TX, USHOU","Fuzhou Pt, 23, CNFZG",CNFZG,MAEU,Maersk,300094432,DRY,0,4/1/2026,9/30/2026,3/24/2026,713,713,0,0,713,713
USHOU,USHOU,CNGOM,"Houston, TX, USHOU","Houston, TX, USHOU","Gaoming Pt, 44, CNGOM",CNGOM,MAEU,Maersk,300094432,DRY,0,4/1/2026,9/30/2026,3/24/2026,849,849,0,0,849,849
USHOU,USHOU,CNHUA,"Houston, TX, USHOU","Houston, TX, USHOU","Huangpu Pt, 44, CNHUA",CNHUA,MAEU,Maersk,300094432,DRY,0,4/1/2026,9/30/2026,3/24/2026,526,526,0,0,526,526
USHOU,USHOU,CNJIA,"Houston, TX, USHOU","Houston, TX, USHOU","Jiangyin Pt, 32, CNJIA",CNJIA,MAEU,Maersk,300094432,DRY,0,4/1/2026,9/30/2026,3/24/2026,950,950,0,0,950,950
USHOU,USHOU,CNJIU,"Houston, TX, USHOU","Houston, TX, USHOU","Jiujiang Pt, 36, CNJIU",CNJIU,MAEU,Maersk,300094432,DRY,0,4/1/2026,9/30/2026,3/24/2026,1683,1683,0,0,1683,1683
USHOU,USHOU,CNJMN,"Houston, TX, USHOU","Houston, TX, USHOU","Jiangmen Pt, 44, CNJMN",CNJMN,MAEU,Maersk,300094432,DRY,0,4/1/2026,9/30/2026,3/24/2026,819,819,0,0,819,819
USHOU,USHOU,CNLYG,"Houston, TX, USHOU","Houston, TX, USHOU","Lianyungang, 32, CNLYG",CNLYG,MAEU,Maersk,300094432,DRY,0,4/1/2026,9/30/2026,3/24/2026,476,476,0,0,476,476
USHOU,USHOU,CNMAA,"Houston, TX, USHOU","Houston, TX, USHOU","Maanshan Pt, 34, CNMAA",CNMAA,MAEU,Maersk,300094432,DRY,0,4/1/2026,9/30/2026,3/24/2026,960,960,0,0,960,960
USHOU,USHOU,CNNBG,"Houston, TX, USHOU","Houston, TX, USHOU","Ningbo Pt, 33, CNNBG",CNNBG,MAEU,Maersk,300094432,DRY,0,4/1/2026,9/30/2026,3/24/2026,426,426,0,0,426,426
USHOU,USHOU,CNNJG,"Houston, TX, USHOU","Houston, TX, USHOU","Nanjing Pt, 35, CNNJG",CNNJG,MAEU,Maersk,300094432,DRY,0,4/1/2026,9/30/2026,3/24/2026,960,960,0,0,960,960
USHOU,USHOU,CNNTG,"Houston, TX, USHOU","Houston, TX, USHOU","Nantong Pt, 32, CNNTG",CNNTG,MAEU,Maersk,300094432,DRY,0,4/1/2026,9/30/2026,3/24/2026,574,574,0,0,574,574
USHOU,USHOU,CNTAO,"Houston, TX, USHOU","Houston, TX, USHOU","Qingdao, 37, CNTAO",CNTAO,MAEU,Maersk,300094432,DRY,0,4/1/2026,9/30/2026,3/24/2026,446,446,0,0,446,446
USHOU,USHOU,CNQZH,"Houston, TX, USHOU","Houston, TX, USHOU","Qinzhou Pt, 45, CNQZH",CNQZH,MAEU,Maersk,300094432,DRY,0,4/1/2026,9/30/2026,3/24/2026,913,913,0,0,913,913
USHOU,USHOU,CNRUG,"Houston, TX, USHOU","Houston, TX, USHOU","Rugao Pt, 32, CNRUG",CNRUG,MAEU,Maersk,300094432,DRY,0,4/1/2026,9/30/2026,3/24/2026,574,574,0,0,574,574
USHOU,USHOU,CNSHA,"Houston, TX, USHOU","Houston, TX, USHOU","Shanghai, 31, CNSHA",CNSHA,MAEU,Maersk,300094432,DRY,0,4/1/2026,9/30/2026,3/24/2026,583,583,0,0,583,583
USHOU,USHOU,CNTAC,"Houston, TX, USHOU","Houston, TX, USHOU","Taicang Pt, 32, CNTAC",CNTAC,MAEU,Maersk,300094432,DRY,0,4/1/2026,9/30/2026,3/24/2026,865,865,0,0,865,865
USHOU,USHOU,CNTAG,"Houston, TX, USHOU","Houston, TX, USHOU","Taicang, 32, CNTAG",CNTAG,MAEU,Maersk,300094432,DRY,0,4/1/2026,9/30/2026,3/24/2026,865,865,0,0,865,865
USHOU,USHOU,CNTXG,"Houston, TX, USHOU","Houston, TX, USHOU","Tianjin Xingang Pt, 12, CNTXG",CNTXG,MAEU,Maersk,300094432,DRY,0,4/1/2026,9/30/2026,3/24/2026,426,426,0,0,426,426
USHOU,USHOU,CNWHG,"Houston, TX, USHOU","Houston, TX, USHOU","Wuhan Pt, 42, CNWHG",CNWHG,MAEU,Maersk,300094432,DRY,0,4/1/2026,9/30/2026,3/24/2026,574,574,0,0,574,574
USHOU,USHOU,CNXIN,"Houston, TX, USHOU","Houston, TX, USHOU","Xinhui Pt, 44, CNXIN",CNXIN,MAEU,Maersk,300094432,DRY,0,4/1/2026,9/30/2026,3/24/2026,849,849,0,0,849,849
USHOU,USHOU,CNXMN,"Houston, TX, USHOU","Houston, TX, USHOU","Xiamen, 35, CNXMN",CNXMN,MAEU,Maersk,300094432,DRY,0,4/1/2026,9/30/2026,3/24/2026,426,426,0,0,426,426
USHOU,USHOU,CNYTN,"Houston, TX, USHOU","Houston, TX, USHOU","Yantian Pt, 44, CNYTN",CNYTN,MAEU,Maersk,300094432,DRY,0,4/1/2026,9/30/2026,3/24/2026,739,739,0,0,739,739
USHOU,USHOU,CNYYA,"Houston, TX, USHOU","Houston, TX, USHOU","Yueyang, 50, CNYYA",CNYYA,MAEU,Maersk,300094432,DRY,0,4/1/2026,9/30/2026,3/24/2026,826,826,0,0,826,826
USHOU,USHOU,CNZGA,"Houston, TX, USHOU","Houston, TX, USHOU","Zhongshan, 45, CNZGA",CNZGA,MAEU,Maersk,300094432,DRY,0,4/1/2026,9/30/2026,3/24/2026,839,839,0,0,839,839
USHOU,USHOU,CNZHU,"Houston, TX, USHOU","Houston, TX, USHOU","Zhuao, 41, CNZHU",CNZHU,MAEU,Maersk,300094432,DRY,0,4/1/2026,9/30/2026,3/24/2026,809,809,0,0,809,809
USHOU,USHOU,CNZJG,"Houston, TX, USHOU","Houston, TX, USHOU","Zhangjiagang, 32, CNZJG",CNZJG,MAEU,Maersk,300094432,DRY,0,4/1/2026,9/30/2026,3/24/2026,824,824,0,0,824,824
USHOU,USHOU,CNZNG,"Houston, TX, USHOU","Houston, TX, USHOU","Zhanjiang Pt, 44, CNZNG",CNZNG,MAEU,Maersk,300094432,DRY,0,4/1/2026,9/30/2026,3/24/2026,933,933,0,0,933,933
USHOU,USHOU,CRCAR,"Houston, TX, USHOU","Houston, TX, USHOU","Cartago, C, CRCAR","Puerto Moin, CR",MAEU,Maersk,300094432,DRY,0,4/1/2026,9/30/2026,3/24/2026,2366,2366,0,0,2366,2366
USHOU,USHOU,CRPMN,"Houston, TX, USHOU","Houston, TX, USHOU","Puerto Moin, L, CRPMN",CRPMN,MAEU,Maersk,300094432,DRY,0,4/1/2026,9/30/2026,3/24/2026,1776,1776,0,0,1776,1776
USHOU,USHOU,CRSJO,"Houston, TX, USHOU","Houston, TX, USHOU","San Jose, SJ, CRSJO","Puerto Moin, CR",MAEU,Maersk,300094432,DRY,0,4/1/2026,9/30/2026,3/24/2026,2336,2336,0,0,2336,2336
USHOU,USHOU,DZALG,"Houston, TX, USHOU","Houston, TX, USHOU","Alger (Algiers), 16, DZALG",DZALG,MAEU,Maersk,300094432,DRY,0,4/1/2026,9/30/2026,3/24/2026,3012,3012,0,0,3012,3012
USHOU,USHOU,ECPSJ,"Houston, TX, USHOU","Houston, TX, USHOU","Posorja, G, ECPSJ",ECPSJ,MAEU,Maersk,300094432,DRY,0,4/1/2026,9/30/2026,3/24/2026,1180,1180,0,0,1180,1180
USHOU,USHOU,EGALY,"Houston, TX, USHOU","Houston, TX, USHOU","Alexandria, , EGALY",EGALY,MAEU,Maersk,300094432,DRY,0,4/1/2026,9/30/2026,3/24/2026,2320,2320,0,0,2320,2320
USHOU,USHOU,EGDAM,"Houston, TX, USHOU","Houston, TX, USHOU","Damietta, , EGDAM",EGDAM,MAEU,Maersk,300094432,DRY,0,4/1/2026,9/30/2026,3/24/2026,2320,2320,0,0,2320,2320
USHOU,USHOU,GTAMA,"Houston, TX, USHOU","Houston, TX, USHOU","Amatitlan, GU, GTAMA","Puerto Barrios, GT",MAEU,Maersk,300094432,DRY,0,4/1/2026,9/30/2026,3/24/2026,1816,1816,0,0,1816,1816
USHOU,USHOU,GTGUA,"Houston, TX, USHOU","Houston, TX, USHOU","Guatemala City, , GTGUA","Puerto Barrios, GT",MAEU,Maersk,300094432,DRY,0,4/1/2026,9/30/2026,3/24/2026,1771,1771,0,0,1771,1771
USHOU,USHOU,GTPAL,"Houston, TX, USHOU","Houston, TX, USHOU","Palin, , GTPAL","Puerto Barrios, GT",MAEU,Maersk,300094432,DRY,0,4/1/2026,9/30/2026,3/24/2026,1956,1956,0,0,1956,1956
USHOU,USHOU,GTPBR,"Houston, TX, USHOU","Houston, TX, USHOU","Puerto Barrios, , GTPBR",GTPBR,MAEU,Maersk,300094432,DRY,0,4/1/2026,9/30/2026,3/24/2026,1096,1096,0,0,1096,1096
USHOU,USHOU,GTSTC,"Houston, TX, USHOU","Houston, TX, USHOU","Puerto Santo Tomas de Castilla, IZ, GTSTC",GTSTC,MAEU,Maersk,300094432,DRY,0,4/1/2026,9/30/2026,3/24/2026,11773,11773,0,0,11773,11773
USHOU,USHOU,GTVIN,"Houston, TX, USHOU","Houston, TX, USHOU","Villa Nueva, , GTVIN","Puerto Barrios, GT",MAEU,Maersk,300094432,DRY,0,4/1/2026,9/30/2026,3/24/2026,1796,1796,0,0,1796,1796
USHOU,USHOU,HKHKG,"Houston, TX, USHOU","Houston, TX, USHOU","Hong Kong, , HKHKG",HKHKG,MAEU,Maersk,300094432,DRY,0,4/1/2026,9/30/2026,3/24/2026,763,763,0,0,763,763
USHOU,USHOU,HNCHO,"Houston, TX, USHOU","Houston, TX, USHOU","Choloma, , HNCHO","Puerto Cortes, HN",MAEU,Maersk,300094432,DRY,0,4/1/2026,9/30/2026,3/24/2026,1396,1396,0,0,1396,1396
USHOU,USHOU,HNCOF,"Houston, TX, USHOU","Houston, TX, USHOU","Cofradia, OL, HNCOF","Puerto Cortes, HN",MAEU,Maersk,300094432,DRY,0,4/1/2026,9/30/2026,3/24/2026,1531,1531,0,0,1531,1531
USHOU,USHOU,HNNAC,"Houston, TX, USHOU","Houston, TX, USHOU","Naco, SB, HNNAC","Puerto Cortes, HN",MAEU,Maersk,300094432,DRY,0,4/1/2026,9/30/2026,3/24/2026,1571,1521,0,0,1571,1521
USHOU,USHOU,HNPCR,"Houston, TX, USHOU","Houston, TX, USHOU","Puerto Cortes, , HNPCR",HNPCR,MAEU,Maersk,300094432,DRY,0,4/1/2026,9/30/2026,3/24/2026,1066,1066,0,0,1066,1066
USHOU,USHOU,HNSAP,"Houston, TX, USHOU","Houston, TX, USHOU","San Pedro Sula, , HNSAP","Puerto Cortes, HN",MAEU,Maersk,300094432,DRY,0,4/1/2026,9/30/2026,3/24/2026,1426,1426,0,0,1426,1426
USHOU,USHOU,HNSBA,"Houston, TX, USHOU","Houston, TX, USHOU","Santa Barbara, , HNSBA","Puerto Cortes, HN",MAEU,Maersk,300094432,DRY,0,4/1/2026,9/30/2026,3/24/2026,1931,1851,0,0,1931,1851
USHOU,USHOU,IDJKT,"Houston, TX, USHOU","Houston, TX, USHOU","Jakarta, JK, IDJKT",IDJKT,MAEU,Maersk,300094432,DRY,0,4/1/2026,9/30/2026,3/24/2026,886,886,0,0,886,886
USHOU,USHOU,IDSRG,"Houston, TX, USHOU","Houston, TX, USHOU","Semarang, JT, IDSRG",IDSRG,MAEU,Maersk,300094432,DRY,0,4/1/2026,9/30/2026,3/24/2026,886,886,0,0,886,886
USHOU,USHOU,IDSUB,"Houston, TX, USHOU","Houston, TX, USHOU","Surabaya, JI, IDSUB",IDSUB,MAEU,Maersk,300094432,DRY,0,4/1/2026,9/30/2026,3/24/2026,886,886,0,0,886,886
USHOU,USHOU,INMAA,"Houston, TX, USHOU","Houston, TX, USHOU","Chennai (ex Madras), TN, INMAA",INMAA,MAEU,Maersk,300094432,DRY,0,4/1/2026,9/30/2026,3/24/2026,1974,1974,0,0,1974,1974
USHOU,USHOU,INMUN,"Houston, TX, USHOU","Houston, TX, USHOU","Mundra, GJ, INMUN",INMUN,MAEU,Maersk,300094432,DRY,0,4/1/2026,9/30/2026,3/24/2026,1608,1608,0,0,1608,1608
USHOU,USHOU,INNSA,"Houston, TX, USHOU","Houston, TX, USHOU","Nhava Sheva, MH, INNSA",INNSA,MAEU,Maersk,300094432,DRY,0,4/1/2026,9/30/2026,3/24/2026,1608,1608,0,0,1608,1608
USHOU,USHOU,INTUT,"Houston, TX, USHOU","Houston, TX, USHOU","Tuticorin, TN, INTUT",INTUT,MAEU,Maersk,300094432,DRY,0,4/1/2026,9/30/2026,3/24/2026,1808,1808,0,0,1808,1808
USHOU,USHOU,JPMOJ,"Houston, TX, USHOU","Houston, TX, USHOU","Moji/Kitakyushu, 40, JPMOJ",JPMOJ,MAEU,Maersk,300094432,DRY,0,4/1/2026,9/30/2026,3/24/2026,1260,1260,0,0,1260,1260
USHOU,USHOU,JPNGO,"Houston, TX, USHOU","Houston, TX, USHOU","Nagoya, Aichi, 23, JPNGO",JPNGO,MAEU,Maersk,300094432,DRY,0,4/1/2026,9/30/2026,3/24/2026,1166,1166,0,0,1166,1166
USHOU,USHOU,JPOSA,"Houston, TX, USHOU","Houston, TX, USHOU","Osaka, 27, JPOSA","Kobe, JP",MAEU,Maersk,300094432,DRY,0,4/1/2026,9/30/2026,3/24/2026,956,956,0,0,956,956
USHOU,USHOU,JPTYO,"Houston, TX, USHOU","Houston, TX, USHOU","Tokyo, 13, JPTYO",JPTYO,MAEU,Maersk,300094432,DRY,0,4/1/2026,9/30/2026,3/24/2026,1166,1166,0,0,1166,1166
USHOU,USHOU,JPUKB,"Houston, TX, USHOU","Houston, TX, USHOU","Kobe, 28, JPUKB",JPUKB,MAEU,Maersk,300094432,DRY,0,4/1/2026,9/30/2026,3/24/2026,1001,1001,0,0,1001,1001
USHOU,USHOU,JPYKK,"Houston, TX, USHOU","Houston, TX, USHOU","Yokkaichi, 24, JPYKK","Nagoya, JP",MAEU,Maersk,300094432,DRY,0,4/1/2026,9/30/2026,3/24/2026,1453.18,1453.18,0,0,1453.18,1453.18
USHOU,USHOU,KRKAN,"Houston, TX, USHOU","Houston, TX, USHOU","Gwangyang, 46, KRKAN",KRKAN,MAEU,Maersk,300094432,DRY,0,4/1/2026,9/30/2026,3/24/2026,688,688,0,0,688,688
USHOU,USHOU,KRPUS,"Houston, TX, USHOU","Houston, TX, USHOU","Busan, 26, KRPUS",KRPUS,MAEU,Maersk,300094432,DRY,0,4/1/2026,9/30/2026,3/24/2026,613,613,0,0,613,613
USHOU,USHOU,MMTLA,"Houston, TX, USHOU","Houston, TX, USHOU","Thilawa, 6, MMTLA",MMTLA,MAEU,Maersk,300094432,DRY,0,4/1/2026,9/30/2026,3/24/2026,1283,1283,0,0,1283,1283
USHOU,USHOU,MYPEN,"Houston, TX, USHOU","Houston, TX, USHOU","Penang, , MYPEN",MYPEN,MAEU,Maersk,300094432,DRY,0,4/1/2026,9/30/2026,3/24/2026,1033,1033,0,0,1033,1033
USHOU,USHOU,MYPGU,"Houston, TX, USHOU","Houston, TX, USHOU","Pasir Gudang, Johor, , MYPGU","Tanjung Pelepas, MY",MAEU,Maersk,300094432,DRY,0,4/1/2026,9/30/2026,3/24/2026,1033,1033,0,0,1033,1033
USHOU,USHOU,MYPKG,"Houston, TX, USHOU","Houston, TX, USHOU","Port Klang, 10, MYPKG",MYPKG,MAEU,Maersk,300094432,DRY,0,4/1/2026,9/30/2026,3/24/2026,952,952,0,0,952,952
USHOU,USHOU,MYTPP,"Houston, TX, USHOU","Houston, TX, USHOU","Tanjung Pelepas, 1, MYTPP",MYTPP,MAEU,Maersk,300094432,DRY,0,4/1/2026,9/30/2026,3/24/2026,912,912,0,0,912,912
USHOU,USHOU,NIMGA,"Houston, TX, USHOU","Houston, TX, USHOU","Managua, , NIMGA","Puerto Cortes, HN",MAEU,Maersk,300094432,DRY,0,4/1/2026,9/30/2026,3/24/2026,2386,2386,0,0,2386,2386
USHOU,USHOU,PECLL,"Houston, TX, USHOU","Houston, TX, USHOU","Callao, , PECLL",PECLL,MAEU,Maersk,300094432,DRY,0,4/1/2026,9/30/2026,3/24/2026,1395,1395,0,0,1395,1395
USHOU,USHOU,PHCEB,"Houston, TX, USHOU","Houston, TX, USHOU","Cebu, , PHCEB",PHCEB,MAEU,Maersk,300094432,DRY,0,4/1/2026,9/30/2026,3/24/2026,1503,1503,0,0,1503,1503
USHOU,USHOU,PHMNL,"Houston, TX, USHOU","Houston, TX, USHOU","Manila, , PHMNL",PHMNL,MAEU,Maersk,300094432,DRY,0,4/1/2026,9/30/2026,3/24/2026,1185,1185,0,0,1185,1185
USHOU,USHOU,PKBQM,"Houston, TX, USHOU","Houston, TX, USHOU","Port Qasim/Karachi, SD, PKBQM",PKBQM,MAEU,Maersk,300094432,DRY,0,4/1/2026,9/30/2026,3/24/2026,1766,1766,0,0,1766,1766
USHOU,USHOU,PKBQM,"Houston, TX, USHOU","Houston, TX, USHOU","Port Qasim/Karachi, SD, PKBQM","Keamari Karachi, PK",MAEU,Maersk,300094432,DRY,0,4/1/2026,9/30/2026,3/24/2026,1766,1766,0,0,1766,1766
USHOU,USHOU,PTLEI,"Houston, TX, USHOU","Houston, TX, USHOU","Leixoes, 13, PTLEI",PTLEI,MAEU,Maersk,300094432,DRY,0,4/1/2026,9/30/2026,3/24/2026,2230,2230,0,0,2230,2230
USHOU,USHOU,SGSIN,"Houston, TX, USHOU","Houston, TX, USHOU","Singapore, , SGSIN",SGSIN,MAEU,Maersk,300094432,DRY,0,4/1/2026,9/30/2026,3/24/2026,957,957,0,0,957,957
USHOU,USHOU,SVAPO,"Houston, TX, USHOU","Houston, TX, USHOU","Apopa, SS, SVAPO","Puerto Barrios, GT",MAEU,Maersk,300094432,DRY,0,4/1/2026,9/30/2026,3/24/2026,2081,2081,0,0,2081,2081
USHOU,USHOU,SVEZC,"Houston, TX, USHOU","Houston, TX, USHOU","Ilopango, SS, SVEZC","Puerto Barrios, GT",MAEU,Maersk,300094432,DRY,0,4/1/2026,9/30/2026,3/24/2026,2201,2201,0,0,2201,2201
USHOU,USHOU,SVSAL,"Houston, TX, USHOU","Houston, TX, USHOU","San Salvador, , SVSAL","Puerto Barrios, GT",MAEU,Maersk,300094432,DRY,0,4/1/2026,9/30/2026,3/24/2026,2081,2081,0,0,2081,2081
USHOU,USHOU,SVSJO,"Houston, TX, USHOU","Houston, TX, USHOU","San Juan Opico, LI, SVSJO","Puerto Barrios, GT",MAEU,Maersk,300094432,DRY,0,4/1/2026,9/30/2026,3/24/2026,2061,2061,0,0,2061,2061
USHOU,USHOU,SVSOY,"Houston, TX, USHOU","Houston, TX, USHOU","Soyapango, , SVSOY","Puerto Barrios, GT",MAEU,Maersk,300094432,DRY,0,4/1/2026,9/30/2026,3/24/2026,2081,2081,0,0,2081,2081
USHOU,USHOU,THBKK,"Houston, TX, USHOU","Houston, TX, USHOU","Bangkok, , THBKK","Laem Chabang, TH",MAEU,Maersk,300094432,DRY,0,4/1/2026,9/30/2026,3/24/2026,936,936,0,0,936,936
USHOU,USHOU,THLCH,"Houston, TX, USHOU","Houston, TX, USHOU","Laem Chabang, 20, THLCH",THLCH,MAEU,Maersk,300094432,DRY,0,4/1/2026,9/30/2026,3/24/2026,866,866,0,0,866,866
USHOU,USHOU,TRISK,"Houston, TX, USHOU","Houston, TX, USHOU","Iskenderun, 31, TRISK",TRISK,MAEU,Maersk,300094432,DRY,0,4/1/2026,9/30/2026,3/24/2026,1843,1843,0,0,1843,1843
USHOU,USHOU,TRIST,"Houston, TX, USHOU","Houston, TX, USHOU","Istanbul, 34, TRIST",TRIST,MAEU,Maersk,300094432,DRY,0,4/1/2026,9/30/2026,3/24/2026,1518,1518,0,0,1518,1518
USHOU,USHOU,TRIZM,"Houston, TX, USHOU","Houston, TX, USHOU","Izmir, 35, TRIZM",TRIZM,MAEU,Maersk,300094432,DRY,0,4/1/2026,9/30/2026,3/24/2026,1673,1673,0,0,1673,1673
USHOU,USHOU,TRMER,"Houston, TX, USHOU","Houston, TX, USHOU","Mersin, 33, TRMER",TRMER,MAEU,Maersk,300094432,DRY,0,4/1/2026,9/30/2026,3/24/2026,1913,1913,0,0,1913,1913
USHOU,USHOU,TWKEL,"Houston, TX, USHOU","Houston, TX, USHOU","Keelung, , TWKEL",TWKEL,MAEU,Maersk,300094432,DRY,0,4/1/2026,9/30/2026,3/24/2026,1003,1003,0,0,1003,1003
USHOU,USHOU,TWKHH,"Houston, TX, USHOU","Houston, TX, USHOU","Kaohsiung, , TWKHH",TWKHH,MAEU,Maersk,300094432,DRY,0,4/1/2026,9/30/2026,3/24/2026,853,853,0,0,853,853
USHOU,USHOU,TWTXG,"Houston, TX, USHOU","Houston, TX, USHOU","Taichung, , TWTXG",TWTXG,MAEU,Maersk,300094432,DRY,0,4/1/2026,9/30/2026,3/24/2026,1030,1030,0,0,1030,1030
USHOU,USHOU,TWTYN,"Houston, TX, USHOU","Houston, TX, USHOU","Taoyuan, , TWTYN","Keelung, TW",MAEU,Maersk,300094432,DRY,0,4/1/2026,9/30/2026,3/24/2026,763,763,0,0,763,763
USHOU,USHOU,TZDAR,"Houston, TX, USHOU","Houston, TX, USHOU","Dar es Salaam, , TZDAR",TZDAR,MAEU,Maersk,300094432,DRY,0,4/1/2026,9/30/2026,3/24/2026,2480,2480,0,0,2480,2480
USHOU,USHOU,VNDAD,"Houston, TX, USHOU","Houston, TX, USHOU","Da Nang, , VNDAD",VNDAD,MAEU,Maersk,300094432,DRY,0,4/1/2026,9/30/2026,3/24/2026,903,903,0,0,903,903
USHOU,USHOU,VNHPH,"Houston, TX, USHOU","Houston, TX, USHOU","Haiphong, , VNHPH",VNHPH,MAEU,Maersk,300094432,DRY,0,4/1/2026,9/30/2026,3/24/2026,415,415,0,0,415,415
USHOU,USHOU,VNSGN,"Houston, TX, USHOU","Houston, TX, USHOU","Ho Chi Minh City, , VNSGN",VNSGN,MAEU,Maersk,300094432,DRY,0,4/1/2026,9/30/2026,3/24/2026,415,415,0,0,415,415
USHOU,USHOU,VNVUT,"Houston, TX, USHOU","Houston, TX, USHOU","Vung Tau, 43, VNVUT",VNVUT,MAEU,Maersk,300094432,DRY,0,4/1/2026,9/30/2026,3/24/2026,415,415,0,0,415,415
USHOU,USHOU,COCTG,"Houston, TX, USHOU","Houston, TX, USHOU","Cartagena, , COCTG",COCTG,ONEY,ONE,CHIM354B25,DRY,15,5/6/2026,6/30/2026,5/6/2026,900,900,0,0,900,900
USHOU,USHOU,GTPBR,"Houston, TX, USHOU","Houston, TX, USHOU","Puerto Barrios, , GTPBR",GTPBR,ONEY,ONE,CHIM354B25,DRY,15,5/6/2026,6/30/2026,5/6/2026,2100,2100,0,0,2100,2100
USHOU,USHOU,GTSTC,"Houston, TX, USHOU","Houston, TX, USHOU","Puerto Santo Tomas de Castilla, IZ, GTSTC",GTSTC,ONEY,ONE,CHIM354B25,DRY,15,5/6/2026,6/30/2026,5/6/2026,2100,2100,0,0,2100,2100
USHOU,USHOU,NIMGA,"Houston, TX, USHOU","Houston, TX, USHOU","Managua, , NIMGA",NIMGA,ONEY,ONE,CHIM354B25,DRY,15,5/6/2026,6/30/2026,5/6/2026,3650,3650,0,0,3650,3650
USHOU,USHOU,PAROD,"Houston, TX, USHOU","Houston, TX, USHOU","Rodman, 8, PAROD",PAROD,ONEY,ONE,CHIM354B25,DRY,15,5/6/2026,6/30/2026,5/6/2026,1100,1100,0,0,1100,1100
USHOU,USHOU,JMKIN,"Houston, TX, USHOU","Houston, TX, USHOU","Kingston, , JMKIN",JMKIN,ONEY,ONE,CHIM354B25,DRY,15,5/6/2026,6/30/2026,5/6/2026,1800,1800,0,0,1800,1800
USHOU,USHOU,TTPOS,"Houston, TX, USHOU","Houston, TX, USHOU","Port-of-Spain, POS, TTPOS",TTPOS,ONEY,ONE,CHIM354B25,DRY,15,5/6/2026,6/30/2026,5/6/2026,2465,2465,0,0,2465,2465
USHOU,USHOU,CLARI,"Houston, TX, USHOU","Houston, TX, USHOU","Arica, TA, CLARI",CLARI,ONEY,ONE,CHIM354B25,DRY,15,5/6/2026,6/30/2026,5/6/2026,2210,2210,0,0,2210,2210
USHOU,USHOU,CLSAI,"Houston, TX, USHOU","Houston, TX, USHOU","San Antonio, VS, CLSAI",CLSAI,ONEY,ONE,CHIM354B25,DRY,15,5/6/2026,6/30/2026,5/6/2026,1400,1400,0,0,1400,1400
USHOU,USHOU,COBUN,"Houston, TX, USHOU","Houston, TX, USHOU","Buenaventura, , COBUN",COBUN,ONEY,ONE,CHIM354B25,DRY,15,5/6/2026,6/30/2026,5/6/2026,1500,1500,0,0,1500,1500
USHOU,USHOU,ECGYE,"Houston, TX, USHOU","Houston, TX, USHOU","Guayaquil, G, ECGYE",ECGYE,ONEY,ONE,CHIM354B25,DRY,15,5/6/2026,6/30/2026,5/6/2026,1000,1000,0,0,1000,1000
USHOU,USHOU,PECLL,"Houston, TX, USHOU","Houston, TX, USHOU","Callao, , PECLL",PECLL,ONEY,ONE,CHIM354B25,DRY,15,5/6/2026,6/30/2026,5/6/2026,1000,1000,0,0,1000,1000
USHOU,USHOU,ARBUE,"Houston, TX, USHOU","Houston, TX, USHOU","Buenos Aires, C, ARBUE",ARBUE,ONEY,ONE,CHIM354B25,DRY,15,5/6/2026,6/30/2026,5/6/2026,1010,1010,0,0,1010,1010
USHOU,USHOU,BRITJ,"Houston, TX, USHOU","Houston, TX, USHOU","Itajai, SC, BRITJ",BRITJ,ONEY,ONE,CHIM354B25,DRY,15,5/6/2026,6/30/2026,5/6/2026,1010,1010,0,0,1010,1010
USHOU,USHOU,BRRIG,"Houston, TX, USHOU","Houston, TX, USHOU","Rio Grande, RS, BRRIG",BRRIG,ONEY,ONE,CHIM354B25,DRY,15,5/6/2026,6/30/2026,5/6/2026,1010,1010,0,0,1010,1010
USHOU,USHOU,BRRIO,"Houston, TX, USHOU","Houston, TX, USHOU","Rio de Janeiro, RJ, BRRIO",BRRIO,ONEY,ONE,CHIM354B25,DRY,15,5/6/2026,6/30/2026,5/6/2026,1020,1020,0,0,1020,1020
USHOU,USHOU,BRSSZ,"Houston, TX, USHOU","Houston, TX, USHOU","Santos, SP, BRSSZ",BRSSZ,ONEY,ONE,CHIM354B25,DRY,15,5/6/2026,6/30/2026,5/6/2026,910,910,0,0,910,910
USHOU,USHOU,BRSUA,"Houston, TX, USHOU","Houston, TX, USHOU","Suape, PE, BRSUA",BRSUA,ONEY,ONE,CHIM354B25,DRY,15,5/6/2026,6/30/2026,5/6/2026,1210,1210,0,0,1210,1210
USHOU,USHOU,UYMVD,"Houston, TX, USHOU","Houston, TX, USHOU","Montevideo, , UYMVD",UYMVD,ONEY,ONE,CHIM354B25,DRY,15,5/6/2026,6/30/2026,5/6/2026,1110,1110,0,0,1110,1110
USHOU,USHOU,CNAQG,"Houston, TX, USHOU","Houston, TX, USHOU","Anqing Pt, 34, CNAQG",CNAQG,ONEY,ONE,CHIM354B25,DRY,15,5/6/2026,6/30/2026,5/6/2026,500,500,0,0,500,500
USHOU,USHOU,CNCAN,"Houston, TX, USHOU","Houston, TX, USHOU","Guangzhou Baiyun, 44, CNCAN",CNCAN,ONEY,ONE,CHIM354B25,DRY,15,5/6/2026,6/30/2026,5/6/2026,900,900,0,0,900,900
USHOU,USHOU,CNCGU,"Houston, TX, USHOU","Houston, TX, USHOU","Changshu, 32, CNCGU",CNCGU,ONEY,ONE,CHIM354B25,DRY,15,5/6/2026,6/30/2026,5/6/2026,850,850,0,0,850,850
USHOU,USHOU,CNCKG,"Houston, TX, USHOU","Houston, TX, USHOU","Chongqing Jiangbei, 51, CNCKG",CNCKG,ONEY,ONE,CHIM354B25,DRY,15,5/6/2026,6/30/2026,5/6/2026,1075,1075,0,0,1075,1075
USHOU,USHOU,CNDOU,"Houston, TX, USHOU","Houston, TX, USHOU","Doumen Pt, 44, CNDOU",CNDOU,ONEY,ONE,CHIM354B25,DRY,15,5/6/2026,6/30/2026,5/6/2026,800,800,0,0,800,800
USHOU,USHOU,CNFOC,"Houston, TX, USHOU","Houston, TX, USHOU","Fuzhou Changle, 35, CNFOC",CNFOC,ONEY,ONE,CHIM354B25,DRY,15,5/6/2026,6/30/2026,5/6/2026,925,925,0,0,925,925
USHOU,USHOU,CNGON,"Houston, TX, USHOU","Houston, TX, USHOU","Gaolan, 44, CNGON",CNGON,ONEY,ONE,CHIM354B25,DRY,15,5/6/2026,6/30/2026,5/6/2026,850,850,0,0,850,850
USHOU,USHOU,CNHUA,"Houston, TX, USHOU","Houston, TX, USHOU","Huangpu Pt, 44, CNHUA",CNHUA,ONEY,ONE,CHIM354B25,DRY,15,5/6/2026,6/30/2026,5/6/2026,700,700,0,0,700,700
USHOU,USHOU,CNLYG,"Houston, TX, USHOU","Houston, TX, USHOU","Lianyungang, 32, CNLYG",CNLYG,ONEY,ONE,CHIM354B25,DRY,15,5/6/2026,6/30/2026,5/6/2026,700,700,0,0,700,700
USHOU,USHOU,CNNBG,"Houston, TX, USHOU","Houston, TX, USHOU","Ningbo Pt, 33, CNNBG",CNNBG,ONEY,ONE,CHIM354B25,DRY,15,5/6/2026,6/30/2026,5/6/2026,450,450,0,0,450,450
USHOU,USHOU,CNNKG,"Houston, TX, USHOU","Houston, TX, USHOU","Nanjing Lukou, 32, CNNKG",CNNKG,ONEY,ONE,CHIM354B25,DRY,15,5/6/2026,6/30/2026,5/6/2026,735,735,0,0,735,735
USHOU,USHOU,CNNSA,"Houston, TX, USHOU","Houston, TX, USHOU","Nansha Pt, 44, CNNSA",CNNSA,ONEY,ONE,CHIM354B25,DRY,15,5/6/2026,6/30/2026,5/6/2026,775,775,0,0,775,775
USHOU,USHOU,CNNTG,"Houston, TX, USHOU","Houston, TX, USHOU","Nantong Pt, 32, CNNTG",CNNTG,ONEY,ONE,CHIM354B25,DRY,15,5/6/2026,6/30/2026,5/6/2026,910,910,0,0,910,910
USHOU,USHOU,CNTAO,"Houston, TX, USHOU","Houston, TX, USHOU","Qingdao, 37, CNTAO",CNTAO,ONEY,ONE,CHIM354B25,DRY,15,5/6/2026,6/30/2026,5/6/2026,555,555,0,0,555,555
USHOU,USHOU,CNSBU,"Houston, TX, USHOU","Houston, TX, USHOU","Sanbu Pt, 44, CNSBU",CNSBU,ONEY,ONE,CHIM354B25,DRY,15,5/6/2026,6/30/2026,5/6/2026,1010,1010,0,0,1010,1010
USHOU,USHOU,CNSHA,"Houston, TX, USHOU","Houston, TX, USHOU","Shanghai, 31, CNSHA",CNSHA,ONEY,ONE,CHIM354B25,DRY,15,5/6/2026,6/30/2026,5/6/2026,450,450,0,0,450,450
USHOU,USHOU,CNSHK,"Houston, TX, USHOU","Houston, TX, USHOU","Shekou Pt, 44, CNSHK",CNSHK,ONEY,ONE,CHIM354B25,DRY,15,5/6/2026,6/30/2026,5/6/2026,825,825,0,0,825,825
USHOU,USHOU,CNTXG,"Houston, TX, USHOU","Houston, TX, USHOU","Tianjin Xingang Pt, 12, CNTXG",CNTXG,ONEY,ONE,CHIM354B25,DRY,15,5/6/2026,6/30/2026,5/6/2026,500,500,0,0,500,500
USHOU,USHOU,CNWUH,"Houston, TX, USHOU","Houston, TX, USHOU","Wuhan Tianhe, 42, CNWUH",CNWUH,ONEY,ONE,CHIM354B25,DRY,15,5/6/2026,6/30/2026,5/6/2026,885,885,0,0,885,885
USHOU,USHOU,CNWUZ,"Houston, TX, USHOU","Houston, TX, USHOU","Wuzhou Pt, 45, CNWUZ",CNWUZ,ONEY,ONE,CHIM354B25,DRY,15,5/6/2026,6/30/2026,5/6/2026,775,775,0,0,775,775
USHOU,USHOU,CNXMN,"Houston, TX, USHOU","Houston, TX, USHOU","Xiamen, 35, CNXMN",CNXMN,ONEY,ONE,CHIM354B25,DRY,15,5/6/2026,6/30/2026,5/6/2026,830,830,0,0,830,830
USHOU,USHOU,CNYNT,"Houston, TX, USHOU","Houston, TX, USHOU","Yantai Laishan, 37, CNYNT",CNYNT,ONEY,ONE,CHIM354B25,DRY,15,5/6/2026,6/30/2026,5/6/2026,1050,1050,0,0,1050,1050
USHOU,USHOU,CNYTN,"Houston, TX, USHOU","Houston, TX, USHOU","Yantian Pt, 44, CNYTN",CNYTN,ONEY,ONE,CHIM354B25,DRY,15,5/6/2026,6/30/2026,5/6/2026,450,450,0,0,450,450
USHOU,USHOU,CNYYA,"Houston, TX, USHOU","Houston, TX, USHOU","Yueyang, 50, CNYYA",CNYYA,ONEY,ONE,CHIM354B25,DRY,15,5/6/2026,6/30/2026,5/6/2026,950,950,0,0,950,950
USHOU,USHOU,CNZJG,"Houston, TX, USHOU","Houston, TX, USHOU","Zhangjiagang, 32, CNZJG",CNZJG,ONEY,ONE,CHIM354B25,DRY,15,5/6/2026,6/30/2026,5/6/2026,835,835,0,0,835,835
USHOU,USHOU,CNZSN,"Houston, TX, USHOU","Houston, TX, USHOU","Zhongshan Pt, 44, CNZSN",CNZSN,ONEY,ONE,CHIM354B25,DRY,15,5/6/2026,6/30/2026,5/6/2026,675,675,0,0,675,675
USHOU,USHOU,CNZUH,"Houston, TX, USHOU","Houston, TX, USHOU","Zhuhai Pt, 44, CNZUH",CNZUH,ONEY,ONE,CHIM354B25,DRY,15,5/6/2026,6/30/2026,5/6/2026,910,910,0,0,910,910
USHOU,USHOU,HKHKG,"Houston, TX, USHOU","Houston, TX, USHOU","Hong Kong, , HKHKG",HKHKG,ONEY,ONE,CHIM354B25,DRY,15,5/6/2026,6/30/2026,5/6/2026,450,450,0,0,450,450
USHOU,USHOU,IDCKR,"Houston, TX, USHOU","Houston, TX, USHOU","Cikarang, JB, IDCKR",IDCKR,ONEY,ONE,CHIM354B25,DRY,15,5/6/2026,6/30/2026,5/6/2026,1300,1300,0,0,1300,1300
USHOU,USHOU,IDJKT,"Houston, TX, USHOU","Houston, TX, USHOU","Jakarta, JK, IDJKT",IDJKT,ONEY,ONE,CHIM354B25,DRY,15,5/6/2026,6/30/2026,5/6/2026,1100,1100,0,0,1100,1100
USHOU,USHOU,IDSRG,"Houston, TX, USHOU","Houston, TX, USHOU","Semarang, JT, IDSRG",IDSRG,ONEY,ONE,CHIM354B25,DRY,15,5/6/2026,6/30/2026,5/6/2026,1210,1210,0,0,1210,1210
USHOU,USHOU,IDSUB,"Houston, TX, USHOU","Houston, TX, USHOU","Surabaya, JI, IDSUB",IDSUB,ONEY,ONE,CHIM354B25,DRY,15,5/6/2026,6/30/2026,5/6/2026,1210,1210,0,0,1210,1210
USHOU,USHOU,JPHIJ,"Houston, TX, USHOU","Houston, TX, USHOU","Hiroshima, 34, JPHIJ",JPHIJ,ONEY,ONE,CHIM354B25,DRY,15,5/6/2026,6/30/2026,5/6/2026,1210,1210,0,0,1210,1210
USHOU,USHOU,JPHSM,"Houston, TX, USHOU","Houston, TX, USHOU","Hososhima, 45, JPHSM",JPHSM,ONEY,ONE,CHIM354B25,DRY,15,5/6/2026,6/30/2026,5/6/2026,1210,1210,0,0,1210,1210
USHOU,USHOU,JPIYM,"Houston, TX, USHOU","Houston, TX, USHOU","Iyomishima, 38, JPIYM",JPIYM,ONEY,ONE,CHIM354B25,DRY,15,5/6/2026,6/30/2026,5/6/2026,1650,1650,0,0,1650,1650
USHOU,USHOU,JPKCZ,"Houston, TX, USHOU","Houston, TX, USHOU","Kochi, 39, JPKCZ",JPKCZ,ONEY,ONE,CHIM354B25,DRY,15,5/6/2026,6/30/2026,5/6/2026,1790,1790,0,0,1790,1790
USHOU,USHOU,JPKIJ,"Houston, TX, USHOU","Houston, TX, USHOU","Niigata, 15, JPKIJ",JPKIJ,ONEY,ONE,CHIM354B25,DRY,15,5/6/2026,6/30/2026,5/6/2026,1550,1550,0,0,1550,1550
USHOU,USHOU,JPKWS,"Houston, TX, USHOU","Houston, TX, USHOU","Kawasaki, 14, JPKWS",JPKWS,ONEY,ONE,CHIM354B25,DRY,15,5/6/2026,6/30/2026,5/6/2026,910,910,0,0,910,910
USHOU,USHOU,JPMOJ,"Houston, TX, USHOU","Houston, TX, USHOU","Moji/Kitakyushu, 40, JPMOJ",JPMOJ,ONEY,ONE,CHIM354B25,DRY,15,5/6/2026,6/30/2026,5/6/2026,1250,1250,0,0,1250,1250
USHOU,USHOU,JPNAO,"Houston, TX, USHOU","Houston, TX, USHOU","Naoetsu, 15, JPNAO",JPNAO,ONEY,ONE,CHIM354B25,DRY,15,5/6/2026,6/30/2026,5/6/2026,1860,1860,0,0,1860,1860
USHOU,USHOU,JPNGO,"Houston, TX, USHOU","Houston, TX, USHOU","Nagoya, Aichi, 23, JPNGO",JPNGO,ONEY,ONE,CHIM354B25,DRY,15,5/6/2026,6/30/2026,5/6/2026,910,910,0,0,910,910
USHOU,USHOU,JPOSA,"Houston, TX, USHOU","Houston, TX, USHOU","Osaka, 27, JPOSA",JPOSA,ONEY,ONE,CHIM354B25,DRY,15,5/6/2026,6/30/2026,5/6/2026,910,910,0,0,910,910
USHOU,USHOU,JPSBS,"Houston, TX, USHOU","Houston, TX, USHOU","Shibushi, 46, JPSBS",JPSBS,ONEY,ONE,CHIM354B25,DRY,15,5/6/2026,6/30/2026,5/6/2026,1650,1650,0,0,1650,1650
USHOU,USHOU,JPSDJ,"Houston, TX, USHOU","Houston, TX, USHOU","Sendai, Miyagi, 4, JPSDJ",JPSDJ,ONEY,ONE,CHIM354B25,DRY,15,5/6/2026,6/30/2026,5/6/2026,1580,1580,0,0,1580,1580
USHOU,USHOU,JPSMN,"Houston, TX, USHOU","Houston, TX, USHOU","Sakaiminato, 31, JPSMN",JPSMN,ONEY,ONE,CHIM354B25,DRY,15,5/6/2026,6/30/2026,5/6/2026,1890,1890,0,0,1890,1890
USHOU,USHOU,JPSMZ,"Houston, TX, USHOU","Houston, TX, USHOU","Shimizu, 22, JPSMZ",JPSMZ,ONEY,ONE,CHIM354B25,DRY,15,5/6/2026,6/30/2026,5/6/2026,750,750,0,0,750,750
USHOU,USHOU,JPTKS,"Houston, TX, USHOU","Houston, TX, USHOU","Tokushima, 36, JPTKS",JPTKS,ONEY,ONE,CHIM354B25,DRY,15,5/6/2026,6/30/2026,5/6/2026,2250,2250,0,0,2250,2250
USHOU,USHOU,JPTMK,"Houston, TX, USHOU","Houston, TX, USHOU","Tomakomai, 1, JPTMK",JPTMK,ONEY,ONE,CHIM354B25,DRY,15,5/6/2026,6/30/2026,5/6/2026,2050,2050,0,0,2050,2050
USHOU,USHOU,JPTYO,"Houston, TX, USHOU","Houston, TX, USHOU","Tokyo, 13, JPTYO",JPTYO,ONEY,ONE,CHIM354B25,DRY,15,5/6/2026,6/30/2026,5/6/2026,910,910,0,0,910,910
USHOU,USHOU,JPUKB,"Houston, TX, USHOU","Houston, TX, USHOU","Kobe, 28, JPUKB",JPUKB,ONEY,ONE,CHIM354B25,DRY,15,5/6/2026,6/30/2026,5/6/2026,910,910,0,0,910,910
USHOU,USHOU,JPYOK,"Houston, TX, USHOU","Houston, TX, USHOU","Yokohama, 14, JPYOK",JPYOK,ONEY,ONE,CHIM354B25,DRY,15,5/6/2026,6/30/2026,5/6/2026,750,750,0,0,750,750
USHOU,USHOU,KHKOS,"Houston, TX, USHOU","Houston, TX, USHOU","Sihanoukville (Kampong Saom), , KHKOS",KHKOS,ONEY,ONE,CHIM354B25,DRY,15,5/6/2026,6/30/2026,5/6/2026,1150,1150,0,0,1150,1150
USHOU,USHOU,KRKAN,"Houston, TX, USHOU","Houston, TX, USHOU","Gwangyang, 46, KRKAN",KRKAN,ONEY,ONE,CHIM354B25,DRY,15,5/6/2026,6/30/2026,5/6/2026,600,600,0,0,600,600
USHOU,USHOU,KRPUS,"Houston, TX, USHOU","Houston, TX, USHOU","Busan, 26, KRPUS",KRPUS,ONEY,ONE,CHIM354B25,DRY,15,5/6/2026,6/30/2026,5/6/2026,510,510,0,0,510,510
USHOU,USHOU,MYPEN,"Houston, TX, USHOU","Houston, TX, USHOU","Penang, , MYPEN",MYPEN,ONEY,ONE,CHIM354B25,DRY,15,5/6/2026,6/30/2026,5/6/2026,1350,1350,0,0,1350,1350
USHOU,USHOU,MYPGU,"Houston, TX, USHOU","Houston, TX, USHOU","Pasir Gudang, Johor, , MYPGU",MYPGU,ONEY,ONE,CHIM354B25,DRY,15,5/6/2026,6/30/2026,5/6/2026,1350,1350,0,0,1350,1350
USHOU,USHOU,MYPKG,"Houston, TX, USHOU","Houston, TX, USHOU","Port Klang, 10, MYPKG",MYPKG,ONEY,ONE,CHIM354B25,DRY,15,5/6/2026,6/30/2026,5/6/2026,600,600,0,0,600,600
USHOU,USHOU,PHMNL,"Houston, TX, USHOU","Houston, TX, USHOU","Manila, , PHMNL",PHMNL,ONEY,ONE,CHIM354B25,DRY,15,5/6/2026,6/30/2026,5/6/2026,830,830,0,0,830,830
USHOU,USHOU,SGSIN,"Houston, TX, USHOU","Houston, TX, USHOU","Singapore, , SGSIN",SGSIN,ONEY,ONE,CHIM354B25,DRY,15,5/6/2026,6/30/2026,5/6/2026,850,850,0,0,850,850
USHOU,USHOU,THBKK,"Houston, TX, USHOU","Houston, TX, USHOU","Bangkok, , THBKK",THBKK,ONEY,ONE,CHIM354B25,DRY,15,5/6/2026,6/30/2026,5/6/2026,1245,1245,0,0,1245,1245
USHOU,USHOU,THLCH,"Houston, TX, USHOU","Houston, TX, USHOU","Laem Chabang, 20, THLCH",THLCH,ONEY,ONE,CHIM354B25,DRY,15,5/6/2026,6/30/2026,5/6/2026,905,905,0,0,905,905
USHOU,USHOU,THLKR,"Houston, TX, USHOU","Houston, TX, USHOU","Lat Krabang, 10, THLKR",THLKR,ONEY,ONE,CHIM354B25,DRY,15,5/6/2026,6/30/2026,5/6/2026,860,860,0,0,860,860
USHOU,USHOU,TWKEL,"Houston, TX, USHOU","Houston, TX, USHOU","Keelung, , TWKEL",TWKEL,ONEY,ONE,CHIM354B25,DRY,15,5/6/2026,6/30/2026,5/6/2026,700,700,0,0,700,700
USHOU,USHOU,TWKHH,"Houston, TX, USHOU","Houston, TX, USHOU","Kaohsiung, , TWKHH",TWKHH,ONEY,ONE,CHIM354B25,DRY,15,5/6/2026,6/30/2026,5/6/2026,700,700,0,0,700,700
USHOU,USHOU,TWTPE,"Houston, TX, USHOU","Houston, TX, USHOU","Taipei, TPE, TWTPE",TWTPE,ONEY,ONE,CHIM354B25,DRY,15,5/6/2026,6/30/2026,5/6/2026,750,750,0,0,750,750
USHOU,USHOU,TWTXG,"Houston, TX, USHOU","Houston, TX, USHOU","Taichung, , TWTXG",TWTXG,ONEY,ONE,CHIM354B25,DRY,15,5/6/2026,6/30/2026,5/6/2026,700,700,0,0,700,700
USHOU,USHOU,TWTYN,"Houston, TX, USHOU","Houston, TX, USHOU","Taoyuan, , TWTYN",TWTYN,ONEY,ONE,CHIM354B25,DRY,15,5/6/2026,6/30/2026,5/6/2026,700,700,0,0,700,700
USHOU,USHOU,VNCMT,"Houston, TX, USHOU","Houston, TX, USHOU","Cai Mep Terminal, 43, VNCMT",VNCMT,ONEY,ONE,CHIM354B25,DRY,15,5/6/2026,6/30/2026,5/6/2026,600,600,0,0,600,600
USHOU,USHOU,EGALY,"Houston, TX, USHOU","Houston, TX, USHOU","Alexandria, , EGALY",EGALY,ONEY,ONE,CHIM354B25,DRY,15,5/6/2026,6/30/2026,5/6/2026,1550,1550,0,0,1550,1550
USHOU,USHOU,EGDAM,"Houston, TX, USHOU","Houston, TX, USHOU","Damietta, , EGDAM",EGDAM,ONEY,ONE,CHIM354B25,DRY,15,5/6/2026,6/30/2026,5/6/2026,1550,1550,0,0,1550,1550
USHOU,USHOU,ILHFA,"Houston, TX, USHOU","Houston, TX, USHOU","Haifa, , ILHFA",ILHFA,ONEY,ONE,CHIM354B25,DRY,15,5/6/2026,6/30/2026,5/6/2026,1650,1650,0,0,1650,1650
USHOU,USHOU,TRMER,"Houston, TX, USHOU","Houston, TX, USHOU","Mersin, 33, TRMER",TRMER,ONEY,ONE,CHIM354B25,DRY,15,5/6/2026,6/30/2026,5/6/2026,1350,1350,0,0,1350,1350
USHOU,USHOU,PTLEI,"Houston, TX, USHOU","Houston, TX, USHOU","Leixoes, 13, PTLEI",PTLEI,ONEY,ONE,CHIM354B25,DRY,15,5/6/2026,6/30/2026,5/6/2026,1838,1838,0,0,1838,1838
USHOU,USHOU,PTLIS,"Houston, TX, USHOU","Houston, TX, USHOU","Lisboa, 11, PTLIS",PTLIS,ONEY,ONE,CHIM354B25,DRY,15,5/6/2026,6/30/2026,5/6/2026,1918,1918,0,0,1918,1918
USHOU,USHOU,BEANR,"Houston, TX, USHOU","Houston, TX, USHOU","Antwerp, VAN, BEANR",BEANR,ONEY,ONE,CHIM354B25,DRY,15,5/6/2026,6/30/2026,5/6/2026,940,940,0,0,940,940
USHOU,USHOU,BEZEE,"Houston, TX, USHOU","Houston, TX, USHOU","Zeebrugge, VWV, BEZEE",BEZEE,ONEY,ONE,CHIM354B25,DRY,15,5/6/2026,6/30/2026,5/6/2026,740,740,0,0,740,740
USHOU,USHOU,DEBRV,"Houston, TX, USHOU","Houston, TX, USHOU","Bremerhaven, HB, DEBRV",DEBRV,ONEY,ONE,CHIM354B25,DRY,15,5/6/2026,6/30/2026,5/6/2026,810,810,0,0,810,810
USHOU,USHOU,FRLEH,"Houston, TX, USHOU","Houston, TX, USHOU","Le Havre, 76, FRLEH",FRLEH,ONEY,ONE,CHIM354B25,DRY,15,5/6/2026,6/30/2026,5/6/2026,1260,1260,0,0,1260,1260
USHOU,USHOU,GBLIV,"Houston, TX, USHOU","Houston, TX, USHOU","Liverpool, MSY, GBLIV",GBLIV,ONEY,ONE,CHIM354B25,DRY,15,5/6/2026,6/30/2026,5/6/2026,1731,1731,0,0,1731,1731
USHOU,USHOU,NLRTM,"Houston, TX, USHOU","Houston, TX, USHOU","Rotterdam, ZH, NLRTM",NLRTM,ONEY,ONE,CHIM354B25,DRY,15,5/6/2026,6/30/2026,5/6/2026,1635,1635,0,0,1635,1635
USHOU,USLAX,CLSAI,"Houston, TX, USHOU","Los Angeles, CA, USLAX","San Antonio, VS, CLSAI",CLSAI,ONEY,ONE,CHIM354B25,DRY,15,5/16/2026,6/30/2026,5/6/2026,3110,3110,0,0,3110,3110
USHOU,USLAX,COBUN,"Houston, TX, USHOU","Los Angeles, CA, USLAX","Buenaventura, , COBUN",COBUN,ONEY,ONE,CHIM354B25,DRY,15,5/16/2026,6/30/2026,5/6/2026,3135,3135,0,0,3135,3135
USHOU,USHOU,VNDAD,"Houston, TX, USHOU","Houston, TX, USHOU","Da Nang, , VNDAD",VNDAD,ONEY,ONE,CHIM354B25,DRY,15,5/6/2026,6/30/2026,5/6/2026,800,800,0,0,800,800
USHOU,USHOU,VNHPH,"Houston, TX, USHOU","Houston, TX, USHOU","Haiphong, , VNHPH",VNHPH,ONEY,ONE,CHIM354B25,DRY,15,5/6/2026,6/30/2026,5/6/2026,800,800,0,0,800,800
USHOU,USHOU,VNSGN,"Houston, TX, USHOU","Houston, TX, USHOU","Ho Chi Minh City, , VNSGN",VNSGN,ONEY,ONE,CHIM354B25,DRY,15,5/6/2026,6/30/2026,5/6/2026,600,600,0,0,600,600
USHOU,USLAX,CNCKG,"Houston, TX, USHOU","Los Angeles, CA, USLAX","Chongqing Jiangbei, 51, CNCKG",CNCKG,ONEY,ONE,CHIM354B25,DRY,15,5/16/2026,6/30/2026,5/6/2026,2510,2510,0,0,2510,2510
USHOU,USLAX,CNHUA,"Houston, TX, USHOU","Los Angeles, CA, USLAX","Huangpu Pt, 44, CNHUA",CNHUA,ONEY,ONE,CHIM354B25,DRY,15,5/16/2026,6/30/2026,5/6/2026,2210,2210,0,0,2210,2210
USHOU,USLAX,CNLYG,"Houston, TX, USHOU","Los Angeles, CA, USLAX","Lianyungang, 32, CNLYG",CNLYG,ONEY,ONE,CHIM354B25,DRY,15,5/16/2026,6/30/2026,5/6/2026,2085,2085,0,0,2085,2085
USHOU,USLAX,CNNBG,"Houston, TX, USHOU","Los Angeles, CA, USLAX","Ningbo Pt, 33, CNNBG",CNNBG,ONEY,ONE,CHIM354B25,DRY,15,5/16/2026,6/30/2026,5/6/2026,1960,1960,0,0,1960,1960
USHOU,USLAX,CNNTG,"Houston, TX, USHOU","Los Angeles, CA, USLAX","Nantong Pt, 32, CNNTG",CNNTG,ONEY,ONE,CHIM354B25,DRY,15,5/16/2026,6/30/2026,5/6/2026,2210,2210,0,0,2210,2210
USHOU,USLAX,CNTAO,"Houston, TX, USHOU","Los Angeles, CA, USLAX","Qingdao, 37, CNTAO",CNTAO,ONEY,ONE,CHIM354B25,DRY,15,5/16/2026,6/30/2026,5/6/2026,1960,1960,0,0,1960,1960
USHOU,USLAX,CNSHA,"Houston, TX, USHOU","Los Angeles, CA, USLAX","Shanghai, 31, CNSHA",CNSHA,ONEY,ONE,CHIM354B25,DRY,15,5/16/2026,6/30/2026,5/6/2026,1960,1960,0,0,1960,1960
USHOU,USLAX,CNTXG,"Houston, TX, USHOU","Los Angeles, CA, USLAX","Tianjin Xingang Pt, 12, CNTXG",CNTXG,ONEY,ONE,CHIM354B25,DRY,15,5/16/2026,6/30/2026,5/6/2026,2085,2085,0,0,2085,2085
USHOU,USLAX,CNWUH,"Houston, TX, USHOU","Los Angeles, CA, USLAX","Wuhan Tianhe, 42, CNWUH",CNWUH,ONEY,ONE,CHIM354B25,DRY,15,5/16/2026,6/30/2026,5/6/2026,2335,2335,0,0,2335,2335
USHOU,USLAX,CNXMN,"Houston, TX, USHOU","Los Angeles, CA, USLAX","Xiamen, 35, CNXMN",CNXMN,ONEY,ONE,CHIM354B25,DRY,15,5/16/2026,6/30/2026,5/6/2026,2535,2535,0,0,2535,2535
USHOU,USLAX,CNYYA,"Houston, TX, USHOU","Los Angeles, CA, USLAX","Yueyang, 50, CNYYA",CNYYA,ONEY,ONE,CHIM354B25,DRY,15,5/16/2026,6/30/2026,5/6/2026,2410,2410,0,0,2410,2410
USHOU,USLAX,CNZJG,"Houston, TX, USHOU","Los Angeles, CA, USLAX","Zhangjiagang, 32, CNZJG",CNZJG,ONEY,ONE,CHIM354B25,DRY,15,5/16/2026,6/30/2026,5/6/2026,2210,2210,0,0,2210,2210
USHOU,USLAX,CNZUH,"Houston, TX, USHOU","Los Angeles, CA, USLAX","Zhuhai Pt, 44, CNZUH",CNZUH,ONEY,ONE,CHIM354B25,DRY,15,5/16/2026,6/30/2026,5/6/2026,2085,2085,0,0,2085,2085
USHOU,USLAX,HKHKG,"Houston, TX, USHOU","Los Angeles, CA, USLAX","Hong Kong, , HKHKG",HKHKG,ONEY,ONE,CHIM354B25,DRY,15,5/16/2026,6/30/2026,5/6/2026,2210,2210,0,0,2210,2210
USHOU,USLAX,IDCKR,"Houston, TX, USHOU","Los Angeles, CA, USLAX","Cikarang, JB, IDCKR",IDCKR,ONEY,ONE,CHIM354B25,DRY,15,5/16/2026,6/30/2026,5/6/2026,2510,2510,0,0,2510,2510
USHOU,USLAX,IDJKT,"Houston, TX, USHOU","Los Angeles, CA, USLAX","Jakarta, JK, IDJKT",IDJKT,ONEY,ONE,CHIM354B25,DRY,15,5/16/2026,6/30/2026,5/6/2026,2610,2610,0,0,2610,2610
USHOU,USLAX,IDSRG,"Houston, TX, USHOU","Los Angeles, CA, USLAX","Semarang, JT, IDSRG",IDSRG,ONEY,ONE,CHIM354B25,DRY,15,5/16/2026,6/30/2026,5/6/2026,2310,2310,0,0,2310,2310
USHOU,USLAX,IDSUB,"Houston, TX, USHOU","Los Angeles, CA, USLAX","Surabaya, JI, IDSUB",IDSUB,ONEY,ONE,CHIM354B25,DRY,15,5/16/2026,6/30/2026,5/6/2026,2310,2310,0,0,2310,2310
USHOU,USLAX,JPHIJ,"Houston, TX, USHOU","Los Angeles, CA, USLAX","Hiroshima, 34, JPHIJ",JPUKB,ONEY,ONE,CHIM354B25,DRY,15,5/16/2026,6/30/2026,5/6/2026,1935,1935,0,0,1935,1935
USHOU,USLAX,JPMOJ,"Houston, TX, USHOU","Los Angeles, CA, USLAX","Moji/Kitakyushu, 40, JPMOJ",JPUKB,ONEY,ONE,CHIM354B25,DRY,15,5/16/2026,6/30/2026,5/6/2026,2435,2435,0,0,2435,2435
USHOU,USLAX,JPMYJ,"Houston, TX, USHOU","Los Angeles, CA, USLAX","Matsuyama, 38, JPMYJ",JPMYJ,ONEY,ONE,CHIM354B25,DRY,15,5/16/2026,6/30/2026,5/6/2026,2110,2110,0,0,2110,2110
USHOU,USLAX,JPNGO,"Houston, TX, USHOU","Los Angeles, CA, USLAX","Nagoya, Aichi, 23, JPNGO",JPNGO,ONEY,ONE,CHIM354B25,DRY,15,5/16/2026,6/30/2026,5/6/2026,1760,1760,0,0,1760,1760
USHOU,USLAX,JPOSA,"Houston, TX, USHOU","Los Angeles, CA, USLAX","Osaka, 27, JPOSA",JPUKB,ONEY,ONE,CHIM354B25,DRY,15,5/16/2026,6/30/2026,5/6/2026,1760,1760,0,0,1760,1760
USHOU,USLAX,JPTYO,"Houston, TX, USHOU","Los Angeles, CA, USLAX","Tokyo, 13, JPTYO",JPTYO,ONEY,ONE,CHIM354B25,DRY,15,5/16/2026,6/30/2026,5/6/2026,1760,1760,0,0,1760,1760
USHOU,USLAX,JPUKB,"Houston, TX, USHOU","Los Angeles, CA, USLAX","Kobe, 28, JPUKB",JPUKB,ONEY,ONE,CHIM354B25,DRY,15,5/16/2026,6/30/2026,5/6/2026,1760,1760,0,0,1760,1760
USHOU,USLAX,KRKAN,"Houston, TX, USHOU","Los Angeles, CA, USLAX","Gwangyang, 46, KRKAN",KRKAN,ONEY,ONE,CHIM354B25,DRY,15,5/16/2026,6/30/2026,5/6/2026,2210,2210,0,0,2210,2210
USHOU,USLAX,KRPUS,"Houston, TX, USHOU","Los Angeles, CA, USLAX","Busan, 26, KRPUS",KRPUS,ONEY,ONE,CHIM354B25,DRY,15,5/16/2026,6/30/2026,5/6/2026,2010,2010,0,0,2010,2010
USHOU,USLAX,MYPEN,"Houston, TX, USHOU","Los Angeles, CA, USLAX","Penang, , MYPEN",MYPEN,ONEY,ONE,CHIM354B25,DRY,15,5/16/2026,6/30/2026,5/6/2026,2310,2310,0,0,2310,2310
USHOU,USLAX,MYPGU,"Houston, TX, USHOU","Los Angeles, CA, USLAX","Pasir Gudang, Johor, , MYPGU",MYPGU,ONEY,ONE,CHIM354B25,DRY,15,5/16/2026,6/30/2026,5/6/2026,2310,2310,0,0,2310,2310
USHOU,USLAX,MYPKG,"Houston, TX, USHOU","Los Angeles, CA, USLAX","Port Klang, 10, MYPKG",MYPKG,ONEY,ONE,CHIM354B25,DRY,15,5/16/2026,6/30/2026,5/6/2026,2310,2310,0,0,2310,2310
USHOU,USLAX,PHMNL,"Houston, TX, USHOU","Los Angeles, CA, USLAX","Manila, , PHMNL",PHMNL,ONEY,ONE,CHIM354B25,DRY,15,5/16/2026,6/30/2026,5/6/2026,2260,2260,0,0,2260,2260
USHOU,USLAX,THBKK,"Houston, TX, USHOU","Los Angeles, CA, USLAX","Bangkok, , THBKK",THBKK,ONEY,ONE,CHIM354B25,DRY,15,5/16/2026,6/30/2026,5/6/2026,2285,2285,0,0,2285,2285
USHOU,USLAX,THLCH,"Houston, TX, USHOU","Los Angeles, CA, USLAX","Laem Chabang, 20, THLCH",THLCH,ONEY,ONE,CHIM354B25,DRY,15,5/16/2026,6/30/2026,5/6/2026,2000,2000,0,0,2000,2000
USHOU,USLAX,THLKR,"Houston, TX, USHOU","Los Angeles, CA, USLAX","Lat Krabang, 10, THLKR",THLKR,ONEY,ONE,CHIM354B25,DRY,15,5/16/2026,6/30/2026,5/6/2026,2225,2225,0,0,2225,2225
USHOU,USLAX,TWKEL,"Houston, TX, USHOU","Los Angeles, CA, USLAX","Keelung, , TWKEL",TWKEL,ONEY,ONE,CHIM354B25,DRY,15,5/16/2026,6/30/2026,5/6/2026,1635,1635,0,0,1635,1635
USHOU,USLAX,TWKHH,"Houston, TX, USHOU","Los Angeles, CA, USLAX","Kaohsiung, , TWKHH",TWKHH,ONEY,ONE,CHIM354B25,DRY,15,5/16/2026,6/30/2026,5/6/2026,1635,1635,0,0,1635,1635
USHOU,USLAX,TWTXG,"Houston, TX, USHOU","Los Angeles, CA, USLAX","Taichung, , TWTXG",TWTXG,ONEY,ONE,CHIM354B25,DRY,15,5/16/2026,6/30/2026,5/6/2026,1885,1885,0,0,1885,1885
USHOU,USLAX,TWTYN,"Houston, TX, USHOU","Los Angeles, CA, USLAX","Taoyuan, , TWTYN",TWTYN,ONEY,ONE,CHIM354B25,DRY,15,5/16/2026,6/30/2026,5/6/2026,1885,1885,0,0,1885,1885
USHOU,USLAX,VNCMT,"Houston, TX, USHOU","Los Angeles, CA, USLAX","Cai Mep Terminal, 43, VNCMT",VNCMT,ONEY,ONE,CHIM354B25,DRY,15,5/16/2026,6/30/2026,5/6/2026,2260,2260,0,0,2260,2260
USHOU,USLAX,VNDAD,"Houston, TX, USHOU","Los Angeles, CA, USLAX","Da Nang, , VNDAD",VNDAD,ONEY,ONE,CHIM354B25,DRY,15,5/16/2026,6/30/2026,5/6/2026,2950,2950,0,0,2950,2950
USHOU,USLAX,VNHPH,"Houston, TX, USHOU","Los Angeles, CA, USLAX","Haiphong, , VNHPH",VNHPH,ONEY,ONE,CHIM354B25,DRY,15,5/16/2026,6/30/2026,5/6/2026,2510,2510,0,0,2510,2510
USHOU,USLAX,VNSGN,"Houston, TX, USHOU","Los Angeles, CA, USLAX","Ho Chi Minh City, , VNSGN",VNSGN,ONEY,ONE,CHIM354B25,DRY,15,5/16/2026,6/30/2026,5/6/2026,2260,2260,0,0,2260,2260
USHOU,USLAX,BDCGP,"Houston, TX, USHOU","Los Angeles, CA, USLAX","Chattogram/Chittagong, , BDCGP",BDCGP,ONEY,ONE,CHIM354B25,DRY,15,5/16/2026,6/30/2026,5/6/2026,3585,3585,0,0,3585,3585
USHOU,USLAX,INMAA,"Houston, TX, USHOU","Los Angeles, CA, USLAX","Chennai (ex Madras), TN, INMAA",INMAA,ONEY,ONE,CHIM354B25,DRY,15,5/16/2026,6/30/2026,5/6/2026,3360,3360,0,0,3360,3360
USHOU,USLAX,INMUN,"Houston, TX, USHOU","Los Angeles, CA, USLAX","Mundra, GJ, INMUN",INMUN,ONEY,ONE,CHIM354B25,DRY,15,5/16/2026,6/30/2026,5/6/2026,2300,2300,0,0,2300,2300
USHOU,USLAX,INNSA,"Houston, TX, USHOU","Los Angeles, CA, USLAX","Nhava Sheva, MH, INNSA",INNSA,ONEY,ONE,CHIM354B25,DRY,15,5/16/2026,6/30/2026,5/6/2026,2300,2300,0,0,2300,2300
USHOU,USLAX,INPAV,"Houston, TX, USHOU","Los Angeles, CA, USLAX","Pipavav (Victor) Port, GJ, INPAV",INPAV,ONEY,ONE,CHIM354B25,DRY,15,5/16/2026,6/30/2026,5/6/2026,2400,2400,0,0,2400,2400
USHOU,USLAX,LKCMB,"Houston, TX, USHOU","Los Angeles, CA, USLAX","Colombo, , LKCMB",LKCMB,ONEY,ONE,CHIM354B25,DRY,15,5/16/2026,6/30/2026,5/6/2026,2460,2460,0,0,2460,2460
USHOU,USLAX,PKKHI,"Houston, TX, USHOU","Los Angeles, CA, USLAX","Karachi, SD, PKKHI",PKKHI,ONEY,ONE,CHIM354B25,DRY,15,5/16/2026,6/30/2026,5/6/2026,2960,2960,0,0,2960,2960
USHOU,USHOU,ZACPT,"Houston, TX, USHOU","Houston, TX, USHOU","Cape Town, , ZACPT",ZACPT,ONEY,ONE,CHIM354B25,DRY,15,5/6/2026,6/30/2026,5/6/2026,2500,2500,0,0,2500,2500
USHOU,USHOU,ZADUR,"Houston, TX, USHOU","Houston, TX, USHOU","Durban, , ZADUR",ZADUR,ONEY,ONE,CHIM354B25,DRY,15,5/6/2026,6/30/2026,5/6/2026,2500,2500,0,0,2500,2500
USHOU,USHOU,TWKHH,"Houston, TX, USHOU","Houston, TX, USHOU","Kaohsiung, , TWKHH",TWKHH,HDMU,HMM,US2600031,DRY,4,5/15/2026,6/30/2026,5/6/2026,704,704,0,0,704,704
USHOU,USHOU,TWKHH,"Houston, TX, USHOU","Houston, TX, USHOU","Kaohsiung, , TWKHH",TWKHH,HDMU,HMM,US2600031,DRY,4,6/1/2026,7/31/2026,5/6/2026,734,734,0,0,734,734
USHOU,USHOU,TWTXG,"Houston, TX, USHOU","Houston, TX, USHOU","Taichung, , TWTXG",TWTXG,HDMU,HMM,US2600031,DRY,4,5/15/2026,6/30/2026,5/6/2026,1004,1004,0,0,1004,1004
USHOU,USHOU,TWTXG,"Houston, TX, USHOU","Houston, TX, USHOU","Taichung, , TWTXG",TWTXG,HDMU,HMM,US2600031,DRY,4,6/1/2026,7/31/2026,5/6/2026,1034,1034,0,0,1034,1034
USHOU,USHOU,IDJKT,"Houston, TX, USHOU","Houston, TX, USHOU","Jakarta, JK, IDJKT",KRPUS,HDMU,HMM,US2600031,DRY,4,5/15/2026,6/30/2026,5/6/2026,1104,1104,0,0,1104,1104
USHOU,USHOU,IDJKT,"Houston, TX, USHOU","Houston, TX, USHOU","Jakarta, JK, IDJKT",KRPUS,HDMU,HMM,US2600031,DRY,4,6/1/2026,7/31/2026,5/6/2026,1134,1134,0,0,1134,1134
USHOU,USHOU,IDSUB,"Houston, TX, USHOU","Houston, TX, USHOU","Surabaya, JI, IDSUB",KRPUS,HDMU,HMM,US2600031,DRY,4,5/15/2026,6/30/2026,5/6/2026,1104,1104,0,0,1104,1104
USHOU,USHOU,IDSUB,"Houston, TX, USHOU","Houston, TX, USHOU","Surabaya, JI, IDSUB",KRPUS,HDMU,HMM,US2600031,DRY,4,6/1/2026,7/31/2026,5/6/2026,1134,1134,0,0,1134,1134
USHOU,USHOU,THLCH,"Houston, TX, USHOU","Houston, TX, USHOU","Laem Chabang, 20, THLCH",KRPUS,HDMU,HMM,US2600031,DRY,4,5/15/2026,6/30/2026,5/6/2026,1104,1104,0,0,1104,1104
USHOU,USHOU,THLCH,"Houston, TX, USHOU","Houston, TX, USHOU","Laem Chabang, 20, THLCH",KRPUS,HDMU,HMM,US2600031,DRY,4,6/1/2026,7/31/2026,5/6/2026,1134,1134,0,0,1134,1134
USHOU,USHOU,THLKR,"Houston, TX, USHOU","Houston, TX, USHOU","Lat Krabang, 10, THLKR",KRPUS,HDMU,HMM,US2600031,DRY,4,5/15/2026,6/30/2026,5/6/2026,1154,1154,0,0,1154,1154
USHOU,USHOU,THLKR,"Houston, TX, USHOU","Houston, TX, USHOU","Lat Krabang, 10, THLKR",KRPUS,HDMU,HMM,US2600031,DRY,4,6/1/2026,7/31/2026,5/6/2026,1184,1184,0,0,1184,1184
USHOU,USHOU,TWKHH,"Houston, TX, USHOU","Houston, TX, USHOU","Kaohsiung, , TWKHH",KRPUS,HDMU,HMM,US2600031,DRY,4,5/15/2026,6/30/2026,5/6/2026,904,904,0,0,904,904
USHOU,USHOU,TWKHH,"Houston, TX, USHOU","Houston, TX, USHOU","Kaohsiung, , TWKHH",KRPUS,HDMU,HMM,US2600031,DRY,4,6/1/2026,7/31/2026,5/6/2026,934,934,0,0,934,934
USHOU,USHOU,TWTXG,"Houston, TX, USHOU","Houston, TX, USHOU","Taichung, , TWTXG",KRPUS,HDMU,HMM,US2600031,DRY,4,5/15/2026,6/30/2026,5/6/2026,1104,1104,0,0,1104,1104
USHOU,USHOU,TWTXG,"Houston, TX, USHOU","Houston, TX, USHOU","Taichung, , TWTXG",KRPUS,HDMU,HMM,US2600031,DRY,4,6/1/2026,7/31/2026,5/6/2026,1134,1134,0,0,1134,1134
USHOU,USHOU,THBKK,"Houston, TX, USHOU","Houston, TX, USHOU","Bangkok, , THBKK",SGSIN,HDMU,HMM,US2600031,DRY,4,5/15/2026,6/30/2026,5/6/2026,1354,1354,0,0,1354,1354
USHOU,USHOU,THBKK,"Houston, TX, USHOU","Houston, TX, USHOU","Bangkok, , THBKK",SGSIN,HDMU,HMM,US2600031,DRY,4,6/1/2026,7/31/2026,5/6/2026,1384,1384,0,0,1384,1384
USHOU,USHOU,VNSGN,"Houston, TX, USHOU","Houston, TX, USHOU","Ho Chi Minh City, , VNSGN",TWKHH,HDMU,HMM,US2600031,DRY,4,5/15/2026,6/30/2026,5/6/2026,1054,1054,0,0,1054,1054
USHOU,USHOU,VNSGN,"Houston, TX, USHOU","Houston, TX, USHOU","Ho Chi Minh City, , VNSGN",TWKHH,HDMU,HMM,US2600031,DRY,4,6/1/2026,7/31/2026,5/6/2026,1084,1084,0,0,1084,1084
USHOU,USHOU,IDJKT,"Houston, TX, USHOU","Houston, TX, USHOU","Jakarta, JK, IDJKT",IDJKT,CMDU,CMA,25-0720,DRY,13,4/18/2026,6/30/2026,5/12/2026,1560,1560,0,0,1560,1560
USHOU,USHOU,IDSRG,"Houston, TX, USHOU","Houston, TX, USHOU","Semarang, JT, IDSRG",IDSRG,CMDU,CMA,25-0720,DRY,13,4/18/2026,6/30/2026,5/12/2026,2560,2560,0,0,2560,2560
USHOU,USHOU,IDSUB,"Houston, TX, USHOU","Houston, TX, USHOU","Surabaya, JI, IDSUB",IDSUB,CMDU,CMA,25-0720,DRY,13,4/18/2026,6/30/2026,5/12/2026,2060,2060,0,0,2060,2060
USHOU,USHOU,KRKAN,"Houston, TX, USHOU","Houston, TX, USHOU","Gwangyang, 46, KRKAN",KRKAN,CMDU,CMA,25-0720,DRY,13,4/18/2026,6/30/2026,5/12/2026,1610,1610,0,0,1610,1610
USHOU,USHOU,MYPGU,"Houston, TX, USHOU","Houston, TX, USHOU","Pasir Gudang, Johor, , MYPGU",MYPGU,CMDU,CMA,25-0720,DRY,13,4/18/2026,6/30/2026,5/12/2026,1110,1110,0,0,1110,1110
USHOU,USHOU,MYTPP,"Houston, TX, USHOU","Houston, TX, USHOU","Tanjung Pelepas, 1, MYTPP",MYTPP,CMDU,CMA,25-0720,DRY,13,4/18/2026,6/30/2026,5/12/2026,1110,1110,0,0,1110,1110
USHOU,USHOU,THLCH,"Houston, TX, USHOU","Houston, TX, USHOU","Laem Chabang, 20, THLCH",THLCH,CMDU,CMA,25-0720,DRY,13,4/18/2026,6/30/2026,5/12/2026,1110,1110,0,0,1110,1110
USHOU,USHOU,THLKR,"Houston, TX, USHOU","Houston, TX, USHOU","Lat Krabang, 10, THLKR",THLCH,CMDU,CMA,25-0720,DRY,13,4/18/2026,6/30/2026,5/12/2026,1210,1210,0,0,1210,1210
USHOU,USHOU,VNDAD,"Houston, TX, USHOU","Houston, TX, USHOU","Da Nang, , VNDAD",VNDAD,CMDU,CMA,25-0720,DRY,13,4/18/2026,6/30/2026,5/12/2026,1410,1410,0,0,1410,1410
USHOU,USHOU,VNSGN,"Houston, TX, USHOU","Houston, TX, USHOU","Ho Chi Minh City, , VNSGN",VNSGN,CMDU,CMA,25-0720,DRY,13,4/18/2026,6/30/2026,5/12/2026,710,710,0,0,710,710
USHOU,USHOU,VNVUT,"Houston, TX, USHOU","Houston, TX, USHOU","Vung Tau, 43, VNVUT",VNVUT,CMDU,CMA,25-0720,DRY,13,4/18/2026,6/30/2026,5/12/2026,710,710,0,0,710,710
USHOU,USHOU,VNSGN,"Houston, TX, USHOU","Houston, TX, USHOU","Ho Chi Minh City, , VNSGN",VNVUT,CMDU,CMA,25-0720,DRY,13,4/18/2026,6/30/2026,5/12/2026,510,510,0,0,510,510
USHOU,USHOU,TRAMR,"Houston, TX, USHOU","Houston, TX, USHOU","Ambarli, 34, TRAMR",TRAMR,CMDU,CMA,25-0720,DRY,13,4/18/2026,6/30/2026,5/12/2026,2820,2820,0,0,2820,2820
USHOU,USHOU,TRISK,"Houston, TX, USHOU","Houston, TX, USHOU","Iskenderun, 31, TRISK",TRISK,CMDU,CMA,25-0720,DRY,13,4/18/2026,6/30/2026,5/12/2026,2320,2320,0,0,2320,2320
USHOU,USHOU,TRMER,"Houston, TX, USHOU","Houston, TX, USHOU","Mersin, 33, TRMER",TRMER,CMDU,CMA,25-0720,DRY,13,4/18/2026,6/30/2026,5/12/2026,2320,2320,0,0,2320,2320
USHOU,USHOU,ITSAL,"Houston, TX, USHOU","Houston, TX, USHOU","Salerno, , ITSAL",ITSAL,CMDU,CMA,25-0720,DRY,13,4/18/2026,6/30/2026,5/12/2026,2746,2746,0,0,2746,2746
USHOU,USHOU,ITBCO,"Houston, TX, USHOU","Houston, TX, USHOU","Buccino, , ITBCO",ITSAL,CMDU,CMA,25-0720,DRY,13,4/18/2026,6/30/2026,5/12/2026,3170,3170,0,0,3170,3170
USHOU,USHOU,EGALY,"Houston, TX, USHOU","Houston, TX, USHOU","Alexandria, , EGALY",EGALY,CMDU,CMA,25-0720,DRY,13,4/18/2026,6/30/2026,5/12/2026,2670,2670,0,0,2670,2670
USHOU,USHOU,EGPSD,"Houston, TX, USHOU","Houston, TX, USHOU","Port Said, , EGPSD",EGPSD,CMDU,CMA,25-0720,DRY,13,4/18/2026,6/30/2026,5/12/2026,2670,2670,0,0,2670,2670
USHOU,USHOU,ITBGO,"Houston, TX, USHOU","Houston, TX, USHOU","Bergamo, BG, ITBGO",ITGOA,CMDU,CMA,25-0720,DRY,13,4/18/2026,6/30/2026,5/12/2026,2545,2545,0,0,2545,2545
USHOU,USHOU,DJJIB,"Houston, TX, USHOU","Houston, TX, USHOU","Djibouti, , DJJIB",DJJIB,CMDU,CMA,25-0720,DRY,13,4/18/2026,6/30/2026,5/12/2026,4682,4682,0,0,4682,4682
USHOU,USHOU,INMUN,"Houston, TX, USHOU","Houston, TX, USHOU","Mundra, GJ, INMUN",INMUN,CMDU,CMA,25-0720,DRY,13,4/18/2026,6/30/2026,5/12/2026,2110,2110,0,0,2110,2110
USHOU,USHOU,INNSA,"Houston, TX, USHOU","Houston, TX, USHOU","Nhava Sheva, MH, INNSA",INNSA,CMDU,CMA,25-0720,DRY,13,4/18/2026,6/30/2026,5/12/2026,2110,2110,0,0,2110,2110
USHOU,USHOU,PKBQM,"Houston, TX, USHOU","Houston, TX, USHOU","Port Qasim/Karachi, SD, PKBQM",PKBQM,CMDU,CMA,25-0720,DRY,13,4/18/2026,6/30/2026,5/12/2026,2810,2810,0,0,2810,2810
USHOU,USHOU,BDCGP,"Houston, TX, USHOU","Houston, TX, USHOU","Chattogram/Chittagong, , BDCGP",BDCGP,CMDU,CMA,25-0720,DRY,13,4/18/2026,6/30/2026,5/12/2026,2050,2050,0,0,2050,2050
USHOU,USHOU,INTUT,"Houston, TX, USHOU","Houston, TX, USHOU","Tuticorin, TN, INTUT",INTUT,CMDU,CMA,25-0720,DRY,13,4/18/2026,6/30/2026,5/12/2026,1810,1810,0,0,1810,1810
USHOU,USHOU,COCTG,"Houston, TX, USHOU","Houston, TX, USHOU","Cartagena, , COCTG",COCTG,CMDU,CMA,25-0720,DRY,13,4/18/2026,6/30/2026,5/12/2026,1385,1385,0,0,1385,1385
USHOU,USHOU,COTRB,"Houston, TX, USHOU","Houston, TX, USHOU","Turbo, , COTRB",COTRB,CMDU,CMA,25-0720,DRY,13,4/18/2026,6/30/2026,5/12/2026,2485,2485,0,0,2485,2485
USHOU,USHOU,CRCAR,"Houston, TX, USHOU","Houston, TX, USHOU","Cartago, C, CRCAR",CRMOB,CMDU,CMA,25-0720,DRY,13,4/18/2026,6/30/2026,5/12/2026,3092,3092,0,0,3092,3092
USHOU,USHOU,CRMOB,"Houston, TX, USHOU","Houston, TX, USHOU","Moin, L, CRMOB",CRMOB,CMDU,CMA,25-0720,DRY,13,4/18/2026,6/30/2026,5/12/2026,2365,2365,0,0,2365,2365
USHOU,USHOU,ECGYE,"Houston, TX, USHOU","Houston, TX, USHOU","Guayaquil, G, ECGYE",ECGYE,CMDU,CMA,25-0720,DRY,13,4/18/2026,6/30/2026,5/12/2026,2911,2911,0,0,2911,2911
USHOU,USHOU,GTAMA,"Houston, TX, USHOU","Houston, TX, USHOU","Amatitlan, GU, GTAMA",GTPBR,CMDU,CMA,25-0720,DRY,13,4/18/2026,6/30/2026,5/12/2026,2782,2782,0,0,2782,2782
USHOU,USHOU,GTAMA,"Houston, TX, USHOU","Houston, TX, USHOU","Amatitlan, GU, GTAMA",GTSTC,CMDU,CMA,25-0720,DRY,13,4/18/2026,6/30/2026,5/12/2026,2782,2782,0,0,2782,2782
USHOU,USHOU,GTCHI,"Houston, TX, USHOU","Houston, TX, USHOU","Chimaltenango, , GTCHI",GTPBR,CMDU,CMA,25-0720,DRY,13,4/18/2026,6/30/2026,5/12/2026,2882,2882,0,0,2882,2882
USHOU,USHOU,GTCHI,"Houston, TX, USHOU","Houston, TX, USHOU","Chimaltenango, , GTCHI",GTSTC,CMDU,CMA,25-0720,DRY,13,4/18/2026,6/30/2026,5/12/2026,2882,2882,0,0,2882,2882
USHOU,USHOU,GTGUA,"Houston, TX, USHOU","Houston, TX, USHOU","Guatemala City, , GTGUA",GTPBR,CMDU,CMA,25-0720,DRY,13,4/18/2026,6/30/2026,5/12/2026,2752,2752,0,0,2752,2752
USHOU,USHOU,GTGUA,"Houston, TX, USHOU","Houston, TX, USHOU","Guatemala City, , GTGUA",GTSTC,CMDU,CMA,25-0720,DRY,13,4/18/2026,6/30/2026,5/12/2026,2752,2752,0,0,2752,2752
USHOU,USHOU,GTPAL,"Houston, TX, USHOU","Houston, TX, USHOU","Palin, , GTPAL",GTPBR,CMDU,CMA,25-0720,DRY,13,4/18/2026,6/30/2026,5/12/2026,2882,2882,0,0,2882,2882
USHOU,USHOU,GTPAL,"Houston, TX, USHOU","Houston, TX, USHOU","Palin, , GTPAL",GTSTC,CMDU,CMA,25-0720,DRY,13,4/18/2026,6/30/2026,5/12/2026,2882,2882,0,0,2882,2882
USHOU,USHOU,GTPBR,"Houston, TX, USHOU","Houston, TX, USHOU","Puerto Barrios, , GTPBR",GTPBR,CMDU,CMA,25-0720,DRY,13,4/18/2026,6/30/2026,5/12/2026,1495,1495,0,0,1495,1495
USHOU,USHOU,GTSTC,"Houston, TX, USHOU","Houston, TX, USHOU","Puerto Santo Tomas de Castilla, IZ, GTSTC",GTSTC,CMDU,CMA,25-0720,DRY,13,4/18/2026,6/30/2026,5/12/2026,1495,1495,0,0,1495,1495
USHOU,USHOU,HNSBA,"Houston, TX, USHOU","Houston, TX, USHOU","Santa Barbara, , HNSBA",HNPCR,CMDU,CMA,25-0720,DRY,13,4/18/2026,6/30/2026,5/12/2026,2560,2560,0,0,2560,2560
USHOU,USHOU,PECLL,"Houston, TX, USHOU","Houston, TX, USHOU","Callao, , PECLL",PECLL,CMDU,CMA,25-0720,DRY,13,4/18/2026,6/30/2026,5/12/2026,2549,2549,0,0,2549,2549
USHOU,USHOU,SVEZC,"Houston, TX, USHOU","Houston, TX, USHOU","Ilopango, SS, SVEZC",GTPBR,CMDU,CMA,25-0720,DRY,13,4/18/2026,6/30/2026,5/12/2026,3232,3232,0,0,3232,3232
USHOU,USHOU,SVEZC,"Houston, TX, USHOU","Houston, TX, USHOU","Ilopango, SS, SVEZC",GTSTC,CMDU,CMA,25-0720,DRY,13,4/18/2026,6/30/2026,5/12/2026,3232,3232,0,0,3232,3232
USHOU,USHOU,SVSAL,"Houston, TX, USHOU","Houston, TX, USHOU","San Salvador, , SVSAL",GTPBR,CMDU,CMA,25-0720,DRY,13,4/18/2026,6/30/2026,5/12/2026,3132,3132,0,0,3132,3132
USHOU,USHOU,SVSAL,"Houston, TX, USHOU","Houston, TX, USHOU","San Salvador, , SVSAL",GTSTC,CMDU,CMA,25-0720,DRY,13,4/18/2026,6/30/2026,5/12/2026,3132,3132,0,0,3132,3132
USHOU,USHOU,SVSOY,"Houston, TX, USHOU","Houston, TX, USHOU","Soyapango, , SVSOY",GTPBR,CMDU,CMA,25-0720,DRY,13,4/18/2026,6/30/2026,5/12/2026,3132,3132,0,0,3132,3132
USHOU,USHOU,SVSOY,"Houston, TX, USHOU","Houston, TX, USHOU","Soyapango, , SVSOY",GTSTC,CMDU,CMA,25-0720,DRY,13,4/18/2026,6/30/2026,5/12/2026,3132,3132,0,0,3132,3132
USHOU,USHOU,BDCGP,"Houston, TX, USHOU","Houston, TX, USHOU","Chattogram/Chittagong, , BDCGP",BDCGP,EGLV,EMC,SC103574,DRY,4,5/1/2026,6/30/2026,5/16/2026,2750,2750,0,0,2750,2750
USHOU,USHOU,CNNBG,"Houston, TX, USHOU","Houston, TX, USHOU","Ningbo Pt, 33, CNNBG",CNNBG,EGLV,EMC,SC103574,DRY,4,5/1/2026,6/30/2026,5/16/2026,1000,1000,0,0,1000,1000
USHOU,USHOU,CNTAO,"Houston, TX, USHOU","Houston, TX, USHOU","Qingdao, 37, CNTAO",CNQDG,EGLV,EMC,SC103574,DRY,4,5/1/2026,6/30/2026,5/16/2026,1000,1000,0,0,1000,1000
USHOU,USHOU,CNSHA,"Houston, TX, USHOU","Houston, TX, USHOU","Shanghai, 31, CNSHA",CNSHG,EGLV,EMC,SC103574,DRY,4,5/1/2026,6/30/2026,5/16/2026,1000,1000,0,0,1000,1000
USHOU,USHOU,CNXMN,"Houston, TX, USHOU","Houston, TX, USHOU","Xiamen, 35, CNXMN",CNXMG,EGLV,EMC,SC103574,DRY,4,5/1/2026,6/30/2026,5/16/2026,1200,1200,0,0,1200,1200
USHOU,USHOU,CNYTN,"Houston, TX, USHOU","Houston, TX, USHOU","Yantian Pt, 44, CNYTN",CNYTN,EGLV,EMC,SC103574,DRY,4,5/1/2026,6/30/2026,5/16/2026,1200,1200,0,0,1200,1200
USHOU,USHOU,IDBLW,"Houston, TX, USHOU","Houston, TX, USHOU","Belawan, , IDBLW",IDBLW,EGLV,EMC,SC103574,DRY,4,5/1/2026,6/30/2026,5/16/2026,1500,1500,0,0,1500,1500
USHOU,USHOU,IDJKT,"Houston, TX, USHOU","Houston, TX, USHOU","Jakarta, JK, IDJKT",IDJKT,EGLV,EMC,SC103574,DRY,4,5/1/2026,6/30/2026,5/16/2026,1500,1500,0,0,1500,1500
USHOU,USHOU,IDSRG,"Houston, TX, USHOU","Houston, TX, USHOU","Semarang, JT, IDSRG",IDSRG,EGLV,EMC,SC103574,DRY,4,5/1/2026,6/30/2026,5/16/2026,1500,1500,0,0,1500,1500
USHOU,USHOU,IDSUB,"Houston, TX, USHOU","Houston, TX, USHOU","Surabaya, JI, IDSUB",IDSUB,EGLV,EMC,SC103574,DRY,4,5/1/2026,6/30/2026,5/16/2026,1500,1500,0,0,1500,1500
USHOU,USHOU,INNSA,"Houston, TX, USHOU","Houston, TX, USHOU","Nhava Sheva, MH, INNSA",INNSA,EGLV,EMC,SC103574,DRY,4,5/1/2026,6/30/2026,5/16/2026,2100,2100,0,0,2100,2100
USHOU,USHOU,JPHTD,"Houston, TX, USHOU","Houston, TX, USHOU","Hakata, 38, JPHTD",JPHTD,EGLV,EMC,SC103574,DRY,4,5/1/2026,6/30/2026,5/16/2026,1100,1100,0,0,1100,1100
USHOU,USHOU,JPNGO,"Houston, TX, USHOU","Houston, TX, USHOU","Nagoya, Aichi, 23, JPNGO",JPNGO,EGLV,EMC,SC103574,DRY,4,5/1/2026,6/30/2026,5/16/2026,1100,1100,0,0,1100,1100
USHOU,USHOU,JPOSA,"Houston, TX, USHOU","Houston, TX, USHOU","Osaka, 27, JPOSA",JPOSA,EGLV,EMC,SC103574,DRY,4,5/1/2026,6/30/2026,5/16/2026,1100,1100,0,0,1100,1100
USHOU,USHOU,JPUKB,"Houston, TX, USHOU","Houston, TX, USHOU","Kobe, 28, JPUKB",JPUKB,EGLV,EMC,SC103574,DRY,4,5/1/2026,6/30/2026,5/16/2026,1100,1100,0,0,1100,1100
USHOU,USHOU,PHDVO,"Houston, TX, USHOU","Houston, TX, USHOU","Davao, Mindanao, , PHDVO",PHDVO,EGLV,EMC,SC103574,DRY,4,5/1/2026,6/30/2026,5/16/2026,1400,1400,0,0,1400,1400
USHOU,USHOU,PHMNL,"Houston, TX, USHOU","Houston, TX, USHOU","Manila, , PHMNL",PHMNL,EGLV,EMC,SC103574,DRY,4,5/1/2026,6/30/2026,5/16/2026,1550,1550,0,0,1550,1550
USHOU,USHOU,PHMNS,"Houston, TX, USHOU","Houston, TX, USHOU","Manila South Harbour, , PHMNS",PHMNS,EGLV,EMC,SC103574,DRY,4,5/1/2026,6/30/2026,5/16/2026,1550,1550,0,0,1550,1550
USHOU,USHOU,PKKHI,"Houston, TX, USHOU","Houston, TX, USHOU","Karachi, SD, PKKHI",PKKHI,EGLV,EMC,SC103574,DRY,4,5/1/2026,6/30/2026,5/16/2026,2080,2080,0,0,2080,2080
USHOU,USHOU,THBKK,"Houston, TX, USHOU","Houston, TX, USHOU","Bangkok, , THBKK",THBKK,EGLV,EMC,SC103574,DRY,4,5/1/2026,6/30/2026,5/16/2026,1800,1800,0,0,1800,1800
USHOU,USHOU,THLCH,"Houston, TX, USHOU","Houston, TX, USHOU","Laem Chabang, 20, THLCH",THLCH,EGLV,EMC,SC103574,DRY,4,5/1/2026,6/30/2026,5/16/2026,1800,1800,0,0,1800,1800
USHOU,USHOU,TWKHH,"Houston, TX, USHOU","Houston, TX, USHOU","Kaohsiung, , TWKHH",TWKHH,EGLV,EMC,SC103574,DRY,4,5/1/2026,6/30/2026,5/16/2026,1350,1350,0,0,1350,1350
USHOU,USHOU,TWTPE,"Houston, TX, USHOU","Houston, TX, USHOU","Taipei, TPE, TWTPE",TWTPE,EGLV,EMC,SC103574,DRY,4,5/1/2026,6/30/2026,5/16/2026,1900,1900,0,0,1900,1900
USHOU,USHOU,VNDAD,"Houston, TX, USHOU","Houston, TX, USHOU","Da Nang, , VNDAD",VNDAD,EGLV,EMC,SC103574,DRY,4,5/1/2026,6/30/2026,5/16/2026,1400,1400,0,0,1400,1400
USHOU,USHOU,VNHPH,"Houston, TX, USHOU","Houston, TX, USHOU","Haiphong, , VNHPH",VNHPH,EGLV,EMC,SC103574,DRY,4,5/1/2026,6/30/2026,5/16/2026,1400,1400,0,0,1400,1400
USHOU,USHOU,VNSGN,"Houston, TX, USHOU","Houston, TX, USHOU","Ho Chi Minh City, , VNSGN",VNSGN,EGLV,EMC,SC103574,DRY,4,5/1/2026,6/30/2026,5/16/2026,1400,1400,0,0,1400,1400
USHOU,USHOU,VNTOT,"Houston, TX, USHOU","Houston, TX, USHOU","Cai Mep, 43, VNTOT",VNTOT,EGLV,EMC,SC103574,DRY,4,5/1/2026,6/30/2026,5/16/2026,1400,1400,0,0,1400,1400
USHOU,USHOU,ECGYE,"Houston, TX, USHOU","Houston, TX, USHOU","Guayaquil, G, ECGYE",ECGYE,MSCU,MSC,25-348WCSA,DRY,7,5/1/2026,5/31/2026,5/16/2026,1766,1766,0,0,1766,1766
USHOU,USHOU,ECGYE,"Houston, TX, USHOU","Houston, TX, USHOU","Guayaquil, G, ECGYE",ECGYE,MSCU,MSC,25-348WCSA,DRY,7,6/1/2026,6/30/2026,5/16/2026,2340,2340,0,0,2340,2340
USHOU,USHOU,IDBLW,"Houston, TX, USHOU","Houston, TX, USHOU","Belawan, , IDBLW",IDBLW,MSCU,MSC,25-348WCSA,DRY,7,5/1/2026,5/31/2026,5/16/2026,1945,1945,0,0,1945,1945
USHOU,USHOU,IDBLW,"Houston, TX, USHOU","Houston, TX, USHOU","Belawan, , IDBLW",IDBLW,MSCU,MSC,25-348WCSA,DRY,7,6/1/2026,6/30/2026,5/16/2026,1985,1985,0,0,1985,1985
USHOU,USHOU,IDJKT,"Houston, TX, USHOU","Houston, TX, USHOU","Jakarta, JK, IDJKT",IDJKT,MSCU,MSC,25-348WCSA,DRY,7,5/1/2026,5/31/2026,5/16/2026,1945,1945,0,0,1945,1945
USHOU,USHOU,IDJKT,"Houston, TX, USHOU","Houston, TX, USHOU","Jakarta, JK, IDJKT",IDJKT,MSCU,MSC,25-348WCSA,DRY,7,6/1/2026,6/30/2026,5/16/2026,1985,1985,0,0,1985,1985
USHOU,USHOU,IDSRG,"Houston, TX, USHOU","Houston, TX, USHOU","Semarang, JT, IDSRG",IDSRG,MSCU,MSC,25-348WCSA,DRY,7,5/1/2026,5/31/2026,5/16/2026,1945,1945,0,0,1945,1945
USHOU,USHOU,IDSRG,"Houston, TX, USHOU","Houston, TX, USHOU","Semarang, JT, IDSRG",IDSRG,MSCU,MSC,25-348WCSA,DRY,7,6/1/2026,6/30/2026,5/16/2026,1985,1985,0,0,1985,1985
USHOU,USHOU,IDSUB,"Houston, TX, USHOU","Houston, TX, USHOU","Surabaya, JI, IDSUB",IDSUB,MSCU,MSC,25-348WCSA,DRY,7,5/1/2026,5/31/2026,5/16/2026,1945,1945,0,0,1945,1945
USHOU,USHOU,IDSUB,"Houston, TX, USHOU","Houston, TX, USHOU","Surabaya, JI, IDSUB",IDSUB,MSCU,MSC,25-348WCSA,DRY,7,6/1/2026,6/30/2026,5/16/2026,1985,1985,0,0,1985,1985
USHOU,USHOU,MYPEN,"Houston, TX, USHOU","Houston, TX, USHOU","Penang, , MYPEN",MYPEN,MSCU,MSC,25-348WCSA,DRY,7,5/1/2026,5/31/2026,5/16/2026,1945,1945,0,0,1945,1945
USHOU,USHOU,MYPEN,"Houston, TX, USHOU","Houston, TX, USHOU","Penang, , MYPEN",MYPEN,MSCU,MSC,25-348WCSA,DRY,7,6/1/2026,6/30/2026,5/16/2026,1985,1985,0,0,1985,1985
USHOU,USHOU,MYPGU,"Houston, TX, USHOU","Houston, TX, USHOU","Pasir Gudang, Johor, , MYPGU",MYPGU,MSCU,MSC,25-348WCSA,DRY,7,5/1/2026,5/31/2026,5/16/2026,1945,1945,0,0,1945,1945
USHOU,USHOU,MYPGU,"Houston, TX, USHOU","Houston, TX, USHOU","Pasir Gudang, Johor, , MYPGU",MYPGU,MSCU,MSC,25-348WCSA,DRY,7,6/1/2026,6/30/2026,5/16/2026,1985,1985,0,0,1985,1985
USHOU,USHOU,MYPKG,"Houston, TX, USHOU","Houston, TX, USHOU","Port Klang, 10, MYPKG",MYPKG,MSCU,MSC,25-348WCSA,DRY,7,5/1/2026,5/31/2026,5/16/2026,1945,1945,0,0,1945,1945
USHOU,USHOU,MYPKG,"Houston, TX, USHOU","Houston, TX, USHOU","Port Klang, 10, MYPKG",MYPKG,MSCU,MSC,25-348WCSA,DRY,7,6/1/2026,6/30/2026,5/16/2026,1985,1985,0,0,1985,1985
USHOU,USHOU,MYTPP,"Houston, TX, USHOU","Houston, TX, USHOU","Tanjung Pelepas, 1, MYTPP",MYTPP,MSCU,MSC,25-348WCSA,DRY,7,5/1/2026,5/31/2026,5/16/2026,1945,1945,0,0,1945,1945
USHOU,USHOU,MYTPP,"Houston, TX, USHOU","Houston, TX, USHOU","Tanjung Pelepas, 1, MYTPP",MYTPP,MSCU,MSC,25-348WCSA,DRY,7,6/1/2026,6/30/2026,5/16/2026,1985,1985,0,0,1985,1985
USHOU,USHOU,PECLL,"Houston, TX, USHOU","Houston, TX, USHOU","Callao, , PECLL",PECLL,MSCU,MSC,25-348WCSA,DRY,7,5/1/2026,5/31/2026,5/16/2026,1766,1766,0,0,1766,1766
USHOU,USHOU,PECLL,"Houston, TX, USHOU","Houston, TX, USHOU","Callao, , PECLL",PECLL,MSCU,MSC,25-348WCSA,DRY,7,6/1/2026,6/30/2026,5/16/2026,2340,2340,0,0,2340,2340
USHOU,USHOU,PHMNN,"Houston, TX, USHOU","Houston, TX, USHOU","Manila North Harbour, , PHMNN",PHMNN,MSCU,MSC,25-348WCSA,DRY,7,5/1/2026,5/31/2026,5/16/2026,1945,1945,0,0,1945,1945
USHOU,USHOU,PHMNN,"Houston, TX, USHOU","Houston, TX, USHOU","Manila North Harbour, , PHMNN",PHMNN,MSCU,MSC,25-348WCSA,DRY,7,6/1/2026,6/30/2026,5/16/2026,1985,1985,0,0,1985,1985
USHOU,USHOU,SGSIN,"Houston, TX, USHOU","Houston, TX, USHOU","Singapore, , SGSIN",SGSIN,MSCU,MSC,25-348WCSA,DRY,7,5/1/2026,5/31/2026,5/16/2026,1945,1945,0,0,1945,1945
USHOU,USHOU,SGSIN,"Houston, TX, USHOU","Houston, TX, USHOU","Singapore, , SGSIN",SGSIN,MSCU,MSC,25-348WCSA,DRY,7,6/1/2026,6/30/2026,5/16/2026,1985,1985,0,0,1985,1985
USHOU,USHOU,THBKK,"Houston, TX, USHOU","Houston, TX, USHOU","Bangkok, , THBKK",LAEM CHABANG,MSCU,MSC,25-348WCSA,DRY,7,5/1/2026,5/31/2026,5/16/2026,1975,1975,0,0,1975,1975
USHOU,USHOU,THBKK,"Houston, TX, USHOU","Houston, TX, USHOU","Bangkok, , THBKK",LAEM CHABANG,MSCU,MSC,25-348WCSA,DRY,7,6/1/2026,6/30/2026,5/16/2026,2015,2015,0,0,2015,2015
USHOU,USHOU,THBMT,"Houston, TX, USHOU","Houston, TX, USHOU","Bangkok Modern Terminals, , THBMT",LAEM CHABANG,MSCU,MSC,25-348WCSA,DRY,7,5/1/2026,5/31/2026,5/16/2026,1975,1975,0,0,1975,1975
USHOU,USHOU,THBMT,"Houston, TX, USHOU","Houston, TX, USHOU","Bangkok Modern Terminals, , THBMT",LAEM CHABANG,MSCU,MSC,25-348WCSA,DRY,7,6/1/2026,6/30/2026,5/16/2026,2015,2015,0,0,2015,2015
USHOU,USHOU,THLCH,"Houston, TX, USHOU","Houston, TX, USHOU","Laem Chabang, 20, THLCH",THLCH,MSCU,MSC,25-348WCSA,DRY,7,5/1/2026,5/31/2026,5/16/2026,1800,1800,0,0,1800,1800
USHOU,USHOU,THLCH,"Houston, TX, USHOU","Houston, TX, USHOU","Laem Chabang, 20, THLCH",THLCH,MSCU,MSC,25-348WCSA,DRY,7,6/1/2026,6/30/2026,5/16/2026,1840,1840,0,0,1840,1840
USHOU,USHOU,THLKR,"Houston, TX, USHOU","Houston, TX, USHOU","Lat Krabang, 10, THLKR",LAEM CHABANG,MSCU,MSC,25-348WCSA,DRY,7,5/1/2026,5/31/2026,5/16/2026,1925,1925,0,0,1925,1925
USHOU,USHOU,THLKR,"Houston, TX, USHOU","Houston, TX, USHOU","Lat Krabang, 10, THLKR",LAEM CHABANG,MSCU,MSC,25-348WCSA,DRY,7,6/1/2026,6/30/2026,5/16/2026,1965,1965,0,0,1965,1965
USHOU,USHOU,TRALI,"Houston, TX, USHOU","Houston, TX, USHOU","Aliaga, 35, TRALI",TRALI,MSCU,MSC,25-348WCSA,DRY,7,5/1/2026,5/31/2026,5/16/2026,1991,1991,0,0,1991,1991
USHOU,USHOU,TRALI,"Houston, TX, USHOU","Houston, TX, USHOU","Aliaga, 35, TRALI",TRALI,MSCU,MSC,25-348WCSA,DRY,7,6/1/2026,6/30/2026,5/16/2026,2331,2331,0,0,2331,2331
USHOU,USHOU,TREYP,"Houston, TX, USHOU","Houston, TX, USHOU","Evyap Port /Kocaeli, 41, TREYP",TREYP,MSCU,MSC,25-348WCSA,DRY,7,5/1/2026,5/31/2026,5/16/2026,1991,1991,0,0,1991,1991
USHOU,USHOU,TREYP,"Houston, TX, USHOU","Houston, TX, USHOU","Evyap Port /Kocaeli, 41, TREYP",TREYP,MSCU,MSC,25-348WCSA,DRY,7,6/1/2026,6/30/2026,5/16/2026,2331,2331,0,0,2331,2331
USHOU,USHOU,TRGEM,"Houston, TX, USHOU","Houston, TX, USHOU","Gemlik, 16, TRGEM",TRGEM,MSCU,MSC,25-348WCSA,DRY,7,5/1/2026,5/31/2026,5/16/2026,1991,1991,0,0,1991,1991
USHOU,USHOU,TRGEM,"Houston, TX, USHOU","Houston, TX, USHOU","Gemlik, 16, TRGEM",TRGEM,MSCU,MSC,25-348WCSA,DRY,7,6/1/2026,6/30/2026,5/16/2026,2331,2331,0,0,2331,2331
USHOU,USHOU,TRISK,"Houston, TX, USHOU","Houston, TX, USHOU","Iskenderun, 31, TRISK",TRISK,MSCU,MSC,25-348WCSA,DRY,7,5/1/2026,5/31/2026,5/16/2026,1991,1991,0,0,1991,1991
USHOU,USHOU,TRISK,"Houston, TX, USHOU","Houston, TX, USHOU","Iskenderun, 31, TRISK",TRISK,MSCU,MSC,25-348WCSA,DRY,7,6/1/2026,6/30/2026,5/16/2026,2331,2331,0,0,2331,2331
USHOU,USHOU,TRIST,"Houston, TX, USHOU","Houston, TX, USHOU","Istanbul, 34, TRIST",TRIST,MSCU,MSC,25-348WCSA,DRY,7,5/1/2026,5/31/2026,5/16/2026,1991,1991,0,0,1991,1991
USHOU,USHOU,TRIST,"Houston, TX, USHOU","Houston, TX, USHOU","Istanbul, 34, TRIST",TRIST,MSCU,MSC,25-348WCSA,DRY,7,6/1/2026,6/30/2026,5/16/2026,2331,2331,0,0,2331,2331
USHOU,USHOU,TRIZM,"Houston, TX, USHOU","Houston, TX, USHOU","Izmir, 35, TRIZM",TRIZM,MSCU,MSC,25-348WCSA,DRY,7,5/1/2026,5/31/2026,5/16/2026,1991,1991,0,0,1991,1991
USHOU,USHOU,TRIZM,"Houston, TX, USHOU","Houston, TX, USHOU","Izmir, 35, TRIZM",TRIZM,MSCU,MSC,25-348WCSA,DRY,7,6/1/2026,6/30/2026,5/16/2026,2331,2331,0,0,2331,2331
USHOU,USHOU,TRMER,"Houston, TX, USHOU","Houston, TX, USHOU","Mersin, 33, TRMER",TRMER,MSCU,MSC,25-348WCSA,DRY,7,5/1/2026,5/31/2026,5/16/2026,1991,1991,0,0,1991,1991
USHOU,USHOU,TRMER,"Houston, TX, USHOU","Houston, TX, USHOU","Mersin, 33, TRMER",TRMER,MSCU,MSC,25-348WCSA,DRY,7,6/1/2026,6/30/2026,5/16/2026,2331,2331,0,0,2331,2331
USHOU,USHOU,TRTEK,"Houston, TX, USHOU","Houston, TX, USHOU","Tekirdag, 59, TRTEK",TRTEK,MSCU,MSC,25-348WCSA,DRY,7,5/1/2026,5/31/2026,5/16/2026,1991,1991,0,0,1991,1991
USHOU,USHOU,TRTEK,"Houston, TX, USHOU","Houston, TX, USHOU","Tekirdag, 59, TRTEK",TRTEK,MSCU,MSC,25-348WCSA,DRY,7,6/1/2026,6/30/2026,5/16/2026,2331,2331,0,0,2331,2331
USHOU,USHOU,TWKEL,"Houston, TX, USHOU","Houston, TX, USHOU","Keelung, , TWKEL",TWKEL,MSCU,MSC,25-348WCSA,DRY,7,5/1/2026,5/31/2026,5/16/2026,1350,1350,0,0,1350,1350
USHOU,USHOU,TWKEL,"Houston, TX, USHOU","Houston, TX, USHOU","Keelung, , TWKEL",TWKEL,MSCU,MSC,25-348WCSA,DRY,7,6/1/2026,6/30/2026,5/16/2026,1390,1390,0,0,1390,1390
USHOU,USHOU,TWKHH,"Houston, TX, USHOU","Houston, TX, USHOU","Kaohsiung, , TWKHH",TWKHH,MSCU,MSC,25-348WCSA,DRY,7,5/1/2026,5/31/2026,5/16/2026,1350,1350,0,0,1350,1350
USHOU,USHOU,TWKHH,"Houston, TX, USHOU","Houston, TX, USHOU","Kaohsiung, , TWKHH",TWKHH,MSCU,MSC,25-348WCSA,DRY,7,6/1/2026,6/30/2026,5/16/2026,1390,1390,0,0,1390,1390
USHOU,USHOU,TWTXG,"Houston, TX, USHOU","Houston, TX, USHOU","Taichung, , TWTXG",TWTXG,MSCU,MSC,25-348WCSA,DRY,7,5/1/2026,5/31/2026,5/16/2026,1550,1550,0,0,1550,1550
USHOU,USHOU,TWTXG,"Houston, TX, USHOU","Houston, TX, USHOU","Taichung, , TWTXG",TWTXG,MSCU,MSC,25-348WCSA,DRY,7,6/1/2026,6/30/2026,5/16/2026,1590,1590,0,0,1590,1590
USHOU,USHOU,TWTYN,"Houston, TX, USHOU","Houston, TX, USHOU","Taoyuan, , TWTYN",KAOHSIUNG,MSCU,MSC,25-348WCSA,DRY,7,5/1/2026,5/31/2026,5/16/2026,1690,1690,0,0,1690,1690
USHOU,USHOU,TWTYN,"Houston, TX, USHOU","Houston, TX, USHOU","Taoyuan, , TWTYN",KAOHSIUNG,MSCU,MSC,25-348WCSA,DRY,7,6/1/2026,6/30/2026,5/16/2026,1730,1730,0,0,1730,1730
USHOU,USHOU,VNDAD,"Houston, TX, USHOU","Houston, TX, USHOU","Da Nang, , VNDAD",VNDAD,MSCU,MSC,25-348WCSA,DRY,7,5/1/2026,5/31/2026,5/16/2026,2000,2000,0,0,2000,2000
USHOU,USHOU,VNDAD,"Houston, TX, USHOU","Houston, TX, USHOU","Da Nang, , VNDAD",VNDAD,MSCU,MSC,25-348WCSA,DRY,7,6/1/2026,6/30/2026,5/16/2026,2040,2040,0,0,2040,2040
USHOU,USHOU,VNHPH,"Houston, TX, USHOU","Houston, TX, USHOU","Haiphong, , VNHPH",VNHPH,MSCU,MSC,25-348WCSA,DRY,7,5/1/2026,5/31/2026,5/16/2026,1800,1800,0,0,1800,1800
USHOU,USHOU,VNHPH,"Houston, TX, USHOU","Houston, TX, USHOU","Haiphong, , VNHPH",VNHPH,MSCU,MSC,25-348WCSA,DRY,7,6/1/2026,6/30/2026,5/16/2026,1840,1840,0,0,1840,1840
USHOU,USHOU,VNSGN,"Houston, TX, USHOU","Houston, TX, USHOU","Ho Chi Minh City, , VNSGN",VUNG TAU,MSCU,MSC,25-348WCSA,DRY,7,5/1/2026,5/31/2026,5/16/2026,1900,1900,0,0,1900,1900
USHOU,USHOU,VNSGN,"Houston, TX, USHOU","Houston, TX, USHOU","Ho Chi Minh City, , VNSGN",VUNG TAU,MSCU,MSC,25-348WCSA,DRY,7,6/1/2026,6/30/2026,5/16/2026,1940,1940,0,0,1940,1940
USHOU,USHOU,VNVUT,"Houston, TX, USHOU","Houston, TX, USHOU","Vung Tau, 43, VNVUT",VNVUT,MSCU,MSC,25-348WCSA,DRY,7,5/1/2026,5/31/2026,5/16/2026,1800,1800,0,0,1800,1800
USHOU,USHOU,VNVUT,"Houston, TX, USHOU","Houston, TX, USHOU","Vung Tau, 43, VNVUT",VNVUT,MSCU,MSC,25-348WCSA,DRY,7,6/1/2026,6/30/2026,5/16/2026,1840,1840,0,0,1840,1840
USHOU,USHOU,PTLEI,"Houston, TX, USHOU","Houston, TX, USHOU","Leixoes, 13, PTLEI",PTLEI,OOLU,OOCL,MT256104,DRY,16,4/1/2026,6/30/2026,5/16/2026,1503,1503,0,0,1503,1503
USHOU,USLAX,CNDLC,"Houston, TX, USHOU","Los Angeles, CA, USLAX","Dalian, 21, CNDLC",CNDLC,OOLU,OOCL,MT256104,DRY,16,4/1/2026,6/30/2026,5/16/2026,1335,1335,0,0,1335,1335
USHOU,USLGB,CNDLC,"Houston, TX, USHOU","Long Beach, CA, USLGB","Dalian, 21, CNDLC",CNDLC,OOLU,OOCL,MT256104,DRY,16,4/1/2026,6/30/2026,5/16/2026,1335,1335,0,0,1335,1335
USHOU,USLAX,CNHUA,"Houston, TX, USHOU","Los Angeles, CA, USLAX","Huangpu Pt, 44, CNHUA",CNHUA,OOLU,OOCL,MT256104,DRY,16,4/1/2026,6/30/2026,5/16/2026,1275,1275,0,0,1275,1275
USHOU,USLGB,CNHUA,"Houston, TX, USHOU","Long Beach, CA, USLGB","Huangpu Pt, 44, CNHUA",CNHUA,OOLU,OOCL,MT256104,DRY,16,4/1/2026,6/30/2026,5/16/2026,1275,1275,0,0,1275,1275
USHOU,USLAX,CNKPN,"Houston, TX, USHOU","Los Angeles, CA, USLAX","Kaiping, 13, CNKPN",CNKPN,OOLU,OOCL,MT256104,DRY,16,4/1/2026,6/30/2026,5/16/2026,1305,1305,0,0,1305,1305
USHOU,USLGB,CNKPN,"Houston, TX, USHOU","Long Beach, CA, USLGB","Kaiping, 13, CNKPN",CNKPN,OOLU,OOCL,MT256104,DRY,16,4/1/2026,6/30/2026,5/16/2026,1305,1305,0,0,1305,1305
USHOU,USLAX,CNLYG,"Houston, TX, USHOU","Los Angeles, CA, USLAX","Lianyungang, 32, CNLYG",CNLYG,OOLU,OOCL,MT256104,DRY,16,4/1/2026,6/30/2026,5/16/2026,1965,1965,0,0,1965,1965
USHOU,USLGB,CNLYG,"Houston, TX, USHOU","Long Beach, CA, USLGB","Lianyungang, 32, CNLYG",CNLYG,OOLU,OOCL,MT256104,DRY,16,4/1/2026,6/30/2026,5/16/2026,1965,1965,0,0,1965,1965
USHOU,USLAX,CNNSA,"Houston, TX, USHOU","Los Angeles, CA, USLAX","Nansha Pt, 44, CNNSA",CNNSA,OOLU,OOCL,MT256104,DRY,16,4/1/2026,6/30/2026,5/16/2026,1235,1235,0,0,1235,1235
USHOU,USLGB,CNNSA,"Houston, TX, USHOU","Long Beach, CA, USLGB","Nansha Pt, 44, CNNSA",CNNSA,OOLU,OOCL,MT256104,DRY,16,4/1/2026,6/30/2026,5/16/2026,1235,1235,0,0,1235,1235
USHOU,USLAX,CNNBG,"Houston, TX, USHOU","Los Angeles, CA, USLAX","Ningbo Pt, 33, CNNBG",CNNBG,OOLU,OOCL,MT256104,DRY,16,4/1/2026,6/30/2026,5/16/2026,985,985,0,0,985,985
USHOU,USLGB,CNNBG,"Houston, TX, USHOU","Long Beach, CA, USLGB","Ningbo Pt, 33, CNNBG",CNNBG,OOLU,OOCL,MT256104,DRY,16,4/1/2026,6/30/2026,5/16/2026,985,985,0,0,985,985
USHOU,USLAX,CNTAO,"Houston, TX, USHOU","Los Angeles, CA, USLAX","Qingdao, 37, CNTAO",CNTAO,OOLU,OOCL,MT256104,DRY,16,4/1/2026,6/30/2026,5/16/2026,985,985,0,0,985,985
USHOU,USLGB,CNTAO,"Houston, TX, USHOU","Long Beach, CA, USLGB","Qingdao, 37, CNTAO",CNTAO,OOLU,OOCL,MT256104,DRY,16,4/1/2026,6/30/2026,5/16/2026,985,985,0,0,985,985
USHOU,USLAX,CNSBU,"Houston, TX, USHOU","Los Angeles, CA, USLAX","Sanbu Pt, 44, CNSBU",CNSBU,OOLU,OOCL,MT256104,DRY,16,4/1/2026,6/30/2026,5/16/2026,1305,1305,0,0,1305,1305
USHOU,USLGB,CNSBU,"Houston, TX, USHOU","Long Beach, CA, USLGB","Sanbu Pt, 44, CNSBU",CNSBU,OOLU,OOCL,MT256104,DRY,16,4/1/2026,6/30/2026,5/16/2026,1305,1305,0,0,1305,1305
USHOU,USLAX,CNSHA,"Houston, TX, USHOU","Los Angeles, CA, USLAX","Shanghai, 31, CNSHA",CNSHA,OOLU,OOCL,MT256104,DRY,16,4/1/2026,6/30/2026,5/16/2026,985,985,0,0,985,985
USHOU,USLGB,CNSHA,"Houston, TX, USHOU","Long Beach, CA, USLGB","Shanghai, 31, CNSHA",CNSHA,OOLU,OOCL,MT256104,DRY,16,4/1/2026,6/30/2026,5/16/2026,985,985,0,0,985,985
USHOU,USLAX,CNSHK,"Houston, TX, USHOU","Los Angeles, CA, USLAX","Shekou Pt, 44, CNSHK",CNSHK,OOLU,OOCL,MT256104,DRY,16,4/1/2026,6/30/2026,5/16/2026,1715,1715,0,0,1715,1715
USHOU,USLGB,CNSHK,"Houston, TX, USHOU","Long Beach, CA, USLGB","Shekou Pt, 44, CNSHK",CNSHK,OOLU,OOCL,MT256104,DRY,16,4/1/2026,6/30/2026,5/16/2026,1715,1715,0,0,1715,1715
USHOU,USLAX,CNXMN,"Houston, TX, USHOU","Los Angeles, CA, USLAX","Xiamen, 35, CNXMN",CNXMN,OOLU,OOCL,MT256104,DRY,16,4/1/2026,6/30/2026,5/16/2026,985,985,0,0,985,985
USHOU,USLGB,CNXMN,"Houston, TX, USHOU","Long Beach, CA, USLGB","Xiamen, 35, CNXMN",CNXMN,OOLU,OOCL,MT256104,DRY,16,4/1/2026,6/30/2026,5/16/2026,985,985,0,0,985,985
USHOU,USLAX,CNTXG,"Houston, TX, USHOU","Los Angeles, CA, USLAX","Tianjin Xingang Pt, 12, CNTXG",CNTXG,OOLU,OOCL,MT256104,DRY,16,4/1/2026,6/30/2026,5/16/2026,1235,1235,0,0,1235,1235
USHOU,USLGB,CNTXG,"Houston, TX, USHOU","Long Beach, CA, USLGB","Tianjin Xingang Pt, 12, CNTXG",CNTXG,OOLU,OOCL,MT256104,DRY,16,4/1/2026,6/30/2026,5/16/2026,1235,1235,0,0,1235,1235
USHOU,USLAX,CNYPG,"Houston, TX, USHOU","Los Angeles, CA, USLAX","Yangpu Pt, 46, CNYPG",CNYPG,OOLU,OOCL,MT256104,DRY,16,4/1/2026,6/30/2026,5/16/2026,985,985,0,0,985,985
USHOU,USLGB,CNYPG,"Houston, TX, USHOU","Long Beach, CA, USLGB","Yangpu Pt, 46, CNYPG",CNYPG,OOLU,OOCL,MT256104,DRY,16,4/1/2026,6/30/2026,5/16/2026,985,985,0,0,985,985
USHOU,USLAX,CNYTN,"Houston, TX, USHOU","Los Angeles, CA, USLAX","Yantian Pt, 44, CNYTN",CNYTN,OOLU,OOCL,MT256104,DRY,16,4/1/2026,6/30/2026,5/16/2026,985,985,0,0,985,985
USHOU,USLGB,CNYTN,"Houston, TX, USHOU","Long Beach, CA, USLGB","Yantian Pt, 44, CNYTN",CNYTN,OOLU,OOCL,MT256104,DRY,16,4/1/2026,6/30/2026,5/16/2026,985,985,0,0,985,985
USHOU,USLAX,THBKK,"Houston, TX, USHOU","Los Angeles, CA, USLAX","Bangkok, , THBKK",THBKK,OOLU,OOCL,MT256104,DRY,16,4/1/2026,6/30/2026,5/16/2026,1410,1410,0,0,1410,1410
USHOU,USLGB,THBKK,"Houston, TX, USHOU","Long Beach, CA, USLGB","Bangkok, , THBKK",THBKK,OOLU,OOCL,MT256104,DRY,16,4/1/2026,6/30/2026,5/16/2026,1410,1410,0,0,1410,1410
USHOU,USLAX,IDBLW,"Houston, TX, USHOU","Los Angeles, CA, USLAX","Belawan, , IDBLW",IDBLW,OOLU,OOCL,MT256104,DRY,16,4/1/2026,6/30/2026,5/16/2026,1460,1460,0,0,1460,1460
USHOU,USLGB,IDBLW,"Houston, TX, USHOU","Long Beach, CA, USLGB","Belawan, , IDBLW",IDBLW,OOLU,OOCL,MT256104,DRY,16,4/1/2026,6/30/2026,5/16/2026,1460,1460,0,0,1460,1460
USHOU,USLAX,KRPUS,"Houston, TX, USHOU","Los Angeles, CA, USLAX","Busan, 26, KRPUS",KRPUS,OOLU,OOCL,MT256104,DRY,16,4/1/2026,6/30/2026,5/16/2026,1060,1060,0,0,1060,1060
USHOU,USLGB,KRPUS,"Houston, TX, USHOU","Long Beach, CA, USLGB","Busan, 26, KRPUS",KRPUS,OOLU,OOCL,MT256104,DRY,16,4/1/2026,6/30/2026,5/16/2026,1060,1060,0,0,1060,1060
USHOU,USLAX,PHCEB,"Houston, TX, USHOU","Los Angeles, CA, USLAX","Cebu, , PHCEB",PHCEB,OOLU,OOCL,MT256104,DRY,16,4/1/2026,6/30/2026,5/16/2026,1645,1645,0,0,1645,1645
USHOU,USLGB,PHCEB,"Houston, TX, USHOU","Long Beach, CA, USLGB","Cebu, , PHCEB",PHCEB,OOLU,OOCL,MT256104,DRY,16,4/1/2026,6/30/2026,5/16/2026,1645,1645,0,0,1645,1645
USHOU,USLAX,VNHPH,"Houston, TX, USHOU","Los Angeles, CA, USLAX","Haiphong, , VNHPH",VNHPH,OOLU,OOCL,MT256104,DRY,16,4/1/2026,6/30/2026,5/16/2026,985,985,0,0,985,985
USHOU,USLGB,VNHPH,"Houston, TX, USHOU","Long Beach, CA, USLGB","Haiphong, , VNHPH",VNHPH,OOLU,OOCL,MT256104,DRY,16,4/1/2026,6/30/2026,5/16/2026,985,985,0,0,985,985
USHOU,USLAX,INHAL,"Houston, TX, USHOU","Los Angeles, CA, USLAX","Haldia, WB, INHAL",INHAL,OOLU,OOCL,MT256104,DRY,16,4/1/2026,6/30/2026,5/16/2026,3840,3840,0,0,3840,3840
USHOU,USLGB,INHAL,"Houston, TX, USHOU","Long Beach, CA, USLGB","Haldia, WB, INHAL",INHAL,OOLU,OOCL,MT256104,DRY,16,4/1/2026,6/30/2026,5/16/2026,3840,3840,0,0,3840,3840
USHOU,USLAX,VNSGN,"Houston, TX, USHOU","Los Angeles, CA, USLAX","Ho Chi Minh City, , VNSGN",VNSGN,OOLU,OOCL,MT256104,DRY,16,4/1/2026,6/30/2026,5/16/2026,1010,1010,0,0,1010,1010
USHOU,USLGB,VNSGN,"Houston, TX, USHOU","Long Beach, CA, USLGB","Ho Chi Minh City, , VNSGN",VNSGN,OOLU,OOCL,MT256104,DRY,16,4/1/2026,6/30/2026,5/16/2026,1010,1010,0,0,1010,1010
USHOU,USLAX,HKHKG,"Houston, TX, USHOU","Los Angeles, CA, USLAX","Hong Kong, , HKHKG",HKHKG,OOLU,OOCL,MT256104,DRY,16,4/1/2026,6/30/2026,5/16/2026,985,985,0,0,985,985
USHOU,USLGB,HKHKG,"Houston, TX, USHOU","Long Beach, CA, USLGB","Hong Kong, , HKHKG",HKHKG,OOLU,OOCL,MT256104,DRY,16,4/1/2026,6/30/2026,5/16/2026,985,985,0,0,985,985
USHOU,USLAX,IDJKT,"Houston, TX, USHOU","Los Angeles, CA, USLAX","Jakarta, JK, IDJKT",IDJKT,OOLU,OOCL,MT256104,DRY,16,4/1/2026,6/30/2026,5/16/2026,1460,1460,0,0,1460,1460
USHOU,USLGB,IDJKT,"Houston, TX, USHOU","Long Beach, CA, USLGB","Jakarta, JK, IDJKT",IDJKT,OOLU,OOCL,MT256104,DRY,16,4/1/2026,6/30/2026,5/16/2026,1460,1460,0,0,1460,1460
USHOU,USLAX,TWKHH,"Houston, TX, USHOU","Los Angeles, CA, USLAX","Kaohsiung, , TWKHH",TWKHH,OOLU,OOCL,MT256104,DRY,16,4/1/2026,6/30/2026,5/16/2026,985,985,0,0,985,985
USHOU,USLGB,TWKHH,"Houston, TX, USHOU","Long Beach, CA, USLGB","Kaohsiung, , TWKHH",TWKHH,OOLU,OOCL,MT256104,DRY,16,4/1/2026,6/30/2026,5/16/2026,985,985,0,0,985,985
USHOU,USLAX,INKTP,"Houston, TX, USHOU","Los Angeles, CA, USLAX","Kattupalli Port, TN, INKTP",INKTP,OOLU,OOCL,MT256104,DRY,16,4/1/2026,6/30/2026,5/16/2026,2060,2060,0,0,2060,2060
USHOU,USLGB,INKTP,"Houston, TX, USHOU","Long Beach, CA, USLGB","Kattupalli Port, TN, INKTP",INKTP,OOLU,OOCL,MT256104,DRY,16,4/1/2026,6/30/2026,5/16/2026,2060,2060,0,0,2060,2060
USHOU,USLAX,TWKEL,"Houston, TX, USHOU","Los Angeles, CA, USLAX","Keelung, , TWKEL",TWKEL,OOLU,OOCL,MT256104,DRY,16,4/1/2026,6/30/2026,5/16/2026,1165,1165,0,0,1165,1165
USHOU,USLGB,TWKEL,"Houston, TX, USHOU","Long Beach, CA, USLGB","Keelung, , TWKEL",TWKEL,OOLU,OOCL,MT256104,DRY,16,4/1/2026,6/30/2026,5/16/2026,1165,1165,0,0,1165,1165
USHOU,USLAX,INKOC,"Houston, TX, USHOU","Los Angeles, CA, USLAX","Kochi, , INKOC",INKOC,OOLU,OOCL,MT256104,DRY,16,4/1/2026,6/30/2026,5/16/2026,2910,2910,0,0,2910,2910
USHOU,USLGB,INKOC,"Houston, TX, USHOU","Long Beach, CA, USLGB","Kochi, , INKOC",INKOC,OOLU,OOCL,MT256104,DRY,16,4/1/2026,6/30/2026,5/16/2026,2910,2910,0,0,2910,2910
USHOU,USLAX,THLCH,"Houston, TX, USHOU","Los Angeles, CA, USLAX","Laem Chabang, 20, THLCH",THLCH,OOLU,OOCL,MT256104,DRY,16,4/1/2026,6/30/2026,5/16/2026,1010,1010,0,0,1010,1010
USHOU,USLGB,THLCH,"Houston, TX, USHOU","Long Beach, CA, USLGB","Laem Chabang, 20, THLCH",THLCH,OOLU,OOCL,MT256104,DRY,16,4/1/2026,6/30/2026,5/16/2026,1010,1010,0,0,1010,1010
USHOU,USLAX,THLKR,"Houston, TX, USHOU","Los Angeles, CA, USLAX","Lat Krabang, 10, THLKR",THLKR,OOLU,OOCL,MT256104,DRY,16,4/1/2026,6/30/2026,5/16/2026,1410,1410,0,0,1410,1410
USHOU,USLGB,THLKR,"Houston, TX, USHOU","Long Beach, CA, USLGB","Lat Krabang, 10, THLKR",THLKR,OOLU,OOCL,MT256104,DRY,16,4/1/2026,6/30/2026,5/16/2026,1410,1410,0,0,1410,1410
USHOU,USLAX,PHMNL,"Houston, TX, USHOU","Los Angeles, CA, USLAX","Manila, , PHMNL",PHMNL,OOLU,OOCL,MT256104,DRY,16,4/1/2026,6/30/2026,5/16/2026,1645,1645,0,0,1645,1645
USHOU,USLGB,PHMNL,"Houston, TX, USHOU","Long Beach, CA, USLGB","Manila, , PHMNL",PHMNL,OOLU,OOCL,MT256104,DRY,16,4/1/2026,6/30/2026,5/16/2026,1645,1645,0,0,1645,1645
USHOU,USLAX,INNSA,"Houston, TX, USHOU","Los Angeles, CA, USLAX","Nhava Sheva, MH, INNSA",INNSA,OOLU,OOCL,MT256104,DRY,16,4/1/2026,6/30/2026,5/16/2026,1540,1540,0,0,1540,1540
USHOU,USLGB,INNSA,"Houston, TX, USHOU","Long Beach, CA, USLGB","Nhava Sheva, MH, INNSA",INNSA,OOLU,OOCL,MT256104,DRY,16,4/1/2026,6/30/2026,5/16/2026,1540,1540,0,0,1540,1540
USHOU,USLAX,MYPGU,"Houston, TX, USHOU","Los Angeles, CA, USLAX","Pasir Gudang, Johor, , MYPGU",MYPGU,OOLU,OOCL,MT256104,DRY,16,4/1/2026,6/30/2026,5/16/2026,1640,1640,0,0,1640,1640
USHOU,USLGB,MYPGU,"Houston, TX, USHOU","Long Beach, CA, USLGB","Pasir Gudang, Johor, , MYPGU",MYPGU,OOLU,OOCL,MT256104,DRY,16,4/1/2026,6/30/2026,5/16/2026,1640,1640,0,0,1640,1640
USHOU,USLAX,MYPEN,"Houston, TX, USHOU","Los Angeles, CA, USLAX","Penang, , MYPEN",MYPEN,OOLU,OOCL,MT256104,DRY,16,4/1/2026,6/30/2026,5/16/2026,1235,1235,0,0,1235,1235
USHOU,USLGB,MYPEN,"Houston, TX, USHOU","Long Beach, CA, USLGB","Penang, , MYPEN",MYPEN,OOLU,OOCL,MT256104,DRY,16,4/1/2026,6/30/2026,5/16/2026,1235,1235,0,0,1235,1235
USHOU,USLAX,MYPKG,"Houston, TX, USHOU","Los Angeles, CA, USLAX","Port Klang, 10, MYPKG",MYPKG,OOLU,OOCL,MT256104,DRY,16,4/1/2026,6/30/2026,5/16/2026,1100,1100,0,0,1100,1100
USHOU,USLGB,MYPKG,"Houston, TX, USHOU","Long Beach, CA, USLGB","Port Klang, 10, MYPKG",MYPKG,OOLU,OOCL,MT256104,DRY,16,4/1/2026,6/30/2026,5/16/2026,1100,1100,0,0,1100,1100
USHOU,USLAX,INRJU,"Houston, TX, USHOU","Los Angeles, CA, USLAX","Rajula, GJ, INRJU",INRJU,OOLU,OOCL,MT256104,DRY,16,4/1/2026,6/30/2026,5/16/2026,2035,2035,0,0,2035,2035
USHOU,USLGB,INRJU,"Houston, TX, USHOU","Long Beach, CA, USLGB","Rajula, GJ, INRJU",INRJU,OOLU,OOCL,MT256104,DRY,16,4/1/2026,6/30/2026,5/16/2026,2035,2035,0,0,2035,2035
USHOU,USLAX,IDSRG,"Houston, TX, USHOU","Los Angeles, CA, USLAX","Semarang, JT, IDSRG",IDSRG,OOLU,OOCL,MT256104,DRY,16,4/1/2026,6/30/2026,5/16/2026,1460,1460,0,0,1460,1460
USHOU,USLGB,IDSRG,"Houston, TX, USHOU","Long Beach, CA, USLGB","Semarang, JT, IDSRG",IDSRG,OOLU,OOCL,MT256104,DRY,16,4/1/2026,6/30/2026,5/16/2026,1460,1460,0,0,1460,1460
USHOU,USLAX,KHKOS,"Houston, TX, USHOU","Los Angeles, CA, USLAX","Sihanoukville (Kampong Saom), , KHKOS",KHKOS,OOLU,OOCL,MT256104,DRY,16,4/1/2026,6/30/2026,5/16/2026,2315,2315,0,0,2315,2315
USHOU,USLGB,KHKOS,"Houston, TX, USHOU","Long Beach, CA, USLGB","Sihanoukville (Kampong Saom), , KHKOS",KHKOS,OOLU,OOCL,MT256104,DRY,16,4/1/2026,6/30/2026,5/16/2026,2315,2315,0,0,2315,2315
USHOU,USLAX,SGSIN,"Houston, TX, USHOU","Los Angeles, CA, USLAX","Singapore, , SGSIN",SGSIN,OOLU,OOCL,MT256104,DRY,16,4/1/2026,6/30/2026,5/16/2026,1160,1160,0,0,1160,1160
USHOU,USLGB,SGSIN,"Houston, TX, USHOU","Long Beach, CA, USLGB","Singapore, , SGSIN",SGSIN,OOLU,OOCL,MT256104,DRY,16,4/1/2026,6/30/2026,5/16/2026,1160,1160,0,0,1160,1160
USHOU,USLAX,IDSUB,"Houston, TX, USHOU","Los Angeles, CA, USLAX","Surabaya, JI, IDSUB",IDSUB,OOLU,OOCL,MT256104,DRY,16,4/1/2026,6/30/2026,5/16/2026,1460,1460,0,0,1460,1460
USHOU,USLGB,IDSUB,"Houston, TX, USHOU","Long Beach, CA, USLGB","Surabaya, JI, IDSUB",IDSUB,OOLU,OOCL,MT256104,DRY,16,4/1/2026,6/30/2026,5/16/2026,1460,1460,0,0,1460,1460
USHOU,USLAX,TWTXG,"Houston, TX, USHOU","Los Angeles, CA, USLAX","Taichung, , TWTXG",TWTXG,OOLU,OOCL,MT256104,DRY,16,4/1/2026,6/30/2026,5/16/2026,1165,1165,0,0,1165,1165
USHOU,USLGB,TWTXG,"Houston, TX, USHOU","Long Beach, CA, USLGB","Taichung, , TWTXG",TWTXG,OOLU,OOCL,MT256104,DRY,16,4/1/2026,6/30/2026,5/16/2026,1165,1165,0,0,1165,1165
USHOU,USLAX,TWTPE,"Houston, TX, USHOU","Los Angeles, CA, USLAX","Taipei, TPE, TWTPE",TWTPE,OOLU,OOCL,MT256104,DRY,16,4/1/2026,6/30/2026,5/16/2026,1085,1085,0,0,1085,1085
USHOU,USLGB,TWTPE,"Houston, TX, USHOU","Long Beach, CA, USLGB","Taipei, TPE, TWTPE",TWTPE,OOLU,OOCL,MT256104,DRY,16,4/1/2026,6/30/2026,5/16/2026,1085,1085,0,0,1085,1085
USHOU,USLAX,VNTTH,"Houston, TX, USHOU","Los Angeles, CA, USLAX","Tan Thanh, 43, VNTTH",VNTTH,OOLU,OOCL,MT256104,DRY,16,4/1/2026,6/30/2026,5/16/2026,960,960,0,0,960,960
USHOU,USLGB,VNTTH,"Houston, TX, USHOU","Long Beach, CA, USLGB","Tan Thanh, 43, VNTTH",VNTTH,OOLU,OOCL,MT256104,DRY,16,4/1/2026,6/30/2026,5/16/2026,960,960,0,0,960,960
USHOU,USLAX,INTUT,"Houston, TX, USHOU","Los Angeles, CA, USLAX","Tuticorin, TN, INTUT",INTUT,OOLU,OOCL,MT256104,DRY,16,4/1/2026,6/30/2026,5/16/2026,1660,1660,0,0,1660,1660
USHOU,USLGB,INTUT,"Houston, TX, USHOU","Long Beach, CA, USLGB","Tuticorin, TN, INTUT",INTUT,OOLU,OOCL,MT256104,DRY,16,4/1/2026,6/30/2026,5/16/2026,1660,1660,0,0,1660,1660
USHOU,USHOU,THBKK,"Houston, TX, USHOU","Houston, TX, USHOU","Bangkok, , THBKK",THBKK,OOLU,OOCL,MT256104,DRY,16,4/1/2026,6/30/2026,5/16/2026,833,833,0,0,833,833
USHOU,USHOU,IDBLW,"Houston, TX, USHOU","Houston, TX, USHOU","Belawan, , IDBLW",IDBLW,OOLU,OOCL,MT256104,DRY,16,4/1/2026,6/30/2026,5/16/2026,663,663,0,0,663,663
USHOU,USHOU,KRPUS,"Houston, TX, USHOU","Houston, TX, USHOU","Busan, 26, KRPUS",KRPUS,OOLU,OOCL,MT256104,DRY,16,4/1/2026,6/30/2026,5/16/2026,373,373,0,0,373,373
USHOU,USHOU,VNHPH,"Houston, TX, USHOU","Houston, TX, USHOU","Haiphong, , VNHPH",VNHPH,OOLU,OOCL,MT256104,DRY,16,4/1/2026,6/30/2026,5/16/2026,1913,1913,0,0,1913,1913
USHOU,USHOU,INHAL,"Houston, TX, USHOU","Houston, TX, USHOU","Haldia, WB, INHAL",INHAL,OOLU,OOCL,MT256104,DRY,16,4/1/2026,6/30/2026,5/16/2026,3458,3458,0,0,3458,3458
USHOU,USHOU,VNSGN,"Houston, TX, USHOU","Houston, TX, USHOU","Ho Chi Minh City, , VNSGN",VNSGN,OOLU,OOCL,MT256104,DRY,16,4/1/2026,6/30/2026,5/16/2026,473,473,0,0,473,473
USHOU,USHOU,HKHKG,"Houston, TX, USHOU","Houston, TX, USHOU","Hong Kong, , HKHKG",HKHKG,OOLU,OOCL,MT256104,DRY,16,4/1/2026,6/30/2026,5/16/2026,413,413,0,0,413,413
USHOU,USHOU,CNHUA,"Houston, TX, USHOU","Houston, TX, USHOU","Huangpu Pt, 44, CNHUA",CNHUA,OOLU,OOCL,MT256104,DRY,16,4/1/2026,6/30/2026,5/16/2026,600,600,0,0,600,600
USHOU,USHOU,IDJKT,"Houston, TX, USHOU","Houston, TX, USHOU","Jakarta, JK, IDJKT",IDJKT,OOLU,OOCL,MT256104,DRY,16,4/1/2026,6/30/2026,5/16/2026,663,663,0,0,663,663
USHOU,USHOU,CNKPN,"Houston, TX, USHOU","Houston, TX, USHOU","Kaiping, 13, CNKPN",CNKPN,OOLU,OOCL,MT256104,DRY,16,4/1/2026,6/30/2026,5/16/2026,693,693,0,0,693,693
USHOU,USHOU,INKTP,"Houston, TX, USHOU","Houston, TX, USHOU","Kattupalli Port, TN, INKTP",INKTP,OOLU,OOCL,MT256104,DRY,16,4/1/2026,6/30/2026,5/16/2026,1663,1663,0,0,1663,1663
USHOU,USHOU,INKOC,"Houston, TX, USHOU","Houston, TX, USHOU","Kochi, , INKOC",INKOC,OOLU,OOCL,MT256104,DRY,16,4/1/2026,6/30/2026,5/16/2026,3313,3313,0,0,3313,3313
USHOU,USHOU,THLCH,"Houston, TX, USHOU","Houston, TX, USHOU","Laem Chabang, 20, THLCH",THLCH,OOLU,OOCL,MT256104,DRY,16,4/1/2026,6/30/2026,5/16/2026,543,543,0,0,543,543
USHOU,USHOU,THLKR,"Houston, TX, USHOU","Houston, TX, USHOU","Lat Krabang, 10, THLKR",THLKR,OOLU,OOCL,MT256104,DRY,16,4/1/2026,6/30/2026,5/16/2026,833,833,0,0,833,833
USHOU,USHOU,CNNSA,"Houston, TX, USHOU","Houston, TX, USHOU","Nansha Pt, 44, CNNSA",CNNSA,OOLU,OOCL,MT256104,DRY,16,4/1/2026,6/30/2026,5/16/2026,460,460,0,0,460,460
USHOU,USHOU,INNSA,"Houston, TX, USHOU","Houston, TX, USHOU","Nhava Sheva, MH, INNSA",INNSA,OOLU,OOCL,MT256104,DRY,16,4/1/2026,6/30/2026,5/16/2026,1323,1323,0,0,1323,1323
USHOU,USHOU,CNNBG,"Houston, TX, USHOU","Houston, TX, USHOU","Ningbo Pt, 33, CNNBG",CNNBG,OOLU,OOCL,MT256104,DRY,16,4/1/2026,6/30/2026,5/16/2026,373,373,0,0,373,373
USHOU,USHOU,MYPGU,"Houston, TX, USHOU","Houston, TX, USHOU","Pasir Gudang, Johor, , MYPGU",MYPGU,OOLU,OOCL,MT256104,DRY,16,4/1/2026,6/30/2026,5/16/2026,1888,1888,0,0,1888,1888
USHOU,USHOU,MYPEN,"Houston, TX, USHOU","Houston, TX, USHOU","Penang, , MYPEN",MYPEN,OOLU,OOCL,MT256104,DRY,16,4/1/2026,6/30/2026,5/16/2026,1888,1888,0,0,1888,1888
USHOU,USHOU,MYPKG,"Houston, TX, USHOU","Houston, TX, USHOU","Port Klang, 10, MYPKG",MYPKG,OOLU,OOCL,MT256104,DRY,16,4/1/2026,6/30/2026,5/16/2026,698,698,0,0,698,698
USHOU,USHOU,INRJU,"Houston, TX, USHOU","Houston, TX, USHOU","Rajula, GJ, INRJU",INRJU,OOLU,OOCL,MT256104,DRY,16,4/1/2026,6/30/2026,5/16/2026,4233,4233,0,0,4233,4233
USHOU,USHOU,CNSBU,"Houston, TX, USHOU","Houston, TX, USHOU","Sanbu Pt, 44, CNSBU",CNSBU,OOLU,OOCL,MT256104,DRY,16,4/1/2026,6/30/2026,5/16/2026,693,693,0,0,693,693
USHOU,USHOU,IDSRG,"Houston, TX, USHOU","Houston, TX, USHOU","Semarang, JT, IDSRG",IDSRG,OOLU,OOCL,MT256104,DRY,16,4/1/2026,6/30/2026,5/16/2026,663,663,0,0,663,663
USHOU,USHOU,CNSHA,"Houston, TX, USHOU","Houston, TX, USHOU","Shanghai, 31, CNSHA",CNSHA,OOLU,OOCL,MT256104,DRY,16,4/1/2026,6/30/2026,5/16/2026,373,373,0,0,373,373
USHOU,USHOU,CNSHK,"Houston, TX, USHOU","Houston, TX, USHOU","Shekou Pt, 44, CNSHK",CNSHK,OOLU,OOCL,MT256104,DRY,16,4/1/2026,6/30/2026,5/16/2026,373,373,0,0,373,373
USHOU,USHOU,SGSIN,"Houston, TX, USHOU","Houston, TX, USHOU","Singapore, , SGSIN",SGSIN,OOLU,OOCL,MT256104,DRY,16,4/1/2026,6/30/2026,5/16/2026,373,373,0,0,373,373
USHOU,USHOU,IDSUB,"Houston, TX, USHOU","Houston, TX, USHOU","Surabaya, JI, IDSUB",IDSUB,OOLU,OOCL,MT256104,DRY,16,4/1/2026,6/30/2026,5/16/2026,663,663,0,0,663,663
USHOU,USHOU,VNTTH,"Houston, TX, USHOU","Houston, TX, USHOU","Tan Thanh, 43, VNTTH",VNTTH,OOLU,OOCL,MT256104,DRY,16,4/1/2026,6/30/2026,5/16/2026,373,373,0,0,373,373
USHOU,USHOU,INTUT,"Houston, TX, USHOU","Houston, TX, USHOU","Tuticorin, TN, INTUT",INTUT,OOLU,OOCL,MT256104,DRY,16,4/1/2026,6/30/2026,5/16/2026,2493,2493,0,0,2493,2493
USHOU,USHOU,CNXMN,"Houston, TX, USHOU","Houston, TX, USHOU","Xiamen, 35, CNXMN",CNXMN,OOLU,OOCL,MT256104,DRY,16,4/1/2026,6/30/2026,5/16/2026,373,373,0,0,373,373
USHOU,USHOU,CNYTN,"Houston, TX, USHOU","Houston, TX, USHOU","Yantian Pt, 44, CNYTN",CNYTN,OOLU,OOCL,MT256104,DRY,16,4/1/2026,6/30/2026,5/16/2026,373,373,0,0,373,373
USHOU,USLAX,VNCMT,"Houston, TX, USHOU","Los Angeles, CA, USLAX","Cai Mep Terminal, 43, VNCMT",VNCMT,YMJA,YML,051625,DRY,10,5/13/2026,6/30/2026,5/16/2026,1250,1250,0,0,1250,1250
USHOU,USHOU,VNCLI,"Houston, TX, USHOU","Houston, TX, USHOU","Cat Lai, 65, VNCLI",VNCLI,YMJA,YML,051625,DRY,10,5/13/2026,6/30/2026,5/16/2026,500,500,0,0,500,500
USHOU,USHOU,VNDAD,"Houston, TX, USHOU","Houston, TX, USHOU","Da Nang, , VNDAD",VNDAD,YMJA,YML,051625,DRY,10,5/13/2026,6/30/2026,5/16/2026,850,850,0,0,850,850
USHOU,USHOU,VNHPH,"Houston, TX, USHOU","Houston, TX, USHOU","Haiphong, , VNHPH",VNHPH,YMJA,YML,051625,DRY,10,5/13/2026,6/30/2026,5/16/2026,350,350,0,0,350,350
USHOU,USHOU,HKHKG,"Houston, TX, USHOU","Houston, TX, USHOU","Hong Kong, , HKHKG",HKHKG,YMJA,YML,051625,DRY,10,5/13/2026,6/30/2026,5/16/2026,450,450,0,0,450,450
USHOU,USHOU,HKHKG,"Houston, TX, USHOU","Houston, TX, USHOU","Hong Kong, , HKHKG",HKHKG,YMJA,YML,051625,DRY,10,5/13/2026,6/30/2026,5/16/2026,300,300,0,0,300,300
USHOU,USHOU,HKHKG,"Houston, TX, USHOU","Houston, TX, USHOU","Hong Kong, , HKHKG",CNYTN,YMJA,YML,051625,DRY,10,5/13/2026,6/30/2026,5/16/2026,450,450,0,0,450,450
USHOU,USHOU,CNHUA,"Houston, TX, USHOU","Houston, TX, USHOU","Huangpu Pt, 44, CNHUA",CNHUA,YMJA,YML,051625,DRY,10,5/13/2026,6/30/2026,5/16/2026,550,550,0,0,550,550
USHOU,USHOU,CNGZG,"Houston, TX, USHOU","Houston, TX, USHOU","Guangzhou Pt, 22, CNGZG",CNGZG,YMJA,YML,051625,DRY,10,5/13/2026,6/30/2026,5/16/2026,550,550,0,0,550,550
USHOU,USLAX,KRINC,"Houston, TX, USHOU","Los Angeles, CA, USLAX","Incheon, 28, KRINC",KRINC,YMJA,YML,051625,DRY,10,5/13/2026,6/30/2026,5/16/2026,1250,1250,0,0,1250,1250
USHOU,USLAX,KRINC,"Houston, TX, USHOU","Los Angeles, CA, USLAX","Incheon, 28, KRINC",KRPUS,YMJA,YML,051625,DRY,10,5/13/2026,6/30/2026,5/16/2026,2055,2055,0,0,2055,2055
USHOU,USLAX,KRINC,"Houston, TX, USHOU","Los Angeles, CA, USLAX","Incheon, 28, KRINC",KRKAN,YMJA,YML,051625,DRY,10,5/13/2026,6/30/2026,5/16/2026,2055,2055,0,0,2055,2055
USHOU,USHOU,IDJKT,"Houston, TX, USHOU","Houston, TX, USHOU","Jakarta, JK, IDJKT",IDJKT,YMJA,YML,051625,DRY,10,5/13/2026,6/30/2026,5/16/2026,1700,1700,0,0,1700,1700
USHOU,USHOU,TWKHH,"Houston, TX, USHOU","Houston, TX, USHOU","Kaohsiung, , TWKHH",TWKHH,YMJA,YML,051625,DRY,10,5/13/2026,6/30/2026,5/16/2026,400,400,0,0,400,400
USHOU,USLAX,TWKHH,"Houston, TX, USHOU","Los Angeles, CA, USLAX","Kaohsiung, , TWKHH",TWKHH,YMJA,YML,051625,DRY,10,5/13/2026,6/30/2026,5/16/2026,1100,1100,0,0,1100,1100
USHOU,USHOU,TWKHH,"Houston, TX, USHOU","Houston, TX, USHOU","Kaohsiung, , TWKHH",TWKHH,YMJA,YML,051625,DRY,10,5/13/2026,6/30/2026,5/16/2026,600,600,0,0,600,600
USHOU,USHOU,TWKHH,"Houston, TX, USHOU","Houston, TX, USHOU","Kaohsiung, , TWKHH",TWKHH,YMJA,YML,051625,DRY,10,5/13/2026,6/30/2026,5/16/2026,300,300,0,0,300,300
USHOU,USLAX,TWKEL,"Houston, TX, USHOU","Los Angeles, CA, USLAX","Keelung, , TWKEL",TWKEL,YMJA,YML,051625,DRY,10,5/13/2026,6/30/2026,5/16/2026,1100,1100,0,0,1100,1100
USHOU,USHOU,TWKEL,"Houston, TX, USHOU","Houston, TX, USHOU","Keelung, , TWKEL",TWKHH,YMJA,YML,051625,DRY,10,5/13/2026,6/30/2026,5/16/2026,750,750,0,0,750,750
USHOU,USHOU,TWKEL,"Houston, TX, USHOU","Houston, TX, USHOU","Keelung, , TWKEL",TWKEL,YMJA,YML,051625,DRY,10,5/13/2026,6/30/2026,5/16/2026,450,450,0,0,450,450
USHOU,USLAX,JPUKB,"Houston, TX, USHOU","Los Angeles, CA, USLAX","Kobe, 28, JPUKB",JPUKB,YMJA,YML,051625,DRY,10,5/13/2026,6/30/2026,5/16/2026,1250,1250,0,0,1250,1250
USHOU,USLAX,KRKAN,"Houston, TX, USHOU","Los Angeles, CA, USLAX","Gwangyang, 46, KRKAN",KRKAN,YMJA,YML,051625,DRY,10,5/13/2026,6/30/2026,5/16/2026,1250,1250,0,0,1250,1250
USHOU,USLAX,VNNHD,"Houston, TX, USHOU","Los Angeles, CA, USLAX","Nam Hai Dinh Vu Port, HP, VNNHD",VNNHD,YMJA,YML,051625,DRY,10,5/13/2026,6/30/2026,5/16/2026,1250,1250,0,0,1250,1250
USHOU,USHOU,THLCH,"Houston, TX, USHOU","Houston, TX, USHOU","Laem Chabang, 20, THLCH",THLCH,YMJA,YML,051625,DRY,10,5/13/2026,6/30/2026,5/16/2026,500,500,0,0,500,500
USHOU,USLAX,JPNGO,"Houston, TX, USHOU","Los Angeles, CA, USLAX","Nagoya, Aichi, 23, JPNGO",JPNGO,YMJA,YML,051625,DRY,10,5/13/2026,6/30/2026,5/16/2026,1250,1250,0,0,1250,1250
USHOU,USHOU,CNNSA,"Houston, TX, USHOU","Houston, TX, USHOU","Nansha Pt, 44, CNNSA",CNNSA,YMJA,YML,051625,DRY,10,5/13/2026,6/30/2026,5/16/2026,700,700,0,0,700,700
USHOU,USHOU,CNNBG,"Houston, TX, USHOU","Houston, TX, USHOU","Ningbo Pt, 33, CNNBG",CNNBG,YMJA,YML,051625,DRY,10,5/13/2026,6/30/2026,5/16/2026,500,500,0,0,500,500
USHOU,USHOU,CNNBG,"Houston, TX, USHOU","Houston, TX, USHOU","Ningbo Pt, 33, CNNBG",CNNBG,YMJA,YML,051625,DRY,10,5/13/2026,6/30/2026,5/16/2026,350,350,0,0,350,350
USHOU,USLAX,KRPUS,"Houston, TX, USHOU","Los Angeles, CA, USLAX","Busan, 26, KRPUS",KRPUS,YMJA,YML,051625,DRY,10,5/13/2026,6/30/2026,5/16/2026,1250,1250,0,0,1250,1250
USHOU,USHOU,KRPUS,"Houston, TX, USHOU","Houston, TX, USHOU","Busan, 26, KRPUS",KRPUS,YMJA,YML,051625,DRY,10,5/13/2026,6/30/2026,5/16/2026,650,650,0,0,650,650
USHOU,USLAX,CNTAO,"Houston, TX, USHOU","Los Angeles, CA, USLAX","Qingdao, 37, CNTAO",CNTAO,YMJA,YML,051625,DRY,10,5/13/2026,6/30/2026,5/16/2026,1250,1250,0,0,1250,1250
USHOU,USHOU,CNSHA,"Houston, TX, USHOU","Houston, TX, USHOU","Shanghai, 31, CNSHA",CNSHA,YMJA,YML,051625,DRY,10,5/13/2026,6/30/2026,5/16/2026,500,500,0,0,500,500
USHOU,USHOU,CNSHA,"Houston, TX, USHOU","Houston, TX, USHOU","Shanghai, 31, CNSHA",CNSHA,YMJA,YML,051625,DRY,10,5/13/2026,6/30/2026,5/16/2026,350,350,0,0,350,350
USHOU,USLAX,CNSHK,"Houston, TX, USHOU","Los Angeles, CA, USLAX","Shekou Pt, 44, CNSHK",CNSHK,YMJA,YML,051625,DRY,10,5/13/2026,6/30/2026,5/16/2026,1250,1250,0,0,1250,1250
USHOU,USHOU,CNSHK,"Houston, TX, USHOU","Houston, TX, USHOU","Shekou Pt, 44, CNSHK",CNSHK,YMJA,YML,051625,DRY,10,5/13/2026,6/30/2026,5/16/2026,650,650,0,0,650,650
USHOU,USLAX,JPSMZ,"Houston, TX, USHOU","Los Angeles, CA, USLAX","Shimizu, 22, JPSMZ",JPSMZ,YMJA,YML,051625,DRY,10,5/13/2026,6/30/2026,5/16/2026,1250,1250,0,0,1250,1250
USHOU,USLAX,SGSIN,"Houston, TX, USHOU","Los Angeles, CA, USLAX","Singapore, , SGSIN",SGSIN,YMJA,YML,051625,DRY,10,5/13/2026,6/30/2026,5/16/2026,1250,1250,0,0,1250,1250
USHOU,USHOU,IDSUB,"Houston, TX, USHOU","Houston, TX, USHOU","Surabaya, JI, IDSUB",IDSUB,YMJA,YML,051625,DRY,10,5/13/2026,6/30/2026,5/16/2026,1350,1350,0,0,1350,1350
USHOU,USHOU,TWTXG,"Houston, TX, USHOU","Houston, TX, USHOU","Taichung, , TWTXG",TWTXG,YMJA,YML,051625,DRY,10,5/13/2026,6/30/2026,5/16/2026,350,350,0,0,350,350
USHOU,USHOU,TWTYN,"Houston, TX, USHOU","Houston, TX, USHOU","Taoyuan, , TWTYN",TWTYN,YMJA,YML,051625,DRY,10,5/13/2026,6/30/2026,5/16/2026,800,800,0,0,800,800
USHOU,USLAX,JPTYO,"Houston, TX, USHOU","Los Angeles, CA, USLAX","Tokyo, 13, JPTYO",JPTYO,YMJA,YML,051625,DRY,10,5/13/2026,6/30/2026,5/16/2026,1250,1250,0,0,1250,1250
USHOU,USLAX,CNXMN,"Houston, TX, USHOU","Los Angeles, CA, USLAX","Xiamen, 35, CNXMN",CNXMN,YMJA,YML,051625,DRY,10,5/13/2026,6/30/2026,5/16/2026,1250,1250,0,0,1250,1250
USHOU,USLAX,CNTXG,"Houston, TX, USHOU","Los Angeles, CA, USLAX","Tianjin Xingang Pt, 12, CNTXG",CNTXG,YMJA,YML,051625,DRY,10,5/13/2026,6/30/2026,5/16/2026,1250,1250,0,0,1250,1250
USHOU,USHOU,CNYTN,"Houston, TX, USHOU","Houston, TX, USHOU","Yantian Pt, 44, CNYTN",CNYTN,YMJA,YML,051625,DRY,10,5/13/2026,6/30/2026,5/16/2026,450,450,0,0,450,450
USHOU,USHOU,CNYTN,"Houston, TX, USHOU","Houston, TX, USHOU","Yantian Pt, 44, CNYTN",CNYTN,YMJA,YML,051625,DRY,10,5/13/2026,6/30/2026,5/16/2026,350,350,0,0,350,350
USOAK,USOAK,CNDLC,"Oakland, CA, USOAK","Oakland, CA, USOAK","Dalian, 21, CNDLC",CNDLC,MAEU,Maersk,300094432,DRY,0,4/1/2026,9/30/2026,3/24/2026,254,254,0,0,254,254
USOAK,USOAK,CNFZG,"Oakland, CA, USOAK","Oakland, CA, USOAK","Fuzhou Pt, 23, CNFZG",CNFZG,MAEU,Maersk,300094432,DRY,0,4/1/2026,9/30/2026,3/24/2026,712,712,0,0,712,712
USOAK,USOAK,CNGOM,"Oakland, CA, USOAK","Oakland, CA, USOAK","Gaoming Pt, 44, CNGOM",CNGOM,MAEU,Maersk,300094432,DRY,0,4/1/2026,9/30/2026,3/24/2026,631,631,0,0,631,631
USOAK,USOAK,CNHUA,"Oakland, CA, USOAK","Oakland, CA, USOAK","Huangpu Pt, 44, CNHUA",CNHUA,MAEU,Maersk,300094432,DRY,0,4/1/2026,9/30/2026,3/24/2026,301,301,0,0,301,301
USOAK,USOAK,CNJIU,"Oakland, CA, USOAK","Oakland, CA, USOAK","Jiujiang Pt, 36, CNJIU",CNJIU,MAEU,Maersk,300094432,DRY,0,4/1/2026,9/30/2026,3/24/2026,1295,1295,0,0,1295,1295
USOAK,USOAK,CNJMN,"Oakland, CA, USOAK","Oakland, CA, USOAK","Jiangmen Pt, 44, CNJMN",CNJMN,MAEU,Maersk,300094432,DRY,0,4/1/2026,9/30/2026,3/24/2026,601,601,0,0,601,601
USOAK,USOAK,CNNBG,"Oakland, CA, USOAK","Oakland, CA, USOAK","Ningbo Pt, 33, CNNBG",CNNBG,MAEU,Maersk,300094432,DRY,0,4/1/2026,9/30/2026,3/24/2026,279,279,0,0,279,279
USOAK,USOAK,CNNTG,"Oakland, CA, USOAK","Oakland, CA, USOAK","Nantong Pt, 32, CNNTG",CNNTG,MAEU,Maersk,300094432,DRY,0,4/1/2026,9/30/2026,3/24/2026,604,604,0,0,604,604
USOAK,USOAK,CNTAO,"Oakland, CA, USOAK","Oakland, CA, USOAK","Qingdao, 37, CNTAO",CNTAO,MAEU,Maersk,300094432,DRY,0,4/1/2026,9/30/2026,3/24/2026,117,117,0,0,117,117
USOAK,USOAK,CNQZH,"Oakland, CA, USOAK","Oakland, CA, USOAK","Qinzhou Pt, 45, CNQZH",CNQZH,MAEU,Maersk,300094432,DRY,0,4/1/2026,9/30/2026,3/24/2026,1304,1304,0,0,1304,1304
USOAK,USOAK,CNRUG,"Oakland, CA, USOAK","Oakland, CA, USOAK","Rugao Pt, 32, CNRUG",CNRUG,MAEU,Maersk,300094432,DRY,0,4/1/2026,9/30/2026,3/24/2026,504,504,0,0,504,504
USOAK,USOAK,CNSHA,"Oakland, CA, USOAK","Oakland, CA, USOAK","Shanghai, 31, CNSHA",CNSHA,MAEU,Maersk,300094432,DRY,0,4/1/2026,9/30/2026,3/24/2026,92,92,0,0,92,92
USOAK,USOAK,CNTXG,"Oakland, CA, USOAK","Oakland, CA, USOAK","Tianjin Xingang Pt, 12, CNTXG",CNTXG,MAEU,Maersk,300094432,DRY,0,4/1/2026,9/30/2026,3/24/2026,254,254,0,0,254,254
USOAK,USOAK,CNWHG,"Oakland, CA, USOAK","Oakland, CA, USOAK","Wuhan Pt, 42, CNWHG",CNWHG,MAEU,Maersk,300094432,DRY,0,4/1/2026,9/30/2026,3/24/2026,679,679,0,0,679,679
USOAK,USOAK,CNXMN,"Oakland, CA, USOAK","Oakland, CA, USOAK","Xiamen, 35, CNXMN",CNXMN,MAEU,Maersk,300094432,DRY,0,4/1/2026,9/30/2026,3/24/2026,304,304,0,0,304,304
USOAK,USOAK,CNZHU,"Oakland, CA, USOAK","Oakland, CA, USOAK","Zhuao, 41, CNZHU",CNZHU,MAEU,Maersk,300094432,DRY,0,4/1/2026,9/30/2026,3/24/2026,591,591,0,0,591,591
USOAK,USOAK,CNZJG,"Oakland, CA, USOAK","Oakland, CA, USOAK","Zhangjiagang, 32, CNZJG",CNZJG,MAEU,Maersk,300094432,DRY,0,4/1/2026,9/30/2026,3/24/2026,924,924,0,0,924,924
USOAK,USOAK,CNZNG,"Oakland, CA, USOAK","Oakland, CA, USOAK","Zhanjiang Pt, 44, CNZNG",CNZNG,MAEU,Maersk,300094432,DRY,0,4/1/2026,9/30/2026,3/24/2026,731,731,0,0,731,731
USOAK,USOAK,HKHKG,"Oakland, CA, USOAK","Oakland, CA, USOAK","Hong Kong, , HKHKG",HKHKG,MAEU,Maersk,300094432,DRY,0,4/1/2026,9/30/2026,3/24/2026,284,284,0,0,284,284
USOAK,USOAK,IDJKT,"Oakland, CA, USOAK","Oakland, CA, USOAK","Jakarta, JK, IDJKT",IDJKT,MAEU,Maersk,300094432,DRY,0,4/1/2026,9/30/2026,3/24/2026,964,964,0,0,964,964
USOAK,USOAK,IDSRG,"Oakland, CA, USOAK","Oakland, CA, USOAK","Semarang, JT, IDSRG",IDSRG,MAEU,Maersk,300094432,DRY,0,4/1/2026,9/30/2026,3/24/2026,574,574,0,0,574,574
USOAK,USOAK,IDSUB,"Oakland, CA, USOAK","Oakland, CA, USOAK","Surabaya, JI, IDSUB",IDSUB,MAEU,Maersk,300094432,DRY,0,4/1/2026,9/30/2026,3/24/2026,964,964,0,0,964,964
USOAK,USOAK,JPNGO,"Oakland, CA, USOAK","Oakland, CA, USOAK","Nagoya, Aichi, 23, JPNGO",JPNGO,MAEU,Maersk,300094432,DRY,0,4/1/2026,9/30/2026,3/24/2026,564,564,0,0,564,564
USOAK,USOAK,JPOSA,"Oakland, CA, USOAK","Oakland, CA, USOAK","Osaka, 27, JPOSA","Kobe, JP",MAEU,Maersk,300094432,DRY,0,4/1/2026,9/30/2026,3/24/2026,844,0,0,0,844,0
USOAK,USOAK,JPTYO,"Oakland, CA, USOAK","Oakland, CA, USOAK","Tokyo, 13, JPTYO",JPTYO,MAEU,Maersk,300094432,DRY,0,4/1/2026,9/30/2026,3/24/2026,454,454,0,0,454,454
USOAK,USOAK,JPUKB,"Oakland, CA, USOAK","Oakland, CA, USOAK","Kobe, 28, JPUKB",JPUKB,MAEU,Maersk,300094432,DRY,0,4/1/2026,9/30/2026,3/24/2026,331,331,0,0,331,331
USOAK,USOAK,JPYKK,"Oakland, CA, USOAK","Oakland, CA, USOAK","Yokkaichi, 24, JPYKK","Nagoya, JP",MAEU,Maersk,300094432,DRY,0,4/1/2026,9/30/2026,3/24/2026,851.18,851.18,0,0,851.18,851.18
USOAK,USOAK,KRPUS,"Oakland, CA, USOAK","Oakland, CA, USOAK","Busan, 26, KRPUS",KRPUS,MAEU,Maersk,300094432,DRY,0,4/1/2026,9/30/2026,3/24/2026,234,234,0,0,234,234
USOAK,USOAK,MYPEN,"Oakland, CA, USOAK","Oakland, CA, USOAK","Penang, , MYPEN",MYPEN,MAEU,Maersk,300094432,DRY,0,4/1/2026,9/30/2026,3/24/2026,1027,1027,0,0,1027,1027
USOAK,USOAK,MYPGU,"Oakland, CA, USOAK","Oakland, CA, USOAK","Pasir Gudang, Johor, , MYPGU","Tanjung Pelepas, MY",MAEU,Maersk,300094432,DRY,0,4/1/2026,9/30/2026,3/24/2026,591,591,0,0,591,591
USOAK,USOAK,MYPKG,"Oakland, CA, USOAK","Oakland, CA, USOAK","Port Klang, 10, MYPKG",MYPKG,MAEU,Maersk,300094432,DRY,0,4/1/2026,9/30/2026,3/24/2026,751,751,0,0,751,751
USOAK,USOAK,MYTPP,"Oakland, CA, USOAK","Oakland, CA, USOAK","Tanjung Pelepas, 1, MYTPP",MYTPP,MAEU,Maersk,300094432,DRY,0,4/1/2026,9/30/2026,3/24/2026,691,691,0,0,691,691
USOAK,USOAK,PHMNL,"Oakland, CA, USOAK","Oakland, CA, USOAK","Manila, , PHMNL",PHMNL,MAEU,Maersk,300094432,DRY,0,4/1/2026,9/30/2026,3/24/2026,801,801,0,0,801,801
USOAK,USOAK,THBKK,"Oakland, CA, USOAK","Oakland, CA, USOAK","Bangkok, , THBKK","Laem Chabang, TH",MAEU,Maersk,300094432,DRY,0,4/1/2026,9/30/2026,3/24/2026,374,374,0,0,374,374
USOAK,USOAK,THLCH,"Oakland, CA, USOAK","Oakland, CA, USOAK","Laem Chabang, 20, THLCH",THLCH,MAEU,Maersk,300094432,DRY,0,4/1/2026,9/30/2026,3/24/2026,374,374,0,0,374,374
USOAK,USOAK,TWKEL,"Oakland, CA, USOAK","Oakland, CA, USOAK","Keelung, , TWKEL",TWKEL,MAEU,Maersk,300094432,DRY,0,4/1/2026,9/30/2026,3/24/2026,734,734,0,0,734,734
USOAK,USOAK,TWKHH,"Oakland, CA, USOAK","Oakland, CA, USOAK","Kaohsiung, , TWKHH",TWKHH,MAEU,Maersk,300094432,DRY,0,4/1/2026,9/30/2026,3/24/2026,484,484,0,0,484,484
USOAK,USOAK,TWTXG,"Oakland, CA, USOAK","Oakland, CA, USOAK","Taichung, , TWTXG",TWTXG,MAEU,Maersk,300094432,DRY,0,4/1/2026,9/30/2026,3/24/2026,477,477,0,0,477,477
USOAK,USOAK,TWTYN,"Oakland, CA, USOAK","Oakland, CA, USOAK","Taoyuan, , TWTYN","Keelung, TW",MAEU,Maersk,300094432,DRY,0,4/1/2026,9/30/2026,3/24/2026,834,834,0,0,834,834
USOAK,USOAK,VNDAD,"Oakland, CA, USOAK","Oakland, CA, USOAK","Da Nang, , VNDAD",VNDAD,MAEU,Maersk,300094432,DRY,0,4/1/2026,9/30/2026,3/24/2026,434,434,0,0,434,434
USOAK,USOAK,VNSGN,"Oakland, CA, USOAK","Oakland, CA, USOAK","Ho Chi Minh City, , VNSGN",VNSGN,MAEU,Maersk,300094432,DRY,0,4/1/2026,9/30/2026,3/24/2026,381,381,0,0,381,381
USOAK,USOAK,VNVUT,"Oakland, CA, USOAK","Oakland, CA, USOAK","Vung Tau, 43, VNVUT",VNVUT,MAEU,Maersk,300094432,DRY,0,4/1/2026,9/30/2026,3/24/2026,384,384,0,0,384,384
USOAK,USOAK,MXLZC,"Oakland, CA, USOAK","Oakland, CA, USOAK","Lazaro Cardenas, MIC, MXLZC",MXLZC,ONEY,ONE,CHIM354B25,DRY,15,5/16/2026,6/30/2026,5/6/2026,1950,1950,0,0,1950,1950
USOAK,USOAK,MXZLO,"Oakland, CA, USOAK","Oakland, CA, USOAK","Manzanillo, COL, MXZLO",MXZLO,ONEY,ONE,CHIM354B25,DRY,15,5/16/2026,6/30/2026,5/6/2026,1950,1950,0,0,1950,1950
USOAK,USOAK,CLARI,"Oakland, CA, USOAK","Oakland, CA, USOAK","Arica, TA, CLARI",CLARI,ONEY,ONE,CHIM354B25,DRY,15,5/16/2026,6/30/2026,5/6/2026,2450,2450,0,0,2450,2450
USOAK,USOAK,ECGYE,"Oakland, CA, USOAK","Oakland, CA, USOAK","Guayaquil, G, ECGYE",ECGYE,ONEY,ONE,CHIM354B25,DRY,15,5/16/2026,6/30/2026,5/6/2026,1850,1850,0,0,1850,1850
USOAK,USOAK,CNAQG,"Oakland, CA, USOAK","Oakland, CA, USOAK","Anqing Pt, 34, CNAQG",CNAQG,ONEY,ONE,CHIM354B25,DRY,15,5/16/2026,6/30/2026,5/6/2026,850,850,0,0,850,850
USOAK,USOAK,CNCAN,"Oakland, CA, USOAK","Oakland, CA, USOAK","Guangzhou Baiyun, 44, CNCAN",CNCAN,ONEY,ONE,CHIM354B25,DRY,15,5/16/2026,6/30/2026,5/6/2026,925,925,0,0,925,925
USOAK,USOAK,CNCGU,"Oakland, CA, USOAK","Oakland, CA, USOAK","Changshu, 32, CNCGU",CNCGU,ONEY,ONE,CHIM354B25,DRY,15,5/16/2026,6/30/2026,5/6/2026,750,750,0,0,750,750
USOAK,USOAK,CNCKG,"Oakland, CA, USOAK","Oakland, CA, USOAK","Chongqing Jiangbei, 51, CNCKG",CNCKG,ONEY,ONE,CHIM354B25,DRY,15,5/16/2026,6/30/2026,5/6/2026,1100,1100,0,0,1100,1100
USOAK,USOAK,CNDOU,"Oakland, CA, USOAK","Oakland, CA, USOAK","Doumen Pt, 44, CNDOU",CNDOU,ONEY,ONE,CHIM354B25,DRY,15,5/16/2026,6/30/2026,5/6/2026,825,825,0,0,825,825
USOAK,USOAK,CNFOC,"Oakland, CA, USOAK","Oakland, CA, USOAK","Fuzhou Changle, 35, CNFOC",CNFOC,ONEY,ONE,CHIM354B25,DRY,15,5/16/2026,6/30/2026,5/6/2026,950,950,0,0,950,950
USOAK,USOAK,CNGON,"Oakland, CA, USOAK","Oakland, CA, USOAK","Gaolan, 44, CNGON",CNGON,ONEY,ONE,CHIM354B25,DRY,15,5/16/2026,6/30/2026,5/6/2026,875,875,0,0,875,875
USOAK,USOAK,CNHUA,"Oakland, CA, USOAK","Oakland, CA, USOAK","Huangpu Pt, 44, CNHUA",CNHUA,ONEY,ONE,CHIM354B25,DRY,15,5/16/2026,6/30/2026,5/6/2026,760,760,0,0,760,760
USOAK,USOAK,CNLYG,"Oakland, CA, USOAK","Oakland, CA, USOAK","Lianyungang, 32, CNLYG",CNLYG,ONEY,ONE,CHIM354B25,DRY,15,5/16/2026,6/30/2026,5/6/2026,790,790,0,0,790,790
USOAK,USOAK,CNNBG,"Oakland, CA, USOAK","Oakland, CA, USOAK","Ningbo Pt, 33, CNNBG",CNNBG,ONEY,ONE,CHIM354B25,DRY,15,5/16/2026,6/30/2026,5/6/2026,560,560,0,0,560,560
USOAK,USOAK,CNNKG,"Oakland, CA, USOAK","Oakland, CA, USOAK","Nanjing Lukou, 32, CNNKG",CNNKG,ONEY,ONE,CHIM354B25,DRY,15,5/16/2026,6/30/2026,5/6/2026,635,635,0,0,635,635
USOAK,USOAK,CNNSA,"Oakland, CA, USOAK","Oakland, CA, USOAK","Nansha Pt, 44, CNNSA",CNNSA,ONEY,ONE,CHIM354B25,DRY,15,5/16/2026,6/30/2026,5/6/2026,800,800,0,0,800,800
USOAK,USOAK,CNNTG,"Oakland, CA, USOAK","Oakland, CA, USOAK","Nantong Pt, 32, CNNTG",CNNTG,ONEY,ONE,CHIM354B25,DRY,15,5/16/2026,6/30/2026,5/6/2026,610,610,0,0,610,610
USOAK,USOAK,CNTAO,"Oakland, CA, USOAK","Oakland, CA, USOAK","Qingdao, 37, CNTAO",CNTAO,ONEY,ONE,CHIM354B25,DRY,15,5/16/2026,6/30/2026,5/6/2026,575,575,0,0,575,575
USOAK,USOAK,CNSHA,"Oakland, CA, USOAK","Oakland, CA, USOAK","Shanghai, 31, CNSHA",CNSHA,ONEY,ONE,CHIM354B25,DRY,15,5/16/2026,6/30/2026,5/6/2026,560,560,0,0,560,560
USOAK,USOAK,CNSHK,"Oakland, CA, USOAK","Oakland, CA, USOAK","Shekou Pt, 44, CNSHK",CNSHK,ONEY,ONE,CHIM354B25,DRY,15,5/16/2026,6/30/2026,5/6/2026,480,480,0,0,480,480
USOAK,USOAK,CNTXG,"Oakland, CA, USOAK","Oakland, CA, USOAK","Tianjin Xingang Pt, 12, CNTXG",CNTXG,ONEY,ONE,CHIM354B25,DRY,15,5/16/2026,6/30/2026,5/6/2026,835,835,0,0,835,835
USOAK,USOAK,CNWUH,"Oakland, CA, USOAK","Oakland, CA, USOAK","Wuhan Tianhe, 42, CNWUH",CNWUH,ONEY,ONE,CHIM354B25,DRY,15,5/16/2026,6/30/2026,5/6/2026,910,910,0,0,910,910
USOAK,USOAK,CNWUZ,"Oakland, CA, USOAK","Oakland, CA, USOAK","Wuzhou Pt, 45, CNWUZ",CNWUZ,ONEY,ONE,CHIM354B25,DRY,15,5/16/2026,6/30/2026,5/6/2026,800,800,0,0,800,800
USOAK,USOAK,CNXMN,"Oakland, CA, USOAK","Oakland, CA, USOAK","Xiamen, 35, CNXMN",CNXMN,ONEY,ONE,CHIM354B25,DRY,15,5/16/2026,6/30/2026,5/6/2026,910,910,0,0,910,910
USOAK,USOAK,CNYNT,"Oakland, CA, USOAK","Oakland, CA, USOAK","Yantai Laishan, 37, CNYNT",CNYNT,ONEY,ONE,CHIM354B25,DRY,15,5/16/2026,6/30/2026,5/6/2026,735,735,0,0,735,735
USOAK,USOAK,CNYTN,"Oakland, CA, USOAK","Oakland, CA, USOAK","Yantian Pt, 44, CNYTN",CNYTN,ONEY,ONE,CHIM354B25,DRY,15,5/16/2026,6/30/2026,5/6/2026,475,475,0,0,475,475
USOAK,USOAK,CNYYA,"Oakland, CA, USOAK","Oakland, CA, USOAK","Yueyang, 50, CNYYA",CNYYA,ONEY,ONE,CHIM354B25,DRY,15,5/16/2026,6/30/2026,5/6/2026,1050,1050,0,0,1050,1050
USOAK,USOAK,CNZJG,"Oakland, CA, USOAK","Oakland, CA, USOAK","Zhangjiagang, 32, CNZJG",CNZJG,ONEY,ONE,CHIM354B25,DRY,15,5/16/2026,6/30/2026,5/6/2026,860,860,0,0,860,860
USOAK,USOAK,CNZSN,"Oakland, CA, USOAK","Oakland, CA, USOAK","Zhongshan Pt, 44, CNZSN",CNZSN,ONEY,ONE,CHIM354B25,DRY,15,5/16/2026,6/30/2026,5/6/2026,700,700,0,0,700,700
USOAK,USOAK,CNZUH,"Oakland, CA, USOAK","Oakland, CA, USOAK","Zhuhai Pt, 44, CNZUH",CNZUH,ONEY,ONE,CHIM354B25,DRY,15,5/16/2026,6/30/2026,5/6/2026,910,910,0,0,910,910
USOAK,USOAK,HKHKG,"Oakland, CA, USOAK","Oakland, CA, USOAK","Hong Kong, , HKHKG",HKHKG,ONEY,ONE,CHIM354B25,DRY,15,5/16/2026,6/30/2026,5/6/2026,810,810,0,0,810,810
USOAK,USOAK,IDBLW,"Oakland, CA, USOAK","Oakland, CA, USOAK","Belawan, , IDBLW",IDBLW,ONEY,ONE,CHIM354B25,DRY,15,5/16/2026,6/30/2026,5/6/2026,1060,1060,0,0,1060,1060
USOAK,USOAK,IDCKR,"Oakland, CA, USOAK","Oakland, CA, USOAK","Cikarang, JB, IDCKR",IDCKR,ONEY,ONE,CHIM354B25,DRY,15,5/16/2026,6/30/2026,5/6/2026,1360,1360,0,0,1360,1360
USOAK,USOAK,IDJKT,"Oakland, CA, USOAK","Oakland, CA, USOAK","Jakarta, JK, IDJKT",IDJKT,ONEY,ONE,CHIM354B25,DRY,15,5/16/2026,6/30/2026,5/6/2026,860,860,0,0,860,860
USOAK,USOAK,IDSRG,"Oakland, CA, USOAK","Oakland, CA, USOAK","Semarang, JT, IDSRG",IDSRG,ONEY,ONE,CHIM354B25,DRY,15,5/16/2026,6/30/2026,5/6/2026,980,980,0,0,980,980
USOAK,USOAK,IDSUB,"Oakland, CA, USOAK","Oakland, CA, USOAK","Surabaya, JI, IDSUB",IDSUB,ONEY,ONE,CHIM354B25,DRY,15,5/16/2026,6/30/2026,5/6/2026,880,880,0,0,880,880
USOAK,USOAK,JPHIJ,"Oakland, CA, USOAK","Oakland, CA, USOAK","Hiroshima, 34, JPHIJ",JPHIJ,ONEY,ONE,CHIM354B25,DRY,15,5/16/2026,6/30/2026,5/6/2026,1150,1150,0,0,1150,1150
USOAK,USOAK,JPIYM,"Oakland, CA, USOAK","Oakland, CA, USOAK","Iyomishima, 38, JPIYM",JPIYM,ONEY,ONE,CHIM354B25,DRY,15,5/16/2026,6/30/2026,5/6/2026,1310,1310,0,0,1310,1310
USOAK,USOAK,JPKCZ,"Oakland, CA, USOAK","Oakland, CA, USOAK","Kochi, 39, JPKCZ",JPKCZ,ONEY,ONE,CHIM354B25,DRY,15,5/16/2026,6/30/2026,5/6/2026,1450,1450,0,0,1450,1450
USOAK,USOAK,JPKIJ,"Oakland, CA, USOAK","Oakland, CA, USOAK","Niigata, 15, JPKIJ",JPKIJ,ONEY,ONE,CHIM354B25,DRY,15,5/16/2026,6/30/2026,5/6/2026,1210,1210,0,0,1210,1210
USOAK,USOAK,JPMOJ,"Oakland, CA, USOAK","Oakland, CA, USOAK","Moji/Kitakyushu, 40, JPMOJ",JPMOJ,ONEY,ONE,CHIM354B25,DRY,15,5/16/2026,6/30/2026,5/6/2026,875,875,0,0,875,875
USOAK,USOAK,JPNAO,"Oakland, CA, USOAK","Oakland, CA, USOAK","Naoetsu, 15, JPNAO",JPNAO,ONEY,ONE,CHIM354B25,DRY,15,5/16/2026,6/30/2026,5/6/2026,1520,1520,0,0,1520,1520
USOAK,USOAK,JPNGO,"Oakland, CA, USOAK","Oakland, CA, USOAK","Nagoya, Aichi, 23, JPNGO",JPNGO,ONEY,ONE,CHIM354B25,DRY,15,5/16/2026,6/30/2026,5/6/2026,485,485,0,0,485,485
USOAK,USOAK,JPOSA,"Oakland, CA, USOAK","Oakland, CA, USOAK","Osaka, 27, JPOSA",JPOSA,ONEY,ONE,CHIM354B25,DRY,15,5/16/2026,6/30/2026,5/6/2026,605,605,0,0,605,605
USOAK,USOAK,JPSBS,"Oakland, CA, USOAK","Oakland, CA, USOAK","Shibushi, 46, JPSBS",JPSBS,ONEY,ONE,CHIM354B25,DRY,15,5/16/2026,6/30/2026,5/6/2026,1310,1310,0,0,1310,1310
USOAK,USOAK,JPSDJ,"Oakland, CA, USOAK","Oakland, CA, USOAK","Sendai, Miyagi, 4, JPSDJ",JPSDJ,ONEY,ONE,CHIM354B25,DRY,15,5/16/2026,6/30/2026,5/6/2026,1240,1240,0,0,1240,1240
USOAK,USOAK,JPSMN,"Oakland, CA, USOAK","Oakland, CA, USOAK","Sakaiminato, 31, JPSMN",JPSMN,ONEY,ONE,CHIM354B25,DRY,15,5/16/2026,6/30/2026,5/6/2026,1550,1550,0,0,1550,1550
USOAK,USOAK,JPSMZ,"Oakland, CA, USOAK","Oakland, CA, USOAK","Shimizu, 22, JPSMZ",JPSMZ,ONEY,ONE,CHIM354B25,DRY,15,5/16/2026,6/30/2026,5/6/2026,710,710,0,0,710,710
USOAK,USOAK,JPTKS,"Oakland, CA, USOAK","Oakland, CA, USOAK","Tokushima, 36, JPTKS",JPTKS,ONEY,ONE,CHIM354B25,DRY,15,5/16/2026,6/30/2026,5/6/2026,1910,1910,0,0,1910,1910
USOAK,USOAK,JPTMK,"Oakland, CA, USOAK","Oakland, CA, USOAK","Tomakomai, 1, JPTMK",JPTMK,ONEY,ONE,CHIM354B25,DRY,15,5/16/2026,6/30/2026,5/6/2026,1710,1710,0,0,1710,1710
USOAK,USOAK,JPTYO,"Oakland, CA, USOAK","Oakland, CA, USOAK","Tokyo, 13, JPTYO",JPTYO,ONEY,ONE,CHIM354B25,DRY,15,5/16/2026,6/30/2026,5/6/2026,485,485,0,0,485,485
USOAK,USOAK,JPUKB,"Oakland, CA, USOAK","Oakland, CA, USOAK","Kobe, 28, JPUKB",JPUKB,ONEY,ONE,CHIM354B25,DRY,15,5/16/2026,6/30/2026,5/6/2026,485,485,0,0,485,485
USOAK,USOAK,JPYOK,"Oakland, CA, USOAK","Oakland, CA, USOAK","Yokohama, 14, JPYOK",JPYOK,ONEY,ONE,CHIM354B25,DRY,15,5/16/2026,6/30/2026,5/6/2026,710,710,0,0,710,710
USOAK,USOAK,KHKOS,"Oakland, CA, USOAK","Oakland, CA, USOAK","Sihanoukville (Kampong Saom), , KHKOS",KHKOS,ONEY,ONE,CHIM354B25,DRY,15,5/16/2026,6/30/2026,5/6/2026,875,875,0,0,875,875
USOAK,USOAK,KRINC,"Oakland, CA, USOAK","Oakland, CA, USOAK","Incheon, 28, KRINC",KRINC,ONEY,ONE,CHIM354B25,DRY,15,5/16/2026,6/30/2026,5/6/2026,410,410,0,0,410,410
USOAK,USOAK,KRKAN,"Oakland, CA, USOAK","Oakland, CA, USOAK","Gwangyang, 46, KRKAN",KRKAN,ONEY,ONE,CHIM354B25,DRY,15,5/16/2026,6/30/2026,5/6/2026,410,410,0,0,410,410
USOAK,USOAK,KRPUS,"Oakland, CA, USOAK","Oakland, CA, USOAK","Busan, 26, KRPUS",KRPUS,ONEY,ONE,CHIM354B25,DRY,15,5/16/2026,6/30/2026,5/6/2026,350,350,0,0,350,350
USOAK,USOAK,MMRGN,"Oakland, CA, USOAK","Oakland, CA, USOAK","Yangon, , MMRGN",MMRGN,ONEY,ONE,CHIM354B25,DRY,15,5/16/2026,6/30/2026,5/6/2026,875,875,0,0,875,875
USOAK,USOAK,MYPEN,"Oakland, CA, USOAK","Oakland, CA, USOAK","Penang, , MYPEN",MYPEN,ONEY,ONE,CHIM354B25,DRY,15,5/16/2026,6/30/2026,5/6/2026,985,985,0,0,985,985
USOAK,USOAK,BDCGP,"Oakland, CA, USOAK","Oakland, CA, USOAK","Chattogram/Chittagong, , BDCGP",BDCGP,ONEY,ONE,CHIM354B25,DRY,15,5/16/2026,6/30/2026,5/6/2026,2560,2560,0,0,2560,2560
USOAK,USOAK,INCCU,"Oakland, CA, USOAK","Oakland, CA, USOAK","Kolkata (ex Calcutta), WB, INCCU",INCCU,ONEY,ONE,CHIM354B25,DRY,15,5/16/2026,6/30/2026,5/6/2026,1960,1960,0,0,1960,1960
USOAK,USOAK,INCOK,"Oakland, CA, USOAK","Oakland, CA, USOAK","Cochin, KL, INCOK",INCOK,ONEY,ONE,CHIM354B25,DRY,15,5/16/2026,6/30/2026,5/6/2026,1960,1960,0,0,1960,1960
USOAK,USOAK,INMAA,"Oakland, CA, USOAK","Oakland, CA, USOAK","Chennai (ex Madras), TN, INMAA",INMAA,ONEY,ONE,CHIM354B25,DRY,15,5/16/2026,6/30/2026,5/6/2026,1960,1960,0,0,1960,1960
USOAK,USOAK,INMUN,"Oakland, CA, USOAK","Oakland, CA, USOAK","Mundra, GJ, INMUN",INMUN,ONEY,ONE,CHIM354B25,DRY,15,5/16/2026,6/30/2026,5/6/2026,1860,1860,0,0,1860,1860
USOAK,USOAK,INNSA,"Oakland, CA, USOAK","Oakland, CA, USOAK","Nhava Sheva, MH, INNSA",INNSA,ONEY,ONE,CHIM354B25,DRY,15,5/16/2026,6/30/2026,5/6/2026,1860,1860,0,0,1860,1860
USOAK,USOAK,INPAV,"Oakland, CA, USOAK","Oakland, CA, USOAK","Pipavav (Victor) Port, GJ, INPAV",INPAV,ONEY,ONE,CHIM354B25,DRY,15,5/16/2026,6/30/2026,5/6/2026,1250,1250,0,0,1250,1250
USOAK,USOAK,INTUT,"Oakland, CA, USOAK","Oakland, CA, USOAK","Tuticorin, TN, INTUT",INTUT,ONEY,ONE,CHIM354B25,DRY,15,5/16/2026,6/30/2026,5/6/2026,1950,1950,0,0,1950,1950
USOAK,USOAK,LKCMB,"Oakland, CA, USOAK","Oakland, CA, USOAK","Colombo, , LKCMB",LKCMB,ONEY,ONE,CHIM354B25,DRY,15,5/16/2026,6/30/2026,5/6/2026,1960,1960,0,0,1960,1960
USOAK,USOAK,EGALY,"Oakland, CA, USOAK","Oakland, CA, USOAK","Alexandria, , EGALY",EGALY,ONEY,ONE,CHIM354B25,DRY,15,5/6/2026,9/30/2026,5/6/2026,3100,3100,0,0,3100,3100
USOAK,USOAK,EGDAM,"Oakland, CA, USOAK","Oakland, CA, USOAK","Damietta, , EGDAM",EGDAM,ONEY,ONE,CHIM354B25,DRY,15,5/6/2026,9/30/2026,5/6/2026,3100,3100,0,0,3100,3100
USOAK,USOAK,ILHFA,"Oakland, CA, USOAK","Oakland, CA, USOAK","Haifa, , ILHFA",ILHFA,ONEY,ONE,CHIM354B25,DRY,15,5/6/2026,9/30/2026,5/6/2026,3100,3100,0,0,3100,3100
USOAK,USOAK,BEANR,"Oakland, CA, USOAK","Oakland, CA, USOAK","Antwerp, VAN, BEANR",BEANR,ONEY,ONE,CHIM354B25,DRY,15,5/16/2026,6/30/2026,5/6/2026,2022,2022,0,0,2022,2022
USOAK,USOAK,DEBRV,"Oakland, CA, USOAK","Oakland, CA, USOAK","Bremerhaven, HB, DEBRV",DEBRV,ONEY,ONE,CHIM354B25,DRY,15,5/16/2026,6/30/2026,5/6/2026,2672,2672,0,0,2672,2672
USOAK,USOAK,DEHAM,"Oakland, CA, USOAK","Oakland, CA, USOAK","Hamburg, HH, DEHAM",DEHAM,ONEY,ONE,CHIM354B25,DRY,15,5/16/2026,6/30/2026,5/6/2026,2022,2022,0,0,2022,2022
USOAK,USOAK,FRLEH,"Oakland, CA, USOAK","Oakland, CA, USOAK","Le Havre, 76, FRLEH",FRLEH,ONEY,ONE,CHIM354B25,DRY,15,5/16/2026,6/30/2026,5/6/2026,2022,2022,0,0,2022,2022
USOAK,USOAK,GBLIV,"Oakland, CA, USOAK","Oakland, CA, USOAK","Liverpool, MSY, GBLIV",GBLIV,ONEY,ONE,CHIM354B25,DRY,15,5/16/2026,6/30/2026,5/6/2026,2868,2868,0,0,2868,2868
USOAK,USOAK,GBSOU,"Oakland, CA, USOAK","Oakland, CA, USOAK","Southampton, HAM, GBSOU",GBSOU,ONEY,ONE,CHIM354B25,DRY,15,5/16/2026,6/30/2026,5/6/2026,1968,1968,0,0,1968,1968
USOAK,USOAK,PAMIT,"Oakland, CA, USOAK","Oakland, CA, USOAK","Manzanillo, , PAMIT",PAMIT,ONEY,ONE,CHIM354B25,DRY,15,5/16/2026,6/30/2026,5/6/2026,1950,1950,0,0,1950,1950
USOAK,USOAK,PAROD,"Oakland, CA, USOAK","Oakland, CA, USOAK","Rodman, 8, PAROD",PAROD,ONEY,ONE,CHIM354B25,DRY,15,5/16/2026,6/30/2026,5/6/2026,1750,1750,0,0,1750,1750
USOAK,USOAK,PECLL,"Oakland, CA, USOAK","Oakland, CA, USOAK","Callao, , PECLL",PECLL,ONEY,ONE,CHIM354B25,DRY,15,5/16/2026,6/30/2026,5/6/2026,1850,1850,0,0,1850,1850
USOAK,USOAK,PEPAI,"Oakland, CA, USOAK","Oakland, CA, USOAK","Paita, , PEPAI",PEPAI,ONEY,ONE,CHIM354B25,DRY,15,5/16/2026,6/30/2026,5/6/2026,1850,1850,0,0,1850,1850
USOAK,USOAK,MYPGU,"Oakland, CA, USOAK","Oakland, CA, USOAK","Pasir Gudang, Johor, , MYPGU",MYPGU,ONEY,ONE,CHIM354B25,DRY,15,5/16/2026,6/30/2026,5/6/2026,985,985,0,0,985,985
USOAK,USOAK,MYPKG,"Oakland, CA, USOAK","Oakland, CA, USOAK","Port Klang, 10, MYPKG",MYPKG,ONEY,ONE,CHIM354B25,DRY,15,5/16/2026,6/30/2026,5/6/2026,985,985,0,0,985,985
USOAK,USOAK,PHMNL,"Oakland, CA, USOAK","Oakland, CA, USOAK","Manila, , PHMNL",PHMNL,ONEY,ONE,CHIM354B25,DRY,15,5/16/2026,6/30/2026,5/6/2026,795,795,0,0,795,795
USOAK,USOAK,SGSIN,"Oakland, CA, USOAK","Oakland, CA, USOAK","Singapore, , SGSIN",SGSIN,ONEY,ONE,CHIM354B25,DRY,15,5/16/2026,6/30/2026,5/6/2026,575,575,0,0,575,575
USOAK,USOAK,THBKK,"Oakland, CA, USOAK","Oakland, CA, USOAK","Bangkok, , THBKK",THBKK,ONEY,ONE,CHIM354B25,DRY,15,5/16/2026,6/30/2026,5/6/2026,1340,1340,0,0,1340,1340
USOAK,USOAK,THLCH,"Oakland, CA, USOAK","Oakland, CA, USOAK","Laem Chabang, 20, THLCH",THLCH,ONEY,ONE,CHIM354B25,DRY,15,5/16/2026,6/30/2026,5/6/2026,1000,1000,0,0,1000,1000
USOAK,USOAK,THLKR,"Oakland, CA, USOAK","Oakland, CA, USOAK","Lat Krabang, 10, THLKR",THLKR,ONEY,ONE,CHIM354B25,DRY,15,5/16/2026,6/30/2026,5/6/2026,955,955,0,0,955,955
USOAK,USOAK,TWKEL,"Oakland, CA, USOAK","Oakland, CA, USOAK","Keelung, , TWKEL",TWKEL,ONEY,ONE,CHIM354B25,DRY,15,5/16/2026,6/30/2026,5/6/2026,510,510,0,0,510,510
USOAK,USOAK,TWKHH,"Oakland, CA, USOAK","Oakland, CA, USOAK","Kaohsiung, , TWKHH",TWKHH,ONEY,ONE,CHIM354B25,DRY,15,5/16/2026,6/30/2026,5/6/2026,510,510,0,0,510,510
USOAK,USOAK,TWTPE,"Oakland, CA, USOAK","Oakland, CA, USOAK","Taipei, TPE, TWTPE",TWTPE,ONEY,ONE,CHIM354B25,DRY,15,5/16/2026,6/30/2026,5/6/2026,595,595,0,0,595,595
USOAK,USOAK,TWTXG,"Oakland, CA, USOAK","Oakland, CA, USOAK","Taichung, , TWTXG",TWTXG,ONEY,ONE,CHIM354B25,DRY,15,5/16/2026,6/30/2026,5/6/2026,610,610,0,0,610,610
USOAK,USOAK,TWTYN,"Oakland, CA, USOAK","Oakland, CA, USOAK","Taoyuan, , TWTYN",TWTYN,ONEY,ONE,CHIM354B25,DRY,15,5/16/2026,6/30/2026,5/6/2026,810,810,0,0,810,810
USOAK,USOAK,VNCMT,"Oakland, CA, USOAK","Oakland, CA, USOAK","Cai Mep Terminal, 43, VNCMT",VNCMT,ONEY,ONE,CHIM354B25,DRY,15,5/16/2026,6/30/2026,5/6/2026,250,250,0,0,250,250
USOAK,USOAK,VNDAD,"Oakland, CA, USOAK","Oakland, CA, USOAK","Da Nang, , VNDAD",VNDAD,ONEY,ONE,CHIM354B25,DRY,15,5/16/2026,6/30/2026,5/6/2026,1450,1450,0,0,1450,1450
USOAK,USOAK,VNHPH,"Oakland, CA, USOAK","Oakland, CA, USOAK","Haiphong, , VNHPH",VNHPH,ONEY,ONE,CHIM354B25,DRY,15,5/16/2026,6/30/2026,5/6/2026,850,850,0,0,850,850
USOAK,USOAK,VNSGN,"Oakland, CA, USOAK","Oakland, CA, USOAK","Ho Chi Minh City, , VNSGN",VNSGN,ONEY,ONE,CHIM354B25,DRY,15,5/16/2026,6/30/2026,5/6/2026,250,250,0,0,250,250
USOAK,USOAK,PKKHI,"Oakland, CA, USOAK","Oakland, CA, USOAK","Karachi, SD, PKKHI",PKKHI,ONEY,ONE,CHIM354B25,DRY,15,5/16/2026,6/30/2026,5/6/2026,1960,1960,0,0,1960,1960
USOAK,USOAK,PTLEI,"Oakland, CA, USOAK","Oakland, CA, USOAK","Leixoes, 13, PTLEI",PTLEI,ONEY,ONE,CHIM354B25,DRY,15,5/6/2026,9/30/2026,5/6/2026,2660,2660,0,0,2660,2660
USOAK,USOAK,PTLIS,"Oakland, CA, USOAK","Oakland, CA, USOAK","Lisboa, 11, PTLIS",PTLIS,ONEY,ONE,CHIM354B25,DRY,15,5/6/2026,9/30/2026,5/6/2026,3010,3010,0,0,3010,3010
USOAK,USOAK,ZACPT,"Oakland, CA, USOAK","Oakland, CA, USOAK","Cape Town, , ZACPT",ZACPT,ONEY,ONE,CHIM354B25,DRY,15,5/6/2026,9/30/2026,5/6/2026,4935,4935,0,0,4935,4935
USOAK,USOAK,ZADUR,"Oakland, CA, USOAK","Oakland, CA, USOAK","Durban, , ZADUR",ZADUR,ONEY,ONE,CHIM354B25,DRY,15,5/6/2026,9/30/2026,5/6/2026,4935,4935,0,0,4935,4935
USOAK,USOAK,CNBIH,"Oakland, CA, USOAK","Oakland, CA, USOAK","Beihai Pt, 32, CNBIH",CNBIH,OOLU,OOCL,MT256104,DRY,16,4/1/2026,6/30/2026,5/16/2026,620,620,0,0,620,620
USOAK,USOAK,CNFRT,"Oakland, CA, USOAK","Oakland, CA, USOAK","Foshan New Pt, 44, CNFRT",CNFRT,OOLU,OOCL,MT256104,DRY,16,4/1/2026,6/30/2026,5/16/2026,485,485,0,0,485,485
USOAK,USOAK,CNFZG,"Oakland, CA, USOAK","Oakland, CA, USOAK","Fuzhou Pt, 23, CNFZG",CNFZG,OOLU,OOCL,MT256104,DRY,16,4/1/2026,6/30/2026,5/16/2026,655,655,0,0,655,655
USOAK,USOAK,CNQZH,"Oakland, CA, USOAK","Oakland, CA, USOAK","Qinzhou Pt, 45, CNQZH",CNQZH,OOLU,OOCL,MT256104,DRY,16,4/1/2026,6/30/2026,5/16/2026,585,585,0,0,585,585
USOAK,USOAK,TWKHH,"Oakland, CA, USOAK","Oakland, CA, USOAK","Kaohsiung, , TWKHH",TWKHH,OOLU,OOCL,MT256104,DRY,16,4/1/2026,6/30/2026,5/16/2026,285,285,0,0,285,285
USOAK,USOAK,THLKR,"Oakland, CA, USOAK","Oakland, CA, USOAK","Lat Krabang, 10, THLKR",THLKR,OOLU,OOCL,MT256104,DRY,16,4/1/2026,6/30/2026,5/16/2026,635,635,0,0,635,635
USOAK,USOAK,THBKK,"Oakland, CA, USOAK","Oakland, CA, USOAK","Bangkok, , THBKK",THBKK,YMJA,YML,051625,DRY,10,5/13/2026,6/30/2026,5/16/2026,600,600,0,0,600,600
USOAK,USOAK,AUBNE,"Oakland, CA, USOAK","Oakland, CA, USOAK","Brisbane, QLD, AUBNE",AUBNE,YMJA,YML,051625,DRY,10,5/13/2026,6/30/2026,5/16/2026,2100,2100,0,0,2100,2100
USOAK,USOAK,VNCMT,"Oakland, CA, USOAK","Oakland, CA, USOAK","Cai Mep Terminal, 43, VNCMT",VNCMT,YMJA,YML,051625,DRY,10,5/13/2026,6/30/2026,5/16/2026,350,350,0,0,350,350
USOAK,USOAK,VNCMT,"Oakland, CA, USOAK","Oakland, CA, USOAK","Cai Mep Terminal, 43, VNCMT",VNCMT,YMJA,YML,051625,DRY,10,5/13/2026,6/30/2026,5/16/2026,275,275,0,0,275,275
USOAK,USOAK,VNCLI,"Oakland, CA, USOAK","Oakland, CA, USOAK","Cat Lai, 65, VNCLI",VNCLI,YMJA,YML,051625,DRY,10,5/13/2026,6/30/2026,5/16/2026,400,400,0,0,400,400
USOAK,USOAK,CNDLC,"Oakland, CA, USOAK","Oakland, CA, USOAK","Dalian, 21, CNDLC",CNDLC,YMJA,YML,051625,DRY,10,5/13/2026,5/31/2026,5/16/2026,300,300,0,0,300,300
USOAK,USOAK,CNDLC,"Oakland, CA, USOAK","Oakland, CA, USOAK","Dalian, 21, CNDLC",CNDLC,YMJA,YML,051625,DRY,10,6/1/2026,6/30/2026,5/16/2026,400,400,0,0,400,400
USOAK,USOAK,JPHTD,"Oakland, CA, USOAK","Oakland, CA, USOAK","Hakata, 38, JPHTD",JPHTD,YMJA,YML,051625,DRY,10,5/13/2026,6/30/2026,5/16/2026,925,925,0,0,925,925
USOAK,USOAK,HKHKG,"Oakland, CA, USOAK","Oakland, CA, USOAK","Hong Kong, , HKHKG",HKHKG,YMJA,YML,051625,DRY,10,5/13/2026,6/30/2026,5/16/2026,250,250,0,0,250,250
USOAK,USOAK,CNHUA,"Oakland, CA, USOAK","Oakland, CA, USOAK","Huangpu Pt, 44, CNHUA",CNHUA,YMJA,YML,051625,DRY,10,5/13/2026,6/30/2026,5/16/2026,550,550,0,0,550,550
USOAK,USOAK,CNGZG,"Oakland, CA, USOAK","Oakland, CA, USOAK","Guangzhou Pt, 22, CNGZG",CNGZG,YMJA,YML,051625,DRY,10,5/13/2026,6/30/2026,5/16/2026,550,550,0,0,550,550
USOAK,USOAK,KRINC,"Oakland, CA, USOAK","Oakland, CA, USOAK","Incheon, 28, KRINC",KRINC,YMJA,YML,051625,DRY,10,5/13/2026,6/30/2026,5/16/2026,350,350,0,0,350,350
USOAK,USOAK,KRINC,"Oakland, CA, USOAK","Oakland, CA, USOAK","Incheon, 28, KRINC",KRPUS,YMJA,YML,051625,DRY,10,5/13/2026,6/30/2026,5/16/2026,1305,1305,0,0,1305,1305
USOAK,USOAK,KRINC,"Oakland, CA, USOAK","Oakland, CA, USOAK","Incheon, 28, KRINC",KRKAN,YMJA,YML,051625,DRY,10,5/13/2026,6/30/2026,5/16/2026,1305,1305,0,0,1305,1305
USOAK,USOAK,KRINC,"Oakland, CA, USOAK","Oakland, CA, USOAK","Incheon, 28, KRINC",KRINC,YMJA,YML,051625,DRY,10,5/13/2026,6/30/2026,5/16/2026,250,250,0,0,250,250
USOAK,USOAK,IDJKT,"Oakland, CA, USOAK","Oakland, CA, USOAK","Jakarta, JK, IDJKT",IDJKT,YMJA,YML,051625,DRY,10,5/13/2026,6/30/2026,5/16/2026,950,950,0,0,950,950
USOAK,USOAK,AEJEA,"Oakland, CA, USOAK","Oakland, CA, USOAK","Jebel Ali, , AEJEA",AEJEA,YMJA,YML,051625,DRY,10,5/13/2026,6/30/2026,5/16/2026,2344,2344,0,0,2344,2344
USOAK,USOAK,CNJMN,"Oakland, CA, USOAK","Oakland, CA, USOAK","Jiangmen Pt, 44, CNJMN",CNJMN,YMJA,YML,051625,DRY,10,5/13/2026,6/30/2026,5/16/2026,375,375,0,0,375,375
USOAK,USOAK,TWKHH,"Oakland, CA, USOAK","Oakland, CA, USOAK","Kaohsiung, , TWKHH",TWKHH,YMJA,YML,051625,DRY,10,5/13/2026,6/30/2026,5/16/2026,300,300,0,0,300,300
USOAK,USOAK,TWKHH,"Oakland, CA, USOAK","Oakland, CA, USOAK","Kaohsiung, , TWKHH",TWKEL,YMJA,YML,051625,DRY,10,5/13/2026,6/30/2026,5/16/2026,700,700,0,0,700,700
USOAK,USOAK,TWKHH,"Oakland, CA, USOAK","Oakland, CA, USOAK","Kaohsiung, , TWKHH",TWKHH,YMJA,YML,051625,DRY,10,5/13/2026,6/30/2026,5/16/2026,250,250,0,0,250,250
USOAK,USOAK,TWKHH,"Oakland, CA, USOAK","Oakland, CA, USOAK","Kaohsiung, , TWKHH",TWKEL,YMJA,YML,051625,DRY,10,5/13/2026,6/30/2026,5/16/2026,250,250,0,0,250,250
USOAK,USOAK,TWKHH,"Oakland, CA, USOAK","Oakland, CA, USOAK","Kaohsiung, , TWKHH",TWKHH,YMJA,YML,051625,DRY,10,5/13/2026,6/30/2026,5/16/2026,100,100,0,0,100,100
USOAK,USOAK,TWKEL,"Oakland, CA, USOAK","Oakland, CA, USOAK","Keelung, , TWKEL",TWKEL,YMJA,YML,051625,DRY,10,5/13/2026,6/30/2026,5/16/2026,300,300,0,0,300,300
USOAK,USOAK,TWKEL,"Oakland, CA, USOAK","Oakland, CA, USOAK","Keelung, , TWKEL",TWKHH,YMJA,YML,051625,DRY,10,5/13/2026,6/30/2026,5/16/2026,720,720,0,0,720,720
USOAK,USOAK,TWKEL,"Oakland, CA, USOAK","Oakland, CA, USOAK","Keelung, , TWKEL",TWKHH,YMJA,YML,051625,DRY,10,5/13/2026,6/30/2026,5/16/2026,350,350,0,0,350,350
USOAK,USOAK,TWKEL,"Oakland, CA, USOAK","Oakland, CA, USOAK","Keelung, , TWKEL",TWKEL,YMJA,YML,051625,DRY,10,5/13/2026,6/30/2026,5/16/2026,350,350,0,0,350,350
USOAK,USOAK,TWKEL,"Oakland, CA, USOAK","Oakland, CA, USOAK","Keelung, , TWKEL",TWKEL,YMJA,YML,051625,DRY,10,5/13/2026,6/30/2026,5/16/2026,200,200,0,0,200,200
USOAK,USOAK,JPUKB,"Oakland, CA, USOAK","Oakland, CA, USOAK","Kobe, 28, JPUKB",JPUKB,YMJA,YML,051625,DRY,10,5/13/2026,6/30/2026,5/16/2026,350,350,0,0,350,350
USOAK,USOAK,JPUKB,"Oakland, CA, USOAK","Oakland, CA, USOAK","Kobe, 28, JPUKB",JPUKB,YMJA,YML,051625,DRY,10,5/13/2026,6/30/2026,5/16/2026,200,200,0,0,200,200
USOAK,USOAK,KRKAN,"Oakland, CA, USOAK","Oakland, CA, USOAK","Gwangyang, 46, KRKAN",KRKAN,YMJA,YML,051625,DRY,10,5/13/2026,6/30/2026,5/16/2026,350,350,0,0,350,350
USOAK,USOAK,KRKAN,"Oakland, CA, USOAK","Oakland, CA, USOAK","Gwangyang, 46, KRKAN",KRKAN,YMJA,YML,051625,DRY,10,5/13/2026,6/30/2026,5/16/2026,150,150,0,0,150,150
USOAK,USOAK,VNNHD,"Oakland, CA, USOAK","Oakland, CA, USOAK","Nam Hai Dinh Vu Port, HP, VNNHD",VNNHD,YMJA,YML,051625,DRY,10,5/13/2026,6/30/2026,5/16/2026,125,125,0,0,125,125
USOAK,USOAK,THLCH,"Oakland, CA, USOAK","Oakland, CA, USOAK","Laem Chabang, 20, THLCH",THLCH,YMJA,YML,051625,DRY,10,5/13/2026,6/30/2026,5/16/2026,325,325,0,0,325,325
USOAK,USOAK,THLKR,"Oakland, CA, USOAK","Oakland, CA, USOAK","Lat Krabang, 10, THLKR",THLKR,YMJA,YML,051625,DRY,10,5/13/2026,6/30/2026,5/16/2026,600,600,0,0,600,600
USOAK,USOAK,CNLYG,"Oakland, CA, USOAK","Oakland, CA, USOAK","Lianyungang, 32, CNLYG",CNLYG,YMJA,YML,051625,DRY,10,5/13/2026,6/30/2026,5/16/2026,615,615,0,0,615,615
USOAK,USOAK,PHMNL,"Oakland, CA, USOAK","Oakland, CA, USOAK","Manila, , PHMNL",PHMNL,YMJA,YML,051625,DRY,10,5/13/2026,6/30/2026,5/16/2026,800,800,0,0,800,800
USOAK,USOAK,AUMEL,"Oakland, CA, USOAK","Oakland, CA, USOAK","Melbourne, VIC, AUMEL",AUMEL,YMJA,YML,051625,DRY,10,5/13/2026,6/30/2026,5/16/2026,2100,2100,0,0,2100,2100
USOAK,USOAK,JPNGO,"Oakland, CA, USOAK","Oakland, CA, USOAK","Nagoya, Aichi, 23, JPNGO",JPNGO,YMJA,YML,051625,DRY,10,5/13/2026,6/30/2026,5/16/2026,350,350,0,0,350,350
USOAK,USOAK,JPNGO,"Oakland, CA, USOAK","Oakland, CA, USOAK","Nagoya, Aichi, 23, JPNGO",JPNGO,YMJA,YML,051625,DRY,10,5/13/2026,6/30/2026,5/16/2026,200,200,0,0,200,200
USOAK,USOAK,JPNAH,"Oakland, CA, USOAK","Oakland, CA, USOAK","Naha, Okinawa, 47, JPNAH",JPNAH,YMJA,YML,051625,DRY,10,5/13/2026,6/30/2026,5/16/2026,1100,1100,0,0,1100,1100
USOAK,USOAK,CNNSA,"Oakland, CA, USOAK","Oakland, CA, USOAK","Nansha Pt, 44, CNNSA",CNNSA,YMJA,YML,051625,DRY,10,5/13/2026,6/30/2026,5/16/2026,310,310,0,0,310,310
USOAK,USOAK,INNSA,"Oakland, CA, USOAK","Oakland, CA, USOAK","Nhava Sheva, MH, INNSA",INNSA,YMJA,YML,051625,DRY,10,5/13/2026,6/30/2026,5/16/2026,1350,1350,0,0,1350,1350
USOAK,USOAK,CNNBG,"Oakland, CA, USOAK","Oakland, CA, USOAK","Ningbo Pt, 33, CNNBG",CNNBG,YMJA,YML,051625,DRY,10,5/13/2026,6/30/2026,5/16/2026,350,350,0,0,350,350
USOAK,USOAK,CNNBG,"Oakland, CA, USOAK","Oakland, CA, USOAK","Ningbo Pt, 33, CNNBG",CNNBG,YMJA,YML,051625,DRY,10,5/13/2026,6/30/2026,5/16/2026,175,175,0,0,175,175
USOAK,USOAK,JPOSA,"Oakland, CA, USOAK","Oakland, CA, USOAK","Osaka, 27, JPOSA",JPUKB,YMJA,YML,051625,DRY,10,5/13/2026,6/30/2026,5/16/2026,550,550,0,0,550,550
USOAK,USOAK,INPAV,"Oakland, CA, USOAK","Oakland, CA, USOAK","Pipavav (Victor) Port, GJ, INPAV",INPAV,YMJA,YML,051625,DRY,10,5/13/2026,6/30/2026,5/16/2026,1750,1750,0,0,1750,1750
USOAK,USOAK,MYPKG,"Oakland, CA, USOAK","Oakland, CA, USOAK","Port Klang, 10, MYPKG",MYPKG,YMJA,YML,051625,DRY,10,5/13/2026,6/30/2026,5/16/2026,600,600,0,0,600,600
USOAK,USOAK,KRPUS,"Oakland, CA, USOAK","Oakland, CA, USOAK","Busan, 26, KRPUS",KRPUS,YMJA,YML,051625,DRY,10,5/13/2026,6/30/2026,5/16/2026,350,350,0,0,350,350
USOAK,USOAK,KRPUS,"Oakland, CA, USOAK","Oakland, CA, USOAK","Busan, 26, KRPUS",KRPUS,YMJA,YML,051625,DRY,10,5/13/2026,6/30/2026,5/16/2026,175,175,0,0,175,175
USOAK,USOAK,CNTAO,"Oakland, CA, USOAK","Oakland, CA, USOAK","Qingdao, 37, CNTAO",CNTAO,YMJA,YML,051625,DRY,10,5/13/2026,6/30/2026,5/16/2026,350,350,0,0,350,350
USOAK,USOAK,CNTAO,"Oakland, CA, USOAK","Oakland, CA, USOAK","Qingdao, 37, CNTAO",CNTAO,YMJA,YML,051625,DRY,10,5/13/2026,6/30/2026,5/16/2026,175,175,0,0,175,175
USOAK,USOAK,IDSRG,"Oakland, CA, USOAK","Oakland, CA, USOAK","Semarang, JT, IDSRG",IDSRG,YMJA,YML,051625,DRY,10,5/13/2026,6/30/2026,5/16/2026,450,450,0,0,450,450
USOAK,USOAK,CNSHA,"Oakland, CA, USOAK","Oakland, CA, USOAK","Shanghai, 31, CNSHA",CNSHA,YMJA,YML,051625,DRY,10,5/13/2026,6/30/2026,5/16/2026,350,350,0,0,350,350
USOAK,USOAK,CNSHA,"Oakland, CA, USOAK","Oakland, CA, USOAK","Shanghai, 31, CNSHA",CNSHA,YMJA,YML,051625,DRY,10,5/13/2026,6/30/2026,5/16/2026,175,175,0,0,175,175
USOAK,USOAK,CNSHK,"Oakland, CA, USOAK","Oakland, CA, USOAK","Shekou Pt, 44, CNSHK",CNSHK,YMJA,YML,051625,DRY,10,5/13/2026,6/30/2026,5/16/2026,350,350,0,0,350,350
USOAK,USOAK,CNSHK,"Oakland, CA, USOAK","Oakland, CA, USOAK","Shekou Pt, 44, CNSHK",CNSHK,YMJA,YML,051625,DRY,10,5/13/2026,6/30/2026,5/16/2026,325,325,0,0,325,325
USOAK,USOAK,JPSMZ,"Oakland, CA, USOAK","Oakland, CA, USOAK","Shimizu, 22, JPSMZ",JPSMZ,YMJA,YML,051625,DRY,10,5/13/2026,6/30/2026,5/16/2026,350,350,0,0,350,350
USOAK,USOAK,JPSMZ,"Oakland, CA, USOAK","Oakland, CA, USOAK","Shimizu, 22, JPSMZ",JPSMZ,YMJA,YML,051625,DRY,10,5/13/2026,6/30/2026,5/16/2026,225,225,0,0,225,225
USOAK,USOAK,SGSIN,"Oakland, CA, USOAK","Oakland, CA, USOAK","Singapore, , SGSIN",SGSIN,YMJA,YML,051625,DRY,10,5/13/2026,6/30/2026,5/16/2026,350,350,0,0,350,350
USOAK,USOAK,SGSIN,"Oakland, CA, USOAK","Oakland, CA, USOAK","Singapore, , SGSIN",SGSIN,YMJA,YML,051625,DRY,10,5/13/2026,6/30/2026,5/16/2026,325,325,0,0,325,325
USOAK,USOAK,IDSUB,"Oakland, CA, USOAK","Oakland, CA, USOAK","Surabaya, JI, IDSUB",IDSUB,YMJA,YML,051625,DRY,10,5/13/2026,6/30/2026,5/16/2026,950,950,0,0,950,950
USOAK,USOAK,AUSYD,"Oakland, CA, USOAK","Oakland, CA, USOAK","Sydney, NSW, AUSYD",AUSYD,YMJA,YML,051625,DRY,10,5/13/2026,6/30/2026,5/16/2026,2100,2100,0,0,2100,2100
USOAK,USOAK,TWTXG,"Oakland, CA, USOAK","Oakland, CA, USOAK","Taichung, , TWTXG",TWTXG,YMJA,YML,051625,DRY,10,5/13/2026,6/30/2026,5/16/2026,100,100,0,0,100,100
USOAK,USOAK,TWTYN,"Oakland, CA, USOAK","Oakland, CA, USOAK","Taoyuan, , TWTYN",TWTYN,YMJA,YML,051625,DRY,10,5/13/2026,6/30/2026,5/16/2026,225,225,0,0,225,225
USOAK,USOAK,JPTYO,"Oakland, CA, USOAK","Oakland, CA, USOAK","Tokyo, 13, JPTYO",JPTYO,YMJA,YML,051625,DRY,10,5/13/2026,6/30/2026,5/16/2026,350,350,0,0,350,350
USOAK,USOAK,JPTYO,"Oakland, CA, USOAK","Oakland, CA, USOAK","Tokyo, 13, JPTYO",JPTYO,YMJA,YML,051625,DRY,10,5/13/2026,6/30/2026,5/16/2026,225,225,0,0,225,225
USOAK,USOAK,CNWHG,"Oakland, CA, USOAK","Oakland, CA, USOAK","Wuhan Pt, 42, CNWHG",CNWHG,YMJA,YML,051625,DRY,10,5/13/2026,6/30/2026,5/16/2026,240,240,0,0,240,240
USOAK,USOAK,CNXMN,"Oakland, CA, USOAK","Oakland, CA, USOAK","Xiamen, 35, CNXMN",CNXMN,YMJA,YML,051625,DRY,10,5/13/2026,6/30/2026,5/16/2026,350,350,0,0,350,350
USOAK,USOAK,CNXMN,"Oakland, CA, USOAK","Oakland, CA, USOAK","Xiamen, 35, CNXMN",CNXMN,YMJA,YML,051625,DRY,10,5/13/2026,6/30/2026,5/16/2026,200,200,0,0,200,200
USOAK,USOAK,CNXMN,"Oakland, CA, USOAK","Oakland, CA, USOAK","Xiamen, 35, CNXMN",CNXMN,YMJA,YML,051625,DRY,10,5/13/2026,6/30/2026,5/16/2026,275,275,0,0,275,275
USOAK,USOAK,CNTXG,"Oakland, CA, USOAK","Oakland, CA, USOAK","Tianjin Xingang Pt, 12, CNTXG",CNTXG,YMJA,YML,051625,DRY,10,5/13/2026,5/31/2026,5/16/2026,300,300,0,0,300,300
USOAK,USOAK,CNTXG,"Oakland, CA, USOAK","Oakland, CA, USOAK","Tianjin Xingang Pt, 12, CNTXG",CNTXG,YMJA,YML,051625,DRY,10,5/13/2026,6/30/2026,5/16/2026,425,425,0,0,425,425
USOAK,USOAK,CNYTN,"Oakland, CA, USOAK","Oakland, CA, USOAK","Yantian Pt, 44, CNYTN",CNYTN,YMJA,YML,051625,DRY,10,5/13/2026,6/30/2026,5/16/2026,350,350,0,0,350,350
USOAK,USOAK,CNYTN,"Oakland, CA, USOAK","Oakland, CA, USOAK","Yantian Pt, 44, CNYTN",CNYTN,YMJA,YML,051625,DRY,10,5/13/2026,6/30/2026,5/16/2026,200,200,0,0,200,200
USOAK,USOAK,JPYOK,"Oakland, CA, USOAK","Oakland, CA, USOAK","Yokohama, 14, JPYOK",JPYOK,YMJA,YML,051625,DRY,10,5/13/2026,6/30/2026,5/16/2026,500,500,0,0,500,500
USSEA,USSEA,THBKK,"Seattle, WA, USSEA","Seattle, WA, USSEA","Bangkok, , THBKK",THBKK,YMJA,YML,051625,DRY,10,5/13/2026,6/30/2026,5/16/2026,500,500,0,0,500,500
USSEA,USTIW,THBKK,"Seattle, WA, USSEA","Tacoma, WA, USTIW","Bangkok, , THBKK",THBKK,YMJA,YML,051625,DRY,10,5/13/2026,6/30/2026,5/16/2026,600,600,0,0,600,600
USSEA,USSEA,IDBLW,"Seattle, WA, USSEA","Seattle, WA, USSEA","Belawan, , IDBLW",IDBLW,YMJA,YML,051625,DRY,10,5/13/2026,6/30/2026,5/16/2026,1455,1455,0,0,1455,1455
USSEA,USTIW,IDBLW,"Seattle, WA, USSEA","Tacoma, WA, USTIW","Belawan, , IDBLW",IDBLW,YMJA,YML,051625,DRY,10,5/13/2026,6/30/2026,5/16/2026,1555,1555,0,0,1555,1555
USSEA,USSEA,VNCMT,"Seattle, WA, USSEA","Seattle, WA, USSEA","Cai Mep Terminal, 43, VNCMT",VNCMT,YMJA,YML,051625,DRY,10,5/13/2026,6/30/2026,5/16/2026,400,400,0,0,400,400
USSEA,USTIW,VNCMT,"Seattle, WA, USSEA","Tacoma, WA, USTIW","Cai Mep Terminal, 43, VNCMT",VNCMT,YMJA,YML,051625,DRY,10,5/13/2026,6/30/2026,5/16/2026,500,500,0,0,500,500
USSEA,USSEA,VNCLI,"Seattle, WA, USSEA","Seattle, WA, USSEA","Cat Lai, 65, VNCLI",VNCLI,YMJA,YML,051625,DRY,10,5/13/2026,6/30/2026,5/16/2026,350,350,0,0,350,350
USSEA,USTIW,VNCLI,"Seattle, WA, USSEA","Tacoma, WA, USTIW","Cat Lai, 65, VNCLI",VNCLI,YMJA,YML,051625,DRY,10,5/13/2026,6/30/2026,5/16/2026,450,450,0,0,450,450
USSEA,USSEA,CNDLC,"Seattle, WA, USSEA","Seattle, WA, USSEA","Dalian, 21, CNDLC",CNDLC,YMJA,YML,051625,DRY,10,5/13/2026,6/30/2026,5/16/2026,400,400,0,0,400,400
USSEA,USTIW,CNDLC,"Seattle, WA, USSEA","Tacoma, WA, USTIW","Dalian, 21, CNDLC",CNDLC,YMJA,YML,051625,DRY,10,5/13/2026,6/30/2026,5/16/2026,500,500,0,0,500,500
USSEA,USSEA,VNHPH,"Seattle, WA, USSEA","Seattle, WA, USSEA","Haiphong, , VNHPH",VNHPH,YMJA,YML,051625,DRY,10,5/13/2026,6/30/2026,5/16/2026,500,500,0,0,500,500
USSEA,USTIW,VNHPH,"Seattle, WA, USSEA","Tacoma, WA, USTIW","Haiphong, , VNHPH",VNHPH,YMJA,YML,051625,DRY,10,5/13/2026,6/30/2026,5/16/2026,600,600,0,0,600,600
USSEA,USSEA,JPHTD,"Seattle, WA, USSEA","Seattle, WA, USSEA","Hakata, 38, JPHTD",JPHTD,YMJA,YML,051625,DRY,10,5/13/2026,6/30/2026,5/16/2026,1150,1150,0,0,1150,1150
USSEA,USTIW,JPHTD,"Seattle, WA, USSEA","Tacoma, WA, USTIW","Hakata, 38, JPHTD",JPHTD,YMJA,YML,051625,DRY,10,5/13/2026,6/30/2026,5/16/2026,1250,1250,0,0,1250,1250
USSEA,USSEA,VNSGN,"Seattle, WA, USSEA","Seattle, WA, USSEA","Ho Chi Minh City, , VNSGN",VNSGN,YMJA,YML,051625,DRY,10,5/13/2026,6/30/2026,5/16/2026,500,500,0,0,500,500
USSEA,USTIW,VNSGN,"Seattle, WA, USSEA","Tacoma, WA, USTIW","Ho Chi Minh City, , VNSGN",VNSGN,YMJA,YML,051625,DRY,10,5/13/2026,6/30/2026,5/16/2026,600,600,0,0,600,600
USSEA,USSEA,HKHKG,"Seattle, WA, USSEA","Seattle, WA, USSEA","Hong Kong, , HKHKG",HKHKG,YMJA,YML,051625,DRY,10,5/13/2026,6/30/2026,5/16/2026,450,450,0,0,450,450
USSEA,USTIW,HKHKG,"Seattle, WA, USSEA","Tacoma, WA, USTIW","Hong Kong, , HKHKG",HKHKG,YMJA,YML,051625,DRY,10,5/13/2026,6/30/2026,5/16/2026,550,550,0,0,550,550
USSEA,USSEA,CNHDG,"Seattle, WA, USSEA","Seattle, WA, USSEA","Huadu Pt, 44, CNHDG",CNHDG,YMJA,YML,051625,DRY,10,5/13/2026,6/30/2026,5/16/2026,1050,1050,0,0,1050,1050
USSEA,USTIW,CNHDG,"Seattle, WA, USSEA","Tacoma, WA, USTIW","Huadu Pt, 44, CNHDG",CNHDG,YMJA,YML,051625,DRY,10,5/13/2026,6/30/2026,5/16/2026,1150,1150,0,0,1150,1150
USSEA,USSEA,CNHUA,"Seattle, WA, USSEA","Seattle, WA, USSEA","Huangpu Pt, 44, CNHUA",CNHUA,YMJA,YML,051625,DRY,10,5/13/2026,6/30/2026,5/16/2026,600,600,0,0,600,600
USSEA,USTIW,CNHUA,"Seattle, WA, USSEA","Tacoma, WA, USTIW","Huangpu Pt, 44, CNHUA",CNHUA,YMJA,YML,051625,DRY,10,5/13/2026,6/30/2026,5/16/2026,700,700,0,0,700,700
USSEA,USSEA,CNGZG,"Seattle, WA, USSEA","Seattle, WA, USSEA","Guangzhou Pt, 22, CNGZG",CNGZG,YMJA,YML,051625,DRY,10,5/13/2026,6/30/2026,5/16/2026,600,600,0,0,600,600
USSEA,USTIW,CNGZG,"Seattle, WA, USSEA","Tacoma, WA, USTIW","Guangzhou Pt, 22, CNGZG",CNGZG,YMJA,YML,051625,DRY,10,5/13/2026,6/30/2026,5/16/2026,700,700,0,0,700,700
USSEA,USSEA,IDJKT,"Seattle, WA, USSEA","Seattle, WA, USSEA","Jakarta, JK, IDJKT",IDJKT,YMJA,YML,051625,DRY,10,5/13/2026,6/30/2026,5/16/2026,900,900,0,0,900,900
USSEA,USTIW,IDJKT,"Seattle, WA, USSEA","Tacoma, WA, USTIW","Jakarta, JK, IDJKT",IDJKT,YMJA,YML,051625,DRY,10,5/13/2026,6/30/2026,5/16/2026,1000,1000,0,0,1000,1000
USSEA,USSEA,AEJEA,"Seattle, WA, USSEA","Seattle, WA, USSEA","Jebel Ali, , AEJEA",AEJEA,YMJA,YML,051625,DRY,10,5/13/2026,6/30/2026,5/16/2026,2884,2884,0,0,2884,2884
USSEA,USTIW,AEJEA,"Seattle, WA, USSEA","Tacoma, WA, USTIW","Jebel Ali, , AEJEA",AEJEA,YMJA,YML,051625,DRY,10,5/13/2026,6/30/2026,5/16/2026,2984,2984,0,0,2984,2984
USSEA,USSEA,TWKHH,"Seattle, WA, USSEA","Seattle, WA, USSEA","Kaohsiung, , TWKHH",TWKHH,YMJA,YML,051625,DRY,10,5/13/2026,6/30/2026,5/16/2026,500,500,0,0,500,500
USSEA,USTIW,TWKHH,"Seattle, WA, USSEA","Tacoma, WA, USTIW","Kaohsiung, , TWKHH",TWKHH,YMJA,YML,051625,DRY,10,5/13/2026,6/30/2026,5/16/2026,500,500,0,0,500,500
USSEA,USSEA,TWKHH,"Seattle, WA, USSEA","Seattle, WA, USSEA","Kaohsiung, , TWKHH",TWKHH,YMJA,YML,051625,DRY,10,5/13/2026,6/30/2026,5/16/2026,350,350,0,0,350,350
USSEA,USTIW,TWKHH,"Seattle, WA, USSEA","Tacoma, WA, USTIW","Kaohsiung, , TWKHH",TWKHH,YMJA,YML,051625,DRY,10,5/13/2026,6/30/2026,5/16/2026,350,350,0,0,350,350
USSEA,USSEA,TWKEL,"Seattle, WA, USSEA","Seattle, WA, USSEA","Keelung, , TWKEL",TWKEL,YMJA,YML,051625,DRY,10,5/13/2026,6/30/2026,5/16/2026,450,450,0,0,450,450
USSEA,USTIW,TWKEL,"Seattle, WA, USSEA","Tacoma, WA, USTIW","Keelung, , TWKEL",TWKEL,YMJA,YML,051625,DRY,10,5/13/2026,6/30/2026,5/16/2026,450,450,0,0,450,450
USSEA,USSEA,TWKEL,"Seattle, WA, USSEA","Seattle, WA, USSEA","Keelung, , TWKEL",TWKEL,YMJA,YML,051625,DRY,10,5/13/2026,6/30/2026,5/16/2026,600,600,0,0,600,600
USSEA,USTIW,TWKEL,"Seattle, WA, USSEA","Tacoma, WA, USTIW","Keelung, , TWKEL",TWKEL,YMJA,YML,051625,DRY,10,5/13/2026,6/30/2026,5/16/2026,600,600,0,0,600,600
USSEA,USSEA,JPUKB,"Seattle, WA, USSEA","Seattle, WA, USSEA","Kobe, 28, JPUKB",JPUKB,YMJA,YML,051625,DRY,10,5/13/2026,6/30/2026,5/16/2026,550,550,0,0,550,550
USSEA,USTIW,JPUKB,"Seattle, WA, USSEA","Tacoma, WA, USTIW","Kobe, 28, JPUKB",JPUKB,YMJA,YML,051625,DRY,10,5/13/2026,6/30/2026,5/16/2026,650,650,0,0,650,650
USSEA,USSEA,JPUKB,"Seattle, WA, USSEA","Seattle, WA, USSEA","Kobe, 28, JPUKB",JPUKB,YMJA,YML,051625,DRY,10,5/13/2026,6/30/2026,5/16/2026,300,300,0,0,300,300
USSEA,USTIW,JPUKB,"Seattle, WA, USSEA","Tacoma, WA, USTIW","Kobe, 28, JPUKB",JPUKB,YMJA,YML,051625,DRY,10,5/13/2026,6/30/2026,5/16/2026,400,400,0,0,400,400
USSEA,USSEA,KRKAN,"Seattle, WA, USSEA","Seattle, WA, USSEA","Gwangyang, 46, KRKAN",KRKAN,YMJA,YML,051625,DRY,10,5/13/2026,6/30/2026,5/16/2026,400,400,0,0,400,400
USSEA,USTIW,KRKAN,"Seattle, WA, USSEA","Tacoma, WA, USTIW","Gwangyang, 46, KRKAN",KRKAN,YMJA,YML,051625,DRY,10,5/13/2026,6/30/2026,5/16/2026,500,500,0,0,500,500
USSEA,USSEA,THLCH,"Seattle, WA, USSEA","Seattle, WA, USSEA","Laem Chabang, 20, THLCH",THLCH,YMJA,YML,051625,DRY,10,5/13/2026,6/30/2026,5/16/2026,400,400,0,0,400,400
USSEA,USTIW,THLCH,"Seattle, WA, USSEA","Tacoma, WA, USTIW","Laem Chabang, 20, THLCH",THLCH,YMJA,YML,051625,DRY,10,5/13/2026,6/30/2026,5/16/2026,500,500,0,0,500,500
USSEA,USSEA,THLKR,"Seattle, WA, USSEA","Seattle, WA, USSEA","Lat Krabang, 10, THLKR",THLKR,YMJA,YML,051625,DRY,10,5/13/2026,6/30/2026,5/16/2026,550,550,0,0,550,550
USSEA,USTIW,THLKR,"Seattle, WA, USSEA","Tacoma, WA, USTIW","Lat Krabang, 10, THLKR",THLKR,YMJA,YML,051625,DRY,10,5/13/2026,6/30/2026,5/16/2026,650,650,0,0,650,650
USSEA,USSEA,PHMNL,"Seattle, WA, USSEA","Seattle, WA, USSEA","Manila, , PHMNL",PHMNL,YMJA,YML,051625,DRY,10,5/13/2026,6/30/2026,5/16/2026,750,750,0,0,750,750
USSEA,USTIW,PHMNL,"Seattle, WA, USSEA","Tacoma, WA, USTIW","Manila, , PHMNL",PHMNL,YMJA,YML,051625,DRY,10,5/13/2026,6/30/2026,5/16/2026,850,850,0,0,850,850
USSEA,USSEA,JPNGO,"Seattle, WA, USSEA","Seattle, WA, USSEA","Nagoya, Aichi, 23, JPNGO",JPNGO,YMJA,YML,051625,DRY,10,5/13/2026,6/30/2026,5/16/2026,550,550,0,0,550,550
USSEA,USTIW,JPNGO,"Seattle, WA, USSEA","Tacoma, WA, USTIW","Nagoya, Aichi, 23, JPNGO",JPNGO,YMJA,YML,051625,DRY,10,5/13/2026,6/30/2026,5/16/2026,650,650,0,0,650,650
USSEA,USSEA,JPNGO,"Seattle, WA, USSEA","Seattle, WA, USSEA","Nagoya, Aichi, 23, JPNGO",JPNGO,YMJA,YML,051625,DRY,10,5/13/2026,6/30/2026,5/16/2026,300,300,0,0,300,300
USSEA,USTIW,JPNGO,"Seattle, WA, USSEA","Tacoma, WA, USTIW","Nagoya, Aichi, 23, JPNGO",JPNGO,YMJA,YML,051625,DRY,10,5/13/2026,6/30/2026,5/16/2026,400,400,0,0,400,400
USSEA,USSEA,CNNBG,"Seattle, WA, USSEA","Seattle, WA, USSEA","Ningbo Pt, 33, CNNBG",CNNBG,YMJA,YML,051625,DRY,10,5/13/2026,6/30/2026,5/16/2026,550,550,0,0,550,550
USSEA,USTIW,CNNBG,"Seattle, WA, USSEA","Tacoma, WA, USTIW","Ningbo Pt, 33, CNNBG",CNNBG,YMJA,YML,051625,DRY,10,5/13/2026,6/30/2026,5/16/2026,650,650,0,0,650,650
USSEA,USSEA,CNNBG,"Seattle, WA, USSEA","Seattle, WA, USSEA","Ningbo Pt, 33, CNNBG",CNNBG,YMJA,YML,051625,DRY,10,5/13/2026,6/30/2026,5/16/2026,250,250,0,0,250,250
USSEA,USTIW,CNNBG,"Seattle, WA, USSEA","Tacoma, WA, USTIW","Ningbo Pt, 33, CNNBG",CNNBG,YMJA,YML,051625,DRY,10,5/13/2026,6/30/2026,5/16/2026,350,350,0,0,350,350
USSEA,USSEA,JPOSA,"Seattle, WA, USSEA","Seattle, WA, USSEA","Osaka, 27, JPOSA",JPUKB,YMJA,YML,051625,DRY,10,5/13/2026,6/30/2026,5/16/2026,650,650,0,0,650,650
USSEA,USTIW,JPOSA,"Seattle, WA, USSEA","Tacoma, WA, USTIW","Osaka, 27, JPOSA",JPUKB,YMJA,YML,051625,DRY,10,5/13/2026,6/30/2026,5/16/2026,750,750,0,0,750,750
USSEA,USSEA,MYPGU,"Seattle, WA, USSEA","Seattle, WA, USSEA","Pasir Gudang, Johor, , MYPGU",MYPGU,YMJA,YML,051625,DRY,10,5/13/2026,6/30/2026,5/16/2026,650,650,0,0,650,650
USSEA,USTIW,MYPGU,"Seattle, WA, USSEA","Tacoma, WA, USTIW","Pasir Gudang, Johor, , MYPGU",MYPGU,YMJA,YML,051625,DRY,10,5/13/2026,6/30/2026,5/16/2026,750,750,0,0,750,750
USSEA,USSEA,MYPEN,"Seattle, WA, USSEA","Seattle, WA, USSEA","Penang, , MYPEN",MYPEN,YMJA,YML,051625,DRY,10,5/13/2026,6/30/2026,5/16/2026,750,750,0,0,750,750
USSEA,USTIW,MYPEN,"Seattle, WA, USSEA","Tacoma, WA, USTIW","Penang, , MYPEN",MYPEN,YMJA,YML,051625,DRY,10,5/13/2026,6/30/2026,5/16/2026,850,850,0,0,850,850
USSEA,USSEA,MYPKG,"Seattle, WA, USSEA","Seattle, WA, USSEA","Port Klang, 10, MYPKG",MYPKG,YMJA,YML,051625,DRY,10,5/13/2026,6/30/2026,5/16/2026,650,650,0,0,650,650
USSEA,USTIW,MYPKG,"Seattle, WA, USSEA","Tacoma, WA, USTIW","Port Klang, 10, MYPKG",MYPKG,YMJA,YML,051625,DRY,10,5/13/2026,6/30/2026,5/16/2026,750,750,0,0,750,750
USSEA,USSEA,KRPUS,"Seattle, WA, USSEA","Seattle, WA, USSEA","Busan, 26, KRPUS",KRPUS,YMJA,YML,051625,DRY,10,5/13/2026,6/30/2026,5/16/2026,550,550,0,0,550,550
USSEA,USTIW,KRPUS,"Seattle, WA, USSEA","Tacoma, WA, USTIW","Busan, 26, KRPUS",KRPUS,YMJA,YML,051625,DRY,10,5/13/2026,6/30/2026,5/16/2026,650,650,0,0,650,650
USSEA,USSEA,KRPUS,"Seattle, WA, USSEA","Seattle, WA, USSEA","Busan, 26, KRPUS",KRPUS,YMJA,YML,051625,DRY,10,5/13/2026,6/30/2026,5/16/2026,300,300,0,0,300,300
USSEA,USTIW,KRPUS,"Seattle, WA, USSEA","Tacoma, WA, USTIW","Busan, 26, KRPUS",KRPUS,YMJA,YML,051625,DRY,10,5/13/2026,6/30/2026,5/16/2026,400,400,0,0,400,400
USSEA,USSEA,CNTAO,"Seattle, WA, USSEA","Seattle, WA, USSEA","Qingdao, 37, CNTAO",CNTAO,YMJA,YML,051625,DRY,10,5/13/2026,6/30/2026,5/16/2026,550,550,0,0,550,550
USSEA,USTIW,CNTAO,"Seattle, WA, USSEA","Tacoma, WA, USTIW","Qingdao, 37, CNTAO",CNTAO,YMJA,YML,051625,DRY,10,5/13/2026,6/30/2026,5/16/2026,650,650,0,0,650,650
USSEA,USSEA,CNTAO,"Seattle, WA, USSEA","Seattle, WA, USSEA","Qingdao, 37, CNTAO",CNTAO,YMJA,YML,051625,DRY,10,5/13/2026,6/30/2026,5/16/2026,250,250,0,0,250,250
USSEA,USTIW,CNTAO,"Seattle, WA, USSEA","Tacoma, WA, USTIW","Qingdao, 37, CNTAO",CNTAO,YMJA,YML,051625,DRY,10,5/13/2026,6/30/2026,5/16/2026,350,350,0,0,350,350
USSEA,USSEA,JPSKT,"Seattle, WA, USSEA","Seattle, WA, USSEA","Sakata, 6, JPSKT",JPSKT,YMJA,YML,051625,DRY,10,5/13/2026,6/30/2026,5/16/2026,2380,2380,0,0,2380,2380
USSEA,USTIW,JPSKT,"Seattle, WA, USSEA","Tacoma, WA, USTIW","Sakata, 6, JPSKT",JPSKT,YMJA,YML,051625,DRY,10,5/13/2026,6/30/2026,5/16/2026,2480,2480,0,0,2480,2480
USSEA,USSEA,CNNHS,"Seattle, WA, USSEA","Seattle, WA, USSEA","Sanshan pt, 44, CNNHS",CNNHS,YMJA,YML,051625,DRY,10,5/13/2026,6/30/2026,5/16/2026,875,875,0,0,875,875
USSEA,USTIW,CNNHS,"Seattle, WA, USSEA","Tacoma, WA, USTIW","Sanshan pt, 44, CNNHS",CNNHS,YMJA,YML,051625,DRY,10,5/13/2026,6/30/2026,5/16/2026,975,975,0,0,975,975
USSEA,USSEA,CNNAH,"Seattle, WA, USSEA","Seattle, WA, USSEA","Nanhai Pt, 44, CNNAH",CNNAH,YMJA,YML,051625,DRY,10,5/13/2026,6/30/2026,5/16/2026,875,875,0,0,875,875
USSEA,USTIW,CNNAH,"Seattle, WA, USSEA","Tacoma, WA, USTIW","Nanhai Pt, 44, CNNAH",CNNAH,YMJA,YML,051625,DRY,10,5/13/2026,6/30/2026,5/16/2026,975,975,0,0,975,975
USSEA,USSEA,CNSHA,"Seattle, WA, USSEA","Seattle, WA, USSEA","Shanghai, 31, CNSHA",CNSHA,YMJA,YML,051625,DRY,10,5/13/2026,6/30/2026,5/16/2026,550,550,0,0,550,550
USSEA,USTIW,CNSHA,"Seattle, WA, USSEA","Tacoma, WA, USTIW","Shanghai, 31, CNSHA",CNSHA,YMJA,YML,051625,DRY,10,5/13/2026,6/30/2026,5/16/2026,650,650,0,0,650,650
USSEA,USSEA,CNSHA,"Seattle, WA, USSEA","Seattle, WA, USSEA","Shanghai, 31, CNSHA",CNSHA,YMJA,YML,051625,DRY,10,5/13/2026,6/30/2026,5/16/2026,250,250,0,0,250,250
USSEA,USTIW,CNSHA,"Seattle, WA, USSEA","Tacoma, WA, USTIW","Shanghai, 31, CNSHA",CNSHA,YMJA,YML,051625,DRY,10,5/13/2026,6/30/2026,5/16/2026,350,350,0,0,350,350
USSEA,USSEA,SGSIN,"Seattle, WA, USSEA","Seattle, WA, USSEA","Singapore, , SGSIN",SGSIN,YMJA,YML,051625,DRY,10,5/13/2026,6/30/2026,5/16/2026,550,550,0,0,550,550
USSEA,USTIW,SGSIN,"Seattle, WA, USSEA","Tacoma, WA, USTIW","Singapore, , SGSIN",SGSIN,YMJA,YML,051625,DRY,10,5/13/2026,6/30/2026,5/16/2026,650,650,0,0,650,650
USSEA,USSEA,SGSIN,"Seattle, WA, USSEA","Seattle, WA, USSEA","Singapore, , SGSIN",SGSIN,YMJA,YML,051625,DRY,10,5/13/2026,6/30/2026,5/16/2026,250,250,0,0,250,250
USSEA,USTIW,SGSIN,"Seattle, WA, USSEA","Tacoma, WA, USTIW","Singapore, , SGSIN",SGSIN,YMJA,YML,051625,DRY,10,5/13/2026,6/30/2026,5/16/2026,350,350,0,0,350,350
USSEA,USSEA,IDSUB,"Seattle, WA, USSEA","Seattle, WA, USSEA","Surabaya, JI, IDSUB",IDSUB,YMJA,YML,051625,DRY,10,5/13/2026,6/30/2026,5/16/2026,900,900,0,0,900,900
USSEA,USTIW,IDSUB,"Seattle, WA, USSEA","Tacoma, WA, USTIW","Surabaya, JI, IDSUB",IDSUB,YMJA,YML,051625,DRY,10,5/13/2026,6/30/2026,5/16/2026,1000,1000,0,0,1000,1000
USSEA,USSEA,TWTXG,"Seattle, WA, USSEA","Seattle, WA, USSEA","Taichung, , TWTXG",TWTXG,YMJA,YML,051625,DRY,10,5/13/2026,6/30/2026,5/16/2026,375,375,0,0,375,375
USSEA,USTIW,TWTXG,"Seattle, WA, USSEA","Tacoma, WA, USTIW","Taichung, , TWTXG",TWTXG,YMJA,YML,051625,DRY,10,5/13/2026,6/30/2026,5/16/2026,375,375,0,0,375,375
USSEA,USSEA,TWTYN,"Seattle, WA, USSEA","Seattle, WA, USSEA","Taoyuan, , TWTYN",TWTYN,YMJA,YML,051625,DRY,10,5/13/2026,6/30/2026,5/16/2026,500,500,0,0,500,500
USSEA,USTIW,TWTYN,"Seattle, WA, USSEA","Tacoma, WA, USTIW","Taoyuan, , TWTYN",TWTYN,YMJA,YML,051625,DRY,10,5/13/2026,6/30/2026,5/16/2026,500,500,0,0,500,500
USSEA,USSEA,JPTYO,"Seattle, WA, USSEA","Seattle, WA, USSEA","Tokyo, 13, JPTYO",JPTYO,YMJA,YML,051625,DRY,10,5/13/2026,6/30/2026,5/16/2026,550,550,0,0,550,550
USSEA,USTIW,JPTYO,"Seattle, WA, USSEA","Tacoma, WA, USTIW","Tokyo, 13, JPTYO",JPTYO,YMJA,YML,051625,DRY,10,5/13/2026,6/30/2026,5/16/2026,650,650,0,0,650,650
USSEA,USSEA,JPTYO,"Seattle, WA, USSEA","Seattle, WA, USSEA","Tokyo, 13, JPTYO",JPTYO,YMJA,YML,051625,DRY,10,5/13/2026,6/30/2026,5/16/2026,300,300,0,0,300,300
USSEA,USTIW,JPTYO,"Seattle, WA, USSEA","Tacoma, WA, USTIW","Tokyo, 13, JPTYO",JPTYO,YMJA,YML,051625,DRY,10,5/13/2026,6/30/2026,5/16/2026,400,400,0,0,400,400
USSEA,USSEA,CNXMN,"Seattle, WA, USSEA","Seattle, WA, USSEA","Xiamen, 35, CNXMN",CNXMN,YMJA,YML,051625,DRY,10,5/13/2026,6/30/2026,5/16/2026,550,550,0,0,550,550
USSEA,USTIW,CNXMN,"Seattle, WA, USSEA","Tacoma, WA, USTIW","Xiamen, 35, CNXMN",CNXMN,YMJA,YML,051625,DRY,10,5/13/2026,6/30/2026,5/16/2026,650,650,0,0,650,650
USSEA,USSEA,CNXMN,"Seattle, WA, USSEA","Seattle, WA, USSEA","Xiamen, 35, CNXMN",CNXMN,YMJA,YML,051625,DRY,10,5/13/2026,6/30/2026,5/16/2026,300,300,0,0,300,300
USSEA,USTIW,CNXMN,"Seattle, WA, USSEA","Tacoma, WA, USTIW","Xiamen, 35, CNXMN",CNXMN,YMJA,YML,051625,DRY,10,5/13/2026,6/30/2026,5/16/2026,400,400,0,0,400,400
USSEA,USSEA,CNTXG,"Seattle, WA, USSEA","Seattle, WA, USSEA","Tianjin Xingang Pt, 12, CNTXG",CNTXG,YMJA,YML,051625,DRY,10,5/13/2026,6/30/2026,5/16/2026,475,475,0,0,475,475
USSEA,USTIW,CNTXG,"Seattle, WA, USSEA","Tacoma, WA, USTIW","Tianjin Xingang Pt, 12, CNTXG",CNTXG,YMJA,YML,051625,DRY,10,5/13/2026,6/30/2026,5/16/2026,575,575,0,0,575,575
USSEA,USSEA,CNYTN,"Seattle, WA, USSEA","Seattle, WA, USSEA","Yantian Pt, 44, CNYTN",CNYTN,YMJA,YML,051625,DRY,10,5/13/2026,6/30/2026,5/16/2026,550,550,0,0,550,550
USSEA,USTIW,CNYTN,"Seattle, WA, USSEA","Tacoma, WA, USTIW","Yantian Pt, 44, CNYTN",CNYTN,YMJA,YML,051625,DRY,10,5/13/2026,6/30/2026,5/16/2026,650,650,0,0,650,650
USSEA,USSEA,CNYTN,"Seattle, WA, USSEA","Seattle, WA, USSEA","Yantian Pt, 44, CNYTN",CNYTN,YMJA,YML,051625,DRY,10,5/13/2026,6/30/2026,5/16/2026,300,300,0,0,300,300
USSEA,USTIW,CNYTN,"Seattle, WA, USSEA","Tacoma, WA, USTIW","Yantian Pt, 44, CNYTN",CNYTN,YMJA,YML,051625,DRY,10,5/13/2026,6/30/2026,5/16/2026,400,400,0,0,400,400
USSEA,USSEA,JPYOK,"Seattle, WA, USSEA","Seattle, WA, USSEA","Yokohama, 14, JPYOK",JPYOK,YMJA,YML,051625,DRY,10,5/13/2026,6/30/2026,5/16/2026,850,850,0,0,850,850
USSEA,USTIW,JPYOK,"Seattle, WA, USSEA","Tacoma, WA, USTIW","Yokohama, 14, JPYOK",JPYOK,YMJA,YML,051625,DRY,10,5/13/2026,6/30/2026,5/16/2026,950,950,0,0,950,950
USORF,USORF,BDCGP,"Norfolk, VA, USORF","Norfolk, VA, USORF","Chattogram/Chittagong, , BDCGP",BDCGP,MAEU,Maersk,300094432,DRY,0,4/1/2026,9/30/2026,3/24/2026,2474,2474,0,0,2474,2474
USORF,USORF,CNAQG,"Norfolk, VA, USORF","Norfolk, VA, USORF","Anqing Pt, 34, CNAQG",CNAQG,MAEU,Maersk,300094432,DRY,0,4/1/2026,9/30/2026,3/24/2026,796,796,0,0,796,796
USORF,USORF,CNCHQ,"Norfolk, VA, USORF","Norfolk, VA, USORF","Chongqing Pt, 50, CNCHQ",CNCHQ,MAEU,Maersk,300094432,DRY,0,4/1/2026,9/30/2026,3/24/2026,476,476,0,0,476,476
USORF,USORF,CNCZX,"Norfolk, VA, USORF","Norfolk, VA, USORF","Changzhou Pt, 32, CNCZX",CNCZX,MAEU,Maersk,300094432,DRY,0,4/1/2026,9/30/2026,3/24/2026,770,770,0,0,770,770
USORF,USORF,CNDLC,"Norfolk, VA, USORF","Norfolk, VA, USORF","Dalian, 21, CNDLC",CNDLC,MAEU,Maersk,300094432,DRY,0,4/1/2026,9/30/2026,3/24/2026,323,323,0,0,323,323
USORF,USORF,CNDFG,"Norfolk, VA, USORF","Norfolk, VA, USORF","Dafeng Pt, 22, CNDFG",CNDFG,MAEU,Maersk,300094432,DRY,0,4/1/2026,9/30/2026,3/24/2026,414,414,0,0,414,414
USORF,USORF,CNFZG,"Norfolk, VA, USORF","Norfolk, VA, USORF","Fuzhou Pt, 23, CNFZG",CNFZG,MAEU,Maersk,300094432,DRY,0,4/1/2026,9/30/2026,3/24/2026,323,323,0,0,323,323
USORF,USORF,CNGOM,"Norfolk, VA, USORF","Norfolk, VA, USORF","Gaoming Pt, 44, CNGOM",CNGOM,MAEU,Maersk,300094432,DRY,0,4/1/2026,9/30/2026,3/24/2026,784,784,0,0,784,784
USORF,USORF,CNHUA,"Norfolk, VA, USORF","Norfolk, VA, USORF","Huangpu Pt, 44, CNHUA",CNHUA,MAEU,Maersk,300094432,DRY,0,4/1/2026,9/30/2026,3/24/2026,486,486,0,0,486,486
USORF,USORF,CNJIA,"Norfolk, VA, USORF","Norfolk, VA, USORF","Jiangyin Pt, 32, CNJIA",CNJIA,MAEU,Maersk,300094432,DRY,0,4/1/2026,9/30/2026,3/24/2026,633,633,0,0,633,633
USORF,USORF,CNJIU,"Norfolk, VA, USORF","Norfolk, VA, USORF","Jiujiang Pt, 36, CNJIU",CNJIU,MAEU,Maersk,300094432,DRY,0,4/1/2026,9/30/2026,3/24/2026,1520,1520,0,0,1520,1520
USORF,USORF,CNJMN,"Norfolk, VA, USORF","Norfolk, VA, USORF","Jiangmen Pt, 44, CNJMN",CNJMN,MAEU,Maersk,300094432,DRY,0,4/1/2026,9/30/2026,3/24/2026,754,754,0,0,754,754
USORF,USORF,CNLYG,"Norfolk, VA, USORF","Norfolk, VA, USORF","Lianyungang, 32, CNLYG",CNLYG,MAEU,Maersk,300094432,DRY,0,4/1/2026,9/30/2026,3/24/2026,286,286,0,0,286,286
USORF,USORF,CNNBG,"Norfolk, VA, USORF","Norfolk, VA, USORF","Ningbo Pt, 33, CNNBG",CNNBG,MAEU,Maersk,300094432,DRY,0,4/1/2026,9/30/2026,3/24/2026,146,146,0,0,146,146
USORF,USORF,CNNJG,"Norfolk, VA, USORF","Norfolk, VA, USORF","Nanjing Pt, 35, CNNJG",CNNJG,MAEU,Maersk,300094432,DRY,0,4/1/2026,9/30/2026,3/24/2026,637,637,0,0,637,637
USORF,USORF,CNNTG,"Norfolk, VA, USORF","Norfolk, VA, USORF","Nantong Pt, 32, CNNTG",CNNTG,MAEU,Maersk,300094432,DRY,0,4/1/2026,9/30/2026,3/24/2026,284,284,0,0,284,284
USORF,USORF,CNTAO,"Norfolk, VA, USORF","Norfolk, VA, USORF","Qingdao, 37, CNTAO",CNTAO,MAEU,Maersk,300094432,DRY,0,4/1/2026,9/30/2026,3/24/2026,46,46,0,0,46,46
USORF,USORF,CNQZH,"Norfolk, VA, USORF","Norfolk, VA, USORF","Qinzhou Pt, 45, CNQZH",CNQZH,MAEU,Maersk,300094432,DRY,0,4/1/2026,9/30/2026,3/24/2026,708,708,0,0,708,708
USORF,USORF,CNRUG,"Norfolk, VA, USORF","Norfolk, VA, USORF","Rugao Pt, 32, CNRUG",CNRUG,MAEU,Maersk,300094432,DRY,0,4/1/2026,9/30/2026,3/24/2026,426,426,0,0,426,426
USORF,USORF,CNSHA,"Norfolk, VA, USORF","Norfolk, VA, USORF","Shanghai, 31, CNSHA",CNSHA,MAEU,Maersk,300094432,DRY,0,4/1/2026,9/30/2026,3/24/2026,183,183,0,0,183,183
USORF,USORF,CNTXG,"Norfolk, VA, USORF","Norfolk, VA, USORF","Tianjin Xingang Pt, 12, CNTXG",CNTXG,MAEU,Maersk,300094432,DRY,0,4/1/2026,9/30/2026,3/24/2026,76,76,0,0,76,76
USORF,USORF,CNWHG,"Norfolk, VA, USORF","Norfolk, VA, USORF","Wuhan Pt, 42, CNWHG",CNWHG,MAEU,Maersk,300094432,DRY,0,4/1/2026,9/30/2026,3/24/2026,349,349,0,0,349,349
USORF,USORF,CNXMN,"Norfolk, VA, USORF","Norfolk, VA, USORF","Xiamen, 35, CNXMN",CNXMN,MAEU,Maersk,300094432,DRY,0,4/1/2026,9/30/2026,3/24/2026,226,226,0,0,226,226
USORF,USORF,CNYTN,"Norfolk, VA, USORF","Norfolk, VA, USORF","Yantian Pt, 44, CNYTN",CNYTN,MAEU,Maersk,300094432,DRY,0,4/1/2026,9/30/2026,3/24/2026,184,184,0,0,184,184
USORF,USORF,CNYYA,"Norfolk, VA, USORF","Norfolk, VA, USORF","Yueyang, 50, CNYYA",CNYYA,MAEU,Maersk,300094432,DRY,0,4/1/2026,9/30/2026,3/24/2026,286,286,0,0,286,286
USORF,USORF,CNZHU,"Norfolk, VA, USORF","Norfolk, VA, USORF","Zhuao, 41, CNZHU",CNZHU,MAEU,Maersk,300094432,DRY,0,4/1/2026,9/30/2026,3/24/2026,744,744,0,0,744,744
USORF,USORF,CNZJG,"Norfolk, VA, USORF","Norfolk, VA, USORF","Zhangjiagang, 32, CNZJG",CNZJG,MAEU,Maersk,300094432,DRY,0,4/1/2026,9/30/2026,3/24/2026,674,674,0,0,674,674
USORF,USORF,CNZNG,"Norfolk, VA, USORF","Norfolk, VA, USORF","Zhanjiang Pt, 44, CNZNG",CNZNG,MAEU,Maersk,300094432,DRY,0,4/1/2026,9/30/2026,3/24/2026,884,884,0,0,884,884
USORF,USORF,CRCAR,"Norfolk, VA, USORF","Norfolk, VA, USORF","Cartago, C, CRCAR","Puerto Moin, CR",MAEU,Maersk,300094432,DRY,0,4/1/2026,9/30/2026,3/24/2026,2220,2220,0,0,2220,2220
USORF,USORF,CRPMN,"Norfolk, VA, USORF","Norfolk, VA, USORF","Puerto Moin, L, CRPMN",CRPMN,MAEU,Maersk,300094432,DRY,0,4/1/2026,9/30/2026,3/24/2026,1526,1526,0,0,1526,1526
USORF,USORF,CRSJO,"Norfolk, VA, USORF","Norfolk, VA, USORF","San Jose, SJ, CRSJO","Puerto Moin, CR",MAEU,Maersk,300094432,DRY,0,4/1/2026,9/30/2026,3/24/2026,2160,2160,0,0,2160,2160
USORF,USORF,DZALG,"Norfolk, VA, USORF","Norfolk, VA, USORF","Alger (Algiers), 16, DZALG",DZALG,MAEU,Maersk,300094432,DRY,0,4/1/2026,9/30/2026,3/24/2026,2416,2416,0,0,2416,2416
USORF,USORF,ECPSJ,"Norfolk, VA, USORF","Norfolk, VA, USORF","Posorja, G, ECPSJ",ECPSJ,MAEU,Maersk,300094432,DRY,0,4/1/2026,9/30/2026,3/24/2026,1749,1749,0,0,1749,1749
USORF,USORF,EGALY,"Norfolk, VA, USORF","Norfolk, VA, USORF","Alexandria, , EGALY",EGALY,MAEU,Maersk,300094432,DRY,0,4/1/2026,9/30/2026,3/24/2026,1552,1552,0,0,1552,1552
USORF,USORF,EGDAM,"Norfolk, VA, USORF","Norfolk, VA, USORF","Damietta, , EGDAM",EGDAM,MAEU,Maersk,300094432,DRY,0,4/1/2026,9/30/2026,3/24/2026,1552,1552,0,0,1552,1552
USORF,USORF,GTAMA,"Norfolk, VA, USORF","Norfolk, VA, USORF","Amatitlan, GU, GTAMA","Santo Tomas de Castilla, GT",MAEU,Maersk,300094432,DRY,0,4/1/2026,9/30/2026,3/24/2026,2146,2146,0,0,2146,2146
USORF,USORF,GTGUA,"Norfolk, VA, USORF","Norfolk, VA, USORF","Guatemala City, , GTGUA","Santo Tomas de Castilla, GT",MAEU,Maersk,300094432,DRY,0,4/1/2026,9/30/2026,3/24/2026,2221,2221,0,0,2221,2221
USORF,USORF,GTPAL,"Norfolk, VA, USORF","Norfolk, VA, USORF","Palin, , GTPAL","Santo Tomas de Castilla, GT",MAEU,Maersk,300094432,DRY,0,4/1/2026,9/30/2026,3/24/2026,2196,2196,0,0,2196,2196
USORF,USORF,GTSTC,"Norfolk, VA, USORF","Norfolk, VA, USORF","Puerto Santo Tomas de Castilla, IZ, GTSTC",GTSTC,MAEU,Maersk,300094432,DRY,0,4/1/2026,9/30/2026,3/24/2026,1661,1661,0,0,1661,1661
USORF,USORF,GTVIN,"Norfolk, VA, USORF","Norfolk, VA, USORF","Villa Nueva, , GTVIN","Santo Tomas de Castilla, GT",MAEU,Maersk,300094432,DRY,0,4/1/2026,9/30/2026,3/24/2026,2311,2311,0,0,2311,2311
USORF,USORF,HKHKG,"Norfolk, VA, USORF","Norfolk, VA, USORF","Hong Kong, , HKHKG",HKHKG,MAEU,Maersk,300094432,DRY,0,4/1/2026,9/30/2026,3/24/2026,564,564,0,0,564,564
USORF,USORF,HNCHO,"Norfolk, VA, USORF","Norfolk, VA, USORF","Choloma, , HNCHO","Puerto Cortes, HN",MAEU,Maersk,300094432,DRY,0,4/1/2026,9/30/2026,3/24/2026,1966,1966,0,0,1966,1966
USORF,USORF,HNCOF,"Norfolk, VA, USORF","Norfolk, VA, USORF","Cofradia, OL, HNCOF","Puerto Cortes, HN",MAEU,Maersk,300094432,DRY,0,4/1/2026,9/30/2026,3/24/2026,2001,2001,0,0,2001,2001
USORF,USORF,HNNAC,"Norfolk, VA, USORF","Norfolk, VA, USORF","Naco, SB, HNNAC","Puerto Cortes, HN",MAEU,Maersk,300094432,DRY,0,4/1/2026,9/30/2026,3/24/2026,2011,2011,0,0,2011,2011
USORF,USORF,HNPCR,"Norfolk, VA, USORF","Norfolk, VA, USORF","Puerto Cortes, , HNPCR",HNPCR,MAEU,Maersk,300094432,DRY,0,4/1/2026,9/30/2026,3/24/2026,1636,1636,0,0,1636,1636
USORF,USORF,HNSAP,"Norfolk, VA, USORF","Norfolk, VA, USORF","San Pedro Sula, , HNSAP","Puerto Cortes, HN",MAEU,Maersk,300094432,DRY,0,4/1/2026,9/30/2026,3/24/2026,1996,1996,0,0,1996,1996
USORF,USORF,HNSBA,"Norfolk, VA, USORF","Norfolk, VA, USORF","Santa Barbara, , HNSBA","Puerto Cortes, HN",MAEU,Maersk,300094432,DRY,0,4/1/2026,9/30/2026,3/24/2026,2286,2286,0,0,2286,2286
USORF,USORF,IDJKT,"Norfolk, VA, USORF","Norfolk, VA, USORF","Jakarta, JK, IDJKT",IDJKT,MAEU,Maersk,300094432,DRY,0,4/1/2026,9/30/2026,3/24/2026,721,721,0,0,721,721
USORF,USORF,IDSRG,"Norfolk, VA, USORF","Norfolk, VA, USORF","Semarang, JT, IDSRG",IDSRG,MAEU,Maersk,300094432,DRY,0,4/1/2026,9/30/2026,3/24/2026,721,721,0,0,721,721
USORF,USORF,IDSUB,"Norfolk, VA, USORF","Norfolk, VA, USORF","Surabaya, JI, IDSUB",IDSUB,MAEU,Maersk,300094432,DRY,0,4/1/2026,9/30/2026,3/24/2026,721,721,0,0,721,721
USORF,USORF,INCOK,"Norfolk, VA, USORF","Norfolk, VA, USORF","Cochin, KL, INCOK",INCOK,MAEU,Maersk,300094432,DRY,0,4/1/2026,9/30/2026,3/24/2026,1701,1701,0,0,1701,1701
USORF,USORF,INMAA,"Norfolk, VA, USORF","Norfolk, VA, USORF","Chennai (ex Madras), TN, INMAA",INMAA,MAEU,Maersk,300094432,DRY,0,4/1/2026,9/30/2026,3/24/2026,1701,1701,0,0,1701,1701
USORF,USORF,INMUN,"Norfolk, VA, USORF","Norfolk, VA, USORF","Mundra, GJ, INMUN",INMUN,MAEU,Maersk,300094432,DRY,0,4/1/2026,9/30/2026,3/24/2026,1357,1357,0,0,1357,1357
USORF,USORF,INNSA,"Norfolk, VA, USORF","Norfolk, VA, USORF","Nhava Sheva, MH, INNSA",INNSA,MAEU,Maersk,300094432,DRY,0,4/1/2026,9/30/2026,3/24/2026,1357,1357,0,0,1357,1357
USORF,USORF,INTUT,"Norfolk, VA, USORF","Norfolk, VA, USORF","Tuticorin, TN, INTUT",INTUT,MAEU,Maersk,300094432,DRY,0,4/1/2026,9/30/2026,3/24/2026,1357,1357,0,0,1357,1357
USORF,USORF,JPNGO,"Norfolk, VA, USORF","Norfolk, VA, USORF","Nagoya, Aichi, 23, JPNGO",JPNGO,MAEU,Maersk,300094432,DRY,0,4/1/2026,9/30/2026,3/24/2026,326,326,0,0,326,326
USORF,USORF,JPOSA,"Norfolk, VA, USORF","Norfolk, VA, USORF","Osaka, 27, JPOSA","Kobe, JP",MAEU,Maersk,300094432,DRY,0,4/1/2026,9/30/2026,3/24/2026,376,376,0,0,376,376
USORF,USORF,JPTYO,"Norfolk, VA, USORF","Norfolk, VA, USORF","Tokyo, 13, JPTYO",JPTYO,MAEU,Maersk,300094432,DRY,0,4/1/2026,9/30/2026,3/24/2026,326,326,0,0,326,326
USORF,USORF,JPUKB,"Norfolk, VA, USORF","Norfolk, VA, USORF","Kobe, 28, JPUKB",JPUKB,MAEU,Maersk,300094432,DRY,0,4/1/2026,9/30/2026,3/24/2026,463,463,0,0,463,463
USORF,USORF,JPYKK,"Norfolk, VA, USORF","Norfolk, VA, USORF","Yokkaichi, 24, JPYKK","Nagoya, JP",MAEU,Maersk,300094432,DRY,0,4/1/2026,9/30/2026,3/24/2026,613.18,613.18,0,0,613.18,613.18
USORF,USORF,JPYOK,"Norfolk, VA, USORF","Norfolk, VA, USORF","Yokohama, 14, JPYOK",JPYOK,MAEU,Maersk,300094432,DRY,0,4/1/2026,9/30/2026,3/24/2026,880,880,0,0,880,880
USORF,USORF,KRKAN,"Norfolk, VA, USORF","Norfolk, VA, USORF","Gwangyang, 46, KRKAN",KRKAN,MAEU,Maersk,300094432,DRY,0,4/1/2026,9/30/2026,3/24/2026,353,353,0,0,353,353
USORF,USORF,KRPUS,"Norfolk, VA, USORF","Norfolk, VA, USORF","Busan, 26, KRPUS",KRPUS,MAEU,Maersk,300094432,DRY,0,4/1/2026,9/30/2026,3/24/2026,263,263,0,0,263,263
USORF,USORF,MACAS,"Norfolk, VA, USORF","Norfolk, VA, USORF","Casablanca, CAS, MACAS",MACAS,MAEU,Maersk,300094432,DRY,0,4/1/2026,9/30/2026,3/24/2026,1886,1886,0,0,1886,1886
USORF,USORF,MMTLA,"Norfolk, VA, USORF","Norfolk, VA, USORF","Thilawa, 6, MMTLA",MMTLA,MAEU,Maersk,300094432,DRY,0,4/1/2026,9/30/2026,3/24/2026,1218,1218,0,0,1218,1218
USORF,USORF,MYPEN,"Norfolk, VA, USORF","Norfolk, VA, USORF","Penang, , MYPEN",MYPEN,MAEU,Maersk,300094432,DRY,0,4/1/2026,9/30/2026,3/24/2026,843,843,0,0,843,843
USORF,USORF,MYPGU,"Norfolk, VA, USORF","Norfolk, VA, USORF","Pasir Gudang, Johor, , MYPGU","Tanjung Pelepas, MY",MAEU,Maersk,300094432,DRY,0,4/1/2026,9/30/2026,3/24/2026,843,843,0,0,843,843
USORF,USORF,MYPKG,"Norfolk, VA, USORF","Norfolk, VA, USORF","Port Klang, 10, MYPKG",MYPKG,MAEU,Maersk,300094432,DRY,0,4/1/2026,9/30/2026,3/24/2026,843,843,0,0,843,843
USORF,USORF,MYTPP,"Norfolk, VA, USORF","Norfolk, VA, USORF","Tanjung Pelepas, 1, MYTPP",MYTPP,MAEU,Maersk,300094432,DRY,0,4/1/2026,9/30/2026,3/24/2026,643,643,0,0,643,643
USORF,USORF,NIMGA,"Norfolk, VA, USORF","Norfolk, VA, USORF","Managua, , NIMGA","Puerto Cortes, HN",MAEU,Maersk,300094432,DRY,0,4/1/2026,9/30/2026,3/24/2026,2694,2694,0,0,2694,2694
USORF,USORF,PECLL,"Norfolk, VA, USORF","Norfolk, VA, USORF","Callao, , PECLL",PECLL,MAEU,Maersk,300094432,DRY,0,4/1/2026,9/30/2026,3/24/2026,2024,2024,0,0,2024,2024
USORF,USORF,PHCEB,"Norfolk, VA, USORF","Norfolk, VA, USORF","Cebu, , PHCEB",PHCEB,MAEU,Maersk,300094432,DRY,0,4/1/2026,9/30/2026,3/24/2026,952,952,0,0,952,952
USORF,USORF,PHMNL,"Norfolk, VA, USORF","Norfolk, VA, USORF","Manila, , PHMNL",PHMNL,MAEU,Maersk,300094432,DRY,0,4/1/2026,9/30/2026,3/24/2026,814,814,0,0,814,814
USORF,USORF,PKBQM,"Norfolk, VA, USORF","Norfolk, VA, USORF","Port Qasim/Karachi, SD, PKBQM",PKBQM,MAEU,Maersk,300094432,DRY,0,4/1/2026,9/30/2026,3/24/2026,1361,1361,0,0,1361,1361
USORF,USORF,PKBQM,"Norfolk, VA, USORF","Norfolk, VA, USORF","Port Qasim/Karachi, SD, PKBQM","Keamari Karachi, PK",MAEU,Maersk,300094432,DRY,0,4/1/2026,9/30/2026,3/24/2026,1361,1361,0,0,1361,1361
USORF,USORF,PTLEI,"Norfolk, VA, USORF","Norfolk, VA, USORF","Leixoes, 13, PTLEI",PTLEI,MAEU,Maersk,300094432,DRY,0,4/1/2026,9/30/2026,3/24/2026,1670,1670,0,0,1670,1670
USORF,USORF,SGSIN,"Norfolk, VA, USORF","Norfolk, VA, USORF","Singapore, , SGSIN",SGSIN,MAEU,Maersk,300094432,DRY,0,4/1/2026,9/30/2026,3/24/2026,557,557,0,0,557,557
USORF,USORF,SVAPO,"Norfolk, VA, USORF","Norfolk, VA, USORF","Apopa, SS, SVAPO","Santo Tomas de Castilla, GT",MAEU,Maersk,300094432,DRY,0,4/1/2026,9/30/2026,3/24/2026,2416,2416,0,0,2416,2416
USORF,USORF,SVEZC,"Norfolk, VA, USORF","Norfolk, VA, USORF","Ilopango, SS, SVEZC","Santo Tomas de Castilla, GT",MAEU,Maersk,300094432,DRY,0,4/1/2026,9/30/2026,3/24/2026,2416,2416,0,0,2416,2416
USORF,USORF,SVSAL,"Norfolk, VA, USORF","Norfolk, VA, USORF","San Salvador, , SVSAL","Santo Tomas de Castilla, GT",MAEU,Maersk,300094432,DRY,0,4/1/2026,9/30/2026,3/24/2026,2451,2451,0,0,2451,2451
USORF,USORF,SVSJO,"Norfolk, VA, USORF","Norfolk, VA, USORF","San Juan Opico, LI, SVSJO","Santo Tomas de Castilla, GT",MAEU,Maersk,300094432,DRY,0,4/1/2026,9/30/2026,3/24/2026,2406,2406,0,0,2406,2406
USORF,USORF,SVSOY,"Norfolk, VA, USORF","Norfolk, VA, USORF","Soyapango, , SVSOY","Santo Tomas de Castilla, GT",MAEU,Maersk,300094432,DRY,0,4/1/2026,9/30/2026,3/24/2026,2451,2451,0,0,2451,2451
USORF,USORF,THBKK,"Norfolk, VA, USORF","Norfolk, VA, USORF","Bangkok, , THBKK","Laem Chabang, TH",MAEU,Maersk,300094432,DRY,0,4/1/2026,9/30/2026,3/24/2026,586,586,0,0,586,586
USORF,USORF,THLCH,"Norfolk, VA, USORF","Norfolk, VA, USORF","Laem Chabang, 20, THLCH",THLCH,MAEU,Maersk,300094432,DRY,0,4/1/2026,9/30/2026,3/24/2026,562,562,0,0,562,562
USORF,USORF,TRGEM,"Norfolk, VA, USORF","Norfolk, VA, USORF","Gemlik, 16, TRGEM",TRGEM,MAEU,Maersk,300094432,DRY,0,4/1/2026,9/30/2026,3/24/2026,1423,1423,0,0,1423,1423
USORF,USORF,TRISK,"Norfolk, VA, USORF","Norfolk, VA, USORF","Iskenderun, 31, TRISK",TRISK,MAEU,Maersk,300094432,DRY,0,4/1/2026,9/30/2026,3/24/2026,1070,1070,0,0,1070,1070
USORF,USORF,TRIST,"Norfolk, VA, USORF","Norfolk, VA, USORF","Istanbul, 34, TRIST",TRIST,MAEU,Maersk,300094432,DRY,0,4/1/2026,9/30/2026,3/24/2026,658,658,0,0,658,658
USORF,USORF,TRIZM,"Norfolk, VA, USORF","Norfolk, VA, USORF","Izmir, 35, TRIZM",TRIZM,MAEU,Maersk,300094432,DRY,0,4/1/2026,9/30/2026,3/24/2026,1323,1323,0,0,1323,1323
USORF,USORF,TRMER,"Norfolk, VA, USORF","Norfolk, VA, USORF","Mersin, 33, TRMER",TRMER,MAEU,Maersk,300094432,DRY,0,4/1/2026,9/30/2026,3/24/2026,1194,1194,0,0,1194,1194
USORF,USORF,TWKEL,"Norfolk, VA, USORF","Norfolk, VA, USORF","Keelung, , TWKEL",TWKEL,MAEU,Maersk,300094432,DRY,0,4/1/2026,9/30/2026,3/24/2026,813,813,0,0,813,813
USORF,USORF,TWKHH,"Norfolk, VA, USORF","Norfolk, VA, USORF","Kaohsiung, , TWKHH",TWKHH,MAEU,Maersk,300094432,DRY,0,4/1/2026,9/30/2026,3/24/2026,1909,1909,0,0,1909,1909
USORF,USORF,TWTXG,"Norfolk, VA, USORF","Norfolk, VA, USORF","Taichung, , TWTXG",TWTXG,MAEU,Maersk,300094432,DRY,0,4/1/2026,9/30/2026,3/24/2026,899,899,0,0,899,899
USORF,USORF,TWTYN,"Norfolk, VA, USORF","Norfolk, VA, USORF","Taoyuan, , TWTYN","Keelung, TW",MAEU,Maersk,300094432,DRY,0,4/1/2026,9/30/2026,3/24/2026,1115,1115,0,0,1115,1115
USORF,USORF,VNDAD,"Norfolk, VA, USORF","Norfolk, VA, USORF","Da Nang, , VNDAD",VNDAD,MAEU,Maersk,300094432,DRY,0,4/1/2026,9/30/2026,3/24/2026,598,598,0,0,598,598
USORF,USORF,VNHPH,"Norfolk, VA, USORF","Norfolk, VA, USORF","Haiphong, , VNHPH",VNHPH,MAEU,Maersk,300094432,DRY,0,4/1/2026,9/30/2026,3/24/2026,130,130,0,0,130,130
USORF,USORF,VNSGN,"Norfolk, VA, USORF","Norfolk, VA, USORF","Ho Chi Minh City, , VNSGN",VNSGN,MAEU,Maersk,300094432,DRY,0,4/1/2026,9/30/2026,3/24/2026,130,130,0,0,130,130
USORF,USORF,VNVUT,"Norfolk, VA, USORF","Norfolk, VA, USORF","Vung Tau, 43, VNVUT",VNVUT,MAEU,Maersk,300094432,DRY,0,4/1/2026,9/30/2026,3/24/2026,106,106,0,0,106,106
USORF,USORF,CNAQG,"Norfolk, VA, USORF","Norfolk, VA, USORF","Anqing Pt, 34, CNAQG",CNAQG,ONEY,ONE,CHIM354B25,DRY,15,5/16/2026,6/30/2026,5/6/2026,900,900,0,0,900,900
USORF,USORF,CNCAN,"Norfolk, VA, USORF","Norfolk, VA, USORF","Guangzhou Baiyun, 44, CNCAN",CNCAN,ONEY,ONE,CHIM354B25,DRY,15,5/16/2026,6/30/2026,5/6/2026,950,950,0,0,950,950
USORF,USORF,CNCGU,"Norfolk, VA, USORF","Norfolk, VA, USORF","Changshu, 32, CNCGU",CNCGU,ONEY,ONE,CHIM354B25,DRY,15,5/16/2026,6/30/2026,5/6/2026,800,800,0,0,800,800
USORF,USORF,CNCKG,"Norfolk, VA, USORF","Norfolk, VA, USORF","Chongqing Jiangbei, 51, CNCKG",CNCKG,ONEY,ONE,CHIM354B25,DRY,15,5/16/2026,6/30/2026,5/6/2026,1010,1010,0,0,1010,1010
USORF,USORF,CNDOU,"Norfolk, VA, USORF","Norfolk, VA, USORF","Doumen Pt, 44, CNDOU",CNDOU,ONEY,ONE,CHIM354B25,DRY,15,5/16/2026,6/30/2026,5/6/2026,850,850,0,0,850,850
USORF,USORF,CNFOC,"Norfolk, VA, USORF","Norfolk, VA, USORF","Fuzhou Changle, 35, CNFOC",CNFOC,ONEY,ONE,CHIM354B25,DRY,15,5/16/2026,6/30/2026,5/6/2026,975,975,0,0,975,975
USORF,USORF,CNGON,"Norfolk, VA, USORF","Norfolk, VA, USORF","Gaolan, 44, CNGON",CNGON,ONEY,ONE,CHIM354B25,DRY,15,5/16/2026,6/30/2026,5/6/2026,900,900,0,0,900,900
USORF,USORF,CNHUA,"Norfolk, VA, USORF","Norfolk, VA, USORF","Huangpu Pt, 44, CNHUA",CNHUA,ONEY,ONE,CHIM354B25,DRY,15,5/16/2026,6/30/2026,5/6/2026,510,510,0,0,510,510
USORF,USORF,CNLYG,"Norfolk, VA, USORF","Norfolk, VA, USORF","Lianyungang, 32, CNLYG",CNLYG,ONEY,ONE,CHIM354B25,DRY,15,5/16/2026,6/30/2026,5/6/2026,685,685,0,0,685,685
USORF,USORF,CNNBG,"Norfolk, VA, USORF","Norfolk, VA, USORF","Ningbo Pt, 33, CNNBG",CNNBG,ONEY,ONE,CHIM354B25,DRY,15,5/16/2026,6/30/2026,5/6/2026,460,460,0,0,460,460
USORF,USORF,CNNKG,"Norfolk, VA, USORF","Norfolk, VA, USORF","Nanjing Lukou, 32, CNNKG",CNNKG,ONEY,ONE,CHIM354B25,DRY,15,5/16/2026,6/30/2026,5/6/2026,685,685,0,0,685,685
USORF,USORF,CNNSA,"Norfolk, VA, USORF","Norfolk, VA, USORF","Nansha Pt, 44, CNNSA",CNNSA,ONEY,ONE,CHIM354B25,DRY,15,5/16/2026,6/30/2026,5/6/2026,825,825,0,0,825,825
USORF,USORF,CNNTG,"Norfolk, VA, USORF","Norfolk, VA, USORF","Nantong Pt, 32, CNNTG",CNNTG,ONEY,ONE,CHIM354B25,DRY,15,5/16/2026,6/30/2026,5/6/2026,560,560,0,0,560,560
USORF,USORF,CNTAO,"Norfolk, VA, USORF","Norfolk, VA, USORF","Qingdao, 37, CNTAO",CNTAO,ONEY,ONE,CHIM354B25,DRY,15,5/16/2026,6/30/2026,5/6/2026,475,475,0,0,475,475
USORF,USORF,CNSHA,"Norfolk, VA, USORF","Norfolk, VA, USORF","Shanghai, 31, CNSHA",CNSHA,ONEY,ONE,CHIM354B25,DRY,15,5/16/2026,6/30/2026,5/6/2026,350,350,0,0,350,350
USORF,USORF,CNSHK,"Norfolk, VA, USORF","Norfolk, VA, USORF","Shekou Pt, 44, CNSHK",CNSHK,ONEY,ONE,CHIM354B25,DRY,15,5/16/2026,6/30/2026,5/6/2026,875,875,0,0,875,875
USORF,USORF,CNTXG,"Norfolk, VA, USORF","Norfolk, VA, USORF","Tianjin Xingang Pt, 12, CNTXG",CNTXG,ONEY,ONE,CHIM354B25,DRY,15,5/16/2026,6/30/2026,5/6/2026,435,435,0,0,435,435
USORF,USORF,CNWUH,"Norfolk, VA, USORF","Norfolk, VA, USORF","Wuhan Tianhe, 42, CNWUH",CNWUH,ONEY,ONE,CHIM354B25,DRY,15,5/16/2026,6/30/2026,5/6/2026,675,675,0,0,675,675
USORF,USORF,CNWUZ,"Norfolk, VA, USORF","Norfolk, VA, USORF","Wuzhou Pt, 45, CNWUZ",CNWUZ,ONEY,ONE,CHIM354B25,DRY,15,5/16/2026,6/30/2026,5/6/2026,825,825,0,0,825,825
USORF,USORF,CNXMN,"Norfolk, VA, USORF","Norfolk, VA, USORF","Xiamen, 35, CNXMN",CNXMN,ONEY,ONE,CHIM354B25,DRY,15,5/16/2026,6/30/2026,5/6/2026,530,530,0,0,530,530
USORF,USORF,CNYNT,"Norfolk, VA, USORF","Norfolk, VA, USORF","Yantai Laishan, 37, CNYNT",CNYNT,ONEY,ONE,CHIM354B25,DRY,15,5/16/2026,6/30/2026,5/6/2026,775,775,0,0,775,775
USORF,USORF,CNYTN,"Norfolk, VA, USORF","Norfolk, VA, USORF","Yantian Pt, 44, CNYTN",CNYTN,ONEY,ONE,CHIM354B25,DRY,15,5/16/2026,6/30/2026,5/6/2026,500,500,0,0,500,500
USORF,USORF,CNYYA,"Norfolk, VA, USORF","Norfolk, VA, USORF","Yueyang, 50, CNYYA",CNYYA,ONEY,ONE,CHIM354B25,DRY,15,5/16/2026,6/30/2026,5/6/2026,945,945,0,0,945,945
USORF,USORF,CNZJG,"Norfolk, VA, USORF","Norfolk, VA, USORF","Zhangjiagang, 32, CNZJG",CNZJG,ONEY,ONE,CHIM354B25,DRY,15,5/16/2026,6/30/2026,5/6/2026,560,560,0,0,560,560
USORF,USORF,CNZSN,"Norfolk, VA, USORF","Norfolk, VA, USORF","Zhongshan Pt, 44, CNZSN",CNZSN,ONEY,ONE,CHIM354B25,DRY,15,5/16/2026,6/30/2026,5/6/2026,725,725,0,0,725,725
USORF,USORF,CNZUH,"Norfolk, VA, USORF","Norfolk, VA, USORF","Zhuhai Pt, 44, CNZUH",CNZUH,ONEY,ONE,CHIM354B25,DRY,15,5/16/2026,6/30/2026,5/6/2026,675,675,0,0,675,675
USORF,USORF,HKHKG,"Norfolk, VA, USORF","Norfolk, VA, USORF","Hong Kong, , HKHKG",HKHKG,ONEY,ONE,CHIM354B25,DRY,15,5/16/2026,6/30/2026,5/6/2026,410,410,0,0,410,410
USORF,USORF,IDBLW,"Norfolk, VA, USORF","Norfolk, VA, USORF","Belawan, , IDBLW",IDBLW,ONEY,ONE,CHIM354B25,DRY,15,5/16/2026,6/30/2026,5/6/2026,1150,1150,0,0,1150,1150
USORF,USORF,IDCKR,"Norfolk, VA, USORF","Norfolk, VA, USORF","Cikarang, JB, IDCKR",IDCKR,ONEY,ONE,CHIM354B25,DRY,15,5/16/2026,6/30/2026,5/6/2026,1610,1610,0,0,1610,1610
USORF,USORF,IDJKT,"Norfolk, VA, USORF","Norfolk, VA, USORF","Jakarta, JK, IDJKT",IDJKT,ONEY,ONE,CHIM354B25,DRY,15,5/16/2026,6/30/2026,5/6/2026,700,700,0,0,700,700
USORF,USORF,IDSRG,"Norfolk, VA, USORF","Norfolk, VA, USORF","Semarang, JT, IDSRG",IDSRG,ONEY,ONE,CHIM354B25,DRY,15,5/16/2026,6/30/2026,5/6/2026,1005,1005,0,0,1005,1005
USORF,USORF,IDSUB,"Norfolk, VA, USORF","Norfolk, VA, USORF","Surabaya, JI, IDSUB",IDSUB,ONEY,ONE,CHIM354B25,DRY,15,5/16/2026,6/30/2026,5/6/2026,910,910,0,0,910,910
USORF,USORF,JPHIJ,"Norfolk, VA, USORF","Norfolk, VA, USORF","Hiroshima, 34, JPHIJ",JPHIJ,ONEY,ONE,CHIM354B25,DRY,15,5/16/2026,6/30/2026,5/6/2026,1290,1290,0,0,1290,1290
USORF,USORF,JPIYM,"Norfolk, VA, USORF","Norfolk, VA, USORF","Iyomishima, 38, JPIYM",JPIYM,ONEY,ONE,CHIM354B25,DRY,15,5/16/2026,6/30/2026,5/6/2026,1450,1450,0,0,1450,1450
USORF,USORF,JPKCZ,"Norfolk, VA, USORF","Norfolk, VA, USORF","Kochi, 39, JPKCZ",JPKCZ,ONEY,ONE,CHIM354B25,DRY,15,5/16/2026,6/30/2026,5/6/2026,1590,1590,0,0,1590,1590
USORF,USORF,JPKIJ,"Norfolk, VA, USORF","Norfolk, VA, USORF","Niigata, 15, JPKIJ",JPKIJ,ONEY,ONE,CHIM354B25,DRY,15,5/16/2026,6/30/2026,5/6/2026,1350,1350,0,0,1350,1350
USORF,USORF,JPKWS,"Norfolk, VA, USORF","Norfolk, VA, USORF","Kawasaki, 14, JPKWS",JPKWS,ONEY,ONE,CHIM354B25,DRY,15,5/16/2026,6/30/2026,5/6/2026,560,560,0,0,560,560
USORF,USORF,JPMOJ,"Norfolk, VA, USORF","Norfolk, VA, USORF","Moji/Kitakyushu, 40, JPMOJ",JPMOJ,ONEY,ONE,CHIM354B25,DRY,15,5/16/2026,6/30/2026,5/6/2026,1070,1070,0,0,1070,1070
USORF,USORF,JPNAO,"Norfolk, VA, USORF","Norfolk, VA, USORF","Naoetsu, 15, JPNAO",JPNAO,ONEY,ONE,CHIM354B25,DRY,15,5/16/2026,6/30/2026,5/6/2026,1660,1660,0,0,1660,1660
USORF,USORF,JPNGO,"Norfolk, VA, USORF","Norfolk, VA, USORF","Nagoya, Aichi, 23, JPNGO",JPNGO,ONEY,ONE,CHIM354B25,DRY,15,5/16/2026,6/30/2026,5/6/2026,560,560,0,0,560,560
USORF,USORF,JPOSA,"Norfolk, VA, USORF","Norfolk, VA, USORF","Osaka, 27, JPOSA",JPOSA,ONEY,ONE,CHIM354B25,DRY,15,5/16/2026,6/30/2026,5/6/2026,675,675,0,0,675,675
USORF,USORF,JPSBS,"Norfolk, VA, USORF","Norfolk, VA, USORF","Shibushi, 46, JPSBS",JPSBS,ONEY,ONE,CHIM354B25,DRY,15,5/16/2026,6/30/2026,5/6/2026,1260,1260,0,0,1260,1260
USORF,USORF,JPSDJ,"Norfolk, VA, USORF","Norfolk, VA, USORF","Sendai, Miyagi, 4, JPSDJ",JPSDJ,ONEY,ONE,CHIM354B25,DRY,15,5/16/2026,6/30/2026,5/6/2026,1380,1380,0,0,1380,1380
USORF,USORF,JPSMN,"Norfolk, VA, USORF","Norfolk, VA, USORF","Sakaiminato, 31, JPSMN",JPSMN,ONEY,ONE,CHIM354B25,DRY,15,5/16/2026,6/30/2026,5/6/2026,1690,1690,0,0,1690,1690
USORF,USORF,JPSMZ,"Norfolk, VA, USORF","Norfolk, VA, USORF","Shimizu, 22, JPSMZ",JPSMZ,ONEY,ONE,CHIM354B25,DRY,15,5/16/2026,6/30/2026,5/6/2026,750,750,0,0,750,750
USORF,USORF,JPTKS,"Norfolk, VA, USORF","Norfolk, VA, USORF","Tokushima, 36, JPTKS",JPTKS,ONEY,ONE,CHIM354B25,DRY,15,5/16/2026,6/30/2026,5/6/2026,2050,2050,0,0,2050,2050
USORF,USORF,JPTMK,"Norfolk, VA, USORF","Norfolk, VA, USORF","Tomakomai, 1, JPTMK",JPTMK,ONEY,ONE,CHIM354B25,DRY,15,5/16/2026,6/30/2026,5/6/2026,580,580,0,0,580,580
USORF,USORF,JPTYO,"Norfolk, VA, USORF","Norfolk, VA, USORF","Tokyo, 13, JPTYO",JPTYO,ONEY,ONE,CHIM354B25,DRY,15,5/16/2026,6/30/2026,5/6/2026,560,560,0,0,560,560
USORF,USORF,JPUKB,"Norfolk, VA, USORF","Norfolk, VA, USORF","Kobe, 28, JPUKB",JPUKB,ONEY,ONE,CHIM354B25,DRY,15,5/16/2026,6/30/2026,5/6/2026,560,560,0,0,560,560
USORF,USORF,JPYOK,"Norfolk, VA, USORF","Norfolk, VA, USORF","Yokohama, 14, JPYOK",JPYOK,ONEY,ONE,CHIM354B25,DRY,15,5/16/2026,6/30/2026,5/6/2026,550,550,0,0,550,550
USORF,USORF,KHKOS,"Norfolk, VA, USORF","Norfolk, VA, USORF","Sihanoukville (Kampong Saom), , KHKOS",KHKOS,ONEY,ONE,CHIM354B25,DRY,15,5/16/2026,6/30/2026,5/6/2026,800,800,0,0,800,800
USORF,USORF,KRKAN,"Norfolk, VA, USORF","Norfolk, VA, USORF","Gwangyang, 46, KRKAN",KRKAN,ONEY,ONE,CHIM354B25,DRY,15,5/16/2026,6/30/2026,5/6/2026,550,550,0,0,550,550
USORF,USORF,KRPUS,"Norfolk, VA, USORF","Norfolk, VA, USORF","Busan, 26, KRPUS",KRPUS,ONEY,ONE,CHIM354B25,DRY,15,5/16/2026,6/30/2026,5/6/2026,400,400,0,0,400,400
USORF,USORF,MYPEN,"Norfolk, VA, USORF","Norfolk, VA, USORF","Penang, , MYPEN",MYPEN,ONEY,ONE,CHIM354B25,DRY,15,5/16/2026,6/30/2026,5/6/2026,460,460,0,0,460,460
USORF,USORF,MYPGU,"Norfolk, VA, USORF","Norfolk, VA, USORF","Pasir Gudang, Johor, , MYPGU",MYPGU,ONEY,ONE,CHIM354B25,DRY,15,5/16/2026,6/30/2026,5/6/2026,610,610,0,0,610,610
USORF,USORF,MYPKG,"Norfolk, VA, USORF","Norfolk, VA, USORF","Port Klang, 10, MYPKG",MYPKG,ONEY,ONE,CHIM354B25,DRY,15,5/16/2026,6/30/2026,5/6/2026,650,650,0,0,650,650
USORF,USORF,PHMNL,"Norfolk, VA, USORF","Norfolk, VA, USORF","Manila, , PHMNL",PHMNL,ONEY,ONE,CHIM354B25,DRY,15,5/16/2026,6/30/2026,5/6/2026,775,775,0,0,775,775
USORF,USORF,SGSIN,"Norfolk, VA, USORF","Norfolk, VA, USORF","Singapore, , SGSIN",SGSIN,ONEY,ONE,CHIM354B25,DRY,15,5/16/2026,6/30/2026,5/6/2026,500,500,0,0,500,500
USORF,USORF,THBKK,"Norfolk, VA, USORF","Norfolk, VA, USORF","Bangkok, , THBKK",THBKK,ONEY,ONE,CHIM354B25,DRY,15,5/16/2026,6/30/2026,5/6/2026,700,700,0,0,700,700
USORF,USORF,THLCH,"Norfolk, VA, USORF","Norfolk, VA, USORF","Laem Chabang, 20, THLCH",THLCH,ONEY,ONE,CHIM354B25,DRY,15,5/16/2026,6/30/2026,5/6/2026,700,700,0,0,700,700
USORF,USORF,THLKR,"Norfolk, VA, USORF","Norfolk, VA, USORF","Lat Krabang, 10, THLKR",THLKR,ONEY,ONE,CHIM354B25,DRY,15,5/16/2026,6/30/2026,5/6/2026,700,700,0,0,700,700
USORF,USORF,TWKEL,"Norfolk, VA, USORF","Norfolk, VA, USORF","Keelung, , TWKEL",TWKEL,ONEY,ONE,CHIM354B25,DRY,15,5/16/2026,6/30/2026,5/6/2026,760,760,0,0,760,760
USORF,USORF,TWKHH,"Norfolk, VA, USORF","Norfolk, VA, USORF","Kaohsiung, , TWKHH",TWKHH,ONEY,ONE,CHIM354B25,DRY,15,5/16/2026,6/30/2026,5/6/2026,560,560,0,0,560,560
USORF,USORF,TWTPE,"Norfolk, VA, USORF","Norfolk, VA, USORF","Taipei, TPE, TWTPE",TWTPE,ONEY,ONE,CHIM354B25,DRY,15,5/16/2026,6/30/2026,5/6/2026,800,800,0,0,800,800
USORF,USORF,TWTXG,"Norfolk, VA, USORF","Norfolk, VA, USORF","Taichung, , TWTXG",TWTXG,ONEY,ONE,CHIM354B25,DRY,15,5/16/2026,6/30/2026,5/6/2026,650,650,0,0,650,650
USORF,USORF,TWTYN,"Norfolk, VA, USORF","Norfolk, VA, USORF","Taoyuan, , TWTYN",TWTYN,ONEY,ONE,CHIM354B25,DRY,15,5/16/2026,6/30/2026,5/6/2026,650,650,0,0,650,650
USORF,USORF,VNCMT,"Norfolk, VA, USORF","Norfolk, VA, USORF","Cai Mep Terminal, 43, VNCMT",VNCMT,ONEY,ONE,CHIM354B25,DRY,15,5/16/2026,6/30/2026,5/6/2026,410,410,0,0,410,410
USORF,USORF,VNDAD,"Norfolk, VA, USORF","Norfolk, VA, USORF","Da Nang, , VNDAD",VNDAD,ONEY,ONE,CHIM354B25,DRY,15,5/16/2026,6/30/2026,5/6/2026,635,635,0,0,635,635
USORF,USORF,VNHPH,"Norfolk, VA, USORF","Norfolk, VA, USORF","Haiphong, , VNHPH",VNHPH,ONEY,ONE,CHIM354B25,DRY,15,5/16/2026,6/30/2026,5/6/2026,600,600,0,0,600,600
USORF,USORF,VNSGN,"Norfolk, VA, USORF","Norfolk, VA, USORF","Ho Chi Minh City, , VNSGN",VNSGN,ONEY,ONE,CHIM354B25,DRY,15,5/16/2026,6/30/2026,5/6/2026,410,410,0,0,410,410
USORF,USORF,BDCGP,"Norfolk, VA, USORF","Norfolk, VA, USORF","Chattogram/Chittagong, , BDCGP",BDCGP,ONEY,ONE,CHIM354B25,DRY,15,5/16/2026,6/30/2026,5/6/2026,1700,1700,0,0,1700,1700
USORF,USORF,INCCU,"Norfolk, VA, USORF","Norfolk, VA, USORF","Kolkata (ex Calcutta), WB, INCCU",INCCU,ONEY,ONE,CHIM354B25,DRY,15,5/16/2026,6/30/2026,5/6/2026,1850,1850,0,0,1850,1850
USORF,USORF,INCOK,"Norfolk, VA, USORF","Norfolk, VA, USORF","Cochin, KL, INCOK",INCOK,ONEY,ONE,CHIM354B25,DRY,15,5/16/2026,6/30/2026,5/6/2026,1850,1850,0,0,1850,1850
USORF,USORF,INHZA,"Norfolk, VA, USORF","Norfolk, VA, USORF","Hazira Port/Surat, GJ, INHZA",INHZA,ONEY,ONE,CHIM354B25,DRY,15,5/16/2026,6/30/2026,5/6/2026,1200,1200,0,0,1200,1200
USORF,USORF,INMAA,"Norfolk, VA, USORF","Norfolk, VA, USORF","Chennai (ex Madras), TN, INMAA",INMAA,ONEY,ONE,CHIM354B25,DRY,15,5/16/2026,6/30/2026,5/6/2026,1850,1850,0,0,1850,1850
USORF,USORF,INMUN,"Norfolk, VA, USORF","Norfolk, VA, USORF","Mundra, GJ, INMUN",INMUN,ONEY,ONE,CHIM354B25,DRY,15,5/16/2026,6/30/2026,5/6/2026,1000,1000,0,0,1000,1000
USORF,USORF,INNSA,"Norfolk, VA, USORF","Norfolk, VA, USORF","Nhava Sheva, MH, INNSA",INNSA,ONEY,ONE,CHIM354B25,DRY,15,5/16/2026,6/30/2026,5/6/2026,1000,1000,0,0,1000,1000
USORF,USORF,INPAV,"Norfolk, VA, USORF","Norfolk, VA, USORF","Pipavav (Victor) Port, GJ, INPAV",INPAV,ONEY,ONE,CHIM354B25,DRY,15,5/16/2026,6/30/2026,5/6/2026,2050,2050,0,0,2050,2050
USORF,USORF,INTUT,"Norfolk, VA, USORF","Norfolk, VA, USORF","Tuticorin, TN, INTUT",INTUT,ONEY,ONE,CHIM354B25,DRY,15,5/16/2026,6/30/2026,5/6/2026,1850,1850,0,0,1850,1850
USORF,USORF,LKCMB,"Norfolk, VA, USORF","Norfolk, VA, USORF","Colombo, , LKCMB",LKCMB,ONEY,ONE,CHIM354B25,DRY,15,5/16/2026,6/30/2026,5/6/2026,1250,1250,0,0,1250,1250
USORF,USORF,PKKHI,"Norfolk, VA, USORF","Norfolk, VA, USORF","Karachi, SD, PKKHI",PKKHI,ONEY,ONE,CHIM354B25,DRY,15,5/16/2026,6/30/2026,5/6/2026,1860,1860,0,0,1860,1860
USORF,USORF,EGALY,"Norfolk, VA, USORF","Norfolk, VA, USORF","Alexandria, , EGALY",EGALY,ONEY,ONE,CHIM354B25,DRY,15,5/16/2026,6/30/2026,5/6/2026,1365,1365,0,0,1365,1365
USORF,USORF,EGDAM,"Norfolk, VA, USORF","Norfolk, VA, USORF","Damietta, , EGDAM",EGDAM,ONEY,ONE,CHIM354B25,DRY,15,5/16/2026,6/30/2026,5/6/2026,1470,1470,0,0,1470,1470
USORF,USORF,GEPTI,"Norfolk, VA, USORF","Norfolk, VA, USORF","Poti, , GEPTI",GEPTI,ONEY,ONE,CHIM354B25,DRY,15,5/16/2026,6/30/2026,5/6/2026,1750,1750,0,0,1750,1750
USORF,USORF,GRPIR,"Norfolk, VA, USORF","Norfolk, VA, USORF","Piraeus, , GRPIR",GRPIR,ONEY,ONE,CHIM354B25,DRY,15,5/16/2026,6/30/2026,5/6/2026,1220,1220,0,0,1220,1220
USORF,USORF,ILASH,"Norfolk, VA, USORF","Norfolk, VA, USORF","Ashdod, , ILASH",ILASH,ONEY,ONE,CHIM354B25,DRY,15,5/16/2026,6/30/2026,5/6/2026,1470,1470,0,0,1470,1470
USORF,USORF,ILHFA,"Norfolk, VA, USORF","Norfolk, VA, USORF","Haifa, , ILHFA",ILHFA,ONEY,ONE,CHIM354B25,DRY,15,5/16/2026,6/30/2026,5/6/2026,1545,1545,0,0,1545,1545
USORF,USORF,TRALI,"Norfolk, VA, USORF","Norfolk, VA, USORF","Aliaga, 35, TRALI",TRALI,ONEY,ONE,CHIM354B25,DRY,15,5/16/2026,6/30/2026,5/6/2026,750,750,0,0,750,750
USORF,USORF,TRISK,"Norfolk, VA, USORF","Norfolk, VA, USORF","Iskenderun, 31, TRISK",TRISK,ONEY,ONE,CHIM354B25,DRY,15,5/16/2026,6/30/2026,5/6/2026,1020,1020,0,0,1020,1020
USORF,USORF,TRIST,"Norfolk, VA, USORF","Norfolk, VA, USORF","Istanbul, 34, TRIST",TRIST,ONEY,ONE,CHIM354B25,DRY,15,5/16/2026,6/30/2026,5/6/2026,750,750,0,0,750,750
USORF,USORF,ESALG,"Norfolk, VA, USORF","Norfolk, VA, USORF","Algeciras, , ESALG",ESALG,ONEY,ONE,CHIM354B25,DRY,15,5/16/2026,6/30/2026,5/6/2026,603,603,0,0,603,603
USORF,USORF,ESVLC,"Norfolk, VA, USORF","Norfolk, VA, USORF","Valencia, , ESVLC",ESVLC,ONEY,ONE,CHIM354B25,DRY,15,5/16/2026,6/30/2026,5/6/2026,693,693,0,0,693,693
USORF,USORF,ITSPE,"Norfolk, VA, USORF","Norfolk, VA, USORF","La Spezia, , ITSPE",ITSPE,ONEY,ONE,CHIM354B25,DRY,15,5/16/2026,6/30/2026,5/6/2026,753,753,0,0,753,753
USORF,USORF,PTLEI,"Norfolk, VA, USORF","Norfolk, VA, USORF","Leixoes, 13, PTLEI",PTLEI,ONEY,ONE,CHIM354B25,DRY,15,5/16/2026,6/30/2026,5/6/2026,2133,2133,0,0,2133,2133
USORF,USORF,PTLIS,"Norfolk, VA, USORF","Norfolk, VA, USORF","Lisboa, 11, PTLIS",PTLIS,ONEY,ONE,CHIM354B25,DRY,15,5/16/2026,6/30/2026,5/6/2026,1668,1668,0,0,1668,1668
USORF,USORF,BEANR,"Norfolk, VA, USORF","Norfolk, VA, USORF","Antwerp, VAN, BEANR",BEANR,ONEY,ONE,CHIM354B25,DRY,15,5/16/2026,6/30/2026,5/6/2026,655,655,0,0,655,655
USORF,USORF,DEBRV,"Norfolk, VA, USORF","Norfolk, VA, USORF","Bremerhaven, HB, DEBRV",DEBRV,ONEY,ONE,CHIM354B25,DRY,15,5/16/2026,6/30/2026,5/6/2026,610,610,0,0,610,610
USORF,USORF,FRLEH,"Norfolk, VA, USORF","Norfolk, VA, USORF","Le Havre, 76, FRLEH",FRLEH,ONEY,ONE,CHIM354B25,DRY,15,5/16/2026,6/30/2026,5/6/2026,685,685,0,0,685,685
USORF,USORF,GBLIV,"Norfolk, VA, USORF","Norfolk, VA, USORF","Liverpool, MSY, GBLIV",GBLIV,ONEY,ONE,CHIM354B25,DRY,15,5/16/2026,6/30/2026,5/6/2026,1481,1481,0,0,1481,1481
USORF,USORF,GBSOU,"Norfolk, VA, USORF","Norfolk, VA, USORF","Southampton, HAM, GBSOU",GBSOU,ONEY,ONE,CHIM354B25,DRY,15,5/16/2026,6/30/2026,5/6/2026,666,666,0,0,666,666
USORF,USORF,NLRTM,"Norfolk, VA, USORF","Norfolk, VA, USORF","Rotterdam, ZH, NLRTM",NLRTM,ONEY,ONE,CHIM354B25,DRY,15,5/16/2026,6/30/2026,5/6/2026,935,935,0,0,935,935
USORF,USORF,PLGDY,"Norfolk, VA, USORF","Norfolk, VA, USORF","Gdynia, , PLGDY",PLGDY,ONEY,ONE,CHIM354B25,DRY,15,5/16/2026,6/30/2026,5/6/2026,1710,1710,0,0,1710,1710
USORF,USORF,ZACPT,"Norfolk, VA, USORF","Norfolk, VA, USORF","Cape Town, , ZACPT",ZACPT,ONEY,ONE,CHIM354B25,DRY,15,5/16/2026,6/30/2026,5/6/2026,2550,2550,0,0,2550,2550
USORF,USORF,ZADUR,"Norfolk, VA, USORF","Norfolk, VA, USORF","Durban, , ZADUR",ZADUR,ONEY,ONE,CHIM354B25,DRY,15,5/16/2026,6/30/2026,5/6/2026,2550,2550,0,0,2550,2550
USORF,USORF,CNAQG,"Norfolk, VA, USORF","Norfolk, VA, USORF","Anqing Pt, 34, CNAQG",CNAQG,CMDU,CMA,25-0720,DRY,13,4/18/2026,6/30/2026,5/12/2026,810,810,0,0,810,810
USORF,USORF,CNCHI,"Norfolk, VA, USORF","Norfolk, VA, USORF","Chizhou Pt, 15, CNCHI",CNCHI,CMDU,CMA,25-0720,DRY,13,4/18/2026,6/30/2026,5/12/2026,1010,1010,0,0,1010,1010
USORF,USORF,CNCQI,"Norfolk, VA, USORF","Norfolk, VA, USORF","Chongqing, 50, CNCQI",CNCQI,CMDU,CMA,25-0720,DRY,13,4/18/2026,6/30/2026,5/12/2026,1110,1110,0,0,1110,1110
USORF,USORF,CNCZX,"Norfolk, VA, USORF","Norfolk, VA, USORF","Changzhou Pt, 32, CNCZX",CNCZX,CMDU,CMA,25-0720,DRY,13,4/18/2026,6/30/2026,5/12/2026,860,860,0,0,860,860
USORF,USORF,CNDLC,"Norfolk, VA, USORF","Norfolk, VA, USORF","Dalian, 21, CNDLC",CNDLC,CMDU,CMA,25-0720,DRY,13,4/18/2026,6/30/2026,5/12/2026,960,960,0,0,960,960
USORF,USORF,CNDFG,"Norfolk, VA, USORF","Norfolk, VA, USORF","Dafeng Pt, 22, CNDFG",CNDFG,CMDU,CMA,25-0720,DRY,13,4/18/2026,6/30/2026,5/12/2026,760,760,0,0,760,760
USORF,USORF,CNGOM,"Norfolk, VA, USORF","Norfolk, VA, USORF","Gaoming Pt, 44, CNGOM",CNGOM,CMDU,CMA,25-0720,DRY,13,4/18/2026,6/30/2026,5/12/2026,810,810,0,0,810,810
USORF,USORF,CNHFI,"Norfolk, VA, USORF","Norfolk, VA, USORF","Hefei, 34, CNHFI",CNHFI,CMDU,CMA,25-0720,DRY,13,4/18/2026,6/30/2026,5/12/2026,810,810,0,0,810,810
USORF,USORF,CNHUA,"Norfolk, VA, USORF","Norfolk, VA, USORF","Huangpu Pt, 44, CNHUA",CNHUA,CMDU,CMA,25-0720,DRY,13,4/18/2026,6/30/2026,5/12/2026,570,570,0,0,570,570
USORF,USORF,CNJGZ,"Norfolk, VA, USORF","Norfolk, VA, USORF","Jingzhou, 42, CNJGZ",CNJGZ,CMDU,CMA,25-0720,DRY,13,4/18/2026,6/30/2026,5/12/2026,660,660,0,0,660,660
USORF,USORF,CNJMN,"Norfolk, VA, USORF","Norfolk, VA, USORF","Jiangmen Pt, 44, CNJMN",CNJMN,CMDU,CMA,25-0720,DRY,13,4/18/2026,6/30/2026,5/12/2026,810,810,0,0,810,810
USORF,USORF,CNLYG,"Norfolk, VA, USORF","Norfolk, VA, USORF","Lianyungang, 32, CNLYG",CNLYG,CMDU,CMA,25-0720,DRY,13,4/18/2026,6/30/2026,5/12/2026,760,760,0,0,760,760
USORF,USORF,CNMAA,"Norfolk, VA, USORF","Norfolk, VA, USORF","Maanshan Pt, 34, CNMAA",CNMAA,CMDU,CMA,25-0720,DRY,13,4/18/2026,6/30/2026,5/12/2026,810,810,0,0,810,810
USORF,USORF,CNNJG,"Norfolk, VA, USORF","Norfolk, VA, USORF","Nanjing Pt, 35, CNNJG",CNNJG,CMDU,CMA,25-0720,DRY,13,4/18/2026,6/30/2026,5/12/2026,760,760,0,0,760,760
USORF,USORF,CNNTG,"Norfolk, VA, USORF","Norfolk, VA, USORF","Nantong Pt, 32, CNNTG",CNNTG,CMDU,CMA,25-0720,DRY,13,4/18/2026,6/30/2026,5/12/2026,670,670,0,0,670,670
USORF,USORF,CNQZH,"Norfolk, VA, USORF","Norfolk, VA, USORF","Qinzhou Pt, 45, CNQZH",CNQZH,CMDU,CMA,25-0720,DRY,13,4/18/2026,6/30/2026,5/12/2026,1110,1110,0,0,1110,1110
USORF,USORF,CNRUG,"Norfolk, VA, USORF","Norfolk, VA, USORF","Rugao Pt, 32, CNRUG",CNRUG,CMDU,CMA,25-0720,DRY,13,4/18/2026,6/30/2026,5/12/2026,770,770,0,0,770,770
USORF,USORF,CNSHA,"Norfolk, VA, USORF","Norfolk, VA, USORF","Shanghai, 31, CNSHA",CNSHA,CMDU,CMA,25-0720,DRY,13,4/18/2026,6/30/2026,5/12/2026,355,355,0,0,355,355
USORF,USORF,CNSHK,"Norfolk, VA, USORF","Norfolk, VA, USORF","Shekou Pt, 44, CNSHK",CNSHK,CMDU,CMA,25-0720,DRY,13,4/18/2026,6/30/2026,5/12/2026,810,810,0,0,810,810
USORF,USORF,CNTXG,"Norfolk, VA, USORF","Norfolk, VA, USORF","Tianjin Xingang Pt, 12, CNTXG",CNTXG,CMDU,CMA,25-0720,DRY,13,4/18/2026,6/30/2026,5/12/2026,760,760,0,0,760,760
USORF,USORF,CNWHG,"Norfolk, VA, USORF","Norfolk, VA, USORF","Wuhan Pt, 42, CNWHG",CNWHG,CMDU,CMA,25-0720,DRY,13,4/18/2026,6/30/2026,5/12/2026,720,720,0,0,720,720
USORF,USORF,CNWUH,"Norfolk, VA, USORF","Norfolk, VA, USORF","Wuhan Tianhe, 42, CNWUH",CNWUH,CMDU,CMA,25-0720,DRY,13,4/18/2026,6/30/2026,5/12/2026,720,720,0,0,720,720
USORF,USORF,CNWHI,"Norfolk, VA, USORF","Norfolk, VA, USORF","Wuhu Pt, 34, CNWHI",CNWHI,CMDU,CMA,25-0720,DRY,13,4/18/2026,6/30/2026,5/12/2026,810,810,0,0,810,810
USORF,USORF,CNXMN,"Norfolk, VA, USORF","Norfolk, VA, USORF","Xiamen, 35, CNXMN",CNXMN,CMDU,CMA,25-0720,DRY,13,4/18/2026,6/30/2026,5/12/2026,355,355,0,0,355,355
USORF,USORF,CNYTN,"Norfolk, VA, USORF","Norfolk, VA, USORF","Yantian Pt, 44, CNYTN",CNYTN,CMDU,CMA,25-0720,DRY,13,4/18/2026,6/30/2026,5/12/2026,355,355,0,0,355,355
USORF,USORF,CNYYA,"Norfolk, VA, USORF","Norfolk, VA, USORF","Yueyang, 50, CNYYA",CNYYA,CMDU,CMA,25-0720,DRY,13,4/18/2026,6/30/2026,5/12/2026,760,760,0,0,760,760
USORF,USORF,CNZHA,"Norfolk, VA, USORF","Norfolk, VA, USORF","Zhanjiang Potou Apt, 44, CNZHA",CNZHA,CMDU,CMA,25-0720,DRY,13,4/18/2026,6/30/2026,5/12/2026,810,810,0,0,810,810
USORF,USORF,CNZNG,"Norfolk, VA, USORF","Norfolk, VA, USORF","Zhanjiang Pt, 44, CNZNG",CNZNG,CMDU,CMA,25-0720,DRY,13,4/18/2026,6/30/2026,5/12/2026,810,810,0,0,810,810
USORF,USORF,CNZJG,"Norfolk, VA, USORF","Norfolk, VA, USORF","Zhangjiagang, 32, CNZJG",CNZJG,CMDU,CMA,25-0720,DRY,13,4/18/2026,6/30/2026,5/12/2026,620,620,0,0,620,620
USORF,USORF,IDJKT,"Norfolk, VA, USORF","Norfolk, VA, USORF","Jakarta, JK, IDJKT",IDJKT,CMDU,CMA,25-0720,DRY,13,4/18/2026,6/30/2026,5/12/2026,720,720,0,0,720,720
USORF,USORF,JPYOK,"Norfolk, VA, USORF","Norfolk, VA, USORF","Yokohama, 14, JPYOK",JPYOK,CMDU,CMA,25-0720,DRY,13,4/18/2026,6/30/2026,5/12/2026,560,560,0,0,560,560
USORF,USORF,KRKAN,"Norfolk, VA, USORF","Norfolk, VA, USORF","Gwangyang, 46, KRKAN",KRKAN,CMDU,CMA,25-0720,DRY,13,4/18/2026,6/30/2026,5/12/2026,810,810,0,0,810,810
USORF,USORF,KRPUS,"Norfolk, VA, USORF","Norfolk, VA, USORF","Busan, 26, KRPUS",KRPUS,CMDU,CMA,25-0720,DRY,13,4/18/2026,6/30/2026,5/12/2026,410,410,0,0,410,410
USORF,USORF,TWKEL,"Norfolk, VA, USORF","Norfolk, VA, USORF","Keelung, , TWKEL",TWKHH,CMDU,CMA,25-0720,DRY,13,4/18/2026,6/30/2026,5/12/2026,960,960,0,0,960,960
USORF,USORF,TWKHH,"Norfolk, VA, USORF","Norfolk, VA, USORF","Kaohsiung, , TWKHH",TWKHH,CMDU,CMA,25-0720,DRY,13,4/18/2026,6/30/2026,5/12/2026,460,460,0,0,460,460
USORF,USORF,CNJIU,"Norfolk, VA, USORF","Norfolk, VA, USORF","Jiujiang Pt, 36, CNJIU",CNJIU,CMDU,CMA,25-0720,DRY,13,4/18/2026,6/30/2026,5/12/2026,820,820,0,0,820,820
USORF,USORF,CNNBG,"Norfolk, VA, USORF","Norfolk, VA, USORF","Ningbo Pt, 33, CNNBG",CNNBG,CMDU,CMA,25-0720,DRY,13,4/18/2026,6/30/2026,5/12/2026,370,370,0,0,370,370
USORF,USORF,CNTAO,"Norfolk, VA, USORF","Norfolk, VA, USORF","Qingdao, 37, CNTAO",CNTAO,CMDU,CMA,25-0720,DRY,13,4/18/2026,6/30/2026,5/12/2026,355,355,0,0,355,355
USORF,USORF,IDBLW,"Norfolk, VA, USORF","Norfolk, VA, USORF","Belawan, , IDBLW",IDBLW,CMDU,CMA,25-0720,DRY,13,4/18/2026,6/30/2026,5/12/2026,1310,1310,0,0,1310,1310
USORF,USORF,IDSRG,"Norfolk, VA, USORF","Norfolk, VA, USORF","Semarang, JT, IDSRG",IDSRG,CMDU,CMA,25-0720,DRY,13,4/18/2026,6/30/2026,5/12/2026,1020,1020,0,0,1020,1020
USORF,USORF,IDSUB,"Norfolk, VA, USORF","Norfolk, VA, USORF","Surabaya, JI, IDSUB",IDSUB,CMDU,CMA,25-0720,DRY,13,4/18/2026,6/30/2026,5/12/2026,1020,1020,0,0,1020,1020
USORF,USORF,JPNGO,"Norfolk, VA, USORF","Norfolk, VA, USORF","Nagoya, Aichi, 23, JPNGO",JPNGO,CMDU,CMA,25-0720,DRY,13,4/18/2026,6/30/2026,5/12/2026,960,960,0,0,960,960
USORF,USORF,JPOSA,"Norfolk, VA, USORF","Norfolk, VA, USORF","Osaka, 27, JPOSA",JPOSA,CMDU,CMA,25-0720,DRY,13,4/18/2026,6/30/2026,5/12/2026,1010,1010,0,0,1010,1010
USORF,USORF,MYPEN,"Norfolk, VA, USORF","Norfolk, VA, USORF","Penang, , MYPEN",MYPEN,CMDU,CMA,25-0720,DRY,13,4/18/2026,6/30/2026,5/12/2026,960,960,0,0,960,960
USORF,USORF,MYPGU,"Norfolk, VA, USORF","Norfolk, VA, USORF","Pasir Gudang, Johor, , MYPGU",MYPGU,CMDU,CMA,25-0720,DRY,13,4/18/2026,6/30/2026,5/12/2026,910,910,0,0,910,910
USORF,USORF,MYPKG,"Norfolk, VA, USORF","Norfolk, VA, USORF","Port Klang, 10, MYPKG",MYPKG,CMDU,CMA,25-0720,DRY,13,4/18/2026,6/30/2026,5/12/2026,560,560,0,0,560,560
USORF,USORF,MYTPP,"Norfolk, VA, USORF","Norfolk, VA, USORF","Tanjung Pelepas, 1, MYTPP",MYTPP,CMDU,CMA,25-0720,DRY,13,4/18/2026,6/30/2026,5/12/2026,1060,1060,0,0,1060,1060
USORF,USORF,PHMNL,"Norfolk, VA, USORF","Norfolk, VA, USORF","Manila, , PHMNL",PHMNL,CMDU,CMA,25-0720,DRY,13,4/18/2026,6/30/2026,5/12/2026,2410,2410,0,0,2410,2410
USORF,USORF,SGSIN,"Norfolk, VA, USORF","Norfolk, VA, USORF","Singapore, , SGSIN",SGSIN,CMDU,CMA,25-0720,DRY,13,4/18/2026,6/30/2026,5/12/2026,610,610,0,0,610,610
USORF,USORF,THBKK,"Norfolk, VA, USORF","Norfolk, VA, USORF","Bangkok, , THBKK",THLCH,CMDU,CMA,25-0720,DRY,13,4/18/2026,6/30/2026,5/12/2026,760,760,0,0,760,760
USORF,USORF,THLCH,"Norfolk, VA, USORF","Norfolk, VA, USORF","Laem Chabang, 20, THLCH",THLCH,CMDU,CMA,25-0720,DRY,13,4/18/2026,6/30/2026,5/12/2026,760,760,0,0,760,760
USORF,USORF,THLKR,"Norfolk, VA, USORF","Norfolk, VA, USORF","Lat Krabang, 10, THLKR",THLCH,CMDU,CMA,25-0720,DRY,13,4/18/2026,6/30/2026,5/12/2026,760,760,0,0,760,760
USORF,USORF,TWTXG,"Norfolk, VA, USORF","Norfolk, VA, USORF","Taichung, , TWTXG",TWKHH,CMDU,CMA,25-0720,DRY,13,4/18/2026,6/30/2026,5/12/2026,470,470,0,0,470,470
USORF,USORF,TWTYN,"Norfolk, VA, USORF","Norfolk, VA, USORF","Taoyuan, , TWTYN",TWKHH,CMDU,CMA,25-0720,DRY,13,4/18/2026,6/30/2026,5/12/2026,470,470,0,0,470,470
USORF,USORF,VNDAD,"Norfolk, VA, USORF","Norfolk, VA, USORF","Da Nang, , VNDAD",VNDAD,CMDU,CMA,25-0720,DRY,13,4/18/2026,6/30/2026,5/12/2026,910,910,0,0,910,910
USORF,USORF,VNHPH,"Norfolk, VA, USORF","Norfolk, VA, USORF","Haiphong, , VNHPH",VNHPH,CMDU,CMA,25-0720,DRY,13,4/18/2026,6/30/2026,5/12/2026,510,510,0,0,510,510
USORF,USORF,VNSGN,"Norfolk, VA, USORF","Norfolk, VA, USORF","Ho Chi Minh City, , VNSGN",VNVUT,CMDU,CMA,25-0720,DRY,13,4/18/2026,6/30/2026,5/12/2026,510,510,0,0,510,510
USORF,USORF,VNVUT,"Norfolk, VA, USORF","Norfolk, VA, USORF","Vung Tau, 43, VNVUT",VNVUT,CMDU,CMA,25-0720,DRY,13,4/18/2026,6/30/2026,5/12/2026,510,510,0,0,510,510
USORF,USORF,TRAMR,"Norfolk, VA, USORF","Norfolk, VA, USORF","Ambarli, 34, TRAMR",TRAMR,CMDU,CMA,25-0720,DRY,13,4/18/2026,6/30/2026,5/12/2026,1220,1220,0,0,1220,1220
USORF,USORF,TRISK,"Norfolk, VA, USORF","Norfolk, VA, USORF","Iskenderun, 31, TRISK",TRISK,CMDU,CMA,25-0720,DRY,13,4/18/2026,6/30/2026,5/12/2026,970,970,0,0,970,970
USORF,USORF,TRMER,"Norfolk, VA, USORF","Norfolk, VA, USORF","Mersin, 33, TRMER",TRMER,CMDU,CMA,25-0720,DRY,13,4/18/2026,6/30/2026,5/12/2026,2095,2095,0,0,2095,2095
USORF,USORF,EGALY,"Norfolk, VA, USORF","Norfolk, VA, USORF","Alexandria, , EGALY",EGALY,CMDU,CMA,25-0720,DRY,13,4/18/2026,6/30/2026,5/12/2026,2570,2570,0,0,2570,2570
USORF,USORF,INMUN,"Norfolk, VA, USORF","Norfolk, VA, USORF","Mundra, GJ, INMUN",INMUN,CMDU,CMA,25-0720,DRY,13,4/18/2026,6/30/2026,5/12/2026,1110,1110,0,0,1110,1110
USORF,USORF,INNSA,"Norfolk, VA, USORF","Norfolk, VA, USORF","Nhava Sheva, MH, INNSA",INNSA,CMDU,CMA,25-0720,DRY,13,4/18/2026,6/30/2026,5/12/2026,1110,1110,0,0,1110,1110
USORF,USORF,PKBQM,"Norfolk, VA, USORF","Norfolk, VA, USORF","Port Qasim/Karachi, SD, PKBQM",PKBQM,CMDU,CMA,25-0720,DRY,13,4/18/2026,6/30/2026,5/12/2026,1320,1320,0,0,1320,1320
USORF,USORF,BDCGP,"Norfolk, VA, USORF","Norfolk, VA, USORF","Chattogram/Chittagong, , BDCGP",BDCGP,EGLV,EMC,SC103574,DRY,4,5/1/2026,6/30/2026,5/16/2026,2700,2700,0,0,2700,2700
USORF,USORF,CNNBG,"Norfolk, VA, USORF","Norfolk, VA, USORF","Ningbo Pt, 33, CNNBG",CNNBG,EGLV,EMC,SC103574,DRY,4,5/1/2026,6/30/2026,5/16/2026,650,650,0,0,650,650
USORF,USORF,CNTAO,"Norfolk, VA, USORF","Norfolk, VA, USORF","Qingdao, 37, CNTAO",CNQDG,EGLV,EMC,SC103574,DRY,4,5/1/2026,6/30/2026,5/16/2026,650,650,0,0,650,650
USORF,USORF,CNSHA,"Norfolk, VA, USORF","Norfolk, VA, USORF","Shanghai, 31, CNSHA",CNSHG,EGLV,EMC,SC103574,DRY,4,5/1/2026,6/30/2026,5/16/2026,650,650,0,0,650,650
USORF,USORF,CNXMN,"Norfolk, VA, USORF","Norfolk, VA, USORF","Xiamen, 35, CNXMN",CNXMG,EGLV,EMC,SC103574,DRY,4,5/1/2026,6/30/2026,5/16/2026,850,850,0,0,850,850
USORF,USORF,CNYTN,"Norfolk, VA, USORF","Norfolk, VA, USORF","Yantian Pt, 44, CNYTN",CNYTN,EGLV,EMC,SC103574,DRY,4,5/1/2026,6/30/2026,5/16/2026,900,900,0,0,900,900
USORF,USORF,IDBLW,"Norfolk, VA, USORF","Norfolk, VA, USORF","Belawan, , IDBLW",IDBLW,EGLV,EMC,SC103574,DRY,4,5/1/2026,6/30/2026,5/16/2026,1050,1050,0,0,1050,1050
USORF,USORF,IDJKT,"Norfolk, VA, USORF","Norfolk, VA, USORF","Jakarta, JK, IDJKT",IDJKT,EGLV,EMC,SC103574,DRY,4,5/1/2026,6/30/2026,5/16/2026,1050,1050,0,0,1050,1050
USORF,USORF,IDSRG,"Norfolk, VA, USORF","Norfolk, VA, USORF","Semarang, JT, IDSRG",IDSRG,EGLV,EMC,SC103574,DRY,4,5/1/2026,6/30/2026,5/16/2026,1050,1050,0,0,1050,1050
USORF,USORF,IDSUB,"Norfolk, VA, USORF","Norfolk, VA, USORF","Surabaya, JI, IDSUB",IDSUB,EGLV,EMC,SC103574,DRY,4,5/1/2026,6/30/2026,5/16/2026,1050,1050,0,0,1050,1050
USORF,USORF,INNSA,"Norfolk, VA, USORF","Norfolk, VA, USORF","Nhava Sheva, MH, INNSA",INNSA,EGLV,EMC,SC103574,DRY,4,5/1/2026,6/30/2026,5/16/2026,1800,1800,0,0,1800,1800
USORF,USORF,JPHTD,"Norfolk, VA, USORF","Norfolk, VA, USORF","Hakata, 38, JPHTD",JPHTD,EGLV,EMC,SC103574,DRY,4,5/1/2026,6/30/2026,5/16/2026,1150,1150,0,0,1150,1150
USORF,USORF,JPNGO,"Norfolk, VA, USORF","Norfolk, VA, USORF","Nagoya, Aichi, 23, JPNGO",JPNGO,EGLV,EMC,SC103574,DRY,4,5/1/2026,6/30/2026,5/16/2026,1150,1150,0,0,1150,1150
USORF,USORF,JPOSA,"Norfolk, VA, USORF","Norfolk, VA, USORF","Osaka, 27, JPOSA",JPOSA,EGLV,EMC,SC103574,DRY,4,5/1/2026,6/30/2026,5/16/2026,1150,1150,0,0,1150,1150
USORF,USORF,JPUKB,"Norfolk, VA, USORF","Norfolk, VA, USORF","Kobe, 28, JPUKB",JPUKB,EGLV,EMC,SC103574,DRY,4,5/1/2026,6/30/2026,5/16/2026,1150,1150,0,0,1150,1150
USORF,USORF,PHDVO,"Norfolk, VA, USORF","Norfolk, VA, USORF","Davao, Mindanao, , PHDVO",PHDVO,EGLV,EMC,SC103574,DRY,4,5/1/2026,6/30/2026,5/16/2026,1000,1000,0,0,1000,1000
USORF,USORF,PHMNL,"Norfolk, VA, USORF","Norfolk, VA, USORF","Manila, , PHMNL",PHMNL,EGLV,EMC,SC103574,DRY,4,5/1/2026,6/30/2026,5/16/2026,1150,1150,0,0,1150,1150
USORF,USORF,PHMNS,"Norfolk, VA, USORF","Norfolk, VA, USORF","Manila South Harbour, , PHMNS",PHMNS,EGLV,EMC,SC103574,DRY,4,5/1/2026,6/30/2026,5/16/2026,1150,1150,0,0,1150,1150
USORF,USORF,PKKHI,"Norfolk, VA, USORF","Norfolk, VA, USORF","Karachi, SD, PKKHI",PKKHI,EGLV,EMC,SC103574,DRY,4,5/1/2026,6/30/2026,5/16/2026,1700,1700,0,0,1700,1700
USORF,USORF,THBKK,"Norfolk, VA, USORF","Norfolk, VA, USORF","Bangkok, , THBKK",THBKK,EGLV,EMC,SC103574,DRY,4,5/1/2026,6/30/2026,5/16/2026,1200,1200,0,0,1200,1200
USORF,USORF,THLCH,"Norfolk, VA, USORF","Norfolk, VA, USORF","Laem Chabang, 20, THLCH",THLCH,EGLV,EMC,SC103574,DRY,4,5/1/2026,6/30/2026,5/16/2026,1000,1000,0,0,1000,1000
USORF,USORF,TWKHH,"Norfolk, VA, USORF","Norfolk, VA, USORF","Kaohsiung, , TWKHH",TWKHH,EGLV,EMC,SC103574,DRY,4,5/1/2026,6/30/2026,5/16/2026,650,650,0,0,650,650
USORF,USORF,TWTPE,"Norfolk, VA, USORF","Norfolk, VA, USORF","Taipei, TPE, TWTPE",TWTPE,EGLV,EMC,SC103574,DRY,4,5/1/2026,6/30/2026,5/16/2026,850,850,0,0,850,850
USORF,USORF,VNDAD,"Norfolk, VA, USORF","Norfolk, VA, USORF","Da Nang, , VNDAD",VNDAD,EGLV,EMC,SC103574,DRY,4,5/1/2026,6/30/2026,5/16/2026,800,800,0,0,800,800
USORF,USORF,VNHPH,"Norfolk, VA, USORF","Norfolk, VA, USORF","Haiphong, , VNHPH",VNHPH,EGLV,EMC,SC103574,DRY,4,5/1/2026,6/30/2026,5/16/2026,800,800,0,0,800,800
USORF,USORF,VNSGN,"Norfolk, VA, USORF","Norfolk, VA, USORF","Ho Chi Minh City, , VNSGN",VNSGN,EGLV,EMC,SC103574,DRY,4,5/1/2026,6/30/2026,5/16/2026,800,800,0,0,800,800
USORF,USORF,VNTOT,"Norfolk, VA, USORF","Norfolk, VA, USORF","Cai Mep, 43, VNTOT",VNTOT,EGLV,EMC,SC103574,DRY,4,5/1/2026,6/30/2026,5/16/2026,800,800,0,0,800,800
USORF,USORF,IDBLW,"Norfolk, VA, USORF","Norfolk, VA, USORF","Belawan, , IDBLW",IDBLW,MSCU,MSC,25-348WCSA,DRY,7,5/1/2026,5/31/2026,5/16/2026,1240,1240,0,0,1240,1240
USORF,USORF,IDBLW,"Norfolk, VA, USORF","Norfolk, VA, USORF","Belawan, , IDBLW",IDBLW,MSCU,MSC,25-348WCSA,DRY,7,6/1/2026,6/30/2026,5/16/2026,1280,1280,0,0,1280,1280
USORF,USORF,IDJKT,"Norfolk, VA, USORF","Norfolk, VA, USORF","Jakarta, JK, IDJKT",IDJKT,MSCU,MSC,25-348WCSA,DRY,7,5/1/2026,5/31/2026,5/16/2026,1240,1240,0,0,1240,1240
USORF,USORF,IDJKT,"Norfolk, VA, USORF","Norfolk, VA, USORF","Jakarta, JK, IDJKT",IDJKT,MSCU,MSC,25-348WCSA,DRY,7,6/1/2026,6/30/2026,5/16/2026,1280,1280,0,0,1280,1280
USORF,USORF,IDSRG,"Norfolk, VA, USORF","Norfolk, VA, USORF","Semarang, JT, IDSRG",IDSRG,MSCU,MSC,25-348WCSA,DRY,7,5/1/2026,5/31/2026,5/16/2026,1240,1240,0,0,1240,1240
USORF,USORF,IDSRG,"Norfolk, VA, USORF","Norfolk, VA, USORF","Semarang, JT, IDSRG",IDSRG,MSCU,MSC,25-348WCSA,DRY,7,6/1/2026,6/30/2026,5/16/2026,1280,1280,0,0,1280,1280
USORF,USORF,IDSUB,"Norfolk, VA, USORF","Norfolk, VA, USORF","Surabaya, JI, IDSUB",IDSUB,MSCU,MSC,25-348WCSA,DRY,7,5/1/2026,5/31/2026,5/16/2026,1240,1240,0,0,1240,1240
USORF,USORF,IDSUB,"Norfolk, VA, USORF","Norfolk, VA, USORF","Surabaya, JI, IDSUB",IDSUB,MSCU,MSC,25-348WCSA,DRY,7,6/1/2026,6/30/2026,5/16/2026,1280,1280,0,0,1280,1280
USORF,USORF,MYPEN,"Norfolk, VA, USORF","Norfolk, VA, USORF","Penang, , MYPEN",MYPEN,MSCU,MSC,25-348WCSA,DRY,7,5/1/2026,5/31/2026,5/16/2026,1240,1240,0,0,1240,1240
USORF,USORF,MYPEN,"Norfolk, VA, USORF","Norfolk, VA, USORF","Penang, , MYPEN",MYPEN,MSCU,MSC,25-348WCSA,DRY,7,6/1/2026,6/30/2026,5/16/2026,1280,1280,0,0,1280,1280
USORF,USORF,MYPGU,"Norfolk, VA, USORF","Norfolk, VA, USORF","Pasir Gudang, Johor, , MYPGU",MYPGU,MSCU,MSC,25-348WCSA,DRY,7,5/1/2026,5/31/2026,5/16/2026,1240,1240,0,0,1240,1240
USORF,USORF,MYPGU,"Norfolk, VA, USORF","Norfolk, VA, USORF","Pasir Gudang, Johor, , MYPGU",MYPGU,MSCU,MSC,25-348WCSA,DRY,7,6/1/2026,6/30/2026,5/16/2026,1280,1280,0,0,1280,1280
USORF,USORF,MYPKG,"Norfolk, VA, USORF","Norfolk, VA, USORF","Port Klang, 10, MYPKG",MYPKG,MSCU,MSC,25-348WCSA,DRY,7,5/1/2026,5/31/2026,5/16/2026,1240,1240,0,0,1240,1240
USORF,USORF,MYPKG,"Norfolk, VA, USORF","Norfolk, VA, USORF","Port Klang, 10, MYPKG",MYPKG,MSCU,MSC,25-348WCSA,DRY,7,6/1/2026,6/30/2026,5/16/2026,1280,1280,0,0,1280,1280
USORF,USORF,MYTPP,"Norfolk, VA, USORF","Norfolk, VA, USORF","Tanjung Pelepas, 1, MYTPP",MYTPP,MSCU,MSC,25-348WCSA,DRY,7,5/1/2026,5/31/2026,5/16/2026,1240,1240,0,0,1240,1240
USORF,USORF,MYTPP,"Norfolk, VA, USORF","Norfolk, VA, USORF","Tanjung Pelepas, 1, MYTPP",MYTPP,MSCU,MSC,25-348WCSA,DRY,7,6/1/2026,6/30/2026,5/16/2026,1280,1280,0,0,1280,1280
USORF,USORF,PHMNN,"Norfolk, VA, USORF","Norfolk, VA, USORF","Manila North Harbour, , PHMNN",PHMNN,MSCU,MSC,25-348WCSA,DRY,7,5/1/2026,5/31/2026,5/16/2026,1240,1240,0,0,1240,1240
USORF,USORF,PHMNN,"Norfolk, VA, USORF","Norfolk, VA, USORF","Manila North Harbour, , PHMNN",PHMNN,MSCU,MSC,25-348WCSA,DRY,7,6/1/2026,6/30/2026,5/16/2026,1280,1280,0,0,1280,1280
USORF,USORF,SGSIN,"Norfolk, VA, USORF","Norfolk, VA, USORF","Singapore, , SGSIN",SGSIN,MSCU,MSC,25-348WCSA,DRY,7,5/1/2026,5/31/2026,5/16/2026,1240,1240,0,0,1240,1240
USORF,USORF,SGSIN,"Norfolk, VA, USORF","Norfolk, VA, USORF","Singapore, , SGSIN",SGSIN,MSCU,MSC,25-348WCSA,DRY,7,6/1/2026,6/30/2026,5/16/2026,1280,1280,0,0,1280,1280
USORF,USORF,THBKK,"Norfolk, VA, USORF","Norfolk, VA, USORF","Bangkok, , THBKK",LAEM CHABANG,MSCU,MSC,25-348WCSA,DRY,7,5/1/2026,5/31/2026,5/16/2026,1425,1425,0,0,1425,1425
USORF,USORF,THBKK,"Norfolk, VA, USORF","Norfolk, VA, USORF","Bangkok, , THBKK",LAEM CHABANG,MSCU,MSC,25-348WCSA,DRY,7,6/1/2026,6/30/2026,5/16/2026,1465,1465,0,0,1465,1465
USORF,USORF,THBMT,"Norfolk, VA, USORF","Norfolk, VA, USORF","Bangkok Modern Terminals, , THBMT",LAEM CHABANG,MSCU,MSC,25-348WCSA,DRY,7,5/1/2026,5/31/2026,5/16/2026,1425,1425,0,0,1425,1425
USORF,USORF,THBMT,"Norfolk, VA, USORF","Norfolk, VA, USORF","Bangkok Modern Terminals, , THBMT",LAEM CHABANG,MSCU,MSC,25-348WCSA,DRY,7,6/1/2026,6/30/2026,5/16/2026,1465,1465,0,0,1465,1465
USORF,USORF,THLCH,"Norfolk, VA, USORF","Norfolk, VA, USORF","Laem Chabang, 20, THLCH",THLCH,MSCU,MSC,25-348WCSA,DRY,7,5/1/2026,5/31/2026,5/16/2026,1240,1240,0,0,1240,1240
USORF,USORF,THLCH,"Norfolk, VA, USORF","Norfolk, VA, USORF","Laem Chabang, 20, THLCH",THLCH,MSCU,MSC,25-348WCSA,DRY,7,6/1/2026,6/30/2026,5/16/2026,1280,1280,0,0,1280,1280
USORF,USORF,THLKR,"Norfolk, VA, USORF","Norfolk, VA, USORF","Lat Krabang, 10, THLKR",LAEM CHABANG,MSCU,MSC,25-348WCSA,DRY,7,5/1/2026,5/31/2026,5/16/2026,1375,1375,0,0,1375,1375
USORF,USORF,THLKR,"Norfolk, VA, USORF","Norfolk, VA, USORF","Lat Krabang, 10, THLKR",LAEM CHABANG,MSCU,MSC,25-348WCSA,DRY,7,6/1/2026,6/30/2026,5/16/2026,1415,1415,0,0,1415,1415
USORF,USORF,THSBP,"Norfolk, VA, USORF","Norfolk, VA, USORF","Siam Bangkok Port, , THSBP",LAEM CHABANG,MSCU,MSC,25-348WCSA,DRY,7,5/1/2026,5/31/2026,5/16/2026,1375,1375,0,0,1375,1375
USORF,USORF,THSBP,"Norfolk, VA, USORF","Norfolk, VA, USORF","Siam Bangkok Port, , THSBP",LAEM CHABANG,MSCU,MSC,25-348WCSA,DRY,7,6/1/2026,6/30/2026,5/16/2026,1415,1415,0,0,1415,1415
USORF,USORF,VNDAD,"Norfolk, VA, USORF","Norfolk, VA, USORF","Da Nang, , VNDAD",VNDAD,MSCU,MSC,25-348WCSA,DRY,7,5/1/2026,5/31/2026,5/16/2026,1165,1165,0,0,1165,1165
USORF,USORF,VNDAD,"Norfolk, VA, USORF","Norfolk, VA, USORF","Da Nang, , VNDAD",VNDAD,MSCU,MSC,25-348WCSA,DRY,7,6/1/2026,6/30/2026,5/16/2026,1205,1205,0,0,1205,1205
USORF,USORF,VNHPH,"Norfolk, VA, USORF","Norfolk, VA, USORF","Haiphong, , VNHPH",VNHPH,MSCU,MSC,25-348WCSA,DRY,7,3/16/2026,6/30/2026,5/16/2026,600,600,0,0,600,600
USORF,USORF,VNSGN,"Norfolk, VA, USORF","Norfolk, VA, USORF","Ho Chi Minh City, , VNSGN",VUNG TAU,MSCU,MSC,25-348WCSA,DRY,7,3/16/2026,6/30/2026,5/16/2026,600,600,0,0,600,600
USORF,USORF,VNVUT,"Norfolk, VA, USORF","Norfolk, VA, USORF","Vung Tau, 43, VNVUT",VNVUT,MSCU,MSC,25-348WCSA,DRY,7,3/16/2026,6/30/2026,5/16/2026,600,600,0,0,600,600
USORF,USORF,BDCGP,"Norfolk, VA, USORF","Norfolk, VA, USORF","Chattogram/Chittagong, , BDCGP",BDCGP,OOLU,OOCL,MT256104,DRY,16,4/1/2026,6/30/2026,5/16/2026,1968,1968,0,0,1968,1968
USORF,USORF,CNBIH,"Norfolk, VA, USORF","Norfolk, VA, USORF","Beihai Pt, 32, CNBIH",CNBIH,OOLU,OOCL,MT256104,DRY,16,4/1/2026,6/30/2026,5/16/2026,593,593,0,0,593,593
USORF,USORF,CNDFG,"Norfolk, VA, USORF","Norfolk, VA, USORF","Dafeng Pt, 22, CNDFG",CNDFG,OOLU,OOCL,MT256104,DRY,16,4/1/2026,6/30/2026,5/16/2026,543,543,0,0,543,543
USORF,USORF,CNDLC,"Norfolk, VA, USORF","Norfolk, VA, USORF","Dalian, 21, CNDLC",CNDLC,OOLU,OOCL,MT256104,DRY,16,4/1/2026,6/30/2026,5/16/2026,593,593,0,0,593,593
USORF,USORF,CNHUA,"Norfolk, VA, USORF","Norfolk, VA, USORF","Huangpu Pt, 44, CNHUA",CNHUA,OOLU,OOCL,MT256104,DRY,16,4/1/2026,6/30/2026,5/16/2026,598,598,0,0,598,598
USORF,USORF,CNNBG,"Norfolk, VA, USORF","Norfolk, VA, USORF","Ningbo Pt, 33, CNNBG",CNNBG,OOLU,OOCL,MT256104,DRY,16,4/1/2026,6/30/2026,5/16/2026,243,243,0,0,243,243
USORF,USORF,CNTAO,"Norfolk, VA, USORF","Norfolk, VA, USORF","Qingdao, 37, CNTAO",CNTAO,OOLU,OOCL,MT256104,DRY,16,4/1/2026,6/30/2026,5/16/2026,303,303,0,0,303,303
USORF,USORF,CNSHA,"Norfolk, VA, USORF","Norfolk, VA, USORF","Shanghai, 31, CNSHA",CNSHA,OOLU,OOCL,MT256104,DRY,16,4/1/2026,6/30/2026,5/16/2026,243,243,0,0,243,243
USORF,USORF,CNXMN,"Norfolk, VA, USORF","Norfolk, VA, USORF","Xiamen, 35, CNXMN",CNXMN,OOLU,OOCL,MT256104,DRY,16,4/1/2026,6/30/2026,5/16/2026,243,243,0,0,243,243
USORF,USORF,CNTXG,"Norfolk, VA, USORF","Norfolk, VA, USORF","Tianjin Xingang Pt, 12, CNTXG",CNTXG,OOLU,OOCL,MT256104,DRY,16,4/1/2026,6/30/2026,5/16/2026,403,403,0,0,403,403
USORF,USORF,CNYTN,"Norfolk, VA, USORF","Norfolk, VA, USORF","Yantian Pt, 44, CNYTN",CNYTN,OOLU,OOCL,MT256104,DRY,16,4/1/2026,6/30/2026,5/16/2026,243,243,0,0,243,243
USORF,USORF,PKBQM,"Norfolk, VA, USORF","Norfolk, VA, USORF","Port Qasim/Karachi, SD, PKBQM",PKBQM,OOLU,OOCL,MT256104,DRY,16,4/1/2026,6/30/2026,5/16/2026,923,923,0,0,923,923
USORF,USORF,THBKK,"Norfolk, VA, USORF","Norfolk, VA, USORF","Bangkok, , THBKK",THBKK,OOLU,OOCL,MT256104,DRY,16,4/1/2026,6/30/2026,5/16/2026,448,448,0,0,448,448
USORF,USORF,IDBLW,"Norfolk, VA, USORF","Norfolk, VA, USORF","Belawan, , IDBLW",IDBLW,OOLU,OOCL,MT256104,DRY,16,4/1/2026,6/30/2026,5/16/2026,643,643,0,0,643,643
USORF,USORF,KRPUS,"Norfolk, VA, USORF","Norfolk, VA, USORF","Busan, 26, KRPUS",KRPUS,OOLU,OOCL,MT256104,DRY,16,4/1/2026,6/30/2026,5/16/2026,293,293,0,0,293,293
USORF,USORF,PHCEB,"Norfolk, VA, USORF","Norfolk, VA, USORF","Cebu, , PHCEB",PHCEB,OOLU,OOCL,MT256104,DRY,16,4/1/2026,6/30/2026,5/16/2026,928,928,0,0,928,928
USORF,USORF,VNHPH,"Norfolk, VA, USORF","Norfolk, VA, USORF","Haiphong, , VNHPH",VNHPH,OOLU,OOCL,MT256104,DRY,16,4/1/2026,6/30/2026,5/16/2026,193,193,0,0,193,193
USORF,USORF,INHAL,"Norfolk, VA, USORF","Norfolk, VA, USORF","Haldia, WB, INHAL",INHAL,OOLU,OOCL,MT256104,DRY,16,4/1/2026,6/30/2026,5/16/2026,2933,2933,0,0,2933,2933
USORF,USORF,VNSGN,"Norfolk, VA, USORF","Norfolk, VA, USORF","Ho Chi Minh City, , VNSGN",VNSGN,OOLU,OOCL,MT256104,DRY,16,4/1/2026,6/30/2026,5/16/2026,243,243,0,0,243,243
USORF,USORF,HKHKG,"Norfolk, VA, USORF","Norfolk, VA, USORF","Hong Kong, , HKHKG",HKHKG,OOLU,OOCL,MT256104,DRY,16,4/1/2026,6/30/2026,5/16/2026,293,293,0,0,293,293
USORF,USORF,IDJKT,"Norfolk, VA, USORF","Norfolk, VA, USORF","Jakarta, JK, IDJKT",IDJKT,OOLU,OOCL,MT256104,DRY,16,4/1/2026,6/30/2026,5/16/2026,643,643,0,0,643,643
USORF,USORF,TWKHH,"Norfolk, VA, USORF","Norfolk, VA, USORF","Kaohsiung, , TWKHH",TWKHH,OOLU,OOCL,MT256104,DRY,16,4/1/2026,6/30/2026,5/16/2026,268,268,0,0,268,268
USORF,USORF,INKTP,"Norfolk, VA, USORF","Norfolk, VA, USORF","Kattupalli Port, TN, INKTP",INKTP,OOLU,OOCL,MT256104,DRY,16,4/1/2026,6/30/2026,5/16/2026,1313,1313,0,0,1313,1313
USORF,USORF,TWKEL,"Norfolk, VA, USORF","Norfolk, VA, USORF","Keelung, , TWKEL",TWKEL,OOLU,OOCL,MT256104,DRY,16,4/1/2026,6/30/2026,5/16/2026,548,548,0,0,548,548
USORF,USORF,INKOC,"Norfolk, VA, USORF","Norfolk, VA, USORF","Kochi, , INKOC",INKOC,OOLU,OOCL,MT256104,DRY,16,4/1/2026,6/30/2026,5/16/2026,3163,3163,0,0,3163,3163
USORF,USORF,THLCH,"Norfolk, VA, USORF","Norfolk, VA, USORF","Laem Chabang, 20, THLCH",THLCH,OOLU,OOCL,MT256104,DRY,16,4/1/2026,6/30/2026,5/16/2026,248,248,0,0,248,248
USORF,USORF,THLKR,"Norfolk, VA, USORF","Norfolk, VA, USORF","Lat Krabang, 10, THLKR",THLKR,OOLU,OOCL,MT256104,DRY,16,4/1/2026,6/30/2026,5/16/2026,333,333,0,0,333,333
USORF,USORF,PHMNL,"Norfolk, VA, USORF","Norfolk, VA, USORF","Manila, , PHMNL",PHMNL,OOLU,OOCL,MT256104,DRY,16,4/1/2026,6/30/2026,5/16/2026,928,928,0,0,928,928
USORF,USORF,INMUN,"Norfolk, VA, USORF","Norfolk, VA, USORF","Mundra, GJ, INMUN",INMUN,OOLU,OOCL,MT256104,DRY,16,4/1/2026,6/30/2026,5/16/2026,723,723,0,0,723,723
USORF,USORF,INNSA,"Norfolk, VA, USORF","Norfolk, VA, USORF","Nhava Sheva, MH, INNSA",INNSA,OOLU,OOCL,MT256104,DRY,16,4/1/2026,6/30/2026,5/16/2026,723,723,0,0,723,723
USORF,USORF,MYPGU,"Norfolk, VA, USORF","Norfolk, VA, USORF","Pasir Gudang, Johor, , MYPGU",MYPGU,OOLU,OOCL,MT256104,DRY,16,4/1/2026,6/30/2026,5/16/2026,938,938,0,0,938,938
USORF,USORF,MYPEN,"Norfolk, VA, USORF","Norfolk, VA, USORF","Penang, , MYPEN",MYPEN,OOLU,OOCL,MT256104,DRY,16,4/1/2026,6/30/2026,5/16/2026,938,938,0,0,938,938
USORF,USORF,MYPKG,"Norfolk, VA, USORF","Norfolk, VA, USORF","Port Klang, 10, MYPKG",MYPKG,OOLU,OOCL,MT256104,DRY,16,4/1/2026,6/30/2026,5/16/2026,343,343,0,0,343,343
USORF,USORF,IDSRG,"Norfolk, VA, USORF","Norfolk, VA, USORF","Semarang, JT, IDSRG",IDSRG,OOLU,OOCL,MT256104,DRY,16,4/1/2026,6/30/2026,5/16/2026,643,643,0,0,643,643
USORF,USORF,KHKOS,"Norfolk, VA, USORF","Norfolk, VA, USORF","Sihanoukville (Kampong Saom), , KHKOS",KHKOS,OOLU,OOCL,MT256104,DRY,16,4/1/2026,6/30/2026,5/16/2026,1663,1663,0,0,1663,1663
USORF,USORF,SGSIN,"Norfolk, VA, USORF","Norfolk, VA, USORF","Singapore, , SGSIN",SGSIN,OOLU,OOCL,MT256104,DRY,16,4/1/2026,6/30/2026,5/16/2026,343,343,0,0,343,343
USORF,USORF,IDSUB,"Norfolk, VA, USORF","Norfolk, VA, USORF","Surabaya, JI, IDSUB",IDSUB,OOLU,OOCL,MT256104,DRY,16,4/1/2026,6/30/2026,5/16/2026,643,643,0,0,643,643
USORF,USORF,TWTXG,"Norfolk, VA, USORF","Norfolk, VA, USORF","Taichung, , TWTXG",TWTXG,OOLU,OOCL,MT256104,DRY,16,4/1/2026,6/30/2026,5/16/2026,548,548,0,0,548,548
USORF,USORF,VNTTH,"Norfolk, VA, USORF","Norfolk, VA, USORF","Tan Thanh, 43, VNTTH",VNTTH,OOLU,OOCL,MT256104,DRY,16,4/1/2026,6/30/2026,5/16/2026,193,193,0,0,193,193
USORF,USORF,TWTYN,"Norfolk, VA, USORF","Norfolk, VA, USORF","Taoyuan, , TWTYN",TWTYN,OOLU,OOCL,MT256104,DRY,16,4/1/2026,6/30/2026,5/16/2026,518,518,0,0,518,518
USORF,USORF,INTUT,"Norfolk, VA, USORF","Norfolk, VA, USORF","Tuticorin, TN, INTUT",INTUT,OOLU,OOCL,MT256104,DRY,16,4/1/2026,6/30/2026,5/16/2026,2093,2093,0,0,2093,2093
USORF,USORF,TRALI,"Norfolk, VA, USORF","Norfolk, VA, USORF","Aliaga, 35, TRALI",TRALI,OOLU,OOCL,MT256104,DRY,16,4/1/2026,6/30/2026,5/16/2026,760,760,0,0,760,760
USORF,USORF,TRISK,"Norfolk, VA, USORF","Norfolk, VA, USORF","Iskenderun, 31, TRISK",TRISK,OOLU,OOCL,MT256104,DRY,16,4/1/2026,6/30/2026,5/16/2026,683,683,0,0,683,683
USORF,USORF,TRIZM,"Norfolk, VA, USORF","Norfolk, VA, USORF","Izmir, 35, TRIZM",TRIZM,OOLU,OOCL,MT256104,DRY,16,4/1/2026,6/30/2026,5/16/2026,1160,1160,0,0,1160,1160
USORF,USORF,TRMER,"Norfolk, VA, USORF","Norfolk, VA, USORF","Mersin, 33, TRMER",TRMER,OOLU,OOCL,MT256104,DRY,16,4/1/2026,6/30/2026,5/16/2026,1202,1202,0,0,1202,1202
USORF,USORF,TRGEM,"Norfolk, VA, USORF","Norfolk, VA, USORF","Gemlik, 16, TRGEM",TRGEM,OOLU,OOCL,MT256104,DRY,16,4/1/2026,6/30/2026,5/16/2026,1185,1185,0,0,1185,1185
USORF,USORF,TRGEB,"Norfolk, VA, USORF","Norfolk, VA, USORF","Gebze, 41, TRGEB",TRGEB,OOLU,OOCL,MT256104,DRY,16,4/1/2026,6/30/2026,5/16/2026,1185,1185,0,0,1185,1185
USORF,USORF,THBMT,"Norfolk, VA, USORF","Norfolk, VA, USORF","Bangkok Modern Terminals, , THBMT",THBMT,YMJA,YML,051625,DRY,10,5/13/2026,6/30/2026,5/16/2026,457.5,457.5,0,0,457.5,457.5
USORF,USORF,IDBLW,"Norfolk, VA, USORF","Norfolk, VA, USORF","Belawan, , IDBLW",IDBLW,YMJA,YML,051625,DRY,10,5/13/2026,6/30/2026,5/16/2026,657.5,657.5,0,0,657.5,657.5
USORF,USORF,AUBNE,"Norfolk, VA, USORF","Norfolk, VA, USORF","Brisbane, QLD, AUBNE",AUBNE,YMJA,YML,051625,DRY,10,5/13/2026,6/30/2026,5/16/2026,2207.5,2207.5,0,0,2207.5,2207.5
USORF,USORF,VNCMT,"Norfolk, VA, USORF","Norfolk, VA, USORF","Cai Mep Terminal, 43, VNCMT",VNCMT,YMJA,YML,051625,DRY,10,5/13/2026,6/30/2026,5/16/2026,432.5,432.5,0,0,432.5,432.5
USORF,USORF,VNCMT,"Norfolk, VA, USORF","Norfolk, VA, USORF","Cai Mep Terminal, 43, VNCMT",VNCMT,YMJA,YML,051625,DRY,10,5/13/2026,6/30/2026,5/16/2026,107.5,107.5,0,0,107.5,107.5
USORF,USORF,VNCLI,"Norfolk, VA, USORF","Norfolk, VA, USORF","Cat Lai, 65, VNCLI",VNCMT,YMJA,YML,051625,DRY,10,5/13/2026,6/30/2026,5/16/2026,107.5,107.5,0,0,107.5,107.5
USORF,USORF,PHCEB,"Norfolk, VA, USORF","Norfolk, VA, USORF","Cebu, , PHCEB",PHCEB,YMJA,YML,051625,DRY,10,5/13/2026,6/30/2026,5/16/2026,757.5,757.5,0,0,757.5,757.5
USORF,USORF,BDCGP,"Norfolk, VA, USORF","Norfolk, VA, USORF","Chattogram/Chittagong, , BDCGP",BDCGP,YMJA,YML,051625,DRY,10,5/13/2026,6/30/2026,5/16/2026,1457.5,1457.5,0,0,1457.5,1457.5
USORF,USORF,LKCMB,"Norfolk, VA, USORF","Norfolk, VA, USORF","Colombo, , LKCMB",LKCMB,YMJA,YML,051625,DRY,10,5/13/2026,6/30/2026,5/16/2026,1657.5,1657.5,0,0,1657.5,1657.5
USORF,USORF,VNDAD,"Norfolk, VA, USORF","Norfolk, VA, USORF","Da Nang, , VNDAD",VNDAD,YMJA,YML,051625,DRY,10,5/13/2026,6/30/2026,5/16/2026,657.5,657.5,0,0,657.5,657.5
USORF,USORF,CNDLC,"Norfolk, VA, USORF","Norfolk, VA, USORF","Dalian, 21, CNDLC",CNDLC,YMJA,YML,051625,DRY,10,5/13/2026,6/30/2026,5/16/2026,457.5,457.5,0,0,457.5,457.5
USORF,USORF,JPHHE,"Norfolk, VA, USORF","Norfolk, VA, USORF","Hachinohe, 2, JPHHE",JPHHE,YMJA,YML,051625,DRY,10,5/13/2026,6/30/2026,5/16/2026,1307.5,1307.5,0,0,1307.5,1307.5
USORF,USORF,VNHPH,"Norfolk, VA, USORF","Norfolk, VA, USORF","Haiphong, , VNHPH",VNHPH,YMJA,YML,051625,DRY,10,5/13/2026,6/30/2026,5/16/2026,157.5,157.5,0,0,157.5,157.5
USORF,USORF,JPHTD,"Norfolk, VA, USORF","Norfolk, VA, USORF","Hakata, 38, JPHTD",JPHTD,YMJA,YML,051625,DRY,10,5/13/2026,6/30/2026,5/16/2026,1007.5,1007.5,0,0,1007.5,1007.5
USORF,USORF,VNSGN,"Norfolk, VA, USORF","Norfolk, VA, USORF","Ho Chi Minh City, , VNSGN",VNCMT,YMJA,YML,051625,DRY,10,5/13/2026,6/30/2026,5/16/2026,107.5,107.5,0,0,107.5,107.5
USORF,USORF,HKHKG,"Norfolk, VA, USORF","Norfolk, VA, USORF","Hong Kong, , HKHKG",HKHKG,YMJA,YML,051625,DRY,10,5/13/2026,6/30/2026,5/16/2026,427.5,427.5,0,0,427.5,427.5
USORF,USORF,CNHUA,"Norfolk, VA, USORF","Norfolk, VA, USORF","Huangpu Pt, 44, CNHUA",CNYTN,YMJA,YML,051625,DRY,10,5/13/2026,6/30/2026,5/16/2026,657.5,657.5,0,0,657.5,657.5
USORF,USORF,CNGZG,"Norfolk, VA, USORF","Norfolk, VA, USORF","Guangzhou Pt, 22, CNGZG",CNYTN,YMJA,YML,051625,DRY,10,5/13/2026,6/30/2026,5/16/2026,657.5,657.5,0,0,657.5,657.5
USORF,USORF,JPIMI,"Norfolk, VA, USORF","Norfolk, VA, USORF","Imari, 41, JPIMI",JPIMI,YMJA,YML,051625,DRY,10,5/13/2026,6/30/2026,5/16/2026,1432.5,1432.5,0,0,1432.5,1432.5
USORF,USORF,IDJKT,"Norfolk, VA, USORF","Norfolk, VA, USORF","Jakarta, JK, IDJKT",IDJKT,YMJA,YML,051625,DRY,10,5/13/2026,6/30/2026,5/16/2026,407.5,407.5,0,0,407.5,407.5
USORF,USORF,IDJKT,"Norfolk, VA, USORF","Norfolk, VA, USORF","Jakarta, JK, IDJKT",IDJKT,YMJA,YML,051625,DRY,10,5/13/2026,6/30/2026,5/16/2026,557.5,557.5,0,0,557.5,557.5
USORF,USORF,TWKHH,"Norfolk, VA, USORF","Norfolk, VA, USORF","Kaohsiung, , TWKHH",TWKHH,YMJA,YML,051625,DRY,10,5/13/2026,6/30/2026,5/16/2026,207.5,207.5,0,0,207.5,207.5
USORF,USORF,TWKHH,"Norfolk, VA, USORF","Norfolk, VA, USORF","Kaohsiung, , TWKHH",TWKHH,YMJA,YML,051625,DRY,10,5/13/2026,6/30/2026,5/16/2026,382.5,382.5,0,0,382.5,382.5
USORF,USORF,TWKHH,"Norfolk, VA, USORF","Norfolk, VA, USORF","Kaohsiung, , TWKHH",TWKHH,YMJA,YML,051625,DRY,10,5/13/2026,6/30/2026,5/16/2026,107.5,107.5,0,0,107.5,107.5
USORF,USORF,TWKEL,"Norfolk, VA, USORF","Norfolk, VA, USORF","Keelung, , TWKEL",TWKEL,YMJA,YML,051625,DRY,10,5/13/2026,6/30/2026,5/16/2026,457.5,457.5,0,0,457.5,457.5
USORF,USORF,TWKEL,"Norfolk, VA, USORF","Norfolk, VA, USORF","Keelung, , TWKEL",TWKHH,YMJA,YML,051625,DRY,10,5/13/2026,6/30/2026,5/16/2026,357.5,357.5,0,0,357.5,357.5
USORF,USORF,JPUKB,"Norfolk, VA, USORF","Norfolk, VA, USORF","Kobe, 28, JPUKB",SGSIN,YMJA,YML,051625,DRY,10,5/13/2026,6/30/2026,5/16/2026,307.5,307.5,0,0,307.5,307.5
USORF,USORF,KRKAN,"Norfolk, VA, USORF","Norfolk, VA, USORF","Gwangyang, 46, KRKAN",KRPUS,YMJA,YML,051625,DRY,10,5/13/2026,6/30/2026,5/16/2026,357.5,357.5,0,0,357.5,357.5
USORF,USORF,THLCH,"Norfolk, VA, USORF","Norfolk, VA, USORF","Laem Chabang, 20, THLCH",THLCH,YMJA,YML,051625,DRY,10,5/13/2026,6/30/2026,5/16/2026,507.5,507.5,0,0,507.5,507.5
USORF,USORF,THLCH,"Norfolk, VA, USORF","Norfolk, VA, USORF","Laem Chabang, 20, THLCH",THLCH,YMJA,YML,051625,DRY,10,5/13/2026,6/30/2026,5/16/2026,157.5,157.5,0,0,157.5,157.5
USORF,USORF,THLKR,"Norfolk, VA, USORF","Norfolk, VA, USORF","Lat Krabang, 10, THLKR",THLCH,YMJA,YML,051625,DRY,10,5/13/2026,6/30/2026,5/16/2026,407.5,407.5,0,0,407.5,407.5
USORF,USORF,PHMNL,"Norfolk, VA, USORF","Norfolk, VA, USORF","Manila, , PHMNL",PHMNL,YMJA,YML,051625,DRY,10,5/13/2026,6/30/2026,5/16/2026,857.5,857.5,0,0,857.5,857.5
USORF,USORF,AUMEL,"Norfolk, VA, USORF","Norfolk, VA, USORF","Melbourne, VIC, AUMEL",AUMEL,YMJA,YML,051625,DRY,10,5/13/2026,6/30/2026,5/16/2026,2207.5,2207.5,0,0,2207.5,2207.5
USORF,USORF,JPMIZ,"Norfolk, VA, USORF","Norfolk, VA, USORF","Mizushima, 33, JPMIZ",JPMIZ,YMJA,YML,051625,DRY,10,5/13/2026,6/30/2026,5/16/2026,1007.5,1007.5,0,0,1007.5,1007.5
USORF,USORF,JPNGO,"Norfolk, VA, USORF","Norfolk, VA, USORF","Nagoya, Aichi, 23, JPNGO",SGSIN,YMJA,YML,051625,DRY,10,5/13/2026,6/30/2026,5/16/2026,307.5,307.5,0,0,307.5,307.5
USORF,USORF,CNNBG,"Norfolk, VA, USORF","Norfolk, VA, USORF","Ningbo Pt, 33, CNNBG",CNNBG,YMJA,YML,051625,DRY,10,5/13/2026,6/30/2026,5/16/2026,432.5,432.5,0,0,432.5,432.5
USORF,USORF,CNNBG,"Norfolk, VA, USORF","Norfolk, VA, USORF","Ningbo Pt, 33, CNNBG",CNNBG,YMJA,YML,051625,DRY,10,5/13/2026,6/30/2026,5/16/2026,157.5,157.5,0,0,157.5,157.5
USORF,USORF,JPOSA,"Norfolk, VA, USORF","Norfolk, VA, USORF","Osaka, 27, JPOSA",JPOSA,YMJA,YML,051625,DRY,10,5/13/2026,6/30/2026,5/16/2026,657.5,657.5,0,0,657.5,657.5
USORF,USORF,MYPGU,"Norfolk, VA, USORF","Norfolk, VA, USORF","Pasir Gudang, Johor, , MYPGU",MYPGU,YMJA,YML,051625,DRY,10,5/13/2026,6/30/2026,5/16/2026,657.5,657.5,0,0,657.5,657.5
USORF,USORF,MYPEN,"Norfolk, VA, USORF","Norfolk, VA, USORF","Penang, , MYPEN",MYPEN,YMJA,YML,051625,DRY,10,5/13/2026,6/30/2026,5/16/2026,607.5,607.5,0,0,607.5,607.5
USORF,USORF,MYPKG,"Norfolk, VA, USORF","Norfolk, VA, USORF","Port Klang, 10, MYPKG",MYPKG,YMJA,YML,051625,DRY,10,5/13/2026,6/30/2026,5/16/2026,607.5,607.5,0,0,607.5,607.5
USORF,USORF,KRPUS,"Norfolk, VA, USORF","Norfolk, VA, USORF","Busan, 26, KRPUS",KRPUS,YMJA,YML,051625,DRY,10,5/13/2026,6/30/2026,5/16/2026,432.5,432.5,0,0,432.5,432.5
USORF,USORF,KRPUS,"Norfolk, VA, USORF","Norfolk, VA, USORF","Busan, 26, KRPUS",KRPUS,YMJA,YML,051625,DRY,10,5/13/2026,6/30/2026,5/16/2026,157.5,157.5,0,0,157.5,157.5
USORF,USORF,CNTAO,"Norfolk, VA, USORF","Norfolk, VA, USORF","Qingdao, 37, CNTAO",CNTAO,YMJA,YML,051625,DRY,10,5/13/2026,6/30/2026,5/16/2026,357.5,357.5,0,0,357.5,357.5
USORF,USORF,IDSRG,"Norfolk, VA, USORF","Norfolk, VA, USORF","Semarang, JT, IDSRG",IDSRG,YMJA,YML,051625,DRY,10,5/13/2026,6/30/2026,5/16/2026,407.5,407.5,0,0,407.5,407.5
USORF,USORF,IDSRG,"Norfolk, VA, USORF","Norfolk, VA, USORF","Semarang, JT, IDSRG",IDSRG,YMJA,YML,051625,DRY,10,5/13/2026,6/30/2026,5/16/2026,557.5,557.5,0,0,557.5,557.5
USORF,USORF,CNSHA,"Norfolk, VA, USORF","Norfolk, VA, USORF","Shanghai, 31, CNSHA",CNSHA,YMJA,YML,051625,DRY,10,5/13/2026,6/30/2026,5/16/2026,432.5,432.5,0,0,432.5,432.5
USORF,USORF,CNSHA,"Norfolk, VA, USORF","Norfolk, VA, USORF","Shanghai, 31, CNSHA",CNSHA,YMJA,YML,051625,DRY,10,5/13/2026,6/30/2026,5/16/2026,157.5,157.5,0,0,157.5,157.5
USORF,USORF,JPSBS,"Norfolk, VA, USORF","Norfolk, VA, USORF","Shibushi, 46, JPSBS",JPSBS,YMJA,YML,051625,DRY,10,5/13/2026,6/30/2026,5/16/2026,1007.5,1007.5,0,0,1007.5,1007.5
USORF,USORF,JPSMZ,"Norfolk, VA, USORF","Norfolk, VA, USORF","Shimizu, 22, JPSMZ",JPSMZ,YMJA,YML,051625,DRY,10,5/13/2026,6/30/2026,5/16/2026,1307.5,1307.5,0,0,1307.5,1307.5
USORF,USORF,SGSIN,"Norfolk, VA, USORF","Norfolk, VA, USORF","Singapore, , SGSIN",SGSIN,YMJA,YML,051625,DRY,10,5/13/2026,6/30/2026,5/16/2026,432.5,432.5,0,0,432.5,432.5
USORF,USORF,SGSIN,"Norfolk, VA, USORF","Norfolk, VA, USORF","Singapore, , SGSIN",SGSIN,YMJA,YML,051625,DRY,10,5/13/2026,6/30/2026,5/16/2026,307.5,307.5,0,0,307.5,307.5
USORF,USORF,THSBP,"Norfolk, VA, USORF","Norfolk, VA, USORF","Siam Bangkok Port, , THSBP",VNCMT,YMJA,YML,051625,DRY,10,5/13/2026,6/30/2026,5/16/2026,132.5,132.5,0,0,132.5,132.5
USORF,USORF,IDSUB,"Norfolk, VA, USORF","Norfolk, VA, USORF","Surabaya, JI, IDSUB",IDSUB,YMJA,YML,051625,DRY,10,5/13/2026,6/30/2026,5/16/2026,407.5,407.5,0,0,407.5,407.5
USORF,USORF,IDSUB,"Norfolk, VA, USORF","Norfolk, VA, USORF","Surabaya, JI, IDSUB",IDSUB,YMJA,YML,051625,DRY,10,5/13/2026,6/30/2026,5/16/2026,657.5,657.5,0,0,657.5,657.5
USORF,USORF,AUSYD,"Norfolk, VA, USORF","Norfolk, VA, USORF","Sydney, NSW, AUSYD",AUSYD,YMJA,YML,051625,DRY,10,5/13/2026,6/30/2026,5/16/2026,2207.5,2207.5,0,0,2207.5,2207.5
USORF,USORF,TWTXG,"Norfolk, VA, USORF","Norfolk, VA, USORF","Taichung, , TWTXG",TWTXG,YMJA,YML,051625,DRY,10,5/13/2026,6/30/2026,5/16/2026,157.5,157.5,0,0,157.5,157.5
USORF,USORF,TWTYN,"Norfolk, VA, USORF","Norfolk, VA, USORF","Taoyuan, , TWTYN",TWTYN,YMJA,YML,051625,DRY,10,5/13/2026,6/30/2026,5/16/2026,407.5,407.5,0,0,407.5,407.5
USORF,USORF,JPTYO,"Norfolk, VA, USORF","Norfolk, VA, USORF","Tokyo, 13, JPTYO",SGSIN,YMJA,YML,051625,DRY,10,5/13/2026,6/30/2026,5/16/2026,557.5,557.5,0,0,557.5,557.5
USORF,USORF,JPTMK,"Norfolk, VA, USORF","Norfolk, VA, USORF","Tomakomai, 1, JPTMK",JPTMK,YMJA,YML,051625,DRY,10,5/13/2026,6/30/2026,5/16/2026,1157.5,1157.5,0,0,1157.5,1157.5
USORF,USORF,CNTXG,"Norfolk, VA, USORF","Norfolk, VA, USORF","Tianjin Xingang Pt, 12, CNTXG",CNTXG,YMJA,YML,051625,DRY,10,5/13/2026,6/30/2026,5/16/2026,607.5,607.5,0,0,607.5,607.5
USORF,USORF,CNYTN,"Norfolk, VA, USORF","Norfolk, VA, USORF","Yantian Pt, 44, CNYTN",CNYTN,YMJA,YML,051625,DRY,10,5/13/2026,6/30/2026,5/16/2026,432.5,432.5,0,0,432.5,432.5
USORF,USORF,CNYTN,"Norfolk, VA, USORF","Norfolk, VA, USORF","Yantian Pt, 44, CNYTN",CNYTN,YMJA,YML,051625,DRY,10,5/13/2026,6/30/2026,5/16/2026,207.5,207.5,0,0,207.5,207.5
USORF,USORF,JPYOK,"Norfolk, VA, USORF","Norfolk, VA, USORF","Yokohama, 14, JPYOK",JPYOK,YMJA,YML,051625,DRY,10,5/13/2026,6/30/2026,5/16/2026,807.5,807.5,0,0,807.5,807.5
USMOB,USMOB,CNAQG,"Mobile, AL, USMOB","Mobile, AL, USMOB","Anqing Pt, 34, CNAQG",CNAQG,MAEU,Maersk,300094432,DRY,0,4/1/2026,9/30/2026,3/24/2026,1270,1270,0,0,1270,1270
USMOB,USMOB,CNBHY,"Mobile, AL, USMOB","Mobile, AL, USMOB","Beihai Fucheng Apt, 45, CNBHY",CNBHY,MAEU,Maersk,300094432,DRY,0,4/1/2026,9/30/2026,3/24/2026,1379,1379,0,0,1379,1379
USMOB,USMOB,CNCHQ,"Mobile, AL, USMOB","Mobile, AL, USMOB","Chongqing Pt, 50, CNCHQ",CNCHQ,MAEU,Maersk,300094432,DRY,0,4/1/2026,9/30/2026,3/24/2026,1600,1600,0,0,1600,1600
USMOB,USMOB,CNDFG,"Mobile, AL, USMOB","Mobile, AL, USMOB","Dafeng Pt, 22, CNDFG",CNDFG,MAEU,Maersk,300094432,DRY,0,4/1/2026,9/30/2026,3/24/2026,1220,1220,0,0,1220,1220
USMOB,USMOB,CNHUA,"Mobile, AL, USMOB","Mobile, AL, USMOB","Huangpu Pt, 44, CNHUA",CNHUA,MAEU,Maersk,300094432,DRY,0,4/1/2026,9/30/2026,3/24/2026,1029,1029,0,0,1029,1029
USMOB,USMOB,CNJIA,"Mobile, AL, USMOB","Mobile, AL, USMOB","Jiangyin Pt, 32, CNJIA",CNJIA,MAEU,Maersk,300094432,DRY,0,4/1/2026,9/30/2026,3/24/2026,1150,1150,0,0,1150,1150
USMOB,USMOB,CNJMN,"Mobile, AL, USMOB","Mobile, AL, USMOB","Jiangmen Pt, 44, CNJMN",CNJMN,MAEU,Maersk,300094432,DRY,0,4/1/2026,9/30/2026,3/24/2026,1019,1019,0,0,1019,1019
USMOB,USMOB,CNLYG,"Mobile, AL, USMOB","Mobile, AL, USMOB","Lianyungang, 32, CNLYG",CNLYG,MAEU,Maersk,300094432,DRY,0,4/1/2026,9/30/2026,3/24/2026,1120,1120,0,0,1120,1120
USMOB,USMOB,CNMAA,"Mobile, AL, USMOB","Mobile, AL, USMOB","Maanshan Pt, 34, CNMAA",CNMAA,MAEU,Maersk,300094432,DRY,0,4/1/2026,9/30/2026,3/24/2026,1160,1160,0,0,1160,1160
USMOB,USMOB,CNNBG,"Mobile, AL, USMOB","Mobile, AL, USMOB","Ningbo Pt, 33, CNNBG",CNNBG,MAEU,Maersk,300094432,DRY,0,4/1/2026,9/30/2026,3/24/2026,940,940,0,0,940,940
USMOB,USMOB,CNNJG,"Mobile, AL, USMOB","Mobile, AL, USMOB","Nanjing Pt, 35, CNNJG",CNNJG,MAEU,Maersk,300094432,DRY,0,4/1/2026,9/30/2026,3/24/2026,1160,1160,0,0,1160,1160
USMOB,USMOB,CNNTG,"Mobile, AL, USMOB","Mobile, AL, USMOB","Nantong Pt, 32, CNNTG",CNNTG,MAEU,Maersk,300094432,DRY,0,4/1/2026,9/30/2026,3/24/2026,1095,1095,0,0,1095,1095
USMOB,USMOB,CNTAO,"Mobile, AL, USMOB","Mobile, AL, USMOB","Qingdao, 37, CNTAO",CNTAO,MAEU,Maersk,300094432,DRY,0,4/1/2026,9/30/2026,3/24/2026,960,960,0,0,960,960
USMOB,USMOB,CNQZH,"Mobile, AL, USMOB","Mobile, AL, USMOB","Qinzhou Pt, 45, CNQZH",CNQZH,MAEU,Maersk,300094432,DRY,0,4/1/2026,9/30/2026,3/24/2026,1359,1359,0,0,1359,1359
USMOB,USMOB,CNRUG,"Mobile, AL, USMOB","Mobile, AL, USMOB","Rugao Pt, 32, CNRUG",CNRUG,MAEU,Maersk,300094432,DRY,0,4/1/2026,9/30/2026,3/24/2026,1170,1170,0,0,1170,1170
USMOB,USMOB,CNSHA,"Mobile, AL, USMOB","Mobile, AL, USMOB","Shanghai, 31, CNSHA",CNSHA,MAEU,Maersk,300094432,DRY,0,4/1/2026,9/30/2026,3/24/2026,940,940,0,0,940,940
USMOB,USMOB,CNTAC,"Mobile, AL, USMOB","Mobile, AL, USMOB","Taicang Pt, 32, CNTAC",CNTAC,MAEU,Maersk,300094432,DRY,0,4/1/2026,9/30/2026,3/24/2026,1130,1130,0,0,1130,1130
USMOB,USMOB,CNTAG,"Mobile, AL, USMOB","Mobile, AL, USMOB","Taicang, 32, CNTAG",CNTAG,MAEU,Maersk,300094432,DRY,0,4/1/2026,9/30/2026,3/24/2026,1130,1130,0,0,1130,1130
USMOB,USMOB,CNTXG,"Mobile, AL, USMOB","Mobile, AL, USMOB","Tianjin Xingang Pt, 12, CNTXG",CNTXG,MAEU,Maersk,300094432,DRY,0,4/1/2026,9/30/2026,3/24/2026,940,940,0,0,940,940
USMOB,USMOB,CNWHG,"Mobile, AL, USMOB","Mobile, AL, USMOB","Wuhan Pt, 42, CNWHG",CNWHG,MAEU,Maersk,300094432,DRY,0,4/1/2026,9/30/2026,3/24/2026,1270,1270,0,0,1270,1270
USMOB,USMOB,CNXIN,"Mobile, AL, USMOB","Mobile, AL, USMOB","Xinhui Pt, 44, CNXIN",CNXIN,MAEU,Maersk,300094432,DRY,0,4/1/2026,9/30/2026,3/24/2026,984,984,0,0,984,984
USMOB,USMOB,CNXMN,"Mobile, AL, USMOB","Mobile, AL, USMOB","Xiamen, 35, CNXMN",CNXMN,MAEU,Maersk,300094432,DRY,0,4/1/2026,9/30/2026,3/24/2026,1060,1060,0,0,1060,1060
USMOB,USMOB,CNYTN,"Mobile, AL, USMOB","Mobile, AL, USMOB","Yantian Pt, 44, CNYTN",CNYTN,MAEU,Maersk,300094432,DRY,0,4/1/2026,9/30/2026,3/24/2026,939,939,0,0,939,939
USMOB,USMOB,CNYYA,"Mobile, AL, USMOB","Mobile, AL, USMOB","Yueyang, 50, CNYYA",CNYYA,MAEU,Maersk,300094432,DRY,0,4/1/2026,9/30/2026,3/24/2026,1234,1234,0,0,1234,1234
USMOB,USMOB,CNZGA,"Mobile, AL, USMOB","Mobile, AL, USMOB","Zhongshan, 45, CNZGA",CNZGA,MAEU,Maersk,300094432,DRY,0,4/1/2026,9/30/2026,3/24/2026,1039,1039,0,0,1039,1039
USMOB,USMOB,CNZHU,"Mobile, AL, USMOB","Mobile, AL, USMOB","Zhuao, 41, CNZHU",CNZHU,MAEU,Maersk,300094432,DRY,0,4/1/2026,9/30/2026,3/24/2026,1009,1009,0,0,1009,1009
USMOB,USMOB,CNZJG,"Mobile, AL, USMOB","Mobile, AL, USMOB","Zhangjiagang, 32, CNZJG",CNZJG,MAEU,Maersk,300094432,DRY,0,4/1/2026,9/30/2026,3/24/2026,1440,1440,0,0,1440,1440
USMOB,USMOB,CNZNG,"Mobile, AL, USMOB","Mobile, AL, USMOB","Zhanjiang Pt, 44, CNZNG",CNZNG,MAEU,Maersk,300094432,DRY,0,4/1/2026,9/30/2026,3/24/2026,1149,1149,0,0,1149,1149
USMOB,USMOB,HKHKG,"Mobile, AL, USMOB","Mobile, AL, USMOB","Hong Kong, , HKHKG",HKHKG,MAEU,Maersk,300094432,DRY,0,4/1/2026,9/30/2026,3/24/2026,1167,1167,0,0,1167,1167
USMOB,USMOB,IDJKT,"Mobile, AL, USMOB","Mobile, AL, USMOB","Jakarta, JK, IDJKT",IDJKT,MAEU,Maersk,300094432,DRY,0,4/1/2026,9/30/2026,3/24/2026,1361,1361,0,0,1361,1361
USMOB,USMOB,IDSRG,"Mobile, AL, USMOB","Mobile, AL, USMOB","Semarang, JT, IDSRG",IDSRG,MAEU,Maersk,300094432,DRY,0,4/1/2026,9/30/2026,3/24/2026,1361,1361,0,0,1361,1361
USMOB,USMOB,IDSUB,"Mobile, AL, USMOB","Mobile, AL, USMOB","Surabaya, JI, IDSUB",IDSUB,MAEU,Maersk,300094432,DRY,0,4/1/2026,9/30/2026,3/24/2026,1361,1361,0,0,1361,1361
USMOB,USMOB,JPNGO,"Mobile, AL, USMOB","Mobile, AL, USMOB","Nagoya, Aichi, 23, JPNGO",JPNGO,MAEU,Maersk,300094432,DRY,0,4/1/2026,9/30/2026,3/24/2026,1390,1390,0,0,1390,1390
USMOB,USMOB,JPUKB,"Mobile, AL, USMOB","Mobile, AL, USMOB","Kobe, 28, JPUKB",JPUKB,MAEU,Maersk,300094432,DRY,0,4/1/2026,9/30/2026,3/24/2026,1497,1497,0,0,1497,1497
USMOB,USMOB,KRKAN,"Mobile, AL, USMOB","Mobile, AL, USMOB","Gwangyang, 46, KRKAN",KRKAN,MAEU,Maersk,300094432,DRY,0,4/1/2026,9/30/2026,3/24/2026,1061,1061,0,0,1061,1061
USMOB,USMOB,KRPUS,"Mobile, AL, USMOB","Mobile, AL, USMOB","Busan, 26, KRPUS",KRPUS,MAEU,Maersk,300094432,DRY,0,4/1/2026,9/30/2026,3/24/2026,881,881,0,0,881,881
USMOB,USMOB,MMTLA,"Mobile, AL, USMOB","Mobile, AL, USMOB","Thilawa, 6, MMTLA",MMTLA,MAEU,Maersk,300094432,DRY,0,4/1/2026,9/30/2026,3/24/2026,983,983,0,0,983,983
USMOB,USMOB,MYPEN,"Mobile, AL, USMOB","Mobile, AL, USMOB","Penang, , MYPEN",MYPEN,MAEU,Maersk,300094432,DRY,0,4/1/2026,9/30/2026,3/24/2026,1428,1428,0,0,1428,1428
USMOB,USMOB,MYPGU,"Mobile, AL, USMOB","Mobile, AL, USMOB","Pasir Gudang, Johor, , MYPGU","Tanjung Pelepas, MY",MAEU,Maersk,300094432,DRY,0,4/1/2026,9/30/2026,3/24/2026,1328,1328,0,0,1328,1328
USMOB,USMOB,MYPKG,"Mobile, AL, USMOB","Mobile, AL, USMOB","Port Klang, 10, MYPKG",MYPKG,MAEU,Maersk,300094432,DRY,0,4/1/2026,9/30/2026,3/24/2026,1152,1152,0,0,1152,1152
USMOB,USMOB,MYTPP,"Mobile, AL, USMOB","Mobile, AL, USMOB","Tanjung Pelepas, 1, MYTPP",MYTPP,MAEU,Maersk,300094432,DRY,0,4/1/2026,9/30/2026,3/24/2026,1112,1112,0,0,1112,1112
USMOB,USMOB,PHMNL,"Mobile, AL, USMOB","Mobile, AL, USMOB","Manila, , PHMNL",PHMNL,MAEU,Maersk,300094432,DRY,0,4/1/2026,9/30/2026,3/24/2026,1702,1702,0,0,1702,1702
USMOB,USMOB,SGSIN,"Mobile, AL, USMOB","Mobile, AL, USMOB","Singapore, , SGSIN",SGSIN,MAEU,Maersk,300094432,DRY,0,4/1/2026,9/30/2026,3/24/2026,1107,1107,0,0,1107,1107
USMOB,USMOB,THBKK,"Mobile, AL, USMOB","Mobile, AL, USMOB","Bangkok, , THBKK","Laem Chabang, TH",MAEU,Maersk,300094432,DRY,0,4/1/2026,9/30/2026,3/24/2026,1471,1471,0,0,1471,1471
USMOB,USMOB,THLCH,"Mobile, AL, USMOB","Mobile, AL, USMOB","Laem Chabang, 20, THLCH",THLCH,MAEU,Maersk,300094432,DRY,0,4/1/2026,9/30/2026,3/24/2026,1121,1121,0,0,1121,1121
USMOB,USMOB,TWKEL,"Mobile, AL, USMOB","Mobile, AL, USMOB","Keelung, , TWKEL",TWKEL,MAEU,Maersk,300094432,DRY,0,4/1/2026,9/30/2026,3/24/2026,1280,1280,0,0,1280,1280
USMOB,USMOB,TWKHH,"Mobile, AL, USMOB","Mobile, AL, USMOB","Kaohsiung, , TWKHH",TWKHH,MAEU,Maersk,300094432,DRY,0,4/1/2026,9/30/2026,3/24/2026,1130,1130,0,0,1130,1130
USMOB,USMOB,TWTXG,"Mobile, AL, USMOB","Mobile, AL, USMOB","Taichung, , TWTXG",TWTXG,MAEU,Maersk,300094432,DRY,0,4/1/2026,9/30/2026,3/24/2026,1230,1230,0,0,1230,1230
USMOB,USMOB,TWTYN,"Mobile, AL, USMOB","Mobile, AL, USMOB","Taoyuan, , TWTYN","Keelung, TW",MAEU,Maersk,300094432,DRY,0,4/1/2026,9/30/2026,3/24/2026,1380,1380,0,0,1380,1380
USMOB,USMOB,VNDAD,"Mobile, AL, USMOB","Mobile, AL, USMOB","Da Nang, , VNDAD",VNDAD,MAEU,Maersk,300094432,DRY,0,4/1/2026,9/30/2026,3/24/2026,1446,1446,0,0,1446,1446
USMOB,USMOB,VNHPH,"Mobile, AL, USMOB","Mobile, AL, USMOB","Haiphong, , VNHPH",VNHPH,MAEU,Maersk,300094432,DRY,0,4/1/2026,9/30/2026,3/24/2026,988,988,0,0,988,988
USMOB,USMOB,VNSGN,"Mobile, AL, USMOB","Mobile, AL, USMOB","Ho Chi Minh City, , VNSGN","Vung Tau, VN",MAEU,Maersk,300094432,DRY,0,4/1/2026,9/30/2026,3/24/2026,1196,1196,0,0,1196,1196
USMOB,USMOB,VNVUT,"Mobile, AL, USMOB","Mobile, AL, USMOB","Vung Tau, 43, VNVUT",VNVUT,MAEU,Maersk,300094432,DRY,0,4/1/2026,9/30/2026,3/24/2026,1046,1046,0,0,1046,1046
USMOB,USMOB,PAROD,"Mobile, AL, USMOB","Mobile, AL, USMOB","Rodman, 8, PAROD",PAROD,ONEY,ONE,CHIM354B25,DRY,15,5/6/2026,6/30/2026,5/6/2026,1300,1300,0,0,1300,1300
USMOB,USMOB,CLARI,"Mobile, AL, USMOB","Mobile, AL, USMOB","Arica, TA, CLARI",CLARI,ONEY,ONE,CHIM354B25,DRY,15,5/6/2026,6/30/2026,5/6/2026,2210,2210,0,0,2210,2210
USMOB,USMOB,CLSAI,"Mobile, AL, USMOB","Mobile, AL, USMOB","San Antonio, VS, CLSAI",CLSAI,ONEY,ONE,CHIM354B25,DRY,15,5/6/2026,6/30/2026,5/6/2026,1400,1400,0,0,1400,1400
USMOB,USMOB,COBUN,"Mobile, AL, USMOB","Mobile, AL, USMOB","Buenaventura, , COBUN",COBUN,ONEY,ONE,CHIM354B25,DRY,15,5/6/2026,6/30/2026,5/6/2026,1610,1610,0,0,1610,1610
USMOB,USMOB,ECGYE,"Mobile, AL, USMOB","Mobile, AL, USMOB","Guayaquil, G, ECGYE",ECGYE,ONEY,ONE,CHIM354B25,DRY,15,5/6/2026,6/30/2026,5/6/2026,1400,1400,0,0,1400,1400
USMOB,USMOB,PECLL,"Mobile, AL, USMOB","Mobile, AL, USMOB","Callao, , PECLL",PECLL,ONEY,ONE,CHIM354B25,DRY,15,5/6/2026,6/30/2026,5/6/2026,1400,1400,0,0,1400,1400
USMOB,USMOB,CNAQG,"Mobile, AL, USMOB","Mobile, AL, USMOB","Anqing Pt, 34, CNAQG",CNAQG,ONEY,ONE,CHIM354B25,DRY,15,5/6/2026,6/30/2026,5/6/2026,1200,1200,0,0,1200,1200
USMOB,USMOB,CNCAN,"Mobile, AL, USMOB","Mobile, AL, USMOB","Guangzhou Baiyun, 44, CNCAN",CNCAN,ONEY,ONE,CHIM354B25,DRY,15,5/6/2026,6/30/2026,5/6/2026,1150,1150,0,0,1150,1150
USMOB,USMOB,CNCGU,"Mobile, AL, USMOB","Mobile, AL, USMOB","Changshu, 32, CNCGU",CNCGU,ONEY,ONE,CHIM354B25,DRY,15,5/6/2026,6/30/2026,5/6/2026,1100,1100,0,0,1100,1100
USMOB,USMOB,CNCKG,"Mobile, AL, USMOB","Mobile, AL, USMOB","Chongqing Jiangbei, 51, CNCKG",CNCKG,ONEY,ONE,CHIM354B25,DRY,15,5/6/2026,6/30/2026,5/6/2026,1450,1450,0,0,1450,1450
USMOB,USMOB,CNDOU,"Mobile, AL, USMOB","Mobile, AL, USMOB","Doumen Pt, 44, CNDOU",CNDOU,ONEY,ONE,CHIM354B25,DRY,15,5/6/2026,6/30/2026,5/6/2026,1050,1050,0,0,1050,1050
USMOB,USMOB,CNFOC,"Mobile, AL, USMOB","Mobile, AL, USMOB","Fuzhou Changle, 35, CNFOC",CNFOC,ONEY,ONE,CHIM354B25,DRY,15,5/6/2026,6/30/2026,5/6/2026,1175,1175,0,0,1175,1175
USMOB,USMOB,CNGON,"Mobile, AL, USMOB","Mobile, AL, USMOB","Gaolan, 44, CNGON",CNGON,ONEY,ONE,CHIM354B25,DRY,15,5/6/2026,6/30/2026,5/6/2026,1100,1100,0,0,1100,1100
USMOB,USMOB,CNHUA,"Mobile, AL, USMOB","Mobile, AL, USMOB","Huangpu Pt, 44, CNHUA",CNHUA,ONEY,ONE,CHIM354B25,DRY,15,5/6/2026,6/30/2026,5/6/2026,975,975,0,0,975,975
USMOB,USMOB,CNLYG,"Mobile, AL, USMOB","Mobile, AL, USMOB","Lianyungang, 32, CNLYG",CNLYG,ONEY,ONE,CHIM354B25,DRY,15,5/6/2026,6/30/2026,5/6/2026,1225,1225,0,0,1225,1225
USMOB,USMOB,CNNBG,"Mobile, AL, USMOB","Mobile, AL, USMOB","Ningbo Pt, 33, CNNBG",CNNBG,ONEY,ONE,CHIM354B25,DRY,15,5/6/2026,6/30/2026,5/6/2026,700,700,0,0,700,700
USMOB,USMOB,CNNKG,"Mobile, AL, USMOB","Mobile, AL, USMOB","Nanjing Lukou, 32, CNNKG",CNNKG,ONEY,ONE,CHIM354B25,DRY,15,5/6/2026,6/30/2026,5/6/2026,985,985,0,0,985,985
USMOB,USMOB,CNNSA,"Mobile, AL, USMOB","Mobile, AL, USMOB","Nansha Pt, 44, CNNSA",CNNSA,ONEY,ONE,CHIM354B25,DRY,15,5/6/2026,6/30/2026,5/6/2026,1025,1025,0,0,1025,1025
USMOB,USMOB,CNNTG,"Mobile, AL, USMOB","Mobile, AL, USMOB","Nantong Pt, 32, CNNTG",CNNTG,ONEY,ONE,CHIM354B25,DRY,15,5/6/2026,6/30/2026,5/6/2026,760,760,0,0,760,760
USMOB,USMOB,CNTAO,"Mobile, AL, USMOB","Mobile, AL, USMOB","Qingdao, 37, CNTAO",CNTAO,ONEY,ONE,CHIM354B25,DRY,15,5/6/2026,6/30/2026,5/6/2026,675,675,0,0,675,675
USMOB,USMOB,CNSHA,"Mobile, AL, USMOB","Mobile, AL, USMOB","Shanghai, 31, CNSHA",CNSHA,ONEY,ONE,CHIM354B25,DRY,15,5/6/2026,6/30/2026,5/6/2026,700,700,0,0,700,700
USMOB,USMOB,CNSHK,"Mobile, AL, USMOB","Mobile, AL, USMOB","Shekou Pt, 44, CNSHK",CNSHK,ONEY,ONE,CHIM354B25,DRY,15,5/6/2026,6/30/2026,5/6/2026,1075,1075,0,0,1075,1075
USMOB,USMOB,CNTXG,"Mobile, AL, USMOB","Mobile, AL, USMOB","Tianjin Xingang Pt, 12, CNTXG",CNTXG,ONEY,ONE,CHIM354B25,DRY,15,5/6/2026,6/30/2026,5/6/2026,1000,1000,0,0,1000,1000
USMOB,USMOB,CNWUH,"Mobile, AL, USMOB","Mobile, AL, USMOB","Wuhan Tianhe, 42, CNWUH",CNWUH,ONEY,ONE,CHIM354B25,DRY,15,5/6/2026,6/30/2026,5/6/2026,1000,1000,0,0,1000,1000
USMOB,USMOB,CNWUZ,"Mobile, AL, USMOB","Mobile, AL, USMOB","Wuzhou Pt, 45, CNWUZ",CNWUZ,ONEY,ONE,CHIM354B25,DRY,15,5/6/2026,6/30/2026,5/6/2026,1025,1025,0,0,1025,1025
USMOB,USMOB,CNXMN,"Mobile, AL, USMOB","Mobile, AL, USMOB","Xiamen, 35, CNXMN",CNXMN,ONEY,ONE,CHIM354B25,DRY,15,5/6/2026,6/30/2026,5/6/2026,1175,1175,0,0,1175,1175
USMOB,USMOB,CNYNT,"Mobile, AL, USMOB","Mobile, AL, USMOB","Yantai Laishan, 37, CNYNT",CNYNT,ONEY,ONE,CHIM354B25,DRY,15,5/6/2026,6/30/2026,5/6/2026,1300,1300,0,0,1300,1300
USMOB,USMOB,CNYTN,"Mobile, AL, USMOB","Mobile, AL, USMOB","Yantian Pt, 44, CNYTN",CNYTN,ONEY,ONE,CHIM354B25,DRY,15,5/6/2026,6/30/2026,5/6/2026,700,700,0,0,700,700
USMOB,USMOB,CNYYA,"Mobile, AL, USMOB","Mobile, AL, USMOB","Yueyang, 50, CNYYA",CNYYA,ONEY,ONE,CHIM354B25,DRY,15,5/6/2026,6/30/2026,5/6/2026,1125,1125,0,0,1125,1125
USMOB,USMOB,CNZJG,"Mobile, AL, USMOB","Mobile, AL, USMOB","Zhangjiagang, 32, CNZJG",CNZJG,ONEY,ONE,CHIM354B25,DRY,15,5/6/2026,6/30/2026,5/6/2026,985,985,0,0,985,985
USMOB,USMOB,CNZSN,"Mobile, AL, USMOB","Mobile, AL, USMOB","Zhongshan Pt, 44, CNZSN",CNZSN,ONEY,ONE,CHIM354B25,DRY,15,5/6/2026,6/30/2026,5/6/2026,925,925,0,0,925,925
USMOB,USMOB,CNZUH,"Mobile, AL, USMOB","Mobile, AL, USMOB","Zhuhai Pt, 44, CNZUH",CNZUH,ONEY,ONE,CHIM354B25,DRY,15,5/6/2026,6/30/2026,5/6/2026,900,900,0,0,900,900
USMOB,USMOB,HKHKG,"Mobile, AL, USMOB","Mobile, AL, USMOB","Hong Kong, , HKHKG",HKHKG,ONEY,ONE,CHIM354B25,DRY,15,5/6/2026,6/30/2026,5/6/2026,900,900,0,0,900,900
USMOB,USMOB,IDCKR,"Mobile, AL, USMOB","Mobile, AL, USMOB","Cikarang, JB, IDCKR",IDCKR,ONEY,ONE,CHIM354B25,DRY,15,5/6/2026,6/30/2026,5/6/2026,1390,1390,0,0,1390,1390
USMOB,USMOB,IDJKT,"Mobile, AL, USMOB","Mobile, AL, USMOB","Jakarta, JK, IDJKT",IDJKT,ONEY,ONE,CHIM354B25,DRY,15,5/6/2026,6/30/2026,5/6/2026,1210,1210,0,0,1210,1210
USMOB,USMOB,IDSRG,"Mobile, AL, USMOB","Mobile, AL, USMOB","Semarang, JT, IDSRG",IDSRG,ONEY,ONE,CHIM354B25,DRY,15,5/6/2026,6/30/2026,5/6/2026,1210,1210,0,0,1210,1210
USMOB,USMOB,IDSUB,"Mobile, AL, USMOB","Mobile, AL, USMOB","Surabaya, JI, IDSUB",IDSUB,ONEY,ONE,CHIM354B25,DRY,15,5/6/2026,6/30/2026,5/6/2026,1210,1210,0,0,1210,1210
USMOB,USMOB,JPHIJ,"Mobile, AL, USMOB","Mobile, AL, USMOB","Hiroshima, 34, JPHIJ",JPHIJ,ONEY,ONE,CHIM354B25,DRY,15,5/6/2026,6/30/2026,5/6/2026,1210,1210,0,0,1210,1210
USMOB,USMOB,JPIYM,"Mobile, AL, USMOB","Mobile, AL, USMOB","Iyomishima, 38, JPIYM",JPIYM,ONEY,ONE,CHIM354B25,DRY,15,5/6/2026,6/30/2026,5/6/2026,1900,1900,0,0,1900,1900
USMOB,USMOB,JPKCZ,"Mobile, AL, USMOB","Mobile, AL, USMOB","Kochi, 39, JPKCZ",JPKCZ,ONEY,ONE,CHIM354B25,DRY,15,5/6/2026,6/30/2026,5/6/2026,2040,2040,0,0,2040,2040
USMOB,USMOB,JPKIJ,"Mobile, AL, USMOB","Mobile, AL, USMOB","Niigata, 15, JPKIJ",JPKIJ,ONEY,ONE,CHIM354B25,DRY,15,5/6/2026,6/30/2026,5/6/2026,1800,1800,0,0,1800,1800
USMOB,USMOB,JPMOJ,"Mobile, AL, USMOB","Mobile, AL, USMOB","Moji/Kitakyushu, 40, JPMOJ",JPMOJ,ONEY,ONE,CHIM354B25,DRY,15,5/6/2026,6/30/2026,5/6/2026,1500,1500,0,0,1500,1500
USMOB,USMOB,JPNAO,"Mobile, AL, USMOB","Mobile, AL, USMOB","Naoetsu, 15, JPNAO",JPNAO,ONEY,ONE,CHIM354B25,DRY,15,5/6/2026,6/30/2026,5/6/2026,2110,2110,0,0,2110,2110
USMOB,USMOB,JPNGO,"Mobile, AL, USMOB","Mobile, AL, USMOB","Nagoya, Aichi, 23, JPNGO",JPNGO,ONEY,ONE,CHIM354B25,DRY,15,5/6/2026,6/30/2026,5/6/2026,910,910,0,0,910,910
USMOB,USMOB,JPOSA,"Mobile, AL, USMOB","Mobile, AL, USMOB","Osaka, 27, JPOSA",JPOSA,ONEY,ONE,CHIM354B25,DRY,15,5/6/2026,6/30/2026,5/6/2026,910,910,0,0,910,910
USMOB,USMOB,JPSBS,"Mobile, AL, USMOB","Mobile, AL, USMOB","Shibushi, 46, JPSBS",JPSBS,ONEY,ONE,CHIM354B25,DRY,15,5/6/2026,6/30/2026,5/6/2026,1900,1900,0,0,1900,1900
USMOB,USMOB,JPSDJ,"Mobile, AL, USMOB","Mobile, AL, USMOB","Sendai, Miyagi, 4, JPSDJ",JPSDJ,ONEY,ONE,CHIM354B25,DRY,15,5/6/2026,6/30/2026,5/6/2026,1830,1830,0,0,1830,1830
USMOB,USMOB,JPSMN,"Mobile, AL, USMOB","Mobile, AL, USMOB","Sakaiminato, 31, JPSMN",JPSMN,ONEY,ONE,CHIM354B25,DRY,15,5/6/2026,6/30/2026,5/6/2026,2140,2140,0,0,2140,2140
USMOB,USMOB,JPSMZ,"Mobile, AL, USMOB","Mobile, AL, USMOB","Shimizu, 22, JPSMZ",JPSMZ,ONEY,ONE,CHIM354B25,DRY,15,5/6/2026,6/30/2026,5/6/2026,1000,1000,0,0,1000,1000
USMOB,USMOB,JPTKS,"Mobile, AL, USMOB","Mobile, AL, USMOB","Tokushima, 36, JPTKS",JPTKS,ONEY,ONE,CHIM354B25,DRY,15,5/6/2026,6/30/2026,5/6/2026,2500,2500,0,0,2500,2500
USMOB,USMOB,JPTMK,"Mobile, AL, USMOB","Mobile, AL, USMOB","Tomakomai, 1, JPTMK",JPTMK,ONEY,ONE,CHIM354B25,DRY,15,5/6/2026,6/30/2026,5/6/2026,2300,2300,0,0,2300,2300
USMOB,USMOB,JPTYO,"Mobile, AL, USMOB","Mobile, AL, USMOB","Tokyo, 13, JPTYO",JPTYO,ONEY,ONE,CHIM354B25,DRY,15,5/6/2026,6/30/2026,5/6/2026,910,910,0,0,910,910
USMOB,USMOB,JPUKB,"Mobile, AL, USMOB","Mobile, AL, USMOB","Kobe, 28, JPUKB",JPUKB,ONEY,ONE,CHIM354B25,DRY,15,5/6/2026,6/30/2026,5/6/2026,910,910,0,0,910,910
USMOB,USMOB,JPYOK,"Mobile, AL, USMOB","Mobile, AL, USMOB","Yokohama, 14, JPYOK",JPYOK,ONEY,ONE,CHIM354B25,DRY,15,5/6/2026,6/30/2026,5/6/2026,1000,1000,0,0,1000,1000
USMOB,USMOB,KHKOS,"Mobile, AL, USMOB","Mobile, AL, USMOB","Sihanoukville (Kampong Saom), , KHKOS",KHKOS,ONEY,ONE,CHIM354B25,DRY,15,5/6/2026,6/30/2026,5/6/2026,1400,1400,0,0,1400,1400
USMOB,USMOB,KRKAN,"Mobile, AL, USMOB","Mobile, AL, USMOB","Gwangyang, 46, KRKAN",KRKAN,ONEY,ONE,CHIM354B25,DRY,15,5/6/2026,6/30/2026,5/6/2026,1025,1025,0,0,1025,1025
USMOB,USMOB,KRPUS,"Mobile, AL, USMOB","Mobile, AL, USMOB","Busan, 26, KRPUS",KRPUS,ONEY,ONE,CHIM354B25,DRY,15,5/6/2026,6/30/2026,5/6/2026,700,700,0,0,700,700
USMOB,USMOB,MYPEN,"Mobile, AL, USMOB","Mobile, AL, USMOB","Penang, , MYPEN",MYPEN,ONEY,ONE,CHIM354B25,DRY,15,5/6/2026,6/30/2026,5/6/2026,1550,1550,0,0,1550,1550
USMOB,USMOB,MYPGU,"Mobile, AL, USMOB","Mobile, AL, USMOB","Pasir Gudang, Johor, , MYPGU",MYPGU,ONEY,ONE,CHIM354B25,DRY,15,5/6/2026,6/30/2026,5/6/2026,1550,1550,0,0,1550,1550
USMOB,USMOB,MYPKG,"Mobile, AL, USMOB","Mobile, AL, USMOB","Port Klang, 10, MYPKG",MYPKG,ONEY,ONE,CHIM354B25,DRY,15,5/6/2026,6/30/2026,5/6/2026,1550,1550,0,0,1550,1550
USMOB,USMOB,PHMNL,"Mobile, AL, USMOB","Mobile, AL, USMOB","Manila, , PHMNL",PHMNL,ONEY,ONE,CHIM354B25,DRY,15,5/6/2026,6/30/2026,5/6/2026,1050,1050,0,0,1050,1050
USMOB,USMOB,SGSIN,"Mobile, AL, USMOB","Mobile, AL, USMOB","Singapore, , SGSIN",SGSIN,ONEY,ONE,CHIM354B25,DRY,15,5/6/2026,6/30/2026,5/6/2026,1100,1100,0,0,1100,1100
USMOB,USMOB,THBKK,"Mobile, AL, USMOB","Mobile, AL, USMOB","Bangkok, , THBKK",THBKK,ONEY,ONE,CHIM354B25,DRY,15,5/6/2026,6/30/2026,5/6/2026,1425,1425,0,0,1425,1425
USMOB,USMOB,THLCH,"Mobile, AL, USMOB","Mobile, AL, USMOB","Laem Chabang, 20, THLCH",THLCH,ONEY,ONE,CHIM354B25,DRY,15,5/6/2026,6/30/2026,5/6/2026,1100,1100,0,0,1100,1100
USMOB,USMOB,THLKR,"Mobile, AL, USMOB","Mobile, AL, USMOB","Lat Krabang, 10, THLKR",THLKR,ONEY,ONE,CHIM354B25,DRY,15,5/6/2026,6/30/2026,5/6/2026,1300,1300,0,0,1300,1300
USMOB,USMOB,TWKEL,"Mobile, AL, USMOB","Mobile, AL, USMOB","Keelung, , TWKEL",TWKEL,ONEY,ONE,CHIM354B25,DRY,15,5/6/2026,6/30/2026,5/6/2026,1000,1000,0,0,1000,1000
USMOB,USMOB,TWKHH,"Mobile, AL, USMOB","Mobile, AL, USMOB","Kaohsiung, , TWKHH",TWKHH,ONEY,ONE,CHIM354B25,DRY,15,5/6/2026,6/30/2026,5/6/2026,735,735,0,0,735,735
USMOB,USMOB,TWTPE,"Mobile, AL, USMOB","Mobile, AL, USMOB","Taipei, TPE, TWTPE",TWTPE,ONEY,ONE,CHIM354B25,DRY,15,5/6/2026,6/30/2026,5/6/2026,1000,1000,0,0,1000,1000
USMOB,USMOB,TWTXG,"Mobile, AL, USMOB","Mobile, AL, USMOB","Taichung, , TWTXG",TWTXG,ONEY,ONE,CHIM354B25,DRY,15,5/6/2026,6/30/2026,5/6/2026,1060,1060,0,0,1060,1060
USMOB,USMOB,TWTYN,"Mobile, AL, USMOB","Mobile, AL, USMOB","Taoyuan, , TWTYN",TWTYN,ONEY,ONE,CHIM354B25,DRY,15,5/6/2026,6/30/2026,5/6/2026,1000,1000,0,0,1000,1000
USMOB,USMOB,VNCMT,"Mobile, AL, USMOB","Mobile, AL, USMOB","Cai Mep Terminal, 43, VNCMT",VNCMT,ONEY,ONE,CHIM354B25,DRY,15,5/6/2026,6/30/2026,5/6/2026,800,800,0,0,800,800
USMOB,USMOB,VNDAD,"Mobile, AL, USMOB","Mobile, AL, USMOB","Da Nang, , VNDAD",VNDAD,ONEY,ONE,CHIM354B25,DRY,15,5/6/2026,6/30/2026,5/6/2026,1750,1750,0,0,1750,1750
USMOB,USMOB,VNHPH,"Mobile, AL, USMOB","Mobile, AL, USMOB","Haiphong, , VNHPH",VNHPH,ONEY,ONE,CHIM354B25,DRY,15,5/6/2026,6/30/2026,5/6/2026,900,900,0,0,900,900
USMOB,USMOB,VNSGN,"Mobile, AL, USMOB","Mobile, AL, USMOB","Ho Chi Minh City, , VNSGN",VNSGN,ONEY,ONE,CHIM354B25,DRY,15,5/6/2026,6/30/2026,5/6/2026,800,800,0,0,800,800
USMOB,USMOB,CNNBG,"Mobile, AL, USMOB","Mobile, AL, USMOB","Ningbo Pt, 33, CNNBG",CNNBG,OOLU,OOCL,MT256104,DRY,16,4/1/2026,6/30/2026,5/16/2026,493,493,0,0,493,493
USMOB,USMOB,CNSHA,"Mobile, AL, USMOB","Mobile, AL, USMOB","Shanghai, 31, CNSHA",CNSHA,OOLU,OOCL,MT256104,DRY,16,4/1/2026,6/30/2026,5/16/2026,493,493,0,0,493,493
USMOB,USMOB,CNSHK,"Mobile, AL, USMOB","Mobile, AL, USMOB","Shekou Pt, 44, CNSHK",CNSHK,OOLU,OOCL,MT256104,DRY,16,4/1/2026,6/30/2026,5/16/2026,493,493,0,0,493,493
USMOB,USMOB,CNXMN,"Mobile, AL, USMOB","Mobile, AL, USMOB","Xiamen, 35, CNXMN",CNXMN,OOLU,OOCL,MT256104,DRY,16,4/1/2026,6/30/2026,5/16/2026,493,493,0,0,493,493
USMOB,USMOB,CNYTN,"Mobile, AL, USMOB","Mobile, AL, USMOB","Yantian Pt, 44, CNYTN",CNYTN,OOLU,OOCL,MT256104,DRY,16,4/1/2026,6/30/2026,5/16/2026,493,493,0,0,493,493
USMOB,USMOB,THBKK,"Mobile, AL, USMOB","Mobile, AL, USMOB","Bangkok, , THBKK",THBKK,OOLU,OOCL,MT256104,DRY,16,4/1/2026,6/30/2026,5/16/2026,1033,1033,0,0,1033,1033
USMOB,USMOB,IDBLW,"Mobile, AL, USMOB","Mobile, AL, USMOB","Belawan, , IDBLW",IDBLW,OOLU,OOCL,MT256104,DRY,16,4/1/2026,6/30/2026,5/16/2026,863,863,0,0,863,863
USMOB,USMOB,KRPUS,"Mobile, AL, USMOB","Mobile, AL, USMOB","Busan, 26, KRPUS",KRPUS,OOLU,OOCL,MT256104,DRY,16,4/1/2026,6/30/2026,5/16/2026,593,593,0,0,593,593
USMOB,USMOB,VNHPH,"Mobile, AL, USMOB","Mobile, AL, USMOB","Haiphong, , VNHPH",VNHPH,OOLU,OOCL,MT256104,DRY,16,4/1/2026,6/30/2026,5/16/2026,2013,2013,0,0,2013,2013
USMOB,USMOB,INHAL,"Mobile, AL, USMOB","Mobile, AL, USMOB","Haldia, WB, INHAL",INHAL,OOLU,OOCL,MT256104,DRY,16,4/1/2026,6/30/2026,5/16/2026,3458,3458,0,0,3458,3458
USMOB,USMOB,VNSGN,"Mobile, AL, USMOB","Mobile, AL, USMOB","Ho Chi Minh City, , VNSGN",VNSGN,OOLU,OOCL,MT256104,DRY,16,4/1/2026,6/30/2026,5/16/2026,593,593,0,0,593,593
USMOB,USMOB,HKHKG,"Mobile, AL, USMOB","Mobile, AL, USMOB","Hong Kong, , HKHKG",HKHKG,OOLU,OOCL,MT256104,DRY,16,4/1/2026,6/30/2026,5/16/2026,613,613,0,0,613,613
USMOB,USMOB,IDJKT,"Mobile, AL, USMOB","Mobile, AL, USMOB","Jakarta, JK, IDJKT",IDJKT,OOLU,OOCL,MT256104,DRY,16,4/1/2026,6/30/2026,5/16/2026,863,863,0,0,863,863
USMOB,USMOB,INKTP,"Mobile, AL, USMOB","Mobile, AL, USMOB","Kattupalli Port, TN, INKTP",INKTP,OOLU,OOCL,MT256104,DRY,16,4/1/2026,6/30/2026,5/16/2026,1663,1663,0,0,1663,1663
USMOB,USMOB,INKOC,"Mobile, AL, USMOB","Mobile, AL, USMOB","Kochi, , INKOC",INKOC,OOLU,OOCL,MT256104,DRY,16,4/1/2026,6/30/2026,5/16/2026,3513,3513,0,0,3513,3513
USMOB,USMOB,THLCH,"Mobile, AL, USMOB","Mobile, AL, USMOB","Laem Chabang, 20, THLCH",THLCH,OOLU,OOCL,MT256104,DRY,16,4/1/2026,6/30/2026,5/16/2026,1033,1033,0,0,1033,1033
USMOB,USMOB,THLKR,"Mobile, AL, USMOB","Mobile, AL, USMOB","Lat Krabang, 10, THLKR",THLKR,OOLU,OOCL,MT256104,DRY,16,4/1/2026,6/30/2026,5/16/2026,1033,1033,0,0,1033,1033
USMOB,USMOB,INNSA,"Mobile, AL, USMOB","Mobile, AL, USMOB","Nhava Sheva, MH, INNSA",INNSA,OOLU,OOCL,MT256104,DRY,16,4/1/2026,6/30/2026,5/16/2026,1323,1323,0,0,1323,1323
USMOB,USMOB,MYPGU,"Mobile, AL, USMOB","Mobile, AL, USMOB","Pasir Gudang, Johor, , MYPGU",MYPGU,OOLU,OOCL,MT256104,DRY,16,4/1/2026,6/30/2026,5/16/2026,1888,1888,0,0,1888,1888
USMOB,USMOB,MYPEN,"Mobile, AL, USMOB","Mobile, AL, USMOB","Penang, , MYPEN",MYPEN,OOLU,OOCL,MT256104,DRY,16,4/1/2026,6/30/2026,5/16/2026,1888,1888,0,0,1888,1888
USMOB,USMOB,MYPKG,"Mobile, AL, USMOB","Mobile, AL, USMOB","Port Klang, 10, MYPKG",MYPKG,OOLU,OOCL,MT256104,DRY,16,4/1/2026,6/30/2026,5/16/2026,898,898,0,0,898,898
USMOB,USMOB,INRJU,"Mobile, AL, USMOB","Mobile, AL, USMOB","Rajula, GJ, INRJU",INRJU,OOLU,OOCL,MT256104,DRY,16,4/1/2026,6/30/2026,5/16/2026,4233,4233,0,0,4233,4233
USMOB,USMOB,IDSRG,"Mobile, AL, USMOB","Mobile, AL, USMOB","Semarang, JT, IDSRG",IDSRG,OOLU,OOCL,MT256104,DRY,16,4/1/2026,6/30/2026,5/16/2026,863,863,0,0,863,863
USMOB,USMOB,SGSIN,"Mobile, AL, USMOB","Mobile, AL, USMOB","Singapore, , SGSIN",SGSIN,OOLU,OOCL,MT256104,DRY,16,4/1/2026,6/30/2026,5/16/2026,493,493,0,0,493,493
USMOB,USMOB,IDSUB,"Mobile, AL, USMOB","Mobile, AL, USMOB","Surabaya, JI, IDSUB",IDSUB,OOLU,OOCL,MT256104,DRY,16,4/1/2026,6/30/2026,5/16/2026,863,863,0,0,863,863
USMOB,USMOB,VNTTH,"Mobile, AL, USMOB","Mobile, AL, USMOB","Tan Thanh, 43, VNTTH",VNTTH,OOLU,OOCL,MT256104,DRY,16,4/1/2026,6/30/2026,5/16/2026,493,493,0,0,493,493
USMOB,USMOB,INTUT,"Mobile, AL, USMOB","Mobile, AL, USMOB","Tuticorin, TN, INTUT",INTUT,OOLU,OOCL,MT256104,DRY,16,4/1/2026,6/30/2026,5/16/2026,2493,2493,0,0,2493,2493
USMOB,USMOB,CNNBG,"Mobile, AL, USMOB","Mobile, AL, USMOB","Ningbo Pt, 33, CNNBG",CNNBG,YMJA,YML,051625,DRY,10,5/13/2026,6/30/2026,5/16/2026,1000,1000,0,0,1000,1000
USMOB,USMOB,KRPUS,"Mobile, AL, USMOB","Mobile, AL, USMOB","Busan, 26, KRPUS",KRPUS,YMJA,YML,051625,DRY,10,5/13/2026,6/30/2026,5/16/2026,1000,1000,0,0,1000,1000
USMOB,USMOB,CNSHA,"Mobile, AL, USMOB","Mobile, AL, USMOB","Shanghai, 31, CNSHA",CNSHA,YMJA,YML,051625,DRY,10,5/13/2026,6/30/2026,5/16/2026,1000,1000,0,0,1000,1000
USMOB,USMOB,CNYTN,"Mobile, AL, USMOB","Mobile, AL, USMOB","Yantian Pt, 44, CNYTN",CNYTN,YMJA,YML,051625,DRY,10,5/13/2026,6/30/2026,5/16/2026,1000,1000,0,0,1000,1000
USDET,USORF,AUBNE,"Detroit, MI, USDET","Norfolk, VA, USORF","Brisbane, QLD, AUBNE",AUBNE,YMJA,YML,051625,DRY,10,5/13/2026,6/30/2026,5/16/2026,2107.5,2107.5,0,0,2107.5,2107.5
USDET,USNYC,AUBNE,"Detroit, MI, USDET","New York, NY, USNYC","Brisbane, QLD, AUBNE",AUBNE,YMJA,YML,051625,DRY,10,5/13/2026,6/30/2026,5/16/2026,2105,2105,0,0,2105,2105
USDET,USORF,VNCMT,"Detroit, MI, USDET","Norfolk, VA, USORF","Cai Mep Terminal, 43, VNCMT",VNCMT,YMJA,YML,051625,DRY,10,5/13/2026,6/30/2026,5/16/2026,707.5,707.5,0,0,707.5,707.5
USDET,USNYC,VNCMT,"Detroit, MI, USDET","New York, NY, USNYC","Cai Mep Terminal, 43, VNCMT",VNCMT,YMJA,YML,051625,DRY,10,5/13/2026,6/30/2026,5/16/2026,705,705,0,0,705,705
USDET,USORF,VNCMT,"Detroit, MI, USDET","Norfolk, VA, USORF","Cai Mep Terminal, 43, VNCMT",VNCMT,YMJA,YML,051625,DRY,10,5/13/2026,6/30/2026,5/16/2026,657.5,657.5,0,0,657.5,657.5
USDET,USNYC,VNCMT,"Detroit, MI, USDET","New York, NY, USNYC","Cai Mep Terminal, 43, VNCMT",VNCMT,YMJA,YML,051625,DRY,10,5/13/2026,6/30/2026,5/16/2026,655,655,0,0,655,655
USDET,USORF,VNCLI,"Detroit, MI, USDET","Norfolk, VA, USORF","Cat Lai, 65, VNCLI",VNCLI,YMJA,YML,051625,DRY,10,5/13/2026,6/30/2026,5/16/2026,807.5,807.5,0,0,807.5,807.5
USDET,USNYC,VNCLI,"Detroit, MI, USDET","New York, NY, USNYC","Cat Lai, 65, VNCLI",VNCLI,YMJA,YML,051625,DRY,10,5/13/2026,6/30/2026,5/16/2026,805,805,0,0,805,805
USDET,USORF,LKCMB,"Detroit, MI, USDET","Norfolk, VA, USORF","Colombo, , LKCMB",LKCMB,YMJA,YML,051625,DRY,10,5/13/2026,6/30/2026,5/16/2026,1857.5,1857.5,0,0,1857.5,1857.5
USDET,USNYC,LKCMB,"Detroit, MI, USDET","New York, NY, USNYC","Colombo, , LKCMB",LKCMB,YMJA,YML,051625,DRY,10,5/13/2026,6/30/2026,5/16/2026,1855,1855,0,0,1855,1855
USDET,USORF,VNHPH,"Detroit, MI, USDET","Norfolk, VA, USORF","Haiphong, , VNHPH",VNHPH,YMJA,YML,051625,DRY,10,5/13/2026,6/30/2026,5/16/2026,807.5,807.5,0,0,807.5,807.5
USDET,USNYC,VNHPH,"Detroit, MI, USDET","New York, NY, USNYC","Haiphong, , VNHPH",VNHPH,YMJA,YML,051625,DRY,10,5/13/2026,6/30/2026,5/16/2026,805,805,0,0,805,805
USDET,USORF,HKHKG,"Detroit, MI, USDET","Norfolk, VA, USORF","Hong Kong, , HKHKG",HKHKG,YMJA,YML,051625,DRY,10,5/13/2026,6/30/2026,5/16/2026,757.5,757.5,0,0,757.5,757.5
USDET,USNYC,HKHKG,"Detroit, MI, USDET","New York, NY, USNYC","Hong Kong, , HKHKG",HKHKG,YMJA,YML,051625,DRY,10,5/13/2026,6/30/2026,5/16/2026,755,755,0,0,755,755
USDET,USORF,TWKHH,"Detroit, MI, USDET","Norfolk, VA, USORF","Kaohsiung, , TWKHH",TWKHH,YMJA,YML,051625,DRY,10,5/13/2026,6/30/2026,5/16/2026,557.5,557.5,0,0,557.5,557.5
USDET,USNYC,TWKHH,"Detroit, MI, USDET","New York, NY, USNYC","Kaohsiung, , TWKHH",TWKHH,YMJA,YML,051625,DRY,10,5/13/2026,6/30/2026,5/16/2026,555,555,0,0,555,555
USDET,USORF,JPUKB,"Detroit, MI, USDET","Norfolk, VA, USORF","Kobe, 28, JPUKB",SGSIN,YMJA,YML,051625,DRY,10,5/13/2026,6/30/2026,5/16/2026,882.5,882.5,0,0,882.5,882.5
USDET,USNYC,JPUKB,"Detroit, MI, USDET","New York, NY, USNYC","Kobe, 28, JPUKB",SGSIN,YMJA,YML,051625,DRY,10,5/13/2026,6/30/2026,5/16/2026,880,880,0,0,880,880
USDET,USORF,THLCH,"Detroit, MI, USDET","Norfolk, VA, USORF","Laem Chabang, 20, THLCH",THLCH,YMJA,YML,051625,DRY,10,5/13/2026,6/30/2026,5/16/2026,707.5,707.5,0,0,707.5,707.5
USDET,USNYC,THLCH,"Detroit, MI, USDET","New York, NY, USNYC","Laem Chabang, 20, THLCH",THLCH,YMJA,YML,051625,DRY,10,5/13/2026,6/30/2026,5/16/2026,705,705,0,0,705,705
USDET,USORF,AUMEL,"Detroit, MI, USDET","Norfolk, VA, USORF","Melbourne, VIC, AUMEL",AUMEL,YMJA,YML,051625,DRY,10,5/13/2026,6/30/2026,5/16/2026,2107.5,2107.5,0,0,2107.5,2107.5
USDET,USNYC,AUMEL,"Detroit, MI, USDET","New York, NY, USNYC","Melbourne, VIC, AUMEL",AUMEL,YMJA,YML,051625,DRY,10,5/13/2026,6/30/2026,5/16/2026,2105,2105,0,0,2105,2105
USDET,USORF,JPNGO,"Detroit, MI, USDET","Norfolk, VA, USORF","Nagoya, Aichi, 23, JPNGO",SGSIN,YMJA,YML,051625,DRY,10,5/13/2026,6/30/2026,5/16/2026,882.5,882.5,0,0,882.5,882.5
USDET,USNYC,JPNGO,"Detroit, MI, USDET","New York, NY, USNYC","Nagoya, Aichi, 23, JPNGO",SGSIN,YMJA,YML,051625,DRY,10,5/13/2026,6/30/2026,5/16/2026,880,880,0,0,880,880
USDET,USORF,CNNBG,"Detroit, MI, USDET","Norfolk, VA, USORF","Ningbo Pt, 33, CNNBG",CNNBG,YMJA,YML,051625,DRY,10,5/13/2026,6/30/2026,5/16/2026,707.5,707.5,0,0,707.5,707.5
USDET,USNYC,CNNBG,"Detroit, MI, USDET","New York, NY, USNYC","Ningbo Pt, 33, CNNBG",CNNBG,YMJA,YML,051625,DRY,10,5/13/2026,6/30/2026,5/16/2026,705,705,0,0,705,705
USDET,USORF,CNNBG,"Detroit, MI, USDET","Norfolk, VA, USORF","Ningbo Pt, 33, CNNBG",CNNBG,YMJA,YML,051625,DRY,10,5/13/2026,6/30/2026,5/16/2026,657.5,657.5,0,0,657.5,657.5
USDET,USNYC,CNNBG,"Detroit, MI, USDET","New York, NY, USNYC","Ningbo Pt, 33, CNNBG",CNNBG,YMJA,YML,051625,DRY,10,5/13/2026,6/30/2026,5/16/2026,655,655,0,0,655,655
USDET,USORF,MYPEN,"Detroit, MI, USDET","Norfolk, VA, USORF","Penang, , MYPEN",MYPEN,YMJA,YML,051625,DRY,10,5/13/2026,6/30/2026,5/16/2026,1452.5,1452.5,0,0,1452.5,1452.5
USDET,USNYC,MYPEN,"Detroit, MI, USDET","New York, NY, USNYC","Penang, , MYPEN",MYPEN,YMJA,YML,051625,DRY,10,5/13/2026,6/30/2026,5/16/2026,1450,1450,0,0,1450,1450
USDET,USORF,MYPKG,"Detroit, MI, USDET","Norfolk, VA, USORF","Port Klang, 10, MYPKG",MYPKG,YMJA,YML,051625,DRY,10,5/13/2026,6/30/2026,5/16/2026,1257.5,1257.5,0,0,1257.5,1257.5
USDET,USNYC,MYPKG,"Detroit, MI, USDET","New York, NY, USNYC","Port Klang, 10, MYPKG",MYPKG,YMJA,YML,051625,DRY,10,5/13/2026,6/30/2026,5/16/2026,1255,1255,0,0,1255,1255
USDET,USORF,KRPUS,"Detroit, MI, USDET","Norfolk, VA, USORF","Busan, 26, KRPUS",KRPUS,YMJA,YML,051625,DRY,10,5/13/2026,6/30/2026,5/16/2026,707.5,707.5,0,0,707.5,707.5
USDET,USNYC,KRPUS,"Detroit, MI, USDET","New York, NY, USNYC","Busan, 26, KRPUS",KRPUS,YMJA,YML,051625,DRY,10,5/13/2026,6/30/2026,5/16/2026,705,705,0,0,705,705
USDET,USORF,KRPUS,"Detroit, MI, USDET","Norfolk, VA, USORF","Busan, 26, KRPUS",KRPUS,YMJA,YML,051625,DRY,10,5/13/2026,6/30/2026,5/16/2026,657.5,657.5,0,0,657.5,657.5
USDET,USNYC,KRPUS,"Detroit, MI, USDET","New York, NY, USNYC","Busan, 26, KRPUS",KRPUS,YMJA,YML,051625,DRY,10,5/13/2026,6/30/2026,5/16/2026,655,655,0,0,655,655
USDET,USORF,CNTAO,"Detroit, MI, USDET","Norfolk, VA, USORF","Qingdao, 37, CNTAO",CNTAO,YMJA,YML,051625,DRY,10,5/13/2026,6/30/2026,5/16/2026,707.5,707.5,0,0,707.5,707.5
USDET,USNYC,CNTAO,"Detroit, MI, USDET","New York, NY, USNYC","Qingdao, 37, CNTAO",CNTAO,YMJA,YML,051625,DRY,10,5/13/2026,6/30/2026,5/16/2026,705,705,0,0,705,705
USDET,USORF,CNSHA,"Detroit, MI, USDET","Norfolk, VA, USORF","Shanghai, 31, CNSHA",CNSHA,YMJA,YML,051625,DRY,10,5/13/2026,6/30/2026,5/16/2026,707.5,707.5,0,0,707.5,707.5
USDET,USNYC,CNSHA,"Detroit, MI, USDET","New York, NY, USNYC","Shanghai, 31, CNSHA",CNSHA,YMJA,YML,051625,DRY,10,5/13/2026,6/30/2026,5/16/2026,705,705,0,0,705,705
USDET,USORF,CNSHA,"Detroit, MI, USDET","Norfolk, VA, USORF","Shanghai, 31, CNSHA",CNSHA,YMJA,YML,051625,DRY,10,5/13/2026,6/30/2026,5/16/2026,657.5,657.5,0,0,657.5,657.5
USDET,USNYC,CNSHA,"Detroit, MI, USDET","New York, NY, USNYC","Shanghai, 31, CNSHA",CNSHA,YMJA,YML,051625,DRY,10,5/13/2026,6/30/2026,5/16/2026,655,655,0,0,655,655
USDET,USORF,SGSIN,"Detroit, MI, USDET","Norfolk, VA, USORF","Singapore, , SGSIN",SGSIN,YMJA,YML,051625,DRY,10,5/13/2026,6/30/2026,5/16/2026,707.5,707.5,0,0,707.5,707.5
USDET,USNYC,SGSIN,"Detroit, MI, USDET","New York, NY, USNYC","Singapore, , SGSIN",SGSIN,YMJA,YML,051625,DRY,10,5/13/2026,6/30/2026,5/16/2026,705,705,0,0,705,705
USDET,USORF,AUSYD,"Detroit, MI, USDET","Norfolk, VA, USORF","Sydney, NSW, AUSYD",AUSYD,YMJA,YML,051625,DRY,10,5/13/2026,6/30/2026,5/16/2026,2107.5,2107.5,0,0,2107.5,2107.5
USDET,USNYC,AUSYD,"Detroit, MI, USDET","New York, NY, USNYC","Sydney, NSW, AUSYD",AUSYD,YMJA,YML,051625,DRY,10,5/13/2026,6/30/2026,5/16/2026,2105,2105,0,0,2105,2105
USDET,USORF,JPTYO,"Detroit, MI, USDET","Norfolk, VA, USORF","Tokyo, 13, JPTYO",SGSIN,YMJA,YML,051625,DRY,10,5/13/2026,6/30/2026,5/16/2026,757.5,757.5,0,0,757.5,757.5
USDET,USNYC,JPTYO,"Detroit, MI, USDET","New York, NY, USNYC","Tokyo, 13, JPTYO",SGSIN,YMJA,YML,051625,DRY,10,5/13/2026,6/30/2026,5/16/2026,755,755,0,0,755,755
USDET,USORF,CNYTN,"Detroit, MI, USDET","Norfolk, VA, USORF","Yantian Pt, 44, CNYTN",CNYTN,YMJA,YML,051625,DRY,10,5/13/2026,6/30/2026,5/16/2026,707.5,707.5,0,0,707.5,707.5
USDET,USNYC,CNYTN,"Detroit, MI, USDET","New York, NY, USNYC","Yantian Pt, 44, CNYTN",CNYTN,YMJA,YML,051625,DRY,10,5/13/2026,6/30/2026,5/16/2026,705,705,0,0,705,705
USDET,USORF,CNYTN,"Detroit, MI, USDET","Norfolk, VA, USORF","Yantian Pt, 44, CNYTN",CNYTN,YMJA,YML,051625,DRY,10,5/13/2026,6/30/2026,5/16/2026,657.5,657.5,0,0,657.5,657.5
USDET,USNYC,CNYTN,"Detroit, MI, USDET","New York, NY, USNYC","Yantian Pt, 44, CNYTN",CNYTN,YMJA,YML,051625,DRY,10,5/13/2026,6/30/2026,5/16/2026,655,655,0,0,655,655
USMEM,USCHS,BDCGP,"Memphis, TN, USMEM","Charleston, SC, USCHS","Chattogram/Chittagong, , BDCGP",BDCGP,MAEU,Maersk,300094432,DRY,0,4/1/2026,9/30/2026,3/24/2026,2269,2269,0,0,2269,2269
USMEM,USCHS,DJJIB,"Memphis, TN, USMEM","Charleston, SC, USCHS","Djibouti, , DJJIB",DJJIB,MAEU,Maersk,300094432,DRY,0,4/1/2026,9/30/2026,3/24/2026,2399,2399,0,0,2399,2399
USMEM,USCHS,EGALY,"Memphis, TN, USMEM","Charleston, SC, USCHS","Alexandria, , EGALY",EGALY,MAEU,Maersk,300094432,DRY,0,4/1/2026,9/30/2026,3/24/2026,3944,3944,0,0,3944,3944
USMEM,USCHS,EGDAM,"Memphis, TN, USMEM","Charleston, SC, USCHS","Damietta, , EGDAM",EGDAM,MAEU,Maersk,300094432,DRY,0,4/1/2026,9/30/2026,3/24/2026,1972,1972,0,0,1972,1972
USMEM,USCHS,INCCU,"Memphis, TN, USMEM","Charleston, SC, USCHS","Kolkata (ex Calcutta), WB, INCCU",INCCU,MAEU,Maersk,300094432,DRY,0,4/1/2026,9/30/2026,3/24/2026,2170,2170,0,0,2170,2170
USMEM,USCHS,INCOK,"Memphis, TN, USMEM","Charleston, SC, USCHS","Cochin, KL, INCOK",INCOK,MAEU,Maersk,300094432,DRY,0,4/1/2026,9/30/2026,3/24/2026,2170,2170,0,0,2170,2170
USMEM,USCHS,INMAA,"Memphis, TN, USMEM","Charleston, SC, USCHS","Chennai (ex Madras), TN, INMAA",INMAA,MAEU,Maersk,300094432,DRY,0,4/1/2026,9/30/2026,3/24/2026,2170,2170,0,0,2170,2170
USMEM,USCHS,INMUN,"Memphis, TN, USMEM","Charleston, SC, USCHS","Mundra, GJ, INMUN",INMUN,MAEU,Maersk,300094432,DRY,0,4/1/2026,9/30/2026,3/24/2026,1806,1806,0,0,1806,1806
USMEM,USCHS,INNSA,"Memphis, TN, USMEM","Charleston, SC, USCHS","Nhava Sheva, MH, INNSA",INNSA,MAEU,Maersk,300094432,DRY,0,4/1/2026,9/30/2026,3/24/2026,1806,1806,0,0,1806,1806
USMEM,USCHS,INPAV,"Memphis, TN, USMEM","Charleston, SC, USCHS","Pipavav (Victor) Port, GJ, INPAV",INPAV,MAEU,Maersk,300094432,DRY,0,4/1/2026,9/30/2026,3/24/2026,1806,1806,0,0,1806,1806
USMEM,USCHS,INTUT,"Memphis, TN, USMEM","Charleston, SC, USCHS","Tuticorin, TN, INTUT",INTUT,MAEU,Maersk,300094432,DRY,0,4/1/2026,9/30/2026,3/24/2026,1806,1806,0,0,1806,1806
USMEM,USCHS,MACAS,"Memphis, TN, USMEM","Charleston, SC, USCHS","Casablanca, CAS, MACAS",MACAS,MAEU,Maersk,300094432,DRY,0,4/1/2026,9/30/2026,3/24/2026,2122,2122,0,0,2122,2122
USMEM,USCHS,PKBQM,"Memphis, TN, USMEM","Charleston, SC, USCHS","Port Qasim/Karachi, SD, PKBQM",PKBQM,MAEU,Maersk,300094432,DRY,0,4/1/2026,9/30/2026,3/24/2026,1650,1650,0,0,1650,1650
USMEM,USCHS,PKBQM,"Memphis, TN, USMEM","Charleston, SC, USCHS","Port Qasim/Karachi, SD, PKBQM","Keamari Karachi, PK",MAEU,Maersk,300094432,DRY,0,4/1/2026,9/30/2026,3/24/2026,1650,1650,0,0,1650,1650
USMEM,USCHS,PTLEI,"Memphis, TN, USMEM","Charleston, SC, USCHS","Leixoes, 13, PTLEI",PTLEI,MAEU,Maersk,300094432,DRY,0,4/1/2026,9/30/2026,3/24/2026,1605,1605,0,0,1605,1605
USMEM,USCHS,TNTUN,"Memphis, TN, USMEM","Charleston, SC, USCHS","Tunis, , TNTUN",TNTUN,MAEU,Maersk,300094432,DRY,0,4/1/2026,9/30/2026,3/24/2026,2598,2598,0,0,2598,2598
USMEM,USCHS,TRGEM,"Memphis, TN, USMEM","Charleston, SC, USCHS","Gemlik, 16, TRGEM",TRGEM,MAEU,Maersk,300094432,DRY,0,4/1/2026,9/30/2026,3/24/2026,2033,2033,0,0,2033,2033
USMEM,USCHS,TRISK,"Memphis, TN, USMEM","Charleston, SC, USCHS","Iskenderun, 31, TRISK",TRISK,MAEU,Maersk,300094432,DRY,0,4/1/2026,9/30/2026,3/24/2026,1728,1728,0,0,1728,1728
USMEM,USCHS,TRIST,"Memphis, TN, USMEM","Charleston, SC, USCHS","Istanbul, 34, TRIST",TRIST,MAEU,Maersk,300094432,DRY,0,4/1/2026,9/30/2026,3/24/2026,1318,1318,0,0,1318,1318
USMEM,USCHS,TRIZM,"Memphis, TN, USMEM","Charleston, SC, USCHS","Izmir, 35, TRIZM",TRIZM,MAEU,Maersk,300094432,DRY,0,4/1/2026,9/30/2026,3/24/2026,1833,1833,0,0,1833,1833
USMEM,USCHS,TRIZT,"Memphis, TN, USMEM","Charleston, SC, USCHS","Izmit, 41, TRIZT",TRIZT,MAEU,Maersk,300094432,DRY,0,4/1/2026,9/30/2026,3/24/2026,1933,1933,0,0,1933,1933
USMEM,USCHS,TRMER,"Memphis, TN, USMEM","Charleston, SC, USCHS","Mersin, 33, TRMER",TRMER,MAEU,Maersk,300094432,DRY,0,4/1/2026,9/30/2026,3/24/2026,1633,1633,0,0,1633,1633
USMEM,USCHS,TZDAR,"Memphis, TN, USMEM","Charleston, SC, USCHS","Dar es Salaam, , TZDAR",TZDAR,MAEU,Maersk,300094432,DRY,0,4/1/2026,9/30/2026,3/24/2026,2680,2680,0,0,2680,2680
USMEM,USLAX,CNAQG,"Memphis, TN, USMEM","Los Angeles, CA, USLAX","Anqing Pt, 34, CNAQG",CNAQG,MAEU,Maersk,300094432,DRY,0,4/1/2026,9/30/2026,3/24/2026,1358,1358,0,0,1358,1358
USMEM,USLAX,CNCHQ,"Memphis, TN, USMEM","Los Angeles, CA, USLAX","Chongqing Pt, 50, CNCHQ",CNCHQ,MAEU,Maersk,300094432,DRY,0,4/1/2026,9/30/2026,3/24/2026,1053,1053,0,0,1053,1053
USMEM,USLAX,CNCZX,"Memphis, TN, USMEM","Los Angeles, CA, USLAX","Changzhou Pt, 32, CNCZX",CNCZX,MAEU,Maersk,300094432,DRY,0,4/1/2026,9/30/2026,3/24/2026,1266,1266,0,0,1266,1266
USMEM,USLAX,CNDLC,"Memphis, TN, USMEM","Los Angeles, CA, USLAX","Dalian, 21, CNDLC",CNDLC,MAEU,Maersk,300094432,DRY,0,4/1/2026,9/30/2026,3/24/2026,1048,1048,0,0,1048,1048
USMEM,USLAX,CNDFG,"Memphis, TN, USMEM","Los Angeles, CA, USLAX","Dafeng Pt, 22, CNDFG",CNDFG,MAEU,Maersk,300094432,DRY,0,4/1/2026,9/30/2026,3/24/2026,828,828,0,0,828,828
USMEM,USLAX,CNFZG,"Memphis, TN, USMEM","Los Angeles, CA, USLAX","Fuzhou Pt, 23, CNFZG",CNFZG,MAEU,Maersk,300094432,DRY,0,4/1/2026,9/30/2026,3/24/2026,1048,1048,0,0,1048,1048
USMEM,USLAX,CNGOM,"Memphis, TN, USMEM","Los Angeles, CA, USLAX","Gaoming Pt, 44, CNGOM",CNGOM,MAEU,Maersk,300094432,DRY,0,4/1/2026,9/30/2026,3/24/2026,1145,1145,0,0,1145,1145
USMEM,USLAX,CNHUA,"Memphis, TN, USMEM","Los Angeles, CA, USLAX","Huangpu Pt, 44, CNHUA",CNHUA,MAEU,Maersk,300094432,DRY,0,4/1/2026,9/30/2026,3/24/2026,765,765,0,0,765,765
USMEM,USLAX,CNJIA,"Memphis, TN, USMEM","Los Angeles, CA, USLAX","Jiangyin Pt, 32, CNJIA",CNJIA,MAEU,Maersk,300094432,DRY,0,4/1/2026,9/30/2026,3/24/2026,1246,1246,0,0,1246,1246
USMEM,USLAX,CNJIU,"Memphis, TN, USMEM","Los Angeles, CA, USLAX","Jiujiang Pt, 36, CNJIU",CNJIU,MAEU,Maersk,300094432,DRY,0,4/1/2026,9/30/2026,3/24/2026,2221,2221,0,0,2221,2221
USMEM,USLAX,CNJMN,"Memphis, TN, USMEM","Los Angeles, CA, USLAX","Jiangmen Pt, 44, CNJMN",CNJMN,MAEU,Maersk,300094432,DRY,0,4/1/2026,9/30/2026,3/24/2026,1368,1368,0,0,1368,1368
USMEM,USLAX,CNLYG,"Memphis, TN, USMEM","Los Angeles, CA, USLAX","Lianyungang, 32, CNLYG",CNLYG,MAEU,Maersk,300094432,DRY,0,4/1/2026,9/30/2026,3/24/2026,715,715,0,0,715,715
USMEM,USLAX,CNNBG,"Memphis, TN, USMEM","Los Angeles, CA, USLAX","Ningbo Pt, 33, CNNBG",CNNBG,MAEU,Maersk,300094432,DRY,0,4/1/2026,9/30/2026,3/24/2026,565,565,0,0,565,565
USMEM,USLAX,CNNJG,"Memphis, TN, USMEM","Los Angeles, CA, USLAX","Nanjing Pt, 35, CNNJG",CNNJG,MAEU,Maersk,300094432,DRY,0,4/1/2026,9/30/2026,3/24/2026,1256,1256,0,0,1256,1256
USMEM,USLAX,CNNTG,"Memphis, TN, USMEM","Los Angeles, CA, USLAX","Nantong Pt, 32, CNNTG",CNNTG,MAEU,Maersk,300094432,DRY,0,4/1/2026,9/30/2026,3/24/2026,663,663,0,0,663,663
USMEM,USLAX,CNTAO,"Memphis, TN, USMEM","Los Angeles, CA, USLAX","Qingdao, 37, CNTAO",CNTAO,MAEU,Maersk,300094432,DRY,0,4/1/2026,9/30/2026,3/24/2026,476,476,0,0,476,476
USMEM,USLAX,CNQZH,"Memphis, TN, USMEM","Los Angeles, CA, USLAX","Qinzhou Pt, 45, CNQZH",CNQZH,MAEU,Maersk,300094432,DRY,0,4/1/2026,9/30/2026,3/24/2026,1158,1158,0,0,1158,1158
USMEM,USLAX,CNRUG,"Memphis, TN, USMEM","Los Angeles, CA, USLAX","Rugao Pt, 32, CNRUG",CNRUG,MAEU,Maersk,300094432,DRY,0,4/1/2026,9/30/2026,3/24/2026,653,653,0,0,653,653
USMEM,USLAX,CNSHA,"Memphis, TN, USMEM","Los Angeles, CA, USLAX","Shanghai, 31, CNSHA",CNSHA,MAEU,Maersk,300094432,DRY,0,4/1/2026,9/30/2026,3/24/2026,808,808,0,0,808,808
USMEM,USLAX,CNTXG,"Memphis, TN, USMEM","Los Angeles, CA, USLAX","Tianjin Xingang Pt, 12, CNTXG",CNTXG,MAEU,Maersk,300094432,DRY,0,4/1/2026,9/30/2026,3/24/2026,555,555,0,0,555,555
USMEM,USLAX,CNWHG,"Memphis, TN, USMEM","Los Angeles, CA, USLAX","Wuhan Pt, 42, CNWHG",CNWHG,MAEU,Maersk,300094432,DRY,0,4/1/2026,9/30/2026,3/24/2026,753,753,0,0,753,753
USMEM,USLAX,CNWUZ,"Memphis, TN, USMEM","Los Angeles, CA, USLAX","Wuzhou Pt, 45, CNWUZ",CNWUZ,MAEU,Maersk,300094432,DRY,0,4/1/2026,9/30/2026,3/24/2026,1258,1258,0,0,1258,1258
USMEM,USLAX,CNXMN,"Memphis, TN, USMEM","Los Angeles, CA, USLAX","Xiamen, 35, CNXMN",CNXMN,MAEU,Maersk,300094432,DRY,0,4/1/2026,9/30/2026,3/24/2026,565,565,0,0,565,565
USMEM,USLAX,CNYTN,"Memphis, TN, USMEM","Los Angeles, CA, USLAX","Yantian Pt, 44, CNYTN",CNYTN,MAEU,Maersk,300094432,DRY,0,4/1/2026,9/30/2026,3/24/2026,958,958,0,0,958,958
USMEM,USLAX,CNYYA,"Memphis, TN, USMEM","Los Angeles, CA, USLAX","Yueyang, 50, CNYYA",CNYYA,MAEU,Maersk,300094432,DRY,0,4/1/2026,9/30/2026,3/24/2026,863,863,0,0,863,863
USMEM,USLAX,CNZHU,"Memphis, TN, USMEM","Los Angeles, CA, USLAX","Zhuao, 41, CNZHU",CNZHU,MAEU,Maersk,300094432,DRY,0,4/1/2026,9/30/2026,3/24/2026,1368,1368,0,0,1368,1368
USMEM,USLAX,CNZJG,"Memphis, TN, USMEM","Los Angeles, CA, USLAX","Zhangjiagang, 32, CNZJG",CNZJG,MAEU,Maersk,300094432,DRY,0,4/1/2026,9/30/2026,3/24/2026,1003,1003,0,0,1003,1003
USMEM,USLAX,CNZNG,"Memphis, TN, USMEM","Los Angeles, CA, USLAX","Zhanjiang Pt, 44, CNZNG",CNZNG,MAEU,Maersk,300094432,DRY,0,4/1/2026,9/30/2026,3/24/2026,1418,1418,0,0,1418,1418
USMEM,USLAX,HKHKG,"Memphis, TN, USMEM","Los Angeles, CA, USLAX","Hong Kong, , HKHKG",HKHKG,MAEU,Maersk,300094432,DRY,0,4/1/2026,9/30/2026,3/24/2026,1058,1058,0,0,1058,1058
USMEM,USLAX,IDBLW,"Memphis, TN, USMEM","Los Angeles, CA, USLAX","Belawan, , IDBLW",IDBLW,MAEU,Maersk,300094432,DRY,0,4/1/2026,9/30/2026,3/24/2026,1419,1419,0,0,1419,1419
USMEM,USLAX,IDJKT,"Memphis, TN, USMEM","Los Angeles, CA, USLAX","Jakarta, JK, IDJKT",IDJKT,MAEU,Maersk,300094432,DRY,0,4/1/2026,9/30/2026,3/24/2026,1124,1124,0,0,1124,1124
USMEM,USLAX,IDSRG,"Memphis, TN, USMEM","Los Angeles, CA, USLAX","Semarang, JT, IDSRG",IDSRG,MAEU,Maersk,300094432,DRY,0,4/1/2026,9/30/2026,3/24/2026,1124,1124,0,0,1124,1124
USMEM,USLAX,IDSUB,"Memphis, TN, USMEM","Los Angeles, CA, USLAX","Surabaya, JI, IDSUB",IDSUB,MAEU,Maersk,300094432,DRY,0,4/1/2026,9/30/2026,3/24/2026,1124,1124,0,0,1124,1124
USMEM,USLAX,JPMOJ,"Memphis, TN, USMEM","Los Angeles, CA, USLAX","Moji/Kitakyushu, 40, JPMOJ",JPMOJ,MAEU,Maersk,300094432,DRY,0,4/1/2026,9/30/2026,3/24/2026,1534,1534,0,0,1534,1534
USMEM,USLAX,JPNGO,"Memphis, TN, USMEM","Los Angeles, CA, USLAX","Nagoya, Aichi, 23, JPNGO",JPNGO,MAEU,Maersk,300094432,DRY,0,4/1/2026,9/30/2026,3/24/2026,814,814,0,0,814,814
USMEM,USLAX,JPOSA,"Memphis, TN, USMEM","Los Angeles, CA, USLAX","Osaka, 27, JPOSA","Yokohama, JP",MAEU,Maersk,300094432,DRY,0,4/1/2026,9/30/2026,3/24/2026,1204,1204,0,0,1204,1204
USMEM,USLAX,JPTYO,"Memphis, TN, USMEM","Los Angeles, CA, USLAX","Tokyo, 13, JPTYO",JPTYO,MAEU,Maersk,300094432,DRY,0,4/1/2026,9/30/2026,3/24/2026,1104,1104,0,0,1104,1104
USMEM,USLAX,JPUKB,"Memphis, TN, USMEM","Los Angeles, CA, USLAX","Kobe, 28, JPUKB",JPUKB,MAEU,Maersk,300094432,DRY,0,4/1/2026,9/30/2026,3/24/2026,951,951,0,0,951,951
USMEM,USLAX,JPYKK,"Memphis, TN, USMEM","Los Angeles, CA, USLAX","Yokkaichi, 24, JPYKK","Nagoya, JP",MAEU,Maersk,300094432,DRY,0,4/1/2026,9/30/2026,3/24/2026,1101.18,1101.18,0,0,1101.18,1101.18
USMEM,USLAX,JPYOK,"Memphis, TN, USMEM","Los Angeles, CA, USLAX","Yokohama, 14, JPYOK",JPYOK,MAEU,Maersk,300094432,DRY,0,4/1/2026,9/30/2026,3/24/2026,1389,1389,0,0,1389,1389
USMEM,USLAX,KRKAN,"Memphis, TN, USMEM","Los Angeles, CA, USLAX","Gwangyang, 46, KRKAN",KRKAN,MAEU,Maersk,300094432,DRY,0,4/1/2026,9/30/2026,3/24/2026,988,988,0,0,988,988
USMEM,USLAX,KRPUS,"Memphis, TN, USMEM","Los Angeles, CA, USLAX","Busan, 26, KRPUS",KRPUS,MAEU,Maersk,300094432,DRY,0,4/1/2026,9/30/2026,3/24/2026,1026,1026,0,0,1026,1026
USMEM,USLAX,MYPEN,"Memphis, TN, USMEM","Los Angeles, CA, USLAX","Penang, , MYPEN",MYPEN,MAEU,Maersk,300094432,DRY,0,4/1/2026,9/30/2026,3/24/2026,1381,1381,0,0,1381,1381
USMEM,USLAX,MYPGU,"Memphis, TN, USMEM","Los Angeles, CA, USLAX","Pasir Gudang, Johor, , MYPGU","Tanjung Pelepas, MY",MAEU,Maersk,300094432,DRY,0,4/1/2026,9/30/2026,3/24/2026,1381,1381,0,0,1381,1381
USMEM,USLAX,MYPKG,"Memphis, TN, USMEM","Los Angeles, CA, USLAX","Port Klang, 10, MYPKG",MYPKG,MAEU,Maersk,300094432,DRY,0,4/1/2026,9/30/2026,3/24/2026,1261,1261,0,0,1261,1261
USMEM,USLAX,MYTPP,"Memphis, TN, USMEM","Los Angeles, CA, USLAX","Tanjung Pelepas, 1, MYTPP",MYTPP,MAEU,Maersk,300094432,DRY,0,4/1/2026,9/30/2026,3/24/2026,1091,1091,0,0,1091,1091
USMEM,USLAX,PHCEB,"Memphis, TN, USMEM","Los Angeles, CA, USLAX","Cebu, , PHCEB",PHCEB,MAEU,Maersk,300094432,DRY,0,4/1/2026,9/30/2026,3/24/2026,1799,1799,0,0,1799,1799
USMEM,USLAX,PHMNL,"Memphis, TN, USMEM","Los Angeles, CA, USLAX","Manila, , PHMNL",PHMNL,MAEU,Maersk,300094432,DRY,0,4/1/2026,9/30/2026,3/24/2026,1323,1323,0,0,1323,1323
USMEM,USLAX,SGSIN,"Memphis, TN, USMEM","Los Angeles, CA, USLAX","Singapore, , SGSIN",SGSIN,MAEU,Maersk,300094432,DRY,0,4/1/2026,9/30/2026,3/24/2026,1298,1298,0,0,1298,1298
USMEM,USLAX,THBKK,"Memphis, TN, USMEM","Los Angeles, CA, USLAX","Bangkok, , THBKK","Laem Chabang, TH",MAEU,Maersk,300094432,DRY,0,4/1/2026,9/30/2026,3/24/2026,924,924,0,0,924,924
USMEM,USLAX,THLCH,"Memphis, TN, USMEM","Los Angeles, CA, USLAX","Laem Chabang, 20, THLCH",THLCH,MAEU,Maersk,300094432,DRY,0,4/1/2026,9/30/2026,3/24/2026,936,936,0,0,936,936
USMEM,USLAX,TWKEL,"Memphis, TN, USMEM","Los Angeles, CA, USLAX","Keelung, , TWKEL",TWKEL,MAEU,Maersk,300094432,DRY,0,4/1/2026,9/30/2026,3/24/2026,1369,1369,0,0,1369,1369
USMEM,USLAX,TWKHH,"Memphis, TN, USMEM","Los Angeles, CA, USLAX","Kaohsiung, , TWKHH",TWKHH,MAEU,Maersk,300094432,DRY,0,4/1/2026,9/30/2026,3/24/2026,988,988,0,0,988,988
USMEM,USLAX,TWTXG,"Memphis, TN, USMEM","Los Angeles, CA, USLAX","Taichung, , TWTXG",TWTXG,MAEU,Maersk,300094432,DRY,0,4/1/2026,9/30/2026,3/24/2026,778,778,0,0,778,778
USMEM,USLAX,TWTYN,"Memphis, TN, USMEM","Los Angeles, CA, USLAX","Taoyuan, , TWTYN","Kaohsiung, TW",MAEU,Maersk,300094432,DRY,0,4/1/2026,9/30/2026,3/24/2026,1542,1542,0,0,1542,1542
USMEM,USLAX,VNDAD,"Memphis, TN, USMEM","Los Angeles, CA, USLAX","Da Nang, , VNDAD",VNDAD,MAEU,Maersk,300094432,DRY,0,4/1/2026,9/30/2026,3/24/2026,988,988,0,0,988,988
USMEM,USLAX,VNHPH,"Memphis, TN, USMEM","Los Angeles, CA, USLAX","Haiphong, , VNHPH",VNHPH,MAEU,Maersk,300094432,DRY,0,4/1/2026,9/30/2026,3/24/2026,570,570,0,0,570,570
USMEM,USLAX,VNSGN,"Memphis, TN, USMEM","Los Angeles, CA, USLAX","Ho Chi Minh City, , VNSGN",VNSGN,MAEU,Maersk,300094432,DRY,0,4/1/2026,9/30/2026,3/24/2026,764,764,0,0,764,764
USMEM,USLAX,VNVUT,"Memphis, TN, USMEM","Los Angeles, CA, USLAX","Vung Tau, 43, VNVUT",VNVUT,MAEU,Maersk,300094432,DRY,0,4/1/2026,9/30/2026,3/24/2026,570,570,0,0,570,570
USMEM,USMOB,ECPSJ,"Memphis, TN, USMEM","Mobile, AL, USMOB","Posorja, G, ECPSJ",ECPSJ,MAEU,Maersk,300094432,DRY,0,4/1/2026,9/30/2026,3/24/2026,2639,2639,0,0,2639,2639
USMEM,USMOB,PECLL,"Memphis, TN, USMEM","Mobile, AL, USMOB","Callao, , PECLL",PECLL,MAEU,Maersk,300094432,DRY,0,4/1/2026,9/30/2026,3/24/2026,2639,2639,0,0,2639,2639
USMEM,USMSY,GTAMA,"Memphis, TN, USMEM","New Orleans, LA, USMSY","Amatitlan, GU, GTAMA","Puerto Barrios, GT",MAEU,Maersk,300094432,DRY,0,4/1/2026,9/30/2026,3/24/2026,2183,2183,0,0,2183,2183
USMEM,USMSY,GTGUA,"Memphis, TN, USMEM","New Orleans, LA, USMSY","Guatemala City, , GTGUA","Puerto Barrios, GT",MAEU,Maersk,300094432,DRY,0,4/1/2026,9/30/2026,3/24/2026,2661,2661,0,0,2661,2661
USMEM,USMSY,GTPAL,"Memphis, TN, USMEM","New Orleans, LA, USMSY","Palin, , GTPAL","Puerto Barrios, GT",MAEU,Maersk,300094432,DRY,0,4/1/2026,9/30/2026,3/24/2026,2084,2084,0,0,2084,2084
USMEM,USMSY,GTPBR,"Memphis, TN, USMEM","New Orleans, LA, USMSY","Puerto Barrios, , GTPBR",GTPBR,MAEU,Maersk,300094432,DRY,0,4/1/2026,9/30/2026,3/24/2026,1621,1621,0,0,1621,1621
USMEM,USMSY,GTVIN,"Memphis, TN, USMEM","New Orleans, LA, USMSY","Villa Nueva, , GTVIN","Puerto Barrios, GT",MAEU,Maersk,300094432,DRY,0,4/1/2026,9/30/2026,3/24/2026,2651,2651,0,0,2651,2651
USMEM,USMSY,HNPCR,"Memphis, TN, USMEM","New Orleans, LA, USMSY","Puerto Cortes, , HNPCR",HNPCR,MAEU,Maersk,300094432,DRY,0,4/1/2026,9/30/2026,3/24/2026,2086,2086,0,0,2086,2086
USMEM,USMSY,NIMGA,"Memphis, TN, USMEM","New Orleans, LA, USMSY","Managua, , NIMGA","Puerto Cortes, HN",MAEU,Maersk,300094432,DRY,0,4/1/2026,9/30/2026,3/24/2026,2944,2944,0,0,2944,2944
USMEM,USMSY,SVAPO,"Memphis, TN, USMEM","New Orleans, LA, USMSY","Apopa, SS, SVAPO","Puerto Barrios, GT",MAEU,Maersk,300094432,DRY,0,4/1/2026,9/30/2026,3/24/2026,2681,2681,0,0,2681,2681
USMEM,USMSY,SVEZC,"Memphis, TN, USMEM","New Orleans, LA, USMSY","Ilopango, SS, SVEZC","Puerto Barrios, GT",MAEU,Maersk,300094432,DRY,0,4/1/2026,9/30/2026,3/24/2026,2681,2681,0,0,2681,2681
USMEM,USMSY,SVSAL,"Memphis, TN, USMEM","New Orleans, LA, USMSY","San Salvador, , SVSAL","Puerto Barrios, GT",MAEU,Maersk,300094432,DRY,0,4/1/2026,9/30/2026,3/24/2026,2716,2716,0,0,2716,2716
USMEM,USMSY,SVSJO,"Memphis, TN, USMEM","New Orleans, LA, USMSY","San Juan Opico, LI, SVSJO","Puerto Barrios, GT",MAEU,Maersk,300094432,DRY,0,4/1/2026,9/30/2026,3/24/2026,2696,2696,0,0,2696,2696
USMEM,USMSY,SVSOY,"Memphis, TN, USMEM","New Orleans, LA, USMSY","Soyapango, , SVSOY","Puerto Barrios, GT",MAEU,Maersk,300094432,DRY,0,4/1/2026,9/30/2026,3/24/2026,2716,2716,0,0,2716,2716
USMEM,USSAV,CNAQG,"Memphis, TN, USMEM","Savannah, GA, USSAV","Anqing Pt, 34, CNAQG",CNAQG,MAEU,Maersk,300094432,DRY,0,4/1/2026,9/30/2026,3/24/2026,1261,1261,0,0,1261,1261
USMEM,USSAV,CNCHQ,"Memphis, TN, USMEM","Savannah, GA, USSAV","Chongqing Pt, 50, CNCHQ",CNCHQ,MAEU,Maersk,300094432,DRY,0,4/1/2026,9/30/2026,3/24/2026,956,956,0,0,956,956
USMEM,USSAV,CNCZX,"Memphis, TN, USMEM","Savannah, GA, USSAV","Changzhou Pt, 32, CNCZX",CNCZX,MAEU,Maersk,300094432,DRY,0,4/1/2026,9/30/2026,3/24/2026,1169,1169,0,0,1169,1169
USMEM,USSAV,CNDLC,"Memphis, TN, USMEM","Savannah, GA, USSAV","Dalian, 21, CNDLC",CNDLC,MAEU,Maersk,300094432,DRY,0,4/1/2026,9/30/2026,3/24/2026,1151,1151,0,0,1151,1151
USMEM,USSAV,CNDFG,"Memphis, TN, USMEM","Savannah, GA, USSAV","Dafeng Pt, 22, CNDFG",CNDFG,MAEU,Maersk,300094432,DRY,0,4/1/2026,9/30/2026,3/24/2026,731,731,0,0,731,731
USMEM,USSAV,CNFZG,"Memphis, TN, USMEM","Savannah, GA, USSAV","Fuzhou Pt, 23, CNFZG",CNFZG,MAEU,Maersk,300094432,DRY,0,4/1/2026,9/30/2026,3/24/2026,951,951,0,0,951,951
USMEM,USSAV,CNGOM,"Memphis, TN, USMEM","Savannah, GA, USSAV","Gaoming Pt, 44, CNGOM",CNGOM,MAEU,Maersk,300094432,DRY,0,4/1/2026,9/30/2026,3/24/2026,1248,1248,0,0,1248,1248
USMEM,USSAV,CNHUA,"Memphis, TN, USMEM","Savannah, GA, USSAV","Huangpu Pt, 44, CNHUA",CNHUA,MAEU,Maersk,300094432,DRY,0,4/1/2026,9/30/2026,3/24/2026,868,868,0,0,868,868
USMEM,USSAV,CNJIA,"Memphis, TN, USMEM","Savannah, GA, USSAV","Jiangyin Pt, 32, CNJIA",CNJIA,MAEU,Maersk,300094432,DRY,0,4/1/2026,9/30/2026,3/24/2026,1149,1149,0,0,1149,1149
USMEM,USSAV,CNJIU,"Memphis, TN, USMEM","Savannah, GA, USSAV","Jiujiang Pt, 36, CNJIU",CNJIU,MAEU,Maersk,300094432,DRY,0,4/1/2026,9/30/2026,3/24/2026,2427,2427,0,0,2427,2427
USMEM,USSAV,CNJMN,"Memphis, TN, USMEM","Savannah, GA, USSAV","Jiangmen Pt, 44, CNJMN",CNJMN,MAEU,Maersk,300094432,DRY,0,4/1/2026,9/30/2026,3/24/2026,1471,1471,0,0,1471,1471
USMEM,USSAV,CNLYG,"Memphis, TN, USMEM","Savannah, GA, USSAV","Lianyungang, 32, CNLYG",CNLYG,MAEU,Maersk,300094432,DRY,0,4/1/2026,9/30/2026,3/24/2026,618,618,0,0,618,618
USMEM,USSAV,CNNBG,"Memphis, TN, USMEM","Savannah, GA, USSAV","Ningbo Pt, 33, CNNBG",CNNBG,MAEU,Maersk,300094432,DRY,0,4/1/2026,9/30/2026,3/24/2026,478,478,0,0,478,478
USMEM,USSAV,CNNJG,"Memphis, TN, USMEM","Savannah, GA, USSAV","Nanjing Pt, 35, CNNJG",CNNJG,MAEU,Maersk,300094432,DRY,0,4/1/2026,9/30/2026,3/24/2026,1159,1159,0,0,1159,1159
USMEM,USSAV,CNNTG,"Memphis, TN, USMEM","Savannah, GA, USSAV","Nantong Pt, 32, CNNTG",CNNTG,MAEU,Maersk,300094432,DRY,0,4/1/2026,9/30/2026,3/24/2026,566,566,0,0,566,566
USMEM,USSAV,CNTAO,"Memphis, TN, USMEM","Savannah, GA, USSAV","Qingdao, 37, CNTAO",CNTAO,MAEU,Maersk,300094432,DRY,0,4/1/2026,9/30/2026,3/24/2026,379,379,0,0,379,379
USMEM,USSAV,CNQZH,"Memphis, TN, USMEM","Savannah, GA, USSAV","Qinzhou Pt, 45, CNQZH",CNQZH,MAEU,Maersk,300094432,DRY,0,4/1/2026,9/30/2026,3/24/2026,1261,1261,0,0,1261,1261
USMEM,USSAV,CNRUG,"Memphis, TN, USMEM","Savannah, GA, USSAV","Rugao Pt, 32, CNRUG",CNRUG,MAEU,Maersk,300094432,DRY,0,4/1/2026,9/30/2026,3/24/2026,556,556,0,0,556,556
USMEM,USSAV,CNSHA,"Memphis, TN, USMEM","Savannah, GA, USSAV","Shanghai, 31, CNSHA",CNSHA,MAEU,Maersk,300094432,DRY,0,4/1/2026,9/30/2026,3/24/2026,711,711,0,0,711,711
USMEM,USSAV,CNTXG,"Memphis, TN, USMEM","Savannah, GA, USSAV","Tianjin Xingang Pt, 12, CNTXG",CNTXG,MAEU,Maersk,300094432,DRY,0,4/1/2026,9/30/2026,3/24/2026,358,358,0,0,358,358
USMEM,USSAV,CNWHG,"Memphis, TN, USMEM","Savannah, GA, USSAV","Wuhan Pt, 42, CNWHG",CNWHG,MAEU,Maersk,300094432,DRY,0,4/1/2026,9/30/2026,3/24/2026,656,656,0,0,656,656
USMEM,USSAV,CNWUZ,"Memphis, TN, USMEM","Savannah, GA, USSAV","Wuzhou Pt, 45, CNWUZ",CNWUZ,MAEU,Maersk,300094432,DRY,0,4/1/2026,9/30/2026,3/24/2026,1161,1161,0,0,1161,1161
USMEM,USSAV,CNXMN,"Memphis, TN, USMEM","Savannah, GA, USSAV","Xiamen, 35, CNXMN",CNXMN,MAEU,Maersk,300094432,DRY,0,4/1/2026,9/30/2026,3/24/2026,558,558,0,0,558,558
USMEM,USSAV,CNYTN,"Memphis, TN, USMEM","Savannah, GA, USSAV","Yantian Pt, 44, CNYTN",CNYTN,MAEU,Maersk,300094432,DRY,0,4/1/2026,9/30/2026,3/24/2026,1061,1061,0,0,1061,1061
USMEM,USSAV,CNYYA,"Memphis, TN, USMEM","Savannah, GA, USSAV","Yueyang, 50, CNYYA",CNYYA,MAEU,Maersk,300094432,DRY,0,4/1/2026,9/30/2026,3/24/2026,766,766,0,0,766,766
USMEM,USSAV,CNZHU,"Memphis, TN, USMEM","Savannah, GA, USSAV","Zhuao, 41, CNZHU",CNZHU,MAEU,Maersk,300094432,DRY,0,4/1/2026,9/30/2026,3/24/2026,1471,1471,0,0,1471,1471
USMEM,USSAV,CNZJG,"Memphis, TN, USMEM","Savannah, GA, USSAV","Zhangjiagang, 32, CNZJG",CNZJG,MAEU,Maersk,300094432,DRY,0,4/1/2026,9/30/2026,3/24/2026,906,906,0,0,906,906
USMEM,USSAV,CNZNG,"Memphis, TN, USMEM","Savannah, GA, USSAV","Zhanjiang Pt, 44, CNZNG",CNZNG,MAEU,Maersk,300094432,DRY,0,4/1/2026,9/30/2026,3/24/2026,1521,1521,0,0,1521,1521
USMEM,USSAV,CRCAR,"Memphis, TN, USMEM","Savannah, GA, USSAV","Cartago, C, CRCAR","Puerto Moin, CR",MAEU,Maersk,300094432,DRY,0,4/1/2026,9/30/2026,3/24/2026,2916,2916,0,0,2916,2916
USMEM,USSAV,CRPMN,"Memphis, TN, USMEM","Savannah, GA, USSAV","Puerto Moin, L, CRPMN",CRPMN,MAEU,Maersk,300094432,DRY,0,4/1/2026,9/30/2026,3/24/2026,2326,2326,0,0,2326,2326
USMEM,USSAV,CRSJO,"Memphis, TN, USMEM","Savannah, GA, USSAV","San Jose, SJ, CRSJO","Puerto Moin, CR",MAEU,Maersk,300094432,DRY,0,4/1/2026,9/30/2026,3/24/2026,2886,2886,0,0,2886,2886
USMEM,USSAV,EGALY,"Memphis, TN, USMEM","Savannah, GA, USSAV","Alexandria, , EGALY",EGALY,MAEU,Maersk,300094432,DRY,0,4/1/2026,9/30/2026,3/24/2026,3944,3944,0,0,3944,3944
USMEM,USSAV,EGDAM,"Memphis, TN, USMEM","Savannah, GA, USSAV","Damietta, , EGDAM",EGDAM,MAEU,Maersk,300094432,DRY,0,4/1/2026,9/30/2026,3/24/2026,1972,1972,0,0,1972,1972
USMEM,USSAV,GTSTC,"Memphis, TN, USMEM","Savannah, GA, USSAV","Puerto Santo Tomas de Castilla, IZ, GTSTC",GTSTC,MAEU,Maersk,300094432,DRY,0,4/1/2026,9/30/2026,3/24/2026,2857,2857,0,0,2857,2857
USMEM,USSAV,HKHKG,"Memphis, TN, USMEM","Savannah, GA, USSAV","Hong Kong, , HKHKG",HKHKG,MAEU,Maersk,300094432,DRY,0,4/1/2026,9/30/2026,3/24/2026,1161,1161,0,0,1161,1161
USMEM,USSAV,HNCHO,"Memphis, TN, USMEM","Savannah, GA, USSAV","Choloma, , HNCHO","Puerto Cortes, HN",MAEU,Maersk,300094432,DRY,0,4/1/2026,9/30/2026,3/24/2026,2316,2316,0,0,2316,2316
USMEM,USSAV,HNCOF,"Memphis, TN, USMEM","Savannah, GA, USSAV","Cofradia, OL, HNCOF","Puerto Cortes, HN",MAEU,Maersk,300094432,DRY,0,4/1/2026,9/30/2026,3/24/2026,2351,2351,0,0,2351,2351
USMEM,USSAV,HNNAC,"Memphis, TN, USMEM","Savannah, GA, USSAV","Naco, SB, HNNAC","Puerto Cortes, HN",MAEU,Maersk,300094432,DRY,0,4/1/2026,9/30/2026,3/24/2026,2461,2461,0,0,2461,2461
USMEM,USSAV,HNSAP,"Memphis, TN, USMEM","Savannah, GA, USSAV","San Pedro Sula, , HNSAP","Puerto Cortes, HN",MAEU,Maersk,300094432,DRY,0,4/1/2026,9/30/2026,3/24/2026,2346,2346,0,0,2346,2346
USMEM,USSAV,HNSBA,"Memphis, TN, USMEM","Savannah, GA, USSAV","Santa Barbara, , HNSBA","Puerto Cortes, HN",MAEU,Maersk,300094432,DRY,0,4/1/2026,9/30/2026,3/24/2026,2736,2736,0,0,2736,2736
USMEM,USSAV,IDBLW,"Memphis, TN, USMEM","Savannah, GA, USSAV","Belawan, , IDBLW",IDBLW,MAEU,Maersk,300094432,DRY,0,4/1/2026,9/30/2026,3/24/2026,1522,0,0,0,1522,0
USMEM,USSAV,IDJKT,"Memphis, TN, USMEM","Savannah, GA, USSAV","Jakarta, JK, IDJKT",IDJKT,MAEU,Maersk,300094432,DRY,0,4/1/2026,9/30/2026,3/24/2026,1227,1227,0,0,1227,1227
USMEM,USSAV,IDSRG,"Memphis, TN, USMEM","Savannah, GA, USSAV","Semarang, JT, IDSRG",IDSRG,MAEU,Maersk,300094432,DRY,0,4/1/2026,9/30/2026,3/24/2026,1227,1227,0,0,1227,1227
USMEM,USSAV,IDSUB,"Memphis, TN, USMEM","Savannah, GA, USSAV","Surabaya, JI, IDSUB",IDSUB,MAEU,Maersk,300094432,DRY,0,4/1/2026,9/30/2026,3/24/2026,1227,1227,0,0,1227,1227
USMEM,USSAV,INPAV,"Memphis, TN, USMEM","Savannah, GA, USSAV","Pipavav (Victor) Port, GJ, INPAV",INPAV,MAEU,Maersk,300094432,DRY,0,4/1/2026,9/30/2026,3/24/2026,1806,1806,0,0,1806,1806
USMEM,USSAV,JPMOJ,"Memphis, TN, USMEM","Savannah, GA, USSAV","Moji/Kitakyushu, 40, JPMOJ",JPMOJ,MAEU,Maersk,300094432,DRY,0,4/1/2026,9/30/2026,3/24/2026,1437,1437,0,0,1437,1437
USMEM,USSAV,JPNGO,"Memphis, TN, USMEM","Savannah, GA, USSAV","Nagoya, Aichi, 23, JPNGO",JPNGO,MAEU,Maersk,300094432,DRY,0,4/1/2026,9/30/2026,3/24/2026,717,717,0,0,717,717
USMEM,USSAV,JPOSA,"Memphis, TN, USMEM","Savannah, GA, USSAV","Osaka, 27, JPOSA","Yokohama, JP",MAEU,Maersk,300094432,DRY,0,4/1/2026,9/30/2026,3/24/2026,1307,1307,0,0,1307,1307
USMEM,USSAV,JPTYO,"Memphis, TN, USMEM","Savannah, GA, USSAV","Tokyo, 13, JPTYO",JPTYO,MAEU,Maersk,300094432,DRY,0,4/1/2026,9/30/2026,3/24/2026,1007,1007,0,0,1007,1007
USMEM,USSAV,JPUKB,"Memphis, TN, USMEM","Savannah, GA, USSAV","Kobe, 28, JPUKB",JPUKB,MAEU,Maersk,300094432,DRY,0,4/1/2026,9/30/2026,3/24/2026,1054,1054,0,0,1054,1054
USMEM,USSAV,JPYKK,"Memphis, TN, USMEM","Savannah, GA, USSAV","Yokkaichi, 24, JPYKK","Nagoya, JP",MAEU,Maersk,300094432,DRY,0,4/1/2026,9/30/2026,3/24/2026,1004.18,1004.18,0,0,1004.18,1004.18
USMEM,USSAV,JPYOK,"Memphis, TN, USMEM","Savannah, GA, USSAV","Yokohama, 14, JPYOK",JPYOK,MAEU,Maersk,300094432,DRY,0,4/1/2026,9/30/2026,3/24/2026,1292,1292,0,0,1292,1292
USMEM,USSAV,KRKAN,"Memphis, TN, USMEM","Savannah, GA, USSAV","Gwangyang, 46, KRKAN",KRKAN,MAEU,Maersk,300094432,DRY,0,4/1/2026,9/30/2026,3/24/2026,891,891,0,0,891,891
USMEM,USSAV,KRPUS,"Memphis, TN, USMEM","Savannah, GA, USSAV","Busan, 26, KRPUS",KRPUS,MAEU,Maersk,300094432,DRY,0,4/1/2026,9/30/2026,3/24/2026,929,929,0,0,929,929
USMEM,USSAV,MACAS,"Memphis, TN, USMEM","Savannah, GA, USSAV","Casablanca, CAS, MACAS",MACAS,MAEU,Maersk,300094432,DRY,0,4/1/2026,9/30/2026,3/24/2026,2122,2122,0,0,2122,2122
USMEM,USSAV,MMTLA,"Memphis, TN, USMEM","Savannah, GA, USSAV","Thilawa, 6, MMTLA",MMTLA,MAEU,Maersk,300094432,DRY,0,4/1/2026,9/30/2026,3/24/2026,1682,1682,0,0,1682,1682
USMEM,USSAV,MYPEN,"Memphis, TN, USMEM","Savannah, GA, USSAV","Penang, , MYPEN",MYPEN,MAEU,Maersk,300094432,DRY,0,4/1/2026,9/30/2026,3/24/2026,1484,1484,0,0,1484,1484
USMEM,USSAV,MYPGU,"Memphis, TN, USMEM","Savannah, GA, USSAV","Pasir Gudang, Johor, , MYPGU","Tanjung Pelepas, MY",MAEU,Maersk,300094432,DRY,0,4/1/2026,9/30/2026,3/24/2026,1484,1484,0,0,1484,1484
USMEM,USSAV,MYPKG,"Memphis, TN, USMEM","Savannah, GA, USSAV","Port Klang, 10, MYPKG",MYPKG,MAEU,Maersk,300094432,DRY,0,4/1/2026,9/30/2026,3/24/2026,1364,1364,0,0,1364,1364
USMEM,USSAV,MYTPP,"Memphis, TN, USMEM","Savannah, GA, USSAV","Tanjung Pelepas, 1, MYTPP",MYTPP,MAEU,Maersk,300094432,DRY,0,4/1/2026,9/30/2026,3/24/2026,1194,1194,0,0,1194,1194
USMEM,USSAV,PHCEB,"Memphis, TN, USMEM","Savannah, GA, USSAV","Cebu, , PHCEB",PHCEB,MAEU,Maersk,300094432,DRY,0,4/1/2026,9/30/2026,3/24/2026,1902,1902,0,0,1902,1902
USMEM,USSAV,PHMNL,"Memphis, TN, USMEM","Savannah, GA, USSAV","Manila, , PHMNL",PHMNL,MAEU,Maersk,300094432,DRY,0,4/1/2026,9/30/2026,3/24/2026,1426,1426,0,0,1426,1426
USMEM,USSAV,PKBQM,"Memphis, TN, USMEM","Savannah, GA, USSAV","Port Qasim/Karachi, SD, PKBQM",PKBQM,MAEU,Maersk,300094432,DRY,0,4/1/2026,9/30/2026,3/24/2026,1650,1650,0,0,1650,1650
USMEM,USSAV,PKBQM,"Memphis, TN, USMEM","Savannah, GA, USSAV","Port Qasim/Karachi, SD, PKBQM","Keamari Karachi, PK",MAEU,Maersk,300094432,DRY,0,4/1/2026,9/30/2026,3/24/2026,1650,1650,0,0,1650,1650
USMEM,USSAV,PTLEI,"Memphis, TN, USMEM","Savannah, GA, USSAV","Leixoes, 13, PTLEI",PTLEI,MAEU,Maersk,300094432,DRY,0,4/1/2026,9/30/2026,3/24/2026,1605,1605,0,0,1605,1605
USMEM,USSAV,SGSIN,"Memphis, TN, USMEM","Savannah, GA, USSAV","Singapore, , SGSIN",SGSIN,MAEU,Maersk,300094432,DRY,0,4/1/2026,9/30/2026,3/24/2026,1201,1201,0,0,1201,1201
USMEM,USSAV,THBKK,"Memphis, TN, USMEM","Savannah, GA, USSAV","Bangkok, , THBKK","Laem Chabang, TH",MAEU,Maersk,300094432,DRY,0,4/1/2026,9/30/2026,3/24/2026,1027,1027,0,0,1027,1027
USMEM,USSAV,THLCH,"Memphis, TN, USMEM","Savannah, GA, USSAV","Laem Chabang, 20, THLCH",THLCH,MAEU,Maersk,300094432,DRY,0,4/1/2026,9/30/2026,3/24/2026,1039,1039,0,0,1039,1039
USMEM,USSAV,TNTUN,"Memphis, TN, USMEM","Savannah, GA, USSAV","Tunis, , TNTUN",TNTUN,MAEU,Maersk,300094432,DRY,0,4/1/2026,9/30/2026,3/24/2026,2598,2598,0,0,2598,2598
USMEM,USSAV,TRGEM,"Memphis, TN, USMEM","Savannah, GA, USSAV","Gemlik, 16, TRGEM",TRGEM,MAEU,Maersk,300094432,DRY,0,4/1/2026,9/30/2026,3/24/2026,2033,2033,0,0,2033,2033
USMEM,USSAV,TRISK,"Memphis, TN, USMEM","Savannah, GA, USSAV","Iskenderun, 31, TRISK",TRISK,MAEU,Maersk,300094432,DRY,0,4/1/2026,9/30/2026,3/24/2026,1728,1728,0,0,1728,1728
USMEM,USSAV,TRIST,"Memphis, TN, USMEM","Savannah, GA, USSAV","Istanbul, 34, TRIST",TRIST,MAEU,Maersk,300094432,DRY,0,4/1/2026,9/30/2026,3/24/2026,1318,1318,0,0,1318,1318
USMEM,USSAV,TRIZM,"Memphis, TN, USMEM","Savannah, GA, USSAV","Izmir, 35, TRIZM",TRIZM,MAEU,Maersk,300094432,DRY,0,4/1/2026,9/30/2026,3/24/2026,1833,1833,0,0,1833,1833
USMEM,USSAV,TRIZT,"Memphis, TN, USMEM","Savannah, GA, USSAV","Izmit, 41, TRIZT",TRIZT,MAEU,Maersk,300094432,DRY,0,4/1/2026,9/30/2026,3/24/2026,1933,1933,0,0,1933,1933
USMEM,USSAV,TRMER,"Memphis, TN, USMEM","Savannah, GA, USSAV","Mersin, 33, TRMER",TRMER,MAEU,Maersk,300094432,DRY,0,4/1/2026,9/30/2026,3/24/2026,1633,1633,0,0,1633,1633
USMEM,USSAV,TWKEL,"Memphis, TN, USMEM","Savannah, GA, USSAV","Keelung, , TWKEL",TWKEL,MAEU,Maersk,300094432,DRY,0,4/1/2026,9/30/2026,3/24/2026,1472,1472,0,0,1472,1472
USMEM,USSAV,TWKHH,"Memphis, TN, USMEM","Savannah, GA, USSAV","Kaohsiung, , TWKHH",TWKHH,MAEU,Maersk,300094432,DRY,0,4/1/2026,9/30/2026,3/24/2026,1091,1091,0,0,1091,1091
USMEM,USSAV,TWTXG,"Memphis, TN, USMEM","Savannah, GA, USSAV","Taichung, , TWTXG",TWTXG,MAEU,Maersk,300094432,DRY,0,4/1/2026,9/30/2026,3/24/2026,881,881,0,0,881,881
USMEM,USSAV,TWTYN,"Memphis, TN, USMEM","Savannah, GA, USSAV","Taoyuan, , TWTYN","Kaohsiung, TW",MAEU,Maersk,300094432,DRY,0,4/1/2026,9/30/2026,3/24/2026,1645,1645,0,0,1645,1645
USMEM,USSAV,VNDAD,"Memphis, TN, USMEM","Savannah, GA, USSAV","Da Nang, , VNDAD",VNDAD,MAEU,Maersk,300094432,DRY,0,4/1/2026,9/30/2026,3/24/2026,1091,1091,0,0,1091,1091
USMEM,USSAV,VNHPH,"Memphis, TN, USMEM","Savannah, GA, USSAV","Haiphong, , VNHPH",VNHPH,MAEU,Maersk,300094432,DRY,0,4/1/2026,9/30/2026,3/24/2026,300,300,0,0,300,300
USMEM,USSAV,VNSGN,"Memphis, TN, USMEM","Savannah, GA, USSAV","Ho Chi Minh City, , VNSGN",VNSGN,MAEU,Maersk,300094432,DRY,0,4/1/2026,9/30/2026,3/24/2026,300,300,0,0,300,300
USMEM,USSAV,VNVUT,"Memphis, TN, USMEM","Savannah, GA, USSAV","Vung Tau, 43, VNVUT",VNVUT,MAEU,Maersk,300094432,DRY,0,4/1/2026,9/30/2026,3/24/2026,300,300,0,0,300,300
USMEM,USCHS,HKHKG,"Memphis, TN, USMEM","Charleston, SC, USCHS","Hong Kong, , HKHKG",HKHKG,ONEY,ONE,CHIM354B25,DRY,15,5/16/2026,6/30/2026,5/6/2026,1560,1560,0,0,1560,1560
USMEM,USCHS,IDCKR,"Memphis, TN, USMEM","Charleston, SC, USCHS","Cikarang, JB, IDCKR",IDCKR,ONEY,ONE,CHIM354B25,DRY,15,5/16/2026,6/30/2026,5/6/2026,1650,1650,0,0,1650,1650
USMEM,USCHS,IDJKT,"Memphis, TN, USMEM","Charleston, SC, USCHS","Jakarta, JK, IDJKT",IDJKT,ONEY,ONE,CHIM354B25,DRY,15,5/16/2026,6/30/2026,5/6/2026,1510,1510,0,0,1510,1510
USMEM,USCHS,IDSRG,"Memphis, TN, USMEM","Charleston, SC, USCHS","Semarang, JT, IDSRG",IDSRG,ONEY,ONE,CHIM354B25,DRY,15,5/16/2026,6/30/2026,5/6/2026,1720,1720,0,0,1720,1720
USMEM,USCHS,IDSUB,"Memphis, TN, USMEM","Charleston, SC, USCHS","Surabaya, JI, IDSUB",IDSUB,ONEY,ONE,CHIM354B25,DRY,15,5/16/2026,6/30/2026,5/6/2026,1720,1720,0,0,1720,1720
USMEM,USCHS,KRKAN,"Memphis, TN, USMEM","Charleston, SC, USCHS","Gwangyang, 46, KRKAN",KRKAN,ONEY,ONE,CHIM354B25,DRY,15,5/16/2026,6/30/2026,5/6/2026,1400,1400,0,0,1400,1400
USMEM,USCHS,KRPUS,"Memphis, TN, USMEM","Charleston, SC, USCHS","Busan, 26, KRPUS",KRPUS,ONEY,ONE,CHIM354B25,DRY,15,5/16/2026,6/30/2026,5/6/2026,1150,1150,0,0,1150,1150
USMEM,USCHS,MYPEN,"Memphis, TN, USMEM","Charleston, SC, USCHS","Penang, , MYPEN",MYPEN,ONEY,ONE,CHIM354B25,DRY,15,5/16/2026,6/30/2026,5/6/2026,1635,1635,0,0,1635,1635
USMEM,USCHS,MYPGU,"Memphis, TN, USMEM","Charleston, SC, USCHS","Pasir Gudang, Johor, , MYPGU",MYPGU,ONEY,ONE,CHIM354B25,DRY,15,5/16/2026,6/30/2026,5/6/2026,1635,1635,0,0,1635,1635
USMEM,USCHS,MYPKG,"Memphis, TN, USMEM","Charleston, SC, USCHS","Port Klang, 10, MYPKG",MYPKG,ONEY,ONE,CHIM354B25,DRY,15,5/16/2026,6/30/2026,5/6/2026,1635,1635,0,0,1635,1635
USMEM,USCHS,PHMNL,"Memphis, TN, USMEM","Charleston, SC, USCHS","Manila, , PHMNL",PHMNL,ONEY,ONE,CHIM354B25,DRY,15,5/16/2026,6/30/2026,5/6/2026,1750,1750,0,0,1750,1750
USMEM,USCHS,SGSIN,"Memphis, TN, USMEM","Charleston, SC, USCHS","Singapore, , SGSIN",SGSIN,ONEY,ONE,CHIM354B25,DRY,15,5/16/2026,6/30/2026,5/6/2026,1410,1410,0,0,1410,1410
USMEM,USCHS,BDCGP,"Memphis, TN, USMEM","Charleston, SC, USCHS","Chattogram/Chittagong, , BDCGP",BDCGP,ONEY,ONE,CHIM354B25,DRY,15,5/16/2026,6/30/2026,5/6/2026,2100,2100,0,0,2100,2100
USMEM,USCHS,INCOK,"Memphis, TN, USMEM","Charleston, SC, USCHS","Cochin, KL, INCOK",INCOK,ONEY,ONE,CHIM354B25,DRY,15,5/16/2026,6/30/2026,5/6/2026,2400,2400,0,0,2400,2400
USMEM,USCHS,INMAA,"Memphis, TN, USMEM","Charleston, SC, USCHS","Chennai (ex Madras), TN, INMAA",INMAA,ONEY,ONE,CHIM354B25,DRY,15,5/16/2026,6/30/2026,5/6/2026,2650,2650,0,0,2650,2650
USMEM,USCHS,INMUN,"Memphis, TN, USMEM","Charleston, SC, USCHS","Mundra, GJ, INMUN",INMUN,ONEY,ONE,CHIM354B25,DRY,15,5/16/2026,6/30/2026,5/6/2026,1360,1360,0,0,1360,1360
USMEM,USCHS,INNSA,"Memphis, TN, USMEM","Charleston, SC, USCHS","Nhava Sheva, MH, INNSA",INNSA,ONEY,ONE,CHIM354B25,DRY,15,5/16/2026,6/30/2026,5/6/2026,1360,1360,0,0,1360,1360
USMEM,USCHS,INTUT,"Memphis, TN, USMEM","Charleston, SC, USCHS","Tuticorin, TN, INTUT",INTUT,ONEY,ONE,CHIM354B25,DRY,15,5/16/2026,6/30/2026,5/6/2026,2400,2400,0,0,2400,2400
USMEM,USCHS,LKCMB,"Memphis, TN, USMEM","Charleston, SC, USCHS","Colombo, , LKCMB",LKCMB,ONEY,ONE,CHIM354B25,DRY,15,5/16/2026,6/30/2026,5/6/2026,1710,1710,0,0,1710,1710
USMEM,USCHS,PKKHI,"Memphis, TN, USMEM","Charleston, SC, USCHS","Karachi, SD, PKKHI",PKKHI,ONEY,ONE,CHIM354B25,DRY,15,5/16/2026,6/30/2026,5/6/2026,2610,2610,0,0,2610,2610
USMEM,USCHS,ESALG,"Memphis, TN, USMEM","Charleston, SC, USCHS","Algeciras, , ESALG",ESALG,ONEY,ONE,CHIM354B25,DRY,15,5/16/2026,6/30/2026,5/6/2026,1958,1958,0,0,1958,1958
USMEM,USCHS,PTLEI,"Memphis, TN, USMEM","Charleston, SC, USCHS","Leixoes, 13, PTLEI",PTLEI,ONEY,ONE,CHIM354B25,DRY,15,5/16/2026,6/30/2026,5/6/2026,2473,2473,0,0,2473,2473
USMEM,USCHS,BEANR,"Memphis, TN, USMEM","Charleston, SC, USCHS","Antwerp, VAN, BEANR",BEANR,ONEY,ONE,CHIM354B25,DRY,15,5/16/2026,6/30/2026,5/6/2026,1310,1310,0,0,1310,1310
USMEM,USLAX,CRCAL,"Memphis, TN, USMEM","Los Angeles, CA, USLAX","Caldera, P, CRCAL",CRCAL,ONEY,ONE,CHIM354B25,DRY,15,5/16/2026,6/30/2026,5/6/2026,2825,2825,0,0,2825,2825
USMEM,USLAX,GTPRQ,"Memphis, TN, USMEM","Los Angeles, CA, USLAX","Puerto Quetzal, , GTPRQ",GTPRQ,ONEY,ONE,CHIM354B25,DRY,15,5/16/2026,6/30/2026,5/6/2026,2825,2825,0,0,2825,2825
USMEM,USLAX,PAMIT,"Memphis, TN, USMEM","Los Angeles, CA, USLAX","Manzanillo, , PAMIT",PAMIT,ONEY,ONE,CHIM354B25,DRY,15,5/16/2026,6/30/2026,5/6/2026,2525,2525,0,0,2525,2525
USMEM,USLAX,PAROD,"Memphis, TN, USMEM","Los Angeles, CA, USLAX","Rodman, 8, PAROD",PAROD,ONEY,ONE,CHIM354B25,DRY,15,5/16/2026,6/30/2026,5/6/2026,2725,2725,0,0,2725,2725
USMEM,USLAX,MXLZC,"Memphis, TN, USMEM","Los Angeles, CA, USLAX","Lazaro Cardenas, MIC, MXLZC",MXLZC,ONEY,ONE,CHIM354B25,DRY,15,5/16/2026,6/30/2026,5/6/2026,2525,2525,0,0,2525,2525
USMEM,USLAX,MXZLO,"Memphis, TN, USMEM","Los Angeles, CA, USLAX","Manzanillo, COL, MXZLO",MXZLO,ONEY,ONE,CHIM354B25,DRY,15,5/16/2026,6/30/2026,5/6/2026,2525,2525,0,0,2525,2525
USMEM,USSAV,ECGYE,"Memphis, TN, USMEM","Savannah, GA, USSAV","Guayaquil, G, ECGYE",ECGYE,ONEY,ONE,CHIM354B25,DRY,15,5/16/2026,6/30/2026,5/6/2026,2275,2275,0,0,2275,2275
USMEM,USSAV,PECLL,"Memphis, TN, USMEM","Savannah, GA, USSAV","Callao, , PECLL",PECLL,ONEY,ONE,CHIM354B25,DRY,15,5/16/2026,6/30/2026,5/6/2026,1500,1500,0,0,1500,1500
USMEM,USLAX,CLARI,"Memphis, TN, USMEM","Los Angeles, CA, USLAX","Arica, TA, CLARI",CLARI,ONEY,ONE,CHIM354B25,DRY,15,5/16/2026,6/30/2026,5/6/2026,3325,3325,0,0,3325,3325
USMEM,USLAX,CLSAI,"Memphis, TN, USMEM","Los Angeles, CA, USLAX","San Antonio, VS, CLSAI",CLSAI,ONEY,ONE,CHIM354B25,DRY,15,5/16/2026,6/30/2026,5/6/2026,2825,2825,0,0,2825,2825
USMEM,USLAX,CLVAP,"Memphis, TN, USMEM","Los Angeles, CA, USLAX","Valparaiso, VS, CLVAP",CLVAP,ONEY,ONE,CHIM354B25,DRY,15,5/16/2026,6/30/2026,5/6/2026,2825,2825,0,0,2825,2825
USMEM,USLAX,COBUN,"Memphis, TN, USMEM","Los Angeles, CA, USLAX","Buenaventura, , COBUN",COBUN,ONEY,ONE,CHIM354B25,DRY,15,5/16/2026,6/30/2026,5/6/2026,2825,2825,0,0,2825,2825
USMEM,USLAX,ECGYE,"Memphis, TN, USMEM","Los Angeles, CA, USLAX","Guayaquil, G, ECGYE",ECGYE,ONEY,ONE,CHIM354B25,DRY,15,5/16/2026,6/30/2026,5/6/2026,1810,1810,0,0,1810,1810
USMEM,USLAX,PECLL,"Memphis, TN, USMEM","Los Angeles, CA, USLAX","Callao, , PECLL",PECLL,ONEY,ONE,CHIM354B25,DRY,15,5/16/2026,6/30/2026,5/6/2026,2060,2060,0,0,2060,2060
USMEM,USLAX,PEPAI,"Memphis, TN, USMEM","Los Angeles, CA, USLAX","Paita, , PEPAI",PEPAI,ONEY,ONE,CHIM354B25,DRY,15,5/16/2026,6/30/2026,5/6/2026,3110,3110,0,0,3110,3110
USMEM,USMSY,BRSUA,"Memphis, TN, USMEM","New Orleans, LA, USMSY","Suape, PE, BRSUA",BRSUA,ONEY,ONE,CHIM354B25,DRY,15,5/6/2026,6/30/2026,5/6/2026,1935,1935,0,0,1935,1935
USMEM,USCHS,THBKK,"Memphis, TN, USMEM","Charleston, SC, USCHS","Bangkok, , THBKK",THBKK,ONEY,ONE,CHIM354B25,DRY,15,5/16/2026,6/30/2026,5/6/2026,1225,1225,0,0,1225,1225
USMEM,USCHS,TWKEL,"Memphis, TN, USMEM","Charleston, SC, USCHS","Keelung, , TWKEL",TWKEL,ONEY,ONE,CHIM354B25,DRY,15,5/16/2026,6/30/2026,5/6/2026,1260,1260,0,0,1260,1260
USMEM,USCHS,TWTXG,"Memphis, TN, USMEM","Charleston, SC, USCHS","Taichung, , TWTXG",TWTXG,ONEY,ONE,CHIM354B25,DRY,15,5/16/2026,6/30/2026,5/6/2026,1400,1400,0,0,1400,1400
USMEM,USCHS,VNCMT,"Memphis, TN, USMEM","Charleston, SC, USCHS","Cai Mep Terminal, 43, VNCMT",VNCMT,ONEY,ONE,CHIM354B25,DRY,15,5/16/2026,6/30/2026,5/6/2026,900,900,0,0,900,900
USMEM,USCHS,VNDAD,"Memphis, TN, USMEM","Charleston, SC, USCHS","Da Nang, , VNDAD",VNDAD,ONEY,ONE,CHIM354B25,DRY,15,5/16/2026,6/30/2026,5/6/2026,1425,1425,0,0,1425,1425
USMEM,USCHS,VNHPH,"Memphis, TN, USMEM","Charleston, SC, USCHS","Haiphong, , VNHPH",VNHPH,ONEY,ONE,CHIM354B25,DRY,15,5/16/2026,6/30/2026,5/6/2026,1000,1000,0,0,1000,1000
USMEM,USCHS,VNSGN,"Memphis, TN, USMEM","Charleston, SC, USCHS","Ho Chi Minh City, , VNSGN",VNCMT,ONEY,ONE,CHIM354B25,DRY,15,5/16/2026,6/30/2026,5/6/2026,900,900,0,0,900,900
USMEM,USSAV,CNSBU,"Memphis, TN, USMEM","Savannah, GA, USSAV","Sanbu Pt, 44, CNSBU",CNSBU,ONEY,ONE,CHIM354B25,DRY,15,5/16/2026,6/30/2026,5/6/2026,1575,1575,0,0,1575,1575
USMEM,USSAV,HKHKG,"Memphis, TN, USMEM","Savannah, GA, USSAV","Hong Kong, , HKHKG",HKHKG,ONEY,ONE,CHIM354B25,DRY,15,5/16/2026,6/30/2026,5/6/2026,1560,1560,0,0,1560,1560
USMEM,USSAV,IDCKR,"Memphis, TN, USMEM","Savannah, GA, USSAV","Cikarang, JB, IDCKR",IDCKR,ONEY,ONE,CHIM354B25,DRY,15,5/16/2026,6/30/2026,5/6/2026,1650,1650,0,0,1650,1650
USMEM,USSAV,IDJKT,"Memphis, TN, USMEM","Savannah, GA, USSAV","Jakarta, JK, IDJKT",IDJKT,ONEY,ONE,CHIM354B25,DRY,15,5/16/2026,6/30/2026,5/6/2026,1075,1075,0,0,1075,1075
USMEM,USSAV,IDSRG,"Memphis, TN, USMEM","Savannah, GA, USSAV","Semarang, JT, IDSRG",IDSRG,ONEY,ONE,CHIM354B25,DRY,15,5/16/2026,6/30/2026,5/6/2026,1200,1200,0,0,1200,1200
USMEM,USSAV,IDSUB,"Memphis, TN, USMEM","Savannah, GA, USSAV","Surabaya, JI, IDSUB",IDSUB,ONEY,ONE,CHIM354B25,DRY,15,5/16/2026,6/30/2026,5/6/2026,1720,1720,0,0,1720,1720
USMEM,USSAV,KRKAN,"Memphis, TN, USMEM","Savannah, GA, USSAV","Gwangyang, 46, KRKAN",KRKAN,ONEY,ONE,CHIM354B25,DRY,15,5/16/2026,6/30/2026,5/6/2026,1400,1400,0,0,1400,1400
USMEM,USSAV,KRPUS,"Memphis, TN, USMEM","Savannah, GA, USSAV","Busan, 26, KRPUS",KRPUS,ONEY,ONE,CHIM354B25,DRY,15,5/16/2026,6/30/2026,5/6/2026,1150,1150,0,0,1150,1150
USMEM,USSAV,MYPEN,"Memphis, TN, USMEM","Savannah, GA, USSAV","Penang, , MYPEN",MYPEN,ONEY,ONE,CHIM354B25,DRY,15,5/16/2026,6/30/2026,5/6/2026,1635,1635,0,0,1635,1635
USMEM,USSAV,MYPGU,"Memphis, TN, USMEM","Savannah, GA, USSAV","Pasir Gudang, Johor, , MYPGU",MYPGU,ONEY,ONE,CHIM354B25,DRY,15,5/16/2026,6/30/2026,5/6/2026,1635,1635,0,0,1635,1635
USMEM,USSAV,MYPKG,"Memphis, TN, USMEM","Savannah, GA, USSAV","Port Klang, 10, MYPKG",MYPKG,ONEY,ONE,CHIM354B25,DRY,15,5/16/2026,6/30/2026,5/6/2026,1635,1635,0,0,1635,1635
USMEM,USSAV,PHMNL,"Memphis, TN, USMEM","Savannah, GA, USSAV","Manila, , PHMNL",PHMNL,ONEY,ONE,CHIM354B25,DRY,15,5/16/2026,6/30/2026,5/6/2026,1750,1750,0,0,1750,1750
USMEM,USSAV,SGSIN,"Memphis, TN, USMEM","Savannah, GA, USSAV","Singapore, , SGSIN",SGSIN,ONEY,ONE,CHIM354B25,DRY,15,5/16/2026,6/30/2026,5/6/2026,1410,1410,0,0,1410,1410
USMEM,USSAV,THBKK,"Memphis, TN, USMEM","Savannah, GA, USSAV","Bangkok, , THBKK",THBKK,ONEY,ONE,CHIM354B25,DRY,15,5/16/2026,6/30/2026,5/6/2026,1200,1200,0,0,1200,1200
USMEM,USSAV,THLCH,"Memphis, TN, USMEM","Savannah, GA, USSAV","Laem Chabang, 20, THLCH",THLCH,ONEY,ONE,CHIM354B25,DRY,15,5/16/2026,6/30/2026,5/6/2026,1050,1050,0,0,1050,1050
USMEM,USSAV,THLKR,"Memphis, TN, USMEM","Savannah, GA, USSAV","Lat Krabang, 10, THLKR",THLKR,ONEY,ONE,CHIM354B25,DRY,15,5/16/2026,6/30/2026,5/6/2026,1125,1125,0,0,1125,1125
USMEM,USSAV,TWKEL,"Memphis, TN, USMEM","Savannah, GA, USSAV","Keelung, , TWKEL",TWKEL,ONEY,ONE,CHIM354B25,DRY,15,5/16/2026,6/30/2026,5/6/2026,1260,1260,0,0,1260,1260
USMEM,USSAV,TWTXG,"Memphis, TN, USMEM","Savannah, GA, USSAV","Taichung, , TWTXG",TWTXG,ONEY,ONE,CHIM354B25,DRY,15,5/16/2026,6/30/2026,5/6/2026,1400,1400,0,0,1400,1400
USMEM,USSAV,VNCMT,"Memphis, TN, USMEM","Savannah, GA, USSAV","Cai Mep Terminal, 43, VNCMT",VNCMT,ONEY,ONE,CHIM354B25,DRY,15,5/16/2026,6/30/2026,5/6/2026,800,800,0,0,800,800
USMEM,USSAV,VNDAD,"Memphis, TN, USMEM","Savannah, GA, USSAV","Da Nang, , VNDAD",VNDAD,ONEY,ONE,CHIM354B25,DRY,15,5/16/2026,6/30/2026,5/6/2026,1100,1100,0,0,1100,1100
USMEM,USSAV,VNHPH,"Memphis, TN, USMEM","Savannah, GA, USSAV","Haiphong, , VNHPH",VNHPH,ONEY,ONE,CHIM354B25,DRY,15,5/16/2026,6/30/2026,5/6/2026,1000,1000,0,0,1000,1000
USMEM,USSAV,VNSGN,"Memphis, TN, USMEM","Savannah, GA, USSAV","Ho Chi Minh City, , VNSGN",VNCMT,ONEY,ONE,CHIM354B25,DRY,15,5/16/2026,6/30/2026,5/6/2026,800,800,0,0,800,800
USMEM,USLAX,CNAQG,"Memphis, TN, USMEM","Los Angeles, CA, USLAX","Anqing Pt, 34, CNAQG",CNAQG,ONEY,ONE,CHIM354B25,DRY,15,5/16/2026,6/30/2026,5/6/2026,1360,1360,0,0,1360,1360
USMEM,USLAX,CNCAN,"Memphis, TN, USMEM","Los Angeles, CA, USLAX","Guangzhou Baiyun, 44, CNCAN",CNCAN,ONEY,ONE,CHIM354B25,DRY,15,5/16/2026,6/30/2026,5/6/2026,1950,1950,0,0,1950,1950
USMEM,USLAX,CNCGU,"Memphis, TN, USMEM","Los Angeles, CA, USLAX","Changshu, 32, CNCGU",CNCGU,ONEY,ONE,CHIM354B25,DRY,15,5/16/2026,6/30/2026,5/6/2026,1850,1850,0,0,1850,1850
USMEM,USLAX,CNCKG,"Memphis, TN, USMEM","Los Angeles, CA, USLAX","Chongqing Jiangbei, 51, CNCKG",CNCKG,ONEY,ONE,CHIM354B25,DRY,15,5/16/2026,6/30/2026,5/6/2026,1855,1855,0,0,1855,1855
USMEM,USLAX,CNDOU,"Memphis, TN, USMEM","Los Angeles, CA, USLAX","Doumen Pt, 44, CNDOU",CNDOU,ONEY,ONE,CHIM354B25,DRY,15,5/16/2026,6/30/2026,5/6/2026,1850,1850,0,0,1850,1850
USMEM,USLAX,CNFOC,"Memphis, TN, USMEM","Los Angeles, CA, USLAX","Fuzhou Changle, 35, CNFOC",CNFOC,ONEY,ONE,CHIM354B25,DRY,15,5/16/2026,6/30/2026,5/6/2026,1975,1975,0,0,1975,1975
USMEM,USLAX,CNGON,"Memphis, TN, USMEM","Los Angeles, CA, USLAX","Gaolan, 44, CNGON",CNGON,ONEY,ONE,CHIM354B25,DRY,15,5/16/2026,6/30/2026,5/6/2026,1900,1900,0,0,1900,1900
USMEM,USLAX,CNHUA,"Memphis, TN, USMEM","Los Angeles, CA, USLAX","Huangpu Pt, 44, CNHUA",CNHUA,ONEY,ONE,CHIM354B25,DRY,15,5/16/2026,6/30/2026,5/6/2026,1300,1300,0,0,1300,1300
USMEM,USLAX,CNLYG,"Memphis, TN, USMEM","Los Angeles, CA, USLAX","Lianyungang, 32, CNLYG",CNLYG,ONEY,ONE,CHIM354B25,DRY,15,5/16/2026,6/30/2026,5/6/2026,1625,1625,0,0,1625,1625
USMEM,USLAX,CNNBG,"Memphis, TN, USMEM","Los Angeles, CA, USLAX","Ningbo Pt, 33, CNNBG",CNNBG,ONEY,ONE,CHIM354B25,DRY,15,5/16/2026,6/30/2026,5/6/2026,1475,1475,0,0,1475,1475
USMEM,USLAX,CNNKG,"Memphis, TN, USMEM","Los Angeles, CA, USLAX","Nanjing Lukou, 32, CNNKG",CNNKG,ONEY,ONE,CHIM354B25,DRY,15,5/16/2026,6/30/2026,5/6/2026,1735,1735,0,0,1735,1735
USMEM,USLAX,CNNSA,"Memphis, TN, USMEM","Los Angeles, CA, USLAX","Nansha Pt, 44, CNNSA",CNNSA,ONEY,ONE,CHIM354B25,DRY,15,5/16/2026,6/30/2026,5/6/2026,1825,1825,0,0,1825,1825
USMEM,USLAX,CNNTG,"Memphis, TN, USMEM","Los Angeles, CA, USLAX","Nantong Pt, 32, CNNTG",CNNTG,ONEY,ONE,CHIM354B25,DRY,15,5/16/2026,6/30/2026,5/6/2026,1550,1550,0,0,1550,1550
USMEM,USLAX,CNTAO,"Memphis, TN, USMEM","Los Angeles, CA, USLAX","Qingdao, 37, CNTAO",CNTAO,ONEY,ONE,CHIM354B25,DRY,15,5/16/2026,6/30/2026,5/6/2026,1475,1475,0,0,1475,1475
USMEM,USLAX,CNSHA,"Memphis, TN, USMEM","Los Angeles, CA, USLAX","Shanghai, 31, CNSHA",CNSHA,ONEY,ONE,CHIM354B25,DRY,15,5/16/2026,6/30/2026,5/6/2026,1450,1450,0,0,1450,1450
USMEM,USLAX,CNSHK,"Memphis, TN, USMEM","Los Angeles, CA, USLAX","Shekou Pt, 44, CNSHK",CNSHK,ONEY,ONE,CHIM354B25,DRY,15,5/16/2026,6/30/2026,5/6/2026,1475,1475,0,0,1475,1475
USMEM,USLAX,CNTXG,"Memphis, TN, USMEM","Los Angeles, CA, USLAX","Tianjin Xingang Pt, 12, CNTXG",CNTXG,ONEY,ONE,CHIM354B25,DRY,15,5/16/2026,6/30/2026,5/6/2026,1500,1500,0,0,1500,1500
USMEM,USLAX,CNWUH,"Memphis, TN, USMEM","Los Angeles, CA, USLAX","Wuhan Tianhe, 42, CNWUH",CNWUH,ONEY,ONE,CHIM354B25,DRY,15,5/16/2026,6/30/2026,5/6/2026,1800,1800,0,0,1800,1800
USMEM,USLAX,CNWUZ,"Memphis, TN, USMEM","Los Angeles, CA, USLAX","Wuzhou Pt, 45, CNWUZ",CNWUZ,ONEY,ONE,CHIM354B25,DRY,15,5/16/2026,6/30/2026,5/6/2026,1600,1600,0,0,1600,1600
USMEM,USLAX,CNXMN,"Memphis, TN, USMEM","Los Angeles, CA, USLAX","Xiamen, 35, CNXMN",CNXMN,ONEY,ONE,CHIM354B25,DRY,15,5/16/2026,6/30/2026,5/6/2026,1550,1550,0,0,1550,1550
USMEM,USLAX,CNYNT,"Memphis, TN, USMEM","Los Angeles, CA, USLAX","Yantai Laishan, 37, CNYNT",CNYNT,ONEY,ONE,CHIM354B25,DRY,15,5/16/2026,6/30/2026,5/6/2026,1775,1775,0,0,1775,1775
USMEM,USLAX,CNYTN,"Memphis, TN, USMEM","Los Angeles, CA, USLAX","Yantian Pt, 44, CNYTN",CNYTN,ONEY,ONE,CHIM354B25,DRY,15,5/16/2026,6/30/2026,5/6/2026,1500,1500,0,0,1500,1500
USMEM,USLAX,CNYYA,"Memphis, TN, USMEM","Los Angeles, CA, USLAX","Yueyang, 50, CNYYA",CNYYA,ONEY,ONE,CHIM354B25,DRY,15,5/16/2026,6/30/2026,5/6/2026,1800,1800,0,0,1800,1800
USMEM,USLAX,CNZJG,"Memphis, TN, USMEM","Los Angeles, CA, USLAX","Zhangjiagang, 32, CNZJG",CNZJG,ONEY,ONE,CHIM354B25,DRY,15,5/16/2026,6/30/2026,5/6/2026,1450,1450,0,0,1450,1450
USMEM,USLAX,CNZSN,"Memphis, TN, USMEM","Los Angeles, CA, USLAX","Zhongshan Pt, 44, CNZSN",CNZSN,ONEY,ONE,CHIM354B25,DRY,15,5/16/2026,6/30/2026,5/6/2026,1725,1725,0,0,1725,1725
USMEM,USLAX,CNZUH,"Memphis, TN, USMEM","Los Angeles, CA, USLAX","Zhuhai Pt, 44, CNZUH",CNZUH,ONEY,ONE,CHIM354B25,DRY,15,5/16/2026,6/30/2026,5/6/2026,1550,1550,0,0,1550,1550
USMEM,USLAX,HKHKG,"Memphis, TN, USMEM","Los Angeles, CA, USLAX","Hong Kong, , HKHKG",HKHKG,ONEY,ONE,CHIM354B25,DRY,15,5/16/2026,6/30/2026,5/6/2026,1760,1760,0,0,1760,1760
USMEM,USLAX,IDBLW,"Memphis, TN, USMEM","Los Angeles, CA, USLAX","Belawan, , IDBLW",IDBLW,ONEY,ONE,CHIM354B25,DRY,15,5/16/2026,6/30/2026,5/6/2026,2135,2135,0,0,2135,2135
USMEM,USLAX,IDCKR,"Memphis, TN, USMEM","Los Angeles, CA, USLAX","Cikarang, JB, IDCKR",IDCKR,ONEY,ONE,CHIM354B25,DRY,15,5/16/2026,6/30/2026,5/6/2026,1860,1860,0,0,1860,1860
USMEM,USLAX,IDJKT,"Memphis, TN, USMEM","Los Angeles, CA, USLAX","Jakarta, JK, IDJKT",IDJKT,ONEY,ONE,CHIM354B25,DRY,15,5/16/2026,6/30/2026,5/6/2026,1620,1620,0,0,1620,1620
USMEM,USLAX,IDSRG,"Memphis, TN, USMEM","Los Angeles, CA, USLAX","Semarang, JT, IDSRG",IDSRG,ONEY,ONE,CHIM354B25,DRY,15,5/16/2026,6/30/2026,5/6/2026,1620,1620,0,0,1620,1620
USMEM,USLAX,IDSUB,"Memphis, TN, USMEM","Los Angeles, CA, USLAX","Surabaya, JI, IDSUB",IDSUB,ONEY,ONE,CHIM354B25,DRY,15,5/16/2026,6/30/2026,5/6/2026,1620,1620,0,0,1620,1620
USMEM,USLAX,JPHIJ,"Memphis, TN, USMEM","Los Angeles, CA, USLAX","Hiroshima, 34, JPHIJ",JPHIJ,ONEY,ONE,CHIM354B25,DRY,15,5/16/2026,6/30/2026,5/6/2026,2225,2225,0,0,2225,2225
USMEM,USLAX,JPIYM,"Memphis, TN, USMEM","Los Angeles, CA, USLAX","Iyomishima, 38, JPIYM",JPIYM,ONEY,ONE,CHIM354B25,DRY,15,5/16/2026,6/30/2026,5/6/2026,2385,2385,0,0,2385,2385
USMEM,USLAX,JPKCZ,"Memphis, TN, USMEM","Los Angeles, CA, USLAX","Kochi, 39, JPKCZ",JPKCZ,ONEY,ONE,CHIM354B25,DRY,15,5/16/2026,6/30/2026,5/6/2026,2525,2525,0,0,2525,2525
USMEM,USLAX,JPKIJ,"Memphis, TN, USMEM","Los Angeles, CA, USLAX","Niigata, 15, JPKIJ",JPKIJ,ONEY,ONE,CHIM354B25,DRY,15,5/16/2026,6/30/2026,5/6/2026,2285,2285,0,0,2285,2285
USMEM,USLAX,JPMOJ,"Memphis, TN, USMEM","Los Angeles, CA, USLAX","Moji/Kitakyushu, 40, JPMOJ",JPMOJ,ONEY,ONE,CHIM354B25,DRY,15,5/16/2026,6/30/2026,5/6/2026,1960,1960,0,0,1960,1960
USMEM,USLAX,JPNAO,"Memphis, TN, USMEM","Los Angeles, CA, USLAX","Naoetsu, 15, JPNAO",JPNAO,ONEY,ONE,CHIM354B25,DRY,15,5/16/2026,6/30/2026,5/6/2026,2595,2595,0,0,2595,2595
USMEM,USLAX,JPNGO,"Memphis, TN, USMEM","Los Angeles, CA, USLAX","Nagoya, Aichi, 23, JPNGO",JPNGO,ONEY,ONE,CHIM354B25,DRY,15,5/16/2026,6/30/2026,5/6/2026,1485,1485,0,0,1485,1485
USMEM,USLAX,JPOSA,"Memphis, TN, USMEM","Los Angeles, CA, USLAX","Osaka, 27, JPOSA",JPOSA,ONEY,ONE,CHIM354B25,DRY,15,5/16/2026,6/30/2026,5/6/2026,1380,1380,0,0,1380,1380
USMEM,USLAX,JPSBS,"Memphis, TN, USMEM","Los Angeles, CA, USLAX","Shibushi, 46, JPSBS",JPSBS,ONEY,ONE,CHIM354B25,DRY,15,5/16/2026,6/30/2026,5/6/2026,2385,2385,0,0,2385,2385
USMEM,USLAX,JPSDJ,"Memphis, TN, USMEM","Los Angeles, CA, USLAX","Sendai, Miyagi, 4, JPSDJ",JPSDJ,ONEY,ONE,CHIM354B25,DRY,15,5/16/2026,6/30/2026,5/6/2026,2315,2315,0,0,2315,2315
USMEM,USLAX,JPSMN,"Memphis, TN, USMEM","Los Angeles, CA, USLAX","Sakaiminato, 31, JPSMN",JPSMN,ONEY,ONE,CHIM354B25,DRY,15,5/16/2026,6/30/2026,5/6/2026,2625,2625,0,0,2625,2625
USMEM,USLAX,JPSMZ,"Memphis, TN, USMEM","Los Angeles, CA, USLAX","Shimizu, 22, JPSMZ",JPSMZ,ONEY,ONE,CHIM354B25,DRY,15,5/16/2026,6/30/2026,5/6/2026,1485,1485,0,0,1485,1485
USMEM,USLAX,JPTKS,"Memphis, TN, USMEM","Los Angeles, CA, USLAX","Tokushima, 36, JPTKS",JPTKS,ONEY,ONE,CHIM354B25,DRY,15,5/16/2026,6/30/2026,5/6/2026,2985,2985,0,0,2985,2985
USMEM,USLAX,JPTMK,"Memphis, TN, USMEM","Los Angeles, CA, USLAX","Tomakomai, 1, JPTMK",JPTMK,ONEY,ONE,CHIM354B25,DRY,15,5/16/2026,6/30/2026,5/6/2026,2785,2785,0,0,2785,2785
USMEM,USLAX,JPTYO,"Memphis, TN, USMEM","Los Angeles, CA, USLAX","Tokyo, 13, JPTYO",JPTYO,ONEY,ONE,CHIM354B25,DRY,15,5/16/2026,6/30/2026,5/6/2026,1485,1485,0,0,1485,1485
USMEM,USLAX,JPUKB,"Memphis, TN, USMEM","Los Angeles, CA, USLAX","Kobe, 28, JPUKB",JPUKB,ONEY,ONE,CHIM354B25,DRY,15,5/16/2026,6/30/2026,5/6/2026,1135,1135,0,0,1135,1135
USMEM,USLAX,JPYOK,"Memphis, TN, USMEM","Los Angeles, CA, USLAX","Yokohama, 14, JPYOK",JPYOK,ONEY,ONE,CHIM354B25,DRY,15,5/16/2026,6/30/2026,5/6/2026,1785,1785,0,0,1785,1785
USMEM,USLAX,KRINC,"Memphis, TN, USMEM","Los Angeles, CA, USLAX","Incheon, 28, KRINC",KRINC,ONEY,ONE,CHIM354B25,DRY,15,5/16/2026,6/30/2026,5/6/2026,1485,1485,0,0,1485,1485
USMEM,USLAX,KRKAN,"Memphis, TN, USMEM","Los Angeles, CA, USLAX","Gwangyang, 46, KRKAN",KRKAN,ONEY,ONE,CHIM354B25,DRY,15,5/16/2026,6/30/2026,5/6/2026,1185,1185,0,0,1185,1185
USMEM,USLAX,KRPUS,"Memphis, TN, USMEM","Los Angeles, CA, USLAX","Busan, 26, KRPUS",KRPUS,ONEY,ONE,CHIM354B25,DRY,15,5/16/2026,6/30/2026,5/6/2026,1425,1425,0,0,1425,1425
USMEM,USLAX,MYPEN,"Memphis, TN, USMEM","Los Angeles, CA, USLAX","Penang, , MYPEN",MYPEN,ONEY,ONE,CHIM354B25,DRY,15,5/16/2026,6/30/2026,5/6/2026,1835,1835,0,0,1835,1835
USMEM,USLAX,MYPGU,"Memphis, TN, USMEM","Los Angeles, CA, USLAX","Pasir Gudang, Johor, , MYPGU",MYPGU,ONEY,ONE,CHIM354B25,DRY,15,5/16/2026,6/30/2026,5/6/2026,1835,1835,0,0,1835,1835
USMEM,USLAX,MYPKG,"Memphis, TN, USMEM","Los Angeles, CA, USLAX","Port Klang, 10, MYPKG",MYPKG,ONEY,ONE,CHIM354B25,DRY,15,5/16/2026,6/30/2026,5/6/2026,1835,1835,0,0,1835,1835
USMEM,USLAX,PHMNL,"Memphis, TN, USMEM","Los Angeles, CA, USLAX","Manila, , PHMNL",PHMNL,ONEY,ONE,CHIM354B25,DRY,15,5/16/2026,6/30/2026,5/6/2026,1750,1750,0,0,1750,1750
USMEM,USLAX,SGSIN,"Memphis, TN, USMEM","Los Angeles, CA, USLAX","Singapore, , SGSIN",SGSIN,ONEY,ONE,CHIM354B25,DRY,15,5/16/2026,6/30/2026,5/6/2026,1650,1650,0,0,1650,1650
USMEM,USLAX,THBKK,"Memphis, TN, USMEM","Los Angeles, CA, USLAX","Bangkok, , THBKK",THBKK,ONEY,ONE,CHIM354B25,DRY,15,5/16/2026,6/30/2026,5/6/2026,2020,2020,0,0,2020,2020
USMEM,USLAX,THLCH,"Memphis, TN, USMEM","Los Angeles, CA, USLAX","Laem Chabang, 20, THLCH",THLCH,ONEY,ONE,CHIM354B25,DRY,15,5/16/2026,6/30/2026,5/6/2026,1750,1750,0,0,1750,1750
USMEM,USLAX,THLKR,"Memphis, TN, USMEM","Los Angeles, CA, USLAX","Lat Krabang, 10, THLKR",THLKR,ONEY,ONE,CHIM354B25,DRY,15,5/16/2026,6/30/2026,5/6/2026,1640,1640,0,0,1640,1640
USMEM,USLAX,TWKEL,"Memphis, TN, USMEM","Los Angeles, CA, USLAX","Keelung, , TWKEL",TWKEL,ONEY,ONE,CHIM354B25,DRY,15,5/16/2026,6/30/2026,5/6/2026,1325,1325,0,0,1325,1325
USMEM,USLAX,TWKHH,"Memphis, TN, USMEM","Los Angeles, CA, USLAX","Kaohsiung, , TWKHH",TWKHH,ONEY,ONE,CHIM354B25,DRY,15,5/16/2026,6/30/2026,5/6/2026,1125,1125,0,0,1125,1125
USMEM,USLAX,TWTPE,"Memphis, TN, USMEM","Los Angeles, CA, USLAX","Taipei, TPE, TWTPE",TWTPE,ONEY,ONE,CHIM354B25,DRY,15,5/16/2026,6/30/2026,5/6/2026,1625,1625,0,0,1625,1625
USMEM,USLAX,TWTXG,"Memphis, TN, USMEM","Los Angeles, CA, USLAX","Taichung, , TWTXG",TWTXG,ONEY,ONE,CHIM354B25,DRY,15,5/16/2026,6/30/2026,5/6/2026,1400,1400,0,0,1400,1400
USMEM,USLAX,TWTYN,"Memphis, TN, USMEM","Los Angeles, CA, USLAX","Taoyuan, , TWTYN",TWTYN,ONEY,ONE,CHIM354B25,DRY,15,5/16/2026,6/30/2026,5/6/2026,1460,1460,0,0,1460,1460
USMEM,USLAX,VNCMT,"Memphis, TN, USMEM","Los Angeles, CA, USLAX","Cai Mep Terminal, 43, VNCMT",VNCMT,ONEY,ONE,CHIM354B25,DRY,15,5/16/2026,6/30/2026,5/6/2026,1125,1125,0,0,1125,1125
USMEM,USLAX,VNDAD,"Memphis, TN, USMEM","Los Angeles, CA, USLAX","Da Nang, , VNDAD",VNDAD,ONEY,ONE,CHIM354B25,DRY,15,5/16/2026,6/30/2026,5/6/2026,1400,1400,0,0,1400,1400
USMEM,USLAX,VNHPH,"Memphis, TN, USMEM","Los Angeles, CA, USLAX","Haiphong, , VNHPH",VNHPH,ONEY,ONE,CHIM354B25,DRY,15,5/16/2026,6/30/2026,5/6/2026,1400,1400,0,0,1400,1400
USMEM,USLAX,VNSGN,"Memphis, TN, USMEM","Los Angeles, CA, USLAX","Ho Chi Minh City, , VNSGN",VNSGN,ONEY,ONE,CHIM354B25,DRY,15,5/16/2026,6/30/2026,5/6/2026,1125,1125,0,0,1125,1125
USMEM,USORF,INCOK,"Memphis, TN, USMEM","Norfolk, VA, USORF","Cochin, KL, INCOK",INCOK,ONEY,ONE,CHIM354B25,DRY,15,5/16/2026,6/30/2026,5/6/2026,2400,2400,0,0,2400,2400
USMEM,USORF,INTUT,"Memphis, TN, USMEM","Norfolk, VA, USORF","Tuticorin, TN, INTUT",INTUT,ONEY,ONE,CHIM354B25,DRY,15,5/16/2026,6/30/2026,5/6/2026,2400,2400,0,0,2400,2400
USMEM,USSAV,BDCGP,"Memphis, TN, USMEM","Savannah, GA, USSAV","Chattogram/Chittagong, , BDCGP",BDCGP,ONEY,ONE,CHIM354B25,DRY,15,5/16/2026,6/30/2026,5/6/2026,2100,2100,0,0,2100,2100
USMEM,USSAV,INCCU,"Memphis, TN, USMEM","Savannah, GA, USSAV","Kolkata (ex Calcutta), WB, INCCU",INCCU,ONEY,ONE,CHIM354B25,DRY,15,5/16/2026,6/30/2026,5/6/2026,2675,2675,0,0,2675,2675
USMEM,USSAV,INCOK,"Memphis, TN, USMEM","Savannah, GA, USSAV","Cochin, KL, INCOK",INCOK,ONEY,ONE,CHIM354B25,DRY,15,5/16/2026,6/30/2026,5/6/2026,2400,2400,0,0,2400,2400
USMEM,USSAV,INHZA,"Memphis, TN, USMEM","Savannah, GA, USSAV","Hazira Port/Surat, GJ, INHZA",INHZA,ONEY,ONE,CHIM354B25,DRY,15,5/16/2026,6/30/2026,5/6/2026,1775,1775,0,0,1775,1775
USMEM,USSAV,INMAA,"Memphis, TN, USMEM","Savannah, GA, USSAV","Chennai (ex Madras), TN, INMAA",INMAA,ONEY,ONE,CHIM354B25,DRY,15,5/16/2026,6/30/2026,5/6/2026,2650,2650,0,0,2650,2650
USMEM,USSAV,INMUN,"Memphis, TN, USMEM","Savannah, GA, USSAV","Mundra, GJ, INMUN",INMUN,ONEY,ONE,CHIM354B25,DRY,15,5/16/2026,6/30/2026,5/6/2026,1360,1360,0,0,1360,1360
USMEM,USSAV,INNSA,"Memphis, TN, USMEM","Savannah, GA, USSAV","Nhava Sheva, MH, INNSA",INNSA,ONEY,ONE,CHIM354B25,DRY,15,5/16/2026,6/30/2026,5/6/2026,1360,1360,0,0,1360,1360
USMEM,USSAV,INPAV,"Memphis, TN, USMEM","Savannah, GA, USSAV","Pipavav (Victor) Port, GJ, INPAV",INPAV,ONEY,ONE,CHIM354B25,DRY,15,5/16/2026,6/30/2026,5/6/2026,2675,2675,0,0,2675,2675
USMEM,USSAV,INTUT,"Memphis, TN, USMEM","Savannah, GA, USSAV","Tuticorin, TN, INTUT",INTUT,ONEY,ONE,CHIM354B25,DRY,15,5/16/2026,6/30/2026,5/6/2026,2400,2400,0,0,2400,2400
USMEM,USSAV,LKCMB,"Memphis, TN, USMEM","Savannah, GA, USSAV","Colombo, , LKCMB",LKCMB,ONEY,ONE,CHIM354B25,DRY,15,5/16/2026,6/30/2026,5/6/2026,1710,1710,0,0,1710,1710
USMEM,USSAV,PKKHI,"Memphis, TN, USMEM","Savannah, GA, USSAV","Karachi, SD, PKKHI",PKKHI,ONEY,ONE,CHIM354B25,DRY,15,5/16/2026,6/30/2026,5/6/2026,2610,2610,0,0,2610,2610
USMEM,USLAX,BDCGP,"Memphis, TN, USMEM","Los Angeles, CA, USLAX","Chattogram/Chittagong, , BDCGP",BDCGP,ONEY,ONE,CHIM354B25,DRY,15,5/16/2026,6/30/2026,5/6/2026,2960,2960,0,0,2960,2960
USMEM,USLAX,INCCU,"Memphis, TN, USMEM","Los Angeles, CA, USLAX","Kolkata (ex Calcutta), WB, INCCU",INCCU,ONEY,ONE,CHIM354B25,DRY,15,5/16/2026,6/30/2026,5/6/2026,3035,3035,0,0,3035,3035
USMEM,USLAX,INCOK,"Memphis, TN, USMEM","Los Angeles, CA, USLAX","Cochin, KL, INCOK",INCOK,ONEY,ONE,CHIM354B25,DRY,15,5/16/2026,6/30/2026,5/6/2026,3035,3035,0,0,3035,3035
USMEM,USLAX,INMAA,"Memphis, TN, USMEM","Los Angeles, CA, USLAX","Chennai (ex Madras), TN, INMAA",INMAA,ONEY,ONE,CHIM354B25,DRY,15,5/16/2026,6/30/2026,5/6/2026,2610,2610,0,0,2610,2610
USMEM,USLAX,INMUN,"Memphis, TN, USMEM","Los Angeles, CA, USLAX","Mundra, GJ, INMUN",INMUN,ONEY,ONE,CHIM354B25,DRY,15,5/16/2026,6/30/2026,5/6/2026,2500,2500,0,0,2500,2500
USMEM,USLAX,INNSA,"Memphis, TN, USMEM","Los Angeles, CA, USLAX","Nhava Sheva, MH, INNSA",INNSA,ONEY,ONE,CHIM354B25,DRY,15,5/16/2026,6/30/2026,5/6/2026,2500,2500,0,0,2500,2500
USMEM,USLAX,INPAV,"Memphis, TN, USMEM","Los Angeles, CA, USLAX","Pipavav (Victor) Port, GJ, INPAV",INPAV,ONEY,ONE,CHIM354B25,DRY,15,5/16/2026,6/30/2026,5/6/2026,2200,2200,0,0,2200,2200
USMEM,USLAX,INTUT,"Memphis, TN, USMEM","Los Angeles, CA, USLAX","Tuticorin, TN, INTUT",INTUT,ONEY,ONE,CHIM354B25,DRY,15,5/16/2026,6/30/2026,5/6/2026,3035,3035,0,0,3035,3035
USMEM,USLAX,LKCMB,"Memphis, TN, USMEM","Los Angeles, CA, USLAX","Colombo, , LKCMB",LKCMB,ONEY,ONE,CHIM354B25,DRY,15,5/16/2026,6/30/2026,5/6/2026,2910,2910,0,0,2910,2910
USMEM,USLAX,PKKHI,"Memphis, TN, USMEM","Los Angeles, CA, USLAX","Karachi, SD, PKKHI",PKKHI,ONEY,ONE,CHIM354B25,DRY,15,5/16/2026,6/30/2026,5/6/2026,3060,3060,0,0,3060,3060
USMEM,USSAV,EGALY,"Memphis, TN, USMEM","Savannah, GA, USSAV","Alexandria, , EGALY",EGALY,ONEY,ONE,CHIM354B25,DRY,15,5/16/2026,6/30/2026,5/6/2026,1700,1700,0,0,1700,1700
USMEM,USSAV,EGDAM,"Memphis, TN, USMEM","Savannah, GA, USSAV","Damietta, , EGDAM",EGDAM,ONEY,ONE,CHIM354B25,DRY,15,5/16/2026,6/30/2026,5/6/2026,1750,1750,0,0,1750,1750
USMEM,USSAV,EGPSD,"Memphis, TN, USMEM","Savannah, GA, USSAV","Port Said, , EGPSD",EGPSD,ONEY,ONE,CHIM354B25,DRY,15,5/16/2026,6/30/2026,5/6/2026,2050,2050,0,0,2050,2050
USMEM,USSAV,GEPTI,"Memphis, TN, USMEM","Savannah, GA, USSAV","Poti, , GEPTI",GEPTI,ONEY,ONE,CHIM354B25,DRY,15,5/16/2026,6/30/2026,5/6/2026,2675,2675,0,0,2675,2675
USMEM,USSAV,GRPIR,"Memphis, TN, USMEM","Savannah, GA, USSAV","Piraeus, , GRPIR",GRPIR,ONEY,ONE,CHIM354B25,DRY,15,5/16/2026,6/30/2026,5/6/2026,1975,1975,0,0,1975,1975
USMEM,USSAV,ILASH,"Memphis, TN, USMEM","Savannah, GA, USSAV","Ashdod, , ILASH",ILASH,ONEY,ONE,CHIM354B25,DRY,15,5/16/2026,6/30/2026,5/6/2026,2275,2275,0,0,2275,2275
USMEM,USSAV,ILHFA,"Memphis, TN, USMEM","Savannah, GA, USSAV","Haifa, , ILHFA",ILHFA,ONEY,ONE,CHIM354B25,DRY,15,5/16/2026,6/30/2026,5/6/2026,2275,2275,0,0,2275,2275
USMEM,USSAV,TRALI,"Memphis, TN, USMEM","Savannah, GA, USSAV","Aliaga, 35, TRALI",TRALI,ONEY,ONE,CHIM354B25,DRY,15,5/16/2026,6/30/2026,5/6/2026,1400,1400,0,0,1400,1400
USMEM,USSAV,TRISK,"Memphis, TN, USMEM","Savannah, GA, USSAV","Iskenderun, 31, TRISK",TRISK,ONEY,ONE,CHIM354B25,DRY,15,5/16/2026,6/30/2026,5/6/2026,1400,1400,0,0,1400,1400
USMEM,USSAV,TRIST,"Memphis, TN, USMEM","Savannah, GA, USSAV","Istanbul, 34, TRIST",TRIST,ONEY,ONE,CHIM354B25,DRY,15,5/16/2026,6/30/2026,5/6/2026,1400,1400,0,0,1400,1400
USMEM,USSAV,ESALG,"Memphis, TN, USMEM","Savannah, GA, USSAV","Algeciras, , ESALG",ESALG,ONEY,ONE,CHIM354B25,DRY,15,5/16/2026,6/30/2026,5/6/2026,1468,1468,0,0,1468,1468
USMEM,USSAV,ESBCN,"Memphis, TN, USMEM","Savannah, GA, USSAV","Barcelona, , ESBCN",ESBCN,ONEY,ONE,CHIM354B25,DRY,15,5/16/2026,6/30/2026,5/6/2026,2228,2228,0,0,2228,2228
USMEM,USSAV,ESVLC,"Memphis, TN, USMEM","Savannah, GA, USSAV","Valencia, , ESVLC",ESVLC,ONEY,ONE,CHIM354B25,DRY,15,5/16/2026,6/30/2026,5/6/2026,1718,1718,0,0,1718,1718
USMEM,USSAV,ITSPE,"Memphis, TN, USMEM","Savannah, GA, USSAV","La Spezia, , ITSPE",ITSPE,ONEY,ONE,CHIM354B25,DRY,15,5/16/2026,6/30/2026,5/6/2026,1503,1503,0,0,1503,1503
USMEM,USSAV,PTLEI,"Memphis, TN, USMEM","Savannah, GA, USSAV","Leixoes, 13, PTLEI",PTLEI,ONEY,ONE,CHIM354B25,DRY,15,5/16/2026,6/30/2026,5/6/2026,2443,2443,0,0,2443,2443
USMEM,USSAV,PTLIS,"Memphis, TN, USMEM","Savannah, GA, USSAV","Lisboa, 11, PTLIS",PTLIS,ONEY,ONE,CHIM354B25,DRY,15,5/16/2026,6/30/2026,5/6/2026,2518,2518,0,0,2518,2518
USMEM,USSAV,BEANR,"Memphis, TN, USMEM","Savannah, GA, USSAV","Antwerp, VAN, BEANR",BEANR,ONEY,ONE,CHIM354B25,DRY,15,5/16/2026,6/30/2026,5/6/2026,1310,1310,0,0,1310,1310
USMEM,USSAV,DEBRV,"Memphis, TN, USMEM","Savannah, GA, USSAV","Bremerhaven, HB, DEBRV",DEBRV,ONEY,ONE,CHIM354B25,DRY,15,5/16/2026,6/30/2026,5/6/2026,1960,1960,0,0,1960,1960
USMEM,USSAV,FRFOS,"Memphis, TN, USMEM","Savannah, GA, USSAV","Fos-sur-Mer, 13, FRFOS",FRFOS,ONEY,ONE,CHIM354B25,DRY,15,5/16/2026,6/30/2026,5/6/2026,1635,1635,0,0,1635,1635
USMEM,USSAV,FRLEH,"Memphis, TN, USMEM","Savannah, GA, USSAV","Le Havre, 76, FRLEH",FRLEH,ONEY,ONE,CHIM354B25,DRY,15,5/16/2026,6/30/2026,5/6/2026,1970,1970,0,0,1970,1970
USMEM,USSAV,GBLIV,"Memphis, TN, USMEM","Savannah, GA, USSAV","Liverpool, MSY, GBLIV",GBLIV,ONEY,ONE,CHIM354B25,DRY,15,5/16/2026,6/30/2026,5/6/2026,2506,2506,0,0,2506,2506
USMEM,USLAX,DEBRE,"Memphis, TN, USMEM","Los Angeles, CA, USLAX","Bremen, HB, DEBRE",DEBRE,ONEY,ONE,CHIM354B25,DRY,15,5/16/2026,6/30/2026,5/6/2026,3522,3522,0,0,3522,3522
USMEM,USLAX,DEHAM,"Memphis, TN, USMEM","Los Angeles, CA, USLAX","Hamburg, HH, DEHAM",DEHAM,ONEY,ONE,CHIM354B25,DRY,15,5/16/2026,6/30/2026,5/6/2026,3222,3222,0,0,3222,3222
USMEM,USSAV,ZADUR,"Memphis, TN, USMEM","Savannah, GA, USSAV","Durban, , ZADUR",ZADUR,ONEY,ONE,CHIM354B25,DRY,15,5/16/2026,6/30/2026,5/6/2026,3075,3075,0,0,3075,3075
USMEM,USLAX,ZACPT,"Memphis, TN, USMEM","Los Angeles, CA, USLAX","Cape Town, , ZACPT",ZACPT,ONEY,ONE,CHIM354B25,DRY,15,5/6/2026,9/30/2026,5/6/2026,6010,6010,0,0,6010,6010
USMEM,USLAX,ZADUR,"Memphis, TN, USMEM","Los Angeles, CA, USLAX","Durban, , ZADUR",ZADUR,ONEY,ONE,CHIM354B25,DRY,15,5/6/2026,9/30/2026,5/6/2026,6010,6010,0,0,6010,6010
USMEM,USSAV,THLCH,"Memphis, TN, USMEM","Savannah, GA, USSAV","Laem Chabang, 20, THLCH",THLCH,HDMU,HMM,US2600031,DRY,4,5/15/2026,6/30/2026,5/6/2026,984,984,0,0,984,984
USMEM,USSAV,THLCH,"Memphis, TN, USMEM","Savannah, GA, USSAV","Laem Chabang, 20, THLCH",THLCH,HDMU,HMM,US2600031,DRY,4,6/1/2026,7/31/2026,5/6/2026,1014,1014,0,0,1014,1014
USMEM,USSAV,TWKHH,"Memphis, TN, USMEM","Savannah, GA, USSAV","Kaohsiung, , TWKHH",TWKHH,HDMU,HMM,US2600031,DRY,4,5/15/2026,6/30/2026,5/6/2026,1084,1084,0,0,1084,1084
USMEM,USSAV,TWKHH,"Memphis, TN, USMEM","Savannah, GA, USSAV","Kaohsiung, , TWKHH",TWKHH,HDMU,HMM,US2600031,DRY,4,6/1/2026,7/31/2026,5/6/2026,1114,1114,0,0,1114,1114
USMEM,USSAV,TWTXG,"Memphis, TN, USMEM","Savannah, GA, USSAV","Taichung, , TWTXG",TWTXG,HDMU,HMM,US2600031,DRY,4,5/15/2026,6/30/2026,5/6/2026,1334,1334,0,0,1334,1334
USMEM,USSAV,TWTXG,"Memphis, TN, USMEM","Savannah, GA, USSAV","Taichung, , TWTXG",TWTXG,HDMU,HMM,US2600031,DRY,4,6/1/2026,7/31/2026,5/6/2026,1364,1364,0,0,1364,1364
USMEM,USSAV,IDJKT,"Memphis, TN, USMEM","Savannah, GA, USSAV","Jakarta, JK, IDJKT",KRPUS,HDMU,HMM,US2600031,DRY,4,5/15/2026,6/30/2026,5/6/2026,1334,1334,0,0,1334,1334
USMEM,USSAV,IDJKT,"Memphis, TN, USMEM","Savannah, GA, USSAV","Jakarta, JK, IDJKT",KRPUS,HDMU,HMM,US2600031,DRY,4,6/1/2026,7/31/2026,5/6/2026,1364,1364,0,0,1364,1364
USMEM,USSAV,IDSUB,"Memphis, TN, USMEM","Savannah, GA, USSAV","Surabaya, JI, IDSUB",KRPUS,HDMU,HMM,US2600031,DRY,4,5/15/2026,6/30/2026,5/6/2026,1334,1334,0,0,1334,1334
USMEM,USSAV,IDSUB,"Memphis, TN, USMEM","Savannah, GA, USSAV","Surabaya, JI, IDSUB",KRPUS,HDMU,HMM,US2600031,DRY,4,6/1/2026,7/31/2026,5/6/2026,1364,1364,0,0,1364,1364
USMEM,USSAV,THLKR,"Memphis, TN, USMEM","Savannah, GA, USSAV","Lat Krabang, 10, THLKR",THLCH,HDMU,HMM,US2600031,DRY,4,5/15/2026,6/30/2026,5/6/2026,1084,1084,0,0,1084,1084
USMEM,USSAV,THLKR,"Memphis, TN, USMEM","Savannah, GA, USSAV","Lat Krabang, 10, THLKR",THLCH,HDMU,HMM,US2600031,DRY,4,6/1/2026,7/31/2026,5/6/2026,1114,1114,0,0,1114,1114
USMEM,USSAV,VNSGN,"Memphis, TN, USMEM","Savannah, GA, USSAV","Ho Chi Minh City, , VNSGN",VNVUT,HDMU,HMM,US2600031,DRY,4,5/15/2026,6/30/2026,5/6/2026,984,984,0,0,984,984
USMEM,USSAV,VNSGN,"Memphis, TN, USMEM","Savannah, GA, USSAV","Ho Chi Minh City, , VNSGN",VNVUT,HDMU,HMM,US2600031,DRY,4,6/1/2026,7/31/2026,5/6/2026,1014,1014,0,0,1014,1014
USMEM,USSAV,CNAQG,"Memphis, TN, USMEM","Savannah, GA, USSAV","Anqing Pt, 34, CNAQG",CNAQG,CMDU,CMA,25-0720,DRY,13,4/18/2026,6/30/2026,5/12/2026,1525,1525,0,0,1525,1525
USMEM,USSAV,CNCHI,"Memphis, TN, USMEM","Savannah, GA, USSAV","Chizhou Pt, 15, CNCHI",CNCHI,CMDU,CMA,25-0720,DRY,13,4/18/2026,6/30/2026,5/12/2026,1410,1410,0,0,1410,1410
USMEM,USSAV,CNCQI,"Memphis, TN, USMEM","Savannah, GA, USSAV","Chongqing, 50, CNCQI",CNCQI,CMDU,CMA,25-0720,DRY,13,4/18/2026,6/30/2026,5/12/2026,1760,1760,0,0,1760,1760
USMEM,USSAV,CNCZX,"Memphis, TN, USMEM","Savannah, GA, USSAV","Changzhou Pt, 32, CNCZX",CNCZX,CMDU,CMA,25-0720,DRY,13,4/18/2026,6/30/2026,5/12/2026,1525,1525,0,0,1525,1525
USMEM,USSAV,CNDLC,"Memphis, TN, USMEM","Savannah, GA, USSAV","Dalian, 21, CNDLC",CNDLC,CMDU,CMA,25-0720,DRY,13,4/18/2026,6/30/2026,5/12/2026,1525,1525,0,0,1525,1525
USMEM,USSAV,CNDFG,"Memphis, TN, USMEM","Savannah, GA, USSAV","Dafeng Pt, 22, CNDFG",CNDFG,CMDU,CMA,25-0720,DRY,13,4/18/2026,6/30/2026,5/12/2026,1095,1095,0,0,1095,1095
USMEM,USSAV,CNGOM,"Memphis, TN, USMEM","Savannah, GA, USSAV","Gaoming Pt, 44, CNGOM",CNGOM,CMDU,CMA,25-0720,DRY,13,4/18/2026,6/30/2026,5/12/2026,1460,1460,0,0,1460,1460
USMEM,USSAV,CNHFI,"Memphis, TN, USMEM","Savannah, GA, USSAV","Hefei, 34, CNHFI",CNHFI,CMDU,CMA,25-0720,DRY,13,4/18/2026,6/30/2026,5/12/2026,1210,1210,0,0,1210,1210
USMEM,USSAV,CNHUA,"Memphis, TN, USMEM","Savannah, GA, USSAV","Huangpu Pt, 44, CNHUA",CNHUA,CMDU,CMA,25-0720,DRY,13,4/18/2026,6/30/2026,5/12/2026,970,970,0,0,970,970
USMEM,USSAV,CNJGZ,"Memphis, TN, USMEM","Savannah, GA, USSAV","Jingzhou, 42, CNJGZ",CNJGZ,CMDU,CMA,25-0720,DRY,13,4/18/2026,6/30/2026,5/12/2026,1360,1360,0,0,1360,1360
USMEM,USSAV,CNJIU,"Memphis, TN, USMEM","Savannah, GA, USSAV","Jiujiang Pt, 36, CNJIU",CNJIU,CMDU,CMA,25-0720,DRY,13,4/18/2026,6/30/2026,5/12/2026,1020,1020,0,0,1020,1020
USMEM,USSAV,CNJMN,"Memphis, TN, USMEM","Savannah, GA, USSAV","Jiangmen Pt, 44, CNJMN",CNJMN,CMDU,CMA,25-0720,DRY,13,4/18/2026,6/30/2026,5/12/2026,1525,1525,0,0,1525,1525
USMEM,USSAV,CNLYG,"Memphis, TN, USMEM","Savannah, GA, USSAV","Lianyungang, 32, CNLYG",CNLYG,CMDU,CMA,25-0720,DRY,13,4/18/2026,6/30/2026,5/12/2026,1525,1525,0,0,1525,1525
USMEM,USSAV,CNMAA,"Memphis, TN, USMEM","Savannah, GA, USSAV","Maanshan Pt, 34, CNMAA",CNMAA,CMDU,CMA,25-0720,DRY,13,4/18/2026,6/30/2026,5/12/2026,1210,1210,0,0,1210,1210
USMEM,USSAV,CNNBG,"Memphis, TN, USMEM","Savannah, GA, USSAV","Ningbo Pt, 33, CNNBG",CNNBG,CMDU,CMA,25-0720,DRY,13,4/18/2026,6/30/2026,5/12/2026,720,720,0,0,720,720
USMEM,USSAV,CNNJG,"Memphis, TN, USMEM","Savannah, GA, USSAV","Nanjing Pt, 35, CNNJG",CNNJG,CMDU,CMA,25-0720,DRY,13,4/18/2026,6/30/2026,5/12/2026,1525,1525,0,0,1525,1525
USMEM,USSAV,CNNTG,"Memphis, TN, USMEM","Savannah, GA, USSAV","Nantong Pt, 32, CNNTG",CNNTG,CMDU,CMA,25-0720,DRY,13,4/18/2026,6/30/2026,5/12/2026,920,920,0,0,920,920
USMEM,USSAV,CNTAO,"Memphis, TN, USMEM","Savannah, GA, USSAV","Qingdao, 37, CNTAO",CNTAO,CMDU,CMA,25-0720,DRY,13,4/18/2026,6/30/2026,5/12/2026,720,720,0,0,720,720
USMEM,USSAV,CNQZH,"Memphis, TN, USMEM","Savannah, GA, USSAV","Qinzhou Pt, 45, CNQZH",CNQZH,CMDU,CMA,25-0720,DRY,13,4/18/2026,6/30/2026,5/12/2026,1525,1525,0,0,1525,1525
USMEM,USSAV,CNRUG,"Memphis, TN, USMEM","Savannah, GA, USSAV","Rugao Pt, 32, CNRUG",CNRUG,CMDU,CMA,25-0720,DRY,13,4/18/2026,6/30/2026,5/12/2026,920,920,0,0,920,920
USMEM,USSAV,CNSHA,"Memphis, TN, USMEM","Savannah, GA, USSAV","Shanghai, 31, CNSHA",CNSHA,CMDU,CMA,25-0720,DRY,13,4/18/2026,6/30/2026,5/12/2026,720,720,0,0,720,720
USMEM,USSAV,CNSHK,"Memphis, TN, USMEM","Savannah, GA, USSAV","Shekou Pt, 44, CNSHK",CNSHK,CMDU,CMA,25-0720,DRY,13,4/18/2026,6/30/2026,5/12/2026,1525,1525,0,0,1525,1525
USMEM,USSAV,CNTXG,"Memphis, TN, USMEM","Savannah, GA, USSAV","Tianjin Xingang Pt, 12, CNTXG",CNTXG,CMDU,CMA,25-0720,DRY,13,4/18/2026,6/30/2026,5/12/2026,1210,1210,0,0,1210,1210
USMEM,USSAV,CNWHG,"Memphis, TN, USMEM","Savannah, GA, USSAV","Wuhan Pt, 42, CNWHG",CNWHG,CMDU,CMA,25-0720,DRY,13,4/18/2026,6/30/2026,5/12/2026,1210,1210,0,0,1210,1210
USMEM,USSAV,CNWUH,"Memphis, TN, USMEM","Savannah, GA, USSAV","Wuhan Tianhe, 42, CNWUH",CNWUH,CMDU,CMA,25-0720,DRY,13,4/18/2026,6/30/2026,5/12/2026,1210,1210,0,0,1210,1210
USMEM,USSAV,CNWHI,"Memphis, TN, USMEM","Savannah, GA, USSAV","Wuhu Pt, 34, CNWHI",CNWHI,CMDU,CMA,25-0720,DRY,13,4/18/2026,6/30/2026,5/12/2026,1210,1210,0,0,1210,1210
USMEM,USSAV,CNXMN,"Memphis, TN, USMEM","Savannah, GA, USSAV","Xiamen, 35, CNXMN",CNXMN,CMDU,CMA,25-0720,DRY,13,4/18/2026,6/30/2026,5/12/2026,720,720,0,0,720,720
USMEM,USSAV,CNYTN,"Memphis, TN, USMEM","Savannah, GA, USSAV","Yantian Pt, 44, CNYTN",CNYTN,CMDU,CMA,25-0720,DRY,13,4/18/2026,6/30/2026,5/12/2026,720,720,0,0,720,720
USMEM,USSAV,CNYYA,"Memphis, TN, USMEM","Savannah, GA, USSAV","Yueyang, 50, CNYYA",CNYYA,CMDU,CMA,25-0720,DRY,13,4/18/2026,6/30/2026,5/12/2026,1525,1525,0,0,1525,1525
USMEM,USSAV,CNZJG,"Memphis, TN, USMEM","Savannah, GA, USSAV","Zhangjiagang, 32, CNZJG",CNZJG,CMDU,CMA,25-0720,DRY,13,4/18/2026,6/30/2026,5/12/2026,1020,1020,0,0,1020,1020
USMEM,USSAV,CNZHA,"Memphis, TN, USMEM","Savannah, GA, USSAV","Zhanjiang Potou Apt, 44, CNZHA",CNZHA,CMDU,CMA,25-0720,DRY,13,4/18/2026,6/30/2026,5/12/2026,1525,1525,0,0,1525,1525
USMEM,USSAV,CNZNG,"Memphis, TN, USMEM","Savannah, GA, USSAV","Zhanjiang Pt, 44, CNZNG",CNZNG,CMDU,CMA,25-0720,DRY,13,4/18/2026,6/30/2026,5/12/2026,1525,1525,0,0,1525,1525
USMEM,USSAV,IDBLW,"Memphis, TN, USMEM","Savannah, GA, USSAV","Belawan, , IDBLW",IDBLW,CMDU,CMA,25-0720,DRY,13,4/18/2026,6/30/2026,5/12/2026,1520,1520,0,0,1520,1520
USMEM,USSAV,IDJKT,"Memphis, TN, USMEM","Savannah, GA, USSAV","Jakarta, JK, IDJKT",IDJKT,CMDU,CMA,25-0720,DRY,13,4/18/2026,6/30/2026,5/12/2026,1210,1210,0,0,1210,1210
USMEM,USSAV,IDSRG,"Memphis, TN, USMEM","Savannah, GA, USSAV","Semarang, JT, IDSRG",IDSRG,CMDU,CMA,25-0720,DRY,13,4/18/2026,6/30/2026,5/12/2026,1610,1610,0,0,1610,1610
USMEM,USSAV,IDSUB,"Memphis, TN, USMEM","Savannah, GA, USSAV","Surabaya, JI, IDSUB",IDSUB,CMDU,CMA,25-0720,DRY,13,4/18/2026,6/30/2026,5/12/2026,1620,1620,0,0,1620,1620
USMEM,USSAV,JPNGO,"Memphis, TN, USMEM","Savannah, GA, USSAV","Nagoya, Aichi, 23, JPNGO",JPNGO,CMDU,CMA,25-0720,DRY,13,4/18/2026,6/30/2026,5/12/2026,1685,1685,0,0,1685,1685
USMEM,USSAV,JPOSA,"Memphis, TN, USMEM","Savannah, GA, USSAV","Osaka, 27, JPOSA",JPOSA,CMDU,CMA,25-0720,DRY,13,4/18/2026,6/30/2026,5/12/2026,1710,1710,0,0,1710,1710
USMEM,USSAV,JPYOK,"Memphis, TN, USMEM","Savannah, GA, USSAV","Yokohama, 14, JPYOK",JPYOK,CMDU,CMA,25-0720,DRY,13,4/18/2026,6/30/2026,5/12/2026,1210,1210,0,0,1210,1210
USMEM,USSAV,KRKAN,"Memphis, TN, USMEM","Savannah, GA, USSAV","Gwangyang, 46, KRKAN",KRKAN,CMDU,CMA,25-0720,DRY,13,4/18/2026,6/30/2026,5/12/2026,1510,1510,0,0,1510,1510
USMEM,USSAV,KRPUS,"Memphis, TN, USMEM","Savannah, GA, USSAV","Busan, 26, KRPUS",KRPUS,CMDU,CMA,25-0720,DRY,13,4/18/2026,6/30/2026,5/12/2026,1110,1110,0,0,1110,1110
USMEM,USSAV,MYPEN,"Memphis, TN, USMEM","Savannah, GA, USSAV","Penang, , MYPEN",MYPEN,CMDU,CMA,25-0720,DRY,13,4/18/2026,6/30/2026,5/12/2026,1410,1410,0,0,1410,1410
USMEM,USSAV,MYPGU,"Memphis, TN, USMEM","Savannah, GA, USSAV","Pasir Gudang, Johor, , MYPGU",MYPGU,CMDU,CMA,25-0720,DRY,13,4/18/2026,6/30/2026,5/12/2026,1410,1410,0,0,1410,1410
USMEM,USSAV,MYPKG,"Memphis, TN, USMEM","Savannah, GA, USSAV","Port Klang, 10, MYPKG",MYPKG,CMDU,CMA,25-0720,DRY,13,4/18/2026,6/30/2026,5/12/2026,1210,1210,0,0,1210,1210
USMEM,USSAV,MYTPP,"Memphis, TN, USMEM","Savannah, GA, USSAV","Tanjung Pelepas, 1, MYTPP",MYTPP,CMDU,CMA,25-0720,DRY,13,4/18/2026,6/30/2026,5/12/2026,1510,1510,0,0,1510,1510
USMEM,USSAV,PHMNL,"Memphis, TN, USMEM","Savannah, GA, USSAV","Manila, , PHMNL",PHMNL,CMDU,CMA,25-0720,DRY,13,4/18/2026,6/30/2026,5/12/2026,3210,3210,0,0,3210,3210
USMEM,USSAV,SGSIN,"Memphis, TN, USMEM","Savannah, GA, USSAV","Singapore, , SGSIN",SGSIN,CMDU,CMA,25-0720,DRY,13,4/18/2026,6/30/2026,5/12/2026,1210,1210,0,0,1210,1210
USMEM,USSAV,THBKK,"Memphis, TN, USMEM","Savannah, GA, USSAV","Bangkok, , THBKK",THLCH,CMDU,CMA,25-0720,DRY,13,4/18/2026,6/30/2026,5/12/2026,1370,1370,0,0,1370,1370
USMEM,USSAV,THLCH,"Memphis, TN, USMEM","Savannah, GA, USSAV","Laem Chabang, 20, THLCH",THLCH,CMDU,CMA,25-0720,DRY,13,4/18/2026,6/30/2026,5/12/2026,1210,1210,0,0,1210,1210
USMEM,USSAV,THLKR,"Memphis, TN, USMEM","Savannah, GA, USSAV","Lat Krabang, 10, THLKR",THLCH,CMDU,CMA,25-0720,DRY,13,4/18/2026,6/30/2026,5/12/2026,1370,1370,0,0,1370,1370
USMEM,USSAV,TWKEL,"Memphis, TN, USMEM","Savannah, GA, USSAV","Keelung, , TWKEL",TWKHH,CMDU,CMA,25-0720,DRY,13,4/18/2026,6/30/2026,5/12/2026,1220,1220,0,0,1220,1220
USMEM,USSAV,TWKHH,"Memphis, TN, USMEM","Savannah, GA, USSAV","Kaohsiung, , TWKHH",TWKHH,CMDU,CMA,25-0720,DRY,13,4/18/2026,6/30/2026,5/12/2026,1220,1220,0,0,1220,1220
USMEM,USSAV,TWTXG,"Memphis, TN, USMEM","Savannah, GA, USSAV","Taichung, , TWTXG",TWKHH,CMDU,CMA,25-0720,DRY,13,4/18/2026,6/30/2026,5/12/2026,1220,1220,0,0,1220,1220
USMEM,USSAV,TWTYN,"Memphis, TN, USMEM","Savannah, GA, USSAV","Taoyuan, , TWTYN",TWKHH,CMDU,CMA,25-0720,DRY,13,4/18/2026,6/30/2026,5/12/2026,1220,1220,0,0,1220,1220
USMEM,USSAV,VNDAD,"Memphis, TN, USMEM","Savannah, GA, USSAV","Da Nang, , VNDAD",VNDAD,CMDU,CMA,25-0720,DRY,13,4/18/2026,6/30/2026,5/12/2026,1610,1650,0,0,1610,1650
USMEM,USSAV,TRAMR,"Memphis, TN, USMEM","Savannah, GA, USSAV","Ambarli, 34, TRAMR",TRAMR,CMDU,CMA,25-0720,DRY,13,4/18/2026,6/30/2026,5/12/2026,2395,2395,0,0,2395,2395
USMEM,USSAV,TRISK,"Memphis, TN, USMEM","Savannah, GA, USSAV","Iskenderun, 31, TRISK",TRISK,CMDU,CMA,25-0720,DRY,13,4/18/2026,6/30/2026,5/12/2026,1620,1620,0,0,1620,1620
USMEM,USSAV,TRMER,"Memphis, TN, USMEM","Savannah, GA, USSAV","Mersin, 33, TRMER",TRMER,CMDU,CMA,25-0720,DRY,13,4/18/2026,6/30/2026,5/12/2026,2970,2970,0,0,2970,2970
USMEM,USSAV,ITSAL,"Memphis, TN, USMEM","Savannah, GA, USSAV","Salerno, , ITSAL",ITSAL,CMDU,CMA,25-0720,DRY,13,4/18/2026,6/30/2026,5/12/2026,2196,2196,0,0,2196,2196
USMEM,USSAV,ITBCO,"Memphis, TN, USMEM","Savannah, GA, USSAV","Buccino, , ITBCO",ITSAL,CMDU,CMA,25-0720,DRY,13,4/18/2026,6/30/2026,5/12/2026,2620,2620,0,0,2620,2620
USMEM,USSAV,INMUN,"Memphis, TN, USMEM","Savannah, GA, USSAV","Mundra, GJ, INMUN",INMUN,CMDU,CMA,25-0720,DRY,13,4/18/2026,6/30/2026,5/12/2026,1610,1610,0,0,1610,1610
USMEM,USSAV,INNSA,"Memphis, TN, USMEM","Savannah, GA, USSAV","Nhava Sheva, MH, INNSA",INNSA,CMDU,CMA,25-0720,DRY,13,4/18/2026,6/30/2026,5/12/2026,1610,1610,0,0,1610,1610
USMEM,USSAV,PKBQM,"Memphis, TN, USMEM","Savannah, GA, USSAV","Port Qasim/Karachi, SD, PKBQM",PKBQM,CMDU,CMA,25-0720,DRY,13,4/18/2026,6/30/2026,5/12/2026,1760,1760,0,0,1760,1760
USMEM,USSAV,BDCGP,"Memphis, TN, USMEM","Savannah, GA, USSAV","Chattogram/Chittagong, , BDCGP",BDCGP,CMDU,CMA,25-0720,DRY,13,4/18/2026,6/30/2026,5/12/2026,2500,2500,0,0,2500,2500
USMEM,USCHS,PKBQM,"Memphis, TN, USMEM","Charleston, SC, USCHS","Port Qasim/Karachi, SD, PKBQM",PKBQM,CMDU,CMA,25-0720,DRY,13,4/18/2026,6/30/2026,5/12/2026,1760,1760,0,0,1760,1760
USMEM,USSAV,COCTG,"Memphis, TN, USMEM","Savannah, GA, USSAV","Cartagena, , COCTG",COCTG,CMDU,CMA,25-0720,DRY,13,4/18/2026,6/30/2026,5/12/2026,2553,2553,0,0,2553,2553
USMEM,USSAV,COTRB,"Memphis, TN, USMEM","Savannah, GA, USSAV","Turbo, , COTRB",COTRB,CMDU,CMA,25-0720,DRY,13,4/18/2026,6/30/2026,5/12/2026,3696,3696,0,0,3696,3696
USMEM,USSAV,CRCAR,"Memphis, TN, USMEM","Savannah, GA, USSAV","Cartago, C, CRCAR",CRMOB,CMDU,CMA,25-0720,DRY,13,4/18/2026,6/30/2026,5/12/2026,4059,4059,0,0,4059,4059
USMEM,USSAV,CRMOB,"Memphis, TN, USMEM","Savannah, GA, USSAV","Moin, L, CRMOB",CRMOB,CMDU,CMA,25-0720,DRY,13,4/18/2026,6/30/2026,5/12/2026,3119,3119,0,0,3119,3119
USMEM,USSAV,ECGYE,"Memphis, TN, USMEM","Savannah, GA, USSAV","Guayaquil, G, ECGYE",ECGYE,CMDU,CMA,25-0720,DRY,13,4/18/2026,6/30/2026,5/12/2026,3954,3954,0,0,3954,3954
USMEM,USSAV,GTAMA,"Memphis, TN, USMEM","Savannah, GA, USSAV","Amatitlan, GU, GTAMA",GTPBR,CMDU,CMA,25-0720,DRY,13,4/18/2026,6/30/2026,5/12/2026,4252,4252,0,0,4252,4252
USMEM,USSAV,GTAMA,"Memphis, TN, USMEM","Savannah, GA, USSAV","Amatitlan, GU, GTAMA",GTSTC,CMDU,CMA,25-0720,DRY,13,4/18/2026,6/30/2026,5/12/2026,4252,4252,0,0,4252,4252
USMEM,USSAV,GTCHI,"Memphis, TN, USMEM","Savannah, GA, USSAV","Chimaltenango, , GTCHI",GTPBR,CMDU,CMA,25-0720,DRY,13,4/18/2026,6/30/2026,5/12/2026,4352,4352,0,0,4352,4352
USMEM,USSAV,GTCHI,"Memphis, TN, USMEM","Savannah, GA, USSAV","Chimaltenango, , GTCHI",GTSTC,CMDU,CMA,25-0720,DRY,13,4/18/2026,6/30/2026,5/12/2026,4352,4352,0,0,4352,4352
USMEM,USSAV,GTGUA,"Memphis, TN, USMEM","Savannah, GA, USSAV","Guatemala City, , GTGUA",GTPBR,CMDU,CMA,25-0720,DRY,13,4/18/2026,6/30/2026,5/12/2026,4222,4222,0,0,4222,4222
USMEM,USSAV,GTGUA,"Memphis, TN, USMEM","Savannah, GA, USSAV","Guatemala City, , GTGUA",GTSTC,CMDU,CMA,25-0720,DRY,13,4/18/2026,6/30/2026,5/12/2026,4222,4222,0,0,4222,4222
USMEM,USSAV,GTPAL,"Memphis, TN, USMEM","Savannah, GA, USSAV","Palin, , GTPAL",GTPBR,CMDU,CMA,25-0720,DRY,13,4/18/2026,6/30/2026,5/12/2026,4352,4352,0,0,4352,4352
USMEM,USSAV,GTPAL,"Memphis, TN, USMEM","Savannah, GA, USSAV","Palin, , GTPAL",GTSTC,CMDU,CMA,25-0720,DRY,13,4/18/2026,6/30/2026,5/12/2026,4352,4352,0,0,4352,4352
USMEM,USSAV,GTPBR,"Memphis, TN, USMEM","Savannah, GA, USSAV","Puerto Barrios, , GTPBR",GTPBR,CMDU,CMA,25-0720,DRY,13,4/18/2026,6/30/2026,5/12/2026,2702,2702,0,0,2702,2702
USMEM,USSAV,GTSTC,"Memphis, TN, USMEM","Savannah, GA, USSAV","Puerto Santo Tomas de Castilla, IZ, GTSTC",GTSTC,CMDU,CMA,25-0720,DRY,13,4/18/2026,6/30/2026,5/12/2026,2702,2702,0,0,2702,2702
USMEM,USSAV,GTVIN,"Memphis, TN, USMEM","Savannah, GA, USSAV","Villa Nueva, , GTVIN",GTPBR,CMDU,CMA,25-0720,DRY,13,4/18/2026,6/30/2026,5/12/2026,4222,4222,0,0,4222,4222
USMEM,USSAV,GTVIN,"Memphis, TN, USMEM","Savannah, GA, USSAV","Villa Nueva, , GTVIN",GTSTC,CMDU,CMA,25-0720,DRY,13,4/18/2026,6/30/2026,5/12/2026,4222,4222,0,0,4222,4222
USMEM,USSAV,HNCFR,"Memphis, TN, USMEM","Savannah, GA, USSAV","Cofradia, CR, HNCFR",HNPCR,CMDU,CMA,25-0720,DRY,13,4/18/2026,6/30/2026,5/12/2026,3322,3322,0,0,3322,3322
USMEM,USSAV,HNCHO,"Memphis, TN, USMEM","Savannah, GA, USSAV","Choloma, , HNCHO",HNPCR,CMDU,CMA,25-0720,DRY,13,4/18/2026,6/30/2026,5/12/2026,3322,3322,0,0,3322,3322
USMEM,USSAV,HNSAP,"Memphis, TN, USMEM","Savannah, GA, USSAV","San Pedro Sula, , HNSAP",HNPCR,CMDU,CMA,25-0720,DRY,13,4/18/2026,6/30/2026,5/12/2026,3322,3322,0,0,3322,3322
USMEM,USSAV,HNSBA,"Memphis, TN, USMEM","Savannah, GA, USSAV","Santa Barbara, , HNSBA",HNPCR,CMDU,CMA,25-0720,DRY,13,4/18/2026,6/30/2026,5/12/2026,4022,4022,0,0,4022,4022
USMEM,USSAV,PECLL,"Memphis, TN, USMEM","Savannah, GA, USSAV","Callao, , PECLL",PECLL,CMDU,CMA,25-0720,DRY,13,4/18/2026,6/30/2026,5/12/2026,3950,3950,0,0,3950,3950
USMEM,USSAV,SVAPO,"Memphis, TN, USMEM","Savannah, GA, USSAV","Apopa, SS, SVAPO",GTPBR,CMDU,CMA,25-0720,DRY,13,4/18/2026,6/30/2026,5/12/2026,4602,4602,0,0,4602,4602
USMEM,USSAV,SVAPO,"Memphis, TN, USMEM","Savannah, GA, USSAV","Apopa, SS, SVAPO",GTSTC,CMDU,CMA,25-0720,DRY,13,4/18/2026,6/30/2026,5/12/2026,4602,4602,0,0,4602,4602
USMEM,USSAV,SVEZC,"Memphis, TN, USMEM","Savannah, GA, USSAV","Ilopango, SS, SVEZC",GTPBR,CMDU,CMA,25-0720,DRY,13,4/18/2026,6/30/2026,5/12/2026,4702,4702,0,0,4702,4702
USMEM,USSAV,SVEZC,"Memphis, TN, USMEM","Savannah, GA, USSAV","Ilopango, SS, SVEZC",GTSTC,CMDU,CMA,25-0720,DRY,13,4/18/2026,6/30/2026,5/12/2026,4702,4702,0,0,4702,4702
USMEM,USSAV,SVSAL,"Memphis, TN, USMEM","Savannah, GA, USSAV","San Salvador, , SVSAL",GTPBR,CMDU,CMA,25-0720,DRY,13,4/18/2026,6/30/2026,5/12/2026,4602,4602,0,0,4602,4602
USMEM,USSAV,SVSAL,"Memphis, TN, USMEM","Savannah, GA, USSAV","San Salvador, , SVSAL",GTSTC,CMDU,CMA,25-0720,DRY,13,4/18/2026,6/30/2026,5/12/2026,4602,4602,0,0,4602,4602
USMEM,USSAV,SVSOY,"Memphis, TN, USMEM","Savannah, GA, USSAV","Soyapango, , SVSOY",GTPBR,CMDU,CMA,25-0720,DRY,13,4/18/2026,6/30/2026,5/12/2026,4602,4602,0,0,4602,4602
USMEM,USSAV,SVSOY,"Memphis, TN, USMEM","Savannah, GA, USSAV","Soyapango, , SVSOY",GTSTC,CMDU,CMA,25-0720,DRY,13,4/18/2026,6/30/2026,5/12/2026,4602,4602,0,0,4602,4602
USMEM,USHOU,GTAMA,"Memphis, TN, USMEM","Houston, TX, USHOU","Amatitlan, GU, GTAMA",GTPBR,CMDU,CMA,25-0720,DRY,13,4/18/2026,6/30/2026,5/12/2026,2980,2980,0,0,2980,2980
USMEM,USHOU,GTAMA,"Memphis, TN, USMEM","Houston, TX, USHOU","Amatitlan, GU, GTAMA",GTSTC,CMDU,CMA,25-0720,DRY,13,4/18/2026,6/30/2026,5/12/2026,2980,2980,0,0,2980,2980
USMEM,USHOU,GTPAL,"Memphis, TN, USMEM","Houston, TX, USHOU","Palin, , GTPAL",GTPBR,CMDU,CMA,25-0720,DRY,13,4/18/2026,6/30/2026,5/12/2026,3080,3080,0,0,3080,3080
USMEM,USHOU,GTPAL,"Memphis, TN, USMEM","Houston, TX, USHOU","Palin, , GTPAL",GTSTC,CMDU,CMA,25-0720,DRY,13,4/18/2026,6/30/2026,5/12/2026,3080,3080,0,0,3080,3080
USMEM,USCHS,BDCGP,"Memphis, TN, USMEM","Charleston, SC, USCHS","Chattogram/Chittagong, , BDCGP",BDCGP,EGLV,EMC,SC103574,DRY,4,5/1/2026,6/30/2026,5/16/2026,2950,2950,0,0,2950,2950
USMEM,USCHS,CNNBG,"Memphis, TN, USMEM","Charleston, SC, USCHS","Ningbo Pt, 33, CNNBG",CNNBG,EGLV,EMC,SC103574,DRY,4,5/1/2026,6/30/2026,5/16/2026,950,950,0,0,950,950
USMEM,USCHS,CNTAO,"Memphis, TN, USMEM","Charleston, SC, USCHS","Qingdao, 37, CNTAO",CNQDG,EGLV,EMC,SC103574,DRY,4,5/1/2026,6/30/2026,5/16/2026,950,950,0,0,950,950
USMEM,USCHS,CNSHA,"Memphis, TN, USMEM","Charleston, SC, USCHS","Shanghai, 31, CNSHA",CNSHG,EGLV,EMC,SC103574,DRY,4,5/1/2026,6/30/2026,5/16/2026,950,950,0,0,950,950
USMEM,USCHS,CNXMN,"Memphis, TN, USMEM","Charleston, SC, USCHS","Xiamen, 35, CNXMN",CNXMG,EGLV,EMC,SC103574,DRY,4,5/1/2026,6/30/2026,5/16/2026,1000,1000,0,0,1000,1000
USMEM,USCHS,CNYTN,"Memphis, TN, USMEM","Charleston, SC, USCHS","Yantian Pt, 44, CNYTN",CNYTN,EGLV,EMC,SC103574,DRY,4,5/1/2026,6/30/2026,5/16/2026,1700,1700,0,0,1700,1700
USMEM,USCHS,IDBLW,"Memphis, TN, USMEM","Charleston, SC, USCHS","Belawan, , IDBLW",IDBLW,EGLV,EMC,SC103574,DRY,4,5/1/2026,6/30/2026,5/16/2026,1100,1100,0,0,1100,1100
USMEM,USCHS,IDJKT,"Memphis, TN, USMEM","Charleston, SC, USCHS","Jakarta, JK, IDJKT",IDJKT,EGLV,EMC,SC103574,DRY,4,5/1/2026,6/30/2026,5/16/2026,1100,1100,0,0,1100,1100
USMEM,USCHS,IDSRG,"Memphis, TN, USMEM","Charleston, SC, USCHS","Semarang, JT, IDSRG",IDSRG,EGLV,EMC,SC103574,DRY,4,5/1/2026,6/30/2026,5/16/2026,1100,1100,0,0,1100,1100
USMEM,USCHS,IDSUB,"Memphis, TN, USMEM","Charleston, SC, USCHS","Surabaya, JI, IDSUB",IDSUB,EGLV,EMC,SC103574,DRY,4,5/1/2026,6/30/2026,5/16/2026,1100,1100,0,0,1100,1100
USMEM,USCHS,INNSA,"Memphis, TN, USMEM","Charleston, SC, USCHS","Nhava Sheva, MH, INNSA",INNSA,EGLV,EMC,SC103574,DRY,4,5/1/2026,6/30/2026,5/16/2026,2000,2000,0,0,2000,2000
USMEM,USCHS,JPHTD,"Memphis, TN, USMEM","Charleston, SC, USCHS","Hakata, 38, JPHTD",JPHTD,EGLV,EMC,SC103574,DRY,4,5/1/2026,6/30/2026,5/16/2026,1100,1100,0,0,1100,1100
USMEM,USCHS,JPNGO,"Memphis, TN, USMEM","Charleston, SC, USCHS","Nagoya, Aichi, 23, JPNGO",JPNGO,EGLV,EMC,SC103574,DRY,4,5/1/2026,6/30/2026,5/16/2026,1100,1100,0,0,1100,1100
USMEM,USCHS,JPOSA,"Memphis, TN, USMEM","Charleston, SC, USCHS","Osaka, 27, JPOSA",JPOSA,EGLV,EMC,SC103574,DRY,4,5/1/2026,6/30/2026,5/16/2026,1100,1100,0,0,1100,1100
USMEM,USCHS,JPUKB,"Memphis, TN, USMEM","Charleston, SC, USCHS","Kobe, 28, JPUKB",JPUKB,EGLV,EMC,SC103574,DRY,4,5/1/2026,6/30/2026,5/16/2026,1100,1100,0,0,1100,1100
USMEM,USCHS,PHDVO,"Memphis, TN, USMEM","Charleston, SC, USCHS","Davao, Mindanao, , PHDVO",PHDVO,EGLV,EMC,SC103574,DRY,4,5/1/2026,6/30/2026,5/16/2026,1000,1000,0,0,1000,1000
USMEM,USCHS,PHMNL,"Memphis, TN, USMEM","Charleston, SC, USCHS","Manila, , PHMNL",PHMNL,EGLV,EMC,SC103574,DRY,4,5/1/2026,6/30/2026,5/16/2026,1200,1200,0,0,1200,1200
USMEM,USCHS,PHMNS,"Memphis, TN, USMEM","Charleston, SC, USCHS","Manila South Harbour, , PHMNS",PHMNS,EGLV,EMC,SC103574,DRY,4,5/1/2026,6/30/2026,5/16/2026,1200,1200,0,0,1200,1200
USMEM,USCHS,PKKHI,"Memphis, TN, USMEM","Charleston, SC, USCHS","Karachi, SD, PKKHI",PKKHI,EGLV,EMC,SC103574,DRY,4,5/1/2026,6/30/2026,5/16/2026,1800,1800,0,0,1800,1800
USMEM,USCHS,THBKK,"Memphis, TN, USMEM","Charleston, SC, USCHS","Bangkok, , THBKK",THBKK,EGLV,EMC,SC103574,DRY,4,5/1/2026,6/30/2026,5/16/2026,1350,1350,0,0,1350,1350
USMEM,USCHS,THLCH,"Memphis, TN, USMEM","Charleston, SC, USCHS","Laem Chabang, 20, THLCH",THLCH,EGLV,EMC,SC103574,DRY,4,5/1/2026,6/30/2026,5/16/2026,1200,1200,0,0,1200,1200
USMEM,USCHS,TWKHH,"Memphis, TN, USMEM","Charleston, SC, USCHS","Kaohsiung, , TWKHH",TWKHH,EGLV,EMC,SC103574,DRY,4,5/1/2026,6/30/2026,5/16/2026,900,900,0,0,900,900
USMEM,USCHS,TWTPE,"Memphis, TN, USMEM","Charleston, SC, USCHS","Taipei, TPE, TWTPE",TWTPE,EGLV,EMC,SC103574,DRY,4,5/1/2026,6/30/2026,5/16/2026,1100,1100,0,0,1100,1100
USMEM,USCHS,VNDAD,"Memphis, TN, USMEM","Charleston, SC, USCHS","Da Nang, , VNDAD",VNDAD,EGLV,EMC,SC103574,DRY,4,5/1/2026,6/30/2026,5/16/2026,1200,1200,0,0,1200,1200
USMEM,USCHS,VNHPH,"Memphis, TN, USMEM","Charleston, SC, USCHS","Haiphong, , VNHPH",VNHPH,EGLV,EMC,SC103574,DRY,4,5/1/2026,6/30/2026,5/16/2026,1200,1200,0,0,1200,1200
USMEM,USCHS,VNSGN,"Memphis, TN, USMEM","Charleston, SC, USCHS","Ho Chi Minh City, , VNSGN",VNSGN,EGLV,EMC,SC103574,DRY,4,5/1/2026,6/30/2026,5/16/2026,1200,1200,0,0,1200,1200
USMEM,USCHS,VNTOT,"Memphis, TN, USMEM","Charleston, SC, USCHS","Cai Mep, 43, VNTOT",VNTOT,EGLV,EMC,SC103574,DRY,4,5/1/2026,6/30/2026,5/16/2026,1200,1200,0,0,1200,1200
USMEM,USLAX,BDCGP,"Memphis, TN, USMEM","Los Angeles, CA, USLAX","Chattogram/Chittagong, , BDCGP",BDCGP,EGLV,EMC,SC103574,DRY,4,5/1/2026,6/30/2026,5/16/2026,3400,3400,0,0,3400,3400
USMEM,USLAX,CNNBG,"Memphis, TN, USMEM","Los Angeles, CA, USLAX","Ningbo Pt, 33, CNNBG",CNNBG,EGLV,EMC,SC103574,DRY,4,5/1/2026,6/30/2026,5/16/2026,1600,1600,0,0,1600,1600
USMEM,USLAX,CNTAO,"Memphis, TN, USMEM","Los Angeles, CA, USLAX","Qingdao, 37, CNTAO",CNQDG,EGLV,EMC,SC103574,DRY,4,5/1/2026,6/30/2026,5/16/2026,1600,1600,0,0,1600,1600
USMEM,USLAX,CNSHA,"Memphis, TN, USMEM","Los Angeles, CA, USLAX","Shanghai, 31, CNSHA",CNSHG,EGLV,EMC,SC103574,DRY,4,5/1/2026,6/30/2026,5/16/2026,1600,1600,0,0,1600,1600
USMEM,USLAX,CNXMN,"Memphis, TN, USMEM","Los Angeles, CA, USLAX","Xiamen, 35, CNXMN",CNXMG,EGLV,EMC,SC103574,DRY,4,5/1/2026,6/30/2026,5/16/2026,1650,1650,0,0,1650,1650
USMEM,USLAX,CNYTN,"Memphis, TN, USMEM","Los Angeles, CA, USLAX","Yantian Pt, 44, CNYTN",CNYTN,EGLV,EMC,SC103574,DRY,4,5/1/2026,6/30/2026,5/16/2026,2300,2300,0,0,2300,2300
USMEM,USLAX,IDBLW,"Memphis, TN, USMEM","Los Angeles, CA, USLAX","Belawan, , IDBLW",IDBLW,EGLV,EMC,SC103574,DRY,4,5/1/2026,6/30/2026,5/16/2026,1750,1750,0,0,1750,1750
USMEM,USLAX,IDJKT,"Memphis, TN, USMEM","Los Angeles, CA, USLAX","Jakarta, JK, IDJKT",IDJKT,EGLV,EMC,SC103574,DRY,4,5/1/2026,6/30/2026,5/16/2026,1750,1750,0,0,1750,1750
USMEM,USLAX,IDSRG,"Memphis, TN, USMEM","Los Angeles, CA, USLAX","Semarang, JT, IDSRG",IDSRG,EGLV,EMC,SC103574,DRY,4,5/1/2026,6/30/2026,5/16/2026,1750,1750,0,0,1750,1750
USMEM,USLAX,IDSUB,"Memphis, TN, USMEM","Los Angeles, CA, USLAX","Surabaya, JI, IDSUB",IDSUB,EGLV,EMC,SC103574,DRY,4,5/1/2026,6/30/2026,5/16/2026,1750,1750,0,0,1750,1750
USMEM,USLAX,INNSA,"Memphis, TN, USMEM","Los Angeles, CA, USLAX","Nhava Sheva, MH, INNSA",INNSA,EGLV,EMC,SC103574,DRY,4,5/1/2026,6/30/2026,5/16/2026,2650,2650,0,0,2650,2650
USMEM,USLAX,JPHTD,"Memphis, TN, USMEM","Los Angeles, CA, USLAX","Hakata, 38, JPHTD",JPHTD,EGLV,EMC,SC103574,DRY,4,5/1/2026,6/30/2026,5/16/2026,1600,1600,0,0,1600,1600
USMEM,USLAX,JPNGO,"Memphis, TN, USMEM","Los Angeles, CA, USLAX","Nagoya, Aichi, 23, JPNGO",JPNGO,EGLV,EMC,SC103574,DRY,4,5/1/2026,6/30/2026,5/16/2026,1550,1550,0,0,1550,1550
USMEM,USLAX,JPOSA,"Memphis, TN, USMEM","Los Angeles, CA, USLAX","Osaka, 27, JPOSA",JPOSA,EGLV,EMC,SC103574,DRY,4,5/1/2026,6/30/2026,5/16/2026,1550,1550,0,0,1550,1550
USMEM,USLAX,JPUKB,"Memphis, TN, USMEM","Los Angeles, CA, USLAX","Kobe, 28, JPUKB",JPUKB,EGLV,EMC,SC103574,DRY,4,5/1/2026,6/30/2026,5/16/2026,1550,1550,0,0,1550,1550
USMEM,USLAX,PHDVO,"Memphis, TN, USMEM","Los Angeles, CA, USLAX","Davao, Mindanao, , PHDVO",PHDVO,EGLV,EMC,SC103574,DRY,4,5/1/2026,6/30/2026,5/16/2026,1550,1550,0,0,1550,1550
USMEM,USLAX,PHMNL,"Memphis, TN, USMEM","Los Angeles, CA, USLAX","Manila, , PHMNL",PHMNL,EGLV,EMC,SC103574,DRY,4,5/1/2026,6/30/2026,5/16/2026,1750,1750,0,0,1750,1750
USMEM,USLAX,PHMNS,"Memphis, TN, USMEM","Los Angeles, CA, USLAX","Manila South Harbour, , PHMNS",PHMNS,EGLV,EMC,SC103574,DRY,4,5/1/2026,6/30/2026,5/16/2026,1750,1750,0,0,1750,1750
USMEM,USLAX,PKKHI,"Memphis, TN, USMEM","Los Angeles, CA, USLAX","Karachi, SD, PKKHI",PKKHI,EGLV,EMC,SC103574,DRY,4,5/1/2026,6/30/2026,5/16/2026,2500,2500,0,0,2500,2500
USMEM,USLAX,THBKK,"Memphis, TN, USMEM","Los Angeles, CA, USLAX","Bangkok, , THBKK",THBKK,EGLV,EMC,SC103574,DRY,4,5/1/2026,6/30/2026,5/16/2026,1950,1950,0,0,1950,1950
USMEM,USLAX,THLCH,"Memphis, TN, USMEM","Los Angeles, CA, USLAX","Laem Chabang, 20, THLCH",THLCH,EGLV,EMC,SC103574,DRY,4,5/1/2026,6/30/2026,5/16/2026,1800,1800,0,0,1800,1800
USMEM,USLAX,TWKHH,"Memphis, TN, USMEM","Los Angeles, CA, USLAX","Kaohsiung, , TWKHH",TWKHH,EGLV,EMC,SC103574,DRY,4,5/1/2026,6/30/2026,5/16/2026,1450,1450,0,0,1450,1450
USMEM,USLAX,TWTPE,"Memphis, TN, USMEM","Los Angeles, CA, USLAX","Taipei, TPE, TWTPE",TWTPE,EGLV,EMC,SC103574,DRY,4,5/1/2026,6/30/2026,5/16/2026,1600,1600,0,0,1600,1600
USMEM,USLAX,VNDAD,"Memphis, TN, USMEM","Los Angeles, CA, USLAX","Da Nang, , VNDAD",VNDAD,EGLV,EMC,SC103574,DRY,4,5/1/2026,6/30/2026,5/16/2026,1800,1800,0,0,1800,1800
USMEM,USLAX,VNHPH,"Memphis, TN, USMEM","Los Angeles, CA, USLAX","Haiphong, , VNHPH",VNHPH,EGLV,EMC,SC103574,DRY,4,5/1/2026,6/30/2026,5/16/2026,1800,1800,0,0,1800,1800
USMEM,USLAX,VNSGN,"Memphis, TN, USMEM","Los Angeles, CA, USLAX","Ho Chi Minh City, , VNSGN",VNSGN,EGLV,EMC,SC103574,DRY,4,5/1/2026,6/30/2026,5/16/2026,1800,1800,0,0,1800,1800
USMEM,USLAX,VNTOT,"Memphis, TN, USMEM","Los Angeles, CA, USLAX","Cai Mep, 43, VNTOT",VNTOT,EGLV,EMC,SC103574,DRY,4,5/1/2026,6/30/2026,5/16/2026,1800,1800,0,0,1800,1800
USMEM,USNYC,BDCGP,"Memphis, TN, USMEM","New York, NY, USNYC","Chattogram/Chittagong, , BDCGP",BDCGP,EGLV,EMC,SC103574,DRY,4,5/1/2026,6/30/2026,5/16/2026,2950,2950,0,0,2950,2950
USMEM,USNYC,CNNBG,"Memphis, TN, USMEM","New York, NY, USNYC","Ningbo Pt, 33, CNNBG",CNNBG,EGLV,EMC,SC103574,DRY,4,5/1/2026,6/30/2026,5/16/2026,950,950,0,0,950,950
USMEM,USNYC,CNTAO,"Memphis, TN, USMEM","New York, NY, USNYC","Qingdao, 37, CNTAO",CNQDG,EGLV,EMC,SC103574,DRY,4,5/1/2026,6/30/2026,5/16/2026,950,950,0,0,950,950
USMEM,USNYC,CNSHA,"Memphis, TN, USMEM","New York, NY, USNYC","Shanghai, 31, CNSHA",CNSHG,EGLV,EMC,SC103574,DRY,4,5/1/2026,6/30/2026,5/16/2026,950,950,0,0,950,950
USMEM,USNYC,CNXMN,"Memphis, TN, USMEM","New York, NY, USNYC","Xiamen, 35, CNXMN",CNXMG,EGLV,EMC,SC103574,DRY,4,5/1/2026,6/30/2026,5/16/2026,1000,1000,0,0,1000,1000
USMEM,USNYC,CNYTN,"Memphis, TN, USMEM","New York, NY, USNYC","Yantian Pt, 44, CNYTN",CNYTN,EGLV,EMC,SC103574,DRY,4,5/1/2026,6/30/2026,5/16/2026,1700,1700,0,0,1700,1700
USMEM,USNYC,IDBLW,"Memphis, TN, USMEM","New York, NY, USNYC","Belawan, , IDBLW",IDBLW,EGLV,EMC,SC103574,DRY,4,5/1/2026,6/30/2026,5/16/2026,1100,1100,0,0,1100,1100
USMEM,USNYC,IDJKT,"Memphis, TN, USMEM","New York, NY, USNYC","Jakarta, JK, IDJKT",IDJKT,EGLV,EMC,SC103574,DRY,4,5/1/2026,6/30/2026,5/16/2026,1100,1100,0,0,1100,1100
USMEM,USNYC,IDSRG,"Memphis, TN, USMEM","New York, NY, USNYC","Semarang, JT, IDSRG",IDSRG,EGLV,EMC,SC103574,DRY,4,5/1/2026,6/30/2026,5/16/2026,1100,1100,0,0,1100,1100
USMEM,USNYC,IDSUB,"Memphis, TN, USMEM","New York, NY, USNYC","Surabaya, JI, IDSUB",IDSUB,EGLV,EMC,SC103574,DRY,4,5/1/2026,6/30/2026,5/16/2026,1100,1100,0,0,1100,1100
USMEM,USNYC,INNSA,"Memphis, TN, USMEM","New York, NY, USNYC","Nhava Sheva, MH, INNSA",INNSA,EGLV,EMC,SC103574,DRY,4,5/1/2026,6/30/2026,5/16/2026,2000,2000,0,0,2000,2000
USMEM,USNYC,JPHTD,"Memphis, TN, USMEM","New York, NY, USNYC","Hakata, 38, JPHTD",JPHTD,EGLV,EMC,SC103574,DRY,4,5/1/2026,6/30/2026,5/16/2026,1100,1100,0,0,1100,1100
USMEM,USNYC,JPNGO,"Memphis, TN, USMEM","New York, NY, USNYC","Nagoya, Aichi, 23, JPNGO",JPNGO,EGLV,EMC,SC103574,DRY,4,5/1/2026,6/30/2026,5/16/2026,1100,1100,0,0,1100,1100
USMEM,USNYC,JPOSA,"Memphis, TN, USMEM","New York, NY, USNYC","Osaka, 27, JPOSA",JPOSA,EGLV,EMC,SC103574,DRY,4,5/1/2026,6/30/2026,5/16/2026,1100,1100,0,0,1100,1100
USMEM,USNYC,JPUKB,"Memphis, TN, USMEM","New York, NY, USNYC","Kobe, 28, JPUKB",JPUKB,EGLV,EMC,SC103574,DRY,4,5/1/2026,6/30/2026,5/16/2026,1100,1100,0,0,1100,1100
USMEM,USNYC,PHDVO,"Memphis, TN, USMEM","New York, NY, USNYC","Davao, Mindanao, , PHDVO",PHDVO,EGLV,EMC,SC103574,DRY,4,5/1/2026,6/30/2026,5/16/2026,1000,1000,0,0,1000,1000
USMEM,USNYC,PHMNL,"Memphis, TN, USMEM","New York, NY, USNYC","Manila, , PHMNL",PHMNL,EGLV,EMC,SC103574,DRY,4,5/1/2026,6/30/2026,5/16/2026,1200,1200,0,0,1200,1200
USMEM,USNYC,PHMNS,"Memphis, TN, USMEM","New York, NY, USNYC","Manila South Harbour, , PHMNS",PHMNS,EGLV,EMC,SC103574,DRY,4,5/1/2026,6/30/2026,5/16/2026,1200,1200,0,0,1200,1200
USMEM,USNYC,PKKHI,"Memphis, TN, USMEM","New York, NY, USNYC","Karachi, SD, PKKHI",PKKHI,EGLV,EMC,SC103574,DRY,4,5/1/2026,6/30/2026,5/16/2026,1800,1800,0,0,1800,1800
USMEM,USNYC,THBKK,"Memphis, TN, USMEM","New York, NY, USNYC","Bangkok, , THBKK",THBKK,EGLV,EMC,SC103574,DRY,4,5/1/2026,6/30/2026,5/16/2026,1350,1350,0,0,1350,1350
USMEM,USNYC,THLCH,"Memphis, TN, USMEM","New York, NY, USNYC","Laem Chabang, 20, THLCH",THLCH,EGLV,EMC,SC103574,DRY,4,5/1/2026,6/30/2026,5/16/2026,1200,1200,0,0,1200,1200
USMEM,USNYC,TWKHH,"Memphis, TN, USMEM","New York, NY, USNYC","Kaohsiung, , TWKHH",TWKHH,EGLV,EMC,SC103574,DRY,4,5/1/2026,6/30/2026,5/16/2026,900,900,0,0,900,900
USMEM,USNYC,TWTPE,"Memphis, TN, USMEM","New York, NY, USNYC","Taipei, TPE, TWTPE",TWTPE,EGLV,EMC,SC103574,DRY,4,5/1/2026,6/30/2026,5/16/2026,1100,1100,0,0,1100,1100
USMEM,USNYC,VNDAD,"Memphis, TN, USMEM","New York, NY, USNYC","Da Nang, , VNDAD",VNDAD,EGLV,EMC,SC103574,DRY,4,5/1/2026,6/30/2026,5/16/2026,1200,1200,0,0,1200,1200
USMEM,USNYC,VNHPH,"Memphis, TN, USMEM","New York, NY, USNYC","Haiphong, , VNHPH",VNHPH,EGLV,EMC,SC103574,DRY,4,5/1/2026,6/30/2026,5/16/2026,1200,1200,0,0,1200,1200
USMEM,USNYC,VNSGN,"Memphis, TN, USMEM","New York, NY, USNYC","Ho Chi Minh City, , VNSGN",VNSGN,EGLV,EMC,SC103574,DRY,4,5/1/2026,6/30/2026,5/16/2026,1200,1200,0,0,1200,1200
USMEM,USNYC,VNTOT,"Memphis, TN, USMEM","New York, NY, USNYC","Cai Mep, 43, VNTOT",VNTOT,EGLV,EMC,SC103574,DRY,4,5/1/2026,6/30/2026,5/16/2026,1200,1200,0,0,1200,1200
USMEM,USORF,BDCGP,"Memphis, TN, USMEM","Norfolk, VA, USORF","Chattogram/Chittagong, , BDCGP",BDCGP,EGLV,EMC,SC103574,DRY,4,5/1/2026,6/30/2026,5/16/2026,2950,2950,0,0,2950,2950
USMEM,USORF,CNNBG,"Memphis, TN, USMEM","Norfolk, VA, USORF","Ningbo Pt, 33, CNNBG",CNNBG,EGLV,EMC,SC103574,DRY,4,5/1/2026,6/30/2026,5/16/2026,950,950,0,0,950,950
USMEM,USORF,CNTAO,"Memphis, TN, USMEM","Norfolk, VA, USORF","Qingdao, 37, CNTAO",CNQDG,EGLV,EMC,SC103574,DRY,4,5/1/2026,6/30/2026,5/16/2026,950,950,0,0,950,950
USMEM,USORF,CNSHA,"Memphis, TN, USMEM","Norfolk, VA, USORF","Shanghai, 31, CNSHA",CNSHG,EGLV,EMC,SC103574,DRY,4,5/1/2026,6/30/2026,5/16/2026,950,950,0,0,950,950
USMEM,USORF,CNXMN,"Memphis, TN, USMEM","Norfolk, VA, USORF","Xiamen, 35, CNXMN",CNXMG,EGLV,EMC,SC103574,DRY,4,5/1/2026,6/30/2026,5/16/2026,1000,1000,0,0,1000,1000
USMEM,USORF,CNYTN,"Memphis, TN, USMEM","Norfolk, VA, USORF","Yantian Pt, 44, CNYTN",CNYTN,EGLV,EMC,SC103574,DRY,4,5/1/2026,6/30/2026,5/16/2026,1700,1700,0,0,1700,1700
USMEM,USORF,IDBLW,"Memphis, TN, USMEM","Norfolk, VA, USORF","Belawan, , IDBLW",IDBLW,EGLV,EMC,SC103574,DRY,4,5/1/2026,6/30/2026,5/16/2026,1100,1100,0,0,1100,1100
USMEM,USORF,IDJKT,"Memphis, TN, USMEM","Norfolk, VA, USORF","Jakarta, JK, IDJKT",IDJKT,EGLV,EMC,SC103574,DRY,4,5/1/2026,6/30/2026,5/16/2026,1100,1100,0,0,1100,1100
USMEM,USORF,IDSRG,"Memphis, TN, USMEM","Norfolk, VA, USORF","Semarang, JT, IDSRG",IDSRG,EGLV,EMC,SC103574,DRY,4,5/1/2026,6/30/2026,5/16/2026,1100,1100,0,0,1100,1100
USMEM,USORF,IDSUB,"Memphis, TN, USMEM","Norfolk, VA, USORF","Surabaya, JI, IDSUB",IDSUB,EGLV,EMC,SC103574,DRY,4,5/1/2026,6/30/2026,5/16/2026,1100,1100,0,0,1100,1100
USMEM,USORF,INNSA,"Memphis, TN, USMEM","Norfolk, VA, USORF","Nhava Sheva, MH, INNSA",INNSA,EGLV,EMC,SC103574,DRY,4,5/1/2026,6/30/2026,5/16/2026,2000,2000,0,0,2000,2000
USMEM,USORF,JPHTD,"Memphis, TN, USMEM","Norfolk, VA, USORF","Hakata, 38, JPHTD",JPHTD,EGLV,EMC,SC103574,DRY,4,5/1/2026,6/30/2026,5/16/2026,1100,1100,0,0,1100,1100
USMEM,USORF,JPNGO,"Memphis, TN, USMEM","Norfolk, VA, USORF","Nagoya, Aichi, 23, JPNGO",JPNGO,EGLV,EMC,SC103574,DRY,4,5/1/2026,6/30/2026,5/16/2026,1100,1100,0,0,1100,1100
USMEM,USORF,JPOSA,"Memphis, TN, USMEM","Norfolk, VA, USORF","Osaka, 27, JPOSA",JPOSA,EGLV,EMC,SC103574,DRY,4,5/1/2026,6/30/2026,5/16/2026,1100,1100,0,0,1100,1100
USMEM,USORF,JPUKB,"Memphis, TN, USMEM","Norfolk, VA, USORF","Kobe, 28, JPUKB",JPUKB,EGLV,EMC,SC103574,DRY,4,5/1/2026,6/30/2026,5/16/2026,1100,1100,0,0,1100,1100
USMEM,USORF,PHDVO,"Memphis, TN, USMEM","Norfolk, VA, USORF","Davao, Mindanao, , PHDVO",PHDVO,EGLV,EMC,SC103574,DRY,4,5/1/2026,6/30/2026,5/16/2026,1000,1000,0,0,1000,1000
USMEM,USORF,PHMNL,"Memphis, TN, USMEM","Norfolk, VA, USORF","Manila, , PHMNL",PHMNL,EGLV,EMC,SC103574,DRY,4,5/1/2026,6/30/2026,5/16/2026,1200,1200,0,0,1200,1200
USMEM,USORF,PHMNS,"Memphis, TN, USMEM","Norfolk, VA, USORF","Manila South Harbour, , PHMNS",PHMNS,EGLV,EMC,SC103574,DRY,4,5/1/2026,6/30/2026,5/16/2026,1200,1200,0,0,1200,1200
USMEM,USORF,PKKHI,"Memphis, TN, USMEM","Norfolk, VA, USORF","Karachi, SD, PKKHI",PKKHI,EGLV,EMC,SC103574,DRY,4,5/1/2026,6/30/2026,5/16/2026,1800,1800,0,0,1800,1800
USMEM,USORF,THBKK,"Memphis, TN, USMEM","Norfolk, VA, USORF","Bangkok, , THBKK",THBKK,EGLV,EMC,SC103574,DRY,4,5/1/2026,6/30/2026,5/16/2026,1350,1350,0,0,1350,1350
USMEM,USORF,THLCH,"Memphis, TN, USMEM","Norfolk, VA, USORF","Laem Chabang, 20, THLCH",THLCH,EGLV,EMC,SC103574,DRY,4,5/1/2026,6/30/2026,5/16/2026,1200,1200,0,0,1200,1200
USMEM,USORF,TWKHH,"Memphis, TN, USMEM","Norfolk, VA, USORF","Kaohsiung, , TWKHH",TWKHH,EGLV,EMC,SC103574,DRY,4,5/1/2026,6/30/2026,5/16/2026,900,900,0,0,900,900
USMEM,USORF,TWTPE,"Memphis, TN, USMEM","Norfolk, VA, USORF","Taipei, TPE, TWTPE",TWTPE,EGLV,EMC,SC103574,DRY,4,5/1/2026,6/30/2026,5/16/2026,1100,1100,0,0,1100,1100
USMEM,USORF,VNDAD,"Memphis, TN, USMEM","Norfolk, VA, USORF","Da Nang, , VNDAD",VNDAD,EGLV,EMC,SC103574,DRY,4,5/1/2026,6/30/2026,5/16/2026,1200,1200,0,0,1200,1200
USMEM,USORF,VNHPH,"Memphis, TN, USMEM","Norfolk, VA, USORF","Haiphong, , VNHPH",VNHPH,EGLV,EMC,SC103574,DRY,4,5/1/2026,6/30/2026,5/16/2026,1200,1200,0,0,1200,1200
USMEM,USORF,VNSGN,"Memphis, TN, USMEM","Norfolk, VA, USORF","Ho Chi Minh City, , VNSGN",VNSGN,EGLV,EMC,SC103574,DRY,4,5/1/2026,6/30/2026,5/16/2026,1200,1200,0,0,1200,1200
USMEM,USORF,VNTOT,"Memphis, TN, USMEM","Norfolk, VA, USORF","Cai Mep, 43, VNTOT",VNTOT,EGLV,EMC,SC103574,DRY,4,5/1/2026,6/30/2026,5/16/2026,1200,1200,0,0,1200,1200
USMEM,USSAV,BDCGP,"Memphis, TN, USMEM","Savannah, GA, USSAV","Chattogram/Chittagong, , BDCGP",BDCGP,EGLV,EMC,SC103574,DRY,4,5/1/2026,6/30/2026,5/16/2026,2950,2950,0,0,2950,2950
USMEM,USSAV,CNNBG,"Memphis, TN, USMEM","Savannah, GA, USSAV","Ningbo Pt, 33, CNNBG",CNNBG,EGLV,EMC,SC103574,DRY,4,5/1/2026,6/30/2026,5/16/2026,950,950,0,0,950,950
USMEM,USSAV,CNTAO,"Memphis, TN, USMEM","Savannah, GA, USSAV","Qingdao, 37, CNTAO",CNQDG,EGLV,EMC,SC103574,DRY,4,5/1/2026,6/30/2026,5/16/2026,950,950,0,0,950,950
USMEM,USSAV,CNSHA,"Memphis, TN, USMEM","Savannah, GA, USSAV","Shanghai, 31, CNSHA",CNSHG,EGLV,EMC,SC103574,DRY,4,5/1/2026,6/30/2026,5/16/2026,950,950,0,0,950,950
USMEM,USSAV,CNXMN,"Memphis, TN, USMEM","Savannah, GA, USSAV","Xiamen, 35, CNXMN",CNXMG,EGLV,EMC,SC103574,DRY,4,5/1/2026,6/30/2026,5/16/2026,1000,1000,0,0,1000,1000
USMEM,USSAV,CNYTN,"Memphis, TN, USMEM","Savannah, GA, USSAV","Yantian Pt, 44, CNYTN",CNYTN,EGLV,EMC,SC103574,DRY,4,5/1/2026,6/30/2026,5/16/2026,1700,1700,0,0,1700,1700
USMEM,USSAV,GTGUA,"Memphis, TN, USMEM","Savannah, GA, USSAV","Guatemala City, , GTGUA",GTSTC,EGLV,EMC,SC103574,DRY,2,4/20/2026,6/30/2026,5/16/2026,3500,3500,0,0,3500,3500
USMEM,USSAV,HNPCR,"Memphis, TN, USMEM","Savannah, GA, USSAV","Puerto Cortes, , HNPCR",HNPCR,EGLV,EMC,SC103574,DRY,2,4/20/2026,6/30/2026,5/16/2026,3000,3000,0,0,3000,3000
USMEM,USSAV,IDBLW,"Memphis, TN, USMEM","Savannah, GA, USSAV","Belawan, , IDBLW",IDBLW,EGLV,EMC,SC103574,DRY,4,5/1/2026,6/30/2026,5/16/2026,1100,1100,0,0,1100,1100
USMEM,USSAV,IDJKT,"Memphis, TN, USMEM","Savannah, GA, USSAV","Jakarta, JK, IDJKT",IDJKT,EGLV,EMC,SC103574,DRY,4,5/1/2026,6/30/2026,5/16/2026,1100,1100,0,0,1100,1100
USMEM,USSAV,IDSRG,"Memphis, TN, USMEM","Savannah, GA, USSAV","Semarang, JT, IDSRG",IDSRG,EGLV,EMC,SC103574,DRY,4,5/1/2026,6/30/2026,5/16/2026,1100,1100,0,0,1100,1100
USMEM,USSAV,IDSUB,"Memphis, TN, USMEM","Savannah, GA, USSAV","Surabaya, JI, IDSUB",IDSUB,EGLV,EMC,SC103574,DRY,4,5/1/2026,6/30/2026,5/16/2026,1100,1100,0,0,1100,1100
USMEM,USSAV,INNSA,"Memphis, TN, USMEM","Savannah, GA, USSAV","Nhava Sheva, MH, INNSA",INNSA,EGLV,EMC,SC103574,DRY,4,5/1/2026,6/30/2026,5/16/2026,2000,2000,0,0,2000,2000
USMEM,USSAV,JPHTD,"Memphis, TN, USMEM","Savannah, GA, USSAV","Hakata, 38, JPHTD",JPHTD,EGLV,EMC,SC103574,DRY,4,5/1/2026,6/30/2026,5/16/2026,1100,1100,0,0,1100,1100
USMEM,USSAV,JPNGO,"Memphis, TN, USMEM","Savannah, GA, USSAV","Nagoya, Aichi, 23, JPNGO",JPNGO,EGLV,EMC,SC103574,DRY,4,5/1/2026,6/30/2026,5/16/2026,1100,1100,0,0,1100,1100
USMEM,USSAV,JPOSA,"Memphis, TN, USMEM","Savannah, GA, USSAV","Osaka, 27, JPOSA",JPOSA,EGLV,EMC,SC103574,DRY,4,5/1/2026,6/30/2026,5/16/2026,1100,1100,0,0,1100,1100
USMEM,USSAV,JPUKB,"Memphis, TN, USMEM","Savannah, GA, USSAV","Kobe, 28, JPUKB",JPUKB,EGLV,EMC,SC103574,DRY,4,5/1/2026,6/30/2026,5/16/2026,1100,1100,0,0,1100,1100
USMEM,USSAV,PECLL,"Memphis, TN, USMEM","Savannah, GA, USSAV","Callao, , PECLL",PECLL,EGLV,EMC,SC103574,DRY,2,10/1/2025,9/30/2026,5/16/2026,1400,1400,0,0,1400,1400
USMEM,USSAV,PHDVO,"Memphis, TN, USMEM","Savannah, GA, USSAV","Davao, Mindanao, , PHDVO",PHDVO,EGLV,EMC,SC103574,DRY,4,5/1/2026,6/30/2026,5/16/2026,1000,1000,0,0,1000,1000
USMEM,USSAV,PHMNL,"Memphis, TN, USMEM","Savannah, GA, USSAV","Manila, , PHMNL",PHMNL,EGLV,EMC,SC103574,DRY,4,5/1/2026,6/30/2026,5/16/2026,1200,1200,0,0,1200,1200
USMEM,USSAV,PHMNS,"Memphis, TN, USMEM","Savannah, GA, USSAV","Manila South Harbour, , PHMNS",PHMNS,EGLV,EMC,SC103574,DRY,4,5/1/2026,6/30/2026,5/16/2026,1200,1200,0,0,1200,1200
USMEM,USSAV,PKKHI,"Memphis, TN, USMEM","Savannah, GA, USSAV","Karachi, SD, PKKHI",PKKHI,EGLV,EMC,SC103574,DRY,4,5/1/2026,6/30/2026,5/16/2026,1800,1800,0,0,1800,1800
USMEM,USSAV,THBKK,"Memphis, TN, USMEM","Savannah, GA, USSAV","Bangkok, , THBKK",THBKK,EGLV,EMC,SC103574,DRY,4,5/1/2026,6/30/2026,5/16/2026,1350,1350,0,0,1350,1350
USMEM,USSAV,THLCH,"Memphis, TN, USMEM","Savannah, GA, USSAV","Laem Chabang, 20, THLCH",THLCH,EGLV,EMC,SC103574,DRY,4,5/1/2026,6/30/2026,5/16/2026,1200,1200,0,0,1200,1200
USMEM,USSAV,TWKHH,"Memphis, TN, USMEM","Savannah, GA, USSAV","Kaohsiung, , TWKHH",TWKHH,EGLV,EMC,SC103574,DRY,4,5/1/2026,6/30/2026,5/16/2026,900,900,0,0,900,900
USMEM,USSAV,TWTPE,"Memphis, TN, USMEM","Savannah, GA, USSAV","Taipei, TPE, TWTPE",TWTPE,EGLV,EMC,SC103574,DRY,4,5/1/2026,6/30/2026,5/16/2026,1100,1100,0,0,1100,1100
USMEM,USSAV,VNDAD,"Memphis, TN, USMEM","Savannah, GA, USSAV","Da Nang, , VNDAD",VNDAD,EGLV,EMC,SC103574,DRY,4,5/1/2026,6/30/2026,5/16/2026,1200,1200,0,0,1200,1200
USMEM,USSAV,VNHPH,"Memphis, TN, USMEM","Savannah, GA, USSAV","Haiphong, , VNHPH",VNHPH,EGLV,EMC,SC103574,DRY,4,5/1/2026,6/30/2026,5/16/2026,1200,1200,0,0,1200,1200
USMEM,USSAV,VNSGN,"Memphis, TN, USMEM","Savannah, GA, USSAV","Ho Chi Minh City, , VNSGN",VNSGN,EGLV,EMC,SC103574,DRY,4,5/1/2026,6/30/2026,5/16/2026,1200,1200,0,0,1200,1200
USMEM,USSAV,VNTOT,"Memphis, TN, USMEM","Savannah, GA, USSAV","Cai Mep, 43, VNTOT",VNTOT,EGLV,EMC,SC103574,DRY,4,5/1/2026,6/30/2026,5/16/2026,1200,1200,0,0,1200,1200
USMEM,USSAV,BDCGP,"Memphis, TN, USMEM","Savannah, GA, USSAV","Chattogram/Chittagong, , BDCGP",BDCGP,OOLU,OOCL,MT256104,DRY,16,4/1/2026,6/30/2026,5/16/2026,2468,2468,0,0,2468,2468
USMEM,USSAV,CNDLC,"Memphis, TN, USMEM","Savannah, GA, USSAV","Dalian, 21, CNDLC",CNDLC,OOLU,OOCL,MT256104,DRY,16,4/1/2026,6/30/2026,5/16/2026,1393,1393,0,0,1393,1393
USMEM,USSAV,CNHUA,"Memphis, TN, USMEM","Savannah, GA, USSAV","Huangpu Pt, 44, CNHUA",CNHUA,OOLU,OOCL,MT256104,DRY,16,4/1/2026,6/30/2026,5/16/2026,1398,1398,0,0,1398,1398
USMEM,USSAV,CNNBG,"Memphis, TN, USMEM","Savannah, GA, USSAV","Ningbo Pt, 33, CNNBG",CNNBG,OOLU,OOCL,MT256104,DRY,16,4/1/2026,6/30/2026,5/16/2026,1043,1043,0,0,1043,1043
USMEM,USLAX,CNDLC,"Memphis, TN, USMEM","Los Angeles, CA, USLAX","Dalian, 21, CNDLC",CNDLC,OOLU,OOCL,MT256104,DRY,16,4/1/2026,6/30/2026,5/16/2026,1070,1070,0,0,1070,1070
USMEM,USLGB,CNDLC,"Memphis, TN, USMEM","Long Beach, CA, USLGB","Dalian, 21, CNDLC",CNDLC,OOLU,OOCL,MT256104,DRY,16,4/1/2026,6/30/2026,5/16/2026,1070,1070,0,0,1070,1070
USMEM,USLAX,CNHUA,"Memphis, TN, USMEM","Los Angeles, CA, USLAX","Huangpu Pt, 44, CNHUA",CNHUA,OOLU,OOCL,MT256104,DRY,16,4/1/2026,6/30/2026,5/16/2026,1000,1000,0,0,1000,1000
USMEM,USLGB,CNHUA,"Memphis, TN, USMEM","Long Beach, CA, USLGB","Huangpu Pt, 44, CNHUA",CNHUA,OOLU,OOCL,MT256104,DRY,16,4/1/2026,6/30/2026,5/16/2026,1000,1000,0,0,1000,1000
USMEM,USLAX,CNKPN,"Memphis, TN, USMEM","Los Angeles, CA, USLAX","Kaiping, 13, CNKPN",CNKPN,OOLU,OOCL,MT256104,DRY,16,4/1/2026,6/30/2026,5/16/2026,1030,1030,0,0,1030,1030
USMEM,USLGB,CNKPN,"Memphis, TN, USMEM","Long Beach, CA, USLGB","Kaiping, 13, CNKPN",CNKPN,OOLU,OOCL,MT256104,DRY,16,4/1/2026,6/30/2026,5/16/2026,1030,1030,0,0,1030,1030
USMEM,USLAX,CNLYG,"Memphis, TN, USMEM","Los Angeles, CA, USLAX","Lianyungang, 32, CNLYG",CNLYG,OOLU,OOCL,MT256104,DRY,16,4/1/2026,6/30/2026,5/16/2026,1690,1690,0,0,1690,1690
USMEM,USLGB,CNLYG,"Memphis, TN, USMEM","Long Beach, CA, USLGB","Lianyungang, 32, CNLYG",CNLYG,OOLU,OOCL,MT256104,DRY,16,4/1/2026,6/30/2026,5/16/2026,1690,1690,0,0,1690,1690
USMEM,USLAX,CNNSA,"Memphis, TN, USMEM","Los Angeles, CA, USLAX","Nansha Pt, 44, CNNSA",CNNSA,OOLU,OOCL,MT256104,DRY,16,4/1/2026,6/30/2026,5/16/2026,960,960,0,0,960,960
USMEM,USLGB,CNNSA,"Memphis, TN, USMEM","Long Beach, CA, USLGB","Nansha Pt, 44, CNNSA",CNNSA,OOLU,OOCL,MT256104,DRY,16,4/1/2026,6/30/2026,5/16/2026,960,960,0,0,960,960
USMEM,USLAX,CNNBG,"Memphis, TN, USMEM","Los Angeles, CA, USLAX","Ningbo Pt, 33, CNNBG",CNNBG,OOLU,OOCL,MT256104,DRY,16,4/1/2026,6/30/2026,5/16/2026,710,710,0,0,710,710
USMEM,USLGB,CNNBG,"Memphis, TN, USMEM","Long Beach, CA, USLGB","Ningbo Pt, 33, CNNBG",CNNBG,OOLU,OOCL,MT256104,DRY,16,4/1/2026,6/30/2026,5/16/2026,710,710,0,0,710,710
USMEM,USSAV,CNTAO,"Memphis, TN, USMEM","Savannah, GA, USSAV","Qingdao, 37, CNTAO",CNTAO,OOLU,OOCL,MT256104,DRY,16,4/1/2026,6/30/2026,5/16/2026,1103,1103,0,0,1103,1103
USMEM,USSAV,CNSHA,"Memphis, TN, USMEM","Savannah, GA, USSAV","Shanghai, 31, CNSHA",CNSHA,OOLU,OOCL,MT256104,DRY,16,4/1/2026,6/30/2026,5/16/2026,1043,1043,0,0,1043,1043
USMEM,USSAV,CNXMN,"Memphis, TN, USMEM","Savannah, GA, USSAV","Xiamen, 35, CNXMN",CNXMN,OOLU,OOCL,MT256104,DRY,16,4/1/2026,6/30/2026,5/16/2026,1043,1043,0,0,1043,1043
USMEM,USSAV,CNTXG,"Memphis, TN, USMEM","Savannah, GA, USSAV","Tianjin Xingang Pt, 12, CNTXG",CNTXG,OOLU,OOCL,MT256104,DRY,16,4/1/2026,6/30/2026,5/16/2026,1203,1203,0,0,1203,1203
USMEM,USLAX,CNTAO,"Memphis, TN, USMEM","Los Angeles, CA, USLAX","Qingdao, 37, CNTAO",CNTAO,OOLU,OOCL,MT256104,DRY,16,4/1/2026,6/30/2026,5/16/2026,710,710,0,0,710,710
USMEM,USLGB,CNTAO,"Memphis, TN, USMEM","Long Beach, CA, USLGB","Qingdao, 37, CNTAO",CNTAO,OOLU,OOCL,MT256104,DRY,16,4/1/2026,6/30/2026,5/16/2026,710,710,0,0,710,710
USMEM,USLAX,CNSBU,"Memphis, TN, USMEM","Los Angeles, CA, USLAX","Sanbu Pt, 44, CNSBU",CNSBU,OOLU,OOCL,MT256104,DRY,16,4/1/2026,6/30/2026,5/16/2026,1030,1030,0,0,1030,1030
USMEM,USLGB,CNSBU,"Memphis, TN, USMEM","Long Beach, CA, USLGB","Sanbu Pt, 44, CNSBU",CNSBU,OOLU,OOCL,MT256104,DRY,16,4/1/2026,6/30/2026,5/16/2026,1030,1030,0,0,1030,1030
USMEM,USLAX,CNSHA,"Memphis, TN, USMEM","Los Angeles, CA, USLAX","Shanghai, 31, CNSHA",CNSHA,OOLU,OOCL,MT256104,DRY,16,4/1/2026,6/30/2026,5/16/2026,710,710,0,0,710,710
USMEM,USLGB,CNSHA,"Memphis, TN, USMEM","Long Beach, CA, USLGB","Shanghai, 31, CNSHA",CNSHA,OOLU,OOCL,MT256104,DRY,16,4/1/2026,6/30/2026,5/16/2026,710,710,0,0,710,710
USMEM,USLAX,CNSHK,"Memphis, TN, USMEM","Los Angeles, CA, USLAX","Shekou Pt, 44, CNSHK",CNSHK,OOLU,OOCL,MT256104,DRY,16,4/1/2026,6/30/2026,5/16/2026,1440,1440,0,0,1440,1440
USMEM,USLGB,CNSHK,"Memphis, TN, USMEM","Long Beach, CA, USLGB","Shekou Pt, 44, CNSHK",CNSHK,OOLU,OOCL,MT256104,DRY,16,4/1/2026,6/30/2026,5/16/2026,1440,1440,0,0,1440,1440
USMEM,USLAX,CNXMN,"Memphis, TN, USMEM","Los Angeles, CA, USLAX","Xiamen, 35, CNXMN",CNXMN,OOLU,OOCL,MT256104,DRY,16,4/1/2026,6/30/2026,5/16/2026,710,710,0,0,710,710
USMEM,USLGB,CNXMN,"Memphis, TN, USMEM","Long Beach, CA, USLGB","Xiamen, 35, CNXMN",CNXMN,OOLU,OOCL,MT256104,DRY,16,4/1/2026,6/30/2026,5/16/2026,710,710,0,0,710,710
USMEM,USLAX,CNTXG,"Memphis, TN, USMEM","Los Angeles, CA, USLAX","Tianjin Xingang Pt, 12, CNTXG",CNTXG,OOLU,OOCL,MT256104,DRY,16,4/1/2026,6/30/2026,5/16/2026,960,960,0,0,960,960
USMEM,USSAV,CNYPG,"Memphis, TN, USMEM","Savannah, GA, USSAV","Yangpu Pt, 46, CNYPG",CNYPG,OOLU,OOCL,MT256104,DRY,16,4/1/2026,6/30/2026,5/16/2026,1043,1043,0,0,1043,1043
USMEM,USSAV,CNYTN,"Memphis, TN, USMEM","Savannah, GA, USSAV","Yantian Pt, 44, CNYTN",CNYTN,OOLU,OOCL,MT256104,DRY,16,4/1/2026,6/30/2026,5/16/2026,1043,1043,0,0,1043,1043
USMEM,USLGB,CNTXG,"Memphis, TN, USMEM","Long Beach, CA, USLGB","Tianjin Xingang Pt, 12, CNTXG",CNTXG,OOLU,OOCL,MT256104,DRY,16,4/1/2026,6/30/2026,5/16/2026,960,960,0,0,960,960
USMEM,USLAX,CNYPG,"Memphis, TN, USMEM","Los Angeles, CA, USLAX","Yangpu Pt, 46, CNYPG",CNYPG,OOLU,OOCL,MT256104,DRY,16,4/1/2026,6/30/2026,5/16/2026,710,710,0,0,710,710
USMEM,USLGB,CNYPG,"Memphis, TN, USMEM","Long Beach, CA, USLGB","Yangpu Pt, 46, CNYPG",CNYPG,OOLU,OOCL,MT256104,DRY,16,4/1/2026,6/30/2026,5/16/2026,710,710,0,0,710,710
USMEM,USLAX,CNYTN,"Memphis, TN, USMEM","Los Angeles, CA, USLAX","Yantian Pt, 44, CNYTN",CNYTN,OOLU,OOCL,MT256104,DRY,16,4/1/2026,6/30/2026,5/16/2026,710,710,0,0,710,710
USMEM,USLGB,CNYTN,"Memphis, TN, USMEM","Long Beach, CA, USLGB","Yantian Pt, 44, CNYTN",CNYTN,OOLU,OOCL,MT256104,DRY,16,4/1/2026,6/30/2026,5/16/2026,710,710,0,0,710,710
USMEM,USSAV,THBKK,"Memphis, TN, USMEM","Savannah, GA, USSAV","Bangkok, , THBKK",THBKK,OOLU,OOCL,MT256104,DRY,16,4/1/2026,6/30/2026,5/16/2026,1248,1248,0,0,1248,1248
USMEM,USSAV,IDBLW,"Memphis, TN, USMEM","Savannah, GA, USSAV","Belawan, , IDBLW",IDBLW,OOLU,OOCL,MT256104,DRY,16,4/1/2026,6/30/2026,5/16/2026,1443,1443,0,0,1443,1443
USMEM,USLAX,THBKK,"Memphis, TN, USMEM","Los Angeles, CA, USLAX","Bangkok, , THBKK",THBKK,OOLU,OOCL,MT256104,DRY,16,4/1/2026,6/30/2026,5/16/2026,1135,1135,0,0,1135,1135
USMEM,USLGB,THBKK,"Memphis, TN, USMEM","Long Beach, CA, USLGB","Bangkok, , THBKK",THBKK,OOLU,OOCL,MT256104,DRY,16,4/1/2026,6/30/2026,5/16/2026,1135,1135,0,0,1135,1135
USMEM,USLAX,IDBLW,"Memphis, TN, USMEM","Los Angeles, CA, USLAX","Belawan, , IDBLW",IDBLW,OOLU,OOCL,MT256104,DRY,16,4/1/2026,6/30/2026,5/16/2026,1185,1185,0,0,1185,1185
USMEM,USLGB,IDBLW,"Memphis, TN, USMEM","Long Beach, CA, USLGB","Belawan, , IDBLW",IDBLW,OOLU,OOCL,MT256104,DRY,16,4/1/2026,6/30/2026,5/16/2026,1185,1185,0,0,1185,1185
USMEM,USSAV,KRPUS,"Memphis, TN, USMEM","Savannah, GA, USSAV","Busan, 26, KRPUS",KRPUS,OOLU,OOCL,MT256104,DRY,16,4/1/2026,6/30/2026,5/16/2026,1093,1093,0,0,1093,1093
USMEM,USSAV,PHCEB,"Memphis, TN, USMEM","Savannah, GA, USSAV","Cebu, , PHCEB",PHCEB,OOLU,OOCL,MT256104,DRY,16,4/1/2026,6/30/2026,5/16/2026,1728,1728,0,0,1728,1728
USMEM,USSAV,VNHPH,"Memphis, TN, USMEM","Savannah, GA, USSAV","Haiphong, , VNHPH",VNHPH,OOLU,OOCL,MT256104,DRY,16,4/1/2026,6/30/2026,5/16/2026,968,968,0,0,968,968
USMEM,USSAV,INHAL,"Memphis, TN, USMEM","Savannah, GA, USSAV","Haldia, WB, INHAL",INHAL,OOLU,OOCL,MT256104,DRY,16,4/1/2026,6/30/2026,5/16/2026,3733,3733,0,0,3733,3733
USMEM,USSAV,VNSGN,"Memphis, TN, USMEM","Savannah, GA, USSAV","Ho Chi Minh City, , VNSGN",VNSGN,OOLU,OOCL,MT256104,DRY,16,4/1/2026,6/30/2026,5/16/2026,1043,1043,0,0,1043,1043
USMEM,USLAX,KRPUS,"Memphis, TN, USMEM","Los Angeles, CA, USLAX","Busan, 26, KRPUS",KRPUS,OOLU,OOCL,MT256104,DRY,16,4/1/2026,6/30/2026,5/16/2026,710,710,0,0,710,710
USMEM,USLGB,KRPUS,"Memphis, TN, USMEM","Long Beach, CA, USLGB","Busan, 26, KRPUS",KRPUS,OOLU,OOCL,MT256104,DRY,16,4/1/2026,6/30/2026,5/16/2026,710,710,0,0,710,710
USMEM,USLAX,PHCEB,"Memphis, TN, USMEM","Los Angeles, CA, USLAX","Cebu, , PHCEB",PHCEB,OOLU,OOCL,MT256104,DRY,16,4/1/2026,6/30/2026,5/16/2026,1370,1370,0,0,1370,1370
USMEM,USLGB,PHCEB,"Memphis, TN, USMEM","Long Beach, CA, USLGB","Cebu, , PHCEB",PHCEB,OOLU,OOCL,MT256104,DRY,16,4/1/2026,6/30/2026,5/16/2026,1370,1370,0,0,1370,1370
USMEM,USLAX,IDCKR,"Memphis, TN, USMEM","Los Angeles, CA, USLAX","Cikarang, JB, IDCKR",IDCKR,OOLU,OOCL,MT256104,DRY,16,4/1/2026,6/30/2026,5/16/2026,1385,1385,0,0,1385,1385
USMEM,USLGB,IDCKR,"Memphis, TN, USMEM","Long Beach, CA, USLGB","Cikarang, JB, IDCKR",IDCKR,OOLU,OOCL,MT256104,DRY,16,4/1/2026,6/30/2026,5/16/2026,1385,1385,0,0,1385,1385
USMEM,USLAX,VNHPH,"Memphis, TN, USMEM","Los Angeles, CA, USLAX","Haiphong, , VNHPH",VNHPH,OOLU,OOCL,MT256104,DRY,16,4/1/2026,6/30/2026,5/16/2026,650,650,0,0,650,650
USMEM,USLGB,VNHPH,"Memphis, TN, USMEM","Long Beach, CA, USLGB","Haiphong, , VNHPH",VNHPH,OOLU,OOCL,MT256104,DRY,16,4/1/2026,6/30/2026,5/16/2026,650,650,0,0,650,650
USMEM,USLAX,INHAL,"Memphis, TN, USMEM","Los Angeles, CA, USLAX","Haldia, WB, INHAL",INHAL,OOLU,OOCL,MT256104,DRY,16,4/1/2026,6/30/2026,5/16/2026,3565,3565,0,0,3565,3565
USMEM,USLGB,INHAL,"Memphis, TN, USMEM","Long Beach, CA, USLGB","Haldia, WB, INHAL",INHAL,OOLU,OOCL,MT256104,DRY,16,4/1/2026,6/30/2026,5/16/2026,3565,3565,0,0,3565,3565
USMEM,USLAX,VNSGN,"Memphis, TN, USMEM","Los Angeles, CA, USLAX","Ho Chi Minh City, , VNSGN",VNSGN,OOLU,OOCL,MT256104,DRY,16,4/1/2026,6/30/2026,5/16/2026,660,660,0,0,660,660
USMEM,USSAV,HKHKG,"Memphis, TN, USMEM","Savannah, GA, USSAV","Hong Kong, , HKHKG",HKHKG,OOLU,OOCL,MT256104,DRY,16,4/1/2026,6/30/2026,5/16/2026,1093,1093,0,0,1093,1093
USMEM,USSAV,IDJKT,"Memphis, TN, USMEM","Savannah, GA, USSAV","Jakarta, JK, IDJKT",IDJKT,OOLU,OOCL,MT256104,DRY,16,4/1/2026,6/30/2026,5/16/2026,1443,1443,0,0,1443,1443
USMEM,USSAV,TWKHH,"Memphis, TN, USMEM","Savannah, GA, USSAV","Kaohsiung, , TWKHH",TWKHH,OOLU,OOCL,MT256104,DRY,16,4/1/2026,6/30/2026,5/16/2026,1068,1068,0,0,1068,1068
USMEM,USSAV,INKTP,"Memphis, TN, USMEM","Savannah, GA, USSAV","Kattupalli Port, TN, INKTP",INKTP,OOLU,OOCL,MT256104,DRY,16,4/1/2026,6/30/2026,5/16/2026,2113,2113,0,0,2113,2113
USMEM,USLGB,VNSGN,"Memphis, TN, USMEM","Long Beach, CA, USLGB","Ho Chi Minh City, , VNSGN",VNSGN,OOLU,OOCL,MT256104,DRY,16,4/1/2026,6/30/2026,5/16/2026,660,660,0,0,660,660
USMEM,USLAX,HKHKG,"Memphis, TN, USMEM","Los Angeles, CA, USLAX","Hong Kong, , HKHKG",HKHKG,OOLU,OOCL,MT256104,DRY,16,4/1/2026,6/30/2026,5/16/2026,710,710,0,0,710,710
USMEM,USLGB,HKHKG,"Memphis, TN, USMEM","Long Beach, CA, USLGB","Hong Kong, , HKHKG",HKHKG,OOLU,OOCL,MT256104,DRY,16,4/1/2026,6/30/2026,5/16/2026,710,710,0,0,710,710
USMEM,USLAX,IDJKT,"Memphis, TN, USMEM","Los Angeles, CA, USLAX","Jakarta, JK, IDJKT",IDJKT,OOLU,OOCL,MT256104,DRY,16,4/1/2026,6/30/2026,5/16/2026,1185,1185,0,0,1185,1185
USMEM,USLGB,IDJKT,"Memphis, TN, USMEM","Long Beach, CA, USLGB","Jakarta, JK, IDJKT",IDJKT,OOLU,OOCL,MT256104,DRY,16,4/1/2026,6/30/2026,5/16/2026,1185,1185,0,0,1185,1185
USMEM,USLAX,TWKHH,"Memphis, TN, USMEM","Los Angeles, CA, USLAX","Kaohsiung, , TWKHH",TWKHH,OOLU,OOCL,MT256104,DRY,16,4/1/2026,6/30/2026,5/16/2026,710,710,0,0,710,710
USMEM,USLGB,TWKHH,"Memphis, TN, USMEM","Long Beach, CA, USLGB","Kaohsiung, , TWKHH",TWKHH,OOLU,OOCL,MT256104,DRY,16,4/1/2026,6/30/2026,5/16/2026,710,710,0,0,710,710
USMEM,USLAX,INKTP,"Memphis, TN, USMEM","Los Angeles, CA, USLAX","Kattupalli Port, TN, INKTP",INKTP,OOLU,OOCL,MT256104,DRY,16,4/1/2026,6/30/2026,5/16/2026,1785,1785,0,0,1785,1785
USMEM,USLGB,INKTP,"Memphis, TN, USMEM","Long Beach, CA, USLGB","Kattupalli Port, TN, INKTP",INKTP,OOLU,OOCL,MT256104,DRY,16,4/1/2026,6/30/2026,5/16/2026,1785,1785,0,0,1785,1785
USMEM,USLAX,TWKEL,"Memphis, TN, USMEM","Los Angeles, CA, USLAX","Keelung, , TWKEL",TWKEL,OOLU,OOCL,MT256104,DRY,16,4/1/2026,6/30/2026,5/16/2026,890,890,0,0,890,890
USMEM,USLGB,TWKEL,"Memphis, TN, USMEM","Long Beach, CA, USLGB","Keelung, , TWKEL",TWKEL,OOLU,OOCL,MT256104,DRY,16,4/1/2026,6/30/2026,5/16/2026,890,890,0,0,890,890
USMEM,USSAV,TWKEL,"Memphis, TN, USMEM","Savannah, GA, USSAV","Keelung, , TWKEL",TWKEL,OOLU,OOCL,MT256104,DRY,16,4/1/2026,6/30/2026,5/16/2026,1348,1348,0,0,1348,1348
USMEM,USSAV,INKOC,"Memphis, TN, USMEM","Savannah, GA, USSAV","Kochi, , INKOC",INKOC,OOLU,OOCL,MT256104,DRY,16,4/1/2026,6/30/2026,5/16/2026,3963,3963,0,0,3963,3963
USMEM,USSAV,THLCH,"Memphis, TN, USMEM","Savannah, GA, USSAV","Laem Chabang, 20, THLCH",THLCH,OOLU,OOCL,MT256104,DRY,16,4/1/2026,6/30/2026,5/16/2026,993,993,0,0,993,993
USMEM,USSAV,THLKR,"Memphis, TN, USMEM","Savannah, GA, USSAV","Lat Krabang, 10, THLKR",THLKR,OOLU,OOCL,MT256104,DRY,16,4/1/2026,6/30/2026,5/16/2026,1133,1133,0,0,1133,1133
USMEM,USSAV,PHMNL,"Memphis, TN, USMEM","Savannah, GA, USSAV","Manila, , PHMNL",PHMNL,OOLU,OOCL,MT256104,DRY,16,4/1/2026,6/30/2026,5/16/2026,1728,1728,0,0,1728,1728
USMEM,USSAV,INMUN,"Memphis, TN, USMEM","Savannah, GA, USSAV","Mundra, GJ, INMUN",INMUN,OOLU,OOCL,MT256104,DRY,16,4/1/2026,6/30/2026,5/16/2026,1523,1523,0,0,1523,1523
USMEM,USLAX,INKOC,"Memphis, TN, USMEM","Los Angeles, CA, USLAX","Kochi, , INKOC",INKOC,OOLU,OOCL,MT256104,DRY,16,4/1/2026,6/30/2026,5/16/2026,2635,2635,0,0,2635,2635
USMEM,USLGB,INKOC,"Memphis, TN, USMEM","Long Beach, CA, USLGB","Kochi, , INKOC",INKOC,OOLU,OOCL,MT256104,DRY,16,4/1/2026,6/30/2026,5/16/2026,2635,2635,0,0,2635,2635
USMEM,USLAX,KRKAN,"Memphis, TN, USMEM","Los Angeles, CA, USLAX","Gwangyang, 46, KRKAN",KRKAN,OOLU,OOCL,MT256104,DRY,16,4/1/2026,6/30/2026,5/16/2026,785,785,0,0,785,785
USMEM,USLGB,KRKAN,"Memphis, TN, USMEM","Long Beach, CA, USLGB","Gwangyang, 46, KRKAN",KRKAN,OOLU,OOCL,MT256104,DRY,16,4/1/2026,6/30/2026,5/16/2026,785,785,0,0,785,785
USMEM,USLAX,THLCH,"Memphis, TN, USMEM","Los Angeles, CA, USLAX","Laem Chabang, 20, THLCH",THLCH,OOLU,OOCL,MT256104,DRY,16,4/1/2026,6/30/2026,5/16/2026,735,735,0,0,735,735
USMEM,USLGB,THLCH,"Memphis, TN, USMEM","Long Beach, CA, USLGB","Laem Chabang, 20, THLCH",THLCH,OOLU,OOCL,MT256104,DRY,16,4/1/2026,6/30/2026,5/16/2026,735,735,0,0,735,735
USMEM,USLAX,THLKR,"Memphis, TN, USMEM","Los Angeles, CA, USLAX","Lat Krabang, 10, THLKR",THLKR,OOLU,OOCL,MT256104,DRY,16,4/1/2026,6/30/2026,5/16/2026,1135,1135,0,0,1135,1135
USMEM,USLGB,THLKR,"Memphis, TN, USMEM","Long Beach, CA, USLGB","Lat Krabang, 10, THLKR",THLKR,OOLU,OOCL,MT256104,DRY,16,4/1/2026,6/30/2026,5/16/2026,1135,1135,0,0,1135,1135
USMEM,USLAX,PHMNL,"Memphis, TN, USMEM","Los Angeles, CA, USLAX","Manila, , PHMNL",PHMNL,OOLU,OOCL,MT256104,DRY,16,4/1/2026,6/30/2026,5/16/2026,1370,1370,0,0,1370,1370
USMEM,USLGB,PHMNL,"Memphis, TN, USMEM","Long Beach, CA, USLGB","Manila, , PHMNL",PHMNL,OOLU,OOCL,MT256104,DRY,16,4/1/2026,6/30/2026,5/16/2026,1370,1370,0,0,1370,1370
USMEM,USSAV,INNSA,"Memphis, TN, USMEM","Savannah, GA, USSAV","Nhava Sheva, MH, INNSA",INNSA,OOLU,OOCL,MT256104,DRY,16,4/1/2026,6/30/2026,5/16/2026,1523,1523,0,0,1523,1523
USMEM,USSAV,MYPGU,"Memphis, TN, USMEM","Savannah, GA, USSAV","Pasir Gudang, Johor, , MYPGU",MYPGU,OOLU,OOCL,MT256104,DRY,16,4/1/2026,6/30/2026,5/16/2026,1738,1738,0,0,1738,1738
USMEM,USSAV,MYPEN,"Memphis, TN, USMEM","Savannah, GA, USSAV","Penang, , MYPEN",MYPEN,OOLU,OOCL,MT256104,DRY,16,4/1/2026,6/30/2026,5/16/2026,1738,1738,0,0,1738,1738
USMEM,USSAV,MYPKG,"Memphis, TN, USMEM","Savannah, GA, USSAV","Port Klang, 10, MYPKG",MYPKG,OOLU,OOCL,MT256104,DRY,16,4/1/2026,6/30/2026,5/16/2026,1143,1143,0,0,1143,1143
USMEM,USSAV,PKBQM,"Memphis, TN, USMEM","Savannah, GA, USSAV","Port Qasim/Karachi, SD, PKBQM",PKBQM,OOLU,OOCL,MT256104,DRY,16,4/1/2026,6/30/2026,5/16/2026,1473,1473,0,0,1473,1473
USMEM,USLAX,INNSA,"Memphis, TN, USMEM","Los Angeles, CA, USLAX","Nhava Sheva, MH, INNSA",INNSA,OOLU,OOCL,MT256104,DRY,16,4/1/2026,6/30/2026,5/16/2026,1265,1265,0,0,1265,1265
USMEM,USLGB,INNSA,"Memphis, TN, USMEM","Long Beach, CA, USLGB","Nhava Sheva, MH, INNSA",INNSA,OOLU,OOCL,MT256104,DRY,16,4/1/2026,6/30/2026,5/16/2026,1265,1265,0,0,1265,1265
USMEM,USLAX,MYPGU,"Memphis, TN, USMEM","Los Angeles, CA, USLAX","Pasir Gudang, Johor, , MYPGU",MYPGU,OOLU,OOCL,MT256104,DRY,16,4/1/2026,6/30/2026,5/16/2026,1365,1365,0,0,1365,1365
USMEM,USLGB,MYPGU,"Memphis, TN, USMEM","Long Beach, CA, USLGB","Pasir Gudang, Johor, , MYPGU",MYPGU,OOLU,OOCL,MT256104,DRY,16,4/1/2026,6/30/2026,5/16/2026,1365,1365,0,0,1365,1365
USMEM,USLAX,MYPEN,"Memphis, TN, USMEM","Los Angeles, CA, USLAX","Penang, , MYPEN",MYPEN,OOLU,OOCL,MT256104,DRY,16,4/1/2026,6/30/2026,5/16/2026,1335,1335,0,0,1335,1335
USMEM,USLGB,MYPEN,"Memphis, TN, USMEM","Long Beach, CA, USLGB","Penang, , MYPEN",MYPEN,OOLU,OOCL,MT256104,DRY,16,4/1/2026,6/30/2026,5/16/2026,1335,1335,0,0,1335,1335
USMEM,USLAX,MYPKG,"Memphis, TN, USMEM","Los Angeles, CA, USLAX","Port Klang, 10, MYPKG",MYPKG,OOLU,OOCL,MT256104,DRY,16,4/1/2026,6/30/2026,5/16/2026,825,825,0,0,825,825
USMEM,USLGB,MYPKG,"Memphis, TN, USMEM","Long Beach, CA, USLGB","Port Klang, 10, MYPKG",MYPKG,OOLU,OOCL,MT256104,DRY,16,4/1/2026,6/30/2026,5/16/2026,825,825,0,0,825,825
USMEM,USLAX,INRJU,"Memphis, TN, USMEM","Los Angeles, CA, USLAX","Rajula, GJ, INRJU",INRJU,OOLU,OOCL,MT256104,DRY,16,4/1/2026,6/30/2026,5/16/2026,1760,1760,0,0,1760,1760
USMEM,USLGB,INRJU,"Memphis, TN, USMEM","Long Beach, CA, USLGB","Rajula, GJ, INRJU",INRJU,OOLU,OOCL,MT256104,DRY,16,4/1/2026,6/30/2026,5/16/2026,1760,1760,0,0,1760,1760
USMEM,USLAX,IDSRG,"Memphis, TN, USMEM","Los Angeles, CA, USLAX","Semarang, JT, IDSRG",IDSRG,OOLU,OOCL,MT256104,DRY,16,4/1/2026,6/30/2026,5/16/2026,1185,1185,0,0,1185,1185
USMEM,USSAV,IDSRG,"Memphis, TN, USMEM","Savannah, GA, USSAV","Semarang, JT, IDSRG",IDSRG,OOLU,OOCL,MT256104,DRY,16,4/1/2026,6/30/2026,5/16/2026,1443,1443,0,0,1443,1443
USMEM,USSAV,KHKOS,"Memphis, TN, USMEM","Savannah, GA, USSAV","Sihanoukville (Kampong Saom), , KHKOS",KHKOS,OOLU,OOCL,MT256104,DRY,16,4/1/2026,6/30/2026,5/16/2026,2463,2463,0,0,2463,2463
USMEM,USSAV,SGSIN,"Memphis, TN, USMEM","Savannah, GA, USSAV","Singapore, , SGSIN",SGSIN,OOLU,OOCL,MT256104,DRY,16,4/1/2026,6/30/2026,5/16/2026,1143,1143,0,0,1143,1143
USMEM,USSAV,IDSUB,"Memphis, TN, USMEM","Savannah, GA, USSAV","Surabaya, JI, IDSUB",IDSUB,OOLU,OOCL,MT256104,DRY,16,4/1/2026,6/30/2026,5/16/2026,1443,1443,0,0,1443,1443
USMEM,USSAV,TWTXG,"Memphis, TN, USMEM","Savannah, GA, USSAV","Taichung, , TWTXG",TWTXG,OOLU,OOCL,MT256104,DRY,16,4/1/2026,6/30/2026,5/16/2026,1348,1348,0,0,1348,1348
USMEM,USLGB,IDSRG,"Memphis, TN, USMEM","Long Beach, CA, USLGB","Semarang, JT, IDSRG",IDSRG,OOLU,OOCL,MT256104,DRY,16,4/1/2026,6/30/2026,5/16/2026,1185,1185,0,0,1185,1185
USMEM,USLAX,KHKOS,"Memphis, TN, USMEM","Los Angeles, CA, USLAX","Sihanoukville (Kampong Saom), , KHKOS",KHKOS,OOLU,OOCL,MT256104,DRY,16,4/1/2026,6/30/2026,5/16/2026,2040,2040,0,0,2040,2040
USMEM,USLGB,KHKOS,"Memphis, TN, USMEM","Long Beach, CA, USLGB","Sihanoukville (Kampong Saom), , KHKOS",KHKOS,OOLU,OOCL,MT256104,DRY,16,4/1/2026,6/30/2026,5/16/2026,2040,2040,0,0,2040,2040
USMEM,USLAX,SGSIN,"Memphis, TN, USMEM","Los Angeles, CA, USLAX","Singapore, , SGSIN",SGSIN,OOLU,OOCL,MT256104,DRY,16,4/1/2026,6/30/2026,5/16/2026,885,885,0,0,885,885
USMEM,USLGB,SGSIN,"Memphis, TN, USMEM","Long Beach, CA, USLGB","Singapore, , SGSIN",SGSIN,OOLU,OOCL,MT256104,DRY,16,4/1/2026,6/30/2026,5/16/2026,885,885,0,0,885,885
USMEM,USLAX,IDSUB,"Memphis, TN, USMEM","Los Angeles, CA, USLAX","Surabaya, JI, IDSUB",IDSUB,OOLU,OOCL,MT256104,DRY,16,4/1/2026,6/30/2026,5/16/2026,1185,1185,0,0,1185,1185
USMEM,USLGB,IDSUB,"Memphis, TN, USMEM","Long Beach, CA, USLGB","Surabaya, JI, IDSUB",IDSUB,OOLU,OOCL,MT256104,DRY,16,4/1/2026,6/30/2026,5/16/2026,1185,1185,0,0,1185,1185
USMEM,USLAX,TWTXG,"Memphis, TN, USMEM","Los Angeles, CA, USLAX","Taichung, , TWTXG",TWTXG,OOLU,OOCL,MT256104,DRY,16,4/1/2026,6/30/2026,5/16/2026,890,890,0,0,890,890
USMEM,USLGB,TWTXG,"Memphis, TN, USMEM","Long Beach, CA, USLGB","Taichung, , TWTXG",TWTXG,OOLU,OOCL,MT256104,DRY,16,4/1/2026,6/30/2026,5/16/2026,890,890,0,0,890,890
USMEM,USLAX,TWTPE,"Memphis, TN, USMEM","Los Angeles, CA, USLAX","Taipei, TPE, TWTPE",TWTPE,OOLU,OOCL,MT256104,DRY,16,4/1/2026,6/30/2026,5/16/2026,810,810,0,0,810,810
USMEM,USSAV,VNTTH,"Memphis, TN, USMEM","Savannah, GA, USSAV","Tan Thanh, 43, VNTTH",VNTTH,OOLU,OOCL,MT256104,DRY,16,4/1/2026,6/30/2026,5/16/2026,993,993,0,0,993,993
USMEM,USSAV,INTUT,"Memphis, TN, USMEM","Savannah, GA, USSAV","Tuticorin, TN, INTUT",INTUT,OOLU,OOCL,MT256104,DRY,16,4/1/2026,6/30/2026,5/16/2026,2893,2893,0,0,2893,2893
USMEM,USLGB,TWTPE,"Memphis, TN, USMEM","Long Beach, CA, USLGB","Taipei, TPE, TWTPE",TWTPE,OOLU,OOCL,MT256104,DRY,16,4/1/2026,6/30/2026,5/16/2026,810,810,0,0,810,810
USMEM,USLAX,VNTTH,"Memphis, TN, USMEM","Los Angeles, CA, USLAX","Tan Thanh, 43, VNTTH",VNTTH,OOLU,OOCL,MT256104,DRY,16,4/1/2026,6/30/2026,5/16/2026,650,650,0,0,650,650
USMEM,USLGB,VNTTH,"Memphis, TN, USMEM","Long Beach, CA, USLGB","Tan Thanh, 43, VNTTH",VNTTH,OOLU,OOCL,MT256104,DRY,16,4/1/2026,6/30/2026,5/16/2026,650,650,0,0,650,650
USMEM,USLAX,INTUT,"Memphis, TN, USMEM","Los Angeles, CA, USLAX","Tuticorin, TN, INTUT",INTUT,OOLU,OOCL,MT256104,DRY,16,4/1/2026,6/30/2026,5/16/2026,1710,1710,0,0,1710,1710
USMEM,USLGB,INTUT,"Memphis, TN, USMEM","Long Beach, CA, USLGB","Tuticorin, TN, INTUT",INTUT,OOLU,OOCL,MT256104,DRY,16,4/1/2026,6/30/2026,5/16/2026,1710,1710,0,0,1710,1710
USMEM,USSAV,TRALI,"Memphis, TN, USMEM","Savannah, GA, USSAV","Aliaga, 35, TRALI",TRALI,OOLU,OOCL,MT256104,DRY,16,4/1/2026,6/30/2026,5/16/2026,1310,1310,0,0,1310,1310
USMEM,USSAV,EGEDK,"Memphis, TN, USMEM","Savannah, GA, USSAV","El Dekheila, , EGEDK",EGEDK,OOLU,OOCL,MT256104,DRY,16,4/1/2026,6/30/2026,5/16/2026,1335,1335,0,0,1335,1335
USMEM,USCHS,TRGEM,"Memphis, TN, USMEM","Charleston, SC, USCHS","Gemlik, 16, TRGEM",TRGEM,OOLU,OOCL,MT256104,DRY,16,4/1/2026,6/30/2026,5/16/2026,1735,1735,0,0,1735,1735
USMEM,USSAV,TRGEM,"Memphis, TN, USMEM","Savannah, GA, USSAV","Gemlik, 16, TRGEM",TRGEM,OOLU,OOCL,MT256104,DRY,16,4/1/2026,6/30/2026,5/16/2026,1735,1735,0,0,1735,1735
USMEM,USCHS,TRGEB,"Memphis, TN, USMEM","Charleston, SC, USCHS","Gebze, 41, TRGEB",TRGEB,OOLU,OOCL,MT256104,DRY,16,4/1/2026,6/30/2026,5/16/2026,1735,1735,0,0,1735,1735
USMEM,USSAV,TRGEB,"Memphis, TN, USMEM","Savannah, GA, USSAV","Gebze, 41, TRGEB",TRGEB,OOLU,OOCL,MT256104,DRY,16,4/1/2026,6/30/2026,5/16/2026,1735,1735,0,0,1735,1735
USMEM,USSAV,TRISK,"Memphis, TN, USMEM","Savannah, GA, USSAV","Iskenderun, 31, TRISK",TRISK,OOLU,OOCL,MT256104,DRY,16,4/1/2026,6/30/2026,5/16/2026,1233,1233,0,0,1233,1233
USMEM,USSAV,TRIZM,"Memphis, TN, USMEM","Savannah, GA, USSAV","Izmir, 35, TRIZM",TRIZM,OOLU,OOCL,MT256104,DRY,16,4/1/2026,6/30/2026,5/16/2026,1710,1710,0,0,1710,1710
USMEM,USSAV,TRMER,"Memphis, TN, USMEM","Savannah, GA, USSAV","Mersin, 33, TRMER",TRMER,OOLU,OOCL,MT256104,DRY,16,4/1/2026,6/30/2026,5/16/2026,1752,1752,0,0,1752,1752
USMEM,USSAV,THBMT,"Memphis, TN, USMEM","Savannah, GA, USSAV","Bangkok Modern Terminals, , THBMT",THBMT,YMJA,YML,051625,DRY,10,5/13/2026,6/30/2026,5/16/2026,908,908,0,0,908,908
USMEM,USCHS,THBMT,"Memphis, TN, USMEM","Charleston, SC, USCHS","Bangkok Modern Terminals, , THBMT",THBMT,YMJA,YML,051625,DRY,10,5/13/2026,6/30/2026,5/16/2026,907,907,0,0,907,907
USMEM,USLAX,IDBLW,"Memphis, TN, USMEM","Los Angeles, CA, USLAX","Belawan, , IDBLW",IDBLW,YMJA,YML,051625,DRY,10,5/13/2026,6/30/2026,5/16/2026,2300,2300,0,0,2300,2300
USMEM,USLAX,AUBNE,"Memphis, TN, USMEM","Los Angeles, CA, USLAX","Brisbane, QLD, AUBNE",AUBNE,YMJA,YML,051625,DRY,10,5/13/2026,6/30/2026,5/16/2026,2600,2600,0,0,2600,2600
USMEM,USLAX,VNCMT,"Memphis, TN, USMEM","Los Angeles, CA, USLAX","Cai Mep Terminal, 43, VNCMT",VNCMT,YMJA,YML,051625,DRY,10,5/13/2026,6/30/2026,5/16/2026,1050,1050,0,0,1050,1050
USMEM,USSAV,VNCMT,"Memphis, TN, USMEM","Savannah, GA, USSAV","Cai Mep Terminal, 43, VNCMT",VNCMT,YMJA,YML,051625,DRY,10,5/13/2026,6/30/2026,5/16/2026,658,658,0,0,658,658
USMEM,USCHS,VNCMT,"Memphis, TN, USMEM","Charleston, SC, USCHS","Cai Mep Terminal, 43, VNCMT",VNCMT,YMJA,YML,051625,DRY,10,5/13/2026,6/30/2026,5/16/2026,657,657,0,0,657,657
USMEM,USLAX,VNCLI,"Memphis, TN, USMEM","Los Angeles, CA, USLAX","Cat Lai, 65, VNCLI",VNCMT,YMJA,YML,051625,DRY,10,5/13/2026,6/30/2026,5/16/2026,1000,1000,0,0,1000,1000
USMEM,USSAV,VNCLI,"Memphis, TN, USMEM","Savannah, GA, USSAV","Cat Lai, 65, VNCLI",VNCLI,YMJA,YML,051625,DRY,10,5/13/2026,6/30/2026,5/16/2026,658,658,0,0,658,658
USMEM,USCHS,VNCLI,"Memphis, TN, USMEM","Charleston, SC, USCHS","Cat Lai, 65, VNCLI",VNCLI,YMJA,YML,051625,DRY,10,5/13/2026,6/30/2026,5/16/2026,657,657,0,0,657,657
USMEM,USLAX,BDCGP,"Memphis, TN, USMEM","Los Angeles, CA, USLAX","Chattogram/Chittagong, , BDCGP",BDCGP,YMJA,YML,051625,DRY,10,5/13/2026,6/30/2026,5/16/2026,2190,2190,0,0,2190,2190
USMEM,USSAV,BDCGP,"Memphis, TN, USMEM","Savannah, GA, USSAV","Chattogram/Chittagong, , BDCGP",BDCGP,YMJA,YML,051625,DRY,10,5/13/2026,6/30/2026,5/16/2026,2198,2198,0,0,2198,2198
USMEM,USCHS,BDCGP,"Memphis, TN, USMEM","Charleston, SC, USCHS","Chattogram/Chittagong, , BDCGP",BDCGP,YMJA,YML,051625,DRY,10,5/13/2026,6/30/2026,5/16/2026,2197,2197,0,0,2197,2197
USMEM,USLAX,VNDAD,"Memphis, TN, USMEM","Los Angeles, CA, USLAX","Da Nang, , VNDAD",VNDAD,YMJA,YML,051625,DRY,10,5/13/2026,6/30/2026,5/16/2026,1175,1175,0,0,1175,1175
USMEM,USLAX,VNHPH,"Memphis, TN, USMEM","Los Angeles, CA, USLAX","Haiphong, , VNHPH",VNHPH,YMJA,YML,051625,DRY,10,5/13/2026,6/30/2026,5/16/2026,1000,1000,0,0,1000,1000
USMEM,USSAV,VNHPH,"Memphis, TN, USMEM","Savannah, GA, USSAV","Haiphong, , VNHPH",VNHPH,YMJA,YML,051625,DRY,10,5/13/2026,6/30/2026,5/16/2026,758,758,0,0,758,758
USMEM,USCHS,VNHPH,"Memphis, TN, USMEM","Charleston, SC, USCHS","Haiphong, , VNHPH",VNHPH,YMJA,YML,051625,DRY,10,5/13/2026,6/30/2026,5/16/2026,757,757,0,0,757,757
USMEM,USLAX,VNSGN,"Memphis, TN, USMEM","Los Angeles, CA, USLAX","Ho Chi Minh City, , VNSGN",VNSGN,YMJA,YML,051625,DRY,10,5/13/2026,6/30/2026,5/16/2026,1130,1130,0,0,1130,1130
USMEM,USLAX,HKHKG,"Memphis, TN, USMEM","Los Angeles, CA, USLAX","Hong Kong, , HKHKG",HKHKG,YMJA,YML,051625,DRY,10,5/13/2026,6/30/2026,5/16/2026,1175,1175,0,0,1175,1175
USMEM,USLAX,CNHUA,"Memphis, TN, USMEM","Los Angeles, CA, USLAX","Huangpu Pt, 44, CNHUA",CNHUA,YMJA,YML,051625,DRY,10,5/13/2026,6/30/2026,5/16/2026,1450,1450,0,0,1450,1450
USMEM,USLAX,CNGZG,"Memphis, TN, USMEM","Los Angeles, CA, USLAX","Guangzhou Pt, 22, CNGZG",CNGZG,YMJA,YML,051625,DRY,10,5/13/2026,6/30/2026,5/16/2026,1450,1450,0,0,1450,1450
USMEM,USLAX,KRINC,"Memphis, TN, USMEM","Los Angeles, CA, USLAX","Incheon, 28, KRINC",KRPUS,YMJA,YML,051625,DRY,10,5/13/2026,6/30/2026,5/16/2026,2280,2280,0,0,2280,2280
USMEM,USLAX,KRINC,"Memphis, TN, USMEM","Los Angeles, CA, USLAX","Incheon, 28, KRINC",KRKAN,YMJA,YML,051625,DRY,10,5/13/2026,6/30/2026,5/16/2026,2280,2280,0,0,2280,2280
USMEM,USLAX,KRINC,"Memphis, TN, USMEM","Los Angeles, CA, USLAX","Incheon, 28, KRINC",KRINC,YMJA,YML,051625,DRY,10,5/13/2026,6/30/2026,5/16/2026,1200,1200,0,0,1200,1200
USMEM,USLAX,IDJKT,"Memphis, TN, USMEM","Los Angeles, CA, USLAX","Jakarta, JK, IDJKT",IDJKT,YMJA,YML,051625,DRY,10,5/13/2026,6/30/2026,5/16/2026,1490,1490,0,0,1490,1490
USMEM,USSAV,IDJKT,"Memphis, TN, USMEM","Savannah, GA, USSAV","Jakarta, JK, IDJKT",IDJKT,YMJA,YML,051625,DRY,10,5/13/2026,6/30/2026,5/16/2026,1058,1058,0,0,1058,1058
USMEM,USCHS,IDJKT,"Memphis, TN, USMEM","Charleston, SC, USCHS","Jakarta, JK, IDJKT",IDJKT,YMJA,YML,051625,DRY,10,5/13/2026,6/30/2026,5/16/2026,1057,1057,0,0,1057,1057
USMEM,USLAX,TWKHH,"Memphis, TN, USMEM","Los Angeles, CA, USLAX","Kaohsiung, , TWKHH",TWKHH,YMJA,YML,051625,DRY,10,5/13/2026,6/30/2026,5/16/2026,900,900,0,0,900,900
USMEM,USSAV,TWKHH,"Memphis, TN, USMEM","Savannah, GA, USSAV","Kaohsiung, , TWKHH",TWKHH,YMJA,YML,051625,DRY,10,5/13/2026,6/30/2026,5/16/2026,608,608,0,0,608,608
USMEM,USCHS,TWKHH,"Memphis, TN, USMEM","Charleston, SC, USCHS","Kaohsiung, , TWKHH",TWKHH,YMJA,YML,051625,DRY,10,5/13/2026,6/30/2026,5/16/2026,607,607,0,0,607,607
USMEM,USLAX,TWKEL,"Memphis, TN, USMEM","Los Angeles, CA, USLAX","Keelung, , TWKEL",TWKEL,YMJA,YML,051625,DRY,10,5/13/2026,6/30/2026,5/16/2026,1000,1000,0,0,1000,1000
USMEM,USLAX,JPUKB,"Memphis, TN, USMEM","Los Angeles, CA, USLAX","Kobe, 28, JPUKB",JPUKB,YMJA,YML,051625,DRY,10,5/13/2026,6/30/2026,5/16/2026,1100,1100,0,0,1100,1100
USMEM,USSAV,JPUKB,"Memphis, TN, USMEM","Savannah, GA, USSAV","Kobe, 28, JPUKB",JPUKB,YMJA,YML,051625,DRY,10,5/13/2026,6/30/2026,5/16/2026,958,958,0,0,958,958
USMEM,USCHS,JPUKB,"Memphis, TN, USMEM","Charleston, SC, USCHS","Kobe, 28, JPUKB",JPUKB,YMJA,YML,051625,DRY,10,5/13/2026,6/30/2026,5/16/2026,957,957,0,0,957,957
USMEM,USLAX,KRKAN,"Memphis, TN, USMEM","Los Angeles, CA, USLAX","Gwangyang, 46, KRKAN",KRKAN,YMJA,YML,051625,DRY,10,5/13/2026,6/30/2026,5/16/2026,1250,1250,0,0,1250,1250
USMEM,USSAV,KRKAN,"Memphis, TN, USMEM","Savannah, GA, USSAV","Gwangyang, 46, KRKAN",KRKAN,YMJA,YML,051625,DRY,10,5/13/2026,6/30/2026,5/16/2026,933,933,0,0,933,933
USMEM,USCHS,KRKAN,"Memphis, TN, USMEM","Charleston, SC, USCHS","Gwangyang, 46, KRKAN",KRKAN,YMJA,YML,051625,DRY,10,5/13/2026,6/30/2026,5/16/2026,932,932,0,0,932,932
USMEM,USLAX,VNNHD,"Memphis, TN, USMEM","Los Angeles, CA, USLAX","Nam Hai Dinh Vu Port, HP, VNNHD",VNNHD,YMJA,YML,051625,DRY,10,5/13/2026,6/30/2026,5/16/2026,1000,1000,0,0,1000,1000
USMEM,USLAX,THLCH,"Memphis, TN, USMEM","Los Angeles, CA, USLAX","Laem Chabang, 20, THLCH",THLCH,YMJA,YML,051625,DRY,10,5/13/2026,6/30/2026,5/16/2026,1050,1050,0,0,1050,1050
USMEM,USSAV,THLCH,"Memphis, TN, USMEM","Savannah, GA, USSAV","Laem Chabang, 20, THLCH",THLCH,YMJA,YML,051625,DRY,10,5/13/2026,6/30/2026,5/16/2026,658,658,0,0,658,658
USMEM,USCHS,THLCH,"Memphis, TN, USMEM","Charleston, SC, USCHS","Laem Chabang, 20, THLCH",THLCH,YMJA,YML,051625,DRY,10,5/13/2026,6/30/2026,5/16/2026,657,657,0,0,657,657
USMEM,USSAV,THLKR,"Memphis, TN, USMEM","Savannah, GA, USSAV","Lat Krabang, 10, THLKR",THLKR,YMJA,YML,051625,DRY,10,5/13/2026,6/30/2026,5/16/2026,908,908,0,0,908,908
USMEM,USCHS,THLKR,"Memphis, TN, USMEM","Charleston, SC, USCHS","Lat Krabang, 10, THLKR",THLKR,YMJA,YML,051625,DRY,10,5/13/2026,6/30/2026,5/16/2026,907,907,0,0,907,907
USMEM,USLAX,AUMEL,"Memphis, TN, USMEM","Los Angeles, CA, USLAX","Melbourne, VIC, AUMEL",AUMEL,YMJA,YML,051625,DRY,10,5/13/2026,6/30/2026,5/16/2026,2600,2600,0,0,2600,2600
USMEM,USLAX,JPNGO,"Memphis, TN, USMEM","Los Angeles, CA, USLAX","Nagoya, Aichi, 23, JPNGO",JPNGO,YMJA,YML,051625,DRY,10,5/13/2026,6/30/2026,5/16/2026,1050,1050,0,0,1050,1050
USMEM,USSAV,JPNGO,"Memphis, TN, USMEM","Savannah, GA, USSAV","Nagoya, Aichi, 23, JPNGO",JPNGO,YMJA,YML,051625,DRY,10,5/13/2026,6/30/2026,5/16/2026,958,958,0,0,958,958
USMEM,USCHS,JPNGO,"Memphis, TN, USMEM","Charleston, SC, USCHS","Nagoya, Aichi, 23, JPNGO",JPNGO,YMJA,YML,051625,DRY,10,5/13/2026,6/30/2026,5/16/2026,957,957,0,0,957,957
USMEM,USLAX,INNSA,"Memphis, TN, USMEM","Los Angeles, CA, USLAX","Nhava Sheva, MH, INNSA",INNSA,YMJA,YML,051625,DRY,10,5/13/2026,6/30/2026,5/16/2026,2475,2475,0,0,2475,2475
USMEM,USLAX,CNNBG,"Memphis, TN, USMEM","Los Angeles, CA, USLAX","Ningbo Pt, 33, CNNBG",CNNBG,YMJA,YML,051625,DRY,10,5/13/2026,6/30/2026,5/16/2026,1050,1050,0,0,1050,1050
USMEM,USLAX,CNNBG,"Memphis, TN, USMEM","Los Angeles, CA, USLAX","Ningbo Pt, 33, CNNBG",CNNBG,YMJA,YML,051625,DRY,10,5/13/2026,6/30/2026,5/16/2026,925,925,0,0,925,925
USMEM,USSAV,CNNBG,"Memphis, TN, USMEM","Savannah, GA, USSAV","Ningbo Pt, 33, CNNBG",CNNBG,YMJA,YML,051625,DRY,10,5/13/2026,6/30/2026,5/16/2026,658,658,0,0,658,658
USMEM,USCHS,CNNBG,"Memphis, TN, USMEM","Charleston, SC, USCHS","Ningbo Pt, 33, CNNBG",CNNBG,YMJA,YML,051625,DRY,10,5/13/2026,6/30/2026,5/16/2026,657,657,0,0,657,657
USMEM,USLAX,JPOSA,"Memphis, TN, USMEM","Los Angeles, CA, USLAX","Osaka, 27, JPOSA",JPUKB,YMJA,YML,051625,DRY,10,5/13/2026,6/30/2026,5/16/2026,1300,1300,0,0,1300,1300
USMEM,USSAV,JPOSA,"Memphis, TN, USMEM","Savannah, GA, USSAV","Osaka, 27, JPOSA",JPOSA,YMJA,YML,051625,DRY,10,5/13/2026,6/30/2026,5/16/2026,1113,1113,0,0,1113,1113
USMEM,USCHS,JPOSA,"Memphis, TN, USMEM","Charleston, SC, USCHS","Osaka, 27, JPOSA",JPOSA,YMJA,YML,051625,DRY,10,5/13/2026,6/30/2026,5/16/2026,1112,1112,0,0,1112,1112
USMEM,USLAX,INPAV,"Memphis, TN, USMEM","Los Angeles, CA, USLAX","Pipavav (Victor) Port, GJ, INPAV",INPAV,YMJA,YML,051625,DRY,10,5/13/2026,6/30/2026,5/16/2026,2475,2475,0,0,2475,2475
USMEM,USLAX,MYPKG,"Memphis, TN, USMEM","Los Angeles, CA, USLAX","Port Klang, 10, MYPKG",MYPKG,YMJA,YML,051625,DRY,10,5/13/2026,6/30/2026,5/16/2026,1500,1500,0,0,1500,1500
USMEM,USLAX,KRPUS,"Memphis, TN, USMEM","Los Angeles, CA, USLAX","Busan, 26, KRPUS",KRPUS,YMJA,YML,051625,DRY,10,5/13/2026,6/30/2026,5/16/2026,950,950,0,0,950,950
USMEM,USSAV,KRPUS,"Memphis, TN, USMEM","Savannah, GA, USSAV","Busan, 26, KRPUS",KRPUS,YMJA,YML,051625,DRY,10,5/13/2026,6/30/2026,5/16/2026,658,658,0,0,658,658
USMEM,USCHS,KRPUS,"Memphis, TN, USMEM","Charleston, SC, USCHS","Busan, 26, KRPUS",KRPUS,YMJA,YML,051625,DRY,10,5/13/2026,6/30/2026,5/16/2026,657,657,0,0,657,657
USMEM,USLAX,CNTAO,"Memphis, TN, USMEM","Los Angeles, CA, USLAX","Qingdao, 37, CNTAO",CNTAO,YMJA,YML,051625,DRY,10,5/13/2026,6/30/2026,5/16/2026,1050,1050,0,0,1050,1050
USMEM,USSAV,CNTAO,"Memphis, TN, USMEM","Savannah, GA, USSAV","Qingdao, 37, CNTAO",CNTAO,YMJA,YML,051625,DRY,10,5/13/2026,6/30/2026,5/16/2026,658,658,0,0,658,658
USMEM,USCHS,CNTAO,"Memphis, TN, USMEM","Charleston, SC, USCHS","Qingdao, 37, CNTAO",CNTAO,YMJA,YML,051625,DRY,10,5/13/2026,6/30/2026,5/16/2026,657,657,0,0,657,657
USMEM,USLAX,IDSRG,"Memphis, TN, USMEM","Los Angeles, CA, USLAX","Semarang, JT, IDSRG",IDSRG,YMJA,YML,051625,DRY,10,5/13/2026,6/30/2026,5/16/2026,1850,1850,0,0,1850,1850
USMEM,USLAX,CNSHA,"Memphis, TN, USMEM","Los Angeles, CA, USLAX","Shanghai, 31, CNSHA",CNSHA,YMJA,YML,051625,DRY,10,5/13/2026,6/30/2026,5/16/2026,1050,1050,0,0,1050,1050
USMEM,USSAV,CNSHA,"Memphis, TN, USMEM","Savannah, GA, USSAV","Shanghai, 31, CNSHA",CNSHA,YMJA,YML,051625,DRY,10,5/13/2026,6/30/2026,5/16/2026,658,658,0,0,658,658
USMEM,USCHS,CNSHA,"Memphis, TN, USMEM","Charleston, SC, USCHS","Shanghai, 31, CNSHA",CNSHA,YMJA,YML,051625,DRY,10,5/13/2026,6/30/2026,5/16/2026,657,657,0,0,657,657
USMEM,USLAX,CNSHK,"Memphis, TN, USMEM","Los Angeles, CA, USLAX","Shekou Pt, 44, CNSHK",CNSHK,YMJA,YML,051625,DRY,10,5/13/2026,6/30/2026,5/16/2026,1050,1050,0,0,1050,1050
USMEM,USLAX,JPSMZ,"Memphis, TN, USMEM","Los Angeles, CA, USLAX","Shimizu, 22, JPSMZ",JPSMZ,YMJA,YML,051625,DRY,10,5/13/2026,6/30/2026,5/16/2026,1050,1050,0,0,1050,1050
USMEM,USLAX,SGSIN,"Memphis, TN, USMEM","Los Angeles, CA, USLAX","Singapore, , SGSIN",SGSIN,YMJA,YML,051625,DRY,10,5/13/2026,6/30/2026,5/16/2026,1150,1150,0,0,1150,1150
USMEM,USSAV,SGSIN,"Memphis, TN, USMEM","Savannah, GA, USSAV","Singapore, , SGSIN",SGSIN,YMJA,YML,051625,DRY,10,5/13/2026,6/30/2026,5/16/2026,658,658,0,0,658,658
USMEM,USCHS,SGSIN,"Memphis, TN, USMEM","Charleston, SC, USCHS","Singapore, , SGSIN",SGSIN,YMJA,YML,051625,DRY,10,5/13/2026,6/30/2026,5/16/2026,657,657,0,0,657,657
USMEM,USLAX,THSBP,"Memphis, TN, USMEM","Los Angeles, CA, USLAX","Siam Bangkok Port, , THSBP",THSBP,YMJA,YML,051625,DRY,10,5/13/2026,6/30/2026,5/16/2026,1610,1610,0,0,1610,1610
USMEM,USLAX,IDSUB,"Memphis, TN, USMEM","Los Angeles, CA, USLAX","Surabaya, JI, IDSUB",IDSUB,YMJA,YML,051625,DRY,10,5/13/2026,6/30/2026,5/16/2026,1450,1450,0,0,1450,1450
USMEM,USSAV,IDSUB,"Memphis, TN, USMEM","Savannah, GA, USSAV","Surabaya, JI, IDSUB",IDSUB,YMJA,YML,051625,DRY,10,5/13/2026,6/30/2026,5/16/2026,1258,1258,0,0,1258,1258
USMEM,USCHS,IDSUB,"Memphis, TN, USMEM","Charleston, SC, USCHS","Surabaya, JI, IDSUB",IDSUB,YMJA,YML,051625,DRY,10,5/13/2026,6/30/2026,5/16/2026,1257,1257,0,0,1257,1257
USMEM,USLAX,AUSYD,"Memphis, TN, USMEM","Los Angeles, CA, USLAX","Sydney, NSW, AUSYD",AUSYD,YMJA,YML,051625,DRY,10,5/13/2026,6/30/2026,5/16/2026,2600,2600,0,0,2600,2600
USMEM,USLAX,TWTXG,"Memphis, TN, USMEM","Los Angeles, CA, USLAX","Taichung, , TWTXG",TWTXG,YMJA,YML,051625,DRY,10,5/13/2026,6/30/2026,5/16/2026,1100,1100,0,0,1100,1100
USMEM,USLAX,TWTYN,"Memphis, TN, USMEM","Los Angeles, CA, USLAX","Taoyuan, , TWTYN",TWTYN,YMJA,YML,051625,DRY,10,5/13/2026,6/30/2026,5/16/2026,1100,1100,0,0,1100,1100
USMEM,USLAX,JPTYO,"Memphis, TN, USMEM","Los Angeles, CA, USLAX","Tokyo, 13, JPTYO",JPTYO,YMJA,YML,051625,DRY,10,5/13/2026,6/30/2026,5/16/2026,1150,1150,0,0,1150,1150
USMEM,USLAX,CNXMN,"Memphis, TN, USMEM","Los Angeles, CA, USLAX","Xiamen, 35, CNXMN",CNXMN,YMJA,YML,051625,DRY,10,5/13/2026,6/15/2026,5/16/2026,1050,1050,0,0,1050,1050
USMEM,USLAX,CNXMN,"Memphis, TN, USMEM","Los Angeles, CA, USLAX","Xiamen, 35, CNXMN",CNXMN,YMJA,YML,051625,DRY,10,6/16/2026,6/30/2026,5/16/2026,1275,1275,0,0,1275,1275
USMEM,USSAV,CNXMN,"Memphis, TN, USMEM","Savannah, GA, USSAV","Xiamen, 35, CNXMN",CNXMN,YMJA,YML,051625,DRY,10,5/13/2026,6/30/2026,5/16/2026,658,658,0,0,658,658
USMEM,USCHS,CNXMN,"Memphis, TN, USMEM","Charleston, SC, USCHS","Xiamen, 35, CNXMN",CNXMN,YMJA,YML,051625,DRY,10,5/13/2026,6/30/2026,5/16/2026,657,657,0,0,657,657
USMEM,USLAX,CNTXG,"Memphis, TN, USMEM","Los Angeles, CA, USLAX","Tianjin Xingang Pt, 12, CNTXG",CNTXG,YMJA,YML,051625,DRY,10,5/13/2026,5/31/2026,5/16/2026,1050,1050,0,0,1050,1050
USMEM,USLAX,CNTXG,"Memphis, TN, USMEM","Los Angeles, CA, USLAX","Tianjin Xingang Pt, 12, CNTXG",CNTXG,YMJA,YML,051625,DRY,10,6/1/2026,6/30/2026,5/16/2026,1450,1450,0,0,1450,1450
USMEM,USLAX,CNYTN,"Memphis, TN, USMEM","Los Angeles, CA, USLAX","Yantian Pt, 44, CNYTN",CNYTN,YMJA,YML,051625,DRY,10,5/13/2026,6/30/2026,5/16/2026,1075,1075,0,0,1075,1075
USMEM,USSAV,CNYTN,"Memphis, TN, USMEM","Savannah, GA, USSAV","Yantian Pt, 44, CNYTN",CNYTN,YMJA,YML,051625,DRY,10,5/13/2026,6/30/2026,5/16/2026,658,658,0,0,658,658
USMEM,USCHS,CNYTN,"Memphis, TN, USMEM","Charleston, SC, USCHS","Yantian Pt, 44, CNYTN",CNYTN,YMJA,YML,051625,DRY,10,5/13/2026,6/30/2026,5/16/2026,657,657,0,0,657,657
USSTL,USSEA,VNCMT,"Saint Louis, MO, USSTL","Seattle, WA, USSEA","Cai Mep Terminal, 43, VNCMT",SGSIN,YMJA,YML,051625,DRY,10,5/13/2026,6/30/2026,5/16/2026,1150,1150,0,0,1150,1150
USSTL,USTIW,VNCMT,"Saint Louis, MO, USSTL","Tacoma, WA, USTIW","Cai Mep Terminal, 43, VNCMT",SGSIN,YMJA,YML,051625,DRY,10,5/13/2026,6/30/2026,5/16/2026,1150,1150,0,0,1150,1150
USSTL,USSEA,HKHKG,"Saint Louis, MO, USSTL","Seattle, WA, USSEA","Hong Kong, , HKHKG",HKHKG,YMJA,YML,051625,DRY,10,5/13/2026,6/30/2026,5/16/2026,1250,1250,0,0,1250,1250
USSTL,USTIW,HKHKG,"Saint Louis, MO, USSTL","Tacoma, WA, USTIW","Hong Kong, , HKHKG",HKHKG,YMJA,YML,051625,DRY,10,5/13/2026,6/30/2026,5/16/2026,1250,1250,0,0,1250,1250
USSTL,USSEA,CNHUA,"Saint Louis, MO, USSTL","Seattle, WA, USSEA","Huangpu Pt, 44, CNHUA",CNHUA,YMJA,YML,051625,DRY,10,5/13/2026,6/30/2026,5/16/2026,1400,1400,0,0,1400,1400
USSTL,USTIW,CNHUA,"Saint Louis, MO, USSTL","Tacoma, WA, USTIW","Huangpu Pt, 44, CNHUA",CNHUA,YMJA,YML,051625,DRY,10,5/13/2026,6/30/2026,5/16/2026,1400,1400,0,0,1400,1400
USSTL,USSEA,CNGZG,"Saint Louis, MO, USSTL","Seattle, WA, USSEA","Guangzhou Pt, 22, CNGZG",CNGZG,YMJA,YML,051625,DRY,10,5/13/2026,6/30/2026,5/16/2026,1400,1400,0,0,1400,1400
USSTL,USTIW,CNGZG,"Saint Louis, MO, USSTL","Tacoma, WA, USTIW","Guangzhou Pt, 22, CNGZG",CNGZG,YMJA,YML,051625,DRY,10,5/13/2026,6/30/2026,5/16/2026,1400,1400,0,0,1400,1400
USSTL,USSEA,TWKHH,"Saint Louis, MO, USSTL","Seattle, WA, USSEA","Kaohsiung, , TWKHH",TWKHH,YMJA,YML,051625,DRY,10,5/13/2026,6/30/2026,5/16/2026,1100,1100,0,0,1100,1100
USSTL,USTIW,TWKHH,"Saint Louis, MO, USSTL","Tacoma, WA, USTIW","Kaohsiung, , TWKHH",TWKHH,YMJA,YML,051625,DRY,10,5/13/2026,6/30/2026,5/16/2026,1100,1100,0,0,1100,1100
USSTL,USSEA,TWKHH,"Saint Louis, MO, USSTL","Seattle, WA, USSEA","Kaohsiung, , TWKHH",TWKHH,YMJA,YML,051625,DRY,10,5/13/2026,6/30/2026,5/16/2026,1000,1000,0,0,1000,1000
USSTL,USTIW,TWKHH,"Saint Louis, MO, USSTL","Tacoma, WA, USTIW","Kaohsiung, , TWKHH",TWKHH,YMJA,YML,051625,DRY,10,5/13/2026,6/30/2026,5/16/2026,1000,1000,0,0,1000,1000
USSTL,USSEA,JPUKB,"Saint Louis, MO, USSTL","Seattle, WA, USSEA","Kobe, 28, JPUKB",JPUKB,YMJA,YML,051625,DRY,10,5/13/2026,6/30/2026,5/16/2026,1400,1400,0,0,1400,1400
USSTL,USTIW,JPUKB,"Saint Louis, MO, USSTL","Tacoma, WA, USTIW","Kobe, 28, JPUKB",JPUKB,YMJA,YML,051625,DRY,10,5/13/2026,6/30/2026,5/16/2026,1400,1400,0,0,1400,1400
USSTL,USSEA,JPUKB,"Saint Louis, MO, USSTL","Seattle, WA, USSEA","Kobe, 28, JPUKB",JPUKB,YMJA,YML,051625,DRY,10,5/13/2026,6/30/2026,5/16/2026,1100,1100,0,0,1100,1100
USSTL,USTIW,JPUKB,"Saint Louis, MO, USSTL","Tacoma, WA, USTIW","Kobe, 28, JPUKB",JPUKB,YMJA,YML,051625,DRY,10,5/13/2026,6/30/2026,5/16/2026,1100,1100,0,0,1100,1100
USSTL,USSEA,KRKAN,"Saint Louis, MO, USSTL","Seattle, WA, USSEA","Gwangyang, 46, KRKAN",KRKAN,YMJA,YML,051625,DRY,10,5/13/2026,6/30/2026,5/16/2026,1250,1250,0,0,1250,1250
USSTL,USTIW,KRKAN,"Saint Louis, MO, USSTL","Tacoma, WA, USTIW","Gwangyang, 46, KRKAN",KRKAN,YMJA,YML,051625,DRY,10,5/13/2026,6/30/2026,5/16/2026,1250,1250,0,0,1250,1250
USSTL,USSEA,THLCH,"Saint Louis, MO, USSTL","Seattle, WA, USSEA","Laem Chabang, 20, THLCH",THLCH,YMJA,YML,051625,DRY,10,5/13/2026,6/30/2026,5/16/2026,1300,1300,0,0,1300,1300
USSTL,USTIW,THLCH,"Saint Louis, MO, USSTL","Tacoma, WA, USTIW","Laem Chabang, 20, THLCH",THLCH,YMJA,YML,051625,DRY,10,5/13/2026,6/30/2026,5/16/2026,1300,1300,0,0,1300,1300
USSTL,USSEA,JPNGO,"Saint Louis, MO, USSTL","Seattle, WA, USSEA","Nagoya, Aichi, 23, JPNGO",JPNGO,YMJA,YML,051625,DRY,10,5/13/2026,6/30/2026,5/16/2026,1400,1400,0,0,1400,1400
USSTL,USTIW,JPNGO,"Saint Louis, MO, USSTL","Tacoma, WA, USTIW","Nagoya, Aichi, 23, JPNGO",JPNGO,YMJA,YML,051625,DRY,10,5/13/2026,6/30/2026,5/16/2026,1400,1400,0,0,1400,1400
USSTL,USSEA,JPNGO,"Saint Louis, MO, USSTL","Seattle, WA, USSEA","Nagoya, Aichi, 23, JPNGO",JPNGO,YMJA,YML,051625,DRY,10,5/13/2026,6/30/2026,5/16/2026,1100,1100,0,0,1100,1100
USSTL,USTIW,JPNGO,"Saint Louis, MO, USSTL","Tacoma, WA, USTIW","Nagoya, Aichi, 23, JPNGO",JPNGO,YMJA,YML,051625,DRY,10,5/13/2026,6/30/2026,5/16/2026,1100,1100,0,0,1100,1100
USSTL,USSEA,CNNJG,"Saint Louis, MO, USSTL","Seattle, WA, USSEA","Nanjing Pt, 35, CNNJG",CNNJG,YMJA,YML,051625,DRY,10,5/13/2026,6/30/2026,5/16/2026,1250,1250,0,0,1250,1250
USSTL,USTIW,CNNJG,"Saint Louis, MO, USSTL","Tacoma, WA, USTIW","Nanjing Pt, 35, CNNJG",CNNJG,YMJA,YML,051625,DRY,10,5/13/2026,6/30/2026,5/16/2026,1250,1250,0,0,1250,1250
USSTL,USSEA,CNNBG,"Saint Louis, MO, USSTL","Seattle, WA, USSEA","Ningbo Pt, 33, CNNBG",CNNBG,YMJA,YML,051625,DRY,10,5/13/2026,6/30/2026,5/16/2026,1350,1350,0,0,1350,1350
USSTL,USTIW,CNNBG,"Saint Louis, MO, USSTL","Tacoma, WA, USTIW","Ningbo Pt, 33, CNNBG",CNNBG,YMJA,YML,051625,DRY,10,5/13/2026,6/30/2026,5/16/2026,1350,1350,0,0,1350,1350
USSTL,USSEA,CNNBG,"Saint Louis, MO, USSTL","Seattle, WA, USSEA","Ningbo Pt, 33, CNNBG",CNNBG,YMJA,YML,051625,DRY,10,5/13/2026,6/30/2026,5/16/2026,1050,1050,0,0,1050,1050
USSTL,USTIW,CNNBG,"Saint Louis, MO, USSTL","Tacoma, WA, USTIW","Ningbo Pt, 33, CNNBG",CNNBG,YMJA,YML,051625,DRY,10,5/13/2026,6/30/2026,5/16/2026,1050,1050,0,0,1050,1050
USSTL,USSEA,MYPGU,"Saint Louis, MO, USSTL","Seattle, WA, USSEA","Pasir Gudang, Johor, , MYPGU",MYPGU,YMJA,YML,051625,DRY,10,5/13/2026,6/30/2026,5/16/2026,1700,1700,0,0,1700,1700
USSTL,USTIW,MYPGU,"Saint Louis, MO, USSTL","Tacoma, WA, USTIW","Pasir Gudang, Johor, , MYPGU",MYPGU,YMJA,YML,051625,DRY,10,5/13/2026,6/30/2026,5/16/2026,1700,1700,0,0,1700,1700
USSTL,USSEA,MYPKG,"Saint Louis, MO, USSTL","Seattle, WA, USSEA","Port Klang, 10, MYPKG",MYPKG,YMJA,YML,051625,DRY,10,5/13/2026,6/30/2026,5/16/2026,1700,1700,0,0,1700,1700
USSTL,USTIW,MYPKG,"Saint Louis, MO, USSTL","Tacoma, WA, USTIW","Port Klang, 10, MYPKG",MYPKG,YMJA,YML,051625,DRY,10,5/13/2026,6/30/2026,5/16/2026,1700,1700,0,0,1700,1700
USSTL,USSEA,KRPUS,"Saint Louis, MO, USSTL","Seattle, WA, USSEA","Busan, 26, KRPUS",KRPUS,YMJA,YML,051625,DRY,10,5/13/2026,6/30/2026,5/16/2026,1250,1250,0,0,1250,1250
USSTL,USTIW,KRPUS,"Saint Louis, MO, USSTL","Tacoma, WA, USTIW","Busan, 26, KRPUS",KRPUS,YMJA,YML,051625,DRY,10,5/13/2026,6/30/2026,5/16/2026,1250,1250,0,0,1250,1250
USSTL,USSEA,KRPUS,"Saint Louis, MO, USSTL","Seattle, WA, USSEA","Busan, 26, KRPUS",KRPUS,YMJA,YML,051625,DRY,10,5/13/2026,6/30/2026,5/16/2026,1050,1050,0,0,1050,1050
USSTL,USTIW,KRPUS,"Saint Louis, MO, USSTL","Tacoma, WA, USTIW","Busan, 26, KRPUS",KRPUS,YMJA,YML,051625,DRY,10,5/13/2026,6/30/2026,5/16/2026,1050,1050,0,0,1050,1050
USSTL,USSEA,CNTAO,"Saint Louis, MO, USSTL","Seattle, WA, USSEA","Qingdao, 37, CNTAO",CNTAO,YMJA,YML,051625,DRY,10,5/13/2026,6/30/2026,5/16/2026,1350,1350,0,0,1350,1350
USSTL,USTIW,CNTAO,"Saint Louis, MO, USSTL","Tacoma, WA, USTIW","Qingdao, 37, CNTAO",CNTAO,YMJA,YML,051625,DRY,10,5/13/2026,6/30/2026,5/16/2026,1350,1350,0,0,1350,1350
USSTL,USSEA,CNTAO,"Saint Louis, MO, USSTL","Seattle, WA, USSEA","Qingdao, 37, CNTAO",CNTAO,YMJA,YML,051625,DRY,10,5/13/2026,6/30/2026,5/16/2026,1050,1050,0,0,1050,1050
USSTL,USTIW,CNTAO,"Saint Louis, MO, USSTL","Tacoma, WA, USTIW","Qingdao, 37, CNTAO",CNTAO,YMJA,YML,051625,DRY,10,5/13/2026,6/30/2026,5/16/2026,1050,1050,0,0,1050,1050
USSTL,USSEA,IDSRG,"Saint Louis, MO, USSTL","Seattle, WA, USSEA","Semarang, JT, IDSRG",IDSRG,YMJA,YML,051625,DRY,10,5/13/2026,6/30/2026,5/16/2026,1250,1250,0,0,1250,1250
USSTL,USTIW,IDSRG,"Saint Louis, MO, USSTL","Tacoma, WA, USTIW","Semarang, JT, IDSRG",IDSRG,YMJA,YML,051625,DRY,10,5/13/2026,6/30/2026,5/16/2026,1250,1250,0,0,1250,1250
USSTL,USSEA,CNSHA,"Saint Louis, MO, USSTL","Seattle, WA, USSEA","Shanghai, 31, CNSHA",CNSHA,YMJA,YML,051625,DRY,10,5/13/2026,6/30/2026,5/16/2026,1350,1350,0,0,1350,1350
USSTL,USTIW,CNSHA,"Saint Louis, MO, USSTL","Tacoma, WA, USTIW","Shanghai, 31, CNSHA",CNSHA,YMJA,YML,051625,DRY,10,5/13/2026,6/30/2026,5/16/2026,1350,1350,0,0,1350,1350
USSTL,USSEA,CNSHA,"Saint Louis, MO, USSTL","Seattle, WA, USSEA","Shanghai, 31, CNSHA",CNSHA,YMJA,YML,051625,DRY,10,5/13/2026,6/30/2026,5/16/2026,1050,1050,0,0,1050,1050
USSTL,USTIW,CNSHA,"Saint Louis, MO, USSTL","Tacoma, WA, USTIW","Shanghai, 31, CNSHA",CNSHA,YMJA,YML,051625,DRY,10,5/13/2026,6/30/2026,5/16/2026,1050,1050,0,0,1050,1050
USSTL,USSEA,SGSIN,"Saint Louis, MO, USSTL","Seattle, WA, USSEA","Singapore, , SGSIN",SGSIN,YMJA,YML,051625,DRY,10,5/13/2026,6/30/2026,5/16/2026,1350,1350,0,0,1350,1350
USSTL,USTIW,SGSIN,"Saint Louis, MO, USSTL","Tacoma, WA, USTIW","Singapore, , SGSIN",SGSIN,YMJA,YML,051625,DRY,10,5/13/2026,6/30/2026,5/16/2026,1350,1350,0,0,1350,1350
USSTL,USSEA,SGSIN,"Saint Louis, MO, USSTL","Seattle, WA, USSEA","Singapore, , SGSIN",SGSIN,YMJA,YML,051625,DRY,10,5/13/2026,6/30/2026,5/16/2026,1050,1050,0,0,1050,1050
USSTL,USTIW,SGSIN,"Saint Louis, MO, USSTL","Tacoma, WA, USTIW","Singapore, , SGSIN",SGSIN,YMJA,YML,051625,DRY,10,5/13/2026,6/30/2026,5/16/2026,1050,1050,0,0,1050,1050
USSTL,USSEA,JPTYO,"Saint Louis, MO, USSTL","Seattle, WA, USSEA","Tokyo, 13, JPTYO",JPTYO,YMJA,YML,051625,DRY,10,5/13/2026,6/30/2026,5/16/2026,1400,1400,0,0,1400,1400
USSTL,USTIW,JPTYO,"Saint Louis, MO, USSTL","Tacoma, WA, USTIW","Tokyo, 13, JPTYO",JPTYO,YMJA,YML,051625,DRY,10,5/13/2026,6/30/2026,5/16/2026,1400,1400,0,0,1400,1400
USSTL,USSEA,JPTYO,"Saint Louis, MO, USSTL","Seattle, WA, USSEA","Tokyo, 13, JPTYO",JPTYO,YMJA,YML,051625,DRY,10,5/13/2026,6/30/2026,5/16/2026,1100,1100,0,0,1100,1100
USSTL,USTIW,JPTYO,"Saint Louis, MO, USSTL","Tacoma, WA, USTIW","Tokyo, 13, JPTYO",JPTYO,YMJA,YML,051625,DRY,10,5/13/2026,6/30/2026,5/16/2026,1100,1100,0,0,1100,1100
USSTL,USSEA,CNXMN,"Saint Louis, MO, USSTL","Seattle, WA, USSEA","Xiamen, 35, CNXMN",CNXMN,YMJA,YML,051625,DRY,10,5/13/2026,6/30/2026,5/16/2026,1350,1350,0,0,1350,1350
USSTL,USTIW,CNXMN,"Saint Louis, MO, USSTL","Tacoma, WA, USTIW","Xiamen, 35, CNXMN",CNXMN,YMJA,YML,051625,DRY,10,5/13/2026,6/30/2026,5/16/2026,1350,1350,0,0,1350,1350
USSTL,USSEA,CNXMN,"Saint Louis, MO, USSTL","Seattle, WA, USSEA","Xiamen, 35, CNXMN",CNXMN,YMJA,YML,051625,DRY,10,5/13/2026,6/30/2026,5/16/2026,1050,1050,0,0,1050,1050
USSTL,USTIW,CNXMN,"Saint Louis, MO, USSTL","Tacoma, WA, USTIW","Xiamen, 35, CNXMN",CNXMN,YMJA,YML,051625,DRY,10,5/13/2026,6/30/2026,5/16/2026,1050,1050,0,0,1050,1050
USSTL,USSEA,CNXMN,"Saint Louis, MO, USSTL","Seattle, WA, USSEA","Xiamen, 35, CNXMN",CNXMN,YMJA,YML,051625,DRY,10,5/13/2026,6/30/2026,5/16/2026,1150,1150,0,0,1150,1150
USSTL,USTIW,CNXMN,"Saint Louis, MO, USSTL","Tacoma, WA, USTIW","Xiamen, 35, CNXMN",CNXMN,YMJA,YML,051625,DRY,10,5/13/2026,6/30/2026,5/16/2026,1150,1150,0,0,1150,1150
USSTL,USSEA,CNYTN,"Saint Louis, MO, USSTL","Seattle, WA, USSEA","Yantian Pt, 44, CNYTN",CNYTN,YMJA,YML,051625,DRY,10,5/13/2026,6/30/2026,5/16/2026,1350,1350,0,0,1350,1350
USSTL,USTIW,CNYTN,"Saint Louis, MO, USSTL","Tacoma, WA, USTIW","Yantian Pt, 44, CNYTN",CNYTN,YMJA,YML,051625,DRY,10,5/13/2026,6/30/2026,5/16/2026,1350,1350,0,0,1350,1350
USSTL,USSEA,CNYTN,"Saint Louis, MO, USSTL","Seattle, WA, USSEA","Yantian Pt, 44, CNYTN",CNYTN,YMJA,YML,051625,DRY,10,5/13/2026,6/30/2026,5/16/2026,1050,1050,0,0,1050,1050
USSTL,USTIW,CNYTN,"Saint Louis, MO, USSTL","Tacoma, WA, USTIW","Yantian Pt, 44, CNYTN",CNYTN,YMJA,YML,051625,DRY,10,5/13/2026,6/30/2026,5/16/2026,1050,1050,0,0,1050,1050
USATL,USSAV,PAROD,"Atlanta, GA, USATL","Savannah, GA, USSAV","Rodman, 8, PAROD",PAROD,ONEY,ONE,CHIM354B25,DRY,15,5/16/2026,6/30/2026,5/6/2026,1785,1785,0,0,1785,1785
USATL,USSAV,CLARI,"Atlanta, GA, USATL","Savannah, GA, USSAV","Arica, TA, CLARI",CLARI,ONEY,ONE,CHIM354B25,DRY,15,5/16/2026,6/30/2026,5/6/2026,2785,2785,0,0,2785,2785
USATL,USSAV,CLSAI,"Atlanta, GA, USATL","Savannah, GA, USSAV","San Antonio, VS, CLSAI",CLSAI,ONEY,ONE,CHIM354B25,DRY,15,5/16/2026,6/30/2026,5/6/2026,2185,2185,0,0,2185,2185
USATL,USSAV,COBUN,"Atlanta, GA, USATL","Savannah, GA, USSAV","Buenaventura, , COBUN",COBUN,ONEY,ONE,CHIM354B25,DRY,15,5/16/2026,6/30/2026,5/6/2026,2185,2185,0,0,2185,2185
USATL,USSAV,ECGYE,"Atlanta, GA, USATL","Savannah, GA, USSAV","Guayaquil, G, ECGYE",ECGYE,ONEY,ONE,CHIM354B25,DRY,15,5/16/2026,6/30/2026,5/6/2026,2185,2185,0,0,2185,2185
USATL,USSAV,PECLL,"Atlanta, GA, USATL","Savannah, GA, USSAV","Callao, , PECLL",PECLL,ONEY,ONE,CHIM354B25,DRY,15,5/16/2026,6/30/2026,5/6/2026,2185,2185,0,0,2185,2185
USATL,USSAV,CNAQG,"Atlanta, GA, USATL","Savannah, GA, USSAV","Anqing Pt, 34, CNAQG",CNAQG,ONEY,ONE,CHIM354B25,DRY,15,5/16/2026,6/30/2026,5/6/2026,1325,1325,0,0,1325,1325
USATL,USSAV,CNCAN,"Atlanta, GA, USATL","Savannah, GA, USSAV","Guangzhou Baiyun, 44, CNCAN",CNCAN,ONEY,ONE,CHIM354B25,DRY,15,5/16/2026,6/30/2026,5/6/2026,1375,1375,0,0,1375,1375
USATL,USSAV,CNCGU,"Atlanta, GA, USATL","Savannah, GA, USSAV","Changshu, 32, CNCGU",CNCGU,ONEY,ONE,CHIM354B25,DRY,15,5/16/2026,6/30/2026,5/6/2026,1225,1225,0,0,1225,1225
USATL,USSAV,CNCKG,"Atlanta, GA, USATL","Savannah, GA, USSAV","Chongqing Jiangbei, 51, CNCKG",CNCKG,ONEY,ONE,CHIM354B25,DRY,15,5/16/2026,6/30/2026,5/6/2026,1575,1575,0,0,1575,1575
USATL,USSAV,CNDOU,"Atlanta, GA, USATL","Savannah, GA, USSAV","Doumen Pt, 44, CNDOU",CNDOU,ONEY,ONE,CHIM354B25,DRY,15,5/16/2026,6/30/2026,5/6/2026,1275,1275,0,0,1275,1275
USATL,USSAV,CNFOC,"Atlanta, GA, USATL","Savannah, GA, USSAV","Fuzhou Changle, 35, CNFOC",CNFOC,ONEY,ONE,CHIM354B25,DRY,15,5/16/2026,6/30/2026,5/6/2026,1400,1400,0,0,1400,1400
USATL,USSAV,CNGON,"Atlanta, GA, USATL","Savannah, GA, USSAV","Gaolan, 44, CNGON",CNGON,ONEY,ONE,CHIM354B25,DRY,15,5/16/2026,6/30/2026,5/6/2026,1325,1325,0,0,1325,1325
USATL,USSAV,CNHUA,"Atlanta, GA, USATL","Savannah, GA, USSAV","Huangpu Pt, 44, CNHUA",CNHUA,ONEY,ONE,CHIM354B25,DRY,15,5/16/2026,6/30/2026,5/6/2026,1200,1200,0,0,1200,1200
USATL,USSAV,CNLYG,"Atlanta, GA, USATL","Savannah, GA, USSAV","Lianyungang, 32, CNLYG",CNLYG,ONEY,ONE,CHIM354B25,DRY,15,5/16/2026,6/30/2026,5/6/2026,1065,1065,0,0,1065,1065
USATL,USSAV,CNNBG,"Atlanta, GA, USATL","Savannah, GA, USSAV","Ningbo Pt, 33, CNNBG",CNNBG,ONEY,ONE,CHIM354B25,DRY,15,5/16/2026,6/30/2026,5/6/2026,825,825,0,0,825,825
USATL,USSAV,CNNKG,"Atlanta, GA, USATL","Savannah, GA, USSAV","Nanjing Lukou, 32, CNNKG",CNNKG,ONEY,ONE,CHIM354B25,DRY,15,5/16/2026,6/30/2026,5/6/2026,1110,1110,0,0,1110,1110
USATL,USSAV,CNNSA,"Atlanta, GA, USATL","Savannah, GA, USSAV","Nansha Pt, 44, CNNSA",CNNSA,ONEY,ONE,CHIM354B25,DRY,15,5/16/2026,6/30/2026,5/6/2026,1250,1250,0,0,1250,1250
USATL,USSAV,CNNTG,"Atlanta, GA, USATL","Savannah, GA, USSAV","Nantong Pt, 32, CNNTG",CNNTG,ONEY,ONE,CHIM354B25,DRY,15,5/16/2026,6/30/2026,5/6/2026,975,975,0,0,975,975
USATL,USSAV,CNTAO,"Atlanta, GA, USATL","Savannah, GA, USSAV","Qingdao, 37, CNTAO",CNTAO,ONEY,ONE,CHIM354B25,DRY,15,5/16/2026,6/30/2026,5/6/2026,1025,1025,0,0,1025,1025
USATL,USSAV,CNSHA,"Atlanta, GA, USATL","Savannah, GA, USSAV","Shanghai, 31, CNSHA",CNSHA,ONEY,ONE,CHIM354B25,DRY,15,5/16/2026,6/30/2026,5/6/2026,825,825,0,0,825,825
USATL,USSAV,CNSHK,"Atlanta, GA, USATL","Savannah, GA, USSAV","Shekou Pt, 44, CNSHK",CNSHK,ONEY,ONE,CHIM354B25,DRY,15,5/16/2026,6/30/2026,5/6/2026,1300,1300,0,0,1300,1300
USATL,USSAV,CNTXG,"Atlanta, GA, USATL","Savannah, GA, USSAV","Tianjin Xingang Pt, 12, CNTXG",CNTXG,ONEY,ONE,CHIM354B25,DRY,15,5/16/2026,6/30/2026,5/6/2026,1025,1025,0,0,1025,1025
USATL,USSAV,CNWUH,"Atlanta, GA, USATL","Savannah, GA, USSAV","Wuhan Tianhe, 42, CNWUH",CNWUH,ONEY,ONE,CHIM354B25,DRY,15,5/16/2026,6/30/2026,5/6/2026,1125,1125,0,0,1125,1125
USATL,USSAV,CNWUZ,"Atlanta, GA, USATL","Savannah, GA, USSAV","Wuzhou Pt, 45, CNWUZ",CNWUZ,ONEY,ONE,CHIM354B25,DRY,15,5/16/2026,6/30/2026,5/6/2026,1250,1250,0,0,1250,1250
USATL,USSAV,CNXMN,"Atlanta, GA, USATL","Savannah, GA, USSAV","Xiamen, 35, CNXMN",CNXMN,ONEY,ONE,CHIM354B25,DRY,15,5/16/2026,6/30/2026,5/6/2026,925,925,0,0,925,925
USATL,USSAV,CNYNT,"Atlanta, GA, USATL","Savannah, GA, USSAV","Yantai Laishan, 37, CNYNT",CNYNT,ONEY,ONE,CHIM354B25,DRY,15,5/16/2026,6/30/2026,5/6/2026,1140,1140,0,0,1140,1140
USATL,USSAV,CNYTN,"Atlanta, GA, USATL","Savannah, GA, USSAV","Yantian Pt, 44, CNYTN",CNYTN,ONEY,ONE,CHIM354B25,DRY,15,5/16/2026,6/30/2026,5/6/2026,925,925,0,0,925,925
USATL,USSAV,CNYYA,"Atlanta, GA, USATL","Savannah, GA, USSAV","Yueyang, 50, CNYYA",CNYYA,ONEY,ONE,CHIM354B25,DRY,15,5/16/2026,6/30/2026,5/6/2026,1250,1250,0,0,1250,1250
USATL,USSAV,CNZJG,"Atlanta, GA, USATL","Savannah, GA, USSAV","Zhangjiagang, 32, CNZJG",CNZJG,ONEY,ONE,CHIM354B25,DRY,15,5/16/2026,6/30/2026,5/6/2026,1110,1110,0,0,1110,1110
USATL,USSAV,CNZSN,"Atlanta, GA, USATL","Savannah, GA, USSAV","Zhongshan Pt, 44, CNZSN",CNZSN,ONEY,ONE,CHIM354B25,DRY,15,5/16/2026,6/30/2026,5/6/2026,1150,1150,0,0,1150,1150
USATL,USSAV,CNZUH,"Atlanta, GA, USATL","Savannah, GA, USSAV","Zhuhai Pt, 44, CNZUH",CNZUH,ONEY,ONE,CHIM354B25,DRY,15,5/16/2026,6/30/2026,5/6/2026,1125,1125,0,0,1125,1125
USATL,USSAV,HKHKG,"Atlanta, GA, USATL","Savannah, GA, USSAV","Hong Kong, , HKHKG",HKHKG,ONEY,ONE,CHIM354B25,DRY,15,5/16/2026,6/30/2026,5/6/2026,925,925,0,0,925,925
USATL,USSAV,IDBLW,"Atlanta, GA, USATL","Savannah, GA, USSAV","Belawan, , IDBLW",IDBLW,ONEY,ONE,CHIM354B25,DRY,15,5/16/2026,6/30/2026,5/6/2026,1675,1675,0,0,1675,1675
USATL,USSAV,IDCKR,"Atlanta, GA, USATL","Savannah, GA, USSAV","Cikarang, JB, IDCKR",IDCKR,ONEY,ONE,CHIM354B25,DRY,15,5/16/2026,6/30/2026,5/6/2026,2000,2000,0,0,2000,2000
USATL,USSAV,IDJKT,"Atlanta, GA, USATL","Savannah, GA, USSAV","Jakarta, JK, IDJKT",IDJKT,ONEY,ONE,CHIM354B25,DRY,15,5/16/2026,6/30/2026,5/6/2026,1425,1425,0,0,1425,1425
USATL,USSAV,IDSRG,"Atlanta, GA, USATL","Savannah, GA, USSAV","Semarang, JT, IDSRG",IDSRG,ONEY,ONE,CHIM354B25,DRY,15,5/16/2026,6/30/2026,5/6/2026,1425,1425,0,0,1425,1425
USATL,USSAV,IDSUB,"Atlanta, GA, USATL","Savannah, GA, USSAV","Surabaya, JI, IDSUB",IDSUB,ONEY,ONE,CHIM354B25,DRY,15,5/16/2026,6/30/2026,5/6/2026,1425,1425,0,0,1425,1425
USATL,USSAV,JPHIJ,"Atlanta, GA, USATL","Savannah, GA, USSAV","Hiroshima, 34, JPHIJ",JPHIJ,ONEY,ONE,CHIM354B25,DRY,15,5/16/2026,6/30/2026,5/6/2026,1815,1815,0,0,1815,1815
USATL,USSAV,JPIYM,"Atlanta, GA, USATL","Savannah, GA, USSAV","Iyomishima, 38, JPIYM",JPIYM,ONEY,ONE,CHIM354B25,DRY,15,5/16/2026,6/30/2026,5/6/2026,1975,1975,0,0,1975,1975
USATL,USSAV,JPKCZ,"Atlanta, GA, USATL","Savannah, GA, USSAV","Kochi, 39, JPKCZ",JPKCZ,ONEY,ONE,CHIM354B25,DRY,15,5/16/2026,6/30/2026,5/6/2026,2250,2250,0,0,2250,2250
USATL,USSAV,JPKIJ,"Atlanta, GA, USATL","Savannah, GA, USSAV","Niigata, 15, JPKIJ",JPKIJ,ONEY,ONE,CHIM354B25,DRY,15,5/16/2026,6/30/2026,5/6/2026,1875,1875,0,0,1875,1875
USATL,USSAV,JPKWS,"Atlanta, GA, USATL","Savannah, GA, USSAV","Kawasaki, 14, JPKWS",JPKWS,ONEY,ONE,CHIM354B25,DRY,15,5/16/2026,6/30/2026,5/6/2026,1075,1075,0,0,1075,1075
USATL,USSAV,JPMOJ,"Atlanta, GA, USATL","Savannah, GA, USSAV","Moji/Kitakyushu, 40, JPMOJ",JPMOJ,ONEY,ONE,CHIM354B25,DRY,15,5/16/2026,6/30/2026,5/6/2026,1575,1575,0,0,1575,1575
USATL,USSAV,JPNAO,"Atlanta, GA, USATL","Savannah, GA, USSAV","Naoetsu, 15, JPNAO",JPNAO,ONEY,ONE,CHIM354B25,DRY,15,5/16/2026,6/30/2026,5/6/2026,2185,2185,0,0,2185,2185
USATL,USSAV,JPNGO,"Atlanta, GA, USATL","Savannah, GA, USSAV","Nagoya, Aichi, 23, JPNGO",JPNGO,ONEY,ONE,CHIM354B25,DRY,15,5/16/2026,6/30/2026,5/6/2026,1075,1075,0,0,1075,1075
USATL,USSAV,JPOSA,"Atlanta, GA, USATL","Savannah, GA, USSAV","Osaka, 27, JPOSA",JPOSA,ONEY,ONE,CHIM354B25,DRY,15,5/16/2026,6/30/2026,5/6/2026,1075,1075,0,0,1075,1075
USATL,USSAV,JPSBS,"Atlanta, GA, USATL","Savannah, GA, USSAV","Shibushi, 46, JPSBS",JPSBS,ONEY,ONE,CHIM354B25,DRY,15,5/16/2026,6/30/2026,5/6/2026,1975,1975,0,0,1975,1975
USATL,USSAV,JPSDJ,"Atlanta, GA, USATL","Savannah, GA, USSAV","Sendai, Miyagi, 4, JPSDJ",JPSDJ,ONEY,ONE,CHIM354B25,DRY,15,5/16/2026,6/30/2026,5/6/2026,1905,1905,0,0,1905,1905
USATL,USSAV,JPSMN,"Atlanta, GA, USATL","Savannah, GA, USSAV","Sakaiminato, 31, JPSMN",JPSMN,ONEY,ONE,CHIM354B25,DRY,15,5/16/2026,6/30/2026,5/6/2026,2215,2215,0,0,2215,2215
USATL,USSAV,JPSMZ,"Atlanta, GA, USATL","Savannah, GA, USSAV","Shimizu, 22, JPSMZ",JPSMZ,ONEY,ONE,CHIM354B25,DRY,15,5/16/2026,6/30/2026,5/6/2026,1275,1275,0,0,1275,1275
USATL,USSAV,JPTKS,"Atlanta, GA, USATL","Savannah, GA, USSAV","Tokushima, 36, JPTKS",JPTKS,ONEY,ONE,CHIM354B25,DRY,15,5/16/2026,6/30/2026,5/6/2026,2575,2575,0,0,2575,2575
USATL,USSAV,JPTMK,"Atlanta, GA, USATL","Savannah, GA, USSAV","Tomakomai, 1, JPTMK",JPTMK,ONEY,ONE,CHIM354B25,DRY,15,5/16/2026,6/30/2026,5/6/2026,2375,2375,0,0,2375,2375
USATL,USSAV,JPTYO,"Atlanta, GA, USATL","Savannah, GA, USSAV","Tokyo, 13, JPTYO",JPTYO,ONEY,ONE,CHIM354B25,DRY,15,5/16/2026,6/30/2026,5/6/2026,1075,1075,0,0,1075,1075
USATL,USSAV,JPUKB,"Atlanta, GA, USATL","Savannah, GA, USSAV","Kobe, 28, JPUKB",JPUKB,ONEY,ONE,CHIM354B25,DRY,15,5/16/2026,6/30/2026,5/6/2026,1075,1075,0,0,1075,1075
USATL,USSAV,JPYOK,"Atlanta, GA, USATL","Savannah, GA, USSAV","Yokohama, 14, JPYOK",JPYOK,ONEY,ONE,CHIM354B25,DRY,15,5/16/2026,6/30/2026,5/6/2026,1075,1075,0,0,1075,1075
USATL,USSAV,KRKAN,"Atlanta, GA, USATL","Savannah, GA, USSAV","Gwangyang, 46, KRKAN",KRKAN,ONEY,ONE,CHIM354B25,DRY,15,5/16/2026,6/30/2026,5/6/2026,1150,1150,0,0,1150,1150
USATL,USSAV,KRPUS,"Atlanta, GA, USATL","Savannah, GA, USSAV","Busan, 26, KRPUS",KRPUS,ONEY,ONE,CHIM354B25,DRY,15,5/16/2026,6/30/2026,5/6/2026,825,825,0,0,825,825
USATL,USSAV,MYPEN,"Atlanta, GA, USATL","Savannah, GA, USSAV","Penang, , MYPEN",MYPEN,ONEY,ONE,CHIM354B25,DRY,15,5/16/2026,6/30/2026,5/6/2026,1175,1175,0,0,1175,1175
USATL,USSAV,MYPGU,"Atlanta, GA, USATL","Savannah, GA, USSAV","Pasir Gudang, Johor, , MYPGU",MYPGU,ONEY,ONE,CHIM354B25,DRY,15,5/16/2026,6/30/2026,5/6/2026,1175,1175,0,0,1175,1175
USATL,USSAV,MYPKG,"Atlanta, GA, USATL","Savannah, GA, USSAV","Port Klang, 10, MYPKG",MYPKG,ONEY,ONE,CHIM354B25,DRY,15,5/16/2026,6/30/2026,5/6/2026,1175,1175,0,0,1175,1175
USATL,USSAV,PHMNL,"Atlanta, GA, USATL","Savannah, GA, USSAV","Manila, , PHMNL",PHMNL,ONEY,ONE,CHIM354B25,DRY,15,5/16/2026,6/30/2026,5/6/2026,1425,1425,0,0,1425,1425
USATL,USSAV,SGSIN,"Atlanta, GA, USATL","Savannah, GA, USSAV","Singapore, , SGSIN",SGSIN,ONEY,ONE,CHIM354B25,DRY,15,5/16/2026,6/30/2026,5/6/2026,925,925,0,0,925,925
USATL,USSAV,THBKK,"Atlanta, GA, USATL","Savannah, GA, USSAV","Bangkok, , THBKK",THBKK,ONEY,ONE,CHIM354B25,DRY,15,5/16/2026,6/30/2026,5/6/2026,985,985,0,0,985,985
USATL,USSAV,THLCH,"Atlanta, GA, USATL","Savannah, GA, USSAV","Laem Chabang, 20, THLCH",THLCH,ONEY,ONE,CHIM354B25,DRY,15,5/16/2026,6/30/2026,5/6/2026,825,825,0,0,825,825
USATL,USSAV,THLKR,"Atlanta, GA, USATL","Savannah, GA, USSAV","Lat Krabang, 10, THLKR",THLKR,ONEY,ONE,CHIM354B25,DRY,15,5/16/2026,6/30/2026,5/6/2026,925,925,0,0,925,925
USATL,USSAV,TWKEL,"Atlanta, GA, USATL","Savannah, GA, USSAV","Keelung, , TWKEL",TWKEL,ONEY,ONE,CHIM354B25,DRY,15,5/16/2026,6/30/2026,5/6/2026,1125,1125,0,0,1125,1125
USATL,USSAV,TWKHH,"Atlanta, GA, USATL","Savannah, GA, USSAV","Kaohsiung, , TWKHH",TWKHH,ONEY,ONE,CHIM354B25,DRY,15,5/16/2026,6/30/2026,5/6/2026,825,825,0,0,825,825
USATL,USSAV,TWTPE,"Atlanta, GA, USATL","Savannah, GA, USSAV","Taipei, TPE, TWTPE",TWTPE,ONEY,ONE,CHIM354B25,DRY,15,5/16/2026,6/30/2026,5/6/2026,1125,1125,0,0,1125,1125
USATL,USSAV,TWTXG,"Atlanta, GA, USATL","Savannah, GA, USSAV","Taichung, , TWTXG",TWTXG,ONEY,ONE,CHIM354B25,DRY,15,5/16/2026,6/30/2026,5/6/2026,1125,1125,0,0,1125,1125
USATL,USSAV,TWTYN,"Atlanta, GA, USATL","Savannah, GA, USSAV","Taoyuan, , TWTYN",TWTYN,ONEY,ONE,CHIM354B25,DRY,15,5/16/2026,6/30/2026,5/6/2026,1125,1125,0,0,1125,1125
USATL,USSAV,VNCMT,"Atlanta, GA, USATL","Savannah, GA, USSAV","Cai Mep Terminal, 43, VNCMT",VNCMT,ONEY,ONE,CHIM354B25,DRY,15,5/16/2026,6/30/2026,5/6/2026,825,825,0,0,825,825
USATL,USSAV,VNDAD,"Atlanta, GA, USATL","Savannah, GA, USSAV","Da Nang, , VNDAD",VNDAD,ONEY,ONE,CHIM354B25,DRY,15,5/16/2026,6/30/2026,5/6/2026,1475,1475,0,0,1475,1475
USATL,USSAV,VNHPH,"Atlanta, GA, USATL","Savannah, GA, USSAV","Haiphong, , VNHPH",VNHPH,ONEY,ONE,CHIM354B25,DRY,15,5/16/2026,6/30/2026,5/6/2026,1575,1575,0,0,1575,1575
USATL,USSAV,VNSGN,"Atlanta, GA, USATL","Savannah, GA, USSAV","Ho Chi Minh City, , VNSGN",VNSGN,ONEY,ONE,CHIM354B25,DRY,15,5/16/2026,6/30/2026,5/6/2026,825,825,0,0,825,825
USATL,USLAX,JPKCZ,"Atlanta, GA, USATL","Los Angeles, CA, USLAX","Kochi, 39, JPKCZ",JPKCZ,ONEY,ONE,CHIM354B25,DRY,15,5/16/2026,6/30/2026,5/6/2026,2250,2250,0,0,2250,2250
USATL,USLAX,JPSMZ,"Atlanta, GA, USATL","Los Angeles, CA, USLAX","Shimizu, 22, JPSMZ",JPSMZ,ONEY,ONE,CHIM354B25,DRY,15,5/16/2026,6/30/2026,5/6/2026,1960,1960,0,0,1960,1960
USATL,USLAX,JPTYO,"Atlanta, GA, USATL","Los Angeles, CA, USLAX","Tokyo, 13, JPTYO",JPTYO,ONEY,ONE,CHIM354B25,DRY,15,5/16/2026,6/30/2026,5/6/2026,1960,1960,0,0,1960,1960
USATL,USLAX,KRPUS,"Atlanta, GA, USATL","Los Angeles, CA, USLAX","Busan, 26, KRPUS",KRPUS,ONEY,ONE,CHIM354B25,DRY,15,5/16/2026,6/30/2026,5/6/2026,1650,1650,0,0,1650,1650
USATL,USLAX,THBKK,"Atlanta, GA, USATL","Los Angeles, CA, USLAX","Bangkok, , THBKK",THBKK,ONEY,ONE,CHIM354B25,DRY,15,5/16/2026,6/30/2026,5/6/2026,2270,2270,0,0,2270,2270
USATL,USSAV,BDCGP,"Atlanta, GA, USATL","Savannah, GA, USSAV","Chattogram/Chittagong, , BDCGP",BDCGP,ONEY,ONE,CHIM354B25,DRY,15,5/16/2026,6/30/2026,5/6/2026,3225,3225,0,0,3225,3225
USATL,USSAV,INCCU,"Atlanta, GA, USATL","Savannah, GA, USSAV","Kolkata (ex Calcutta), WB, INCCU",INCCU,ONEY,ONE,CHIM354B25,DRY,15,5/16/2026,6/30/2026,5/6/2026,2375,2375,0,0,2375,2375
USATL,USSAV,INCOK,"Atlanta, GA, USATL","Savannah, GA, USSAV","Cochin, KL, INCOK",INCOK,ONEY,ONE,CHIM354B25,DRY,15,5/16/2026,6/30/2026,5/6/2026,2375,2375,0,0,2375,2375
USATL,USSAV,INHZA,"Atlanta, GA, USATL","Savannah, GA, USSAV","Hazira Port/Surat, GJ, INHZA",INHZA,ONEY,ONE,CHIM354B25,DRY,15,5/16/2026,6/30/2026,5/6/2026,1475,1475,0,0,1475,1475
USATL,USSAV,INMAA,"Atlanta, GA, USATL","Savannah, GA, USSAV","Chennai (ex Madras), TN, INMAA",INMAA,ONEY,ONE,CHIM354B25,DRY,15,5/16/2026,6/30/2026,5/6/2026,2375,2375,0,0,2375,2375
USATL,USSAV,INMUN,"Atlanta, GA, USATL","Savannah, GA, USSAV","Mundra, GJ, INMUN",INMUN,ONEY,ONE,CHIM354B25,DRY,15,5/16/2026,6/30/2026,5/6/2026,1275,1275,0,0,1275,1275
USATL,USSAV,INNSA,"Atlanta, GA, USATL","Savannah, GA, USSAV","Nhava Sheva, MH, INNSA",INNSA,ONEY,ONE,CHIM354B25,DRY,15,5/16/2026,6/30/2026,5/6/2026,1275,1275,0,0,1275,1275
USATL,USSAV,INPAV,"Atlanta, GA, USATL","Savannah, GA, USSAV","Pipavav (Victor) Port, GJ, INPAV",INPAV,ONEY,ONE,CHIM354B25,DRY,15,5/16/2026,6/30/2026,5/6/2026,2375,2375,0,0,2375,2375
USATL,USSAV,INTUT,"Atlanta, GA, USATL","Savannah, GA, USSAV","Tuticorin, TN, INTUT",INTUT,ONEY,ONE,CHIM354B25,DRY,15,5/16/2026,6/30/2026,5/6/2026,2375,2375,0,0,2375,2375
USATL,USSAV,PKKHI,"Atlanta, GA, USATL","Savannah, GA, USSAV","Karachi, SD, PKKHI",PKKHI,ONEY,ONE,CHIM354B25,DRY,15,5/16/2026,6/30/2026,5/6/2026,2275,2275,0,0,2275,2275
USATL,USSAV,EGALY,"Atlanta, GA, USATL","Savannah, GA, USSAV","Alexandria, , EGALY",EGALY,ONEY,ONE,CHIM354B25,DRY,15,5/16/2026,6/30/2026,5/6/2026,1925,1925,0,0,1925,1925
USATL,USSAV,EGDAM,"Atlanta, GA, USATL","Savannah, GA, USSAV","Damietta, , EGDAM",EGDAM,ONEY,ONE,CHIM354B25,DRY,15,5/16/2026,6/30/2026,5/6/2026,1925,1925,0,0,1925,1925
USATL,USSAV,GEPTI,"Atlanta, GA, USATL","Savannah, GA, USSAV","Poti, , GEPTI",GEPTI,ONEY,ONE,CHIM354B25,DRY,15,5/16/2026,6/30/2026,5/6/2026,2375,2375,0,0,2375,2375
USATL,USSAV,GRPIR,"Atlanta, GA, USATL","Savannah, GA, USSAV","Piraeus, , GRPIR",GRPIR,ONEY,ONE,CHIM354B25,DRY,15,5/16/2026,6/30/2026,5/6/2026,1675,1675,0,0,1675,1675
USATL,USSAV,ILASH,"Atlanta, GA, USATL","Savannah, GA, USSAV","Ashdod, , ILASH",ILASH,ONEY,ONE,CHIM354B25,DRY,15,5/16/2026,6/30/2026,5/6/2026,1975,1975,0,0,1975,1975
USATL,USSAV,ILHFA,"Atlanta, GA, USATL","Savannah, GA, USSAV","Haifa, , ILHFA",ILHFA,ONEY,ONE,CHIM354B25,DRY,15,5/16/2026,6/30/2026,5/6/2026,1975,1975,0,0,1975,1975
USATL,USSAV,TRALI,"Atlanta, GA, USATL","Savannah, GA, USSAV","Aliaga, 35, TRALI",TRALI,ONEY,ONE,CHIM354B25,DRY,15,5/16/2026,6/30/2026,5/6/2026,1375,1375,0,0,1375,1375
USATL,USSAV,TRISK,"Atlanta, GA, USATL","Savannah, GA, USSAV","Iskenderun, 31, TRISK",TRISK,ONEY,ONE,CHIM354B25,DRY,15,5/16/2026,6/30/2026,5/6/2026,1375,1375,0,0,1375,1375
USATL,USSAV,TRIST,"Atlanta, GA, USATL","Savannah, GA, USSAV","Istanbul, 34, TRIST",TRIST,ONEY,ONE,CHIM354B25,DRY,15,5/16/2026,6/30/2026,5/6/2026,1375,1375,0,0,1375,1375
USATL,USSAV,ESALG,"Atlanta, GA, USATL","Savannah, GA, USSAV","Algeciras, , ESALG",ESALG,ONEY,ONE,CHIM354B25,DRY,15,5/16/2026,6/30/2026,5/6/2026,943,943,0,0,943,943
USATL,USSAV,ESBCN,"Atlanta, GA, USATL","Savannah, GA, USSAV","Barcelona, , ESBCN",ESBCN,ONEY,ONE,CHIM354B25,DRY,15,5/16/2026,6/30/2026,5/6/2026,1928,1928,0,0,1928,1928
USATL,USSAV,ESVLC,"Atlanta, GA, USATL","Savannah, GA, USSAV","Valencia, , ESVLC",ESVLC,ONEY,ONE,CHIM354B25,DRY,15,5/16/2026,6/30/2026,5/6/2026,1418,1418,0,0,1418,1418
USATL,USSAV,ITSPE,"Atlanta, GA, USATL","Savannah, GA, USSAV","La Spezia, , ITSPE",ITSPE,ONEY,ONE,CHIM354B25,DRY,15,5/16/2026,6/30/2026,5/6/2026,1203,1203,0,0,1203,1203
USATL,USSAV,PTLEI,"Atlanta, GA, USATL","Savannah, GA, USSAV","Leixoes, 13, PTLEI",PTLEI,ONEY,ONE,CHIM354B25,DRY,15,5/16/2026,6/30/2026,5/6/2026,2343,2343,0,0,2343,2343
USATL,USSAV,PTLIS,"Atlanta, GA, USATL","Savannah, GA, USSAV","Lisboa, 11, PTLIS",PTLIS,ONEY,ONE,CHIM354B25,DRY,15,5/16/2026,6/30/2026,5/6/2026,2258,2258,0,0,2258,2258
USATL,USSAV,BEANR,"Atlanta, GA, USATL","Savannah, GA, USSAV","Antwerp, VAN, BEANR",BEANR,ONEY,ONE,CHIM354B25,DRY,15,5/16/2026,6/30/2026,5/6/2026,1010,1010,0,0,1010,1010
USATL,USSAV,DEBRV,"Atlanta, GA, USATL","Savannah, GA, USSAV","Bremerhaven, HB, DEBRV",DEBRV,ONEY,ONE,CHIM354B25,DRY,15,5/16/2026,6/30/2026,5/6/2026,1660,1660,0,0,1660,1660
USATL,USSAV,FRFOS,"Atlanta, GA, USATL","Savannah, GA, USSAV","Fos-sur-Mer, 13, FRFOS",FRFOS,ONEY,ONE,CHIM354B25,DRY,15,5/16/2026,6/30/2026,5/6/2026,1365,1365,0,0,1365,1365
USATL,USSAV,FRLEH,"Atlanta, GA, USATL","Savannah, GA, USSAV","Le Havre, 76, FRLEH",FRLEH,ONEY,ONE,CHIM354B25,DRY,15,5/16/2026,6/30/2026,5/6/2026,1670,1670,0,0,1670,1670
USATL,USSAV,GBLIV,"Atlanta, GA, USATL","Savannah, GA, USSAV","Liverpool, MSY, GBLIV",GBLIV,ONEY,ONE,CHIM354B25,DRY,15,5/16/2026,6/30/2026,5/6/2026,2206,2206,0,0,2206,2206
USATL,USSAV,ZACPT,"Atlanta, GA, USATL","Savannah, GA, USSAV","Cape Town, , ZACPT",ZACPT,ONEY,ONE,CHIM354B25,DRY,15,5/16/2026,6/30/2026,5/6/2026,3075,3075,0,0,3075,3075
USATL,USSAV,ZADUR,"Atlanta, GA, USATL","Savannah, GA, USSAV","Durban, , ZADUR",ZADUR,ONEY,ONE,CHIM354B25,DRY,15,5/16/2026,6/30/2026,5/6/2026,3075,3075,0,0,3075,3075
USATL,USSAV,THLKR,"Atlanta, GA, USATL","Savannah, GA, USSAV","Lat Krabang, 10, THLKR",THLKR,OOLU,OOCL,MT256104,DRY,16,4/1/2026,6/30/2026,5/16/2026,788,788,0,0,788,788
USATL,USSAV,THBMT,"Atlanta, GA, USATL","Savannah, GA, USSAV","Bangkok Modern Terminals, , THBMT",THBMT,YMJA,YML,051625,DRY,10,5/13/2026,6/30/2026,5/16/2026,1093,1093,0,0,1093,1093
USATL,USCHS,THBMT,"Atlanta, GA, USATL","Charleston, SC, USCHS","Bangkok Modern Terminals, , THBMT",THBMT,YMJA,YML,051625,DRY,10,5/13/2026,6/30/2026,5/16/2026,1092,1092,0,0,1092,1092
USATL,USSAV,VNCMT,"Atlanta, GA, USATL","Savannah, GA, USSAV","Cai Mep Terminal, 43, VNCMT",VNCMT,YMJA,YML,051625,DRY,10,5/13/2026,6/30/2026,5/16/2026,1108,1108,0,0,1108,1108
USATL,USCHS,VNCMT,"Atlanta, GA, USATL","Charleston, SC, USCHS","Cai Mep Terminal, 43, VNCMT",VNCMT,YMJA,YML,051625,DRY,10,5/13/2026,6/30/2026,5/16/2026,1107,1107,0,0,1107,1107
USATL,USSAV,VNCMT,"Atlanta, GA, USATL","Savannah, GA, USSAV","Cai Mep Terminal, 43, VNCMT",VNCMT,YMJA,YML,051625,DRY,10,5/13/2026,6/30/2026,5/16/2026,608,608,0,0,608,608
USATL,USCHS,VNCMT,"Atlanta, GA, USATL","Charleston, SC, USCHS","Cai Mep Terminal, 43, VNCMT",VNCMT,YMJA,YML,051625,DRY,10,5/13/2026,6/30/2026,5/16/2026,607,607,0,0,607,607
USATL,USSAV,VNCLI,"Atlanta, GA, USATL","Savannah, GA, USSAV","Cat Lai, 65, VNCLI",VNCLI,YMJA,YML,051625,DRY,10,5/13/2026,6/30/2026,5/16/2026,858,858,0,0,858,858
USATL,USCHS,VNCLI,"Atlanta, GA, USATL","Charleston, SC, USCHS","Cat Lai, 65, VNCLI",VNCLI,YMJA,YML,051625,DRY,10,5/13/2026,6/30/2026,5/16/2026,857,857,0,0,857,857
USATL,USSAV,VNDAD,"Atlanta, GA, USATL","Savannah, GA, USSAV","Da Nang, , VNDAD",VNDAD,YMJA,YML,051625,DRY,10,5/13/2026,6/30/2026,5/16/2026,1638,1638,0,0,1638,1638
USATL,USCHS,VNDAD,"Atlanta, GA, USATL","Charleston, SC, USCHS","Da Nang, , VNDAD",VNDAD,YMJA,YML,051625,DRY,10,5/13/2026,6/30/2026,5/16/2026,1637,1637,0,0,1637,1637
USATL,USSAV,VNHPH,"Atlanta, GA, USATL","Savannah, GA, USSAV","Haiphong, , VNHPH",VNHPH,YMJA,YML,051625,DRY,10,5/13/2026,6/30/2026,5/16/2026,758,758,0,0,758,758
USATL,USCHS,VNHPH,"Atlanta, GA, USATL","Charleston, SC, USCHS","Haiphong, , VNHPH",VNHPH,YMJA,YML,051625,DRY,10,5/13/2026,6/30/2026,5/16/2026,757,757,0,0,757,757
USATL,USSAV,HKHKG,"Atlanta, GA, USATL","Savannah, GA, USSAV","Hong Kong, , HKHKG",HKHKG,YMJA,YML,051625,DRY,10,5/13/2026,6/30/2026,5/16/2026,858,858,0,0,858,858
USATL,USCHS,HKHKG,"Atlanta, GA, USATL","Charleston, SC, USCHS","Hong Kong, , HKHKG",HKHKG,YMJA,YML,051625,DRY,10,5/13/2026,6/30/2026,5/16/2026,857,857,0,0,857,857
USATL,USSAV,IDJKT,"Atlanta, GA, USATL","Savannah, GA, USSAV","Jakarta, JK, IDJKT",IDJKT,YMJA,YML,051625,DRY,10,5/13/2026,6/30/2026,5/16/2026,913,913,0,0,913,913
USATL,USCHS,IDJKT,"Atlanta, GA, USATL","Charleston, SC, USCHS","Jakarta, JK, IDJKT",IDJKT,YMJA,YML,051625,DRY,10,5/13/2026,6/30/2026,5/16/2026,912,912,0,0,912,912
USATL,USSAV,IDJKT,"Atlanta, GA, USATL","Savannah, GA, USSAV","Jakarta, JK, IDJKT",IDJKT,YMJA,YML,051625,DRY,10,5/13/2026,6/30/2026,5/16/2026,1058,1058,0,0,1058,1058
USATL,USCHS,IDJKT,"Atlanta, GA, USATL","Charleston, SC, USCHS","Jakarta, JK, IDJKT",IDJKT,YMJA,YML,051625,DRY,10,5/13/2026,6/30/2026,5/16/2026,1057,1057,0,0,1057,1057
USATL,USSAV,TWKHH,"Atlanta, GA, USATL","Savannah, GA, USSAV","Kaohsiung, , TWKHH",TWKHH,YMJA,YML,051625,DRY,10,5/13/2026,6/30/2026,5/16/2026,958,958,0,0,958,958
USATL,USCHS,TWKHH,"Atlanta, GA, USATL","Charleston, SC, USCHS","Kaohsiung, , TWKHH",TWKHH,YMJA,YML,051625,DRY,10,5/13/2026,6/30/2026,5/16/2026,957,957,0,0,957,957
USATL,USSAV,TWKHH,"Atlanta, GA, USATL","Savannah, GA, USSAV","Kaohsiung, , TWKHH",TWKHH,YMJA,YML,051625,DRY,10,5/13/2026,6/30/2026,5/16/2026,558,558,0,0,558,558
USATL,USCHS,TWKHH,"Atlanta, GA, USATL","Charleston, SC, USCHS","Kaohsiung, , TWKHH",TWKHH,YMJA,YML,051625,DRY,10,5/13/2026,6/30/2026,5/16/2026,557,557,0,0,557,557
USATL,USSAV,TWKEL,"Atlanta, GA, USATL","Savannah, GA, USSAV","Keelung, , TWKEL",TWKHH,YMJA,YML,051625,DRY,10,5/13/2026,6/30/2026,5/16/2026,708,708,0,0,708,708
USATL,USCHS,TWKEL,"Atlanta, GA, USATL","Charleston, SC, USCHS","Keelung, , TWKEL",TWKHH,YMJA,YML,051625,DRY,10,5/13/2026,6/30/2026,5/16/2026,707,707,0,0,707,707
USATL,USSAV,JPUKB,"Atlanta, GA, USATL","Savannah, GA, USSAV","Kobe, 28, JPUKB",JPUKB,YMJA,YML,051625,DRY,10,5/13/2026,6/30/2026,5/16/2026,1108,1108,0,0,1108,1108
USATL,USCHS,JPUKB,"Atlanta, GA, USATL","Charleston, SC, USCHS","Kobe, 28, JPUKB",JPUKB,YMJA,YML,051625,DRY,10,5/13/2026,6/30/2026,5/16/2026,1107,1107,0,0,1107,1107
USATL,USSAV,THLCH,"Atlanta, GA, USATL","Savannah, GA, USSAV","Laem Chabang, 20, THLCH",THLCH,YMJA,YML,051625,DRY,10,5/13/2026,6/30/2026,5/16/2026,1108,1108,0,0,1108,1108
USATL,USCHS,THLCH,"Atlanta, GA, USATL","Charleston, SC, USCHS","Laem Chabang, 20, THLCH",THLCH,YMJA,YML,051625,DRY,10,5/13/2026,6/30/2026,5/16/2026,1107,1107,0,0,1107,1107
USATL,USSAV,THLCH,"Atlanta, GA, USATL","Savannah, GA, USSAV","Laem Chabang, 20, THLCH",THLCH,YMJA,YML,051625,DRY,10,5/13/2026,6/30/2026,5/16/2026,508,508,0,0,508,508
USATL,USCHS,THLCH,"Atlanta, GA, USATL","Charleston, SC, USCHS","Laem Chabang, 20, THLCH",THLCH,YMJA,YML,051625,DRY,10,5/13/2026,6/30/2026,5/16/2026,507,507,0,0,507,507
USATL,USSAV,THLKR,"Atlanta, GA, USATL","Savannah, GA, USSAV","Lat Krabang, 10, THLKR",THLKR,YMJA,YML,051625,DRY,10,5/13/2026,6/30/2026,5/16/2026,1108,1108,0,0,1108,1108
USATL,USCHS,THLKR,"Atlanta, GA, USATL","Charleston, SC, USCHS","Lat Krabang, 10, THLKR",THLKR,YMJA,YML,051625,DRY,10,5/13/2026,6/30/2026,5/16/2026,1107,1107,0,0,1107,1107
USATL,USSAV,JPNGO,"Atlanta, GA, USATL","Savannah, GA, USSAV","Nagoya, Aichi, 23, JPNGO",JPNGO,YMJA,YML,051625,DRY,10,5/13/2026,6/30/2026,5/16/2026,1108,1108,0,0,1108,1108
USATL,USCHS,JPNGO,"Atlanta, GA, USATL","Charleston, SC, USCHS","Nagoya, Aichi, 23, JPNGO",JPNGO,YMJA,YML,051625,DRY,10,5/13/2026,6/30/2026,5/16/2026,1107,1107,0,0,1107,1107
USATL,USSAV,CNNSA,"Atlanta, GA, USATL","Savannah, GA, USSAV","Nansha Pt, 44, CNNSA",CNYTN,YMJA,YML,051625,DRY,10,5/13/2026,6/30/2026,5/16/2026,908,908,0,0,908,908
USATL,USCHS,CNNSA,"Atlanta, GA, USATL","Charleston, SC, USCHS","Nansha Pt, 44, CNNSA",CNYTN,YMJA,YML,051625,DRY,10,5/13/2026,6/30/2026,5/16/2026,907,907,0,0,907,907
USATL,USSAV,CNNBG,"Atlanta, GA, USATL","Savannah, GA, USSAV","Ningbo Pt, 33, CNNBG",CNNBG,YMJA,YML,051625,DRY,10,5/13/2026,6/30/2026,5/16/2026,1108,1108,0,0,1108,1108
USATL,USCHS,CNNBG,"Atlanta, GA, USATL","Charleston, SC, USCHS","Ningbo Pt, 33, CNNBG",CNNBG,YMJA,YML,051625,DRY,10,5/13/2026,6/30/2026,5/16/2026,1107,1107,0,0,1107,1107
USATL,USSAV,CNNBG,"Atlanta, GA, USATL","Savannah, GA, USSAV","Ningbo Pt, 33, CNNBG",CNNBG,YMJA,YML,051625,DRY,10,5/13/2026,6/30/2026,5/16/2026,608,608,0,0,608,608
USATL,USCHS,CNNBG,"Atlanta, GA, USATL","Charleston, SC, USCHS","Ningbo Pt, 33, CNNBG",CNNBG,YMJA,YML,051625,DRY,10,5/13/2026,6/30/2026,5/16/2026,607,607,0,0,607,607
USATL,USSAV,JPOSA,"Atlanta, GA, USATL","Savannah, GA, USSAV","Osaka, 27, JPOSA",JPOSA,YMJA,YML,051625,DRY,10,5/13/2026,6/30/2026,5/16/2026,1258,1258,0,0,1258,1258
USATL,USCHS,JPOSA,"Atlanta, GA, USATL","Charleston, SC, USCHS","Osaka, 27, JPOSA",JPOSA,YMJA,YML,051625,DRY,10,5/13/2026,6/30/2026,5/16/2026,1257,1257,0,0,1257,1257
USATL,USSAV,MYPEN,"Atlanta, GA, USATL","Savannah, GA, USSAV","Penang, , MYPEN",MYPEN,YMJA,YML,051625,DRY,10,5/13/2026,6/30/2026,5/16/2026,858,858,0,0,858,858
USATL,USCHS,MYPEN,"Atlanta, GA, USATL","Charleston, SC, USCHS","Penang, , MYPEN",MYPEN,YMJA,YML,051625,DRY,10,5/13/2026,6/30/2026,5/16/2026,857,857,0,0,857,857
USATL,USSAV,MYPKG,"Atlanta, GA, USATL","Savannah, GA, USSAV","Port Klang, 10, MYPKG",MYPKG,YMJA,YML,051625,DRY,10,5/13/2026,6/30/2026,5/16/2026,858,858,0,0,858,858
USATL,USCHS,MYPKG,"Atlanta, GA, USATL","Charleston, SC, USCHS","Port Klang, 10, MYPKG",MYPKG,YMJA,YML,051625,DRY,10,5/13/2026,6/30/2026,5/16/2026,857,857,0,0,857,857
USATL,USSAV,KRPUS,"Atlanta, GA, USATL","Savannah, GA, USSAV","Busan, 26, KRPUS",KRPUS,YMJA,YML,051625,DRY,10,5/13/2026,6/30/2026,5/16/2026,1108,1108,0,0,1108,1108
USATL,USCHS,KRPUS,"Atlanta, GA, USATL","Charleston, SC, USCHS","Busan, 26, KRPUS",KRPUS,YMJA,YML,051625,DRY,10,5/13/2026,6/30/2026,5/16/2026,1107,1107,0,0,1107,1107
USATL,USSAV,KRPUS,"Atlanta, GA, USATL","Savannah, GA, USSAV","Busan, 26, KRPUS",KRPUS,YMJA,YML,051625,DRY,10,5/13/2026,6/30/2026,5/16/2026,608,608,0,0,608,608
USATL,USCHS,KRPUS,"Atlanta, GA, USATL","Charleston, SC, USCHS","Busan, 26, KRPUS",KRPUS,YMJA,YML,051625,DRY,10,5/13/2026,6/30/2026,5/16/2026,607,607,0,0,607,607
USATL,USSAV,CNTAO,"Atlanta, GA, USATL","Savannah, GA, USSAV","Qingdao, 37, CNTAO",CNTAO,YMJA,YML,051625,DRY,10,5/13/2026,6/30/2026,5/16/2026,758,758,0,0,758,758
USATL,USCHS,CNTAO,"Atlanta, GA, USATL","Charleston, SC, USCHS","Qingdao, 37, CNTAO",CNTAO,YMJA,YML,051625,DRY,10,5/13/2026,6/30/2026,5/16/2026,757,757,0,0,757,757
USATL,USSAV,IDSRG,"Atlanta, GA, USATL","Savannah, GA, USSAV","Semarang, JT, IDSRG",IDSRG,YMJA,YML,051625,DRY,10,5/13/2026,6/30/2026,5/16/2026,1158,1158,0,0,1158,1158
USATL,USCHS,IDSRG,"Atlanta, GA, USATL","Charleston, SC, USCHS","Semarang, JT, IDSRG",IDSRG,YMJA,YML,051625,DRY,10,5/13/2026,6/30/2026,5/16/2026,1157,1157,0,0,1157,1157
USATL,USSAV,CNSHA,"Atlanta, GA, USATL","Savannah, GA, USSAV","Shanghai, 31, CNSHA",CNSHA,YMJA,YML,051625,DRY,10,5/13/2026,6/30/2026,5/16/2026,1108,1108,0,0,1108,1108
USATL,USCHS,CNSHA,"Atlanta, GA, USATL","Charleston, SC, USCHS","Shanghai, 31, CNSHA",CNSHA,YMJA,YML,051625,DRY,10,5/13/2026,6/30/2026,5/16/2026,1107,1107,0,0,1107,1107
USATL,USSAV,CNSHA,"Atlanta, GA, USATL","Savannah, GA, USSAV","Shanghai, 31, CNSHA",CNSHA,YMJA,YML,051625,DRY,10,5/13/2026,6/30/2026,5/16/2026,608,608,0,0,608,608
USATL,USCHS,CNSHA,"Atlanta, GA, USATL","Charleston, SC, USCHS","Shanghai, 31, CNSHA",CNSHA,YMJA,YML,051625,DRY,10,5/13/2026,6/30/2026,5/16/2026,607,607,0,0,607,607
USATL,USSAV,SGSIN,"Atlanta, GA, USATL","Savannah, GA, USSAV","Singapore, , SGSIN",SGSIN,YMJA,YML,051625,DRY,10,5/13/2026,6/30/2026,5/16/2026,1108,1108,0,0,1108,1108
USATL,USCHS,SGSIN,"Atlanta, GA, USATL","Charleston, SC, USCHS","Singapore, , SGSIN",SGSIN,YMJA,YML,051625,DRY,10,5/13/2026,6/30/2026,5/16/2026,1107,1107,0,0,1107,1107
USATL,USSAV,SGSIN,"Atlanta, GA, USATL","Savannah, GA, USSAV","Singapore, , SGSIN",SGSIN,YMJA,YML,051625,DRY,10,5/13/2026,6/30/2026,5/16/2026,608,608,0,0,608,608
USATL,USCHS,SGSIN,"Atlanta, GA, USATL","Charleston, SC, USCHS","Singapore, , SGSIN",SGSIN,YMJA,YML,051625,DRY,10,5/13/2026,6/30/2026,5/16/2026,607,607,0,0,607,607
USATL,USSAV,IDSUB,"Atlanta, GA, USATL","Savannah, GA, USSAV","Surabaya, JI, IDSUB",IDSUB,YMJA,YML,051625,DRY,10,5/13/2026,6/30/2026,5/16/2026,1108,1108,0,0,1108,1108
USATL,USCHS,IDSUB,"Atlanta, GA, USATL","Charleston, SC, USCHS","Surabaya, JI, IDSUB",IDSUB,YMJA,YML,051625,DRY,10,5/13/2026,6/30/2026,5/16/2026,1107,1107,0,0,1107,1107
USATL,USSAV,TWTXG,"Atlanta, GA, USATL","Savannah, GA, USSAV","Taichung, , TWTXG",TWKHH,YMJA,YML,051625,DRY,10,5/13/2026,6/30/2026,5/16/2026,658,658,0,0,658,658
USATL,USCHS,TWTXG,"Atlanta, GA, USATL","Charleston, SC, USCHS","Taichung, , TWTXG",TWKHH,YMJA,YML,051625,DRY,10,5/13/2026,6/30/2026,5/16/2026,657,657,0,0,657,657
USATL,USSAV,CNXMN,"Atlanta, GA, USATL","Savannah, GA, USSAV","Xiamen, 35, CNXMN",CNXMN,YMJA,YML,051625,DRY,10,5/13/2026,6/30/2026,5/16/2026,608,608,0,0,608,608
USATL,USCHS,CNXMN,"Atlanta, GA, USATL","Charleston, SC, USCHS","Xiamen, 35, CNXMN",CNXMN,YMJA,YML,051625,DRY,10,5/13/2026,6/30/2026,5/16/2026,607,607,0,0,607,607
USATL,USSAV,CNYTN,"Atlanta, GA, USATL","Savannah, GA, USSAV","Yantian Pt, 44, CNYTN",CNYTN,YMJA,YML,051625,DRY,10,5/13/2026,6/30/2026,5/16/2026,1108,1108,0,0,1108,1108
USATL,USCHS,CNYTN,"Atlanta, GA, USATL","Charleston, SC, USCHS","Yantian Pt, 44, CNYTN",CNYTN,YMJA,YML,051625,DRY,10,5/13/2026,6/30/2026,5/16/2026,1107,1107,0,0,1107,1107
USATL,USSAV,CNYTN,"Atlanta, GA, USATL","Savannah, GA, USSAV","Yantian Pt, 44, CNYTN",CNYTN,YMJA,YML,051625,DRY,10,5/13/2026,6/30/2026,5/16/2026,608,608,0,0,608,608
USATL,USCHS,CNYTN,"Atlanta, GA, USATL","Charleston, SC, USCHS","Yantian Pt, 44, CNYTN",CNYTN,YMJA,YML,051625,DRY,10,5/13/2026,6/30/2026,5/16/2026,607,607,0,0,607,607
USDAL,USHOU,DZALG,"Dallas, TX, USDAL","Houston, TX, USHOU","Alger (Algiers), 16, DZALG",DZALG,MAEU,Maersk,300094432,DRY,0,4/1/2026,9/30/2026,3/24/2026,3216,3216,0,0,3216,3216
USDAL,USHOU,ECPSJ,"Dallas, TX, USDAL","Houston, TX, USHOU","Posorja, G, ECPSJ",ECPSJ,MAEU,Maersk,300094432,DRY,0,4/1/2026,9/30/2026,3/24/2026,2080,2080,0,0,2080,2080
USDAL,USHOU,PECLL,"Dallas, TX, USDAL","Houston, TX, USHOU","Callao, , PECLL",PECLL,MAEU,Maersk,300094432,DRY,0,4/1/2026,9/30/2026,3/24/2026,2295,2295,0,0,2295,2295
USDAL,USLAX,CRCAL,"Dallas, TX, USDAL","Los Angeles, CA, USLAX","Caldera, P, CRCAL",CRCAL,ONEY,ONE,CHIM354B25,DRY,15,5/16/2026,6/30/2026,5/6/2026,2425,2425,0,0,2425,2425
USDAL,USLAX,GTPRQ,"Dallas, TX, USDAL","Los Angeles, CA, USLAX","Puerto Quetzal, , GTPRQ",GTPRQ,ONEY,ONE,CHIM354B25,DRY,15,5/16/2026,6/30/2026,5/6/2026,1600,1600,0,0,1600,1600
USDAL,USLAX,PAMIT,"Dallas, TX, USDAL","Los Angeles, CA, USLAX","Manzanillo, , PAMIT",PAMIT,ONEY,ONE,CHIM354B25,DRY,15,5/16/2026,6/30/2026,5/6/2026,2125,2125,0,0,2125,2125
USDAL,USLAX,PAROD,"Dallas, TX, USDAL","Los Angeles, CA, USLAX","Rodman, 8, PAROD",PAROD,ONEY,ONE,CHIM354B25,DRY,15,5/16/2026,6/30/2026,5/6/2026,2325,2325,0,0,2325,2325
USDAL,USLAX,MXLZC,"Dallas, TX, USDAL","Los Angeles, CA, USLAX","Lazaro Cardenas, MIC, MXLZC",MXLZC,ONEY,ONE,CHIM354B25,DRY,15,5/16/2026,6/30/2026,5/6/2026,2125,2125,0,0,2125,2125
USDAL,USLAX,MXZLO,"Dallas, TX, USDAL","Los Angeles, CA, USLAX","Manzanillo, COL, MXZLO",MXZLO,ONEY,ONE,CHIM354B25,DRY,15,5/16/2026,6/30/2026,5/6/2026,2125,2125,0,0,2125,2125
USDAL,USLAX,CLARI,"Dallas, TX, USDAL","Los Angeles, CA, USLAX","Arica, TA, CLARI",CLARI,ONEY,ONE,CHIM354B25,DRY,15,5/16/2026,6/30/2026,5/6/2026,2925,2925,0,0,2925,2925
USDAL,USLAX,CLSAI,"Dallas, TX, USDAL","Los Angeles, CA, USLAX","San Antonio, VS, CLSAI",CLSAI,ONEY,ONE,CHIM354B25,DRY,15,5/16/2026,6/30/2026,5/6/2026,2425,2425,0,0,2425,2425
USDAL,USLAX,CLVAP,"Dallas, TX, USDAL","Los Angeles, CA, USLAX","Valparaiso, VS, CLVAP",CLVAP,ONEY,ONE,CHIM354B25,DRY,15,5/16/2026,6/30/2026,5/6/2026,2425,2425,0,0,2425,2425
USDAL,USLAX,COBUN,"Dallas, TX, USDAL","Los Angeles, CA, USLAX","Buenaventura, , COBUN",COBUN,ONEY,ONE,CHIM354B25,DRY,15,5/16/2026,6/30/2026,5/6/2026,2425,2425,0,0,2425,2425
USDAL,USLAX,ECGYE,"Dallas, TX, USDAL","Los Angeles, CA, USLAX","Guayaquil, G, ECGYE",ECGYE,ONEY,ONE,CHIM354B25,DRY,15,5/16/2026,6/30/2026,5/6/2026,1410,1410,0,0,1410,1410
USDAL,USLAX,PECLL,"Dallas, TX, USDAL","Los Angeles, CA, USLAX","Callao, , PECLL",PECLL,ONEY,ONE,CHIM354B25,DRY,15,5/16/2026,6/30/2026,5/6/2026,1660,1660,0,0,1660,1660
USDAL,USLAX,PEPAI,"Dallas, TX, USDAL","Los Angeles, CA, USLAX","Paita, , PEPAI",PEPAI,ONEY,ONE,CHIM354B25,DRY,15,5/16/2026,6/30/2026,5/6/2026,2710,2710,0,0,2710,2710
USDAL,USLAX,CNAQG,"Dallas, TX, USDAL","Los Angeles, CA, USLAX","Anqing Pt, 34, CNAQG",CNAQG,ONEY,ONE,CHIM354B25,DRY,15,5/16/2026,6/30/2026,5/6/2026,1190,1190,0,0,1190,1190
USDAL,USLAX,CNCAN,"Dallas, TX, USDAL","Los Angeles, CA, USLAX","Guangzhou Baiyun, 44, CNCAN",CNCAN,ONEY,ONE,CHIM354B25,DRY,15,5/16/2026,6/30/2026,5/6/2026,1550,1550,0,0,1550,1550
USDAL,USLAX,CNCGU,"Dallas, TX, USDAL","Los Angeles, CA, USLAX","Changshu, 32, CNCGU",CNCGU,ONEY,ONE,CHIM354B25,DRY,15,5/16/2026,6/30/2026,5/6/2026,1450,1450,0,0,1450,1450
USDAL,USLAX,CNCKG,"Dallas, TX, USDAL","Los Angeles, CA, USLAX","Chongqing Jiangbei, 51, CNCKG",CNCKG,ONEY,ONE,CHIM354B25,DRY,15,5/16/2026,6/30/2026,5/6/2026,1760,1760,0,0,1760,1760
USDAL,USLAX,CNDOU,"Dallas, TX, USDAL","Los Angeles, CA, USLAX","Doumen Pt, 44, CNDOU",CNDOU,ONEY,ONE,CHIM354B25,DRY,15,5/16/2026,6/30/2026,5/6/2026,1475,1475,0,0,1475,1475
USDAL,USLAX,CNFOC,"Dallas, TX, USDAL","Los Angeles, CA, USLAX","Fuzhou Changle, 35, CNFOC",CNFOC,ONEY,ONE,CHIM354B25,DRY,15,5/16/2026,6/30/2026,5/6/2026,1370,1370,0,0,1370,1370
USDAL,USLAX,CNGON,"Dallas, TX, USDAL","Los Angeles, CA, USLAX","Gaolan, 44, CNGON",CNGON,ONEY,ONE,CHIM354B25,DRY,15,5/16/2026,6/30/2026,5/6/2026,1500,1500,0,0,1500,1500
USDAL,USLAX,CNHUA,"Dallas, TX, USDAL","Los Angeles, CA, USLAX","Huangpu Pt, 44, CNHUA",CNHUA,ONEY,ONE,CHIM354B25,DRY,15,5/16/2026,6/30/2026,5/6/2026,1235,1235,0,0,1235,1235
USDAL,USLAX,CNLYG,"Dallas, TX, USDAL","Los Angeles, CA, USLAX","Lianyungang, 32, CNLYG",CNLYG,ONEY,ONE,CHIM354B25,DRY,15,5/16/2026,6/30/2026,5/6/2026,1465,1465,0,0,1465,1465
USDAL,USLAX,CNNBG,"Dallas, TX, USDAL","Los Angeles, CA, USLAX","Ningbo Pt, 33, CNNBG",CNNBG,ONEY,ONE,CHIM354B25,DRY,15,5/16/2026,6/30/2026,5/6/2026,1080,1080,0,0,1080,1080
USDAL,USLAX,CNNKG,"Dallas, TX, USDAL","Los Angeles, CA, USLAX","Nanjing Lukou, 32, CNNKG",CNNKG,ONEY,ONE,CHIM354B25,DRY,15,5/16/2026,6/30/2026,5/6/2026,1335,1335,0,0,1335,1335
USDAL,USLAX,CNNSA,"Dallas, TX, USDAL","Los Angeles, CA, USLAX","Nansha Pt, 44, CNNSA",CNNSA,ONEY,ONE,CHIM354B25,DRY,15,5/16/2026,6/30/2026,5/6/2026,1425,1425,0,0,1425,1425
USDAL,USLAX,CNNTG,"Dallas, TX, USDAL","Los Angeles, CA, USLAX","Nantong Pt, 32, CNNTG",CNNTG,ONEY,ONE,CHIM354B25,DRY,15,5/16/2026,6/30/2026,5/6/2026,1255,1255,0,0,1255,1255
USDAL,USLAX,CNTAO,"Dallas, TX, USDAL","Los Angeles, CA, USLAX","Qingdao, 37, CNTAO",CNTAO,ONEY,ONE,CHIM354B25,DRY,15,5/16/2026,6/30/2026,5/6/2026,1160,1160,0,0,1160,1160
USDAL,USLAX,CNSBU,"Dallas, TX, USDAL","Los Angeles, CA, USLAX","Sanbu Pt, 44, CNSBU",CNSBU,ONEY,ONE,CHIM354B25,DRY,15,5/16/2026,6/30/2026,5/6/2026,1960,1960,0,0,1960,1960
USDAL,USLAX,CNSHA,"Dallas, TX, USDAL","Los Angeles, CA, USLAX","Shanghai, 31, CNSHA",CNSHA,ONEY,ONE,CHIM354B25,DRY,15,5/16/2026,6/30/2026,5/6/2026,1080,1080,0,0,1080,1080
USDAL,USLAX,CNSHK,"Dallas, TX, USDAL","Los Angeles, CA, USLAX","Shekou Pt, 44, CNSHK",CNSHK,ONEY,ONE,CHIM354B25,DRY,15,5/16/2026,6/30/2026,5/6/2026,1165,1165,0,0,1165,1165
USDAL,USLAX,CNTXG,"Dallas, TX, USDAL","Los Angeles, CA, USLAX","Tianjin Xingang Pt, 12, CNTXG",CNTXG,ONEY,ONE,CHIM354B25,DRY,15,5/16/2026,6/30/2026,5/6/2026,1140,1140,0,0,1140,1140
USDAL,USLAX,CNWUH,"Dallas, TX, USDAL","Los Angeles, CA, USLAX","Wuhan Tianhe, 42, CNWUH",CNWUH,ONEY,ONE,CHIM354B25,DRY,15,5/16/2026,6/30/2026,5/6/2026,1450,1450,0,0,1450,1450
USDAL,USLAX,CNWUZ,"Dallas, TX, USDAL","Los Angeles, CA, USLAX","Wuzhou Pt, 45, CNWUZ",CNWUZ,ONEY,ONE,CHIM354B25,DRY,15,5/16/2026,6/30/2026,5/6/2026,1740,1740,0,0,1740,1740
USDAL,USLAX,CNXMN,"Dallas, TX, USDAL","Los Angeles, CA, USLAX","Xiamen, 35, CNXMN",CNXMN,ONEY,ONE,CHIM354B25,DRY,15,5/16/2026,6/30/2026,5/6/2026,1410,1410,0,0,1410,1410
USDAL,USLAX,CNYNT,"Dallas, TX, USDAL","Los Angeles, CA, USLAX","Yantai Laishan, 37, CNYNT",CNYNT,ONEY,ONE,CHIM354B25,DRY,15,5/16/2026,6/30/2026,5/6/2026,1410,1410,0,0,1410,1410
USDAL,USLAX,CNYTN,"Dallas, TX, USDAL","Los Angeles, CA, USLAX","Yantian Pt, 44, CNYTN",CNYTN,ONEY,ONE,CHIM354B25,DRY,15,5/16/2026,6/30/2026,5/6/2026,1150,1150,0,0,1150,1150
USDAL,USLAX,CNYYA,"Dallas, TX, USDAL","Los Angeles, CA, USLAX","Yueyang, 50, CNYYA",CNYYA,ONEY,ONE,CHIM354B25,DRY,15,5/16/2026,6/30/2026,5/6/2026,1725,1725,0,0,1725,1725
USDAL,USLAX,CNZJG,"Dallas, TX, USDAL","Los Angeles, CA, USLAX","Zhangjiagang, 32, CNZJG",CNZJG,ONEY,ONE,CHIM354B25,DRY,15,5/16/2026,6/30/2026,5/6/2026,1220,1220,0,0,1220,1220
USDAL,USLAX,CNZSN,"Dallas, TX, USDAL","Los Angeles, CA, USLAX","Zhongshan Pt, 44, CNZSN",CNZSN,ONEY,ONE,CHIM354B25,DRY,15,5/16/2026,6/30/2026,5/6/2026,1325,1325,0,0,1325,1325
USDAL,USLAX,CNZUH,"Dallas, TX, USDAL","Los Angeles, CA, USLAX","Zhuhai Pt, 44, CNZUH",CNZUH,ONEY,ONE,CHIM354B25,DRY,15,5/16/2026,6/30/2026,5/6/2026,1790,1790,0,0,1790,1790
USDAL,USLAX,HKHKG,"Dallas, TX, USDAL","Los Angeles, CA, USLAX","Hong Kong, , HKHKG",HKHKG,ONEY,ONE,CHIM354B25,DRY,15,5/16/2026,6/30/2026,5/6/2026,1310,1310,0,0,1310,1310
USDAL,USLAX,IDBLW,"Dallas, TX, USDAL","Los Angeles, CA, USLAX","Belawan, , IDBLW",IDBLW,ONEY,ONE,CHIM354B25,DRY,15,5/16/2026,6/30/2026,5/6/2026,1735,1735,0,0,1735,1735
USDAL,USLAX,IDCKR,"Dallas, TX, USDAL","Los Angeles, CA, USLAX","Cikarang, JB, IDCKR",IDCKR,ONEY,ONE,CHIM354B25,DRY,15,5/16/2026,6/30/2026,5/6/2026,2010,2010,0,0,2010,2010
USDAL,USLAX,IDJKT,"Dallas, TX, USDAL","Los Angeles, CA, USLAX","Jakarta, JK, IDJKT",IDJKT,ONEY,ONE,CHIM354B25,DRY,15,5/16/2026,6/30/2026,5/6/2026,1510,1510,0,0,1510,1510
USDAL,USLAX,IDSRG,"Dallas, TX, USDAL","Los Angeles, CA, USLAX","Semarang, JT, IDSRG",IDSRG,ONEY,ONE,CHIM354B25,DRY,15,5/16/2026,6/30/2026,5/6/2026,1510,1510,0,0,1510,1510
USDAL,USLAX,IDSUB,"Dallas, TX, USDAL","Los Angeles, CA, USLAX","Surabaya, JI, IDSUB",IDSUB,ONEY,ONE,CHIM354B25,DRY,15,5/16/2026,6/30/2026,5/6/2026,1510,1510,0,0,1510,1510
USDAL,USLAX,JPHIJ,"Dallas, TX, USDAL","Los Angeles, CA, USLAX","Hiroshima, 34, JPHIJ",JPHIJ,ONEY,ONE,CHIM354B25,DRY,15,5/16/2026,6/30/2026,5/6/2026,1710,1710,0,0,1710,1710
USDAL,USLAX,JPIYM,"Dallas, TX, USDAL","Los Angeles, CA, USLAX","Iyomishima, 38, JPIYM",JPIYM,ONEY,ONE,CHIM354B25,DRY,15,5/16/2026,6/30/2026,5/6/2026,1985,1985,0,0,1985,1985
USDAL,USLAX,JPKCZ,"Dallas, TX, USDAL","Los Angeles, CA, USLAX","Kochi, 39, JPKCZ",JPKCZ,ONEY,ONE,CHIM354B25,DRY,15,5/16/2026,6/30/2026,5/6/2026,2125,2125,0,0,2125,2125
USDAL,USLAX,JPKIJ,"Dallas, TX, USDAL","Los Angeles, CA, USLAX","Niigata, 15, JPKIJ",JPKIJ,ONEY,ONE,CHIM354B25,DRY,15,5/16/2026,6/30/2026,5/6/2026,1885,1885,0,0,1885,1885
USDAL,USLAX,JPMOJ,"Dallas, TX, USDAL","Los Angeles, CA, USLAX","Moji/Kitakyushu, 40, JPMOJ",JPMOJ,ONEY,ONE,CHIM354B25,DRY,15,5/16/2026,6/30/2026,5/6/2026,1585,1585,0,0,1585,1585
USDAL,USLAX,JPMYJ,"Dallas, TX, USDAL","Los Angeles, CA, USLAX","Matsuyama, 38, JPMYJ",JPMYJ,ONEY,ONE,CHIM354B25,DRY,15,5/16/2026,6/30/2026,5/6/2026,1855,1855,0,0,1855,1855
USDAL,USLAX,JPNAO,"Dallas, TX, USDAL","Los Angeles, CA, USLAX","Naoetsu, 15, JPNAO",JPNAO,ONEY,ONE,CHIM354B25,DRY,15,5/16/2026,6/30/2026,5/6/2026,2195,2195,0,0,2195,2195
USDAL,USLAX,JPNGO,"Dallas, TX, USDAL","Los Angeles, CA, USLAX","Nagoya, Aichi, 23, JPNGO",JPNGO,ONEY,ONE,CHIM354B25,DRY,15,5/16/2026,6/30/2026,5/6/2026,1085,1085,0,0,1085,1085
USDAL,USLAX,JPOSA,"Dallas, TX, USDAL","Los Angeles, CA, USLAX","Osaka, 27, JPOSA",JPOSA,ONEY,ONE,CHIM354B25,DRY,15,5/16/2026,6/30/2026,5/6/2026,1280,1280,0,0,1280,1280
USDAL,USLAX,JPSBS,"Dallas, TX, USDAL","Los Angeles, CA, USLAX","Shibushi, 46, JPSBS",JPSBS,ONEY,ONE,CHIM354B25,DRY,15,5/16/2026,6/30/2026,5/6/2026,1985,1985,0,0,1985,1985
USDAL,USLAX,JPSDJ,"Dallas, TX, USDAL","Los Angeles, CA, USLAX","Sendai, Miyagi, 4, JPSDJ",JPSDJ,ONEY,ONE,CHIM354B25,DRY,15,5/16/2026,6/30/2026,5/6/2026,1915,1915,0,0,1915,1915
USDAL,USLAX,JPSMN,"Dallas, TX, USDAL","Los Angeles, CA, USLAX","Sakaiminato, 31, JPSMN",JPSMN,ONEY,ONE,CHIM354B25,DRY,15,5/16/2026,6/30/2026,5/6/2026,2225,2225,0,0,2225,2225
USDAL,USLAX,JPSMZ,"Dallas, TX, USDAL","Los Angeles, CA, USLAX","Shimizu, 22, JPSMZ",JPSMZ,ONEY,ONE,CHIM354B25,DRY,15,5/16/2026,6/30/2026,5/6/2026,1085,1085,0,0,1085,1085
USDAL,USLAX,JPTKS,"Dallas, TX, USDAL","Los Angeles, CA, USLAX","Tokushima, 36, JPTKS",JPTKS,ONEY,ONE,CHIM354B25,DRY,15,5/16/2026,6/30/2026,5/6/2026,2585,2585,0,0,2585,2585
USDAL,USLAX,JPTMK,"Dallas, TX, USDAL","Los Angeles, CA, USLAX","Tomakomai, 1, JPTMK",JPTMK,ONEY,ONE,CHIM354B25,DRY,15,5/16/2026,6/30/2026,5/6/2026,2385,2385,0,0,2385,2385
USDAL,USLAX,JPTYO,"Dallas, TX, USDAL","Los Angeles, CA, USLAX","Tokyo, 13, JPTYO",JPTYO,ONEY,ONE,CHIM354B25,DRY,15,5/16/2026,6/30/2026,5/6/2026,1115,1115,0,0,1115,1115
USDAL,USLAX,JPUKB,"Dallas, TX, USDAL","Los Angeles, CA, USLAX","Kobe, 28, JPUKB",JPUKB,ONEY,ONE,CHIM354B25,DRY,15,5/16/2026,6/30/2026,5/6/2026,1085,1085,0,0,1085,1085
USDAL,USLAX,JPYOK,"Dallas, TX, USDAL","Los Angeles, CA, USLAX","Yokohama, 14, JPYOK",JPYOK,ONEY,ONE,CHIM354B25,DRY,15,5/16/2026,6/30/2026,5/6/2026,1385,1385,0,0,1385,1385
USDAL,USLAX,KRINC,"Dallas, TX, USDAL","Los Angeles, CA, USLAX","Incheon, 28, KRINC",KRINC,ONEY,ONE,CHIM354B25,DRY,15,5/16/2026,6/30/2026,5/6/2026,1085,1085,0,0,1085,1085
USDAL,USLAX,KRKAN,"Dallas, TX, USDAL","Los Angeles, CA, USLAX","Gwangyang, 46, KRKAN",KRKAN,ONEY,ONE,CHIM354B25,DRY,15,5/16/2026,6/30/2026,5/6/2026,1310,1310,0,0,1310,1310
USDAL,USLAX,KRPUS,"Dallas, TX, USDAL","Los Angeles, CA, USLAX","Busan, 26, KRPUS",KRPUS,ONEY,ONE,CHIM354B25,DRY,15,5/16/2026,6/30/2026,5/6/2026,950,950,0,0,950,950
USDAL,USLAX,MYPEN,"Dallas, TX, USDAL","Los Angeles, CA, USLAX","Penang, , MYPEN",MYPEN,ONEY,ONE,CHIM354B25,DRY,15,5/16/2026,6/30/2026,5/6/2026,1435,1435,0,0,1435,1435
USDAL,USLAX,MYPGU,"Dallas, TX, USDAL","Los Angeles, CA, USLAX","Pasir Gudang, Johor, , MYPGU",MYPGU,ONEY,ONE,CHIM354B25,DRY,15,5/16/2026,6/30/2026,5/6/2026,1435,1435,0,0,1435,1435
USDAL,USLAX,MYPKG,"Dallas, TX, USDAL","Los Angeles, CA, USLAX","Port Klang, 10, MYPKG",MYPKG,ONEY,ONE,CHIM354B25,DRY,15,5/16/2026,6/30/2026,5/6/2026,1575,1575,0,0,1575,1575
USDAL,USLAX,PHMNL,"Dallas, TX, USDAL","Los Angeles, CA, USLAX","Manila, , PHMNL",PHMNL,ONEY,ONE,CHIM354B25,DRY,15,5/16/2026,6/30/2026,5/6/2026,1450,1450,0,0,1450,1450
USDAL,USLAX,SGSIN,"Dallas, TX, USDAL","Los Angeles, CA, USLAX","Singapore, , SGSIN",SGSIN,ONEY,ONE,CHIM354B25,DRY,15,5/16/2026,6/30/2026,5/6/2026,1250,1250,0,0,1250,1250
USDAL,USLAX,THBKK,"Dallas, TX, USDAL","Los Angeles, CA, USLAX","Bangkok, , THBKK",THBKK,ONEY,ONE,CHIM354B25,DRY,15,5/16/2026,6/30/2026,5/6/2026,2015,2015,0,0,2015,2015
USDAL,USLAX,THLCH,"Dallas, TX, USDAL","Los Angeles, CA, USLAX","Laem Chabang, 20, THLCH",THLCH,ONEY,ONE,CHIM354B25,DRY,15,5/16/2026,6/30/2026,5/6/2026,1675,1675,0,0,1675,1675
USDAL,USLAX,THLKR,"Dallas, TX, USDAL","Los Angeles, CA, USLAX","Lat Krabang, 10, THLKR",THLKR,ONEY,ONE,CHIM354B25,DRY,15,5/16/2026,6/30/2026,5/6/2026,1630,1630,0,0,1630,1630
USDAL,USLAX,TWKEL,"Dallas, TX, USDAL","Los Angeles, CA, USLAX","Keelung, , TWKEL",TWKEL,ONEY,ONE,CHIM354B25,DRY,15,5/16/2026,6/30/2026,5/6/2026,1050,1050,0,0,1050,1050
USDAL,USLAX,TWKHH,"Dallas, TX, USDAL","Los Angeles, CA, USLAX","Kaohsiung, , TWKHH",TWKHH,ONEY,ONE,CHIM354B25,DRY,15,5/16/2026,6/30/2026,5/6/2026,1050,1050,0,0,1050,1050
USDAL,USLAX,TWTPE,"Dallas, TX, USDAL","Los Angeles, CA, USLAX","Taipei, TPE, TWTPE",TWTPE,ONEY,ONE,CHIM354B25,DRY,15,5/16/2026,6/30/2026,5/6/2026,1255,1255,0,0,1255,1255
USDAL,USLAX,TWTXG,"Dallas, TX, USDAL","Los Angeles, CA, USLAX","Taichung, , TWTXG",TWTXG,ONEY,ONE,CHIM354B25,DRY,15,5/16/2026,6/30/2026,5/6/2026,1140,1140,0,0,1140,1140
USDAL,USLAX,TWTYN,"Dallas, TX, USDAL","Los Angeles, CA, USLAX","Taoyuan, , TWTYN",TWKEL,ONEY,ONE,CHIM354B25,DRY,15,5/16/2026,6/30/2026,5/6/2026,1360,1360,0,0,1360,1360
USDAL,USCHS,INHZA,"Dallas, TX, USDAL","Charleston, SC, USCHS","Hazira Port/Surat, GJ, INHZA",INHZA,ONEY,ONE,CHIM354B25,DRY,15,5/16/2026,6/30/2026,5/6/2026,3275,3275,0,0,3275,3275
USDAL,USCHS,INMUN,"Dallas, TX, USDAL","Charleston, SC, USCHS","Mundra, GJ, INMUN",INMUN,ONEY,ONE,CHIM354B25,DRY,15,5/16/2026,6/30/2026,5/6/2026,3075,3075,0,0,3075,3075
USDAL,USCHS,INNSA,"Dallas, TX, USDAL","Charleston, SC, USCHS","Nhava Sheva, MH, INNSA",INNSA,ONEY,ONE,CHIM354B25,DRY,15,5/16/2026,6/30/2026,5/6/2026,3075,3075,0,0,3075,3075
USDAL,USCHS,INTUT,"Dallas, TX, USDAL","Charleston, SC, USCHS","Tuticorin, TN, INTUT",INTUT,ONEY,ONE,CHIM354B25,DRY,15,5/16/2026,6/30/2026,5/6/2026,4175,4175,0,0,4175,4175
USDAL,USLAX,BDCGP,"Dallas, TX, USDAL","Los Angeles, CA, USLAX","Chattogram/Chittagong, , BDCGP",BDCGP,ONEY,ONE,CHIM354B25,DRY,15,5/16/2026,6/30/2026,5/6/2026,3510,3510,0,0,3510,3510
USDAL,USLAX,INCCU,"Dallas, TX, USDAL","Los Angeles, CA, USLAX","Kolkata (ex Calcutta), WB, INCCU",INCCU,ONEY,ONE,CHIM354B25,DRY,15,5/16/2026,6/30/2026,5/6/2026,2635,2635,0,0,2635,2635
USDAL,USLAX,INCOK,"Dallas, TX, USDAL","Los Angeles, CA, USLAX","Cochin, KL, INCOK",INCOK,ONEY,ONE,CHIM354B25,DRY,15,5/16/2026,6/30/2026,5/6/2026,2635,2635,0,0,2635,2635
USDAL,USLAX,INMAA,"Dallas, TX, USDAL","Los Angeles, CA, USLAX","Chennai (ex Madras), TN, INMAA",INMAA,ONEY,ONE,CHIM354B25,DRY,15,5/16/2026,6/30/2026,5/6/2026,2360,2360,0,0,2360,2360
USDAL,USLAX,INMUN,"Dallas, TX, USDAL","Los Angeles, CA, USLAX","Mundra, GJ, INMUN",INMUN,ONEY,ONE,CHIM354B25,DRY,15,5/16/2026,6/30/2026,5/6/2026,2550,2550,0,0,2550,2550
USDAL,USLAX,INNSA,"Dallas, TX, USDAL","Los Angeles, CA, USLAX","Nhava Sheva, MH, INNSA",INNSA,ONEY,ONE,CHIM354B25,DRY,15,5/16/2026,6/30/2026,5/6/2026,2100,2100,0,0,2100,2100
USDAL,USLAX,INPAV,"Dallas, TX, USDAL","Los Angeles, CA, USLAX","Pipavav (Victor) Port, GJ, INPAV",INPAV,ONEY,ONE,CHIM354B25,DRY,15,5/16/2026,6/30/2026,5/6/2026,1400,1400,0,0,1400,1400
USDAL,USLAX,INTUT,"Dallas, TX, USDAL","Los Angeles, CA, USLAX","Tuticorin, TN, INTUT",INTUT,ONEY,ONE,CHIM354B25,DRY,15,5/16/2026,6/30/2026,5/6/2026,2635,2635,0,0,2635,2635
USDAL,USLAX,LKCMB,"Dallas, TX, USDAL","Los Angeles, CA, USLAX","Colombo, , LKCMB",LKCMB,ONEY,ONE,CHIM354B25,DRY,15,5/16/2026,6/30/2026,5/6/2026,2635,2635,0,0,2635,2635
USDAL,USLAX,PKKHI,"Dallas, TX, USDAL","Los Angeles, CA, USLAX","Karachi, SD, PKKHI",PKKHI,ONEY,ONE,CHIM354B25,DRY,15,5/16/2026,6/30/2026,5/6/2026,2060,2060,0,0,2060,2060
USDAL,USCHS,PTLEI,"Dallas, TX, USDAL","Charleston, SC, USCHS","Leixoes, 13, PTLEI",PTLEI,ONEY,ONE,CHIM354B25,DRY,15,5/16/2026,6/30/2026,5/6/2026,3668,3668,0,0,3668,3668
USDAL,USLAX,PTLEI,"Dallas, TX, USDAL","Los Angeles, CA, USLAX","Leixoes, 13, PTLEI",PTLEI,ONEY,ONE,CHIM354B25,DRY,15,5/6/2026,9/30/2026,5/6/2026,3435,3435,0,0,3435,3435
USDAL,USLAX,PTLIS,"Dallas, TX, USDAL","Los Angeles, CA, USLAX","Lisboa, 11, PTLIS",PTLIS,ONEY,ONE,CHIM354B25,DRY,15,5/6/2026,9/30/2026,5/6/2026,3785,3785,0,0,3785,3785
USDAL,USCHS,BEANR,"Dallas, TX, USDAL","Charleston, SC, USCHS","Antwerp, VAN, BEANR",BEANR,ONEY,ONE,CHIM354B25,DRY,15,5/16/2026,6/30/2026,5/6/2026,2810,2810,0,0,2810,2810
USDAL,USCHS,DEBRV,"Dallas, TX, USDAL","Charleston, SC, USCHS","Bremerhaven, HB, DEBRV",DEBRV,ONEY,ONE,CHIM354B25,DRY,15,5/16/2026,6/30/2026,5/6/2026,3460,3460,0,0,3460,3460
USDAL,USCHS,FRLEH,"Dallas, TX, USDAL","Charleston, SC, USCHS","Le Havre, 76, FRLEH",FRLEH,ONEY,ONE,CHIM354B25,DRY,15,5/16/2026,6/30/2026,5/6/2026,3170,3170,0,0,3170,3170
USDAL,USCHS,GBLIV,"Dallas, TX, USDAL","Charleston, SC, USCHS","Liverpool, MSY, GBLIV",GBLIV,ONEY,ONE,CHIM354B25,DRY,15,5/16/2026,6/30/2026,5/6/2026,4006,4006,0,0,4006,4006
USDAL,USLAX,DEBRE,"Dallas, TX, USDAL","Los Angeles, CA, USLAX","Bremen, HB, DEBRE",DEBRE,ONEY,ONE,CHIM354B25,DRY,15,5/16/2026,6/30/2026,5/6/2026,3097,3097,0,0,3097,3097
USDAL,USLAX,DEBRV,"Dallas, TX, USDAL","Los Angeles, CA, USLAX","Bremerhaven, HB, DEBRV",DEBRV,ONEY,ONE,CHIM354B25,DRY,15,5/16/2026,6/30/2026,5/6/2026,3447,3447,0,0,3447,3447
USDAL,USLAX,DEHAM,"Dallas, TX, USDAL","Los Angeles, CA, USLAX","Hamburg, HH, DEHAM",DEHAM,ONEY,ONE,CHIM354B25,DRY,15,5/16/2026,6/30/2026,5/6/2026,2797,2797,0,0,2797,2797
USDAL,USLAX,FRLEH,"Dallas, TX, USDAL","Los Angeles, CA, USLAX","Le Havre, 76, FRLEH",FRLEH,ONEY,ONE,CHIM354B25,DRY,15,5/16/2026,6/30/2026,5/6/2026,2797,2797,0,0,2797,2797
USDAL,USLAX,GBLIV,"Dallas, TX, USDAL","Los Angeles, CA, USLAX","Liverpool, MSY, GBLIV",GBLIV,ONEY,ONE,CHIM354B25,DRY,15,5/16/2026,6/30/2026,5/6/2026,3643,3643,0,0,3643,3643
USDAL,USLAX,GBSOU,"Dallas, TX, USDAL","Los Angeles, CA, USLAX","Southampton, HAM, GBSOU",GBSOU,ONEY,ONE,CHIM354B25,DRY,15,5/16/2026,6/30/2026,5/6/2026,2743,2743,0,0,2743,2743
USDAL,USSAV,IDJKT,"Dallas, TX, USDAL","Savannah, GA, USSAV","Jakarta, JK, IDJKT",IDJKT,ONEY,ONE,CHIM354B25,DRY,15,5/16/2026,6/30/2026,5/6/2026,2760,2760,0,0,2760,2760
USDAL,USSAV,IDSRG,"Dallas, TX, USDAL","Savannah, GA, USSAV","Semarang, JT, IDSRG",IDSRG,ONEY,ONE,CHIM354B25,DRY,15,5/16/2026,6/30/2026,5/6/2026,2760,2760,0,0,2760,2760
USDAL,USSAV,IDSUB,"Dallas, TX, USDAL","Savannah, GA, USSAV","Surabaya, JI, IDSUB",IDSUB,ONEY,ONE,CHIM354B25,DRY,15,5/16/2026,6/30/2026,5/6/2026,2760,2760,0,0,2760,2760
USDAL,USSAV,KHKOS,"Dallas, TX, USDAL","Savannah, GA, USSAV","Sihanoukville (Kampong Saom), , KHKOS",KHKOS,ONEY,ONE,CHIM354B25,DRY,15,5/16/2026,6/30/2026,5/6/2026,2600,2600,0,0,2600,2600
USDAL,USSAV,MYPEN,"Dallas, TX, USDAL","Savannah, GA, USSAV","Penang, , MYPEN",MYPEN,ONEY,ONE,CHIM354B25,DRY,15,5/16/2026,6/30/2026,5/6/2026,2000,2000,0,0,2000,2000
USDAL,USSAV,MYPGU,"Dallas, TX, USDAL","Savannah, GA, USSAV","Pasir Gudang, Johor, , MYPGU",MYPGU,ONEY,ONE,CHIM354B25,DRY,15,5/16/2026,6/30/2026,5/6/2026,2000,2000,0,0,2000,2000
USDAL,USSAV,MYPKG,"Dallas, TX, USDAL","Savannah, GA, USSAV","Port Klang, 10, MYPKG",MYPKG,ONEY,ONE,CHIM354B25,DRY,15,5/16/2026,6/30/2026,5/6/2026,1400,1400,0,0,1400,1400
USDAL,USSAV,VNDAD,"Dallas, TX, USDAL","Savannah, GA, USSAV","Da Nang, , VNDAD",VNDAD,ONEY,ONE,CHIM354B25,DRY,15,5/16/2026,6/30/2026,5/6/2026,2600,2600,0,0,2600,2600
USDAL,USLAX,VNCMT,"Dallas, TX, USDAL","Los Angeles, CA, USLAX","Cai Mep Terminal, 43, VNCMT",VNCMT,ONEY,ONE,CHIM354B25,DRY,15,5/16/2026,6/30/2026,5/6/2026,1100,1100,0,0,1100,1100
USDAL,USLAX,VNDAD,"Dallas, TX, USDAL","Los Angeles, CA, USLAX","Da Nang, , VNDAD",VNDAD,ONEY,ONE,CHIM354B25,DRY,15,5/16/2026,6/30/2026,5/6/2026,1400,1400,0,0,1400,1400
USDAL,USLAX,VNHPH,"Dallas, TX, USDAL","Los Angeles, CA, USLAX","Haiphong, , VNHPH",VNHPH,ONEY,ONE,CHIM354B25,DRY,15,5/16/2026,6/30/2026,5/6/2026,1000,1000,0,0,1000,1000
USDAL,USLAX,VNSGN,"Dallas, TX, USDAL","Los Angeles, CA, USLAX","Ho Chi Minh City, , VNSGN",VNSGN,ONEY,ONE,CHIM354B25,DRY,15,5/16/2026,6/30/2026,5/6/2026,1000,1000,0,0,1000,1000
USDAL,USSAV,INCOK,"Dallas, TX, USDAL","Savannah, GA, USSAV","Cochin, KL, INCOK",INCOK,ONEY,ONE,CHIM354B25,DRY,15,5/16/2026,6/30/2026,5/6/2026,3510,3510,0,0,3510,3510
USDAL,USSAV,INMAA,"Dallas, TX, USDAL","Savannah, GA, USSAV","Chennai (ex Madras), TN, INMAA",INMAA,ONEY,ONE,CHIM354B25,DRY,15,5/16/2026,6/30/2026,5/6/2026,3800,3800,0,0,3800,3800
USDAL,USSAV,INMUN,"Dallas, TX, USDAL","Savannah, GA, USSAV","Mundra, GJ, INMUN",INMUN,ONEY,ONE,CHIM354B25,DRY,15,5/16/2026,6/30/2026,5/6/2026,2360,2360,0,0,2360,2360
USDAL,USSAV,INNSA,"Dallas, TX, USDAL","Savannah, GA, USSAV","Nhava Sheva, MH, INNSA",INNSA,ONEY,ONE,CHIM354B25,DRY,15,5/16/2026,6/30/2026,5/6/2026,2360,2360,0,0,2360,2360
USDAL,USSAV,INTUT,"Dallas, TX, USDAL","Savannah, GA, USSAV","Tuticorin, TN, INTUT",INTUT,ONEY,ONE,CHIM354B25,DRY,15,5/16/2026,6/30/2026,5/6/2026,3810,3810,0,0,3810,3810
USDAL,USSAV,LKCMB,"Dallas, TX, USDAL","Savannah, GA, USSAV","Colombo, , LKCMB",LKCMB,ONEY,ONE,CHIM354B25,DRY,15,5/16/2026,6/30/2026,5/6/2026,2835,2835,0,0,2835,2835
USDAL,USSAV,PKKHI,"Dallas, TX, USDAL","Savannah, GA, USSAV","Karachi, SD, PKKHI",PKKHI,ONEY,ONE,CHIM354B25,DRY,15,5/16/2026,6/30/2026,5/6/2026,3670,3670,0,0,3670,3670
USDAL,USSAV,EGALY,"Dallas, TX, USDAL","Savannah, GA, USSAV","Alexandria, , EGALY",EGALY,ONEY,ONE,CHIM354B25,DRY,15,5/16/2026,6/30/2026,5/6/2026,3750,3750,0,0,3750,3750
USDAL,USSAV,EGDAM,"Dallas, TX, USDAL","Savannah, GA, USSAV","Damietta, , EGDAM",EGDAM,ONEY,ONE,CHIM354B25,DRY,15,5/16/2026,6/30/2026,5/6/2026,3750,3750,0,0,3750,3750
USDAL,USSAV,GEPTI,"Dallas, TX, USDAL","Savannah, GA, USSAV","Poti, , GEPTI",GEPTI,ONEY,ONE,CHIM354B25,DRY,15,5/16/2026,6/30/2026,5/6/2026,4200,4200,0,0,4200,4200
USDAL,USSAV,GRPIR,"Dallas, TX, USDAL","Savannah, GA, USSAV","Piraeus, , GRPIR",GRPIR,ONEY,ONE,CHIM354B25,DRY,15,5/16/2026,6/30/2026,5/6/2026,3500,3500,0,0,3500,3500
USDAL,USSAV,ILASH,"Dallas, TX, USDAL","Savannah, GA, USSAV","Ashdod, , ILASH",ILASH,ONEY,ONE,CHIM354B25,DRY,15,5/16/2026,6/30/2026,5/6/2026,3800,3800,0,0,3800,3800
USDAL,USSAV,ILHFA,"Dallas, TX, USDAL","Savannah, GA, USSAV","Haifa, , ILHFA",ILHFA,ONEY,ONE,CHIM354B25,DRY,15,5/16/2026,6/30/2026,5/6/2026,3800,3800,0,0,3800,3800
USDAL,USSAV,TRALI,"Dallas, TX, USDAL","Savannah, GA, USSAV","Aliaga, 35, TRALI",TRALI,ONEY,ONE,CHIM354B25,DRY,15,5/16/2026,6/30/2026,5/6/2026,2300,2300,0,0,2300,2300
USDAL,USSAV,TRISK,"Dallas, TX, USDAL","Savannah, GA, USSAV","Iskenderun, 31, TRISK",TRISK,ONEY,ONE,CHIM354B25,DRY,15,5/16/2026,6/30/2026,5/6/2026,2300,2300,0,0,2300,2300
USDAL,USSAV,TRIST,"Dallas, TX, USDAL","Savannah, GA, USSAV","Istanbul, 34, TRIST",TRIST,ONEY,ONE,CHIM354B25,DRY,15,5/16/2026,6/30/2026,5/6/2026,2300,2300,0,0,2300,2300
USDAL,USSAV,ESALG,"Dallas, TX, USDAL","Savannah, GA, USSAV","Algeciras, , ESALG",ESALG,ONEY,ONE,CHIM354B25,DRY,15,5/16/2026,6/30/2026,5/6/2026,2768,2768,0,0,2768,2768
USDAL,USSAV,ESBCN,"Dallas, TX, USDAL","Savannah, GA, USSAV","Barcelona, , ESBCN",ESBCN,ONEY,ONE,CHIM354B25,DRY,15,5/16/2026,6/30/2026,5/6/2026,3118,3118,0,0,3118,3118
USDAL,USSAV,ESVLC,"Dallas, TX, USDAL","Savannah, GA, USSAV","Valencia, , ESVLC",ESVLC,ONEY,ONE,CHIM354B25,DRY,15,5/16/2026,6/30/2026,5/6/2026,3243,3243,0,0,3243,3243
USDAL,USSAV,ITSPE,"Dallas, TX, USDAL","Savannah, GA, USSAV","La Spezia, , ITSPE",ITSPE,ONEY,ONE,CHIM354B25,DRY,15,5/16/2026,6/30/2026,5/6/2026,3028,3028,0,0,3028,3028
USDAL,USSAV,PTLEI,"Dallas, TX, USDAL","Savannah, GA, USSAV","Leixoes, 13, PTLEI",PTLEI,ONEY,ONE,CHIM354B25,DRY,15,5/16/2026,6/30/2026,5/6/2026,3693,3693,0,0,3693,3693
USDAL,USSAV,PTLIS,"Dallas, TX, USDAL","Savannah, GA, USSAV","Lisboa, 11, PTLIS",PTLIS,ONEY,ONE,CHIM354B25,DRY,15,5/16/2026,6/30/2026,5/6/2026,4043,4043,0,0,4043,4043
USDAL,USSAV,BEANR,"Dallas, TX, USDAL","Savannah, GA, USSAV","Antwerp, VAN, BEANR",BEANR,ONEY,ONE,CHIM354B25,DRY,15,5/16/2026,6/30/2026,5/6/2026,2810,2810,0,0,2810,2810
USDAL,USSAV,DEBRV,"Dallas, TX, USDAL","Savannah, GA, USSAV","Bremerhaven, HB, DEBRV",DEBRV,ONEY,ONE,CHIM354B25,DRY,15,5/16/2026,6/30/2026,5/6/2026,3485,3485,0,0,3485,3485
USDAL,USSAV,FRFOS,"Dallas, TX, USDAL","Savannah, GA, USSAV","Fos-sur-Mer, 13, FRFOS",FRFOS,ONEY,ONE,CHIM354B25,DRY,15,5/16/2026,6/30/2026,5/6/2026,3160,3160,0,0,3160,3160
USDAL,USSAV,FRLEH,"Dallas, TX, USDAL","Savannah, GA, USSAV","Le Havre, 76, FRLEH",FRLEH,ONEY,ONE,CHIM354B25,DRY,15,5/16/2026,6/30/2026,5/6/2026,3495,3495,0,0,3495,3495
USDAL,USSAV,GBLIV,"Dallas, TX, USDAL","Savannah, GA, USSAV","Liverpool, MSY, GBLIV",GBLIV,ONEY,ONE,CHIM354B25,DRY,15,5/16/2026,6/30/2026,5/6/2026,4031,4031,0,0,4031,4031
USDAL,USSAV,ZACPT,"Dallas, TX, USDAL","Savannah, GA, USSAV","Cape Town, , ZACPT",ZACPT,ONEY,ONE,CHIM354B25,DRY,15,5/16/2026,6/30/2026,5/6/2026,4900,4900,0,0,4900,4900
USDAL,USSAV,ZADUR,"Dallas, TX, USDAL","Savannah, GA, USSAV","Durban, , ZADUR",ZADUR,ONEY,ONE,CHIM354B25,DRY,15,5/16/2026,6/30/2026,5/6/2026,4900,4900,0,0,4900,4900
USDAL,USLAX,ZACPT,"Dallas, TX, USDAL","Los Angeles, CA, USLAX","Cape Town, , ZACPT",ZACPT,ONEY,ONE,CHIM354B25,DRY,15,5/6/2026,9/30/2026,5/6/2026,5610,5610,0,0,5610,5610
USDAL,USLAX,ZADUR,"Dallas, TX, USDAL","Los Angeles, CA, USLAX","Durban, , ZADUR",ZADUR,ONEY,ONE,CHIM354B25,DRY,15,5/6/2026,9/30/2026,5/6/2026,5610,5610,0,0,5610,5610
USDAL,USLAX,CNAQG,"Dallas, TX, USDAL","Los Angeles, CA, USLAX","Anqing Pt, 34, CNAQG",CNAQG,CMDU,CMA,25-0720,DRY,13,4/18/2026,6/30/2026,5/12/2026,2830,2830,0,0,2830,2830
USDAL,USLAX,CNBIH,"Dallas, TX, USDAL","Los Angeles, CA, USLAX","Beihai Pt, 32, CNBIH",CNBIH,CMDU,CMA,25-0720,DRY,13,4/18/2026,6/30/2026,5/12/2026,2930,2930,0,0,2930,2930
USDAL,USLAX,CNCHI,"Dallas, TX, USDAL","Los Angeles, CA, USLAX","Chizhou Pt, 15, CNCHI",CNCHI,CMDU,CMA,25-0720,DRY,13,4/18/2026,6/30/2026,5/12/2026,2080,2080,0,0,2080,2080
USDAL,USLAX,CNCQI,"Dallas, TX, USDAL","Los Angeles, CA, USLAX","Chongqing, 50, CNCQI",CNCQI,CMDU,CMA,25-0720,DRY,13,4/18/2026,6/30/2026,5/12/2026,1880,1880,0,0,1880,1880
USDAL,USLAX,CNDLC,"Dallas, TX, USDAL","Los Angeles, CA, USLAX","Dalian, 21, CNDLC",CNDLC,CMDU,CMA,25-0720,DRY,13,4/18/2026,6/30/2026,5/12/2026,1980,1980,0,0,1980,1980
USDAL,USLAX,CNDFG,"Dallas, TX, USDAL","Los Angeles, CA, USLAX","Dafeng Pt, 22, CNDFG",CNDFG,CMDU,CMA,25-0720,DRY,13,4/18/2026,6/30/2026,5/12/2026,2930,2930,0,0,2930,2930
USDAL,USLAX,CNFAN,"Dallas, TX, USDAL","Los Angeles, CA, USLAX","Fangcheng Pt, 45, CNFAN",CNFAN,CMDU,CMA,25-0720,DRY,13,4/18/2026,6/30/2026,5/12/2026,2930,2930,0,0,2930,2930
USDAL,USLAX,CNGOM,"Dallas, TX, USDAL","Los Angeles, CA, USLAX","Gaoming Pt, 44, CNGOM",CNGOM,CMDU,CMA,25-0720,DRY,13,4/18/2026,6/30/2026,5/12/2026,1880,1880,0,0,1880,1880
USDAL,USLAX,CNHFI,"Dallas, TX, USDAL","Los Angeles, CA, USLAX","Hefei, 34, CNHFI",CNHFI,CMDU,CMA,25-0720,DRY,13,4/18/2026,6/30/2026,5/12/2026,2080,2080,0,0,2080,2080
USDAL,USLAX,CNHUA,"Dallas, TX, USDAL","Los Angeles, CA, USLAX","Huangpu Pt, 44, CNHUA",CNHUA,CMDU,CMA,25-0720,DRY,13,4/18/2026,6/30/2026,5/12/2026,1680,1680,0,0,1680,1680
USDAL,USLAX,CNJIA,"Dallas, TX, USDAL","Los Angeles, CA, USLAX","Jiangyin Pt, 32, CNJIA",CNJIA,CMDU,CMA,25-0720,DRY,13,4/18/2026,6/30/2026,5/12/2026,1780,1780,0,0,1780,1780
USDAL,USLAX,CNJIU,"Dallas, TX, USDAL","Los Angeles, CA, USLAX","Jiujiang Pt, 36, CNJIU",CNJIU,CMDU,CMA,25-0720,DRY,13,4/18/2026,6/30/2026,5/12/2026,1680,1680,0,0,1680,1680
USDAL,USLAX,CNJMN,"Dallas, TX, USDAL","Los Angeles, CA, USLAX","Jiangmen Pt, 44, CNJMN",CNJMN,CMDU,CMA,25-0720,DRY,13,4/18/2026,6/30/2026,5/12/2026,2080,2080,0,0,2080,2080
USDAL,USLAX,CNLYG,"Dallas, TX, USDAL","Los Angeles, CA, USLAX","Lianyungang, 32, CNLYG",CNLYG,CMDU,CMA,25-0720,DRY,13,4/18/2026,6/30/2026,5/12/2026,1580,1580,0,0,1580,1580
USDAL,USLAX,CNMAA,"Dallas, TX, USDAL","Los Angeles, CA, USLAX","Maanshan Pt, 34, CNMAA",CNMAA,CMDU,CMA,25-0720,DRY,13,4/18/2026,6/30/2026,5/12/2026,2280,2280,0,0,2280,2280
USDAL,USLAX,CNMAW,"Dallas, TX, USDAL","Los Angeles, CA, USLAX","Mawei Pt, 35, CNMAW",CNMAW,CMDU,CMA,25-0720,DRY,13,4/18/2026,6/30/2026,5/12/2026,2180,2180,0,0,2180,2180
USDAL,USLAX,CNNBG,"Dallas, TX, USDAL","Los Angeles, CA, USLAX","Ningbo Pt, 33, CNNBG",CNNBG,CMDU,CMA,25-0720,DRY,13,4/18/2026,6/30/2026,5/12/2026,1230,1230,0,0,1230,1230
USDAL,USLAX,CNNJG,"Dallas, TX, USDAL","Los Angeles, CA, USLAX","Nanjing Pt, 35, CNNJG",CNNJG,CMDU,CMA,25-0720,DRY,13,4/18/2026,6/30/2026,5/12/2026,1880,1880,0,0,1880,1880
USDAL,USLAX,CNNTG,"Dallas, TX, USDAL","Los Angeles, CA, USLAX","Nantong Pt, 32, CNNTG",CNNTG,CMDU,CMA,25-0720,DRY,13,4/18/2026,6/30/2026,5/12/2026,1780,1780,0,0,1780,1780
USDAL,USLAX,CNTAO,"Dallas, TX, USDAL","Los Angeles, CA, USLAX","Qingdao, 37, CNTAO",CNTAO,CMDU,CMA,25-0720,DRY,13,4/18/2026,6/30/2026,5/12/2026,1230,1230,0,0,1230,1230
USDAL,USLAX,CNQZH,"Dallas, TX, USDAL","Los Angeles, CA, USLAX","Qinzhou Pt, 45, CNQZH",CNQZH,CMDU,CMA,25-0720,DRY,13,4/18/2026,6/30/2026,5/12/2026,2030,2030,0,0,2030,2030
USDAL,USLAX,CNRUG,"Dallas, TX, USDAL","Los Angeles, CA, USLAX","Rugao Pt, 32, CNRUG",CNRUG,CMDU,CMA,25-0720,DRY,13,4/18/2026,6/30/2026,5/12/2026,1380,1380,0,0,1380,1380
USDAL,USLAX,CNSHA,"Dallas, TX, USDAL","Los Angeles, CA, USLAX","Shanghai, 31, CNSHA",CNSHA,CMDU,CMA,25-0720,DRY,13,4/18/2026,6/30/2026,5/12/2026,1230,1230,0,0,1230,1230
USDAL,USLAX,CNTOL,"Dallas, TX, USDAL","Los Angeles, CA, USLAX","Tongling Pt, 34, CNTOL",CNTOL,CMDU,CMA,25-0720,DRY,13,4/18/2026,6/30/2026,5/12/2026,3280,3280,0,0,3280,3280
USDAL,USLAX,CNTXG,"Dallas, TX, USDAL","Los Angeles, CA, USLAX","Tianjin Xingang Pt, 12, CNTXG",CNTXG,CMDU,CMA,25-0720,DRY,13,4/18/2026,6/30/2026,5/12/2026,1430,1430,0,0,1430,1430
USDAL,USLAX,CNWHG,"Dallas, TX, USDAL","Los Angeles, CA, USLAX","Wuhan Pt, 42, CNWHG",CNWHG,CMDU,CMA,25-0720,DRY,13,4/18/2026,6/30/2026,5/12/2026,1680,1680,0,0,1680,1680
USDAL,USLAX,CNWUH,"Dallas, TX, USDAL","Los Angeles, CA, USLAX","Wuhan Tianhe, 42, CNWUH",CNWUH,CMDU,CMA,25-0720,DRY,13,4/18/2026,6/30/2026,5/12/2026,1680,1680,0,0,1680,1680
USDAL,USLAX,CNWHI,"Dallas, TX, USDAL","Los Angeles, CA, USLAX","Wuhu Pt, 34, CNWHI",CNWHI,CMDU,CMA,25-0720,DRY,13,4/18/2026,6/30/2026,5/12/2026,2080,2080,0,0,2080,2080
USDAL,USLAX,CNXIN,"Dallas, TX, USDAL","Los Angeles, CA, USLAX","Xinhui Pt, 44, CNXIN",CNXIN,CMDU,CMA,25-0720,DRY,13,4/18/2026,6/30/2026,5/12/2026,2280,2280,0,0,2280,2280
USDAL,USLAX,CNXMN,"Dallas, TX, USDAL","Los Angeles, CA, USLAX","Xiamen, 35, CNXMN",CNXMN,CMDU,CMA,25-0720,DRY,13,4/18/2026,6/30/2026,5/12/2026,1230,1230,0,0,1230,1230
USDAL,USLAX,CNYTN,"Dallas, TX, USDAL","Los Angeles, CA, USLAX","Yantian Pt, 44, CNYTN",CNYTN,CMDU,CMA,25-0720,DRY,13,4/18/2026,6/30/2026,5/12/2026,1230,1230,0,0,1230,1230
USDAL,USLAX,CNYYA,"Dallas, TX, USDAL","Los Angeles, CA, USLAX","Yueyang, 50, CNYYA",CNYYA,CMDU,CMA,25-0720,DRY,13,4/18/2026,6/30/2026,5/12/2026,1580,1580,0,0,1580,1580
USDAL,USLAX,CNZHA,"Dallas, TX, USDAL","Los Angeles, CA, USLAX","Zhanjiang Potou Apt, 44, CNZHA",CNZHA,CMDU,CMA,25-0720,DRY,13,4/18/2026,6/30/2026,5/12/2026,1930,1930,0,0,1930,1930
USDAL,USLAX,CNZNG,"Dallas, TX, USDAL","Los Angeles, CA, USLAX","Zhanjiang Pt, 44, CNZNG",CNZNG,CMDU,CMA,25-0720,DRY,13,4/18/2026,6/30/2026,5/12/2026,1930,1930,0,0,1930,1930
USDAL,USLAX,CNZJG,"Dallas, TX, USDAL","Los Angeles, CA, USLAX","Zhangjiagang, 32, CNZJG",CNZJG,CMDU,CMA,25-0720,DRY,13,4/18/2026,6/30/2026,5/12/2026,1930,1930,0,0,1930,1930
USDAL,USLAX,CNZSN,"Dallas, TX, USDAL","Los Angeles, CA, USLAX","Zhongshan Pt, 44, CNZSN",CNZSN,CMDU,CMA,25-0720,DRY,13,4/18/2026,6/30/2026,5/12/2026,2080,2080,0,0,2080,2080
USDAL,USLAX,CNZUH,"Dallas, TX, USDAL","Los Angeles, CA, USLAX","Zhuhai Pt, 44, CNZUH",CNZUH,CMDU,CMA,25-0720,DRY,13,4/18/2026,6/30/2026,5/12/2026,1930,1930,0,0,1930,1930
USDAL,USLAX,IDBLW,"Dallas, TX, USDAL","Los Angeles, CA, USLAX","Belawan, , IDBLW",IDBLW,CMDU,CMA,25-0720,DRY,13,4/18/2026,6/30/2026,5/12/2026,3480,3480,0,0,3480,3480
USDAL,USLAX,IDJKT,"Dallas, TX, USDAL","Los Angeles, CA, USLAX","Jakarta, JK, IDJKT",IDJKT,CMDU,CMA,25-0720,DRY,13,4/18/2026,6/30/2026,5/12/2026,1980,1980,0,0,1980,1980
USDAL,USLAX,IDSRG,"Dallas, TX, USDAL","Los Angeles, CA, USLAX","Semarang, JT, IDSRG",IDSRG,CMDU,CMA,25-0720,DRY,13,4/18/2026,6/30/2026,5/12/2026,1980,1980,0,0,1980,1980
USDAL,USLAX,IDSUB,"Dallas, TX, USDAL","Los Angeles, CA, USLAX","Surabaya, JI, IDSUB",IDSUB,CMDU,CMA,25-0720,DRY,13,4/18/2026,6/30/2026,5/12/2026,1980,1980,0,0,1980,1980
USDAL,USLAX,JPHTD,"Dallas, TX, USDAL","Los Angeles, CA, USLAX","Hakata, 38, JPHTD",JPHTD,CMDU,CMA,25-0720,DRY,13,4/18/2026,6/30/2026,5/12/2026,2830,2830,0,0,2830,2830
USDAL,USLAX,JPNGO,"Dallas, TX, USDAL","Los Angeles, CA, USLAX","Nagoya, Aichi, 23, JPNGO",JPNGO,CMDU,CMA,25-0720,DRY,13,4/18/2026,6/30/2026,5/12/2026,1480,1480,0,0,1480,1480
USDAL,USLAX,JPTYO,"Dallas, TX, USDAL","Los Angeles, CA, USLAX","Tokyo, 13, JPTYO",JPTYO,CMDU,CMA,25-0720,DRY,13,4/18/2026,6/30/2026,5/12/2026,1480,1480,0,0,1480,1480
USDAL,USLAX,KRKAN,"Dallas, TX, USDAL","Los Angeles, CA, USLAX","Gwangyang, 46, KRKAN",KRKAN,CMDU,CMA,25-0720,DRY,13,4/18/2026,6/30/2026,5/12/2026,1930,1930,0,0,1930,1930
USDAL,USLAX,KRPUS,"Dallas, TX, USDAL","Los Angeles, CA, USLAX","Busan, 26, KRPUS",KRPUS,CMDU,CMA,25-0720,DRY,13,4/18/2026,6/30/2026,5/12/2026,1580,1580,0,0,1580,1580
USDAL,USLAX,MYPEN,"Dallas, TX, USDAL","Los Angeles, CA, USLAX","Penang, , MYPEN",MYPEN,CMDU,CMA,25-0720,DRY,13,4/18/2026,6/30/2026,5/12/2026,2180,2180,0,0,2180,2180
USDAL,USLAX,MYPGU,"Dallas, TX, USDAL","Los Angeles, CA, USLAX","Pasir Gudang, Johor, , MYPGU",MYPGU,CMDU,CMA,25-0720,DRY,13,4/18/2026,6/30/2026,5/12/2026,2180,2180,0,0,2180,2180
USDAL,USLAX,MYPKG,"Dallas, TX, USDAL","Los Angeles, CA, USLAX","Port Klang, 10, MYPKG",MYPKG,CMDU,CMA,25-0720,DRY,13,4/18/2026,6/30/2026,5/12/2026,2080,2080,0,0,2080,2080
USDAL,USLAX,MYTPP,"Dallas, TX, USDAL","Los Angeles, CA, USLAX","Tanjung Pelepas, 1, MYTPP",MYTPP,CMDU,CMA,25-0720,DRY,13,4/18/2026,6/30/2026,5/12/2026,2080,2080,0,0,2080,2080
USDAL,USLAX,PHMNL,"Dallas, TX, USDAL","Los Angeles, CA, USLAX","Manila, , PHMNL",PHMNL,CMDU,CMA,25-0720,DRY,13,4/18/2026,6/30/2026,5/12/2026,4680,4680,0,0,4680,4680
USDAL,USLAX,SGSIN,"Dallas, TX, USDAL","Los Angeles, CA, USLAX","Singapore, , SGSIN",SGSIN,CMDU,CMA,25-0720,DRY,13,4/18/2026,6/30/2026,5/12/2026,1980,1980,0,0,1980,1980
USDAL,USLAX,THBKK,"Dallas, TX, USDAL","Los Angeles, CA, USLAX","Bangkok, , THBKK",THLCH,CMDU,CMA,25-0720,DRY,13,4/18/2026,6/30/2026,5/12/2026,2280,2280,0,0,2280,2280
USDAL,USLAX,THLCH,"Dallas, TX, USDAL","Los Angeles, CA, USLAX","Laem Chabang, 20, THLCH",THLCH,CMDU,CMA,25-0720,DRY,13,4/18/2026,6/30/2026,5/12/2026,2180,2180,0,0,2180,2180
USDAL,USLAX,THLKR,"Dallas, TX, USDAL","Los Angeles, CA, USLAX","Lat Krabang, 10, THLKR",THLCH,CMDU,CMA,25-0720,DRY,13,4/18/2026,6/30/2026,5/12/2026,2280,2280,0,0,2280,2280
USDAL,USLAX,TWKHH,"Dallas, TX, USDAL","Los Angeles, CA, USLAX","Kaohsiung, , TWKHH",TWKHH,CMDU,CMA,25-0720,DRY,13,4/18/2026,6/30/2026,5/12/2026,2480,2480,0,0,2480,2480
USDAL,USLAX,TWTXG,"Dallas, TX, USDAL","Los Angeles, CA, USLAX","Taichung, , TWTXG",TWKHH,CMDU,CMA,25-0720,DRY,13,4/18/2026,6/30/2026,5/12/2026,2630,2630,0,0,2630,2630
USDAL,USLAX,VNSGN,"Dallas, TX, USDAL","Los Angeles, CA, USLAX","Ho Chi Minh City, , VNSGN",VNVUT,CMDU,CMA,25-0720,DRY,13,4/18/2026,6/30/2026,5/12/2026,1280,1280,0,0,1280,1280
USDAL,USLAX,VNDAD,"Dallas, TX, USDAL","Los Angeles, CA, USLAX","Da Nang, , VNDAD",VNDAD,CMDU,CMA,25-0720,DRY,13,4/18/2026,6/30/2026,5/12/2026,2380,2380,0,0,2380,2380
USDAL,USLAX,VNHPH,"Dallas, TX, USDAL","Los Angeles, CA, USLAX","Haiphong, , VNHPH",VNHPH,CMDU,CMA,25-0720,DRY,13,4/18/2026,6/30/2026,5/12/2026,1334,1334,0,0,1334,1334
USDAL,USLAX,VNUIH,"Dallas, TX, USDAL","Los Angeles, CA, USLAX","Qui Nhon, , VNUIH",VNUIH,CMDU,CMA,25-0720,DRY,13,4/18/2026,6/30/2026,5/12/2026,2480,2480,0,0,2480,2480
USDAL,USLAX,VNVUT,"Dallas, TX, USDAL","Los Angeles, CA, USLAX","Vung Tau, 43, VNVUT",VNVUT,CMDU,CMA,25-0720,DRY,13,4/18/2026,6/30/2026,5/12/2026,1280,1280,0,0,1280,1280
USDAL,USHOU,DJJIB,"Dallas, TX, USDAL","Houston, TX, USHOU","Djibouti, , DJJIB",DJJIB,CMDU,CMA,25-0720,DRY,13,4/18/2026,6/30/2026,5/12/2026,5782,5782,0,0,5782,5782
USDAL,USSAV,INMUN,"Dallas, TX, USDAL","Savannah, GA, USSAV","Mundra, GJ, INMUN",INMUN,CMDU,CMA,25-0720,DRY,13,4/18/2026,6/30/2026,5/12/2026,3110,3110,0,0,3110,3110
USDAL,USSAV,INNSA,"Dallas, TX, USDAL","Savannah, GA, USSAV","Nhava Sheva, MH, INNSA",INNSA,CMDU,CMA,25-0720,DRY,13,4/18/2026,6/30/2026,5/12/2026,3110,3110,0,0,3110,3110
USDAL,USSAV,PKBQM,"Dallas, TX, USDAL","Savannah, GA, USSAV","Port Qasim/Karachi, SD, PKBQM",PKBQM,CMDU,CMA,25-0720,DRY,13,4/18/2026,6/30/2026,5/12/2026,3210,3210,0,0,3210,3210
USDAL,USLAX,INMUN,"Dallas, TX, USDAL","Los Angeles, CA, USLAX","Mundra, GJ, INMUN",INMUN,CMDU,CMA,25-0720,DRY,13,4/18/2026,6/30/2026,5/12/2026,3845,3845,0,0,3845,3845
USDAL,USLAX,INNSA,"Dallas, TX, USDAL","Los Angeles, CA, USLAX","Nhava Sheva, MH, INNSA",INNSA,CMDU,CMA,25-0720,DRY,13,4/18/2026,6/30/2026,5/12/2026,3845,3845,0,0,3845,3845
USDAL,USLAX,INTUT,"Dallas, TX, USDAL","Los Angeles, CA, USLAX","Tuticorin, TN, INTUT",INTUT,CMDU,CMA,25-0720,DRY,13,4/18/2026,6/30/2026,5/12/2026,2795,2795,0,0,2795,2795
USDAL,USLAX,PKKHI,"Dallas, TX, USDAL","Los Angeles, CA, USLAX","Karachi, SD, PKKHI",PKKHI,CMDU,CMA,25-0720,DRY,13,4/18/2026,6/30/2026,5/12/2026,4545,4545,0,0,4545,4545
USDAL,USLAX,PKBQM,"Dallas, TX, USDAL","Los Angeles, CA, USLAX","Port Qasim/Karachi, SD, PKBQM",PKBQM,CMDU,CMA,25-0720,DRY,13,4/18/2026,6/30/2026,5/12/2026,3545,3545,0,0,3545,3545
USDAL,USLAX,BDCGP,"Dallas, TX, USDAL","Los Angeles, CA, USLAX","Chattogram/Chittagong, , BDCGP",BDCGP,EGLV,EMC,SC103574,DRY,4,5/1/2026,6/30/2026,5/16/2026,3300,3300,0,0,3300,3300
USDAL,USLAX,CNNBG,"Dallas, TX, USDAL","Los Angeles, CA, USLAX","Ningbo Pt, 33, CNNBG",CNNBG,EGLV,EMC,SC103574,DRY,4,5/1/2026,6/30/2026,5/16/2026,1350,1350,0,0,1350,1350
USDAL,USLAX,CNTAO,"Dallas, TX, USDAL","Los Angeles, CA, USLAX","Qingdao, 37, CNTAO",CNQDG,EGLV,EMC,SC103574,DRY,4,5/1/2026,6/30/2026,5/16/2026,1350,1350,0,0,1350,1350
USDAL,USLAX,CNSHA,"Dallas, TX, USDAL","Los Angeles, CA, USLAX","Shanghai, 31, CNSHA",CNSHG,EGLV,EMC,SC103574,DRY,4,5/1/2026,6/30/2026,5/16/2026,1350,1350,0,0,1350,1350
USDAL,USLAX,CNXMN,"Dallas, TX, USDAL","Los Angeles, CA, USLAX","Xiamen, 35, CNXMN",CNXMG,EGLV,EMC,SC103574,DRY,4,5/1/2026,6/30/2026,5/16/2026,1500,1500,0,0,1500,1500
USDAL,USLAX,CNYTN,"Dallas, TX, USDAL","Los Angeles, CA, USLAX","Yantian Pt, 44, CNYTN",CNYTN,EGLV,EMC,SC103574,DRY,4,5/1/2026,6/30/2026,5/16/2026,1500,1500,0,0,1500,1500
USDAL,USLAX,IDBLW,"Dallas, TX, USDAL","Los Angeles, CA, USLAX","Belawan, , IDBLW",IDBLW,EGLV,EMC,SC103574,DRY,4,5/1/2026,6/30/2026,5/16/2026,1700,1700,0,0,1700,1700
USDAL,USLAX,IDJKT,"Dallas, TX, USDAL","Los Angeles, CA, USLAX","Jakarta, JK, IDJKT",IDJKT,EGLV,EMC,SC103574,DRY,4,5/1/2026,6/30/2026,5/16/2026,1700,1700,0,0,1700,1700
USDAL,USLAX,IDSRG,"Dallas, TX, USDAL","Los Angeles, CA, USLAX","Semarang, JT, IDSRG",IDSRG,EGLV,EMC,SC103574,DRY,4,5/1/2026,6/30/2026,5/16/2026,1700,1700,0,0,1700,1700
USDAL,USLAX,IDSUB,"Dallas, TX, USDAL","Los Angeles, CA, USLAX","Surabaya, JI, IDSUB",IDSUB,EGLV,EMC,SC103574,DRY,4,5/1/2026,6/30/2026,5/16/2026,1700,1700,0,0,1700,1700
USDAL,USLAX,INNSA,"Dallas, TX, USDAL","Los Angeles, CA, USLAX","Nhava Sheva, MH, INNSA",INNSA,EGLV,EMC,SC103574,DRY,4,5/1/2026,6/30/2026,5/16/2026,2550,2550,0,0,2550,2550
USDAL,USLAX,JPHTD,"Dallas, TX, USDAL","Los Angeles, CA, USLAX","Hakata, 38, JPHTD",JPHTD,EGLV,EMC,SC103574,DRY,4,5/1/2026,6/30/2026,5/16/2026,1800,1800,0,0,1800,1800
USDAL,USLAX,JPNGO,"Dallas, TX, USDAL","Los Angeles, CA, USLAX","Nagoya, Aichi, 23, JPNGO",JPNGO,EGLV,EMC,SC103574,DRY,4,5/1/2026,6/30/2026,5/16/2026,1800,1800,0,0,1800,1800
USDAL,USLAX,JPOSA,"Dallas, TX, USDAL","Los Angeles, CA, USLAX","Osaka, 27, JPOSA",JPOSA,EGLV,EMC,SC103574,DRY,4,5/1/2026,6/30/2026,5/16/2026,1800,1800,0,0,1800,1800
USDAL,USLAX,JPUKB,"Dallas, TX, USDAL","Los Angeles, CA, USLAX","Kobe, 28, JPUKB",JPUKB,EGLV,EMC,SC103574,DRY,4,5/1/2026,6/30/2026,5/16/2026,1800,1800,0,0,1800,1800
USDAL,USLAX,PHDVO,"Dallas, TX, USDAL","Los Angeles, CA, USLAX","Davao, Mindanao, , PHDVO",PHDVO,EGLV,EMC,SC103574,DRY,4,5/1/2026,6/30/2026,5/16/2026,1550,1550,0,0,1550,1550
USDAL,USLAX,PHMNL,"Dallas, TX, USDAL","Los Angeles, CA, USLAX","Manila, , PHMNL",PHMNL,EGLV,EMC,SC103574,DRY,4,5/1/2026,6/30/2026,5/16/2026,1750,1750,0,0,1750,1750
USDAL,USLAX,PHMNS,"Dallas, TX, USDAL","Los Angeles, CA, USLAX","Manila South Harbour, , PHMNS",PHMNS,EGLV,EMC,SC103574,DRY,4,5/1/2026,6/30/2026,5/16/2026,1750,1750,0,0,1750,1750
USDAL,USLAX,PKKHI,"Dallas, TX, USDAL","Los Angeles, CA, USLAX","Karachi, SD, PKKHI",PKKHI,EGLV,EMC,SC103574,DRY,4,5/1/2026,6/30/2026,5/16/2026,2700,2700,0,0,2700,2700
USDAL,USLAX,THBKK,"Dallas, TX, USDAL","Los Angeles, CA, USLAX","Bangkok, , THBKK",THBKK,EGLV,EMC,SC103574,DRY,4,5/1/2026,6/30/2026,5/16/2026,1950,1950,0,0,1950,1950
USDAL,USLAX,THLCH,"Dallas, TX, USDAL","Los Angeles, CA, USLAX","Laem Chabang, 20, THLCH",THLCH,EGLV,EMC,SC103574,DRY,4,5/1/2026,6/30/2026,5/16/2026,1950,1950,0,0,1950,1950
USDAL,USLAX,TWKHH,"Dallas, TX, USDAL","Los Angeles, CA, USLAX","Kaohsiung, , TWKHH",TWKHH,EGLV,EMC,SC103574,DRY,4,5/1/2026,6/30/2026,5/16/2026,1500,1500,0,0,1500,1500
USDAL,USLAX,TWTPE,"Dallas, TX, USDAL","Los Angeles, CA, USLAX","Taipei, TPE, TWTPE",TWTPE,EGLV,EMC,SC103574,DRY,4,5/1/2026,6/30/2026,5/16/2026,1700,1700,0,0,1700,1700
USDAL,USLAX,VNDAD,"Dallas, TX, USDAL","Los Angeles, CA, USLAX","Da Nang, , VNDAD",VNDAD,EGLV,EMC,SC103574,DRY,4,5/1/2026,6/30/2026,5/16/2026,1700,1700,0,0,1700,1700
USDAL,USLAX,VNHPH,"Dallas, TX, USDAL","Los Angeles, CA, USLAX","Haiphong, , VNHPH",VNHPH,EGLV,EMC,SC103574,DRY,4,5/1/2026,6/30/2026,5/16/2026,1700,1700,0,0,1700,1700
USDAL,USLAX,VNSGN,"Dallas, TX, USDAL","Los Angeles, CA, USLAX","Ho Chi Minh City, , VNSGN",VNSGN,EGLV,EMC,SC103574,DRY,4,5/1/2026,6/30/2026,5/16/2026,1700,1700,0,0,1700,1700
USDAL,USLAX,VNTOT,"Dallas, TX, USDAL","Los Angeles, CA, USLAX","Cai Mep, 43, VNTOT",VNTOT,EGLV,EMC,SC103574,DRY,4,5/1/2026,6/30/2026,5/16/2026,1700,1700,0,0,1700,1700
USDAL,USHOU,PTLEI,"Dallas, TX, USDAL","Houston, TX, USHOU","Leixoes, 13, PTLEI",PTLEI,OOLU,OOCL,MT256104,DRY,16,4/1/2026,6/30/2026,5/16/2026,2703,2703,0,0,2703,2703
USDAL,USSAV,BDCGP,"Dallas, TX, USDAL","Savannah, GA, USSAV","Chattogram/Chittagong, , BDCGP",BDCGP,OOLU,OOCL,MT256104,DRY,16,4/1/2026,6/30/2026,5/16/2026,3868,3868,0,0,3868,3868
USDAL,USLAX,BDCGP,"Dallas, TX, USDAL","Los Angeles, CA, USLAX","Chattogram/Chittagong, , BDCGP",BDCGP,OOLU,OOCL,MT256104,DRY,16,4/1/2026,6/30/2026,5/16/2026,2660,2660,0,0,2660,2660
USDAL,USLGB,BDCGP,"Dallas, TX, USDAL","Long Beach, CA, USLGB","Chattogram/Chittagong, , BDCGP",BDCGP,OOLU,OOCL,MT256104,DRY,16,4/1/2026,6/30/2026,5/16/2026,2660,2660,0,0,2660,2660
USDAL,USLAX,CNDLC,"Dallas, TX, USDAL","Los Angeles, CA, USLAX","Dalian, 21, CNDLC",CNDLC,OOLU,OOCL,MT256104,DRY,16,4/1/2026,6/30/2026,5/16/2026,935,935,0,0,935,935
USDAL,USLGB,CNDLC,"Dallas, TX, USDAL","Long Beach, CA, USLGB","Dalian, 21, CNDLC",CNDLC,OOLU,OOCL,MT256104,DRY,16,4/1/2026,6/30/2026,5/16/2026,935,935,0,0,935,935
USDAL,USLAX,CNFQG,"Dallas, TX, USDAL","Los Angeles, CA, USLAX","Fuqing, 35, CNFQG",CNFQG,OOLU,OOCL,MT256104,DRY,16,4/1/2026,6/30/2026,5/16/2026,785,785,0,0,785,785
USDAL,USLGB,CNFQG,"Dallas, TX, USDAL","Long Beach, CA, USLGB","Fuqing, 35, CNFQG",CNFQG,OOLU,OOCL,MT256104,DRY,16,4/1/2026,6/30/2026,5/16/2026,785,785,0,0,785,785
USDAL,USLAX,CNHUA,"Dallas, TX, USDAL","Los Angeles, CA, USLAX","Huangpu Pt, 44, CNHUA",CNHUA,OOLU,OOCL,MT256104,DRY,16,4/1/2026,6/30/2026,5/16/2026,950,950,0,0,950,950
USDAL,USLGB,CNHUA,"Dallas, TX, USDAL","Long Beach, CA, USLGB","Huangpu Pt, 44, CNHUA",CNHUA,OOLU,OOCL,MT256104,DRY,16,4/1/2026,6/30/2026,5/16/2026,950,950,0,0,950,950
USDAL,USLAX,CNKPN,"Dallas, TX, USDAL","Los Angeles, CA, USLAX","Kaiping, 13, CNKPN",CNKPN,OOLU,OOCL,MT256104,DRY,16,4/1/2026,6/30/2026,5/16/2026,980,980,0,0,980,980
USDAL,USLGB,CNKPN,"Dallas, TX, USDAL","Long Beach, CA, USLGB","Kaiping, 13, CNKPN",CNKPN,OOLU,OOCL,MT256104,DRY,16,4/1/2026,6/30/2026,5/16/2026,980,980,0,0,980,980
USDAL,USLAX,CNLYG,"Dallas, TX, USDAL","Los Angeles, CA, USLAX","Lianyungang, 32, CNLYG",CNLYG,OOLU,OOCL,MT256104,DRY,16,4/1/2026,6/30/2026,5/16/2026,1550,1550,0,0,1550,1550
USDAL,USLGB,CNLYG,"Dallas, TX, USDAL","Long Beach, CA, USLGB","Lianyungang, 32, CNLYG",CNLYG,OOLU,OOCL,MT256104,DRY,16,4/1/2026,6/30/2026,5/16/2026,1550,1550,0,0,1550,1550
USDAL,USLAX,CNNSA,"Dallas, TX, USDAL","Los Angeles, CA, USLAX","Nansha Pt, 44, CNNSA",CNNSA,OOLU,OOCL,MT256104,DRY,16,4/1/2026,6/30/2026,5/16/2026,910,910,0,0,910,910
USDAL,USLGB,CNNSA,"Dallas, TX, USDAL","Long Beach, CA, USLGB","Nansha Pt, 44, CNNSA",CNNSA,OOLU,OOCL,MT256104,DRY,16,4/1/2026,6/30/2026,5/16/2026,910,910,0,0,910,910
USDAL,USLAX,CNNBG,"Dallas, TX, USDAL","Los Angeles, CA, USLAX","Ningbo Pt, 33, CNNBG",CNNBG,OOLU,OOCL,MT256104,DRY,16,4/1/2026,6/30/2026,5/16/2026,660,660,0,0,660,660
USDAL,USLGB,CNNBG,"Dallas, TX, USDAL","Long Beach, CA, USLGB","Ningbo Pt, 33, CNNBG",CNNBG,OOLU,OOCL,MT256104,DRY,16,4/1/2026,6/30/2026,5/16/2026,660,660,0,0,660,660
USDAL,USLAX,CNTAO,"Dallas, TX, USDAL","Los Angeles, CA, USLAX","Qingdao, 37, CNTAO",CNTAO,OOLU,OOCL,MT256104,DRY,16,4/1/2026,6/30/2026,5/16/2026,660,660,0,0,660,660
USDAL,USLGB,CNTAO,"Dallas, TX, USDAL","Long Beach, CA, USLGB","Qingdao, 37, CNTAO",CNTAO,OOLU,OOCL,MT256104,DRY,16,4/1/2026,6/30/2026,5/16/2026,660,660,0,0,660,660
USDAL,USLAX,CNSBU,"Dallas, TX, USDAL","Los Angeles, CA, USLAX","Sanbu Pt, 44, CNSBU",CNSBU,OOLU,OOCL,MT256104,DRY,16,4/1/2026,6/30/2026,5/16/2026,980,980,0,0,980,980
USDAL,USLGB,CNSBU,"Dallas, TX, USDAL","Long Beach, CA, USLGB","Sanbu Pt, 44, CNSBU",CNSBU,OOLU,OOCL,MT256104,DRY,16,4/1/2026,6/30/2026,5/16/2026,980,980,0,0,980,980
USDAL,USLAX,CNSHA,"Dallas, TX, USDAL","Los Angeles, CA, USLAX","Shanghai, 31, CNSHA",CNSHA,OOLU,OOCL,MT256104,DRY,16,4/1/2026,6/30/2026,5/16/2026,660,660,0,0,660,660
USDAL,USLGB,CNSHA,"Dallas, TX, USDAL","Long Beach, CA, USLGB","Shanghai, 31, CNSHA",CNSHA,OOLU,OOCL,MT256104,DRY,16,4/1/2026,6/30/2026,5/16/2026,660,660,0,0,660,660
USDAL,USLAX,CNSHK,"Dallas, TX, USDAL","Los Angeles, CA, USLAX","Shekou Pt, 44, CNSHK",CNSHK,OOLU,OOCL,MT256104,DRY,16,4/1/2026,6/30/2026,5/16/2026,1380,1380,0,0,1380,1380
USDAL,USLGB,CNSHK,"Dallas, TX, USDAL","Long Beach, CA, USLGB","Shekou Pt, 44, CNSHK",CNSHK,OOLU,OOCL,MT256104,DRY,16,4/1/2026,6/30/2026,5/16/2026,1380,1380,0,0,1380,1380
USDAL,USLAX,CNXMN,"Dallas, TX, USDAL","Los Angeles, CA, USLAX","Xiamen, 35, CNXMN",CNXMN,OOLU,OOCL,MT256104,DRY,16,4/1/2026,6/30/2026,5/16/2026,660,660,0,0,660,660
USDAL,USLGB,CNXMN,"Dallas, TX, USDAL","Long Beach, CA, USLGB","Xiamen, 35, CNXMN",CNXMN,OOLU,OOCL,MT256104,DRY,16,4/1/2026,6/30/2026,5/16/2026,660,660,0,0,660,660
USDAL,USLAX,CNTXG,"Dallas, TX, USDAL","Los Angeles, CA, USLAX","Tianjin Xingang Pt, 12, CNTXG",CNTXG,OOLU,OOCL,MT256104,DRY,16,4/1/2026,6/30/2026,5/16/2026,885,885,0,0,885,885
USDAL,USLGB,CNTXG,"Dallas, TX, USDAL","Long Beach, CA, USLGB","Tianjin Xingang Pt, 12, CNTXG",CNTXG,OOLU,OOCL,MT256104,DRY,16,4/1/2026,6/30/2026,5/16/2026,885,885,0,0,885,885
USDAL,USLAX,CNYPG,"Dallas, TX, USDAL","Los Angeles, CA, USLAX","Yangpu Pt, 46, CNYPG",CNYPG,OOLU,OOCL,MT256104,DRY,16,4/1/2026,6/30/2026,5/16/2026,660,660,0,0,660,660
USDAL,USLGB,CNYPG,"Dallas, TX, USDAL","Long Beach, CA, USLGB","Yangpu Pt, 46, CNYPG",CNYPG,OOLU,OOCL,MT256104,DRY,16,4/1/2026,6/30/2026,5/16/2026,660,660,0,0,660,660
USDAL,USLAX,CNYTN,"Dallas, TX, USDAL","Los Angeles, CA, USLAX","Yantian Pt, 44, CNYTN",CNYTN,OOLU,OOCL,MT256104,DRY,16,4/1/2026,6/30/2026,5/16/2026,660,660,0,0,660,660
USDAL,USLGB,CNYTN,"Dallas, TX, USDAL","Long Beach, CA, USLGB","Yantian Pt, 44, CNYTN",CNYTN,OOLU,OOCL,MT256104,DRY,16,4/1/2026,6/30/2026,5/16/2026,660,660,0,0,660,660
USDAL,USLAX,THBKK,"Dallas, TX, USDAL","Los Angeles, CA, USLAX","Bangkok, , THBKK",THBKK,OOLU,OOCL,MT256104,DRY,16,4/1/2026,6/30/2026,5/16/2026,1085,1085,0,0,1085,1085
USDAL,USLGB,THBKK,"Dallas, TX, USDAL","Long Beach, CA, USLGB","Bangkok, , THBKK",THBKK,OOLU,OOCL,MT256104,DRY,16,4/1/2026,6/30/2026,5/16/2026,1085,1085,0,0,1085,1085
USDAL,USLAX,IDBLW,"Dallas, TX, USDAL","Los Angeles, CA, USLAX","Belawan, , IDBLW",IDBLW,OOLU,OOCL,MT256104,DRY,16,4/1/2026,6/30/2026,5/16/2026,1135,1135,0,0,1135,1135
USDAL,USLGB,IDBLW,"Dallas, TX, USDAL","Long Beach, CA, USLGB","Belawan, , IDBLW",IDBLW,OOLU,OOCL,MT256104,DRY,16,4/1/2026,6/30/2026,5/16/2026,1135,1135,0,0,1135,1135
USDAL,USLAX,KRPUS,"Dallas, TX, USDAL","Los Angeles, CA, USLAX","Busan, 26, KRPUS",KRPUS,OOLU,OOCL,MT256104,DRY,16,4/1/2026,6/30/2026,5/16/2026,660,660,0,0,660,660
USDAL,USLGB,KRPUS,"Dallas, TX, USDAL","Long Beach, CA, USLGB","Busan, 26, KRPUS",KRPUS,OOLU,OOCL,MT256104,DRY,16,4/1/2026,6/30/2026,5/16/2026,660,660,0,0,660,660
USDAL,USLAX,PHCEB,"Dallas, TX, USDAL","Los Angeles, CA, USLAX","Cebu, , PHCEB",PHCEB,OOLU,OOCL,MT256104,DRY,16,4/1/2026,6/30/2026,5/16/2026,1320,1320,0,0,1320,1320
USDAL,USLGB,PHCEB,"Dallas, TX, USDAL","Long Beach, CA, USLGB","Cebu, , PHCEB",PHCEB,OOLU,OOCL,MT256104,DRY,16,4/1/2026,6/30/2026,5/16/2026,1320,1320,0,0,1320,1320
USDAL,USLAX,IDCKR,"Dallas, TX, USDAL","Los Angeles, CA, USLAX","Cikarang, JB, IDCKR",IDCKR,OOLU,OOCL,MT256104,DRY,16,4/1/2026,6/30/2026,5/16/2026,1335,1335,0,0,1335,1335
USDAL,USLGB,IDCKR,"Dallas, TX, USDAL","Long Beach, CA, USLGB","Cikarang, JB, IDCKR",IDCKR,OOLU,OOCL,MT256104,DRY,16,4/1/2026,6/30/2026,5/16/2026,1335,1335,0,0,1335,1335
USDAL,USLAX,VNHPH,"Dallas, TX, USDAL","Los Angeles, CA, USLAX","Haiphong, , VNHPH",VNHPH,OOLU,OOCL,MT256104,DRY,16,4/1/2026,6/30/2026,5/16/2026,660,660,0,0,660,660
USDAL,USLGB,VNHPH,"Dallas, TX, USDAL","Long Beach, CA, USLGB","Haiphong, , VNHPH",VNHPH,OOLU,OOCL,MT256104,DRY,16,4/1/2026,6/30/2026,5/16/2026,660,660,0,0,660,660
USDAL,USLAX,INHAL,"Dallas, TX, USDAL","Los Angeles, CA, USLAX","Haldia, WB, INHAL",INHAL,OOLU,OOCL,MT256104,DRY,16,4/1/2026,6/30/2026,5/16/2026,2810,2810,0,0,2810,2810
USDAL,USLGB,INHAL,"Dallas, TX, USDAL","Long Beach, CA, USLGB","Haldia, WB, INHAL",INHAL,OOLU,OOCL,MT256104,DRY,16,4/1/2026,6/30/2026,5/16/2026,2810,2810,0,0,2810,2810
USDAL,USLAX,VNSGN,"Dallas, TX, USDAL","Los Angeles, CA, USLAX","Ho Chi Minh City, , VNSGN",VNSGN,OOLU,OOCL,MT256104,DRY,16,4/1/2026,6/30/2026,5/16/2026,710,710,0,0,710,710
USDAL,USLGB,VNSGN,"Dallas, TX, USDAL","Long Beach, CA, USLGB","Ho Chi Minh City, , VNSGN",VNSGN,OOLU,OOCL,MT256104,DRY,16,4/1/2026,6/30/2026,5/16/2026,710,710,0,0,710,710
USDAL,USLAX,HKHKG,"Dallas, TX, USDAL","Los Angeles, CA, USLAX","Hong Kong, , HKHKG",HKHKG,OOLU,OOCL,MT256104,DRY,16,4/1/2026,6/30/2026,5/16/2026,660,660,0,0,660,660
USDAL,USLGB,HKHKG,"Dallas, TX, USDAL","Long Beach, CA, USLGB","Hong Kong, , HKHKG",HKHKG,OOLU,OOCL,MT256104,DRY,16,4/1/2026,6/30/2026,5/16/2026,660,660,0,0,660,660
USDAL,USLAX,IDJKT,"Dallas, TX, USDAL","Los Angeles, CA, USLAX","Jakarta, JK, IDJKT",IDJKT,OOLU,OOCL,MT256104,DRY,16,4/1/2026,6/30/2026,5/16/2026,1135,1135,0,0,1135,1135
USDAL,USLGB,IDJKT,"Dallas, TX, USDAL","Long Beach, CA, USLGB","Jakarta, JK, IDJKT",IDJKT,OOLU,OOCL,MT256104,DRY,16,4/1/2026,6/30/2026,5/16/2026,1135,1135,0,0,1135,1135
USDAL,USLAX,TWKHH,"Dallas, TX, USDAL","Los Angeles, CA, USLAX","Kaohsiung, , TWKHH",TWKHH,OOLU,OOCL,MT256104,DRY,16,4/1/2026,6/30/2026,5/16/2026,660,660,0,0,660,660
USDAL,USLGB,TWKHH,"Dallas, TX, USDAL","Long Beach, CA, USLGB","Kaohsiung, , TWKHH",TWKHH,OOLU,OOCL,MT256104,DRY,16,4/1/2026,6/30/2026,5/16/2026,660,660,0,0,660,660
USDAL,USLAX,INKTP,"Dallas, TX, USDAL","Los Angeles, CA, USLAX","Kattupalli Port, TN, INKTP",INKTP,OOLU,OOCL,MT256104,DRY,16,4/1/2026,6/30/2026,5/16/2026,1635,1635,0,0,1635,1635
USDAL,USLGB,INKTP,"Dallas, TX, USDAL","Long Beach, CA, USLGB","Kattupalli Port, TN, INKTP",INKTP,OOLU,OOCL,MT256104,DRY,16,4/1/2026,6/30/2026,5/16/2026,1635,1635,0,0,1635,1635
USDAL,USLAX,TWKEL,"Dallas, TX, USDAL","Los Angeles, CA, USLAX","Keelung, , TWKEL",TWKEL,OOLU,OOCL,MT256104,DRY,16,4/1/2026,6/30/2026,5/16/2026,840,840,0,0,840,840
USDAL,USLGB,TWKEL,"Dallas, TX, USDAL","Long Beach, CA, USLGB","Keelung, , TWKEL",TWKEL,OOLU,OOCL,MT256104,DRY,16,4/1/2026,6/30/2026,5/16/2026,840,840,0,0,840,840
USDAL,USLAX,INKOC,"Dallas, TX, USDAL","Los Angeles, CA, USLAX","Kochi, , INKOC",INKOC,OOLU,OOCL,MT256104,DRY,16,4/1/2026,6/30/2026,5/16/2026,2365,2365,0,0,2365,2365
USDAL,USLGB,INKOC,"Dallas, TX, USDAL","Long Beach, CA, USLGB","Kochi, , INKOC",INKOC,OOLU,OOCL,MT256104,DRY,16,4/1/2026,6/30/2026,5/16/2026,2365,2365,0,0,2365,2365
USDAL,USLAX,KRKAN,"Dallas, TX, USDAL","Los Angeles, CA, USLAX","Gwangyang, 46, KRKAN",KRKAN,OOLU,OOCL,MT256104,DRY,16,4/1/2026,6/30/2026,5/16/2026,735,735,0,0,735,735
USDAL,USLGB,KRKAN,"Dallas, TX, USDAL","Long Beach, CA, USLGB","Gwangyang, 46, KRKAN",KRKAN,OOLU,OOCL,MT256104,DRY,16,4/1/2026,6/30/2026,5/16/2026,735,735,0,0,735,735
USDAL,USLAX,THLCH,"Dallas, TX, USDAL","Los Angeles, CA, USLAX","Laem Chabang, 20, THLCH",THLCH,OOLU,OOCL,MT256104,DRY,16,4/1/2026,6/30/2026,5/16/2026,735,735,0,0,735,735
USDAL,USLGB,THLCH,"Dallas, TX, USDAL","Long Beach, CA, USLGB","Laem Chabang, 20, THLCH",THLCH,OOLU,OOCL,MT256104,DRY,16,4/1/2026,6/30/2026,5/16/2026,735,735,0,0,735,735
USDAL,USLAX,THLKR,"Dallas, TX, USDAL","Los Angeles, CA, USLAX","Lat Krabang, 10, THLKR",THLKR,OOLU,OOCL,MT256104,DRY,16,4/1/2026,6/30/2026,5/16/2026,1085,1085,0,0,1085,1085
USDAL,USLGB,THLKR,"Dallas, TX, USDAL","Long Beach, CA, USLGB","Lat Krabang, 10, THLKR",THLKR,OOLU,OOCL,MT256104,DRY,16,4/1/2026,6/30/2026,5/16/2026,1085,1085,0,0,1085,1085
USDAL,USLAX,PHMNL,"Dallas, TX, USDAL","Los Angeles, CA, USLAX","Manila, , PHMNL",PHMNL,OOLU,OOCL,MT256104,DRY,16,4/1/2026,6/30/2026,5/16/2026,1320,1320,0,0,1320,1320
USDAL,USLGB,PHMNL,"Dallas, TX, USDAL","Long Beach, CA, USLGB","Manila, , PHMNL",PHMNL,OOLU,OOCL,MT256104,DRY,16,4/1/2026,6/30/2026,5/16/2026,1320,1320,0,0,1320,1320
USDAL,USSAV,PKBQM,"Dallas, TX, USDAL","Savannah, GA, USSAV","Port Qasim/Karachi, SD, PKBQM",PKBQM,OOLU,OOCL,MT256104,DRY,16,4/1/2026,6/30/2026,5/16/2026,2823,2823,0,0,2823,2823
USDAL,USLAX,MYPGU,"Dallas, TX, USDAL","Los Angeles, CA, USLAX","Pasir Gudang, Johor, , MYPGU",MYPGU,OOLU,OOCL,MT256104,DRY,16,4/1/2026,6/30/2026,5/16/2026,1279,1279,0,0,1279,1279
USDAL,USLGB,MYPGU,"Dallas, TX, USDAL","Long Beach, CA, USLGB","Pasir Gudang, Johor, , MYPGU",MYPGU,OOLU,OOCL,MT256104,DRY,16,4/1/2026,6/30/2026,5/16/2026,1279,1279,0,0,1279,1279
USDAL,USLAX,MYPEN,"Dallas, TX, USDAL","Los Angeles, CA, USLAX","Penang, , MYPEN",MYPEN,OOLU,OOCL,MT256104,DRY,16,4/1/2026,6/30/2026,5/16/2026,835,835,0,0,835,835
USDAL,USLGB,MYPEN,"Dallas, TX, USDAL","Long Beach, CA, USLGB","Penang, , MYPEN",MYPEN,OOLU,OOCL,MT256104,DRY,16,4/1/2026,6/30/2026,5/16/2026,835,835,0,0,835,835
USDAL,USLAX,MYPKG,"Dallas, TX, USDAL","Los Angeles, CA, USLAX","Port Klang, 10, MYPKG",MYPKG,OOLU,OOCL,MT256104,DRY,16,4/1/2026,6/30/2026,5/16/2026,775,775,0,0,775,775
USDAL,USLGB,MYPKG,"Dallas, TX, USDAL","Long Beach, CA, USLGB","Port Klang, 10, MYPKG",MYPKG,OOLU,OOCL,MT256104,DRY,16,4/1/2026,6/30/2026,5/16/2026,775,775,0,0,775,775
USDAL,USLAX,INRJU,"Dallas, TX, USDAL","Los Angeles, CA, USLAX","Rajula, GJ, INRJU",INRJU,OOLU,OOCL,MT256104,DRY,16,4/1/2026,6/30/2026,5/16/2026,1635,1635,0,0,1635,1635
USDAL,USLGB,INRJU,"Dallas, TX, USDAL","Long Beach, CA, USLGB","Rajula, GJ, INRJU",INRJU,OOLU,OOCL,MT256104,DRY,16,4/1/2026,6/30/2026,5/16/2026,1635,1635,0,0,1635,1635
USDAL,USLAX,IDSRG,"Dallas, TX, USDAL","Los Angeles, CA, USLAX","Semarang, JT, IDSRG",IDSRG,OOLU,OOCL,MT256104,DRY,16,4/1/2026,6/30/2026,5/16/2026,1135,1135,0,0,1135,1135
USDAL,USLGB,IDSRG,"Dallas, TX, USDAL","Long Beach, CA, USLGB","Semarang, JT, IDSRG",IDSRG,OOLU,OOCL,MT256104,DRY,16,4/1/2026,6/30/2026,5/16/2026,1135,1135,0,0,1135,1135
USDAL,USLAX,KHKOS,"Dallas, TX, USDAL","Los Angeles, CA, USLAX","Sihanoukville (Kampong Saom), , KHKOS",KHKOS,OOLU,OOCL,MT256104,DRY,16,4/1/2026,6/30/2026,5/16/2026,1975,1975,0,0,1975,1975
USDAL,USLGB,KHKOS,"Dallas, TX, USDAL","Long Beach, CA, USLGB","Sihanoukville (Kampong Saom), , KHKOS",KHKOS,OOLU,OOCL,MT256104,DRY,16,4/1/2026,6/30/2026,5/16/2026,1975,1975,0,0,1975,1975
USDAL,USLAX,SGSIN,"Dallas, TX, USDAL","Los Angeles, CA, USLAX","Singapore, , SGSIN",SGSIN,OOLU,OOCL,MT256104,DRY,16,4/1/2026,6/30/2026,5/16/2026,835,835,0,0,835,835
USDAL,USLGB,SGSIN,"Dallas, TX, USDAL","Long Beach, CA, USLGB","Singapore, , SGSIN",SGSIN,OOLU,OOCL,MT256104,DRY,16,4/1/2026,6/30/2026,5/16/2026,835,835,0,0,835,835
USDAL,USLAX,IDSUB,"Dallas, TX, USDAL","Los Angeles, CA, USLAX","Surabaya, JI, IDSUB",IDSUB,OOLU,OOCL,MT256104,DRY,16,4/1/2026,6/30/2026,5/16/2026,1135,1135,0,0,1135,1135
USDAL,USLGB,IDSUB,"Dallas, TX, USDAL","Long Beach, CA, USLGB","Surabaya, JI, IDSUB",IDSUB,OOLU,OOCL,MT256104,DRY,16,4/1/2026,6/30/2026,5/16/2026,1135,1135,0,0,1135,1135
USDAL,USLAX,TWTXG,"Dallas, TX, USDAL","Los Angeles, CA, USLAX","Taichung, , TWTXG",TWTXG,OOLU,OOCL,MT256104,DRY,16,4/1/2026,6/30/2026,5/16/2026,840,840,0,0,840,840
USDAL,USLGB,TWTXG,"Dallas, TX, USDAL","Long Beach, CA, USLGB","Taichung, , TWTXG",TWTXG,OOLU,OOCL,MT256104,DRY,16,4/1/2026,6/30/2026,5/16/2026,840,840,0,0,840,840
USDAL,USLAX,TWTPE,"Dallas, TX, USDAL","Los Angeles, CA, USLAX","Taipei, TPE, TWTPE",TWTPE,OOLU,OOCL,MT256104,DRY,16,4/1/2026,6/30/2026,5/16/2026,760,760,0,0,760,760
USDAL,USLGB,TWTPE,"Dallas, TX, USDAL","Long Beach, CA, USLGB","Taipei, TPE, TWTPE",TWTPE,OOLU,OOCL,MT256104,DRY,16,4/1/2026,6/30/2026,5/16/2026,760,760,0,0,760,760
USDAL,USLAX,VNTTH,"Dallas, TX, USDAL","Los Angeles, CA, USLAX","Tan Thanh, 43, VNTTH",VNTTH,OOLU,OOCL,MT256104,DRY,16,4/1/2026,6/30/2026,5/16/2026,660,660,0,0,660,660
USDAL,USLGB,VNTTH,"Dallas, TX, USDAL","Long Beach, CA, USLGB","Tan Thanh, 43, VNTTH",VNTTH,OOLU,OOCL,MT256104,DRY,16,4/1/2026,6/30/2026,5/16/2026,660,660,0,0,660,660
USDAL,USLAX,INTUT,"Dallas, TX, USDAL","Los Angeles, CA, USLAX","Tuticorin, TN, INTUT",INTUT,OOLU,OOCL,MT256104,DRY,16,4/1/2026,6/30/2026,5/16/2026,1335,1335,0,0,1335,1335
USDAL,USLGB,INTUT,"Dallas, TX, USDAL","Long Beach, CA, USLGB","Tuticorin, TN, INTUT",INTUT,OOLU,OOCL,MT256104,DRY,16,4/1/2026,6/30/2026,5/16/2026,1335,1335,0,0,1335,1335
USDAL,USSAV,TRALI,"Dallas, TX, USDAL","Savannah, GA, USSAV","Aliaga, 35, TRALI",TRALI,OOLU,OOCL,MT256104,DRY,16,4/1/2026,6/30/2026,5/16/2026,2660,2660,0,0,2660,2660
USDAL,USSAV,EGEDK,"Dallas, TX, USDAL","Savannah, GA, USSAV","El Dekheila, , EGEDK",EGEDK,OOLU,OOCL,MT256104,DRY,16,4/1/2026,6/30/2026,5/16/2026,2685,2685,0,0,2685,2685
USDAL,USSAV,TRGEM,"Dallas, TX, USDAL","Savannah, GA, USSAV","Gemlik, 16, TRGEM",TRGEM,OOLU,OOCL,MT256104,DRY,16,4/1/2026,6/30/2026,5/16/2026,3635,3635,0,0,3635,3635
USDAL,USSAV,TRGEB,"Dallas, TX, USDAL","Savannah, GA, USSAV","Gebze, 41, TRGEB",TRGEB,OOLU,OOCL,MT256104,DRY,16,4/1/2026,6/30/2026,5/16/2026,3635,3635,0,0,3635,3635
USDAL,USSAV,TRISK,"Dallas, TX, USDAL","Savannah, GA, USSAV","Iskenderun, 31, TRISK",TRISK,OOLU,OOCL,MT256104,DRY,16,4/1/2026,6/30/2026,5/16/2026,2583,2583,0,0,2583,2583
USDAL,USSAV,TRIZM,"Dallas, TX, USDAL","Savannah, GA, USSAV","Izmir, 35, TRIZM",TRIZM,OOLU,OOCL,MT256104,DRY,16,4/1/2026,6/30/2026,5/16/2026,3060,3060,0,0,3060,3060
USDAL,USSAV,TRMER,"Dallas, TX, USDAL","Savannah, GA, USSAV","Mersin, 33, TRMER",TRMER,OOLU,OOCL,MT256104,DRY,16,4/1/2026,6/30/2026,5/16/2026,3102,3102,0,0,3102,3102
USDAL,USLAX,THBKK,"Dallas, TX, USDAL","Los Angeles, CA, USLAX","Bangkok, , THBKK",THBKK,YMJA,YML,051625,DRY,10,5/13/2026,6/30/2026,5/16/2026,1100,1100,0,0,1100,1100
USDAL,USLAX,CNBIH,"Dallas, TX, USDAL","Los Angeles, CA, USLAX","Beihai Pt, 32, CNBIH",CNBIH,YMJA,YML,051625,DRY,10,5/13/2026,6/30/2026,5/16/2026,1650,1650,0,0,1650,1650
USDAL,USLAX,AUBNE,"Dallas, TX, USDAL","Los Angeles, CA, USLAX","Brisbane, QLD, AUBNE",AUBNE,YMJA,YML,051625,DRY,10,5/13/2026,6/30/2026,5/16/2026,3000,3000,0,0,3000,3000
USDAL,USLAX,VNCMT,"Dallas, TX, USDAL","Los Angeles, CA, USLAX","Cai Mep Terminal, 43, VNCMT",VNCMT,YMJA,YML,051625,DRY,10,5/13/2026,6/30/2026,5/16/2026,1150,1150,0,0,1150,1150
USDAL,USLAX,VNCMT,"Dallas, TX, USDAL","Los Angeles, CA, USLAX","Cai Mep Terminal, 43, VNCMT",VNCMT,YMJA,YML,051625,DRY,10,5/13/2026,6/30/2026,5/16/2026,950,950,0,0,950,950
USDAL,USLAX,VNCLI,"Dallas, TX, USDAL","Los Angeles, CA, USLAX","Cat Lai, 65, VNCLI",VNCLI,YMJA,YML,051625,DRY,10,5/13/2026,6/30/2026,5/16/2026,975,975,0,0,975,975
USDAL,USLAX,CNCNA,"Dallas, TX, USDAL","Los Angeles, CA, USLAX","Changsha, 44, CNCNA",CNCNA,YMJA,YML,051625,DRY,10,5/13/2026,6/30/2026,5/16/2026,1200,1200,0,0,1200,1200
USDAL,USLAX,VNDAD,"Dallas, TX, USDAL","Los Angeles, CA, USLAX","Da Nang, , VNDAD",VNDAD,YMJA,YML,051625,DRY,10,5/13/2026,6/30/2026,5/16/2026,1380,1380,0,0,1380,1380
USDAL,USLAX,CNDLC,"Dallas, TX, USDAL","Los Angeles, CA, USLAX","Dalian, 21, CNDLC",CNDLC,YMJA,YML,051625,DRY,10,5/13/2026,5/31/2026,5/16/2026,950,950,0,0,950,950
USDAL,USLAX,CNDLC,"Dallas, TX, USDAL","Los Angeles, CA, USLAX","Dalian, 21, CNDLC",CNDLC,YMJA,YML,051625,DRY,10,5/13/2026,6/30/2026,5/16/2026,1050,1050,0,0,1050,1050
USDAL,USLAX,VNHPH,"Dallas, TX, USDAL","Los Angeles, CA, USLAX","Haiphong, , VNHPH",VNHPH,YMJA,YML,051625,DRY,10,5/13/2026,6/30/2026,5/16/2026,1050,1050,0,0,1050,1050
USDAL,USLAX,VNSGN,"Dallas, TX, USDAL","Los Angeles, CA, USLAX","Ho Chi Minh City, , VNSGN",VNSGN,YMJA,YML,051625,DRY,10,5/13/2026,6/30/2026,5/16/2026,975,975,0,0,975,975
USDAL,USLAX,HKHKG,"Dallas, TX, USDAL","Los Angeles, CA, USLAX","Hong Kong, , HKHKG",HKHKG,YMJA,YML,051625,DRY,10,5/13/2026,6/30/2026,5/16/2026,1150,1150,0,0,1150,1150
USDAL,USLAX,CNHUA,"Dallas, TX, USDAL","Los Angeles, CA, USLAX","Huangpu Pt, 44, CNHUA",CNHUA,YMJA,YML,051625,DRY,10,5/13/2026,6/30/2026,5/16/2026,1200,1200,0,0,1200,1200
USDAL,USLAX,CNGZG,"Dallas, TX, USDAL","Los Angeles, CA, USLAX","Guangzhou Pt, 22, CNGZG",CNGZG,YMJA,YML,051625,DRY,10,5/13/2026,6/30/2026,5/16/2026,1200,1200,0,0,1200,1200
USDAL,USLAX,KRINC,"Dallas, TX, USDAL","Los Angeles, CA, USLAX","Incheon, 28, KRINC",KRINC,YMJA,YML,051625,DRY,10,5/13/2026,6/30/2026,5/16/2026,1275,1275,0,0,1275,1275
USDAL,USLAX,KRINC,"Dallas, TX, USDAL","Los Angeles, CA, USLAX","Incheon, 28, KRINC",KRPUS,YMJA,YML,051625,DRY,10,5/13/2026,6/30/2026,5/16/2026,2080,2080,0,0,2080,2080
USDAL,USLAX,KRINC,"Dallas, TX, USDAL","Los Angeles, CA, USLAX","Incheon, 28, KRINC",KRKAN,YMJA,YML,051625,DRY,10,5/13/2026,6/30/2026,5/16/2026,2080,2080,0,0,2080,2080
USDAL,USLAX,KRINC,"Dallas, TX, USDAL","Los Angeles, CA, USLAX","Incheon, 28, KRINC",KRINC,YMJA,YML,051625,DRY,10,5/13/2026,6/30/2026,5/16/2026,950,950,0,0,950,950
USDAL,USLAX,IDJKT,"Dallas, TX, USDAL","Los Angeles, CA, USLAX","Jakarta, JK, IDJKT",IDJKT,YMJA,YML,051625,DRY,10,5/13/2026,6/30/2026,5/16/2026,1150,1150,0,0,1150,1150
USDAL,USLAX,AEJEA,"Dallas, TX, USDAL","Los Angeles, CA, USLAX","Jebel Ali, , AEJEA",AEJEA,YMJA,YML,051625,DRY,10,5/13/2026,6/30/2026,5/16/2026,3394,3394,0,0,3394,3394
USDAL,USLAX,TWKHH,"Dallas, TX, USDAL","Los Angeles, CA, USLAX","Kaohsiung, , TWKHH",TWKHH,YMJA,YML,051625,DRY,10,5/13/2026,6/30/2026,5/16/2026,1000,1000,0,0,1000,1000
USDAL,USLAX,TWKHH,"Dallas, TX, USDAL","Los Angeles, CA, USLAX","Kaohsiung, , TWKHH",TWKHH,YMJA,YML,051625,DRY,10,5/13/2026,6/30/2026,5/16/2026,900,900,0,0,900,900
USDAL,USLAX,TWKEL,"Dallas, TX, USDAL","Los Angeles, CA, USLAX","Keelung, , TWKEL",TWKEL,YMJA,YML,051625,DRY,10,5/13/2026,6/30/2026,5/16/2026,1000,1000,0,0,1000,1000
USDAL,USLAX,TWKEL,"Dallas, TX, USDAL","Los Angeles, CA, USLAX","Keelung, , TWKEL",TWKEL,YMJA,YML,051625,DRY,10,5/13/2026,6/30/2026,5/16/2026,900,900,0,0,900,900
USDAL,USLAX,JPUKB,"Dallas, TX, USDAL","Los Angeles, CA, USLAX","Kobe, 28, JPUKB",JPUKB,YMJA,YML,051625,DRY,10,5/13/2026,6/30/2026,5/16/2026,1150,1150,0,0,1150,1150
USDAL,USLAX,JPUKB,"Dallas, TX, USDAL","Los Angeles, CA, USLAX","Kobe, 28, JPUKB",JPUKB,YMJA,YML,051625,DRY,10,5/13/2026,6/30/2026,5/16/2026,950,950,0,0,950,950
USDAL,USLAX,KRKAN,"Dallas, TX, USDAL","Los Angeles, CA, USLAX","Gwangyang, 46, KRKAN",KRKAN,YMJA,YML,051625,DRY,10,5/13/2026,6/30/2026,5/16/2026,1275,1275,0,0,1275,1275
USDAL,USLAX,KRKAN,"Dallas, TX, USDAL","Los Angeles, CA, USLAX","Gwangyang, 46, KRKAN",KRKAN,YMJA,YML,051625,DRY,10,5/13/2026,6/30/2026,5/16/2026,950,950,0,0,950,950
USDAL,USLAX,VNNHD,"Dallas, TX, USDAL","Los Angeles, CA, USLAX","Nam Hai Dinh Vu Port, HP, VNNHD",VNNHD,YMJA,YML,051625,DRY,10,5/13/2026,6/30/2026,5/16/2026,950,950,0,0,950,950
USDAL,USLAX,THLCH,"Dallas, TX, USDAL","Los Angeles, CA, USLAX","Laem Chabang, 20, THLCH",THLCH,YMJA,YML,051625,DRY,10,5/13/2026,6/30/2026,5/16/2026,1150,1150,0,0,1150,1150
USDAL,USLAX,THLKR,"Dallas, TX, USDAL","Los Angeles, CA, USLAX","Lat Krabang, 10, THLKR",THLKR,YMJA,YML,051625,DRY,10,5/13/2026,6/30/2026,5/16/2026,1100,1100,0,0,1100,1100
USDAL,USLAX,AUMEL,"Dallas, TX, USDAL","Los Angeles, CA, USLAX","Melbourne, VIC, AUMEL",AUMEL,YMJA,YML,051625,DRY,10,5/13/2026,6/30/2026,5/16/2026,3000,3000,0,0,3000,3000
USDAL,USLAX,JPNGO,"Dallas, TX, USDAL","Los Angeles, CA, USLAX","Nagoya, Aichi, 23, JPNGO",JPNGO,YMJA,YML,051625,DRY,10,5/13/2026,6/30/2026,5/16/2026,1150,1150,0,0,1150,1150
USDAL,USLAX,JPNGO,"Dallas, TX, USDAL","Los Angeles, CA, USLAX","Nagoya, Aichi, 23, JPNGO",JPNGO,YMJA,YML,051625,DRY,10,5/13/2026,6/30/2026,5/16/2026,950,950,0,0,950,950
USDAL,USLAX,INNSA,"Dallas, TX, USDAL","Los Angeles, CA, USLAX","Nhava Sheva, MH, INNSA",INNSA,YMJA,YML,051625,DRY,10,5/13/2026,6/30/2026,5/16/2026,2375,2375,0,0,2375,2375
USDAL,USLAX,CNNBG,"Dallas, TX, USDAL","Los Angeles, CA, USLAX","Ningbo Pt, 33, CNNBG",CNNBG,YMJA,YML,051625,DRY,10,5/13/2026,6/30/2026,5/16/2026,1150,1150,0,0,1150,1150
USDAL,USLAX,CNNBG,"Dallas, TX, USDAL","Los Angeles, CA, USLAX","Ningbo Pt, 33, CNNBG",CNNBG,YMJA,YML,051625,DRY,10,5/13/2026,6/30/2026,5/16/2026,750,750,0,0,750,750
USDAL,USLAX,JPOSA,"Dallas, TX, USDAL","Los Angeles, CA, USLAX","Osaka, 27, JPOSA",JPUKB,YMJA,YML,051625,DRY,10,5/13/2026,6/30/2026,5/16/2026,1150,1150,0,0,1150,1150
USDAL,USLAX,MYPEN,"Dallas, TX, USDAL","Los Angeles, CA, USLAX","Penang, , MYPEN",MYPEN,YMJA,YML,051625,DRY,10,5/13/2026,6/30/2026,5/16/2026,1075,1075,0,0,1075,1075
USDAL,USLAX,INPAV,"Dallas, TX, USDAL","Los Angeles, CA, USLAX","Pipavav (Victor) Port, GJ, INPAV",INPAV,YMJA,YML,051625,DRY,10,5/13/2026,6/30/2026,5/16/2026,2375,2375,0,0,2375,2375
USDAL,USLAX,MYPKG,"Dallas, TX, USDAL","Los Angeles, CA, USLAX","Port Klang, 10, MYPKG",MYPKG,YMJA,YML,051625,DRY,10,5/13/2026,6/30/2026,5/16/2026,1075,1075,0,0,1075,1075
USDAL,USLAX,KRPUS,"Dallas, TX, USDAL","Los Angeles, CA, USLAX","Busan, 26, KRPUS",KRPUS,YMJA,YML,051625,DRY,10,5/13/2026,6/30/2026,5/16/2026,1150,1150,0,0,1150,1150
USDAL,USLAX,KRPUS,"Dallas, TX, USDAL","Los Angeles, CA, USLAX","Busan, 26, KRPUS",KRPUS,YMJA,YML,051625,DRY,10,5/13/2026,6/30/2026,5/16/2026,950,950,0,0,950,950
USDAL,USLAX,CNTAO,"Dallas, TX, USDAL","Los Angeles, CA, USLAX","Qingdao, 37, CNTAO",CNTAO,YMJA,YML,051625,DRY,10,5/13/2026,6/30/2026,5/16/2026,1150,1150,0,0,1150,1150
USDAL,USLAX,CNTAO,"Dallas, TX, USDAL","Los Angeles, CA, USLAX","Qingdao, 37, CNTAO",CNTAO,YMJA,YML,051625,DRY,10,5/13/2026,6/30/2026,5/16/2026,750,750,0,0,750,750
USDAL,USLAX,IDSRG,"Dallas, TX, USDAL","Los Angeles, CA, USLAX","Semarang, JT, IDSRG",IDSRG,YMJA,YML,051625,DRY,10,5/13/2026,6/30/2026,5/16/2026,1450,1450,0,0,1450,1450
USDAL,USLAX,CNSHA,"Dallas, TX, USDAL","Los Angeles, CA, USLAX","Shanghai, 31, CNSHA",CNSHA,YMJA,YML,051625,DRY,10,5/13/2026,6/30/2026,5/16/2026,1150,1150,0,0,1150,1150
USDAL,USLAX,CNSHA,"Dallas, TX, USDAL","Los Angeles, CA, USLAX","Shanghai, 31, CNSHA",CNSHA,YMJA,YML,051625,DRY,10,5/13/2026,6/30/2026,5/16/2026,750,750,0,0,750,750
USDAL,USLAX,CNSHK,"Dallas, TX, USDAL","Los Angeles, CA, USLAX","Shekou Pt, 44, CNSHK",CNSHK,YMJA,YML,051625,DRY,10,5/13/2026,6/30/2026,5/16/2026,1150,1150,0,0,1150,1150
USDAL,USLAX,JPSMZ,"Dallas, TX, USDAL","Los Angeles, CA, USLAX","Shimizu, 22, JPSMZ",JPSMZ,YMJA,YML,051625,DRY,10,5/13/2026,6/30/2026,5/16/2026,1150,1150,0,0,1150,1150
USDAL,USLAX,JPSMZ,"Dallas, TX, USDAL","Los Angeles, CA, USLAX","Shimizu, 22, JPSMZ",JPSMZ,YMJA,YML,051625,DRY,10,5/13/2026,6/30/2026,5/16/2026,950,950,0,0,950,950
USDAL,USLAX,SGSIN,"Dallas, TX, USDAL","Los Angeles, CA, USLAX","Singapore, , SGSIN",SGSIN,YMJA,YML,051625,DRY,10,5/13/2026,6/30/2026,5/16/2026,1150,1150,0,0,1150,1150
USDAL,USLAX,SGSIN,"Dallas, TX, USDAL","Los Angeles, CA, USLAX","Singapore, , SGSIN",SGSIN,YMJA,YML,051625,DRY,10,5/13/2026,6/30/2026,5/16/2026,950,950,0,0,950,950
USDAL,USLAX,THSBP,"Dallas, TX, USDAL","Los Angeles, CA, USLAX","Siam Bangkok Port, , THSBP",THSBP,YMJA,YML,051625,DRY,10,5/13/2026,6/30/2026,5/16/2026,1150,1150,0,0,1150,1150
USDAL,USLAX,IDSUB,"Dallas, TX, USDAL","Los Angeles, CA, USLAX","Surabaya, JI, IDSUB",IDSUB,YMJA,YML,051625,DRY,10,5/13/2026,6/30/2026,5/16/2026,1450,1450,0,0,1450,1450
USDAL,USLAX,AUSYD,"Dallas, TX, USDAL","Los Angeles, CA, USLAX","Sydney, NSW, AUSYD",AUSYD,YMJA,YML,051625,DRY,10,5/13/2026,6/30/2026,5/16/2026,3000,3000,0,0,3000,3000
USDAL,USLAX,TWTXG,"Dallas, TX, USDAL","Los Angeles, CA, USLAX","Taichung, , TWTXG",TWTXG,YMJA,YML,051625,DRY,10,5/13/2026,6/30/2026,5/16/2026,1000,1000,0,0,1000,1000
USDAL,USLAX,TWTYN,"Dallas, TX, USDAL","Los Angeles, CA, USLAX","Taoyuan, , TWTYN",TWTYN,YMJA,YML,051625,DRY,10,5/13/2026,6/30/2026,5/16/2026,1000,1000,0,0,1000,1000
USDAL,USLAX,JPTYO,"Dallas, TX, USDAL","Los Angeles, CA, USLAX","Tokyo, 13, JPTYO",JPTYO,YMJA,YML,051625,DRY,10,5/13/2026,6/30/2026,5/16/2026,1150,1150,0,0,1150,1150
USDAL,USLAX,JPTYO,"Dallas, TX, USDAL","Los Angeles, CA, USLAX","Tokyo, 13, JPTYO",JPTYO,YMJA,YML,051625,DRY,10,5/13/2026,6/30/2026,5/16/2026,950,950,0,0,950,950
USDAL,USLAX,CNXMN,"Dallas, TX, USDAL","Los Angeles, CA, USLAX","Xiamen, 35, CNXMN",CNXMN,YMJA,YML,051625,DRY,10,5/13/2026,6/30/2026,5/16/2026,1150,1150,0,0,1150,1150
USDAL,USLAX,CNXMN,"Dallas, TX, USDAL","Los Angeles, CA, USLAX","Xiamen, 35, CNXMN",CNXMN,YMJA,YML,051625,DRY,10,5/13/2026,6/30/2026,5/16/2026,850,850,0,0,850,850
USDAL,USLAX,CNTXG,"Dallas, TX, USDAL","Los Angeles, CA, USLAX","Tianjin Xingang Pt, 12, CNTXG",CNTXG,YMJA,YML,051625,DRY,10,5/13/2026,5/31/2026,5/16/2026,950,950,0,0,950,950
USDAL,USLAX,CNTXG,"Dallas, TX, USDAL","Los Angeles, CA, USLAX","Tianjin Xingang Pt, 12, CNTXG",CNTXG,YMJA,YML,051625,DRY,10,6/1/2026,6/30/2026,5/16/2026,1000,1000,0,0,1000,1000
USDAL,USLAX,CNYTN,"Dallas, TX, USDAL","Los Angeles, CA, USLAX","Yantian Pt, 44, CNYTN",CNYTN,YMJA,YML,051625,DRY,10,5/13/2026,6/30/2026,5/16/2026,1150,1150,0,0,1150,1150
USDAL,USLAX,CNYTN,"Dallas, TX, USDAL","Los Angeles, CA, USLAX","Yantian Pt, 44, CNYTN",CNYTN,YMJA,YML,051625,DRY,10,5/13/2026,6/30/2026,5/16/2026,850,850,0,0,850,850
USDAL,USLAX,JPYOK,"Dallas, TX, USDAL","Los Angeles, CA, USLAX","Yokohama, 14, JPYOK",JPYOK,YMJA,YML,051625,DRY,10,5/13/2026,6/30/2026,5/16/2026,1218,1218,0,0,1218,1218
USDEN,USOAK,VNCMT,"Denver, CO, USDEN","Oakland, CA, USOAK","Cai Mep Terminal, 43, VNCMT",VNCMT,YMJA,YML,051625,DRY,10,5/13/2026,6/30/2026,5/16/2026,1650,1650,0,0,1650,1650
USDEN,USOAK,CNDLC,"Denver, CO, USDEN","Oakland, CA, USOAK","Dalian, 21, CNDLC",CNDLC,YMJA,YML,051625,DRY,10,5/13/2026,6/30/2026,5/16/2026,1650,1650,0,0,1650,1650
USDEN,USOAK,HKHKG,"Denver, CO, USDEN","Oakland, CA, USOAK","Hong Kong, , HKHKG",HKHKG,YMJA,YML,051625,DRY,10,5/13/2026,6/30/2026,5/16/2026,1875,1875,0,0,1875,1875
USDEN,USTIW,HKHKG,"Denver, CO, USDEN","Tacoma, WA, USTIW","Hong Kong, , HKHKG",HKHKG,YMJA,YML,051625,DRY,10,5/13/2026,6/30/2026,5/16/2026,1875,1875,0,0,1875,1875
USDEN,USOAK,KRINC,"Denver, CO, USDEN","Oakland, CA, USOAK","Incheon, 28, KRINC",KRINC,YMJA,YML,051625,DRY,10,5/13/2026,6/30/2026,5/16/2026,1650,1650,0,0,1650,1650
USDEN,USOAK,TWKHH,"Denver, CO, USDEN","Oakland, CA, USOAK","Kaohsiung, , TWKHH",TWKHH,YMJA,YML,051625,DRY,10,5/13/2026,6/30/2026,5/16/2026,1500,1500,0,0,1500,1500
USDEN,USTIW,TWKHH,"Denver, CO, USDEN","Tacoma, WA, USTIW","Kaohsiung, , TWKHH",TWKHH,YMJA,YML,051625,DRY,10,5/13/2026,6/30/2026,5/16/2026,1500,1500,0,0,1500,1500
USDEN,USOAK,TWKEL,"Denver, CO, USDEN","Oakland, CA, USOAK","Keelung, , TWKEL",TWKEL,YMJA,YML,051625,DRY,10,5/13/2026,6/30/2026,5/16/2026,1500,1500,0,0,1500,1500
USDEN,USOAK,JPUKB,"Denver, CO, USDEN","Oakland, CA, USOAK","Kobe, 28, JPUKB",JPUKB,YMJA,YML,051625,DRY,10,5/13/2026,6/30/2026,5/16/2026,1650,1650,0,0,1650,1650
USDEN,USTIW,JPUKB,"Denver, CO, USDEN","Tacoma, WA, USTIW","Kobe, 28, JPUKB",JPUKB,YMJA,YML,051625,DRY,10,5/13/2026,6/30/2026,5/16/2026,1650,1650,0,0,1650,1650
USDEN,USOAK,KRKAN,"Denver, CO, USDEN","Oakland, CA, USOAK","Gwangyang, 46, KRKAN",KRKAN,YMJA,YML,051625,DRY,10,5/13/2026,6/30/2026,5/16/2026,1650,1650,0,0,1650,1650
USDEN,USOAK,THLCH,"Denver, CO, USDEN","Oakland, CA, USOAK","Laem Chabang, 20, THLCH",THLCH,YMJA,YML,051625,DRY,10,5/13/2026,6/30/2026,5/16/2026,1750,1750,0,0,1750,1750
USDEN,USTIW,THLCH,"Denver, CO, USDEN","Tacoma, WA, USTIW","Laem Chabang, 20, THLCH",THLCH,YMJA,YML,051625,DRY,10,5/13/2026,6/30/2026,5/16/2026,1750,1750,0,0,1750,1750
USDEN,USOAK,JPNGO,"Denver, CO, USDEN","Oakland, CA, USOAK","Nagoya, Aichi, 23, JPNGO",JPNGO,YMJA,YML,051625,DRY,10,5/13/2026,6/30/2026,5/16/2026,1650,1650,0,0,1650,1650
USDEN,USTIW,JPNGO,"Denver, CO, USDEN","Tacoma, WA, USTIW","Nagoya, Aichi, 23, JPNGO",JPNGO,YMJA,YML,051625,DRY,10,5/13/2026,6/30/2026,5/16/2026,1650,1650,0,0,1650,1650
USDEN,USOAK,INNSA,"Denver, CO, USDEN","Oakland, CA, USOAK","Nhava Sheva, MH, INNSA",INNSA,YMJA,YML,051625,DRY,10,5/13/2026,6/30/2026,5/16/2026,2650,2650,0,0,2650,2650
USDEN,USOAK,CNNBG,"Denver, CO, USDEN","Oakland, CA, USOAK","Ningbo Pt, 33, CNNBG",CNNBG,YMJA,YML,051625,DRY,10,5/13/2026,6/30/2026,5/16/2026,1650,1650,0,0,1650,1650
USDEN,USTIW,CNNBG,"Denver, CO, USDEN","Tacoma, WA, USTIW","Ningbo Pt, 33, CNNBG",CNNBG,YMJA,YML,051625,DRY,10,5/13/2026,6/30/2026,5/16/2026,1650,1650,0,0,1650,1650
USDEN,USOAK,CNNBG,"Denver, CO, USDEN","Oakland, CA, USOAK","Ningbo Pt, 33, CNNBG",CNNBG,YMJA,YML,051625,DRY,10,5/13/2026,6/30/2026,5/16/2026,1100,1100,0,0,1100,1100
USDEN,USTIW,CNNBG,"Denver, CO, USDEN","Tacoma, WA, USTIW","Ningbo Pt, 33, CNNBG",CNNBG,YMJA,YML,051625,DRY,10,5/13/2026,6/30/2026,5/16/2026,1100,1100,0,0,1100,1100
USDEN,USOAK,INPAV,"Denver, CO, USDEN","Oakland, CA, USOAK","Pipavav (Victor) Port, GJ, INPAV",INPAV,YMJA,YML,051625,DRY,10,5/13/2026,6/30/2026,5/16/2026,2650,2650,0,0,2650,2650
USDEN,USOAK,KRPUS,"Denver, CO, USDEN","Oakland, CA, USOAK","Busan, 26, KRPUS",KRPUS,YMJA,YML,051625,DRY,10,5/13/2026,6/30/2026,5/16/2026,1650,1650,0,0,1650,1650
USDEN,USOAK,CNTAO,"Denver, CO, USDEN","Oakland, CA, USOAK","Qingdao, 37, CNTAO",CNTAO,YMJA,YML,051625,DRY,10,5/13/2026,6/30/2026,5/16/2026,1650,1650,0,0,1650,1650
USDEN,USOAK,CNSHA,"Denver, CO, USDEN","Oakland, CA, USOAK","Shanghai, 31, CNSHA",CNSHA,YMJA,YML,051625,DRY,10,5/13/2026,6/30/2026,5/16/2026,1650,1650,0,0,1650,1650
USDEN,USTIW,CNSHA,"Denver, CO, USDEN","Tacoma, WA, USTIW","Shanghai, 31, CNSHA",CNSHA,YMJA,YML,051625,DRY,10,5/13/2026,6/30/2026,5/16/2026,1650,1650,0,0,1650,1650
USDEN,USOAK,CNSHA,"Denver, CO, USDEN","Oakland, CA, USOAK","Shanghai, 31, CNSHA",CNSHA,YMJA,YML,051625,DRY,10,5/13/2026,6/30/2026,5/16/2026,1350,1350,0,0,1350,1350
USDEN,USTIW,CNSHA,"Denver, CO, USDEN","Tacoma, WA, USTIW","Shanghai, 31, CNSHA",CNSHA,YMJA,YML,051625,DRY,10,5/13/2026,6/30/2026,5/16/2026,1350,1350,0,0,1350,1350
USDEN,USOAK,CNSHK,"Denver, CO, USDEN","Oakland, CA, USOAK","Shekou Pt, 44, CNSHK",CNSHK,YMJA,YML,051625,DRY,10,5/13/2026,6/30/2026,5/16/2026,1650,1650,0,0,1650,1650
USDEN,USOAK,JPSMZ,"Denver, CO, USDEN","Oakland, CA, USOAK","Shimizu, 22, JPSMZ",JPSMZ,YMJA,YML,051625,DRY,10,5/13/2026,6/30/2026,5/16/2026,1650,1650,0,0,1650,1650
USDEN,USTIW,SGSIN,"Denver, CO, USDEN","Tacoma, WA, USTIW","Singapore, , SGSIN",SGSIN,YMJA,YML,051625,DRY,10,5/13/2026,6/30/2026,5/16/2026,1650,1650,0,0,1650,1650
USDEN,USOAK,JPTYO,"Denver, CO, USDEN","Oakland, CA, USOAK","Tokyo, 13, JPTYO",JPTYO,YMJA,YML,051625,DRY,10,5/13/2026,6/30/2026,5/16/2026,1650,1650,0,0,1650,1650
USDEN,USTIW,JPTYO,"Denver, CO, USDEN","Tacoma, WA, USTIW","Tokyo, 13, JPTYO",JPTYO,YMJA,YML,051625,DRY,10,5/13/2026,6/30/2026,5/16/2026,1650,1650,0,0,1650,1650
USDEN,USTIW,CNXMN,"Denver, CO, USDEN","Tacoma, WA, USTIW","Xiamen, 35, CNXMN",CNXMN,YMJA,YML,051625,DRY,10,5/13/2026,6/30/2026,5/16/2026,1650,1650,0,0,1650,1650
USDEN,USOAK,CNTXG,"Denver, CO, USDEN","Oakland, CA, USOAK","Tianjin Xingang Pt, 12, CNTXG",CNTXG,YMJA,YML,051625,DRY,10,5/13/2026,6/30/2026,5/16/2026,1650,1650,0,0,1650,1650
USDEN,USOAK,CNYTN,"Denver, CO, USDEN","Oakland, CA, USOAK","Yantian Pt, 44, CNYTN",CNYTN,YMJA,YML,051625,DRY,10,5/13/2026,6/30/2026,5/16/2026,1650,1650,0,0,1650,1650
USDEN,USTIW,CNYTN,"Denver, CO, USDEN","Tacoma, WA, USTIW","Yantian Pt, 44, CNYTN",CNYTN,YMJA,YML,051625,DRY,10,5/13/2026,6/30/2026,5/16/2026,1650,1650,0,0,1650,1650
USPHX,USLAX,KRKAN,"Phoenix, AZ, USPHX","Los Angeles, CA, USLAX","Gwangyang, 46, KRKAN",KRKAN,ONEY,ONE,CHIM354B25,DRY,15,5/16/2026,6/30/2026,5/6/2026,1785,1785,0,0,1785,1785
USPHX,USLAX,VNSGN,"Phoenix, AZ, USPHX","Los Angeles, CA, USLAX","Ho Chi Minh City, , VNSGN",VNSGN,ONEY,ONE,CHIM354B25,DRY,15,5/16/2026,6/30/2026,5/6/2026,1725,1725,0,0,1725,1725
